run_id,circuit_id,instance_id,producer_id,producer_precision,producer_tolerance,step_size,steps,slab_length,replicate,method,input_sha256,producer_trace_sha256,candidate_sha256,tube_sha256,backend_sha256,semantics_sha256,scaling_sha256,ordering_sha256,factor_sha256,threads,hardware_id,checker_verdict,failure_code,oracle_root_in_tube,confirmed_false_accept,certification_rate,certified_prefix_steps,tube_max_relative_width,tube_growth_rate,inclusion_margin_min,assembly_seconds,verified_solve_seconds,operator_propagation_seconds,certificate_generation_seconds,check_seconds,fallback_seconds,end_to_end_seconds,peak_rss_bytes,certificate_bytes,raw_trajectory_bytes
7c62eb6284426c665c6d,diode_rc,nominal,residual-stopped-damped-newton-v1,float64,1e-10,1e-05,100,1,0,dense_slab_generic,39589e9895dd1b01c113dbebf271a9fa46c6c3d05f7cb8c2ede6ce2c52a1300a,f74663fa17b6c7ef1fbfd7b9edc06df1d565b838321ed82f5bcd90def847e014,b1680fafef8328bbf568bd6c1b534a73f58879fe1c1d76e6c4e8795b3e5f0d69,771d5984b1c7713f36b06fc0a9c1dd76f6de1a6e43c6329f090eca5ab010087c,b24939bba54ce9d155451029bc1315cf08a593e440e4d23ff1e75017ef8131d7,60fe305ae90cfb9e6a200feba6116f7e516f4c991c899008a3c3d808c4fd1faf,bc021bca6d413e71f8593a42ffa78b54c2588dd6f2a9ab06c8049b7ae8dabe10,09a8d9fdabbb0e2bf8aa701a732739cac2b1b05e14954de3ae53bec5d0b6f887,3d79efbc8e9d4f08ab64df8970ba519840e66ebfe65a4dc04fffc5e904c6a67f,1,d3f5d5c29df3e348a78bd03ae127819c1fe869b0ff01a095bd75ffa2d1dd2dd8,UNKNOWN,SLAB_STRICT_INCLUSION_FAILED,False,False,0.54,10,7.937959178860865e-10,1.0,-3.889680799673556e-10,0.487530173000323,0.0,0.0732419119988208,0.017949353000176416,0.5607720849991438,0.0,0.5787214379993202,23855104,24695,4871
da56033b719f5ca4b2b4,diode_rc,nominal,residual-stopped-damped-newton-v1,float64,1e-10,1e-05,100,1,0,device_local_pointwise_b2,39589e9895dd1b01c113dbebf271a9fa46c6c3d05f7cb8c2ede6ce2c52a1300a,f74663fa17b6c7ef1fbfd7b9edc06df1d565b838321ed82f5bcd90def847e014,b1680fafef8328bbf568bd6c1b534a73f58879fe1c1d76e6c4e8795b3e5f0d69,771d5984b1c7713f36b06fc0a9c1dd76f6de1a6e43c6329f090eca5ab010087c,b24939bba54ce9d155451029bc1315cf08a593e440e4d23ff1e75017ef8131d7,60fe305ae90cfb9e6a200feba6116f7e516f4c991c899008a3c3d808c4fd1faf,bc021bca6d413e71f8593a42ffa78b54c2588dd6f2a9ab06c8049b7ae8dabe10,09a8d9fdabbb0e2bf8aa701a732739cac2b1b05e14954de3ae53bec5d0b6f887,3d79efbc8e9d4f08ab64df8970ba519840e66ebfe65a4dc04fffc5e904c6a67f,1,d3f5d5c29df3e348a78bd03ae127819c1fe869b0ff01a095bd75ffa2d1dd2dd8,UNKNOWN,B2_STRICT_INCLUSION_FAILED,False,False,0.54,10,7.937959178860865e-10,1.0,-3.889680799673556e-10,0.29315135400020154,0.17824071300060496,0.0,0.0171819349998259,0.4713920670008065,0.0,0.4885740020006324,23855104,24695,4871
7fe25fa2d95593665a84,diode_rc,nominal,residual-stopped-damped-newton-v1,float64,1e-10,1e-05,100,1,0,temporal_only,39589e9895dd1b01c113dbebf271a9fa46c6c3d05f7cb8c2ede6ce2c52a1300a,f74663fa17b6c7ef1fbfd7b9edc06df1d565b838321ed82f5bcd90def847e014,b1680fafef8328bbf568bd6c1b534a73f58879fe1c1d76e6c4e8795b3e5f0d69,771d5984b1c7713f36b06fc0a9c1dd76f6de1a6e43c6329f090eca5ab010087c,b24939bba54ce9d155451029bc1315cf08a593e440e4d23ff1e75017ef8131d7,60fe305ae90cfb9e6a200feba6116f7e516f4c991c899008a3c3d808c4fd1faf,bc021bca6d413e71f8593a42ffa78b54c2588dd6f2a9ab06c8049b7ae8dabe10,09a8d9fdabbb0e2bf8aa701a732739cac2b1b05e14954de3ae53bec5d0b6f887,3d79efbc8e9d4f08ab64df8970ba519840e66ebfe65a4dc04fffc5e904c6a67f,1,d3f5d5c29df3e348a78bd03ae127819c1fe869b0ff01a095bd75ffa2d1dd2dd8,UNKNOWN,SLAB_STRICT_INCLUSION_FAILED,False,False,0.54,10,7.937959178860865e-10,1.0,-3.889680799673556e-10,0.4269075399979556,0.0,0.06265173600149865,0.017448552996484068,0.48955927599945426,0.0,0.5070078289959383,23724032,24695,4871
b0a67ec93e8ff11889f9,diode_rc,nominal,residual-stopped-damped-newton-v1,float64,1e-10,1e-05,100,1,0,temporal_device_blockstamp,39589e9895dd1b01c113dbebf271a9fa46c6c3d05f7cb8c2ede6ce2c52a1300a,f74663fa17b6c7ef1fbfd7b9edc06df1d565b838321ed82f5bcd90def847e014,b1680fafef8328bbf568bd6c1b534a73f58879fe1c1d76e6c4e8795b3e5f0d69,771d5984b1c7713f36b06fc0a9c1dd76f6de1a6e43c6329f090eca5ab010087c,b24939bba54ce9d155451029bc1315cf08a593e440e4d23ff1e75017ef8131d7,60fe305ae90cfb9e6a200feba6116f7e516f4c991c899008a3c3d808c4fd1faf,bc021bca6d413e71f8593a42ffa78b54c2588dd6f2a9ab06c8049b7ae8dabe10,09a8d9fdabbb0e2bf8aa701a732739cac2b1b05e14954de3ae53bec5d0b6f887,3d79efbc8e9d4f08ab64df8970ba519840e66ebfe65a4dc04fffc5e904c6a67f,1,d3f5d5c29df3e348a78bd03ae127819c1fe869b0ff01a095bd75ffa2d1dd2dd8,UNKNOWN,SLAB_STRICT_INCLUSION_FAILED,False,False,0.54,10,7.937959178860865e-10,1.0,-3.889680799673556e-10,0.43040657899655343,0.0,0.06537039999784611,0.025408295002307568,0.49577697899439954,0.0,0.5211852739967071,23724032,24695,4871
f9c42169afa684c9364c,diode_rc,nominal,residual-stopped-damped-newton-v1,float64,1e-10,1e-05,100,2,0,dense_slab_generic,39589e9895dd1b01c113dbebf271a9fa46c6c3d05f7cb8c2ede6ce2c52a1300a,f74663fa17b6c7ef1fbfd7b9edc06df1d565b838321ed82f5bcd90def847e014,b1680fafef8328bbf568bd6c1b534a73f58879fe1c1d76e6c4e8795b3e5f0d69,771d5984b1c7713f36b06fc0a9c1dd76f6de1a6e43c6329f090eca5ab010087c,b24939bba54ce9d155451029bc1315cf08a593e440e4d23ff1e75017ef8131d7,60fe305ae90cfb9e6a200feba6116f7e516f4c991c899008a3c3d808c4fd1faf,bc021bca6d413e71f8593a42ffa78b54c2588dd6f2a9ab06c8049b7ae8dabe10,09a8d9fdabbb0e2bf8aa701a732739cac2b1b05e14954de3ae53bec5d0b6f887,3d79efbc8e9d4f08ab64df8970ba519840e66ebfe65a4dc04fffc5e904c6a67f,1,d3f5d5c29df3e348a78bd03ae127819c1fe869b0ff01a095bd75ffa2d1dd2dd8,UNKNOWN,SLAB_STRICT_INCLUSION_FAILED,False,False,0.54,10,7.937959178860865e-10,1.0,-4.3313969078084824e-10,0.373688099001356,0.0,0.06807323400289533,0.01603268599637886,0.44176133300425136,0.0,0.4577940190006302,23724032,24695,4871
83e61e88a744fc7ff61b,diode_rc,nominal,residual-stopped-damped-newton-v1,float64,1e-10,1e-05,100,2,0,device_local_pointwise_b2,39589e9895dd1b01c113dbebf271a9fa46c6c3d05f7cb8c2ede6ce2c52a1300a,f74663fa17b6c7ef1fbfd7b9edc06df1d565b838321ed82f5bcd90def847e014,b1680fafef8328bbf568bd6c1b534a73f58879fe1c1d76e6c4e8795b3e5f0d69,771d5984b1c7713f36b06fc0a9c1dd76f6de1a6e43c6329f090eca5ab010087c,b24939bba54ce9d155451029bc1315cf08a593e440e4d23ff1e75017ef8131d7,60fe305ae90cfb9e6a200feba6116f7e516f4c991c899008a3c3d808c4fd1faf,bc021bca6d413e71f8593a42ffa78b54c2588dd6f2a9ab06c8049b7ae8dabe10,09a8d9fdabbb0e2bf8aa701a732739cac2b1b05e14954de3ae53bec5d0b6f887,3d79efbc8e9d4f08ab64df8970ba519840e66ebfe65a4dc04fffc5e904c6a67f,1,d3f5d5c29df3e348a78bd03ae127819c1fe869b0ff01a095bd75ffa2d1dd2dd8,UNKNOWN,B2_STRICT_INCLUSION_FAILED,False,False,0.54,10,7.937959178860865e-10,1.0,-3.889680799673556e-10,0.333539066000867,0.20482896400289974,0.0,0.02085450299864533,0.5383680300037668,0.0,0.5592225330024121,23855104,24695,4871
690bcb40a1ef2a0cc78d,diode_rc,nominal,residual-stopped-damped-newton-v1,float64,1e-10,1e-05,100,2,0,temporal_only,39589e9895dd1b01c113dbebf271a9fa46c6c3d05f7cb8c2ede6ce2c52a1300a,f74663fa17b6c7ef1fbfd7b9edc06df1d565b838321ed82f5bcd90def847e014,b1680fafef8328bbf568bd6c1b534a73f58879fe1c1d76e6c4e8795b3e5f0d69,771d5984b1c7713f36b06fc0a9c1dd76f6de1a6e43c6329f090eca5ab010087c,b24939bba54ce9d155451029bc1315cf08a593e440e4d23ff1e75017ef8131d7,60fe305ae90cfb9e6a200feba6116f7e516f4c991c899008a3c3d808c4fd1faf,bc021bca6d413e71f8593a42ffa78b54c2588dd6f2a9ab06c8049b7ae8dabe10,09a8d9fdabbb0e2bf8aa701a732739cac2b1b05e14954de3ae53bec5d0b6f887,3d79efbc8e9d4f08ab64df8970ba519840e66ebfe65a4dc04fffc5e904c6a67f,1,d3f5d5c29df3e348a78bd03ae127819c1fe869b0ff01a095bd75ffa2d1dd2dd8,UNKNOWN,SLAB_STRICT_INCLUSION_FAILED,False,False,0.54,10,7.937959178860865e-10,1.0,-4.3313969078084824e-10,0.41959146000181136,0.0,0.08911953800043193,0.017655589001151384,0.5087109980022433,0.0,0.5263665870033947,23986176,24695,4871
af05ef2c3ae754855c8c,diode_rc,nominal,residual-stopped-damped-newton-v1,float64,1e-10,1e-05,100,2,0,temporal_device_blockstamp,39589e9895dd1b01c113dbebf271a9fa46c6c3d05f7cb8c2ede6ce2c52a1300a,f74663fa17b6c7ef1fbfd7b9edc06df1d565b838321ed82f5bcd90def847e014,b1680fafef8328bbf568bd6c1b534a73f58879fe1c1d76e6c4e8795b3e5f0d69,771d5984b1c7713f36b06fc0a9c1dd76f6de1a6e43c6329f090eca5ab010087c,b24939bba54ce9d155451029bc1315cf08a593e440e4d23ff1e75017ef8131d7,60fe305ae90cfb9e6a200feba6116f7e516f4c991c899008a3c3d808c4fd1faf,bc021bca6d413e71f8593a42ffa78b54c2588dd6f2a9ab06c8049b7ae8dabe10,09a8d9fdabbb0e2bf8aa701a732739cac2b1b05e14954de3ae53bec5d0b6f887,3d79efbc8e9d4f08ab64df8970ba519840e66ebfe65a4dc04fffc5e904c6a67f,1,d3f5d5c29df3e348a78bd03ae127819c1fe869b0ff01a095bd75ffa2d1dd2dd8,UNKNOWN,SLAB_STRICT_INCLUSION_FAILED,False,False,0.54,10,7.937959178860865e-10,1.0,-4.3313969078084824e-10,0.42069937800033586,0.0,0.09231745700117244,0.017414022003777063,0.5130168350015083,0.0,0.5304308570052854,23855104,24695,4871
428066777e63895f9144,diode_rc,nominal,residual-stopped-damped-newton-v1,float64,1e-10,1e-05,100,4,0,dense_slab_generic,39589e9895dd1b01c113dbebf271a9fa46c6c3d05f7cb8c2ede6ce2c52a1300a,f74663fa17b6c7ef1fbfd7b9edc06df1d565b838321ed82f5bcd90def847e014,b1680fafef8328bbf568bd6c1b534a73f58879fe1c1d76e6c4e8795b3e5f0d69,771d5984b1c7713f36b06fc0a9c1dd76f6de1a6e43c6329f090eca5ab010087c,b24939bba54ce9d155451029bc1315cf08a593e440e4d23ff1e75017ef8131d7,60fe305ae90cfb9e6a200feba6116f7e516f4c991c899008a3c3d808c4fd1faf,bc021bca6d413e71f8593a42ffa78b54c2588dd6f2a9ab06c8049b7ae8dabe10,09a8d9fdabbb0e2bf8aa701a732739cac2b1b05e14954de3ae53bec5d0b6f887,3d79efbc8e9d4f08ab64df8970ba519840e66ebfe65a4dc04fffc5e904c6a67f,1,d3f5d5c29df3e348a78bd03ae127819c1fe869b0ff01a095bd75ffa2d1dd2dd8,UNKNOWN,SLAB_STRICT_INCLUSION_FAILED,False,False,0.56,12,7.937959178860865e-10,1.0,-5.028059635314719e-10,0.4126347300002635,0.0,0.08530123199943773,0.01840017799895577,0.49793596199970125,0.0,0.516336139998657,23855104,24695,4871
f88a815b94840e6c3796,diode_rc,nominal,residual-stopped-damped-newton-v1,float64,1e-10,1e-05,100,4,0,device_local_pointwise_b2,39589e9895dd1b01c113dbebf271a9fa46c6c3d05f7cb8c2ede6ce2c52a1300a,f74663fa17b6c7ef1fbfd7b9edc06df1d565b838321ed82f5bcd90def847e014,b1680fafef8328bbf568bd6c1b534a73f58879fe1c1d76e6c4e8795b3e5f0d69,771d5984b1c7713f36b06fc0a9c1dd76f6de1a6e43c6329f090eca5ab010087c,b24939bba54ce9d155451029bc1315cf08a593e440e4d23ff1e75017ef8131d7,60fe305ae90cfb9e6a200feba6116f7e516f4c991c899008a3c3d808c4fd1faf,bc021bca6d413e71f8593a42ffa78b54c2588dd6f2a9ab06c8049b7ae8dabe10,09a8d9fdabbb0e2bf8aa701a732739cac2b1b05e14954de3ae53bec5d0b6f887,3d79efbc8e9d4f08ab64df8970ba519840e66ebfe65a4dc04fffc5e904c6a67f,1,d3f5d5c29df3e348a78bd03ae127819c1fe869b0ff01a095bd75ffa2d1dd2dd8,UNKNOWN,B2_STRICT_INCLUSION_FAILED,False,False,0.54,10,7.937959178860865e-10,1.0,-3.889680799673556e-10,0.2924689040019075,0.1784523729998,0.0,0.01791268599754403,0.4709212770017075,0.0,0.4888339629992515,23724032,24695,4871
3ab321f1d0bf0fc841fb,diode_rc,nominal,residual-stopped-damped-newton-v1,float64,1e-10,1e-05,100,4,0,temporal_only,39589e9895dd1b01c113dbebf271a9fa46c6c3d05f7cb8c2ede6ce2c52a1300a,f74663fa17b6c7ef1fbfd7b9edc06df1d565b838321ed82f5bcd90def847e014,b1680fafef8328bbf568bd6c1b534a73f58879fe1c1d76e6c4e8795b3e5f0d69,771d5984b1c7713f36b06fc0a9c1dd76f6de1a6e43c6329f090eca5ab010087c,b24939bba54ce9d155451029bc1315cf08a593e440e4d23ff1e75017ef8131d7,60fe305ae90cfb9e6a200feba6116f7e516f4c991c899008a3c3d808c4fd1faf,bc021bca6d413e71f8593a42ffa78b54c2588dd6f2a9ab06c8049b7ae8dabe10,09a8d9fdabbb0e2bf8aa701a732739cac2b1b05e14954de3ae53bec5d0b6f887,3d79efbc8e9d4f08ab64df8970ba519840e66ebfe65a4dc04fffc5e904c6a67f,1,d3f5d5c29df3e348a78bd03ae127819c1fe869b0ff01a095bd75ffa2d1dd2dd8,UNKNOWN,SLAB_STRICT_INCLUSION_FAILED,False,False,0.56,12,7.937959178860865e-10,1.0,-5.028059635314719e-10,0.4000646440008495,0.0,0.10396462600010636,0.017340787999273743,0.5040292700009559,0.0,0.5213700580002296,23986176,24695,4871
c81eaade4f3a51be54ac,diode_rc,nominal,residual-stopped-damped-newton-v1,float64,1e-10,1e-05,100,4,0,temporal_device_blockstamp,39589e9895dd1b01c113dbebf271a9fa46c6c3d05f7cb8c2ede6ce2c52a1300a,f74663fa17b6c7ef1fbfd7b9edc06df1d565b838321ed82f5bcd90def847e014,b1680fafef8328bbf568bd6c1b534a73f58879fe1c1d76e6c4e8795b3e5f0d69,771d5984b1c7713f36b06fc0a9c1dd76f6de1a6e43c6329f090eca5ab010087c,b24939bba54ce9d155451029bc1315cf08a593e440e4d23ff1e75017ef8131d7,60fe305ae90cfb9e6a200feba6116f7e516f4c991c899008a3c3d808c4fd1faf,bc021bca6d413e71f8593a42ffa78b54c2588dd6f2a9ab06c8049b7ae8dabe10,09a8d9fdabbb0e2bf8aa701a732739cac2b1b05e14954de3ae53bec5d0b6f887,3d79efbc8e9d4f08ab64df8970ba519840e66ebfe65a4dc04fffc5e904c6a67f,1,d3f5d5c29df3e348a78bd03ae127819c1fe869b0ff01a095bd75ffa2d1dd2dd8,UNKNOWN,SLAB_STRICT_INCLUSION_FAILED,False,False,0.56,12,7.937959178860865e-10,1.0,-5.028059635314719e-10,0.40784554800075057,0.0,0.10699393799950485,0.017084954997699242,0.5148394860002554,0.0,0.5319244409979547,23724032,24695,4871
ee54d7146617f8c1e3b3,diode_rc,nominal,residual-stopped-damped-newton-v1,float64,1e-10,1e-05,100,8,0,dense_slab_generic,39589e9895dd1b01c113dbebf271a9fa46c6c3d05f7cb8c2ede6ce2c52a1300a,f74663fa17b6c7ef1fbfd7b9edc06df1d565b838321ed82f5bcd90def847e014,b1680fafef8328bbf568bd6c1b534a73f58879fe1c1d76e6c4e8795b3e5f0d69,771d5984b1c7713f36b06fc0a9c1dd76f6de1a6e43c6329f090eca5ab010087c,b24939bba54ce9d155451029bc1315cf08a593e440e4d23ff1e75017ef8131d7,60fe305ae90cfb9e6a200feba6116f7e516f4c991c899008a3c3d808c4fd1faf,bc021bca6d413e71f8593a42ffa78b54c2588dd6f2a9ab06c8049b7ae8dabe10,09a8d9fdabbb0e2bf8aa701a732739cac2b1b05e14954de3ae53bec5d0b6f887,3d79efbc8e9d4f08ab64df8970ba519840e66ebfe65a4dc04fffc5e904c6a67f,1,d3f5d5c29df3e348a78bd03ae127819c1fe869b0ff01a095bd75ffa2d1dd2dd8,UNKNOWN,SLAB_STRICT_INCLUSION_FAILED,False,False,0.52,8,7.937959178860865e-10,1.0,-5.889867482622435e-10,0.42697187300018413,0.0,0.09289140400005635,0.018084568002905144,0.5198632770002405,0.0,0.5379478450031456,23855104,24695,4871
5c7013cb05c7325731e7,diode_rc,nominal,residual-stopped-damped-newton-v1,float64,1e-10,1e-05,100,8,0,device_local_pointwise_b2,39589e9895dd1b01c113dbebf271a9fa46c6c3d05f7cb8c2ede6ce2c52a1300a,f74663fa17b6c7ef1fbfd7b9edc06df1d565b838321ed82f5bcd90def847e014,b1680fafef8328bbf568bd6c1b534a73f58879fe1c1d76e6c4e8795b3e5f0d69,771d5984b1c7713f36b06fc0a9c1dd76f6de1a6e43c6329f090eca5ab010087c,b24939bba54ce9d155451029bc1315cf08a593e440e4d23ff1e75017ef8131d7,60fe305ae90cfb9e6a200feba6116f7e516f4c991c899008a3c3d808c4fd1faf,bc021bca6d413e71f8593a42ffa78b54c2588dd6f2a9ab06c8049b7ae8dabe10,09a8d9fdabbb0e2bf8aa701a732739cac2b1b05e14954de3ae53bec5d0b6f887,3d79efbc8e9d4f08ab64df8970ba519840e66ebfe65a4dc04fffc5e904c6a67f,1,d3f5d5c29df3e348a78bd03ae127819c1fe869b0ff01a095bd75ffa2d1dd2dd8,UNKNOWN,B2_STRICT_INCLUSION_FAILED,False,False,0.54,10,7.937959178860865e-10,1.0,-3.889680799673556e-10,0.29498546099875966,0.18047904200102494,0.0,0.017959867001536622,0.4754645029997846,0.0,0.4934243700013212,23986176,24695,4871
01f87f02a016891398cd,diode_rc,nominal,residual-stopped-damped-newton-v1,float64,1e-10,1e-05,100,8,0,temporal_only,39589e9895dd1b01c113dbebf271a9fa46c6c3d05f7cb8c2ede6ce2c52a1300a,f74663fa17b6c7ef1fbfd7b9edc06df1d565b838321ed82f5bcd90def847e014,b1680fafef8328bbf568bd6c1b534a73f58879fe1c1d76e6c4e8795b3e5f0d69,771d5984b1c7713f36b06fc0a9c1dd76f6de1a6e43c6329f090eca5ab010087c,b24939bba54ce9d155451029bc1315cf08a593e440e4d23ff1e75017ef8131d7,60fe305ae90cfb9e6a200feba6116f7e516f4c991c899008a3c3d808c4fd1faf,bc021bca6d413e71f8593a42ffa78b54c2588dd6f2a9ab06c8049b7ae8dabe10,09a8d9fdabbb0e2bf8aa701a732739cac2b1b05e14954de3ae53bec5d0b6f887,3d79efbc8e9d4f08ab64df8970ba519840e66ebfe65a4dc04fffc5e904c6a67f,1,d3f5d5c29df3e348a78bd03ae127819c1fe869b0ff01a095bd75ffa2d1dd2dd8,UNKNOWN,SLAB_STRICT_INCLUSION_FAILED,False,False,0.52,8,7.937959178860865e-10,1.0,-5.889867482622435e-10,0.4114585230004195,0.0,0.1142183209990435,0.01960369999824252,0.525676843999463,0.0,0.5452805439977055,24117248,24695,4871
276ece76d55c2ae90ace,diode_rc,nominal,residual-stopped-damped-newton-v1,float64,1e-10,1e-05,100,8,0,temporal_device_blockstamp,39589e9895dd1b01c113dbebf271a9fa46c6c3d05f7cb8c2ede6ce2c52a1300a,f74663fa17b6c7ef1fbfd7b9edc06df1d565b838321ed82f5bcd90def847e014,b1680fafef8328bbf568bd6c1b534a73f58879fe1c1d76e6c4e8795b3e5f0d69,771d5984b1c7713f36b06fc0a9c1dd76f6de1a6e43c6329f090eca5ab010087c,b24939bba54ce9d155451029bc1315cf08a593e440e4d23ff1e75017ef8131d7,60fe305ae90cfb9e6a200feba6116f7e516f4c991c899008a3c3d808c4fd1faf,bc021bca6d413e71f8593a42ffa78b54c2588dd6f2a9ab06c8049b7ae8dabe10,09a8d9fdabbb0e2bf8aa701a732739cac2b1b05e14954de3ae53bec5d0b6f887,3d79efbc8e9d4f08ab64df8970ba519840e66ebfe65a4dc04fffc5e904c6a67f,1,d3f5d5c29df3e348a78bd03ae127819c1fe869b0ff01a095bd75ffa2d1dd2dd8,UNKNOWN,SLAB_STRICT_INCLUSION_FAILED,False,False,0.52,8,7.937959178860865e-10,1.0,-5.889867482622435e-10,0.4047038459993928,0.0,0.10987963700017644,0.017659234998063766,0.5145834829995692,0.0,0.532242717997633,23855104,24695,4871
ca64f846a3ebd520a1f6,diode_rc,nominal,residual-stopped-damped-newton-v1,float64,1e-10,1e-05,100,16,0,dense_slab_generic,39589e9895dd1b01c113dbebf271a9fa46c6c3d05f7cb8c2ede6ce2c52a1300a,f74663fa17b6c7ef1fbfd7b9edc06df1d565b838321ed82f5bcd90def847e014,b1680fafef8328bbf568bd6c1b534a73f58879fe1c1d76e6c4e8795b3e5f0d69,771d5984b1c7713f36b06fc0a9c1dd76f6de1a6e43c6329f090eca5ab010087c,b24939bba54ce9d155451029bc1315cf08a593e440e4d23ff1e75017ef8131d7,60fe305ae90cfb9e6a200feba6116f7e516f4c991c899008a3c3d808c4fd1faf,bc021bca6d413e71f8593a42ffa78b54c2588dd6f2a9ab06c8049b7ae8dabe10,09a8d9fdabbb0e2bf8aa701a732739cac2b1b05e14954de3ae53bec5d0b6f887,3d79efbc8e9d4f08ab64df8970ba519840e66ebfe65a4dc04fffc5e904c6a67f,1,d3f5d5c29df3e348a78bd03ae127819c1fe869b0ff01a095bd75ffa2d1dd2dd8,UNKNOWN,SLAB_STRICT_INCLUSION_FAILED,False,False,0.52,16,7.937959178860865e-10,1.0,-5.889867482622435e-10,0.4104079749995435,0.0,0.09582495499898869,0.018422233999899618,0.5062329299985322,0.0,0.5246551639984318,23855104,24695,4871
42ae9ac6b613327bd53d,diode_rc,nominal,residual-stopped-damped-newton-v1,float64,1e-10,1e-05,100,16,0,device_local_pointwise_b2,39589e9895dd1b01c113dbebf271a9fa46c6c3d05f7cb8c2ede6ce2c52a1300a,f74663fa17b6c7ef1fbfd7b9edc06df1d565b838321ed82f5bcd90def847e014,b1680fafef8328bbf568bd6c1b534a73f58879fe1c1d76e6c4e8795b3e5f0d69,771d5984b1c7713f36b06fc0a9c1dd76f6de1a6e43c6329f090eca5ab010087c,b24939bba54ce9d155451029bc1315cf08a593e440e4d23ff1e75017ef8131d7,60fe305ae90cfb9e6a200feba6116f7e516f4c991c899008a3c3d808c4fd1faf,bc021bca6d413e71f8593a42ffa78b54c2588dd6f2a9ab06c8049b7ae8dabe10,09a8d9fdabbb0e2bf8aa701a732739cac2b1b05e14954de3ae53bec5d0b6f887,3d79efbc8e9d4f08ab64df8970ba519840e66ebfe65a4dc04fffc5e904c6a67f,1,d3f5d5c29df3e348a78bd03ae127819c1fe869b0ff01a095bd75ffa2d1dd2dd8,UNKNOWN,B2_STRICT_INCLUSION_FAILED,False,False,0.54,10,7.937959178860865e-10,1.0,-3.889680799673556e-10,0.29804563500147196,0.18381542100087245,0.0,0.017928323999058193,0.4818610560023444,0.0,0.4997893800014026,23855104,24695,4871
3c7d22beb20bffa62737,diode_rc,nominal,residual-stopped-damped-newton-v1,float64,1e-10,1e-05,100,16,0,temporal_only,39589e9895dd1b01c113dbebf271a9fa46c6c3d05f7cb8c2ede6ce2c52a1300a,f74663fa17b6c7ef1fbfd7b9edc06df1d565b838321ed82f5bcd90def847e014,b1680fafef8328bbf568bd6c1b534a73f58879fe1c1d76e6c4e8795b3e5f0d69,771d5984b1c7713f36b06fc0a9c1dd76f6de1a6e43c6329f090eca5ab010087c,b24939bba54ce9d155451029bc1315cf08a593e440e4d23ff1e75017ef8131d7,60fe305ae90cfb9e6a200feba6116f7e516f4c991c899008a3c3d808c4fd1faf,bc021bca6d413e71f8593a42ffa78b54c2588dd6f2a9ab06c8049b7ae8dabe10,09a8d9fdabbb0e2bf8aa701a732739cac2b1b05e14954de3ae53bec5d0b6f887,3d79efbc8e9d4f08ab64df8970ba519840e66ebfe65a4dc04fffc5e904c6a67f,1,d3f5d5c29df3e348a78bd03ae127819c1fe869b0ff01a095bd75ffa2d1dd2dd8,UNKNOWN,SLAB_STRICT_INCLUSION_FAILED,False,False,0.52,16,7.937959178860865e-10,1.0,-5.889867482622435e-10,0.3977007870007583,0.0,0.11398396499998853,0.017815581994909735,0.5116847520007468,0.0,0.5295003339956565,23724032,24695,4871
1111c6a732e97eb10477,diode_rc,nominal,residual-stopped-damped-newton-v1,float64,1e-10,1e-05,100,16,0,temporal_device_blockstamp,39589e9895dd1b01c113dbebf271a9fa46c6c3d05f7cb8c2ede6ce2c52a1300a,f74663fa17b6c7ef1fbfd7b9edc06df1d565b838321ed82f5bcd90def847e014,b1680fafef8328bbf568bd6c1b534a73f58879fe1c1d76e6c4e8795b3e5f0d69,771d5984b1c7713f36b06fc0a9c1dd76f6de1a6e43c6329f090eca5ab010087c,b24939bba54ce9d155451029bc1315cf08a593e440e4d23ff1e75017ef8131d7,60fe305ae90cfb9e6a200feba6116f7e516f4c991c899008a3c3d808c4fd1faf,bc021bca6d413e71f8593a42ffa78b54c2588dd6f2a9ab06c8049b7ae8dabe10,09a8d9fdabbb0e2bf8aa701a732739cac2b1b05e14954de3ae53bec5d0b6f887,3d79efbc8e9d4f08ab64df8970ba519840e66ebfe65a4dc04fffc5e904c6a67f,1,d3f5d5c29df3e348a78bd03ae127819c1fe869b0ff01a095bd75ffa2d1dd2dd8,UNKNOWN,SLAB_STRICT_INCLUSION_FAILED,False,False,0.52,16,7.937959178860865e-10,1.0,-5.889867482622435e-10,0.4090384059995813,0.0,0.11643733000073553,0.01618714500000351,0.5254757360003168,0.0,0.5416628810003203,23986176,24695,4871
19ad2602c3eef1ed882d,diode_rc,fast_load,residual-stopped-damped-newton-v1,float64,1e-10,8e-06,100,1,0,dense_slab_generic,ba364deb54548c59fa95ae12ee6c54eda926ac997fa3d4970ed4b29ca95f6ba8,7ca388b16796e9060cf2ad7931a8f8de8fa695d969b837dd1d59f8d2f8f9653e,7efc5248ee2e0a43667024c5342bddf3bb4f40e8de4230bf20e314d34cf52fe9,cba88b1e1c28d5c71166ed311a5af16891901f38fd55bf066451737ad44dc804,b24939bba54ce9d155451029bc1315cf08a593e440e4d23ff1e75017ef8131d7,60fe305ae90cfb9e6a200feba6116f7e516f4c991c899008a3c3d808c4fd1faf,bc021bca6d413e71f8593a42ffa78b54c2588dd6f2a9ab06c8049b7ae8dabe10,09a8d9fdabbb0e2bf8aa701a732739cac2b1b05e14954de3ae53bec5d0b6f887,d45fd14fae13a66a9d005d61fc48b209f6097d98c64a25e421a781c8411eee9f,1,d3f5d5c29df3e348a78bd03ae127819c1fe869b0ff01a095bd75ffa2d1dd2dd8,UNKNOWN,SLAB_STRICT_INCLUSION_FAILED,False,False,0.01,1,7.543200508663972e-10,1.0,-3.6769381983603466e-10,0.4218840930020633,0.0,0.06147124700146378,0.019400451000819885,0.4833553400035271,0.0,0.502755791004347,23855104,24801,4977
6b4075c16d0083293584,diode_rc,fast_load,residual-stopped-damped-newton-v1,float64,1e-10,8e-06,100,1,0,device_local_pointwise_b2,ba364deb54548c59fa95ae12ee6c54eda926ac997fa3d4970ed4b29ca95f6ba8,7ca388b16796e9060cf2ad7931a8f8de8fa695d969b837dd1d59f8d2f8f9653e,7efc5248ee2e0a43667024c5342bddf3bb4f40e8de4230bf20e314d34cf52fe9,cba88b1e1c28d5c71166ed311a5af16891901f38fd55bf066451737ad44dc804,b24939bba54ce9d155451029bc1315cf08a593e440e4d23ff1e75017ef8131d7,60fe305ae90cfb9e6a200feba6116f7e516f4c991c899008a3c3d808c4fd1faf,bc021bca6d413e71f8593a42ffa78b54c2588dd6f2a9ab06c8049b7ae8dabe10,09a8d9fdabbb0e2bf8aa701a732739cac2b1b05e14954de3ae53bec5d0b6f887,d45fd14fae13a66a9d005d61fc48b209f6097d98c64a25e421a781c8411eee9f,1,d3f5d5c29df3e348a78bd03ae127819c1fe869b0ff01a095bd75ffa2d1dd2dd8,UNKNOWN,B2_STRICT_INCLUSION_FAILED,False,False,0.01,1,7.543200508663972e-10,1.0,-3.6769381983603466e-10,0.29402313500213495,0.17706959400038613,0.0,0.018236101003367367,0.4710927290025211,0.0,0.48932883000588845,23855104,24801,4977
ed1c4ebe03ae4204c8dd,diode_rc,fast_load,residual-stopped-damped-newton-v1,float64,1e-10,8e-06,100,1,0,temporal_only,ba364deb54548c59fa95ae12ee6c54eda926ac997fa3d4970ed4b29ca95f6ba8,7ca388b16796e9060cf2ad7931a8f8de8fa695d969b837dd1d59f8d2f8f9653e,7efc5248ee2e0a43667024c5342bddf3bb4f40e8de4230bf20e314d34cf52fe9,cba88b1e1c28d5c71166ed311a5af16891901f38fd55bf066451737ad44dc804,b24939bba54ce9d155451029bc1315cf08a593e440e4d23ff1e75017ef8131d7,60fe305ae90cfb9e6a200feba6116f7e516f4c991c899008a3c3d808c4fd1faf,bc021bca6d413e71f8593a42ffa78b54c2588dd6f2a9ab06c8049b7ae8dabe10,09a8d9fdabbb0e2bf8aa701a732739cac2b1b05e14954de3ae53bec5d0b6f887,d45fd14fae13a66a9d005d61fc48b209f6097d98c64a25e421a781c8411eee9f,1,d3f5d5c29df3e348a78bd03ae127819c1fe869b0ff01a095bd75ffa2d1dd2dd8,UNKNOWN,SLAB_STRICT_INCLUSION_FAILED,False,False,0.01,1,7.543200508663972e-10,1.0,-3.6769381983603466e-10,0.41249244499658744,0.0,0.06164515100181234,0.018531958999119524,0.4741375959983998,0.0,0.4926695549975193,23986176,24801,4977
c33292dd5d2023e77a47,diode_rc,fast_load,residual-stopped-damped-newton-v1,float64,1e-10,8e-06,100,1,0,temporal_device_blockstamp,ba364deb54548c59fa95ae12ee6c54eda926ac997fa3d4970ed4b29ca95f6ba8,7ca388b16796e9060cf2ad7931a8f8de8fa695d969b837dd1d59f8d2f8f9653e,7efc5248ee2e0a43667024c5342bddf3bb4f40e8de4230bf20e314d34cf52fe9,cba88b1e1c28d5c71166ed311a5af16891901f38fd55bf066451737ad44dc804,b24939bba54ce9d155451029bc1315cf08a593e440e4d23ff1e75017ef8131d7,60fe305ae90cfb9e6a200feba6116f7e516f4c991c899008a3c3d808c4fd1faf,bc021bca6d413e71f8593a42ffa78b54c2588dd6f2a9ab06c8049b7ae8dabe10,09a8d9fdabbb0e2bf8aa701a732739cac2b1b05e14954de3ae53bec5d0b6f887,d45fd14fae13a66a9d005d61fc48b209f6097d98c64a25e421a781c8411eee9f,1,d3f5d5c29df3e348a78bd03ae127819c1fe869b0ff01a095bd75ffa2d1dd2dd8,UNKNOWN,SLAB_STRICT_INCLUSION_FAILED,False,False,0.01,1,7.543200508663972e-10,1.0,-3.6769381983603466e-10,0.41075644700003977,0.0,0.06072330799906922,0.019296703001145943,0.471479754999109,0.0,0.49077645800025493,23986176,24801,4977
d04e1337c969cce6db55,diode_rc,fast_load,residual-stopped-damped-newton-v1,float64,1e-10,8e-06,100,2,0,dense_slab_generic,ba364deb54548c59fa95ae12ee6c54eda926ac997fa3d4970ed4b29ca95f6ba8,7ca388b16796e9060cf2ad7931a8f8de8fa695d969b837dd1d59f8d2f8f9653e,7efc5248ee2e0a43667024c5342bddf3bb4f40e8de4230bf20e314d34cf52fe9,cba88b1e1c28d5c71166ed311a5af16891901f38fd55bf066451737ad44dc804,b24939bba54ce9d155451029bc1315cf08a593e440e4d23ff1e75017ef8131d7,60fe305ae90cfb9e6a200feba6116f7e516f4c991c899008a3c3d808c4fd1faf,bc021bca6d413e71f8593a42ffa78b54c2588dd6f2a9ab06c8049b7ae8dabe10,09a8d9fdabbb0e2bf8aa701a732739cac2b1b05e14954de3ae53bec5d0b6f887,d45fd14fae13a66a9d005d61fc48b209f6097d98c64a25e421a781c8411eee9f,1,d3f5d5c29df3e348a78bd03ae127819c1fe869b0ff01a095bd75ffa2d1dd2dd8,UNKNOWN,SLAB_STRICT_INCLUSION_FAILED,False,False,0.02,2,7.543200508663972e-10,1.0,-3.9363029502581526e-10,0.42799041200441934,0.0,0.07914070599917977,0.017864628999177512,0.5071311180035991,0.0,0.5249957470027766,23855104,24801,4977
afced34f966d07039f1a,diode_rc,fast_load,residual-stopped-damped-newton-v1,float64,1e-10,8e-06,100,2,0,device_local_pointwise_b2,ba364deb54548c59fa95ae12ee6c54eda926ac997fa3d4970ed4b29ca95f6ba8,7ca388b16796e9060cf2ad7931a8f8de8fa695d969b837dd1d59f8d2f8f9653e,7efc5248ee2e0a43667024c5342bddf3bb4f40e8de4230bf20e314d34cf52fe9,cba88b1e1c28d5c71166ed311a5af16891901f38fd55bf066451737ad44dc804,b24939bba54ce9d155451029bc1315cf08a593e440e4d23ff1e75017ef8131d7,60fe305ae90cfb9e6a200feba6116f7e516f4c991c899008a3c3d808c4fd1faf,bc021bca6d413e71f8593a42ffa78b54c2588dd6f2a9ab06c8049b7ae8dabe10,09a8d9fdabbb0e2bf8aa701a732739cac2b1b05e14954de3ae53bec5d0b6f887,d45fd14fae13a66a9d005d61fc48b209f6097d98c64a25e421a781c8411eee9f,1,d3f5d5c29df3e348a78bd03ae127819c1fe869b0ff01a095bd75ffa2d1dd2dd8,UNKNOWN,B2_STRICT_INCLUSION_FAILED,False,False,0.01,1,7.543200508663972e-10,1.0,-3.6769381983603466e-10,0.29205291799917177,0.1802352710001287,0.0,0.018895541995789245,0.4722881889993005,0.0,0.4911837309950897,23855104,24801,4977
97c6a01f156873298348,diode_rc,fast_load,residual-stopped-damped-newton-v1,float64,1e-10,8e-06,100,2,0,temporal_only,ba364deb54548c59fa95ae12ee6c54eda926ac997fa3d4970ed4b29ca95f6ba8,7ca388b16796e9060cf2ad7931a8f8de8fa695d969b837dd1d59f8d2f8f9653e,7efc5248ee2e0a43667024c5342bddf3bb4f40e8de4230bf20e314d34cf52fe9,cba88b1e1c28d5c71166ed311a5af16891901f38fd55bf066451737ad44dc804,b24939bba54ce9d155451029bc1315cf08a593e440e4d23ff1e75017ef8131d7,60fe305ae90cfb9e6a200feba6116f7e516f4c991c899008a3c3d808c4fd1faf,bc021bca6d413e71f8593a42ffa78b54c2588dd6f2a9ab06c8049b7ae8dabe10,09a8d9fdabbb0e2bf8aa701a732739cac2b1b05e14954de3ae53bec5d0b6f887,d45fd14fae13a66a9d005d61fc48b209f6097d98c64a25e421a781c8411eee9f,1,d3f5d5c29df3e348a78bd03ae127819c1fe869b0ff01a095bd75ffa2d1dd2dd8,UNKNOWN,SLAB_STRICT_INCLUSION_FAILED,False,False,0.02,2,7.543200508663972e-10,1.0,-3.9363029502581526e-10,0.41474307900125496,0.0,0.08922267800198824,0.018801103997247992,0.5039657570032432,0.0,0.5227668610004912,23855104,24801,4977
d9ad6c345dfc08b334db,diode_rc,fast_load,residual-stopped-damped-newton-v1,float64,1e-10,8e-06,100,2,0,temporal_device_blockstamp,ba364deb54548c59fa95ae12ee6c54eda926ac997fa3d4970ed4b29ca95f6ba8,7ca388b16796e9060cf2ad7931a8f8de8fa695d969b837dd1d59f8d2f8f9653e,7efc5248ee2e0a43667024c5342bddf3bb4f40e8de4230bf20e314d34cf52fe9,cba88b1e1c28d5c71166ed311a5af16891901f38fd55bf066451737ad44dc804,b24939bba54ce9d155451029bc1315cf08a593e440e4d23ff1e75017ef8131d7,60fe305ae90cfb9e6a200feba6116f7e516f4c991c899008a3c3d808c4fd1faf,bc021bca6d413e71f8593a42ffa78b54c2588dd6f2a9ab06c8049b7ae8dabe10,09a8d9fdabbb0e2bf8aa701a732739cac2b1b05e14954de3ae53bec5d0b6f887,d45fd14fae13a66a9d005d61fc48b209f6097d98c64a25e421a781c8411eee9f,1,d3f5d5c29df3e348a78bd03ae127819c1fe869b0ff01a095bd75ffa2d1dd2dd8,UNKNOWN,SLAB_STRICT_INCLUSION_FAILED,False,False,0.02,2,7.543200508663972e-10,1.0,-3.9363029502581526e-10,0.41829394200067327,0.0,0.09116989400081366,0.017566370998338243,0.5094638360014869,0.0,0.5270302069998252,23986176,24801,4977
8897a25411dc2c4a9edf,diode_rc,fast_load,residual-stopped-damped-newton-v1,float64,1e-10,8e-06,100,4,0,dense_slab_generic,ba364deb54548c59fa95ae12ee6c54eda926ac997fa3d4970ed4b29ca95f6ba8,7ca388b16796e9060cf2ad7931a8f8de8fa695d969b837dd1d59f8d2f8f9653e,7efc5248ee2e0a43667024c5342bddf3bb4f40e8de4230bf20e314d34cf52fe9,cba88b1e1c28d5c71166ed311a5af16891901f38fd55bf066451737ad44dc804,b24939bba54ce9d155451029bc1315cf08a593e440e4d23ff1e75017ef8131d7,60fe305ae90cfb9e6a200feba6116f7e516f4c991c899008a3c3d808c4fd1faf,bc021bca6d413e71f8593a42ffa78b54c2588dd6f2a9ab06c8049b7ae8dabe10,09a8d9fdabbb0e2bf8aa701a732739cac2b1b05e14954de3ae53bec5d0b6f887,d45fd14fae13a66a9d005d61fc48b209f6097d98c64a25e421a781c8411eee9f,1,d3f5d5c29df3e348a78bd03ae127819c1fe869b0ff01a095bd75ffa2d1dd2dd8,UNKNOWN,SLAB_STRICT_INCLUSION_FAILED,False,False,0.04,4,7.543200508663972e-10,1.0,-3.9363029502581526e-10,0.4155737510000108,0.0,0.0862930080006663,0.019024101997729304,0.5018667590006771,0.0,0.5208908609984064,23986176,24801,4977
e20b5370340fc188e81a,diode_rc,fast_load,residual-stopped-damped-newton-v1,float64,1e-10,8e-06,100,4,0,device_local_pointwise_b2,ba364deb54548c59fa95ae12ee6c54eda926ac997fa3d4970ed4b29ca95f6ba8,7ca388b16796e9060cf2ad7931a8f8de8fa695d969b837dd1d59f8d2f8f9653e,7efc5248ee2e0a43667024c5342bddf3bb4f40e8de4230bf20e314d34cf52fe9,cba88b1e1c28d5c71166ed311a5af16891901f38fd55bf066451737ad44dc804,b24939bba54ce9d155451029bc1315cf08a593e440e4d23ff1e75017ef8131d7,60fe305ae90cfb9e6a200feba6116f7e516f4c991c899008a3c3d808c4fd1faf,bc021bca6d413e71f8593a42ffa78b54c2588dd6f2a9ab06c8049b7ae8dabe10,09a8d9fdabbb0e2bf8aa701a732739cac2b1b05e14954de3ae53bec5d0b6f887,d45fd14fae13a66a9d005d61fc48b209f6097d98c64a25e421a781c8411eee9f,1,d3f5d5c29df3e348a78bd03ae127819c1fe869b0ff01a095bd75ffa2d1dd2dd8,UNKNOWN,B2_STRICT_INCLUSION_FAILED,False,False,0.01,1,7.543200508663972e-10,1.0,-3.6769381983603466e-10,0.27114728400238164,0.16973249100328758,0.0,0.019021400999918114,0.4408797750056692,0.0,0.45990117600558733,23724032,24801,4977
3770de9955952d062d3f,diode_rc,fast_load,residual-stopped-damped-newton-v1,float64,1e-10,8e-06,100,4,0,temporal_only,ba364deb54548c59fa95ae12ee6c54eda926ac997fa3d4970ed4b29ca95f6ba8,7ca388b16796e9060cf2ad7931a8f8de8fa695d969b837dd1d59f8d2f8f9653e,7efc5248ee2e0a43667024c5342bddf3bb4f40e8de4230bf20e314d34cf52fe9,cba88b1e1c28d5c71166ed311a5af16891901f38fd55bf066451737ad44dc804,b24939bba54ce9d155451029bc1315cf08a593e440e4d23ff1e75017ef8131d7,60fe305ae90cfb9e6a200feba6116f7e516f4c991c899008a3c3d808c4fd1faf,bc021bca6d413e71f8593a42ffa78b54c2588dd6f2a9ab06c8049b7ae8dabe10,09a8d9fdabbb0e2bf8aa701a732739cac2b1b05e14954de3ae53bec5d0b6f887,d45fd14fae13a66a9d005d61fc48b209f6097d98c64a25e421a781c8411eee9f,1,d3f5d5c29df3e348a78bd03ae127819c1fe869b0ff01a095bd75ffa2d1dd2dd8,UNKNOWN,SLAB_STRICT_INCLUSION_FAILED,False,False,0.04,4,7.543200508663972e-10,1.0,-3.9363029502581526e-10,0.3888167870009056,0.0,0.09939811100139195,0.017742443000770436,0.48821489800229756,0.0,0.505957341003068,23724032,24801,4977
8cdfb79f893bcb147af6,diode_rc,fast_load,residual-stopped-damped-newton-v1,float64,1e-10,8e-06,100,4,0,temporal_device_blockstamp,ba364deb54548c59fa95ae12ee6c54eda926ac997fa3d4970ed4b29ca95f6ba8,7ca388b16796e9060cf2ad7931a8f8de8fa695d969b837dd1d59f8d2f8f9653e,7efc5248ee2e0a43667024c5342bddf3bb4f40e8de4230bf20e314d34cf52fe9,cba88b1e1c28d5c71166ed311a5af16891901f38fd55bf066451737ad44dc804,b24939bba54ce9d155451029bc1315cf08a593e440e4d23ff1e75017ef8131d7,60fe305ae90cfb9e6a200feba6116f7e516f4c991c899008a3c3d808c4fd1faf,bc021bca6d413e71f8593a42ffa78b54c2588dd6f2a9ab06c8049b7ae8dabe10,09a8d9fdabbb0e2bf8aa701a732739cac2b1b05e14954de3ae53bec5d0b6f887,d45fd14fae13a66a9d005d61fc48b209f6097d98c64a25e421a781c8411eee9f,1,d3f5d5c29df3e348a78bd03ae127819c1fe869b0ff01a095bd75ffa2d1dd2dd8,UNKNOWN,SLAB_STRICT_INCLUSION_FAILED,False,False,0.04,4,7.543200508663972e-10,1.0,-3.9363029502581526e-10,0.42767385199931596,0.0,0.10750671200094075,0.01916710399882504,0.5351805640002567,0.0,0.5543476679990818,23855104,24801,4977
47960ecaeb0a7c73ac1a,diode_rc,fast_load,residual-stopped-damped-newton-v1,float64,1e-10,8e-06,100,8,0,dense_slab_generic,ba364deb54548c59fa95ae12ee6c54eda926ac997fa3d4970ed4b29ca95f6ba8,7ca388b16796e9060cf2ad7931a8f8de8fa695d969b837dd1d59f8d2f8f9653e,7efc5248ee2e0a43667024c5342bddf3bb4f40e8de4230bf20e314d34cf52fe9,cba88b1e1c28d5c71166ed311a5af16891901f38fd55bf066451737ad44dc804,b24939bba54ce9d155451029bc1315cf08a593e440e4d23ff1e75017ef8131d7,60fe305ae90cfb9e6a200feba6116f7e516f4c991c899008a3c3d808c4fd1faf,bc021bca6d413e71f8593a42ffa78b54c2588dd6f2a9ab06c8049b7ae8dabe10,09a8d9fdabbb0e2bf8aa701a732739cac2b1b05e14954de3ae53bec5d0b6f887,d45fd14fae13a66a9d005d61fc48b209f6097d98c64a25e421a781c8411eee9f,1,d3f5d5c29df3e348a78bd03ae127819c1fe869b0ff01a095bd75ffa2d1dd2dd8,UNKNOWN,SLAB_STRICT_INCLUSION_FAILED,False,False,0.08,8,7.543200508663972e-10,1.0,-3.9363029502581526e-10,0.4141741560006267,0.0,0.08369461199981743,0.017372669002270413,0.4978687680004441,0.0,0.5152414370027145,23855104,24801,4977
4976811117840380aee7,diode_rc,fast_load,residual-stopped-damped-newton-v1,float64,1e-10,8e-06,100,8,0,device_local_pointwise_b2,ba364deb54548c59fa95ae12ee6c54eda926ac997fa3d4970ed4b29ca95f6ba8,7ca388b16796e9060cf2ad7931a8f8de8fa695d969b837dd1d59f8d2f8f9653e,7efc5248ee2e0a43667024c5342bddf3bb4f40e8de4230bf20e314d34cf52fe9,cba88b1e1c28d5c71166ed311a5af16891901f38fd55bf066451737ad44dc804,b24939bba54ce9d155451029bc1315cf08a593e440e4d23ff1e75017ef8131d7,60fe305ae90cfb9e6a200feba6116f7e516f4c991c899008a3c3d808c4fd1faf,bc021bca6d413e71f8593a42ffa78b54c2588dd6f2a9ab06c8049b7ae8dabe10,09a8d9fdabbb0e2bf8aa701a732739cac2b1b05e14954de3ae53bec5d0b6f887,d45fd14fae13a66a9d005d61fc48b209f6097d98c64a25e421a781c8411eee9f,1,d3f5d5c29df3e348a78bd03ae127819c1fe869b0ff01a095bd75ffa2d1dd2dd8,UNKNOWN,B2_STRICT_INCLUSION_FAILED,False,False,0.01,1,7.543200508663972e-10,1.0,-3.6769381983603466e-10,0.2974021859977256,0.1816504439993878,0.0,0.01766306900208292,0.4790526299971134,0.0,0.4967156989991963,23855104,24801,4977
820fb529fed2fb518335,diode_rc,fast_load,residual-stopped-damped-newton-v1,float64,1e-10,8e-06,100,8,0,temporal_only,ba364deb54548c59fa95ae12ee6c54eda926ac997fa3d4970ed4b29ca95f6ba8,7ca388b16796e9060cf2ad7931a8f8de8fa695d969b837dd1d59f8d2f8f9653e,7efc5248ee2e0a43667024c5342bddf3bb4f40e8de4230bf20e314d34cf52fe9,cba88b1e1c28d5c71166ed311a5af16891901f38fd55bf066451737ad44dc804,b24939bba54ce9d155451029bc1315cf08a593e440e4d23ff1e75017ef8131d7,60fe305ae90cfb9e6a200feba6116f7e516f4c991c899008a3c3d808c4fd1faf,bc021bca6d413e71f8593a42ffa78b54c2588dd6f2a9ab06c8049b7ae8dabe10,09a8d9fdabbb0e2bf8aa701a732739cac2b1b05e14954de3ae53bec5d0b6f887,d45fd14fae13a66a9d005d61fc48b209f6097d98c64a25e421a781c8411eee9f,1,d3f5d5c29df3e348a78bd03ae127819c1fe869b0ff01a095bd75ffa2d1dd2dd8,UNKNOWN,SLAB_STRICT_INCLUSION_FAILED,False,False,0.08,8,7.543200508663972e-10,1.0,-3.9363029502581526e-10,0.4283440489998611,0.0,0.110664756999995,0.01812012800019147,0.5390088059998561,0.0,0.5571289340000476,23986176,24801,4977
838eb3d2f185398ee6df,diode_rc,fast_load,residual-stopped-damped-newton-v1,float64,1e-10,8e-06,100,8,0,temporal_device_blockstamp,ba364deb54548c59fa95ae12ee6c54eda926ac997fa3d4970ed4b29ca95f6ba8,7ca388b16796e9060cf2ad7931a8f8de8fa695d969b837dd1d59f8d2f8f9653e,7efc5248ee2e0a43667024c5342bddf3bb4f40e8de4230bf20e314d34cf52fe9,cba88b1e1c28d5c71166ed311a5af16891901f38fd55bf066451737ad44dc804,b24939bba54ce9d155451029bc1315cf08a593e440e4d23ff1e75017ef8131d7,60fe305ae90cfb9e6a200feba6116f7e516f4c991c899008a3c3d808c4fd1faf,bc021bca6d413e71f8593a42ffa78b54c2588dd6f2a9ab06c8049b7ae8dabe10,09a8d9fdabbb0e2bf8aa701a732739cac2b1b05e14954de3ae53bec5d0b6f887,d45fd14fae13a66a9d005d61fc48b209f6097d98c64a25e421a781c8411eee9f,1,d3f5d5c29df3e348a78bd03ae127819c1fe869b0ff01a095bd75ffa2d1dd2dd8,UNKNOWN,SLAB_STRICT_INCLUSION_FAILED,False,False,0.08,8,7.543200508663972e-10,1.0,-3.9363029502581526e-10,0.43396492100055184,0.0,0.10774617499873784,0.017914492998443166,0.5417110959992897,0.0,0.5596255889977328,23855104,24801,4977
6272d0b2812a51490342,diode_rc,fast_load,residual-stopped-damped-newton-v1,float64,1e-10,8e-06,100,16,0,dense_slab_generic,ba364deb54548c59fa95ae12ee6c54eda926ac997fa3d4970ed4b29ca95f6ba8,7ca388b16796e9060cf2ad7931a8f8de8fa695d969b837dd1d59f8d2f8f9653e,7efc5248ee2e0a43667024c5342bddf3bb4f40e8de4230bf20e314d34cf52fe9,cba88b1e1c28d5c71166ed311a5af16891901f38fd55bf066451737ad44dc804,b24939bba54ce9d155451029bc1315cf08a593e440e4d23ff1e75017ef8131d7,60fe305ae90cfb9e6a200feba6116f7e516f4c991c899008a3c3d808c4fd1faf,bc021bca6d413e71f8593a42ffa78b54c2588dd6f2a9ab06c8049b7ae8dabe10,09a8d9fdabbb0e2bf8aa701a732739cac2b1b05e14954de3ae53bec5d0b6f887,d45fd14fae13a66a9d005d61fc48b209f6097d98c64a25e421a781c8411eee9f,1,d3f5d5c29df3e348a78bd03ae127819c1fe869b0ff01a095bd75ffa2d1dd2dd8,UNKNOWN,SLAB_STRICT_INCLUSION_FAILED,False,False,0.0,0,7.543200508663972e-10,1.0,-3.9363029502581526e-10,0.42313026100100615,0.0,0.09660669100048835,0.019141269995088805,0.5197369520014945,0.0,0.5388782219965833,23855104,24801,4977
862ef34b34623384fd40,diode_rc,fast_load,residual-stopped-damped-newton-v1,float64,1e-10,8e-06,100,16,0,device_local_pointwise_b2,ba364deb54548c59fa95ae12ee6c54eda926ac997fa3d4970ed4b29ca95f6ba8,7ca388b16796e9060cf2ad7931a8f8de8fa695d969b837dd1d59f8d2f8f9653e,7efc5248ee2e0a43667024c5342bddf3bb4f40e8de4230bf20e314d34cf52fe9,cba88b1e1c28d5c71166ed311a5af16891901f38fd55bf066451737ad44dc804,b24939bba54ce9d155451029bc1315cf08a593e440e4d23ff1e75017ef8131d7,60fe305ae90cfb9e6a200feba6116f7e516f4c991c899008a3c3d808c4fd1faf,bc021bca6d413e71f8593a42ffa78b54c2588dd6f2a9ab06c8049b7ae8dabe10,09a8d9fdabbb0e2bf8aa701a732739cac2b1b05e14954de3ae53bec5d0b6f887,d45fd14fae13a66a9d005d61fc48b209f6097d98c64a25e421a781c8411eee9f,1,d3f5d5c29df3e348a78bd03ae127819c1fe869b0ff01a095bd75ffa2d1dd2dd8,UNKNOWN,B2_STRICT_INCLUSION_FAILED,False,False,0.01,1,7.543200508663972e-10,1.0,-3.6769381983603466e-10,0.3150036639985956,0.18363160199851336,0.0,0.01848084100311098,0.49863526599710895,0.0,0.5171161070002199,23986176,24801,4977
f57e892ae1d940c69ab0,diode_rc,fast_load,residual-stopped-damped-newton-v1,float64,1e-10,8e-06,100,16,0,temporal_only,ba364deb54548c59fa95ae12ee6c54eda926ac997fa3d4970ed4b29ca95f6ba8,7ca388b16796e9060cf2ad7931a8f8de8fa695d969b837dd1d59f8d2f8f9653e,7efc5248ee2e0a43667024c5342bddf3bb4f40e8de4230bf20e314d34cf52fe9,cba88b1e1c28d5c71166ed311a5af16891901f38fd55bf066451737ad44dc804,b24939bba54ce9d155451029bc1315cf08a593e440e4d23ff1e75017ef8131d7,60fe305ae90cfb9e6a200feba6116f7e516f4c991c899008a3c3d808c4fd1faf,bc021bca6d413e71f8593a42ffa78b54c2588dd6f2a9ab06c8049b7ae8dabe10,09a8d9fdabbb0e2bf8aa701a732739cac2b1b05e14954de3ae53bec5d0b6f887,d45fd14fae13a66a9d005d61fc48b209f6097d98c64a25e421a781c8411eee9f,1,d3f5d5c29df3e348a78bd03ae127819c1fe869b0ff01a095bd75ffa2d1dd2dd8,UNKNOWN,SLAB_STRICT_INCLUSION_FAILED,False,False,0.0,0,7.543200508663972e-10,1.0,-3.9363029502581526e-10,0.3899287419999382,0.0,0.10781334900002548,0.018234394000501197,0.4977420909999637,0.0,0.5159764850004649,23986176,24801,4977
2334c7c568c9648acf71,diode_rc,fast_load,residual-stopped-damped-newton-v1,float64,1e-10,8e-06,100,16,0,temporal_device_blockstamp,ba364deb54548c59fa95ae12ee6c54eda926ac997fa3d4970ed4b29ca95f6ba8,7ca388b16796e9060cf2ad7931a8f8de8fa695d969b837dd1d59f8d2f8f9653e,7efc5248ee2e0a43667024c5342bddf3bb4f40e8de4230bf20e314d34cf52fe9,cba88b1e1c28d5c71166ed311a5af16891901f38fd55bf066451737ad44dc804,b24939bba54ce9d155451029bc1315cf08a593e440e4d23ff1e75017ef8131d7,60fe305ae90cfb9e6a200feba6116f7e516f4c991c899008a3c3d808c4fd1faf,bc021bca6d413e71f8593a42ffa78b54c2588dd6f2a9ab06c8049b7ae8dabe10,09a8d9fdabbb0e2bf8aa701a732739cac2b1b05e14954de3ae53bec5d0b6f887,d45fd14fae13a66a9d005d61fc48b209f6097d98c64a25e421a781c8411eee9f,1,d3f5d5c29df3e348a78bd03ae127819c1fe869b0ff01a095bd75ffa2d1dd2dd8,UNKNOWN,SLAB_STRICT_INCLUSION_FAILED,False,False,0.0,0,7.543200508663972e-10,1.0,-3.9363029502581526e-10,0.4038096489985037,0.0,0.11493177100055618,0.018526765001297463,0.5187414199990599,0.0,0.5372681850003573,23855104,24801,4977
c3c9d7084b4e57d3e999,diode_rc,slow_hot_start,residual-stopped-damped-newton-v1,float64,1e-10,1.2e-05,100,1,0,dense_slab_generic,0aa356746f107f33d52598cf9b1e76341f3a43f4ee384674e528c4dc7298256e,10ca1025966e646808c4c3421fa74234982161c5bf2f168ba40591cf1fa53c1f,afe94dcda9eb1373430019a5e2bbb8893ccd503d22d72143bdd34f14d943e0da,83fb25269a4284f00bcdc281522f31ca981e810e0a4166842e455afc2930cb9a,b24939bba54ce9d155451029bc1315cf08a593e440e4d23ff1e75017ef8131d7,60fe305ae90cfb9e6a200feba6116f7e516f4c991c899008a3c3d808c4fd1faf,bc021bca6d413e71f8593a42ffa78b54c2588dd6f2a9ab06c8049b7ae8dabe10,09a8d9fdabbb0e2bf8aa701a732739cac2b1b05e14954de3ae53bec5d0b6f887,99a0ec8f9f9bb87c827308e757ca965589bffff64afbde804b069d7cbdfb8a71,1,d3f5d5c29df3e348a78bd03ae127819c1fe869b0ff01a095bd75ffa2d1dd2dd8,UNKNOWN,SLAB_STRICT_INCLUSION_FAILED,False,False,0.11,1,7.853945271918406e-10,1.0,-3.8727338003141654e-10,0.4310007830026734,0.0,0.06400518800137434,0.016558576000988978,0.49500597100404775,0.0,0.5115645470050367,23986176,24845,5021
e91209c9173280a863d6,diode_rc,slow_hot_start,residual-stopped-damped-newton-v1,float64,1e-10,1.2e-05,100,1,0,device_local_pointwise_b2,0aa356746f107f33d52598cf9b1e76341f3a43f4ee384674e528c4dc7298256e,10ca1025966e646808c4c3421fa74234982161c5bf2f168ba40591cf1fa53c1f,afe94dcda9eb1373430019a5e2bbb8893ccd503d22d72143bdd34f14d943e0da,83fb25269a4284f00bcdc281522f31ca981e810e0a4166842e455afc2930cb9a,b24939bba54ce9d155451029bc1315cf08a593e440e4d23ff1e75017ef8131d7,60fe305ae90cfb9e6a200feba6116f7e516f4c991c899008a3c3d808c4fd1faf,bc021bca6d413e71f8593a42ffa78b54c2588dd6f2a9ab06c8049b7ae8dabe10,09a8d9fdabbb0e2bf8aa701a732739cac2b1b05e14954de3ae53bec5d0b6f887,99a0ec8f9f9bb87c827308e757ca965589bffff64afbde804b069d7cbdfb8a71,1,d3f5d5c29df3e348a78bd03ae127819c1fe869b0ff01a095bd75ffa2d1dd2dd8,UNKNOWN,B2_STRICT_INCLUSION_FAILED,False,False,0.11,1,7.853945271918406e-10,1.0,-3.8727338003141654e-10,0.28965487599907647,0.17638160100113964,0.0,0.016012932002922753,0.4660364770002161,0.0,0.48204940900313886,23986176,24845,5021
0481b23b694bfb977d2a,diode_rc,slow_hot_start,residual-stopped-damped-newton-v1,float64,1e-10,1.2e-05,100,1,0,temporal_only,0aa356746f107f33d52598cf9b1e76341f3a43f4ee384674e528c4dc7298256e,10ca1025966e646808c4c3421fa74234982161c5bf2f168ba40591cf1fa53c1f,afe94dcda9eb1373430019a5e2bbb8893ccd503d22d72143bdd34f14d943e0da,83fb25269a4284f00bcdc281522f31ca981e810e0a4166842e455afc2930cb9a,b24939bba54ce9d155451029bc1315cf08a593e440e4d23ff1e75017ef8131d7,60fe305ae90cfb9e6a200feba6116f7e516f4c991c899008a3c3d808c4fd1faf,bc021bca6d413e71f8593a42ffa78b54c2588dd6f2a9ab06c8049b7ae8dabe10,09a8d9fdabbb0e2bf8aa701a732739cac2b1b05e14954de3ae53bec5d0b6f887,99a0ec8f9f9bb87c827308e757ca965589bffff64afbde804b069d7cbdfb8a71,1,d3f5d5c29df3e348a78bd03ae127819c1fe869b0ff01a095bd75ffa2d1dd2dd8,UNKNOWN,SLAB_STRICT_INCLUSION_FAILED,False,False,0.11,1,7.853945271918406e-10,1.0,-3.8727338003141654e-10,0.3939336860007643,0.0,0.05731169099954059,0.015875903998676222,0.45124537700030487,0.0,0.4671212809989811,23855104,24845,5021
2351f040bea68c6359e1,diode_rc,slow_hot_start,residual-stopped-damped-newton-v1,float64,1e-10,1.2e-05,100,1,0,temporal_device_blockstamp,0aa356746f107f33d52598cf9b1e76341f3a43f4ee384674e528c4dc7298256e,10ca1025966e646808c4c3421fa74234982161c5bf2f168ba40591cf1fa53c1f,afe94dcda9eb1373430019a5e2bbb8893ccd503d22d72143bdd34f14d943e0da,83fb25269a4284f00bcdc281522f31ca981e810e0a4166842e455afc2930cb9a,b24939bba54ce9d155451029bc1315cf08a593e440e4d23ff1e75017ef8131d7,60fe305ae90cfb9e6a200feba6116f7e516f4c991c899008a3c3d808c4fd1faf,bc021bca6d413e71f8593a42ffa78b54c2588dd6f2a9ab06c8049b7ae8dabe10,09a8d9fdabbb0e2bf8aa701a732739cac2b1b05e14954de3ae53bec5d0b6f887,99a0ec8f9f9bb87c827308e757ca965589bffff64afbde804b069d7cbdfb8a71,1,d3f5d5c29df3e348a78bd03ae127819c1fe869b0ff01a095bd75ffa2d1dd2dd8,UNKNOWN,SLAB_STRICT_INCLUSION_FAILED,False,False,0.11,1,7.853945271918406e-10,1.0,-3.8727338003141654e-10,0.4174950500000705,0.0,0.0608834060008121,0.017004902995267912,0.4783784560008826,0.0,0.4953833589961505,23986176,24845,5021
ea649a3874fd20ee9625,diode_rc,slow_hot_start,residual-stopped-damped-newton-v1,float64,1e-10,1.2e-05,100,2,0,dense_slab_generic,0aa356746f107f33d52598cf9b1e76341f3a43f4ee384674e528c4dc7298256e,10ca1025966e646808c4c3421fa74234982161c5bf2f168ba40591cf1fa53c1f,afe94dcda9eb1373430019a5e2bbb8893ccd503d22d72143bdd34f14d943e0da,83fb25269a4284f00bcdc281522f31ca981e810e0a4166842e455afc2930cb9a,b24939bba54ce9d155451029bc1315cf08a593e440e4d23ff1e75017ef8131d7,60fe305ae90cfb9e6a200feba6116f7e516f4c991c899008a3c3d808c4fd1faf,bc021bca6d413e71f8593a42ffa78b54c2588dd6f2a9ab06c8049b7ae8dabe10,09a8d9fdabbb0e2bf8aa701a732739cac2b1b05e14954de3ae53bec5d0b6f887,99a0ec8f9f9bb87c827308e757ca965589bffff64afbde804b069d7cbdfb8a71,1,d3f5d5c29df3e348a78bd03ae127819c1fe869b0ff01a095bd75ffa2d1dd2dd8,UNKNOWN,SLAB_STRICT_INCLUSION_FAILED,False,False,0.12,2,7.853945271918406e-10,1.0,-4.650310692078108e-10,0.42652791600039563,0.0,0.07701642999973046,0.01619521500015253,0.5035443460001261,0.0,0.5197395610002786,23855104,24845,5021
7b544c159fd761b4a2c2,diode_rc,slow_hot_start,residual-stopped-damped-newton-v1,float64,1e-10,1.2e-05,100,2,0,device_local_pointwise_b2,0aa356746f107f33d52598cf9b1e76341f3a43f4ee384674e528c4dc7298256e,10ca1025966e646808c4c3421fa74234982161c5bf2f168ba40591cf1fa53c1f,afe94dcda9eb1373430019a5e2bbb8893ccd503d22d72143bdd34f14d943e0da,83fb25269a4284f00bcdc281522f31ca981e810e0a4166842e455afc2930cb9a,b24939bba54ce9d155451029bc1315cf08a593e440e4d23ff1e75017ef8131d7,60fe305ae90cfb9e6a200feba6116f7e516f4c991c899008a3c3d808c4fd1faf,bc021bca6d413e71f8593a42ffa78b54c2588dd6f2a9ab06c8049b7ae8dabe10,09a8d9fdabbb0e2bf8aa701a732739cac2b1b05e14954de3ae53bec5d0b6f887,99a0ec8f9f9bb87c827308e757ca965589bffff64afbde804b069d7cbdfb8a71,1,d3f5d5c29df3e348a78bd03ae127819c1fe869b0ff01a095bd75ffa2d1dd2dd8,UNKNOWN,B2_STRICT_INCLUSION_FAILED,False,False,0.11,1,7.853945271918406e-10,1.0,-3.8727338003141654e-10,0.30494531599742913,0.1882087940002748,0.0,0.01571254200371186,0.4931541099977039,0.0,0.5088666520014158,23855104,24845,5021
af876654b4b03fb2e69d,diode_rc,slow_hot_start,residual-stopped-damped-newton-v1,float64,1e-10,1.2e-05,100,2,0,temporal_only,0aa356746f107f33d52598cf9b1e76341f3a43f4ee384674e528c4dc7298256e,10ca1025966e646808c4c3421fa74234982161c5bf2f168ba40591cf1fa53c1f,afe94dcda9eb1373430019a5e2bbb8893ccd503d22d72143bdd34f14d943e0da,83fb25269a4284f00bcdc281522f31ca981e810e0a4166842e455afc2930cb9a,b24939bba54ce9d155451029bc1315cf08a593e440e4d23ff1e75017ef8131d7,60fe305ae90cfb9e6a200feba6116f7e516f4c991c899008a3c3d808c4fd1faf,bc021bca6d413e71f8593a42ffa78b54c2588dd6f2a9ab06c8049b7ae8dabe10,09a8d9fdabbb0e2bf8aa701a732739cac2b1b05e14954de3ae53bec5d0b6f887,99a0ec8f9f9bb87c827308e757ca965589bffff64afbde804b069d7cbdfb8a71,1,d3f5d5c29df3e348a78bd03ae127819c1fe869b0ff01a095bd75ffa2d1dd2dd8,UNKNOWN,SLAB_STRICT_INCLUSION_FAILED,False,False,0.12,2,7.853945271918406e-10,1.0,-4.650310692078108e-10,0.40915014999836785,0.0,0.08969690899766647,0.016879300999789848,0.4988470589960343,0.0,0.5157263599958242,23855104,24845,5021
03233bbf4efe2c4607c6,diode_rc,slow_hot_start,residual-stopped-damped-newton-v1,float64,1e-10,1.2e-05,100,2,0,temporal_device_blockstamp,0aa356746f107f33d52598cf9b1e76341f3a43f4ee384674e528c4dc7298256e,10ca1025966e646808c4c3421fa74234982161c5bf2f168ba40591cf1fa53c1f,afe94dcda9eb1373430019a5e2bbb8893ccd503d22d72143bdd34f14d943e0da,83fb25269a4284f00bcdc281522f31ca981e810e0a4166842e455afc2930cb9a,b24939bba54ce9d155451029bc1315cf08a593e440e4d23ff1e75017ef8131d7,60fe305ae90cfb9e6a200feba6116f7e516f4c991c899008a3c3d808c4fd1faf,bc021bca6d413e71f8593a42ffa78b54c2588dd6f2a9ab06c8049b7ae8dabe10,09a8d9fdabbb0e2bf8aa701a732739cac2b1b05e14954de3ae53bec5d0b6f887,99a0ec8f9f9bb87c827308e757ca965589bffff64afbde804b069d7cbdfb8a71,1,d3f5d5c29df3e348a78bd03ae127819c1fe869b0ff01a095bd75ffa2d1dd2dd8,UNKNOWN,SLAB_STRICT_INCLUSION_FAILED,False,False,0.12,2,7.853945271918406e-10,1.0,-4.650310692078108e-10,0.39280520099782734,0.0,0.08716011900150988,0.015438824002558249,0.4799653199993372,0.0,0.4954041440018955,23855104,24845,5021
6fbcad761170ace15c2d,diode_rc,slow_hot_start,residual-stopped-damped-newton-v1,float64,1e-10,1.2e-05,100,4,0,dense_slab_generic,0aa356746f107f33d52598cf9b1e76341f3a43f4ee384674e528c4dc7298256e,10ca1025966e646808c4c3421fa74234982161c5bf2f168ba40591cf1fa53c1f,afe94dcda9eb1373430019a5e2bbb8893ccd503d22d72143bdd34f14d943e0da,83fb25269a4284f00bcdc281522f31ca981e810e0a4166842e455afc2930cb9a,b24939bba54ce9d155451029bc1315cf08a593e440e4d23ff1e75017ef8131d7,60fe305ae90cfb9e6a200feba6116f7e516f4c991c899008a3c3d808c4fd1faf,bc021bca6d413e71f8593a42ffa78b54c2588dd6f2a9ab06c8049b7ae8dabe10,09a8d9fdabbb0e2bf8aa701a732739cac2b1b05e14954de3ae53bec5d0b6f887,99a0ec8f9f9bb87c827308e757ca965589bffff64afbde804b069d7cbdfb8a71,1,d3f5d5c29df3e348a78bd03ae127819c1fe869b0ff01a095bd75ffa2d1dd2dd8,UNKNOWN,SLAB_STRICT_INCLUSION_FAILED,False,False,0.12,4,7.853945271918406e-10,1.0,-4.650310692078108e-10,0.44965435299855017,0.0,0.08782891100099732,0.01784040099619233,0.5374832639995475,0.0,0.5553236649957398,23855104,24845,5021
463a5e0f299e166c0fca,diode_rc,slow_hot_start,residual-stopped-damped-newton-v1,float64,1e-10,1.2e-05,100,4,0,device_local_pointwise_b2,0aa356746f107f33d52598cf9b1e76341f3a43f4ee384674e528c4dc7298256e,10ca1025966e646808c4c3421fa74234982161c5bf2f168ba40591cf1fa53c1f,afe94dcda9eb1373430019a5e2bbb8893ccd503d22d72143bdd34f14d943e0da,83fb25269a4284f00bcdc281522f31ca981e810e0a4166842e455afc2930cb9a,b24939bba54ce9d155451029bc1315cf08a593e440e4d23ff1e75017ef8131d7,60fe305ae90cfb9e6a200feba6116f7e516f4c991c899008a3c3d808c4fd1faf,bc021bca6d413e71f8593a42ffa78b54c2588dd6f2a9ab06c8049b7ae8dabe10,09a8d9fdabbb0e2bf8aa701a732739cac2b1b05e14954de3ae53bec5d0b6f887,99a0ec8f9f9bb87c827308e757ca965589bffff64afbde804b069d7cbdfb8a71,1,d3f5d5c29df3e348a78bd03ae127819c1fe869b0ff01a095bd75ffa2d1dd2dd8,UNKNOWN,B2_STRICT_INCLUSION_FAILED,False,False,0.11,1,7.853945271918406e-10,1.0,-3.8727338003141654e-10,0.3075218480012154,0.18806224000218208,0.0,0.017181704004542553,0.4955840880033975,0.0,0.51276579200794,23986176,24845,5021
54f2a2ec89a48a12deef,diode_rc,slow_hot_start,residual-stopped-damped-newton-v1,float64,1e-10,1.2e-05,100,4,0,temporal_only,0aa356746f107f33d52598cf9b1e76341f3a43f4ee384674e528c4dc7298256e,10ca1025966e646808c4c3421fa74234982161c5bf2f168ba40591cf1fa53c1f,afe94dcda9eb1373430019a5e2bbb8893ccd503d22d72143bdd34f14d943e0da,83fb25269a4284f00bcdc281522f31ca981e810e0a4166842e455afc2930cb9a,b24939bba54ce9d155451029bc1315cf08a593e440e4d23ff1e75017ef8131d7,60fe305ae90cfb9e6a200feba6116f7e516f4c991c899008a3c3d808c4fd1faf,bc021bca6d413e71f8593a42ffa78b54c2588dd6f2a9ab06c8049b7ae8dabe10,09a8d9fdabbb0e2bf8aa701a732739cac2b1b05e14954de3ae53bec5d0b6f887,99a0ec8f9f9bb87c827308e757ca965589bffff64afbde804b069d7cbdfb8a71,1,d3f5d5c29df3e348a78bd03ae127819c1fe869b0ff01a095bd75ffa2d1dd2dd8,UNKNOWN,SLAB_STRICT_INCLUSION_FAILED,False,False,0.12,4,7.853945271918406e-10,1.0,-4.650310692078108e-10,0.4234417809993829,0.0,0.10736058000065896,0.016246293997483008,0.5308023610000419,0.0,0.5470486549975249,24117248,24845,5021
a6e1c0acf6753f5f07e3,diode_rc,slow_hot_start,residual-stopped-damped-newton-v1,float64,1e-10,1.2e-05,100,4,0,temporal_device_blockstamp,0aa356746f107f33d52598cf9b1e76341f3a43f4ee384674e528c4dc7298256e,10ca1025966e646808c4c3421fa74234982161c5bf2f168ba40591cf1fa53c1f,afe94dcda9eb1373430019a5e2bbb8893ccd503d22d72143bdd34f14d943e0da,83fb25269a4284f00bcdc281522f31ca981e810e0a4166842e455afc2930cb9a,b24939bba54ce9d155451029bc1315cf08a593e440e4d23ff1e75017ef8131d7,60fe305ae90cfb9e6a200feba6116f7e516f4c991c899008a3c3d808c4fd1faf,bc021bca6d413e71f8593a42ffa78b54c2588dd6f2a9ab06c8049b7ae8dabe10,09a8d9fdabbb0e2bf8aa701a732739cac2b1b05e14954de3ae53bec5d0b6f887,99a0ec8f9f9bb87c827308e757ca965589bffff64afbde804b069d7cbdfb8a71,1,d3f5d5c29df3e348a78bd03ae127819c1fe869b0ff01a095bd75ffa2d1dd2dd8,UNKNOWN,SLAB_STRICT_INCLUSION_FAILED,False,False,0.12,4,7.853945271918406e-10,1.0,-4.650310692078108e-10,0.4244161499996153,0.0,0.11927581400095733,0.017020903002503474,0.5436919640005726,0.0,0.5607128670030761,23986176,24845,5021
f31776918662b5026521,diode_rc,slow_hot_start,residual-stopped-damped-newton-v1,float64,1e-10,1.2e-05,100,8,0,dense_slab_generic,0aa356746f107f33d52598cf9b1e76341f3a43f4ee384674e528c4dc7298256e,10ca1025966e646808c4c3421fa74234982161c5bf2f168ba40591cf1fa53c1f,afe94dcda9eb1373430019a5e2bbb8893ccd503d22d72143bdd34f14d943e0da,83fb25269a4284f00bcdc281522f31ca981e810e0a4166842e455afc2930cb9a,b24939bba54ce9d155451029bc1315cf08a593e440e4d23ff1e75017ef8131d7,60fe305ae90cfb9e6a200feba6116f7e516f4c991c899008a3c3d808c4fd1faf,bc021bca6d413e71f8593a42ffa78b54c2588dd6f2a9ab06c8049b7ae8dabe10,09a8d9fdabbb0e2bf8aa701a732739cac2b1b05e14954de3ae53bec5d0b6f887,99a0ec8f9f9bb87c827308e757ca965589bffff64afbde804b069d7cbdfb8a71,1,d3f5d5c29df3e348a78bd03ae127819c1fe869b0ff01a095bd75ffa2d1dd2dd8,UNKNOWN,SLAB_STRICT_INCLUSION_FAILED,False,False,0.04,0,7.853945271918406e-10,1.0,-4.952879772979202e-10,0.4229467060008574,0.0,0.0910229519990935,0.017019206999975722,0.5139696579999509,0.0,0.5309888649999266,23986176,24845,5021
4ecfba61de479586a6b3,diode_rc,slow_hot_start,residual-stopped-damped-newton-v1,float64,1e-10,1.2e-05,100,8,0,device_local_pointwise_b2,0aa356746f107f33d52598cf9b1e76341f3a43f4ee384674e528c4dc7298256e,10ca1025966e646808c4c3421fa74234982161c5bf2f168ba40591cf1fa53c1f,afe94dcda9eb1373430019a5e2bbb8893ccd503d22d72143bdd34f14d943e0da,83fb25269a4284f00bcdc281522f31ca981e810e0a4166842e455afc2930cb9a,b24939bba54ce9d155451029bc1315cf08a593e440e4d23ff1e75017ef8131d7,60fe305ae90cfb9e6a200feba6116f7e516f4c991c899008a3c3d808c4fd1faf,bc021bca6d413e71f8593a42ffa78b54c2588dd6f2a9ab06c8049b7ae8dabe10,09a8d9fdabbb0e2bf8aa701a732739cac2b1b05e14954de3ae53bec5d0b6f887,99a0ec8f9f9bb87c827308e757ca965589bffff64afbde804b069d7cbdfb8a71,1,d3f5d5c29df3e348a78bd03ae127819c1fe869b0ff01a095bd75ffa2d1dd2dd8,UNKNOWN,B2_STRICT_INCLUSION_FAILED,False,False,0.11,1,7.853945271918406e-10,1.0,-3.8727338003141654e-10,0.27978818799874716,0.17365003300074022,0.0,0.015872759001013037,0.4534382209994874,0.0,0.4693109800005004,23842816,24845,5021
e555dc90ca2fba86eb86,diode_rc,slow_hot_start,residual-stopped-damped-newton-v1,float64,1e-10,1.2e-05,100,8,0,temporal_only,0aa356746f107f33d52598cf9b1e76341f3a43f4ee384674e528c4dc7298256e,10ca1025966e646808c4c3421fa74234982161c5bf2f168ba40591cf1fa53c1f,afe94dcda9eb1373430019a5e2bbb8893ccd503d22d72143bdd34f14d943e0da,83fb25269a4284f00bcdc281522f31ca981e810e0a4166842e455afc2930cb9a,b24939bba54ce9d155451029bc1315cf08a593e440e4d23ff1e75017ef8131d7,60fe305ae90cfb9e6a200feba6116f7e516f4c991c899008a3c3d808c4fd1faf,bc021bca6d413e71f8593a42ffa78b54c2588dd6f2a9ab06c8049b7ae8dabe10,09a8d9fdabbb0e2bf8aa701a732739cac2b1b05e14954de3ae53bec5d0b6f887,99a0ec8f9f9bb87c827308e757ca965589bffff64afbde804b069d7cbdfb8a71,1,d3f5d5c29df3e348a78bd03ae127819c1fe869b0ff01a095bd75ffa2d1dd2dd8,UNKNOWN,SLAB_STRICT_INCLUSION_FAILED,False,False,0.04,0,7.853945271918406e-10,1.0,-4.952879772979202e-10,0.4169642490001024,0.0,0.11768221399961476,0.01680129999476776,0.5346464629997172,0.0,0.551447762994485,23986176,24845,5021
311e38e81e6a02a19617,diode_rc,slow_hot_start,residual-stopped-damped-newton-v1,float64,1e-10,1.2e-05,100,8,0,temporal_device_blockstamp,0aa356746f107f33d52598cf9b1e76341f3a43f4ee384674e528c4dc7298256e,10ca1025966e646808c4c3421fa74234982161c5bf2f168ba40591cf1fa53c1f,afe94dcda9eb1373430019a5e2bbb8893ccd503d22d72143bdd34f14d943e0da,83fb25269a4284f00bcdc281522f31ca981e810e0a4166842e455afc2930cb9a,b24939bba54ce9d155451029bc1315cf08a593e440e4d23ff1e75017ef8131d7,60fe305ae90cfb9e6a200feba6116f7e516f4c991c899008a3c3d808c4fd1faf,bc021bca6d413e71f8593a42ffa78b54c2588dd6f2a9ab06c8049b7ae8dabe10,09a8d9fdabbb0e2bf8aa701a732739cac2b1b05e14954de3ae53bec5d0b6f887,99a0ec8f9f9bb87c827308e757ca965589bffff64afbde804b069d7cbdfb8a71,1,d3f5d5c29df3e348a78bd03ae127819c1fe869b0ff01a095bd75ffa2d1dd2dd8,UNKNOWN,SLAB_STRICT_INCLUSION_FAILED,False,False,0.04,0,7.853945271918406e-10,1.0,-4.952879772979202e-10,0.3878312940005344,0.0,0.10610725599963189,0.01634633899993787,0.4939385500001663,0.0,0.5102848890001042,23855104,24845,5021
423773336ab442285cbd,diode_rc,slow_hot_start,residual-stopped-damped-newton-v1,float64,1e-10,1.2e-05,100,16,0,dense_slab_generic,0aa356746f107f33d52598cf9b1e76341f3a43f4ee384674e528c4dc7298256e,10ca1025966e646808c4c3421fa74234982161c5bf2f168ba40591cf1fa53c1f,afe94dcda9eb1373430019a5e2bbb8893ccd503d22d72143bdd34f14d943e0da,83fb25269a4284f00bcdc281522f31ca981e810e0a4166842e455afc2930cb9a,b24939bba54ce9d155451029bc1315cf08a593e440e4d23ff1e75017ef8131d7,60fe305ae90cfb9e6a200feba6116f7e516f4c991c899008a3c3d808c4fd1faf,bc021bca6d413e71f8593a42ffa78b54c2588dd6f2a9ab06c8049b7ae8dabe10,09a8d9fdabbb0e2bf8aa701a732739cac2b1b05e14954de3ae53bec5d0b6f887,99a0ec8f9f9bb87c827308e757ca965589bffff64afbde804b069d7cbdfb8a71,1,d3f5d5c29df3e348a78bd03ae127819c1fe869b0ff01a095bd75ffa2d1dd2dd8,UNKNOWN,SLAB_STRICT_INCLUSION_FAILED,False,False,0.04,0,7.853945271918406e-10,1.0,-9.567339143146114e-10,0.4003930250000849,0.0,0.09521597600041787,0.016145800997946935,0.49560900100050276,0.0,0.5117548019984497,23986176,24845,5021
9ea4b5d6965e9771c106,diode_rc,slow_hot_start,residual-stopped-damped-newton-v1,float64,1e-10,1.2e-05,100,16,0,device_local_pointwise_b2,0aa356746f107f33d52598cf9b1e76341f3a43f4ee384674e528c4dc7298256e,10ca1025966e646808c4c3421fa74234982161c5bf2f168ba40591cf1fa53c1f,afe94dcda9eb1373430019a5e2bbb8893ccd503d22d72143bdd34f14d943e0da,83fb25269a4284f00bcdc281522f31ca981e810e0a4166842e455afc2930cb9a,b24939bba54ce9d155451029bc1315cf08a593e440e4d23ff1e75017ef8131d7,60fe305ae90cfb9e6a200feba6116f7e516f4c991c899008a3c3d808c4fd1faf,bc021bca6d413e71f8593a42ffa78b54c2588dd6f2a9ab06c8049b7ae8dabe10,09a8d9fdabbb0e2bf8aa701a732739cac2b1b05e14954de3ae53bec5d0b6f887,99a0ec8f9f9bb87c827308e757ca965589bffff64afbde804b069d7cbdfb8a71,1,d3f5d5c29df3e348a78bd03ae127819c1fe869b0ff01a095bd75ffa2d1dd2dd8,UNKNOWN,B2_STRICT_INCLUSION_FAILED,False,False,0.11,1,7.853945271918406e-10,1.0,-3.8727338003141654e-10,0.29987883700414386,0.18368002000079287,0.0,0.01908570300338397,0.4835588570049367,0.0,0.5026445600083207,23986176,24845,5021
ba62e53be572b4d3e37c,diode_rc,slow_hot_start,residual-stopped-damped-newton-v1,float64,1e-10,1.2e-05,100,16,0,temporal_only,0aa356746f107f33d52598cf9b1e76341f3a43f4ee384674e528c4dc7298256e,10ca1025966e646808c4c3421fa74234982161c5bf2f168ba40591cf1fa53c1f,afe94dcda9eb1373430019a5e2bbb8893ccd503d22d72143bdd34f14d943e0da,83fb25269a4284f00bcdc281522f31ca981e810e0a4166842e455afc2930cb9a,b24939bba54ce9d155451029bc1315cf08a593e440e4d23ff1e75017ef8131d7,60fe305ae90cfb9e6a200feba6116f7e516f4c991c899008a3c3d808c4fd1faf,bc021bca6d413e71f8593a42ffa78b54c2588dd6f2a9ab06c8049b7ae8dabe10,09a8d9fdabbb0e2bf8aa701a732739cac2b1b05e14954de3ae53bec5d0b6f887,99a0ec8f9f9bb87c827308e757ca965589bffff64afbde804b069d7cbdfb8a71,1,d3f5d5c29df3e348a78bd03ae127819c1fe869b0ff01a095bd75ffa2d1dd2dd8,UNKNOWN,SLAB_STRICT_INCLUSION_FAILED,False,False,0.04,0,7.853945271918406e-10,1.0,-9.567339143146114e-10,0.402785027000391,0.0,0.1123736779995852,0.016880646006484312,0.5151587049999762,0.0,0.5320393510064605,23724032,24845,5021
23db0a224887e333bb9f,diode_rc,slow_hot_start,residual-stopped-damped-newton-v1,float64,1e-10,1.2e-05,100,16,0,temporal_device_blockstamp,0aa356746f107f33d52598cf9b1e76341f3a43f4ee384674e528c4dc7298256e,10ca1025966e646808c4c3421fa74234982161c5bf2f168ba40591cf1fa53c1f,afe94dcda9eb1373430019a5e2bbb8893ccd503d22d72143bdd34f14d943e0da,83fb25269a4284f00bcdc281522f31ca981e810e0a4166842e455afc2930cb9a,b24939bba54ce9d155451029bc1315cf08a593e440e4d23ff1e75017ef8131d7,60fe305ae90cfb9e6a200feba6116f7e516f4c991c899008a3c3d808c4fd1faf,bc021bca6d413e71f8593a42ffa78b54c2588dd6f2a9ab06c8049b7ae8dabe10,09a8d9fdabbb0e2bf8aa701a732739cac2b1b05e14954de3ae53bec5d0b6f887,99a0ec8f9f9bb87c827308e757ca965589bffff64afbde804b069d7cbdfb8a71,1,d3f5d5c29df3e348a78bd03ae127819c1fe869b0ff01a095bd75ffa2d1dd2dd8,UNKNOWN,SLAB_STRICT_INCLUSION_FAILED,False,False,0.04,0,7.853945271918406e-10,1.0,-9.567339143146114e-10,0.40519083600020167,0.0,0.11326308800153129,0.016763888005243643,0.518453924001733,0.0,0.5352178120069766,23986176,24845,5021
4fa1294edc5568a491e3,nmos_ring_3stage,balanced,residual-stopped-damped-newton-v1,float64,1e-10,2e-09,100,1,0,dense_slab_generic,40bdc0426da2f8389daeb762a679fdb4bf67413ec1a51c66de353c705823213b,92cdb28506d3f7504bf357b8b1474212a388d10abc47189f53e6f984d9cbd47e,16d51d8c910ec012d7c487ab67331bb9fd59c51d6285b18ab7face12958fb48a,a82a3b26ab5b480330715017d38afb5320a796384a269cf12fe1b2ae105f61ee,b24939bba54ce9d155451029bc1315cf08a593e440e4d23ff1e75017ef8131d7,60fe305ae90cfb9e6a200feba6116f7e516f4c991c899008a3c3d808c4fd1faf,bc021bca6d413e71f8593a42ffa78b54c2588dd6f2a9ab06c8049b7ae8dabe10,09a8d9fdabbb0e2bf8aa701a732739cac2b1b05e14954de3ae53bec5d0b6f887,a4a6c707918e6ff460e670b37ae8e9b603cb699d4853a1c0e41a41dec4edf78a,1,d3f5d5c29df3e348a78bd03ae127819c1fe869b0ff01a095bd75ffa2d1dd2dd8,UNKNOWN,SLAB_STRICT_INCLUSION_FAILED,False,False,0.08,1,9.688285729225754e-10,1.0996114349153483,-2.7354751797048493e-10,1.3414409860029082,0.0,0.25428182000223387,0.051723497001148644,1.595722806005142,0.0,1.6474463030062907,24510464,41383,8759
a4026d42cbb822b5aa9c,nmos_ring_3stage,balanced,residual-stopped-damped-newton-v1,float64,1e-10,2e-09,100,1,0,device_local_pointwise_b2,40bdc0426da2f8389daeb762a679fdb4bf67413ec1a51c66de353c705823213b,92cdb28506d3f7504bf357b8b1474212a388d10abc47189f53e6f984d9cbd47e,16d51d8c910ec012d7c487ab67331bb9fd59c51d6285b18ab7face12958fb48a,a82a3b26ab5b480330715017d38afb5320a796384a269cf12fe1b2ae105f61ee,b24939bba54ce9d155451029bc1315cf08a593e440e4d23ff1e75017ef8131d7,60fe305ae90cfb9e6a200feba6116f7e516f4c991c899008a3c3d808c4fd1faf,bc021bca6d413e71f8593a42ffa78b54c2588dd6f2a9ab06c8049b7ae8dabe10,09a8d9fdabbb0e2bf8aa701a732739cac2b1b05e14954de3ae53bec5d0b6f887,a4a6c707918e6ff460e670b37ae8e9b603cb699d4853a1c0e41a41dec4edf78a,1,d3f5d5c29df3e348a78bd03ae127819c1fe869b0ff01a095bd75ffa2d1dd2dd8,UNKNOWN,B2_STRICT_INCLUSION_FAILED,False,False,0.08,1,9.688285729225754e-10,1.0996114349153483,-2.7354751797048493e-10,0.9557654899977024,0.5487757390010302,0.0,0.0487536329978866,1.5045412289987325,0.0,1.5532948619966191,24641536,41383,8759
9b772dc3f7d1e89b05ac,nmos_ring_3stage,balanced,residual-stopped-damped-newton-v1,float64,1e-10,2e-09,100,1,0,temporal_only,40bdc0426da2f8389daeb762a679fdb4bf67413ec1a51c66de353c705823213b,92cdb28506d3f7504bf357b8b1474212a388d10abc47189f53e6f984d9cbd47e,16d51d8c910ec012d7c487ab67331bb9fd59c51d6285b18ab7face12958fb48a,a82a3b26ab5b480330715017d38afb5320a796384a269cf12fe1b2ae105f61ee,b24939bba54ce9d155451029bc1315cf08a593e440e4d23ff1e75017ef8131d7,60fe305ae90cfb9e6a200feba6116f7e516f4c991c899008a3c3d808c4fd1faf,bc021bca6d413e71f8593a42ffa78b54c2588dd6f2a9ab06c8049b7ae8dabe10,09a8d9fdabbb0e2bf8aa701a732739cac2b1b05e14954de3ae53bec5d0b6f887,a4a6c707918e6ff460e670b37ae8e9b603cb699d4853a1c0e41a41dec4edf78a,1,d3f5d5c29df3e348a78bd03ae127819c1fe869b0ff01a095bd75ffa2d1dd2dd8,UNKNOWN,SLAB_STRICT_INCLUSION_FAILED,False,False,0.08,1,9.688285729225754e-10,1.0996114349153483,-2.7354751797048493e-10,1.3245553290021235,0.0,0.24584903300319638,0.04929181499846891,1.5704043620053199,0.0,1.6196961770037888,24510464,41383,8759
29921764ef86de00e1e8,nmos_ring_3stage,balanced,residual-stopped-damped-newton-v1,float64,1e-10,2e-09,100,1,0,temporal_device_blockstamp,40bdc0426da2f8389daeb762a679fdb4bf67413ec1a51c66de353c705823213b,92cdb28506d3f7504bf357b8b1474212a388d10abc47189f53e6f984d9cbd47e,16d51d8c910ec012d7c487ab67331bb9fd59c51d6285b18ab7face12958fb48a,a82a3b26ab5b480330715017d38afb5320a796384a269cf12fe1b2ae105f61ee,b24939bba54ce9d155451029bc1315cf08a593e440e4d23ff1e75017ef8131d7,60fe305ae90cfb9e6a200feba6116f7e516f4c991c899008a3c3d808c4fd1faf,bc021bca6d413e71f8593a42ffa78b54c2588dd6f2a9ab06c8049b7ae8dabe10,09a8d9fdabbb0e2bf8aa701a732739cac2b1b05e14954de3ae53bec5d0b6f887,a4a6c707918e6ff460e670b37ae8e9b603cb699d4853a1c0e41a41dec4edf78a,1,d3f5d5c29df3e348a78bd03ae127819c1fe869b0ff01a095bd75ffa2d1dd2dd8,UNKNOWN,SLAB_STRICT_INCLUSION_FAILED,False,False,0.08,1,9.688285729225754e-10,1.0996114349153483,-2.7354751797048493e-10,1.3051496549965123,0.0,0.2509155260008811,0.05094441099709002,1.5560651809973933,0.0,1.6070095919944833,24510464,41383,8759
14e54b0f1311b4ccc7c9,nmos_ring_3stage,balanced,residual-stopped-damped-newton-v1,float64,1e-10,2e-09,100,2,0,dense_slab_generic,40bdc0426da2f8389daeb762a679fdb4bf67413ec1a51c66de353c705823213b,92cdb28506d3f7504bf357b8b1474212a388d10abc47189f53e6f984d9cbd47e,16d51d8c910ec012d7c487ab67331bb9fd59c51d6285b18ab7face12958fb48a,a82a3b26ab5b480330715017d38afb5320a796384a269cf12fe1b2ae105f61ee,b24939bba54ce9d155451029bc1315cf08a593e440e4d23ff1e75017ef8131d7,60fe305ae90cfb9e6a200feba6116f7e516f4c991c899008a3c3d808c4fd1faf,bc021bca6d413e71f8593a42ffa78b54c2588dd6f2a9ab06c8049b7ae8dabe10,09a8d9fdabbb0e2bf8aa701a732739cac2b1b05e14954de3ae53bec5d0b6f887,a4a6c707918e6ff460e670b37ae8e9b603cb699d4853a1c0e41a41dec4edf78a,1,d3f5d5c29df3e348a78bd03ae127819c1fe869b0ff01a095bd75ffa2d1dd2dd8,UNKNOWN,SLAB_STRICT_INCLUSION_FAILED,False,False,0.06,2,9.688285729225754e-10,1.0996114349153483,-4.860186697541735e-10,1.3425140349986577,0.0,0.3439590890002364,0.05165659100111952,1.6864731239988942,0.0,1.7381297150000137,24510464,41383,8759
c5fcd1f16eadd936413b,nmos_ring_3stage,balanced,residual-stopped-damped-newton-v1,float64,1e-10,2e-09,100,2,0,device_local_pointwise_b2,40bdc0426da2f8389daeb762a679fdb4bf67413ec1a51c66de353c705823213b,92cdb28506d3f7504bf357b8b1474212a388d10abc47189f53e6f984d9cbd47e,16d51d8c910ec012d7c487ab67331bb9fd59c51d6285b18ab7face12958fb48a,a82a3b26ab5b480330715017d38afb5320a796384a269cf12fe1b2ae105f61ee,b24939bba54ce9d155451029bc1315cf08a593e440e4d23ff1e75017ef8131d7,60fe305ae90cfb9e6a200feba6116f7e516f4c991c899008a3c3d808c4fd1faf,bc021bca6d413e71f8593a42ffa78b54c2588dd6f2a9ab06c8049b7ae8dabe10,09a8d9fdabbb0e2bf8aa701a732739cac2b1b05e14954de3ae53bec5d0b6f887,a4a6c707918e6ff460e670b37ae8e9b603cb699d4853a1c0e41a41dec4edf78a,1,d3f5d5c29df3e348a78bd03ae127819c1fe869b0ff01a095bd75ffa2d1dd2dd8,UNKNOWN,B2_STRICT_INCLUSION_FAILED,False,False,0.08,1,9.688285729225754e-10,1.0996114349153483,-2.7354751797048493e-10,1.004160564999438,0.5771587979993456,0.0,0.04998979799802328,1.5813193629987836,0.0,1.631309160996807,24510464,41383,8759
294a67f26dc1fb0c9d10,nmos_ring_3stage,balanced,residual-stopped-damped-newton-v1,float64,1e-10,2e-09,100,2,0,temporal_only,40bdc0426da2f8389daeb762a679fdb4bf67413ec1a51c66de353c705823213b,92cdb28506d3f7504bf357b8b1474212a388d10abc47189f53e6f984d9cbd47e,16d51d8c910ec012d7c487ab67331bb9fd59c51d6285b18ab7face12958fb48a,a82a3b26ab5b480330715017d38afb5320a796384a269cf12fe1b2ae105f61ee,b24939bba54ce9d155451029bc1315cf08a593e440e4d23ff1e75017ef8131d7,60fe305ae90cfb9e6a200feba6116f7e516f4c991c899008a3c3d808c4fd1faf,bc021bca6d413e71f8593a42ffa78b54c2588dd6f2a9ab06c8049b7ae8dabe10,09a8d9fdabbb0e2bf8aa701a732739cac2b1b05e14954de3ae53bec5d0b6f887,a4a6c707918e6ff460e670b37ae8e9b603cb699d4853a1c0e41a41dec4edf78a,1,d3f5d5c29df3e348a78bd03ae127819c1fe869b0ff01a095bd75ffa2d1dd2dd8,UNKNOWN,SLAB_STRICT_INCLUSION_FAILED,False,False,0.06,2,9.688285729225754e-10,1.0996114349153483,-4.860186697541735e-10,1.2833188570016318,0.0,0.3273162019991105,0.05175592499608683,1.6106350590007423,0.0,1.6623909839968292,24379392,41383,8759
238fe7839f82ba0dbb80,nmos_ring_3stage,balanced,residual-stopped-damped-newton-v1,float64,1e-10,2e-09,100,2,0,temporal_device_blockstamp,40bdc0426da2f8389daeb762a679fdb4bf67413ec1a51c66de353c705823213b,92cdb28506d3f7504bf357b8b1474212a388d10abc47189f53e6f984d9cbd47e,16d51d8c910ec012d7c487ab67331bb9fd59c51d6285b18ab7face12958fb48a,a82a3b26ab5b480330715017d38afb5320a796384a269cf12fe1b2ae105f61ee,b24939bba54ce9d155451029bc1315cf08a593e440e4d23ff1e75017ef8131d7,60fe305ae90cfb9e6a200feba6116f7e516f4c991c899008a3c3d808c4fd1faf,bc021bca6d413e71f8593a42ffa78b54c2588dd6f2a9ab06c8049b7ae8dabe10,09a8d9fdabbb0e2bf8aa701a732739cac2b1b05e14954de3ae53bec5d0b6f887,a4a6c707918e6ff460e670b37ae8e9b603cb699d4853a1c0e41a41dec4edf78a,1,d3f5d5c29df3e348a78bd03ae127819c1fe869b0ff01a095bd75ffa2d1dd2dd8,UNKNOWN,SLAB_STRICT_INCLUSION_FAILED,False,False,0.06,2,9.688285729225754e-10,1.0996114349153483,-4.860186697541735e-10,1.292770863997248,0.0,0.32694779700159415,0.05018212399863842,1.619718660998842,0.0,1.6699007849974805,24379392,41383,8759
6b00260118cbb0c7809a,nmos_ring_3stage,balanced,residual-stopped-damped-newton-v1,float64,1e-10,2e-09,100,4,0,dense_slab_generic,40bdc0426da2f8389daeb762a679fdb4bf67413ec1a51c66de353c705823213b,92cdb28506d3f7504bf357b8b1474212a388d10abc47189f53e6f984d9cbd47e,16d51d8c910ec012d7c487ab67331bb9fd59c51d6285b18ab7face12958fb48a,a82a3b26ab5b480330715017d38afb5320a796384a269cf12fe1b2ae105f61ee,b24939bba54ce9d155451029bc1315cf08a593e440e4d23ff1e75017ef8131d7,60fe305ae90cfb9e6a200feba6116f7e516f4c991c899008a3c3d808c4fd1faf,bc021bca6d413e71f8593a42ffa78b54c2588dd6f2a9ab06c8049b7ae8dabe10,09a8d9fdabbb0e2bf8aa701a732739cac2b1b05e14954de3ae53bec5d0b6f887,a4a6c707918e6ff460e670b37ae8e9b603cb699d4853a1c0e41a41dec4edf78a,1,d3f5d5c29df3e348a78bd03ae127819c1fe869b0ff01a095bd75ffa2d1dd2dd8,UNKNOWN,SLAB_STRICT_INCLUSION_FAILED,False,False,0.04,4,9.688285729225754e-10,1.0996114349153483,-7.340748009454501e-10,1.4348837629995614,0.0,0.4062218729986853,0.049345726001320145,1.8411056359982467,0.0,1.8904513619995669,24379392,41383,8759
f5c9c6ce1cd088b55381,nmos_ring_3stage,balanced,residual-stopped-damped-newton-v1,float64,1e-10,2e-09,100,4,0,device_local_pointwise_b2,40bdc0426da2f8389daeb762a679fdb4bf67413ec1a51c66de353c705823213b,92cdb28506d3f7504bf357b8b1474212a388d10abc47189f53e6f984d9cbd47e,16d51d8c910ec012d7c487ab67331bb9fd59c51d6285b18ab7face12958fb48a,a82a3b26ab5b480330715017d38afb5320a796384a269cf12fe1b2ae105f61ee,b24939bba54ce9d155451029bc1315cf08a593e440e4d23ff1e75017ef8131d7,60fe305ae90cfb9e6a200feba6116f7e516f4c991c899008a3c3d808c4fd1faf,bc021bca6d413e71f8593a42ffa78b54c2588dd6f2a9ab06c8049b7ae8dabe10,09a8d9fdabbb0e2bf8aa701a732739cac2b1b05e14954de3ae53bec5d0b6f887,a4a6c707918e6ff460e670b37ae8e9b603cb699d4853a1c0e41a41dec4edf78a,1,d3f5d5c29df3e348a78bd03ae127819c1fe869b0ff01a095bd75ffa2d1dd2dd8,UNKNOWN,B2_STRICT_INCLUSION_FAILED,False,False,0.08,1,9.688285729225754e-10,1.0996114349153483,-2.7354751797048493e-10,0.9850952700026028,0.5839541200007261,0.0,0.050728194999464904,1.5690493900033289,0.0,1.6197775850027938,24510464,41383,8759
263bbbe580b6f4933641,nmos_ring_3stage,balanced,residual-stopped-damped-newton-v1,float64,1e-10,2e-09,100,4,0,temporal_only,40bdc0426da2f8389daeb762a679fdb4bf67413ec1a51c66de353c705823213b,92cdb28506d3f7504bf357b8b1474212a388d10abc47189f53e6f984d9cbd47e,16d51d8c910ec012d7c487ab67331bb9fd59c51d6285b18ab7face12958fb48a,a82a3b26ab5b480330715017d38afb5320a796384a269cf12fe1b2ae105f61ee,b24939bba54ce9d155451029bc1315cf08a593e440e4d23ff1e75017ef8131d7,60fe305ae90cfb9e6a200feba6116f7e516f4c991c899008a3c3d808c4fd1faf,bc021bca6d413e71f8593a42ffa78b54c2588dd6f2a9ab06c8049b7ae8dabe10,09a8d9fdabbb0e2bf8aa701a732739cac2b1b05e14954de3ae53bec5d0b6f887,a4a6c707918e6ff460e670b37ae8e9b603cb699d4853a1c0e41a41dec4edf78a,1,d3f5d5c29df3e348a78bd03ae127819c1fe869b0ff01a095bd75ffa2d1dd2dd8,UNKNOWN,SLAB_STRICT_INCLUSION_FAILED,False,False,0.04,4,9.688285729225754e-10,1.0996114349153483,-7.340748009454501e-10,1.2898022229996968,0.0,0.35692390099757176,0.047719689997848036,1.6467261239972686,0.0,1.6944458139951166,24510464,41383,8759
c8e3149323dcd9417161,nmos_ring_3stage,balanced,residual-stopped-damped-newton-v1,float64,1e-10,2e-09,100,4,0,temporal_device_blockstamp,40bdc0426da2f8389daeb762a679fdb4bf67413ec1a51c66de353c705823213b,92cdb28506d3f7504bf357b8b1474212a388d10abc47189f53e6f984d9cbd47e,16d51d8c910ec012d7c487ab67331bb9fd59c51d6285b18ab7face12958fb48a,a82a3b26ab5b480330715017d38afb5320a796384a269cf12fe1b2ae105f61ee,b24939bba54ce9d155451029bc1315cf08a593e440e4d23ff1e75017ef8131d7,60fe305ae90cfb9e6a200feba6116f7e516f4c991c899008a3c3d808c4fd1faf,bc021bca6d413e71f8593a42ffa78b54c2588dd6f2a9ab06c8049b7ae8dabe10,09a8d9fdabbb0e2bf8aa701a732739cac2b1b05e14954de3ae53bec5d0b6f887,a4a6c707918e6ff460e670b37ae8e9b603cb699d4853a1c0e41a41dec4edf78a,1,d3f5d5c29df3e348a78bd03ae127819c1fe869b0ff01a095bd75ffa2d1dd2dd8,UNKNOWN,SLAB_STRICT_INCLUSION_FAILED,False,False,0.04,4,9.688285729225754e-10,1.0996114349153483,-7.340748009454501e-10,1.3168662789994414,0.0,0.3835027380005158,0.049477246000151354,1.7003690169999572,0.0,1.7498462630001086,24510464,41383,8759
ff5864595a6152a80b9e,nmos_ring_3stage,balanced,residual-stopped-damped-newton-v1,float64,1e-10,2e-09,100,8,0,dense_slab_generic,40bdc0426da2f8389daeb762a679fdb4bf67413ec1a51c66de353c705823213b,92cdb28506d3f7504bf357b8b1474212a388d10abc47189f53e6f984d9cbd47e,16d51d8c910ec012d7c487ab67331bb9fd59c51d6285b18ab7face12958fb48a,a82a3b26ab5b480330715017d38afb5320a796384a269cf12fe1b2ae105f61ee,b24939bba54ce9d155451029bc1315cf08a593e440e4d23ff1e75017ef8131d7,60fe305ae90cfb9e6a200feba6116f7e516f4c991c899008a3c3d808c4fd1faf,bc021bca6d413e71f8593a42ffa78b54c2588dd6f2a9ab06c8049b7ae8dabe10,09a8d9fdabbb0e2bf8aa701a732739cac2b1b05e14954de3ae53bec5d0b6f887,a4a6c707918e6ff460e670b37ae8e9b603cb699d4853a1c0e41a41dec4edf78a,1,d3f5d5c29df3e348a78bd03ae127819c1fe869b0ff01a095bd75ffa2d1dd2dd8,UNKNOWN,SLAB_STRICT_INCLUSION_FAILED,False,False,0.08,8,9.688285729225754e-10,1.0996114349153483,-9.156361224782472e-10,1.302262045999214,0.0,0.41794575599988093,0.04969969300100274,1.720207801999095,0.0,1.7699074950000977,24510464,41383,8759
9be3668cba90ea6d9bf4,nmos_ring_3stage,balanced,residual-stopped-damped-newton-v1,float64,1e-10,2e-09,100,8,0,device_local_pointwise_b2,40bdc0426da2f8389daeb762a679fdb4bf67413ec1a51c66de353c705823213b,92cdb28506d3f7504bf357b8b1474212a388d10abc47189f53e6f984d9cbd47e,16d51d8c910ec012d7c487ab67331bb9fd59c51d6285b18ab7face12958fb48a,a82a3b26ab5b480330715017d38afb5320a796384a269cf12fe1b2ae105f61ee,b24939bba54ce9d155451029bc1315cf08a593e440e4d23ff1e75017ef8131d7,60fe305ae90cfb9e6a200feba6116f7e516f4c991c899008a3c3d808c4fd1faf,bc021bca6d413e71f8593a42ffa78b54c2588dd6f2a9ab06c8049b7ae8dabe10,09a8d9fdabbb0e2bf8aa701a732739cac2b1b05e14954de3ae53bec5d0b6f887,a4a6c707918e6ff460e670b37ae8e9b603cb699d4853a1c0e41a41dec4edf78a,1,d3f5d5c29df3e348a78bd03ae127819c1fe869b0ff01a095bd75ffa2d1dd2dd8,UNKNOWN,B2_STRICT_INCLUSION_FAILED,False,False,0.08,1,9.688285729225754e-10,1.0996114349153483,-2.7354751797048493e-10,1.0065602029981164,0.5873379820022819,0.0,0.049874948997967294,1.5938981850003984,0.0,1.6437731339983657,24641536,41383,8759
3fa0b4628ca2a2e4e25d,nmos_ring_3stage,balanced,residual-stopped-damped-newton-v1,float64,1e-10,2e-09,100,8,0,temporal_only,40bdc0426da2f8389daeb762a679fdb4bf67413ec1a51c66de353c705823213b,92cdb28506d3f7504bf357b8b1474212a388d10abc47189f53e6f984d9cbd47e,16d51d8c910ec012d7c487ab67331bb9fd59c51d6285b18ab7face12958fb48a,a82a3b26ab5b480330715017d38afb5320a796384a269cf12fe1b2ae105f61ee,b24939bba54ce9d155451029bc1315cf08a593e440e4d23ff1e75017ef8131d7,60fe305ae90cfb9e6a200feba6116f7e516f4c991c899008a3c3d808c4fd1faf,bc021bca6d413e71f8593a42ffa78b54c2588dd6f2a9ab06c8049b7ae8dabe10,09a8d9fdabbb0e2bf8aa701a732739cac2b1b05e14954de3ae53bec5d0b6f887,a4a6c707918e6ff460e670b37ae8e9b603cb699d4853a1c0e41a41dec4edf78a,1,d3f5d5c29df3e348a78bd03ae127819c1fe869b0ff01a095bd75ffa2d1dd2dd8,UNKNOWN,SLAB_STRICT_INCLUSION_FAILED,False,False,0.08,8,9.688285729225754e-10,1.0996114349153483,-9.156361224782472e-10,1.459479267000006,0.0,0.4225586799998382,0.05058226400296917,1.8820379469998443,0.0,1.9326202110028134,24248320,41383,8759
6ab15e1d176a3be121b6,nmos_ring_3stage,balanced,residual-stopped-damped-newton-v1,float64,1e-10,2e-09,100,8,0,temporal_device_blockstamp,40bdc0426da2f8389daeb762a679fdb4bf67413ec1a51c66de353c705823213b,92cdb28506d3f7504bf357b8b1474212a388d10abc47189f53e6f984d9cbd47e,16d51d8c910ec012d7c487ab67331bb9fd59c51d6285b18ab7face12958fb48a,a82a3b26ab5b480330715017d38afb5320a796384a269cf12fe1b2ae105f61ee,b24939bba54ce9d155451029bc1315cf08a593e440e4d23ff1e75017ef8131d7,60fe305ae90cfb9e6a200feba6116f7e516f4c991c899008a3c3d808c4fd1faf,bc021bca6d413e71f8593a42ffa78b54c2588dd6f2a9ab06c8049b7ae8dabe10,09a8d9fdabbb0e2bf8aa701a732739cac2b1b05e14954de3ae53bec5d0b6f887,a4a6c707918e6ff460e670b37ae8e9b603cb699d4853a1c0e41a41dec4edf78a,1,d3f5d5c29df3e348a78bd03ae127819c1fe869b0ff01a095bd75ffa2d1dd2dd8,UNKNOWN,SLAB_STRICT_INCLUSION_FAILED,False,False,0.08,8,9.688285729225754e-10,1.0996114349153483,-9.156361224782472e-10,1.321813048999502,0.0,0.39142074900109947,0.05098656700010906,1.7132337980006014,0.0,1.7642203650007104,24379392,41383,8759
62745c14f9fd87a1de28,nmos_ring_3stage,balanced,residual-stopped-damped-newton-v1,float64,1e-10,2e-09,100,16,0,dense_slab_generic,40bdc0426da2f8389daeb762a679fdb4bf67413ec1a51c66de353c705823213b,92cdb28506d3f7504bf357b8b1474212a388d10abc47189f53e6f984d9cbd47e,16d51d8c910ec012d7c487ab67331bb9fd59c51d6285b18ab7face12958fb48a,a82a3b26ab5b480330715017d38afb5320a796384a269cf12fe1b2ae105f61ee,b24939bba54ce9d155451029bc1315cf08a593e440e4d23ff1e75017ef8131d7,60fe305ae90cfb9e6a200feba6116f7e516f4c991c899008a3c3d808c4fd1faf,bc021bca6d413e71f8593a42ffa78b54c2588dd6f2a9ab06c8049b7ae8dabe10,09a8d9fdabbb0e2bf8aa701a732739cac2b1b05e14954de3ae53bec5d0b6f887,a4a6c707918e6ff460e670b37ae8e9b603cb699d4853a1c0e41a41dec4edf78a,1,d3f5d5c29df3e348a78bd03ae127819c1fe869b0ff01a095bd75ffa2d1dd2dd8,UNKNOWN,SLAB_STRICT_INCLUSION_FAILED,False,False,0.0,0,9.688285729225754e-10,1.0996114349153483,-1.0720609955328086e-09,1.3069456460002584,0.0,0.43858958599957987,0.05117309200340969,1.7455352319998383,0.0,1.796708324003248,24510464,41383,8759
3ae58a99c37cc18f42a1,nmos_ring_3stage,balanced,residual-stopped-damped-newton-v1,float64,1e-10,2e-09,100,16,0,device_local_pointwise_b2,40bdc0426da2f8389daeb762a679fdb4bf67413ec1a51c66de353c705823213b,92cdb28506d3f7504bf357b8b1474212a388d10abc47189f53e6f984d9cbd47e,16d51d8c910ec012d7c487ab67331bb9fd59c51d6285b18ab7face12958fb48a,a82a3b26ab5b480330715017d38afb5320a796384a269cf12fe1b2ae105f61ee,b24939bba54ce9d155451029bc1315cf08a593e440e4d23ff1e75017ef8131d7,60fe305ae90cfb9e6a200feba6116f7e516f4c991c899008a3c3d808c4fd1faf,bc021bca6d413e71f8593a42ffa78b54c2588dd6f2a9ab06c8049b7ae8dabe10,09a8d9fdabbb0e2bf8aa701a732739cac2b1b05e14954de3ae53bec5d0b6f887,a4a6c707918e6ff460e670b37ae8e9b603cb699d4853a1c0e41a41dec4edf78a,1,d3f5d5c29df3e348a78bd03ae127819c1fe869b0ff01a095bd75ffa2d1dd2dd8,UNKNOWN,B2_STRICT_INCLUSION_FAILED,False,False,0.08,1,9.688285729225754e-10,1.0996114349153483,-2.7354751797048493e-10,1.0241291769980307,0.5783829469983175,0.0,0.049173853998127015,1.6025121239963482,0.0,1.6516859779944753,24510464,41383,8759
d5a24e23264d8bf37dfd,nmos_ring_3stage,balanced,residual-stopped-damped-newton-v1,float64,1e-10,2e-09,100,16,0,temporal_only,40bdc0426da2f8389daeb762a679fdb4bf67413ec1a51c66de353c705823213b,92cdb28506d3f7504bf357b8b1474212a388d10abc47189f53e6f984d9cbd47e,16d51d8c910ec012d7c487ab67331bb9fd59c51d6285b18ab7face12958fb48a,a82a3b26ab5b480330715017d38afb5320a796384a269cf12fe1b2ae105f61ee,b24939bba54ce9d155451029bc1315cf08a593e440e4d23ff1e75017ef8131d7,60fe305ae90cfb9e6a200feba6116f7e516f4c991c899008a3c3d808c4fd1faf,bc021bca6d413e71f8593a42ffa78b54c2588dd6f2a9ab06c8049b7ae8dabe10,09a8d9fdabbb0e2bf8aa701a732739cac2b1b05e14954de3ae53bec5d0b6f887,a4a6c707918e6ff460e670b37ae8e9b603cb699d4853a1c0e41a41dec4edf78a,1,d3f5d5c29df3e348a78bd03ae127819c1fe869b0ff01a095bd75ffa2d1dd2dd8,UNKNOWN,SLAB_STRICT_INCLUSION_FAILED,False,False,0.0,0,9.688285729225754e-10,1.0996114349153483,-1.0720609955328086e-09,1.2346623150001506,0.0,0.3804207740008678,0.0479106639982092,1.6150830890010184,0.0,1.6629937529992276,24641536,41383,8759
f0e97de7cd8448a4245f,nmos_ring_3stage,balanced,residual-stopped-damped-newton-v1,float64,1e-10,2e-09,100,16,0,temporal_device_blockstamp,40bdc0426da2f8389daeb762a679fdb4bf67413ec1a51c66de353c705823213b,92cdb28506d3f7504bf357b8b1474212a388d10abc47189f53e6f984d9cbd47e,16d51d8c910ec012d7c487ab67331bb9fd59c51d6285b18ab7face12958fb48a,a82a3b26ab5b480330715017d38afb5320a796384a269cf12fe1b2ae105f61ee,b24939bba54ce9d155451029bc1315cf08a593e440e4d23ff1e75017ef8131d7,60fe305ae90cfb9e6a200feba6116f7e516f4c991c899008a3c3d808c4fd1faf,bc021bca6d413e71f8593a42ffa78b54c2588dd6f2a9ab06c8049b7ae8dabe10,09a8d9fdabbb0e2bf8aa701a732739cac2b1b05e14954de3ae53bec5d0b6f887,a4a6c707918e6ff460e670b37ae8e9b603cb699d4853a1c0e41a41dec4edf78a,1,d3f5d5c29df3e348a78bd03ae127819c1fe869b0ff01a095bd75ffa2d1dd2dd8,UNKNOWN,SLAB_STRICT_INCLUSION_FAILED,False,False,0.0,0,9.688285729225754e-10,1.0996114349153483,-1.0720609955328086e-09,1.3043404229997577,0.0,0.4407429739994768,0.05012344699980531,1.7450833969992345,0.0,1.7952068439990398,24379392,41383,8759
7a68b71a483061f7ae41,nmos_ring_3stage,light_load,residual-stopped-damped-newton-v1,float64,1e-10,1.5e-09,100,1,0,dense_slab_generic,d8bd756039b98d337e1b4d44a3b768427f953b2bb62c9e9bedba282945485aa0,db40f0f305aac8343229077554f9d679a48b7a032afe418d49273be2c9f5acc6,9cd79560734b60d36ff5208f273613e2408f865d3f8d5112cb88fb1b578f8558,481a7b5bb56e0ba81cbac52f4faf40183bd707d4bf3ba612a0edc1f65b00917a,b24939bba54ce9d155451029bc1315cf08a593e440e4d23ff1e75017ef8131d7,60fe305ae90cfb9e6a200feba6116f7e516f4c991c899008a3c3d808c4fd1faf,bc021bca6d413e71f8593a42ffa78b54c2588dd6f2a9ab06c8049b7ae8dabe10,09a8d9fdabbb0e2bf8aa701a732739cac2b1b05e14954de3ae53bec5d0b6f887,eb4d8941bc7f0420f705a16b142dded026dd69b226ff9eab927b79864eda7af0,1,d3f5d5c29df3e348a78bd03ae127819c1fe869b0ff01a095bd75ffa2d1dd2dd8,UNKNOWN,SLAB_STRICT_INCLUSION_FAILED,False,False,0.23,4,1.5301029887559991e-09,1.0000277554192456,-7.324574280431762e-10,1.3457920290052243,0.0,0.2514689109984829,0.05059979199995723,1.5972609400037072,0.0,1.6478607320036645,24248320,41383,8759
73cedec1f01dc8536453,nmos_ring_3stage,light_load,residual-stopped-damped-newton-v1,float64,1e-10,1.5e-09,100,1,0,device_local_pointwise_b2,d8bd756039b98d337e1b4d44a3b768427f953b2bb62c9e9bedba282945485aa0,db40f0f305aac8343229077554f9d679a48b7a032afe418d49273be2c9f5acc6,9cd79560734b60d36ff5208f273613e2408f865d3f8d5112cb88fb1b578f8558,481a7b5bb56e0ba81cbac52f4faf40183bd707d4bf3ba612a0edc1f65b00917a,b24939bba54ce9d155451029bc1315cf08a593e440e4d23ff1e75017ef8131d7,60fe305ae90cfb9e6a200feba6116f7e516f4c991c899008a3c3d808c4fd1faf,bc021bca6d413e71f8593a42ffa78b54c2588dd6f2a9ab06c8049b7ae8dabe10,09a8d9fdabbb0e2bf8aa701a732739cac2b1b05e14954de3ae53bec5d0b6f887,eb4d8941bc7f0420f705a16b142dded026dd69b226ff9eab927b79864eda7af0,1,d3f5d5c29df3e348a78bd03ae127819c1fe869b0ff01a095bd75ffa2d1dd2dd8,UNKNOWN,B2_STRICT_INCLUSION_FAILED,False,False,0.23,4,1.5301029887559991e-09,1.0000277554192456,-7.324574280431762e-10,0.9905914670002858,0.5821642790033366,0.0,0.05208488499965824,1.5727557460036223,0.0,1.6248406310032806,24379392,41383,8759
d7a15006d9bb02481c09,nmos_ring_3stage,light_load,residual-stopped-damped-newton-v1,float64,1e-10,1.5e-09,100,1,0,temporal_only,d8bd756039b98d337e1b4d44a3b768427f953b2bb62c9e9bedba282945485aa0,db40f0f305aac8343229077554f9d679a48b7a032afe418d49273be2c9f5acc6,9cd79560734b60d36ff5208f273613e2408f865d3f8d5112cb88fb1b578f8558,481a7b5bb56e0ba81cbac52f4faf40183bd707d4bf3ba612a0edc1f65b00917a,b24939bba54ce9d155451029bc1315cf08a593e440e4d23ff1e75017ef8131d7,60fe305ae90cfb9e6a200feba6116f7e516f4c991c899008a3c3d808c4fd1faf,bc021bca6d413e71f8593a42ffa78b54c2588dd6f2a9ab06c8049b7ae8dabe10,09a8d9fdabbb0e2bf8aa701a732739cac2b1b05e14954de3ae53bec5d0b6f887,eb4d8941bc7f0420f705a16b142dded026dd69b226ff9eab927b79864eda7af0,1,d3f5d5c29df3e348a78bd03ae127819c1fe869b0ff01a095bd75ffa2d1dd2dd8,UNKNOWN,SLAB_STRICT_INCLUSION_FAILED,False,False,0.23,4,1.5301029887559991e-09,1.0000277554192456,-7.324574280431762e-10,1.3618398700018588,0.0,0.25463713599992843,0.052533071003836085,1.6164770060017872,0.0,1.6690100770056233,24641536,41383,8759
52633c3b3f7910f786cc,nmos_ring_3stage,light_load,residual-stopped-damped-newton-v1,float64,1e-10,1.5e-09,100,1,0,temporal_device_blockstamp,d8bd756039b98d337e1b4d44a3b768427f953b2bb62c9e9bedba282945485aa0,db40f0f305aac8343229077554f9d679a48b7a032afe418d49273be2c9f5acc6,9cd79560734b60d36ff5208f273613e2408f865d3f8d5112cb88fb1b578f8558,481a7b5bb56e0ba81cbac52f4faf40183bd707d4bf3ba612a0edc1f65b00917a,b24939bba54ce9d155451029bc1315cf08a593e440e4d23ff1e75017ef8131d7,60fe305ae90cfb9e6a200feba6116f7e516f4c991c899008a3c3d808c4fd1faf,bc021bca6d413e71f8593a42ffa78b54c2588dd6f2a9ab06c8049b7ae8dabe10,09a8d9fdabbb0e2bf8aa701a732739cac2b1b05e14954de3ae53bec5d0b6f887,eb4d8941bc7f0420f705a16b142dded026dd69b226ff9eab927b79864eda7af0,1,d3f5d5c29df3e348a78bd03ae127819c1fe869b0ff01a095bd75ffa2d1dd2dd8,UNKNOWN,SLAB_STRICT_INCLUSION_FAILED,False,False,0.23,4,1.5301029887559991e-09,1.0000277554192456,-7.324574280431762e-10,1.2941026130001774,0.0,0.24497992699889437,0.052739868003754964,1.5390825399990717,0.0,1.5918224080028267,24248320,41383,8759
0dada4f22c9e52eddd45,nmos_ring_3stage,light_load,residual-stopped-damped-newton-v1,float64,1e-10,1.5e-09,100,2,0,dense_slab_generic,d8bd756039b98d337e1b4d44a3b768427f953b2bb62c9e9bedba282945485aa0,db40f0f305aac8343229077554f9d679a48b7a032afe418d49273be2c9f5acc6,9cd79560734b60d36ff5208f273613e2408f865d3f8d5112cb88fb1b578f8558,481a7b5bb56e0ba81cbac52f4faf40183bd707d4bf3ba612a0edc1f65b00917a,b24939bba54ce9d155451029bc1315cf08a593e440e4d23ff1e75017ef8131d7,60fe305ae90cfb9e6a200feba6116f7e516f4c991c899008a3c3d808c4fd1faf,bc021bca6d413e71f8593a42ffa78b54c2588dd6f2a9ab06c8049b7ae8dabe10,09a8d9fdabbb0e2bf8aa701a732739cac2b1b05e14954de3ae53bec5d0b6f887,eb4d8941bc7f0420f705a16b142dded026dd69b226ff9eab927b79864eda7af0,1,d3f5d5c29df3e348a78bd03ae127819c1fe869b0ff01a095bd75ffa2d1dd2dd8,UNKNOWN,SLAB_STRICT_INCLUSION_FAILED,False,False,0.22,4,1.5301029887559991e-09,1.0000277554192456,-7.596026030398662e-10,1.3805912680008987,0.0,0.34206776799874206,0.05180306800411927,1.7226590359996408,0.0,1.77446210400376,24248320,41383,8759
7bc3ad09de922871a4d2,nmos_ring_3stage,light_load,residual-stopped-damped-newton-v1,float64,1e-10,1.5e-09,100,2,0,device_local_pointwise_b2,d8bd756039b98d337e1b4d44a3b768427f953b2bb62c9e9bedba282945485aa0,db40f0f305aac8343229077554f9d679a48b7a032afe418d49273be2c9f5acc6,9cd79560734b60d36ff5208f273613e2408f865d3f8d5112cb88fb1b578f8558,481a7b5bb56e0ba81cbac52f4faf40183bd707d4bf3ba612a0edc1f65b00917a,b24939bba54ce9d155451029bc1315cf08a593e440e4d23ff1e75017ef8131d7,60fe305ae90cfb9e6a200feba6116f7e516f4c991c899008a3c3d808c4fd1faf,bc021bca6d413e71f8593a42ffa78b54c2588dd6f2a9ab06c8049b7ae8dabe10,09a8d9fdabbb0e2bf8aa701a732739cac2b1b05e14954de3ae53bec5d0b6f887,eb4d8941bc7f0420f705a16b142dded026dd69b226ff9eab927b79864eda7af0,1,d3f5d5c29df3e348a78bd03ae127819c1fe869b0ff01a095bd75ffa2d1dd2dd8,UNKNOWN,B2_STRICT_INCLUSION_FAILED,False,False,0.23,4,1.5301029887559991e-09,1.0000277554192456,-7.324574280431762e-10,1.0172419249993254,0.587838233999264,0.0,0.05340071100044952,1.6050801589985895,0.0,1.658480869999039,24641536,41383,8759
cec6c1cd673a3047c834,nmos_ring_3stage,light_load,residual-stopped-damped-newton-v1,float64,1e-10,1.5e-09,100,2,0,temporal_only,d8bd756039b98d337e1b4d44a3b768427f953b2bb62c9e9bedba282945485aa0,db40f0f305aac8343229077554f9d679a48b7a032afe418d49273be2c9f5acc6,9cd79560734b60d36ff5208f273613e2408f865d3f8d5112cb88fb1b578f8558,481a7b5bb56e0ba81cbac52f4faf40183bd707d4bf3ba612a0edc1f65b00917a,b24939bba54ce9d155451029bc1315cf08a593e440e4d23ff1e75017ef8131d7,60fe305ae90cfb9e6a200feba6116f7e516f4c991c899008a3c3d808c4fd1faf,bc021bca6d413e71f8593a42ffa78b54c2588dd6f2a9ab06c8049b7ae8dabe10,09a8d9fdabbb0e2bf8aa701a732739cac2b1b05e14954de3ae53bec5d0b6f887,eb4d8941bc7f0420f705a16b142dded026dd69b226ff9eab927b79864eda7af0,1,d3f5d5c29df3e348a78bd03ae127819c1fe869b0ff01a095bd75ffa2d1dd2dd8,UNKNOWN,SLAB_STRICT_INCLUSION_FAILED,False,False,0.22,4,1.5301029887559991e-09,1.0000277554192456,-7.596026030398662e-10,1.291740658998151,0.0,0.3184854900005121,0.05253630900142525,1.6102261489986631,0.0,1.6627624580000884,24510464,41383,8759
9dad13b3881039b0270d,nmos_ring_3stage,light_load,residual-stopped-damped-newton-v1,float64,1e-10,1.5e-09,100,2,0,temporal_device_blockstamp,d8bd756039b98d337e1b4d44a3b768427f953b2bb62c9e9bedba282945485aa0,db40f0f305aac8343229077554f9d679a48b7a032afe418d49273be2c9f5acc6,9cd79560734b60d36ff5208f273613e2408f865d3f8d5112cb88fb1b578f8558,481a7b5bb56e0ba81cbac52f4faf40183bd707d4bf3ba612a0edc1f65b00917a,b24939bba54ce9d155451029bc1315cf08a593e440e4d23ff1e75017ef8131d7,60fe305ae90cfb9e6a200feba6116f7e516f4c991c899008a3c3d808c4fd1faf,bc021bca6d413e71f8593a42ffa78b54c2588dd6f2a9ab06c8049b7ae8dabe10,09a8d9fdabbb0e2bf8aa701a732739cac2b1b05e14954de3ae53bec5d0b6f887,eb4d8941bc7f0420f705a16b142dded026dd69b226ff9eab927b79864eda7af0,1,d3f5d5c29df3e348a78bd03ae127819c1fe869b0ff01a095bd75ffa2d1dd2dd8,UNKNOWN,SLAB_STRICT_INCLUSION_FAILED,False,False,0.22,4,1.5301029887559991e-09,1.0000277554192456,-7.596026030398662e-10,1.3271809550005855,0.0,0.3342031410011259,0.052889595994201954,1.6613840960017114,0.0,1.7142736919959134,24379392,41383,8759
992969a391f7c66b2747,nmos_ring_3stage,light_load,residual-stopped-damped-newton-v1,float64,1e-10,1.5e-09,100,4,0,dense_slab_generic,d8bd756039b98d337e1b4d44a3b768427f953b2bb62c9e9bedba282945485aa0,db40f0f305aac8343229077554f9d679a48b7a032afe418d49273be2c9f5acc6,9cd79560734b60d36ff5208f273613e2408f865d3f8d5112cb88fb1b578f8558,481a7b5bb56e0ba81cbac52f4faf40183bd707d4bf3ba612a0edc1f65b00917a,b24939bba54ce9d155451029bc1315cf08a593e440e4d23ff1e75017ef8131d7,60fe305ae90cfb9e6a200feba6116f7e516f4c991c899008a3c3d808c4fd1faf,bc021bca6d413e71f8593a42ffa78b54c2588dd6f2a9ab06c8049b7ae8dabe10,09a8d9fdabbb0e2bf8aa701a732739cac2b1b05e14954de3ae53bec5d0b6f887,eb4d8941bc7f0420f705a16b142dded026dd69b226ff9eab927b79864eda7af0,1,d3f5d5c29df3e348a78bd03ae127819c1fe869b0ff01a095bd75ffa2d1dd2dd8,UNKNOWN,SLAB_STRICT_INCLUSION_FAILED,False,False,0.16,4,1.5301029887559991e-09,1.0000277554192456,-7.596026030398662e-10,1.3018617180018737,0.0,0.3876736170004733,0.052127818000826665,1.689535335002347,0.0,1.7416631530031736,24510464,41383,8759
3d575bd3b864340fbfac,nmos_ring_3stage,light_load,residual-stopped-damped-newton-v1,float64,1e-10,1.5e-09,100,4,0,device_local_pointwise_b2,d8bd756039b98d337e1b4d44a3b768427f953b2bb62c9e9bedba282945485aa0,db40f0f305aac8343229077554f9d679a48b7a032afe418d49273be2c9f5acc6,9cd79560734b60d36ff5208f273613e2408f865d3f8d5112cb88fb1b578f8558,481a7b5bb56e0ba81cbac52f4faf40183bd707d4bf3ba612a0edc1f65b00917a,b24939bba54ce9d155451029bc1315cf08a593e440e4d23ff1e75017ef8131d7,60fe305ae90cfb9e6a200feba6116f7e516f4c991c899008a3c3d808c4fd1faf,bc021bca6d413e71f8593a42ffa78b54c2588dd6f2a9ab06c8049b7ae8dabe10,09a8d9fdabbb0e2bf8aa701a732739cac2b1b05e14954de3ae53bec5d0b6f887,eb4d8941bc7f0420f705a16b142dded026dd69b226ff9eab927b79864eda7af0,1,d3f5d5c29df3e348a78bd03ae127819c1fe869b0ff01a095bd75ffa2d1dd2dd8,UNKNOWN,B2_STRICT_INCLUSION_FAILED,False,False,0.23,4,1.5301029887559991e-09,1.0000277554192456,-7.324574280431762e-10,1.0064195469981314,0.5817744910018519,0.0,0.049637686001915426,1.5881940379999833,0.0,1.6378317240018987,24248320,41383,8759
fa864484e57a33ecc84c,nmos_ring_3stage,light_load,residual-stopped-damped-newton-v1,float64,1e-10,1.5e-09,100,4,0,temporal_only,d8bd756039b98d337e1b4d44a3b768427f953b2bb62c9e9bedba282945485aa0,db40f0f305aac8343229077554f9d679a48b7a032afe418d49273be2c9f5acc6,9cd79560734b60d36ff5208f273613e2408f865d3f8d5112cb88fb1b578f8558,481a7b5bb56e0ba81cbac52f4faf40183bd707d4bf3ba612a0edc1f65b00917a,b24939bba54ce9d155451029bc1315cf08a593e440e4d23ff1e75017ef8131d7,60fe305ae90cfb9e6a200feba6116f7e516f4c991c899008a3c3d808c4fd1faf,bc021bca6d413e71f8593a42ffa78b54c2588dd6f2a9ab06c8049b7ae8dabe10,09a8d9fdabbb0e2bf8aa701a732739cac2b1b05e14954de3ae53bec5d0b6f887,eb4d8941bc7f0420f705a16b142dded026dd69b226ff9eab927b79864eda7af0,1,d3f5d5c29df3e348a78bd03ae127819c1fe869b0ff01a095bd75ffa2d1dd2dd8,UNKNOWN,SLAB_STRICT_INCLUSION_FAILED,False,False,0.16,4,1.5301029887559991e-09,1.0000277554192456,-7.596026030398662e-10,1.3147732819993507,0.0,0.37623222499951225,0.05232128299894612,1.691005506998863,0.0,1.743326789997809,24379392,41383,8759
23bde6a718691f45467c,nmos_ring_3stage,light_load,residual-stopped-damped-newton-v1,float64,1e-10,1.5e-09,100,4,0,temporal_device_blockstamp,d8bd756039b98d337e1b4d44a3b768427f953b2bb62c9e9bedba282945485aa0,db40f0f305aac8343229077554f9d679a48b7a032afe418d49273be2c9f5acc6,9cd79560734b60d36ff5208f273613e2408f865d3f8d5112cb88fb1b578f8558,481a7b5bb56e0ba81cbac52f4faf40183bd707d4bf3ba612a0edc1f65b00917a,b24939bba54ce9d155451029bc1315cf08a593e440e4d23ff1e75017ef8131d7,60fe305ae90cfb9e6a200feba6116f7e516f4c991c899008a3c3d808c4fd1faf,bc021bca6d413e71f8593a42ffa78b54c2588dd6f2a9ab06c8049b7ae8dabe10,09a8d9fdabbb0e2bf8aa701a732739cac2b1b05e14954de3ae53bec5d0b6f887,eb4d8941bc7f0420f705a16b142dded026dd69b226ff9eab927b79864eda7af0,1,d3f5d5c29df3e348a78bd03ae127819c1fe869b0ff01a095bd75ffa2d1dd2dd8,UNKNOWN,SLAB_STRICT_INCLUSION_FAILED,False,False,0.16,4,1.5301029887559991e-09,1.0000277554192456,-7.596026030398662e-10,1.2955993319974368,0.0,0.3839967369999613,0.05060300100058157,1.679596068997398,0.0,1.7301990699979797,24510464,41383,8759
0bc0d8117a63e4a8e5aa,nmos_ring_3stage,light_load,residual-stopped-damped-newton-v1,float64,1e-10,1.5e-09,100,8,0,dense_slab_generic,d8bd756039b98d337e1b4d44a3b768427f953b2bb62c9e9bedba282945485aa0,db40f0f305aac8343229077554f9d679a48b7a032afe418d49273be2c9f5acc6,9cd79560734b60d36ff5208f273613e2408f865d3f8d5112cb88fb1b578f8558,481a7b5bb56e0ba81cbac52f4faf40183bd707d4bf3ba612a0edc1f65b00917a,b24939bba54ce9d155451029bc1315cf08a593e440e4d23ff1e75017ef8131d7,60fe305ae90cfb9e6a200feba6116f7e516f4c991c899008a3c3d808c4fd1faf,bc021bca6d413e71f8593a42ffa78b54c2588dd6f2a9ab06c8049b7ae8dabe10,09a8d9fdabbb0e2bf8aa701a732739cac2b1b05e14954de3ae53bec5d0b6f887,eb4d8941bc7f0420f705a16b142dded026dd69b226ff9eab927b79864eda7af0,1,d3f5d5c29df3e348a78bd03ae127819c1fe869b0ff01a095bd75ffa2d1dd2dd8,UNKNOWN,SLAB_STRICT_INCLUSION_FAILED,False,False,0.0,0,1.5301029887559991e-09,1.0000277554192456,-8.061383782731468e-10,1.3452341599991087,0.0,0.4309603480005535,0.05331483800046044,1.7761945079996622,0.0,1.8295093460001226,24379392,41383,8759
3797f77297eb7a8592c9,nmos_ring_3stage,light_load,residual-stopped-damped-newton-v1,float64,1e-10,1.5e-09,100,8,0,device_local_pointwise_b2,d8bd756039b98d337e1b4d44a3b768427f953b2bb62c9e9bedba282945485aa0,db40f0f305aac8343229077554f9d679a48b7a032afe418d49273be2c9f5acc6,9cd79560734b60d36ff5208f273613e2408f865d3f8d5112cb88fb1b578f8558,481a7b5bb56e0ba81cbac52f4faf40183bd707d4bf3ba612a0edc1f65b00917a,b24939bba54ce9d155451029bc1315cf08a593e440e4d23ff1e75017ef8131d7,60fe305ae90cfb9e6a200feba6116f7e516f4c991c899008a3c3d808c4fd1faf,bc021bca6d413e71f8593a42ffa78b54c2588dd6f2a9ab06c8049b7ae8dabe10,09a8d9fdabbb0e2bf8aa701a732739cac2b1b05e14954de3ae53bec5d0b6f887,eb4d8941bc7f0420f705a16b142dded026dd69b226ff9eab927b79864eda7af0,1,d3f5d5c29df3e348a78bd03ae127819c1fe869b0ff01a095bd75ffa2d1dd2dd8,UNKNOWN,B2_STRICT_INCLUSION_FAILED,False,False,0.23,4,1.5301029887559991e-09,1.0000277554192456,-7.324574280431762e-10,1.018589730002077,0.5822460770000362,0.0,0.054098149998935696,1.6008358070021131,0.0,1.6549339570010488,24379392,41383,8759
4d3495bf53bdecce83e7,nmos_ring_3stage,light_load,residual-stopped-damped-newton-v1,float64,1e-10,1.5e-09,100,8,0,temporal_only,d8bd756039b98d337e1b4d44a3b768427f953b2bb62c9e9bedba282945485aa0,db40f0f305aac8343229077554f9d679a48b7a032afe418d49273be2c9f5acc6,9cd79560734b60d36ff5208f273613e2408f865d3f8d5112cb88fb1b578f8558,481a7b5bb56e0ba81cbac52f4faf40183bd707d4bf3ba612a0edc1f65b00917a,b24939bba54ce9d155451029bc1315cf08a593e440e4d23ff1e75017ef8131d7,60fe305ae90cfb9e6a200feba6116f7e516f4c991c899008a3c3d808c4fd1faf,bc021bca6d413e71f8593a42ffa78b54c2588dd6f2a9ab06c8049b7ae8dabe10,09a8d9fdabbb0e2bf8aa701a732739cac2b1b05e14954de3ae53bec5d0b6f887,eb4d8941bc7f0420f705a16b142dded026dd69b226ff9eab927b79864eda7af0,1,d3f5d5c29df3e348a78bd03ae127819c1fe869b0ff01a095bd75ffa2d1dd2dd8,UNKNOWN,SLAB_STRICT_INCLUSION_FAILED,False,False,0.0,0,1.5301029887559991e-09,1.0000277554192456,-8.061383782731468e-10,1.3203258879993882,0.0,0.398779660999935,0.05279497100082153,1.7191055489993232,0.0,1.7719005200001448,24641536,41383,8759
178511fd4bcede36aceb,nmos_ring_3stage,light_load,residual-stopped-damped-newton-v1,float64,1e-10,1.5e-09,100,8,0,temporal_device_blockstamp,d8bd756039b98d337e1b4d44a3b768427f953b2bb62c9e9bedba282945485aa0,db40f0f305aac8343229077554f9d679a48b7a032afe418d49273be2c9f5acc6,9cd79560734b60d36ff5208f273613e2408f865d3f8d5112cb88fb1b578f8558,481a7b5bb56e0ba81cbac52f4faf40183bd707d4bf3ba612a0edc1f65b00917a,b24939bba54ce9d155451029bc1315cf08a593e440e4d23ff1e75017ef8131d7,60fe305ae90cfb9e6a200feba6116f7e516f4c991c899008a3c3d808c4fd1faf,bc021bca6d413e71f8593a42ffa78b54c2588dd6f2a9ab06c8049b7ae8dabe10,09a8d9fdabbb0e2bf8aa701a732739cac2b1b05e14954de3ae53bec5d0b6f887,eb4d8941bc7f0420f705a16b142dded026dd69b226ff9eab927b79864eda7af0,1,d3f5d5c29df3e348a78bd03ae127819c1fe869b0ff01a095bd75ffa2d1dd2dd8,UNKNOWN,SLAB_STRICT_INCLUSION_FAILED,False,False,0.0,0,1.5301029887559991e-09,1.0000277554192456,-8.061383782731468e-10,1.327995683998779,0.0,0.4181700379999711,0.05117883699813319,1.74616572199875,0.0,1.7973445589968833,24510464,41383,8759
ecdfad3db69c1db17717,nmos_ring_3stage,light_load,residual-stopped-damped-newton-v1,float64,1e-10,1.5e-09,100,16,0,dense_slab_generic,d8bd756039b98d337e1b4d44a3b768427f953b2bb62c9e9bedba282945485aa0,db40f0f305aac8343229077554f9d679a48b7a032afe418d49273be2c9f5acc6,9cd79560734b60d36ff5208f273613e2408f865d3f8d5112cb88fb1b578f8558,481a7b5bb56e0ba81cbac52f4faf40183bd707d4bf3ba612a0edc1f65b00917a,b24939bba54ce9d155451029bc1315cf08a593e440e4d23ff1e75017ef8131d7,60fe305ae90cfb9e6a200feba6116f7e516f4c991c899008a3c3d808c4fd1faf,bc021bca6d413e71f8593a42ffa78b54c2588dd6f2a9ab06c8049b7ae8dabe10,09a8d9fdabbb0e2bf8aa701a732739cac2b1b05e14954de3ae53bec5d0b6f887,eb4d8941bc7f0420f705a16b142dded026dd69b226ff9eab927b79864eda7af0,1,d3f5d5c29df3e348a78bd03ae127819c1fe869b0ff01a095bd75ffa2d1dd2dd8,UNKNOWN,SLAB_STRICT_INCLUSION_FAILED,False,False,0.0,0,1.5301029887559991e-09,1.0000277554192456,-1.0485979862195904e-09,1.3146016890009378,0.0,0.45036232700022083,0.052061983998100914,1.7649640160011586,0.0,1.8170259999992595,24510464,41383,8759
da430086a5dfb747de64,nmos_ring_3stage,light_load,residual-stopped-damped-newton-v1,float64,1e-10,1.5e-09,100,16,0,device_local_pointwise_b2,d8bd756039b98d337e1b4d44a3b768427f953b2bb62c9e9bedba282945485aa0,db40f0f305aac8343229077554f9d679a48b7a032afe418d49273be2c9f5acc6,9cd79560734b60d36ff5208f273613e2408f865d3f8d5112cb88fb1b578f8558,481a7b5bb56e0ba81cbac52f4faf40183bd707d4bf3ba612a0edc1f65b00917a,b24939bba54ce9d155451029bc1315cf08a593e440e4d23ff1e75017ef8131d7,60fe305ae90cfb9e6a200feba6116f7e516f4c991c899008a3c3d808c4fd1faf,bc021bca6d413e71f8593a42ffa78b54c2588dd6f2a9ab06c8049b7ae8dabe10,09a8d9fdabbb0e2bf8aa701a732739cac2b1b05e14954de3ae53bec5d0b6f887,eb4d8941bc7f0420f705a16b142dded026dd69b226ff9eab927b79864eda7af0,1,d3f5d5c29df3e348a78bd03ae127819c1fe869b0ff01a095bd75ffa2d1dd2dd8,UNKNOWN,B2_STRICT_INCLUSION_FAILED,False,False,0.23,4,1.5301029887559991e-09,1.0000277554192456,-7.324574280431762e-10,0.8946224999999686,0.5255446499991194,0.0,0.04907405199537607,1.420167149999088,0.0,1.469241201994464,24510464,41383,8759
9f259b20acaec8e0e669,nmos_ring_3stage,light_load,residual-stopped-damped-newton-v1,float64,1e-10,1.5e-09,100,16,0,temporal_only,d8bd756039b98d337e1b4d44a3b768427f953b2bb62c9e9bedba282945485aa0,db40f0f305aac8343229077554f9d679a48b7a032afe418d49273be2c9f5acc6,9cd79560734b60d36ff5208f273613e2408f865d3f8d5112cb88fb1b578f8558,481a7b5bb56e0ba81cbac52f4faf40183bd707d4bf3ba612a0edc1f65b00917a,b24939bba54ce9d155451029bc1315cf08a593e440e4d23ff1e75017ef8131d7,60fe305ae90cfb9e6a200feba6116f7e516f4c991c899008a3c3d808c4fd1faf,bc021bca6d413e71f8593a42ffa78b54c2588dd6f2a9ab06c8049b7ae8dabe10,09a8d9fdabbb0e2bf8aa701a732739cac2b1b05e14954de3ae53bec5d0b6f887,eb4d8941bc7f0420f705a16b142dded026dd69b226ff9eab927b79864eda7af0,1,d3f5d5c29df3e348a78bd03ae127819c1fe869b0ff01a095bd75ffa2d1dd2dd8,UNKNOWN,SLAB_STRICT_INCLUSION_FAILED,False,False,0.0,0,1.5301029887559991e-09,1.0000277554192456,-1.0485979862195904e-09,1.3193149700000504,0.0,0.39874968999993143,0.04940196700135857,1.7180646599999818,0.0,1.7674666270013404,24510464,41383,8759
97ae0c5316fe85348f92,nmos_ring_3stage,light_load,residual-stopped-damped-newton-v1,float64,1e-10,1.5e-09,100,16,0,temporal_device_blockstamp,d8bd756039b98d337e1b4d44a3b768427f953b2bb62c9e9bedba282945485aa0,db40f0f305aac8343229077554f9d679a48b7a032afe418d49273be2c9f5acc6,9cd79560734b60d36ff5208f273613e2408f865d3f8d5112cb88fb1b578f8558,481a7b5bb56e0ba81cbac52f4faf40183bd707d4bf3ba612a0edc1f65b00917a,b24939bba54ce9d155451029bc1315cf08a593e440e4d23ff1e75017ef8131d7,60fe305ae90cfb9e6a200feba6116f7e516f4c991c899008a3c3d808c4fd1faf,bc021bca6d413e71f8593a42ffa78b54c2588dd6f2a9ab06c8049b7ae8dabe10,09a8d9fdabbb0e2bf8aa701a732739cac2b1b05e14954de3ae53bec5d0b6f887,eb4d8941bc7f0420f705a16b142dded026dd69b226ff9eab927b79864eda7af0,1,d3f5d5c29df3e348a78bd03ae127819c1fe869b0ff01a095bd75ffa2d1dd2dd8,UNKNOWN,SLAB_STRICT_INCLUSION_FAILED,False,False,0.0,0,1.5301029887559991e-09,1.0000277554192456,-1.0485979862195904e-09,1.278448503000618,0.0,0.3980811839992384,0.053385322998110496,1.6765296869998565,0.0,1.729915009997967,24510464,41383,8759
2d2750a22d24798ec0fc,nmos_ring_3stage,slow_load,residual-stopped-damped-newton-v1,float64,1e-10,2.5e-09,100,1,0,dense_slab_generic,6c975d8232f39199a1c5737e11d23a7e7ef1fb0ab63ff7b11eefc9be6f3c0bcd,ce80e31204a2573f081f85df004aa9e10dec527ab56664b97dbd08744bdeb1e4,ded41093dd7376baac31f7a7f1beeecfb92e97b25fc81201d7867f5c6e4e0489,7b1a422f1aef42bc3cea5004dde50e659b71dd725346089f38a4e6ed105dfd8d,b24939bba54ce9d155451029bc1315cf08a593e440e4d23ff1e75017ef8131d7,60fe305ae90cfb9e6a200feba6116f7e516f4c991c899008a3c3d808c4fd1faf,bc021bca6d413e71f8593a42ffa78b54c2588dd6f2a9ab06c8049b7ae8dabe10,09a8d9fdabbb0e2bf8aa701a732739cac2b1b05e14954de3ae53bec5d0b6f887,b4c81ad8c981014f026f0d6e0674c395ad463ba79c17d45854a93afd7d017763,1,d3f5d5c29df3e348a78bd03ae127819c1fe869b0ff01a095bd75ffa2d1dd2dd8,UNKNOWN,SLAB_STRICT_INCLUSION_FAILED,False,False,0.12,1,9.176837068025634e-10,0.008717891639728229,-1.9976548193412214e-10,1.4014852959994641,0.0,0.26173731099925135,0.050545559996407974,1.6632226069987155,0.0,1.7137681669951235,24379392,41475,8851
46f0fe052e0279aa0ea7,nmos_ring_3stage,slow_load,residual-stopped-damped-newton-v1,float64,1e-10,2.5e-09,100,1,0,device_local_pointwise_b2,6c975d8232f39199a1c5737e11d23a7e7ef1fb0ab63ff7b11eefc9be6f3c0bcd,ce80e31204a2573f081f85df004aa9e10dec527ab56664b97dbd08744bdeb1e4,ded41093dd7376baac31f7a7f1beeecfb92e97b25fc81201d7867f5c6e4e0489,7b1a422f1aef42bc3cea5004dde50e659b71dd725346089f38a4e6ed105dfd8d,b24939bba54ce9d155451029bc1315cf08a593e440e4d23ff1e75017ef8131d7,60fe305ae90cfb9e6a200feba6116f7e516f4c991c899008a3c3d808c4fd1faf,bc021bca6d413e71f8593a42ffa78b54c2588dd6f2a9ab06c8049b7ae8dabe10,09a8d9fdabbb0e2bf8aa701a732739cac2b1b05e14954de3ae53bec5d0b6f887,b4c81ad8c981014f026f0d6e0674c395ad463ba79c17d45854a93afd7d017763,1,d3f5d5c29df3e348a78bd03ae127819c1fe869b0ff01a095bd75ffa2d1dd2dd8,UNKNOWN,B2_STRICT_INCLUSION_FAILED,False,False,0.12,1,9.176837068025634e-10,0.008717891639728229,-1.9976548193412214e-10,1.0294115169995166,0.5987343520023387,0.0,0.05091549799499262,1.6281458690018553,0.0,1.679061366996848,23986176,41475,8851
673d40c810a0ff61de75,nmos_ring_3stage,slow_load,residual-stopped-damped-newton-v1,float64,1e-10,2.5e-09,100,1,0,temporal_only,6c975d8232f39199a1c5737e11d23a7e7ef1fb0ab63ff7b11eefc9be6f3c0bcd,ce80e31204a2573f081f85df004aa9e10dec527ab56664b97dbd08744bdeb1e4,ded41093dd7376baac31f7a7f1beeecfb92e97b25fc81201d7867f5c6e4e0489,7b1a422f1aef42bc3cea5004dde50e659b71dd725346089f38a4e6ed105dfd8d,b24939bba54ce9d155451029bc1315cf08a593e440e4d23ff1e75017ef8131d7,60fe305ae90cfb9e6a200feba6116f7e516f4c991c899008a3c3d808c4fd1faf,bc021bca6d413e71f8593a42ffa78b54c2588dd6f2a9ab06c8049b7ae8dabe10,09a8d9fdabbb0e2bf8aa701a732739cac2b1b05e14954de3ae53bec5d0b6f887,b4c81ad8c981014f026f0d6e0674c395ad463ba79c17d45854a93afd7d017763,1,d3f5d5c29df3e348a78bd03ae127819c1fe869b0ff01a095bd75ffa2d1dd2dd8,UNKNOWN,SLAB_STRICT_INCLUSION_FAILED,False,False,0.12,1,9.176837068025634e-10,0.008717891639728229,-1.9976548193412214e-10,1.334622625998236,0.0,0.2603819919968373,0.051208563000727736,1.5950046179950732,0.0,1.646213180995801,24510464,41475,8851
f8e309d59bd8b6fe5c35,nmos_ring_3stage,slow_load,residual-stopped-damped-newton-v1,float64,1e-10,2.5e-09,100,1,0,temporal_device_blockstamp,6c975d8232f39199a1c5737e11d23a7e7ef1fb0ab63ff7b11eefc9be6f3c0bcd,ce80e31204a2573f081f85df004aa9e10dec527ab56664b97dbd08744bdeb1e4,ded41093dd7376baac31f7a7f1beeecfb92e97b25fc81201d7867f5c6e4e0489,7b1a422f1aef42bc3cea5004dde50e659b71dd725346089f38a4e6ed105dfd8d,b24939bba54ce9d155451029bc1315cf08a593e440e4d23ff1e75017ef8131d7,60fe305ae90cfb9e6a200feba6116f7e516f4c991c899008a3c3d808c4fd1faf,bc021bca6d413e71f8593a42ffa78b54c2588dd6f2a9ab06c8049b7ae8dabe10,09a8d9fdabbb0e2bf8aa701a732739cac2b1b05e14954de3ae53bec5d0b6f887,b4c81ad8c981014f026f0d6e0674c395ad463ba79c17d45854a93afd7d017763,1,d3f5d5c29df3e348a78bd03ae127819c1fe869b0ff01a095bd75ffa2d1dd2dd8,UNKNOWN,SLAB_STRICT_INCLUSION_FAILED,False,False,0.12,1,9.176837068025634e-10,0.008717891639728229,-1.9976548193412214e-10,1.2939481310031624,0.0,0.247687181998117,0.04763786700368655,1.5416353130012794,0.0,1.589273180004966,24379392,41475,8851
bda91913efa9975792c1,nmos_ring_3stage,slow_load,residual-stopped-damped-newton-v1,float64,1e-10,2.5e-09,100,2,0,dense_slab_generic,6c975d8232f39199a1c5737e11d23a7e7ef1fb0ab63ff7b11eefc9be6f3c0bcd,ce80e31204a2573f081f85df004aa9e10dec527ab56664b97dbd08744bdeb1e4,ded41093dd7376baac31f7a7f1beeecfb92e97b25fc81201d7867f5c6e4e0489,7b1a422f1aef42bc3cea5004dde50e659b71dd725346089f38a4e6ed105dfd8d,b24939bba54ce9d155451029bc1315cf08a593e440e4d23ff1e75017ef8131d7,60fe305ae90cfb9e6a200feba6116f7e516f4c991c899008a3c3d808c4fd1faf,bc021bca6d413e71f8593a42ffa78b54c2588dd6f2a9ab06c8049b7ae8dabe10,09a8d9fdabbb0e2bf8aa701a732739cac2b1b05e14954de3ae53bec5d0b6f887,b4c81ad8c981014f026f0d6e0674c395ad463ba79c17d45854a93afd7d017763,1,d3f5d5c29df3e348a78bd03ae127819c1fe869b0ff01a095bd75ffa2d1dd2dd8,UNKNOWN,SLAB_STRICT_INCLUSION_FAILED,False,False,0.12,2,9.176837068025634e-10,0.008717891639728229,-2.566166168449513e-10,1.1730425769983412,0.0,0.2993570340004226,0.045512138998674345,1.4723996109987638,0.0,1.5179117499974382,24379392,41475,8851
ea87a5943d66a656f29c,nmos_ring_3stage,slow_load,residual-stopped-damped-newton-v1,float64,1e-10,2.5e-09,100,2,0,device_local_pointwise_b2,6c975d8232f39199a1c5737e11d23a7e7ef1fb0ab63ff7b11eefc9be6f3c0bcd,ce80e31204a2573f081f85df004aa9e10dec527ab56664b97dbd08744bdeb1e4,ded41093dd7376baac31f7a7f1beeecfb92e97b25fc81201d7867f5c6e4e0489,7b1a422f1aef42bc3cea5004dde50e659b71dd725346089f38a4e6ed105dfd8d,b24939bba54ce9d155451029bc1315cf08a593e440e4d23ff1e75017ef8131d7,60fe305ae90cfb9e6a200feba6116f7e516f4c991c899008a3c3d808c4fd1faf,bc021bca6d413e71f8593a42ffa78b54c2588dd6f2a9ab06c8049b7ae8dabe10,09a8d9fdabbb0e2bf8aa701a732739cac2b1b05e14954de3ae53bec5d0b6f887,b4c81ad8c981014f026f0d6e0674c395ad463ba79c17d45854a93afd7d017763,1,d3f5d5c29df3e348a78bd03ae127819c1fe869b0ff01a095bd75ffa2d1dd2dd8,UNKNOWN,B2_STRICT_INCLUSION_FAILED,False,False,0.12,1,9.176837068025634e-10,0.008717891639728229,-1.9976548193412214e-10,1.0142091079983402,0.5892045920013516,0.0,0.050645407998672454,1.6034136999996917,0.0,1.6540591079983642,24248320,41475,8851
959524d0bcca425ba4c4,nmos_ring_3stage,slow_load,residual-stopped-damped-newton-v1,float64,1e-10,2.5e-09,100,2,0,temporal_only,6c975d8232f39199a1c5737e11d23a7e7ef1fb0ab63ff7b11eefc9be6f3c0bcd,ce80e31204a2573f081f85df004aa9e10dec527ab56664b97dbd08744bdeb1e4,ded41093dd7376baac31f7a7f1beeecfb92e97b25fc81201d7867f5c6e4e0489,7b1a422f1aef42bc3cea5004dde50e659b71dd725346089f38a4e6ed105dfd8d,b24939bba54ce9d155451029bc1315cf08a593e440e4d23ff1e75017ef8131d7,60fe305ae90cfb9e6a200feba6116f7e516f4c991c899008a3c3d808c4fd1faf,bc021bca6d413e71f8593a42ffa78b54c2588dd6f2a9ab06c8049b7ae8dabe10,09a8d9fdabbb0e2bf8aa701a732739cac2b1b05e14954de3ae53bec5d0b6f887,b4c81ad8c981014f026f0d6e0674c395ad463ba79c17d45854a93afd7d017763,1,d3f5d5c29df3e348a78bd03ae127819c1fe869b0ff01a095bd75ffa2d1dd2dd8,UNKNOWN,SLAB_STRICT_INCLUSION_FAILED,False,False,0.12,2,9.176837068025634e-10,0.008717891639728229,-2.566166168449513e-10,1.307748988000185,0.0,0.33070097199879456,0.04828127999780918,1.6384499599989795,0.0,1.6867312399967886,24510464,41475,8851
55960e2392627da18c6e,nmos_ring_3stage,slow_load,residual-stopped-damped-newton-v1,float64,1e-10,2.5e-09,100,2,0,temporal_device_blockstamp,6c975d8232f39199a1c5737e11d23a7e7ef1fb0ab63ff7b11eefc9be6f3c0bcd,ce80e31204a2573f081f85df004aa9e10dec527ab56664b97dbd08744bdeb1e4,ded41093dd7376baac31f7a7f1beeecfb92e97b25fc81201d7867f5c6e4e0489,7b1a422f1aef42bc3cea5004dde50e659b71dd725346089f38a4e6ed105dfd8d,b24939bba54ce9d155451029bc1315cf08a593e440e4d23ff1e75017ef8131d7,60fe305ae90cfb9e6a200feba6116f7e516f4c991c899008a3c3d808c4fd1faf,bc021bca6d413e71f8593a42ffa78b54c2588dd6f2a9ab06c8049b7ae8dabe10,09a8d9fdabbb0e2bf8aa701a732739cac2b1b05e14954de3ae53bec5d0b6f887,b4c81ad8c981014f026f0d6e0674c395ad463ba79c17d45854a93afd7d017763,1,d3f5d5c29df3e348a78bd03ae127819c1fe869b0ff01a095bd75ffa2d1dd2dd8,UNKNOWN,SLAB_STRICT_INCLUSION_FAILED,False,False,0.12,2,9.176837068025634e-10,0.008717891639728229,-2.566166168449513e-10,1.3107906519976495,0.0,0.3255776220012194,0.04869102199700137,1.636368273998869,0.0,1.6850592959958703,24248320,41475,8851
c4ff15ed6cf6a14ac26e,nmos_ring_3stage,slow_load,residual-stopped-damped-newton-v1,float64,1e-10,2.5e-09,100,4,0,dense_slab_generic,6c975d8232f39199a1c5737e11d23a7e7ef1fb0ab63ff7b11eefc9be6f3c0bcd,ce80e31204a2573f081f85df004aa9e10dec527ab56664b97dbd08744bdeb1e4,ded41093dd7376baac31f7a7f1beeecfb92e97b25fc81201d7867f5c6e4e0489,7b1a422f1aef42bc3cea5004dde50e659b71dd725346089f38a4e6ed105dfd8d,b24939bba54ce9d155451029bc1315cf08a593e440e4d23ff1e75017ef8131d7,60fe305ae90cfb9e6a200feba6116f7e516f4c991c899008a3c3d808c4fd1faf,bc021bca6d413e71f8593a42ffa78b54c2588dd6f2a9ab06c8049b7ae8dabe10,09a8d9fdabbb0e2bf8aa701a732739cac2b1b05e14954de3ae53bec5d0b6f887,b4c81ad8c981014f026f0d6e0674c395ad463ba79c17d45854a93afd7d017763,1,d3f5d5c29df3e348a78bd03ae127819c1fe869b0ff01a095bd75ffa2d1dd2dd8,UNKNOWN,SLAB_STRICT_INCLUSION_FAILED,False,False,0.12,4,9.176837068025634e-10,0.008717891639728229,-2.1875605493715256e-10,1.3571011100011674,0.0,0.4102938690011797,0.04920411199418595,1.767394979002347,0.0,1.816599090996533,24510464,41475,8851
5fba4c661bb077b86a3c,nmos_ring_3stage,slow_load,residual-stopped-damped-newton-v1,float64,1e-10,2.5e-09,100,4,0,device_local_pointwise_b2,6c975d8232f39199a1c5737e11d23a7e7ef1fb0ab63ff7b11eefc9be6f3c0bcd,ce80e31204a2573f081f85df004aa9e10dec527ab56664b97dbd08744bdeb1e4,ded41093dd7376baac31f7a7f1beeecfb92e97b25fc81201d7867f5c6e4e0489,7b1a422f1aef42bc3cea5004dde50e659b71dd725346089f38a4e6ed105dfd8d,b24939bba54ce9d155451029bc1315cf08a593e440e4d23ff1e75017ef8131d7,60fe305ae90cfb9e6a200feba6116f7e516f4c991c899008a3c3d808c4fd1faf,bc021bca6d413e71f8593a42ffa78b54c2588dd6f2a9ab06c8049b7ae8dabe10,09a8d9fdabbb0e2bf8aa701a732739cac2b1b05e14954de3ae53bec5d0b6f887,b4c81ad8c981014f026f0d6e0674c395ad463ba79c17d45854a93afd7d017763,1,d3f5d5c29df3e348a78bd03ae127819c1fe869b0ff01a095bd75ffa2d1dd2dd8,UNKNOWN,B2_STRICT_INCLUSION_FAILED,False,False,0.12,1,9.176837068025634e-10,0.008717891639728229,-1.9976548193412214e-10,0.9806224200001452,0.5610375860005661,0.0,0.04877790100181301,1.5416600060007113,0.0,1.5904379070025243,24379392,41475,8851
71182666dff29f4349db,nmos_ring_3stage,slow_load,residual-stopped-damped-newton-v1,float64,1e-10,2.5e-09,100,4,0,temporal_only,6c975d8232f39199a1c5737e11d23a7e7ef1fb0ab63ff7b11eefc9be6f3c0bcd,ce80e31204a2573f081f85df004aa9e10dec527ab56664b97dbd08744bdeb1e4,ded41093dd7376baac31f7a7f1beeecfb92e97b25fc81201d7867f5c6e4e0489,7b1a422f1aef42bc3cea5004dde50e659b71dd725346089f38a4e6ed105dfd8d,b24939bba54ce9d155451029bc1315cf08a593e440e4d23ff1e75017ef8131d7,60fe305ae90cfb9e6a200feba6116f7e516f4c991c899008a3c3d808c4fd1faf,bc021bca6d413e71f8593a42ffa78b54c2588dd6f2a9ab06c8049b7ae8dabe10,09a8d9fdabbb0e2bf8aa701a732739cac2b1b05e14954de3ae53bec5d0b6f887,b4c81ad8c981014f026f0d6e0674c395ad463ba79c17d45854a93afd7d017763,1,d3f5d5c29df3e348a78bd03ae127819c1fe869b0ff01a095bd75ffa2d1dd2dd8,UNKNOWN,SLAB_STRICT_INCLUSION_FAILED,False,False,0.12,4,9.176837068025634e-10,0.008717891639728229,-2.1875605493715256e-10,1.3577179820008496,0.0,0.386768473002121,0.05230489300356567,1.7444864550029706,0.0,1.7967913480065363,24510464,41475,8851
3681024760d76ba06c45,nmos_ring_3stage,slow_load,residual-stopped-damped-newton-v1,float64,1e-10,2.5e-09,100,4,0,temporal_device_blockstamp,6c975d8232f39199a1c5737e11d23a7e7ef1fb0ab63ff7b11eefc9be6f3c0bcd,ce80e31204a2573f081f85df004aa9e10dec527ab56664b97dbd08744bdeb1e4,ded41093dd7376baac31f7a7f1beeecfb92e97b25fc81201d7867f5c6e4e0489,7b1a422f1aef42bc3cea5004dde50e659b71dd725346089f38a4e6ed105dfd8d,b24939bba54ce9d155451029bc1315cf08a593e440e4d23ff1e75017ef8131d7,60fe305ae90cfb9e6a200feba6116f7e516f4c991c899008a3c3d808c4fd1faf,bc021bca6d413e71f8593a42ffa78b54c2588dd6f2a9ab06c8049b7ae8dabe10,09a8d9fdabbb0e2bf8aa701a732739cac2b1b05e14954de3ae53bec5d0b6f887,b4c81ad8c981014f026f0d6e0674c395ad463ba79c17d45854a93afd7d017763,1,d3f5d5c29df3e348a78bd03ae127819c1fe869b0ff01a095bd75ffa2d1dd2dd8,UNKNOWN,SLAB_STRICT_INCLUSION_FAILED,False,False,0.12,4,9.176837068025634e-10,0.008717891639728229,-2.1875605493715256e-10,1.3265779519992975,0.0,0.39264399299827346,0.049313934998281184,1.719221944997571,0.0,1.7685358799958522,24379392,41475,8851
85971c96c428acd42722,nmos_ring_3stage,slow_load,residual-stopped-damped-newton-v1,float64,1e-10,2.5e-09,100,8,0,dense_slab_generic,6c975d8232f39199a1c5737e11d23a7e7ef1fb0ab63ff7b11eefc9be6f3c0bcd,ce80e31204a2573f081f85df004aa9e10dec527ab56664b97dbd08744bdeb1e4,ded41093dd7376baac31f7a7f1beeecfb92e97b25fc81201d7867f5c6e4e0489,7b1a422f1aef42bc3cea5004dde50e659b71dd725346089f38a4e6ed105dfd8d,b24939bba54ce9d155451029bc1315cf08a593e440e4d23ff1e75017ef8131d7,60fe305ae90cfb9e6a200feba6116f7e516f4c991c899008a3c3d808c4fd1faf,bc021bca6d413e71f8593a42ffa78b54c2588dd6f2a9ab06c8049b7ae8dabe10,09a8d9fdabbb0e2bf8aa701a732739cac2b1b05e14954de3ae53bec5d0b6f887,b4c81ad8c981014f026f0d6e0674c395ad463ba79c17d45854a93afd7d017763,1,d3f5d5c29df3e348a78bd03ae127819c1fe869b0ff01a095bd75ffa2d1dd2dd8,UNKNOWN,SLAB_STRICT_INCLUSION_FAILED,False,False,0.08,0,9.176837068025634e-10,0.008717891639728229,-9.596720640381307e-11,1.3045385169998553,0.0,0.4218040270011443,0.049048072999994474,1.7263425440009996,0.0,1.775390617000994,24510464,41475,8851
4fd65db54105e51061e1,nmos_ring_3stage,slow_load,residual-stopped-damped-newton-v1,float64,1e-10,2.5e-09,100,8,0,device_local_pointwise_b2,6c975d8232f39199a1c5737e11d23a7e7ef1fb0ab63ff7b11eefc9be6f3c0bcd,ce80e31204a2573f081f85df004aa9e10dec527ab56664b97dbd08744bdeb1e4,ded41093dd7376baac31f7a7f1beeecfb92e97b25fc81201d7867f5c6e4e0489,7b1a422f1aef42bc3cea5004dde50e659b71dd725346089f38a4e6ed105dfd8d,b24939bba54ce9d155451029bc1315cf08a593e440e4d23ff1e75017ef8131d7,60fe305ae90cfb9e6a200feba6116f7e516f4c991c899008a3c3d808c4fd1faf,bc021bca6d413e71f8593a42ffa78b54c2588dd6f2a9ab06c8049b7ae8dabe10,09a8d9fdabbb0e2bf8aa701a732739cac2b1b05e14954de3ae53bec5d0b6f887,b4c81ad8c981014f026f0d6e0674c395ad463ba79c17d45854a93afd7d017763,1,d3f5d5c29df3e348a78bd03ae127819c1fe869b0ff01a095bd75ffa2d1dd2dd8,UNKNOWN,B2_STRICT_INCLUSION_FAILED,False,False,0.12,1,9.176837068025634e-10,0.008717891639728229,-1.9976548193412214e-10,0.9662800169999173,0.5667644310019568,0.0,0.049377184996501455,1.5330444480018741,0.0,1.5824216329983756,24248320,41475,8851
707c1d961efe8a57dc31,nmos_ring_3stage,slow_load,residual-stopped-damped-newton-v1,float64,1e-10,2.5e-09,100,8,0,temporal_only,6c975d8232f39199a1c5737e11d23a7e7ef1fb0ab63ff7b11eefc9be6f3c0bcd,ce80e31204a2573f081f85df004aa9e10dec527ab56664b97dbd08744bdeb1e4,ded41093dd7376baac31f7a7f1beeecfb92e97b25fc81201d7867f5c6e4e0489,7b1a422f1aef42bc3cea5004dde50e659b71dd725346089f38a4e6ed105dfd8d,b24939bba54ce9d155451029bc1315cf08a593e440e4d23ff1e75017ef8131d7,60fe305ae90cfb9e6a200feba6116f7e516f4c991c899008a3c3d808c4fd1faf,bc021bca6d413e71f8593a42ffa78b54c2588dd6f2a9ab06c8049b7ae8dabe10,09a8d9fdabbb0e2bf8aa701a732739cac2b1b05e14954de3ae53bec5d0b6f887,b4c81ad8c981014f026f0d6e0674c395ad463ba79c17d45854a93afd7d017763,1,d3f5d5c29df3e348a78bd03ae127819c1fe869b0ff01a095bd75ffa2d1dd2dd8,UNKNOWN,SLAB_STRICT_INCLUSION_FAILED,False,False,0.08,0,9.176837068025634e-10,0.008717891639728229,-9.596720640381307e-11,1.1965040179993593,0.0,0.36050617699947907,0.04751627899941013,1.5570101949988384,0.0,1.6045264739982485,24510464,41475,8851
6fe40a7390b2ec3738c4,nmos_ring_3stage,slow_load,residual-stopped-damped-newton-v1,float64,1e-10,2.5e-09,100,8,0,temporal_device_blockstamp,6c975d8232f39199a1c5737e11d23a7e7ef1fb0ab63ff7b11eefc9be6f3c0bcd,ce80e31204a2573f081f85df004aa9e10dec527ab56664b97dbd08744bdeb1e4,ded41093dd7376baac31f7a7f1beeecfb92e97b25fc81201d7867f5c6e4e0489,7b1a422f1aef42bc3cea5004dde50e659b71dd725346089f38a4e6ed105dfd8d,b24939bba54ce9d155451029bc1315cf08a593e440e4d23ff1e75017ef8131d7,60fe305ae90cfb9e6a200feba6116f7e516f4c991c899008a3c3d808c4fd1faf,bc021bca6d413e71f8593a42ffa78b54c2588dd6f2a9ab06c8049b7ae8dabe10,09a8d9fdabbb0e2bf8aa701a732739cac2b1b05e14954de3ae53bec5d0b6f887,b4c81ad8c981014f026f0d6e0674c395ad463ba79c17d45854a93afd7d017763,1,d3f5d5c29df3e348a78bd03ae127819c1fe869b0ff01a095bd75ffa2d1dd2dd8,UNKNOWN,SLAB_STRICT_INCLUSION_FAILED,False,False,0.08,0,9.176837068025634e-10,0.008717891639728229,-9.596720640381307e-11,1.3370035490006558,0.0,0.4127517869997064,0.04618144500091148,1.7497553360003621,0.0,1.7959367810012736,24244224,41475,8851
d5e96e8d1c0324486bae,nmos_ring_3stage,slow_load,residual-stopped-damped-newton-v1,float64,1e-10,2.5e-09,100,16,0,dense_slab_generic,6c975d8232f39199a1c5737e11d23a7e7ef1fb0ab63ff7b11eefc9be6f3c0bcd,ce80e31204a2573f081f85df004aa9e10dec527ab56664b97dbd08744bdeb1e4,ded41093dd7376baac31f7a7f1beeecfb92e97b25fc81201d7867f5c6e4e0489,7b1a422f1aef42bc3cea5004dde50e659b71dd725346089f38a4e6ed105dfd8d,b24939bba54ce9d155451029bc1315cf08a593e440e4d23ff1e75017ef8131d7,60fe305ae90cfb9e6a200feba6116f7e516f4c991c899008a3c3d808c4fd1faf,bc021bca6d413e71f8593a42ffa78b54c2588dd6f2a9ab06c8049b7ae8dabe10,09a8d9fdabbb0e2bf8aa701a732739cac2b1b05e14954de3ae53bec5d0b6f887,b4c81ad8c981014f026f0d6e0674c395ad463ba79c17d45854a93afd7d017763,1,d3f5d5c29df3e348a78bd03ae127819c1fe869b0ff01a095bd75ffa2d1dd2dd8,UNKNOWN,SLAB_STRICT_INCLUSION_FAILED,False,False,0.0,0,9.176837068025634e-10,0.008717891639728229,-8.146702756839375e-11,1.3414497039998423,0.0,0.45127960699983305,0.050085393001154443,1.7927293109996754,0.0,1.8428147040008298,24510464,41475,8851
cc01fb42710f9ad7f103,nmos_ring_3stage,slow_load,residual-stopped-damped-newton-v1,float64,1e-10,2.5e-09,100,16,0,device_local_pointwise_b2,6c975d8232f39199a1c5737e11d23a7e7ef1fb0ab63ff7b11eefc9be6f3c0bcd,ce80e31204a2573f081f85df004aa9e10dec527ab56664b97dbd08744bdeb1e4,ded41093dd7376baac31f7a7f1beeecfb92e97b25fc81201d7867f5c6e4e0489,7b1a422f1aef42bc3cea5004dde50e659b71dd725346089f38a4e6ed105dfd8d,b24939bba54ce9d155451029bc1315cf08a593e440e4d23ff1e75017ef8131d7,60fe305ae90cfb9e6a200feba6116f7e516f4c991c899008a3c3d808c4fd1faf,bc021bca6d413e71f8593a42ffa78b54c2588dd6f2a9ab06c8049b7ae8dabe10,09a8d9fdabbb0e2bf8aa701a732739cac2b1b05e14954de3ae53bec5d0b6f887,b4c81ad8c981014f026f0d6e0674c395ad463ba79c17d45854a93afd7d017763,1,d3f5d5c29df3e348a78bd03ae127819c1fe869b0ff01a095bd75ffa2d1dd2dd8,UNKNOWN,B2_STRICT_INCLUSION_FAILED,False,False,0.12,1,9.176837068025634e-10,0.008717891639728229,-1.9976548193412214e-10,1.0079139380004563,0.5777549060003366,0.0,0.04862899899671902,1.5856688440007929,0.0,1.634297842997512,24248320,41475,8851
ea7971d206385ec19eac,nmos_ring_3stage,slow_load,residual-stopped-damped-newton-v1,float64,1e-10,2.5e-09,100,16,0,temporal_only,6c975d8232f39199a1c5737e11d23a7e7ef1fb0ab63ff7b11eefc9be6f3c0bcd,ce80e31204a2573f081f85df004aa9e10dec527ab56664b97dbd08744bdeb1e4,ded41093dd7376baac31f7a7f1beeecfb92e97b25fc81201d7867f5c6e4e0489,7b1a422f1aef42bc3cea5004dde50e659b71dd725346089f38a4e6ed105dfd8d,b24939bba54ce9d155451029bc1315cf08a593e440e4d23ff1e75017ef8131d7,60fe305ae90cfb9e6a200feba6116f7e516f4c991c899008a3c3d808c4fd1faf,bc021bca6d413e71f8593a42ffa78b54c2588dd6f2a9ab06c8049b7ae8dabe10,09a8d9fdabbb0e2bf8aa701a732739cac2b1b05e14954de3ae53bec5d0b6f887,b4c81ad8c981014f026f0d6e0674c395ad463ba79c17d45854a93afd7d017763,1,d3f5d5c29df3e348a78bd03ae127819c1fe869b0ff01a095bd75ffa2d1dd2dd8,UNKNOWN,SLAB_STRICT_INCLUSION_FAILED,False,False,0.0,0,9.176837068025634e-10,0.008717891639728229,-8.146702756839375e-11,1.3196993719998318,0.0,0.40479204200028107,0.048688629999105615,1.7244914140001129,0.0,1.7731800439992185,24379392,41475,8851
cc54b0d40873d6f5d3d5,nmos_ring_3stage,slow_load,residual-stopped-damped-newton-v1,float64,1e-10,2.5e-09,100,16,0,temporal_device_blockstamp,6c975d8232f39199a1c5737e11d23a7e7ef1fb0ab63ff7b11eefc9be6f3c0bcd,ce80e31204a2573f081f85df004aa9e10dec527ab56664b97dbd08744bdeb1e4,ded41093dd7376baac31f7a7f1beeecfb92e97b25fc81201d7867f5c6e4e0489,7b1a422f1aef42bc3cea5004dde50e659b71dd725346089f38a4e6ed105dfd8d,b24939bba54ce9d155451029bc1315cf08a593e440e4d23ff1e75017ef8131d7,60fe305ae90cfb9e6a200feba6116f7e516f4c991c899008a3c3d808c4fd1faf,bc021bca6d413e71f8593a42ffa78b54c2588dd6f2a9ab06c8049b7ae8dabe10,09a8d9fdabbb0e2bf8aa701a732739cac2b1b05e14954de3ae53bec5d0b6f887,b4c81ad8c981014f026f0d6e0674c395ad463ba79c17d45854a93afd7d017763,1,d3f5d5c29df3e348a78bd03ae127819c1fe869b0ff01a095bd75ffa2d1dd2dd8,UNKNOWN,SLAB_STRICT_INCLUSION_FAILED,False,False,0.0,0,9.176837068025634e-10,0.008717891639728229,-8.146702756839375e-11,1.3372790150001492,0.0,0.40728869400072654,0.04895481199991991,1.7445677090008758,0.0,1.7935225210007957,24117248,41475,8851
