sample_index,domain,scene_id,scan_id,image_relpath,input_size,target_height,target_width,valid_pixel_count,boundary_pixel_count,weight_sum,base_primary_error_sum,primary_error_sum,primary_utility_sum,base_absrel_error_sum,absrel_error_sum,absrel_utility_sum,metric_scale,forward_milliseconds
0,indoors,scene_00019,indoors/scene_00019/scan_00183,val/indoors/scene_00019/scan_00183/00019_00183_indoors_000_040.png,518,518,686,786330,78633,1100862.0,263486.1422873223,263486.1422873223,0.0,171953.34478877822,171953.34478877822,0.0,0.05394610612827464,4711.577852256596
0,indoors,scene_00019,indoors/scene_00019/scan_00183,val/indoors/scene_00019/scan_00183/00019_00183_indoors_000_040.png,574,574,770,786330,78633,1100862.0,263486.1422873223,264703.9984188301,-1217.8561315077823,171953.34478877822,172260.50398902275,-307.159200244525,0.05308700720821734,797.0275636762381
0,indoors,scene_00019,indoors/scene_00019/scan_00183,val/indoors/scene_00019/scan_00183/00019_00183_indoors_000_040.png,630,630,840,786330,78633,1100862.0,263486.1422873223,257382.16345101304,6103.978836309281,171953.34478877822,166677.8689080699,5275.475880708313,0.05237156360297129,718.5826301574707
0,indoors,scene_00019,indoors/scene_00019/scan_00183,val/indoors/scene_00019/scan_00183/00019_00183_indoors_000_040.png,686,686,910,786330,78633,1100862.0,263486.1422873223,274140.8979571358,-10654.755669813487,171953.34478877822,179203.69039663184,-7250.345607853611,0.05372943490750247,2033.1626925617456
0,indoors,scene_00019,indoors/scene_00019/scan_00183,val/indoors/scene_00019/scan_00183/00019_00183_indoors_000_040.png,742,742,994,786330,78633,1100862.0,263486.1422873223,274460.611349587,-10974.46906226466,171953.34478877822,179726.90260952257,-7773.557820744347,0.05294223078181181,228.8804380223155
0,indoors,scene_00019,indoors/scene_00019/scan_00183,val/indoors/scene_00019/scan_00183/00019_00183_indoors_000_040.png,798,798,1064,786330,78633,1100862.0,263486.1422873223,270728.2318691851,-7242.0895818627905,171953.34478877822,175129.08614901197,-3175.7413602337474,0.05143199554311952,80.65606467425823
0,indoors,scene_00019,indoors/scene_00019/scan_00183,val/indoors/scene_00019/scan_00183/00019_00183_indoors_000_040.png,854,854,1134,786330,78633,1100862.0,263486.1422873223,271444.514265443,-7958.371978120704,171953.34478877822,176592.91717649065,-4639.572387712426,0.05294547625212021,762.091975659132
0,indoors,scene_00019,indoors/scene_00019/scan_00183,val/indoors/scene_00019/scan_00183/00019_00183_indoors_000_040.png,910,910,1218,786330,78633,1100862.0,263486.1422873223,272886.08831461327,-9399.94602729095,171953.34478877822,177637.11539953103,-5683.7706107528065,0.050460464509486415,116.64373148232698
0,indoors,scene_00019,indoors/scene_00019/scan_00183,val/indoors/scene_00019/scan_00183/00019_00183_indoors_000_040.png,966,966,1288,786330,78633,1100862.0,263486.1422873223,267365.0720330737,-3878.929745751375,171953.34478877822,172757.94821237563,-804.6034235974075,0.048892256671732554,646.8276968225837
0,indoors,scene_00019,indoors/scene_00019/scan_00183,val/indoors/scene_00019/scan_00183/00019_00183_indoors_000_040.png,1022,1022,1358,786330,78633,1100862.0,263486.1422873223,273932.81221738586,-10446.669930063537,171953.34478877822,176634.82136183715,-4681.476573058928,0.051218633035561706,626.1737300083041
1,indoors,scene_00019,indoors/scene_00019/scan_00183,val/indoors/scene_00019/scan_00183/00019_00183_indoors_030_040.png,518,518,686,786260,78626,1100764.0,432126.64092610043,432126.64092610043,0.0,291654.4314332884,291654.4314332884,0.0,0.052151903805318874,26.994324289262295
1,indoors,scene_00019,indoors/scene_00019/scan_00183,val/indoors/scene_00019/scan_00183/00019_00183_indoors_030_040.png,574,574,770,786260,78626,1100764.0,432126.64092610043,418242.0929796889,13884.547946411534,291654.4314332884,278307.06088696537,13347.370546323014,0.05367670118434134,36.99007909744978
1,indoors,scene_00019,indoors/scene_00019/scan_00183,val/indoors/scene_00019/scan_00183/00019_00183_indoors_030_040.png,630,630,840,786260,78626,1100764.0,432126.64092610043,436936.1977705312,-4809.556844430743,291654.4314332884,294505.1959238622,-2850.7644905738416,0.05051607118834011,46.31468001753092
1,indoors,scene_00019,indoors/scene_00019/scan_00183,val/indoors/scene_00019/scan_00183/00019_00183_indoors_030_040.png,686,686,910,786260,78626,1100764.0,432126.64092610043,419926.3111417207,12200.329784379748,291654.4314332884,287874.3830373723,3780.048395916063,0.05246332063001989,53.976104594767094
1,indoors,scene_00019,indoors/scene_00019/scan_00183,val/indoors/scene_00019/scan_00183/00019_00183_indoors_030_040.png,742,742,994,786260,78626,1100764.0,432126.64092610043,417941.97275786195,14184.66816823848,291654.4314332884,284314.67450049723,7339.756932791148,0.05106538813358713,59.64146554470062
1,indoors,scene_00019,indoors/scene_00019/scan_00183,val/indoors/scene_00019/scan_00183/00019_00183_indoors_030_040.png,798,798,1064,786260,78626,1100764.0,432126.64092610043,439198.0015238384,-7071.360597737948,291654.4314332884,302920.7373855063,-11266.305952217896,0.04999574293298347,101.99789516627789
1,indoors,scene_00019,indoors/scene_00019/scan_00183,val/indoors/scene_00019/scan_00183/00019_00183_indoors_030_040.png,854,854,1134,786260,78626,1100764.0,432126.64092610043,424081.56567364995,8045.075252450479,291654.4314332884,295476.64269504446,-3822.211261756078,0.049939948005417296,99.76579062640667
1,indoors,scene_00019,indoors/scene_00019/scan_00183,val/indoors/scene_00019/scan_00183/00019_00183_indoors_030_040.png,910,910,1218,786260,78626,1100764.0,432126.64092610043,405962.31098559836,26164.329940502066,291654.4314332884,277404.2111464319,14250.220286856464,0.04876178702995559,146.4451625943184
1,indoors,scene_00019,indoors/scene_00019/scan_00183,val/indoors/scene_00019/scan_00183/00019_00183_indoors_030_040.png,966,966,1288,786260,78626,1100764.0,432126.64092610043,418174.61308355123,13952.0278425492,291654.4314332884,290223.5501146687,1430.8813186197076,0.048518000499008396,144.0816791728139
1,indoors,scene_00019,indoors/scene_00019/scan_00183,val/indoors/scene_00019/scan_00183/00019_00183_indoors_030_040.png,1022,1022,1358,786260,78626,1100764.0,432126.64092610043,376043.78624771675,56082.85467838368,291654.4314332884,265369.4943871435,26284.937046144856,0.050679503751595405,200.81796310842037
2,indoors,scene_00019,indoors/scene_00019/scan_00183,val/indoors/scene_00019/scan_00183/00019_00183_indoors_060_000.png,518,518,686,786083,78609,1100519.0,307378.82687525684,307378.82687525684,0.0,185116.31362167103,185116.31362167103,0.0,0.1697739195821687,50.66037829965353
2,indoors,scene_00019,indoors/scene_00019/scan_00183,val/indoors/scene_00019/scan_00183/00019_00183_indoors_060_000.png,574,574,770,786083,78609,1100519.0,307378.82687525684,322354.1647375815,-14975.337862324668,185116.31362167103,197336.43522726098,-12220.121605589957,0.16949013672541358,29.46289163082838
2,indoors,scene_00019,indoors/scene_00019/scan_00183,val/indoors/scene_00019/scan_00183/00019_00183_indoors_060_000.png,630,630,840,786083,78609,1100519.0,307378.82687525684,301157.8205103572,6221.006364899629,185116.31362167103,183805.45315026934,1310.8604714016838,0.16242893901064553,48.33334498107433
2,indoors,scene_00019,indoors/scene_00019/scan_00183,val/indoors/scene_00019/scan_00183/00019_00183_indoors_060_000.png,686,686,910,786083,78609,1100519.0,307378.82687525684,321758.01962581766,-14379.192750560818,185116.31362167103,199367.67928415124,-14251.36566248021,0.16212575763605724,65.9951763227582
2,indoors,scene_00019,indoors/scene_00019/scan_00183,val/indoors/scene_00019/scan_00183/00019_00183_indoors_060_000.png,742,742,994,786083,78609,1100519.0,307378.82687525684,317469.7905795534,-10090.963704296562,185116.31362167103,206945.901719829,-21829.588098157983,0.15288468329357585,60.75839139521122
2,indoors,scene_00019,indoors/scene_00019/scan_00183,val/indoors/scene_00019/scan_00183/00019_00183_indoors_060_000.png,798,798,1064,786083,78609,1100519.0,307378.82687525684,279664.84902144206,27713.97785381478,185116.31362167103,190259.09232735058,-5142.77870567955,0.13339818368863876,89.97589908540249
2,indoors,scene_00019,indoors/scene_00019/scan_00183,val/indoors/scene_00019/scan_00183/00019_00183_indoors_060_000.png,854,854,1134,786083,78609,1100519.0,307378.82687525684,285750.03426464973,21628.79261060711,185116.31362167103,192813.83987928112,-7697.526257610094,0.13549224613712152,90.0659179314971
2,indoors,scene_00019,indoors/scene_00019/scan_00183,val/indoors/scene_00019/scan_00183/00019_00183_indoors_060_000.png,910,910,1218,786083,78609,1100519.0,307378.82687525684,296437.4961517662,10941.330723490624,185116.31362167103,199746.30486080854,-14629.991239137511,0.13569473357762502,119.01048384606838
2,indoors,scene_00019,indoors/scene_00019/scan_00183,val/indoors/scene_00019/scan_00183/00019_00183_indoors_060_000.png,966,966,1288,786083,78609,1100519.0,307378.82687525684,308545.101572397,-1166.2746971401502,185116.31362167103,196768.39977292638,-11652.086151255353,0.14748443877495504,140.99183771759272
2,indoors,scene_00019,indoors/scene_00019/scan_00183,val/indoors/scene_00019/scan_00183/00019_00183_indoors_060_000.png,1022,1022,1358,786083,78609,1100519.0,307378.82687525684,305255.3228910152,2123.50398424163,185116.31362167103,197822.16390117464,-12705.850279503618,0.14260606084163008,181.73705879598856
3,indoors,scene_00019,indoors/scene_00019/scan_00183,val/indoors/scene_00019/scan_00183/00019_00183_indoors_140_050.png,518,518,686,786067,78607,1100495.0,497278.5584692758,497278.5584692758,0.0,338805.64558496734,338805.64558496734,0.0,0.08784611711150993,49.128721468150616
3,indoors,scene_00019,indoors/scene_00019/scan_00183,val/indoors/scene_00019/scan_00183/00019_00183_indoors_140_050.png,574,574,770,786067,78607,1100495.0,497278.5584692758,489395.81883675704,7882.739632518787,338805.64558496734,335938.38253130653,2867.263053660805,0.08185770125261331,37.134669721126556
3,indoors,scene_00019,indoors/scene_00019/scan_00183,val/indoors/scene_00019/scan_00183/00019_00183_indoors_140_050.png,630,630,840,786067,78607,1100495.0,497278.5584692758,463475.06467525486,33803.493794020964,338805.64558496734,311567.7139293065,27237.931655660854,0.0840481978184494,52.83431150019169
3,indoors,scene_00019,indoors/scene_00019/scan_00183,val/indoors/scene_00019/scan_00183/00019_00183_indoors_140_050.png,686,686,910,786067,78607,1100495.0,497278.5584692758,574417.8841964062,-77139.3257271304,338805.64558496734,393657.63088710856,-54851.98530214123,0.08400133497047116,58.53331461548805
3,indoors,scene_00019,indoors/scene_00019/scan_00183,val/indoors/scene_00019/scan_00183/00019_00183_indoors_140_050.png,742,742,994,786067,78607,1100495.0,497278.5584692758,567662.6960038592,-70384.13753458334,338805.64558496734,388174.5794666187,-49368.93388165138,0.08177180963006869,59.70633216202259
3,indoors,scene_00019,indoors/scene_00019/scan_00183,val/indoors/scene_00019/scan_00183/00019_00183_indoors_140_050.png,798,798,1064,786067,78607,1100495.0,497278.5584692758,594840.6191270421,-97562.0606577663,338805.64558496734,401465.1127232364,-62659.46713826904,0.08384994654200328,74.8017942532897
3,indoors,scene_00019,indoors/scene_00019/scan_00183,val/indoors/scene_00019/scan_00183/00019_00183_indoors_140_050.png,854,854,1134,786067,78607,1100495.0,497278.5584692758,629099.0003898724,-131820.44192059652,338805.64558496734,428958.0020326015,-90152.35644763417,0.08379868725693931,120.70695776492357
3,indoors,scene_00019,indoors/scene_00019/scan_00183,val/indoors/scene_00019/scan_00183/00019_00183_indoors_140_050.png,910,910,1218,786067,78607,1100495.0,497278.5584692758,641016.930771726,-143738.37230245012,338805.64558496734,437946.1432171073,-99140.49763213994,0.08142271675011752,112.66617197543383
3,indoors,scene_00019,indoors/scene_00019/scan_00183,val/indoors/scene_00019/scan_00183/00019_00183_indoors_140_050.png,966,966,1288,786067,78607,1100495.0,497278.5584692758,645521.6207486633,-148243.0622793875,338805.64558496734,437905.24150850193,-99099.5959235346,0.08006034665278039,136.02291885763407
3,indoors,scene_00019,indoors/scene_00019/scan_00183,val/indoors/scene_00019/scan_00183/00019_00183_indoors_140_050.png,1022,1022,1358,786067,78607,1100495.0,497278.5584692758,599289.2191016043,-102010.66063232848,338805.64558496734,406293.9778790916,-67488.33229412424,0.08308851795064273,175.48302095383406
4,indoors,scene_00019,indoors/scene_00019/scan_00183,val/indoors/scene_00019/scan_00183/00019_00183_indoors_150_020.png,518,518,686,786369,78638,1100921.0,319044.8208653766,319044.8208653766,0.0,206360.9806768534,206360.9806768534,0.0,0.07093880014215238,26.887410320341587
4,indoors,scene_00019,indoors/scene_00019/scan_00183,val/indoors/scene_00019/scan_00183/00019_00183_indoors_150_020.png,574,574,770,786369,78638,1100921.0,319044.8208653766,312075.3512239079,6969.4696414687205,206360.9806768534,199936.86721230322,6424.113464550173,0.06823186984143596,29.35982123017311
4,indoors,scene_00019,indoors/scene_00019/scan_00183,val/indoors/scene_00019/scan_00183/00019_00183_indoors_150_020.png,630,630,840,786369,78638,1100921.0,319044.8208653766,333167.29263901553,-14122.471773638914,206360.9806768534,213984.65929597794,-7623.678619124548,0.06541420064248883,45.78142799437046
4,indoors,scene_00019,indoors/scene_00019/scan_00183,val/indoors/scene_00019/scan_00183/00019_00183_indoors_150_020.png,686,686,910,786369,78638,1100921.0,319044.8208653766,347873.3491755705,-28828.528310193855,206360.9806768534,225194.25562015912,-18833.274943305732,0.06414696794414053,73.74334614723921
4,indoors,scene_00019,indoors/scene_00019/scan_00183,val/indoors/scene_00019/scan_00183/00019_00183_indoors_150_020.png,742,742,994,786369,78638,1100921.0,319044.8208653766,358559.2111213808,-39514.390256004175,206360.9806768534,232518.602604357,-26157.621927503613,0.061119309921153615,59.91543270647526
4,indoors,scene_00019,indoors/scene_00019/scan_00183,val/indoors/scene_00019/scan_00183/00019_00183_indoors_150_020.png,798,798,1064,786369,78638,1100921.0,319044.8208653766,359596.92694012605,-40552.106074749434,206360.9806768534,234132.16350113665,-27771.182824283256,0.06160401162381275,74.36191011220217
4,indoors,scene_00019,indoors/scene_00019/scan_00183,val/indoors/scene_00019/scan_00183/00019_00183_indoors_150_020.png,854,854,1134,786369,78638,1100921.0,319044.8208653766,380485.28525323013,-61440.46438785351,206360.9806768534,250648.7581684328,-44287.777491579414,0.058909771371412595,102.03869733959436
4,indoors,scene_00019,indoors/scene_00019/scan_00183,val/indoors/scene_00019/scan_00183/00019_00183_indoors_150_020.png,910,910,1218,786369,78638,1100921.0,319044.8208653766,390277.8808221326,-71233.05995675595,206360.9806768534,255557.7576366216,-49196.776959768205,0.060625678472376564,112.0110210031271
4,indoors,scene_00019,indoors/scene_00019/scan_00183,val/indoors/scene_00019/scan_00183/00019_00183_indoors_150_020.png,966,966,1288,786369,78638,1100921.0,319044.8208653766,376128.33432814985,-57083.51346277323,206360.9806768534,243592.51091783505,-37231.530240981665,0.05847386950124814,162.24228125065565
4,indoors,scene_00019,indoors/scene_00019/scan_00183,val/indoors/scene_00019/scan_00183/00019_00183_indoors_150_020.png,1022,1022,1358,786369,78638,1100921.0,319044.8208653766,382316.5801439201,-63271.75927854347,206360.9806768534,249676.71644182235,-43315.735764968966,0.05922455098014979,174.74742513149977
5,indoors,scene_00019,indoors/scene_00019/scan_00183,val/indoors/scene_00019/scan_00183/00019_00183_indoors_200_020.png,518,518,686,688024,68799,963220.0,333786.4340209197,333786.4340209197,0.0,213044.9889091677,213044.9889091677,0.0,0.08444149141698419,49.59451872855425
5,indoors,scene_00019,indoors/scene_00019/scan_00183,val/indoors/scene_00019/scan_00183/00019_00183_indoors_200_020.png,574,574,770,688024,68799,963220.0,333786.4340209197,341270.7388909003,-7484.304869980551,213044.9889091677,217839.93692637875,-4794.948017211049,0.08413433656400064,32.80549868941307
5,indoors,scene_00019,indoors/scene_00019/scan_00183,val/indoors/scene_00019/scan_00183/00019_00183_indoors_200_020.png,630,630,840,688024,68799,963220.0,333786.4340209197,330832.32705848536,2954.1069624343654,213044.9889091677,209646.89629997936,3398.092609188345,0.07877597136944894,95.80960124731064
5,indoors,scene_00019,indoors/scene_00019/scan_00183,val/indoors/scene_00019/scan_00183/00019_00183_indoors_200_020.png,686,686,910,688024,68799,963220.0,333786.4340209197,331763.7094098879,2022.7246110318229,213044.9889091677,210584.6551679669,2460.333741200797,0.0775997309241797,46.2661636993289
5,indoors,scene_00019,indoors/scene_00019/scan_00183,val/indoors/scene_00019/scan_00183/00019_00183_indoors_200_020.png,742,742,994,688024,68799,963220.0,333786.4340209197,345242.8773452195,-11456.443324299762,213044.9889091677,220565.9695831397,-7520.980673971993,0.07804602271851806,58.99729020893574
5,indoors,scene_00019,indoors/scene_00019/scan_00183,val/indoors/scene_00019/scan_00183/00019_00183_indoors_200_020.png,798,798,1064,688024,68799,963220.0,333786.4340209197,341418.7845073458,-7632.35048642609,213044.9889091677,218008.64323383535,-4963.654324667645,0.07173550291551713,62.882838770747185
5,indoors,scene_00019,indoors/scene_00019/scan_00183,val/indoors/scene_00019/scan_00183/00019_00183_indoors_200_020.png,854,854,1134,688024,68799,963220.0,333786.4340209197,347722.4829536248,-13936.048932705075,213044.9889091677,223531.9647476107,-10486.975838443002,0.07236535111124674,93.94056629389524
5,indoors,scene_00019,indoors/scene_00019/scan_00183,val/indoors/scene_00019/scan_00183/00019_00183_indoors_200_020.png,910,910,1218,688024,68799,963220.0,333786.4340209197,351954.5401989934,-18168.106178073678,213044.9889091677,226293.12304467673,-13248.134135509026,0.07071400182959584,94.71977781504393
5,indoors,scene_00019,indoors/scene_00019/scan_00183,val/indoors/scene_00019/scan_00183/00019_00183_indoors_200_020.png,966,966,1288,688024,68799,963220.0,333786.4340209197,356323.17372602754,-22536.739705107815,213044.9889091677,228588.46230128466,-15543.473392116954,0.0710707472712298,115.0625767186284
5,indoors,scene_00019,indoors/scene_00019/scan_00183,val/indoors/scene_00019/scan_00183/00019_00183_indoors_200_020.png,1022,1022,1358,688024,68799,963220.0,333786.4340209197,361789.9361790106,-28003.50215809088,213044.9889091677,233405.25237682246,-20360.26346765476,0.06940251723425524,146.67319785803556
6,indoors,scene_00019,indoors/scene_00019/scan_00183,val/indoors/scene_00019/scan_00183/00019_00183_indoors_240_000.png,518,518,686,782104,78210,1094944.0,1269711.9965333184,1269711.9965333184,0.0,860272.3519046708,860272.3519046708,0.0,0.06930490203825383,22.966804914176464
6,indoors,scene_00019,indoors/scene_00019/scan_00183,val/indoors/scene_00019/scan_00183/00019_00183_indoors_240_000.png,574,574,770,782104,78210,1094944.0,1269711.9965333184,1192560.5825022487,77151.41403106973,860272.3519046708,781728.8002407482,78543.55166392261,0.06944608693362096,30.674501322209835
6,indoors,scene_00019,indoors/scene_00019/scan_00183,val/indoors/scene_00019/scan_00183/00019_00183_indoors_240_000.png,630,630,840,782104,78210,1094944.0,1269711.9965333184,1117665.1164715756,152046.88006174285,860272.3519046708,736000.9584597773,124271.39344489353,0.06746131027798048,38.967858999967575
6,indoors,scene_00019,indoors/scene_00019/scan_00183,val/indoors/scene_00019/scan_00183/00019_00183_indoors_240_000.png,686,686,910,782104,78210,1094944.0,1269711.9965333184,1052010.7466515298,217701.24988178862,860272.3519046708,686648.4313596305,173623.92054504028,0.06836817620920133,45.06736993789673
6,indoors,scene_00019,indoors/scene_00019/scan_00183,val/indoors/scene_00019/scan_00183/00019_00183_indoors_240_000.png,742,742,994,782104,78210,1094944.0,1269711.9965333184,932855.7623974645,336856.23413585394,860272.3519046708,593286.2600787685,266986.09182590235,0.06591297530980732,50.269247964024544
6,indoors,scene_00019,indoors/scene_00019/scan_00183,val/indoors/scene_00019/scan_00183/00019_00183_indoors_240_000.png,798,798,1064,782104,78210,1094944.0,1269711.9965333184,963462.5443108417,306249.4522224767,860272.3519046708,612963.3432624082,247309.00864226266,0.06577131383690943,63.43137938529253
6,indoors,scene_00019,indoors/scene_00019/scan_00183,val/indoors/scene_00019/scan_00183/00019_00183_indoors_240_000.png,854,854,1134,782104,78210,1094944.0,1269711.9965333184,936964.0527495533,332747.9437837651,860272.3519046708,593613.4742203248,266658.87768434605,0.06491211712438173,83.17517675459385
6,indoors,scene_00019,indoors/scene_00019/scan_00183,val/indoors/scene_00019/scan_00183/00019_00183_indoors_240_000.png,910,910,1218,782104,78210,1094944.0,1269711.9965333184,833939.7306508012,435772.2658825172,860272.3519046708,523653.4786560281,336618.8732486427,0.06541166486197934,96.95555362850428
6,indoors,scene_00019,indoors/scene_00019/scan_00183,val/indoors/scene_00019/scan_00183/00019_00183_indoors_240_000.png,966,966,1288,782104,78210,1094944.0,1269711.9965333184,836701.0316983514,433010.96483496705,860272.3519046708,515202.7077300631,345069.6441746077,0.06516142821988799,114.63976837694645
6,indoors,scene_00019,indoors/scene_00019/scan_00183,val/indoors/scene_00019/scan_00183/00019_00183_indoors_240_000.png,1022,1022,1358,782104,78210,1094944.0,1269711.9965333184,827421.8411927598,442290.1553405586,860272.3519046708,512856.60528817604,347415.7466164948,0.06449581223540661,146.6916473582387
7,indoors,scene_00019,indoors/scene_00019/scan_00183,val/indoors/scene_00019/scan_00183/00019_00183_indoors_250_030.png,518,518,686,785137,78513,1099189.0,283964.8581877496,283964.8581877496,0.0,176580.3220598856,176580.3220598856,0.0,0.049062722807004674,22.908303886651993
7,indoors,scene_00019,indoors/scene_00019/scan_00183,val/indoors/scene_00019/scan_00183/00019_00183_indoors_250_030.png,574,574,770,785137,78513,1099189.0,283964.8581877496,291293.72453244345,-7328.8663446938735,176580.3220598856,178380.54674397933,-1800.2246840937296,0.047399223088121424,24.967252276837826
7,indoors,scene_00019,indoors/scene_00019/scan_00183,val/indoors/scene_00019/scan_00183/00019_00183_indoors_250_030.png,630,630,840,785137,78513,1099189.0,283964.8581877496,286409.1715485519,-2444.3133608023054,176580.3220598856,184236.25991733177,-7655.937857446173,0.047087869825070676,38.55697065591812
7,indoors,scene_00019,indoors/scene_00019/scan_00183,val/indoors/scene_00019/scan_00183/00019_00183_indoors_250_030.png,686,686,910,785137,78513,1099189.0,283964.8581877496,313093.7114790868,-29128.853291337204,176580.3220598856,193964.9877607093,-17384.66570082371,0.04629245335845928,45.02194467931986
7,indoors,scene_00019,indoors/scene_00019/scan_00183,val/indoors/scene_00019/scan_00183/00019_00183_indoors_250_030.png,742,742,994,785137,78513,1099189.0,283964.8581877496,315592.0850084529,-31627.226820703305,176580.3220598856,193889.58347039766,-17309.26141051206,0.04541394888572837,53.38657647371292
7,indoors,scene_00019,indoors/scene_00019/scan_00183,val/indoors/scene_00019/scan_00183/00019_00183_indoors_250_030.png,798,798,1064,785137,78513,1099189.0,283964.8581877496,302290.8331830435,-18325.974995293946,176580.3220598856,190783.23888387473,-14202.91682398913,0.04516080047404051,62.95797787606716
7,indoors,scene_00019,indoors/scene_00019/scan_00183,val/indoors/scene_00019/scan_00183/00019_00183_indoors_250_030.png,854,854,1134,785137,78513,1099189.0,283964.8581877496,301539.5958782444,-17574.737690494803,176580.3220598856,184419.87674734206,-7839.554687456461,0.04224936272135218,83.49104318767786
7,indoors,scene_00019,indoors/scene_00019/scan_00183,val/indoors/scene_00019/scan_00183/00019_00183_indoors_250_030.png,910,910,1218,785137,78513,1099189.0,283964.8581877496,309122.8097175277,-25157.951529778133,176580.3220598856,188729.83479182568,-12149.512731940078,0.04245214065518222,94.95683945715427
7,indoors,scene_00019,indoors/scene_00019/scan_00183,val/indoors/scene_00019/scan_00183/00019_00183_indoors_250_030.png,966,966,1288,785137,78513,1099189.0,283964.8581877496,302718.655813857,-18753.797626107407,176580.3220598856,194648.6261413588,-18068.30408147321,0.042296787427805016,116.74393340945244
7,indoors,scene_00019,indoors/scene_00019/scan_00183,val/indoors/scene_00019/scan_00183/00019_00183_indoors_250_030.png,1022,1022,1358,785137,78513,1099189.0,283964.8581877496,287620.4414321725,-3655.5832444229163,176580.3220598856,176449.36881423823,130.95324564736802,0.041748964913662166,151.62088256329298
8,indoors,scene_00019,indoors/scene_00019/scan_00183,val/indoors/scene_00019/scan_00183/00019_00183_indoors_300_010.png,518,518,686,783925,78394,1097501.0,788962.5173845686,788962.5173845686,0.0,595816.3798657648,595816.3798657648,0.0,0.07839342771859664,34.2860221862793
8,indoors,scene_00019,indoors/scene_00019/scan_00183,val/indoors/scene_00019/scan_00183/00019_00183_indoors_300_010.png,574,574,770,783925,78394,1097501.0,788962.5173845686,795728.5461416113,-6766.028757042717,595816.3798657648,601631.6233627965,-5815.243497031741,0.07548040176288984,24.942128919065
8,indoors,scene_00019,indoors/scene_00019/scan_00183,val/indoors/scene_00019/scan_00183/00019_00183_indoors_300_010.png,630,630,840,783925,78394,1097501.0,788962.5173845686,792236.71183782,-3274.1944532514317,595816.3798657648,593404.888273166,2411.4915925987298,0.07041415534768017,38.62887620925903
8,indoors,scene_00019,indoors/scene_00019/scan_00183,val/indoors/scene_00019/scan_00183/00019_00183_indoors_300_010.png,686,686,910,783925,78394,1097501.0,788962.5173845686,815588.86913989,-26626.351755321375,595816.3798657648,613249.0701651014,-17432.690299336682,0.06822237797775965,128.20658087730408
8,indoors,scene_00019,indoors/scene_00019/scan_00183,val/indoors/scene_00019/scan_00183/00019_00183_indoors_300_010.png,742,742,994,783925,78394,1097501.0,788962.5173845686,750687.8136198416,38274.70376472699,595816.3798657648,562570.6307955049,33245.74907025986,0.06626159731721996,116.5311997756362
8,indoors,scene_00019,indoors/scene_00019/scan_00183,val/indoors/scene_00019/scan_00183/00019_00183_indoors_300_010.png,798,798,1064,783925,78394,1097501.0,788962.5173845686,798037.8342044355,-9075.316819866886,595816.3798657648,600784.4590259648,-4968.079160200083,0.0621401508699992,146.2003653869033
8,indoors,scene_00019,indoors/scene_00019/scan_00183,val/indoors/scene_00019/scan_00183/00019_00183_indoors_300_010.png,854,854,1134,783925,78394,1097501.0,788962.5173845686,793958.9117573008,-4996.394372732262,595816.3798657648,597248.2263335879,-1431.8464678231394,0.06196310145892019,120.61763741075993
8,indoors,scene_00019,indoors/scene_00019/scan_00183,val/indoors/scene_00019/scan_00183/00019_00183_indoors_300_010.png,910,910,1218,783925,78394,1097501.0,788962.5173845686,767492.9402892591,21469.577095309505,595816.3798657648,576125.1383749587,19691.241490806104,0.059662350707478454,113.7802042067051
8,indoors,scene_00019,indoors/scene_00019/scan_00183,val/indoors/scene_00019/scan_00183/00019_00183_indoors_300_010.png,966,966,1288,783925,78394,1097501.0,788962.5173845686,793195.9804201336,-4233.463035564986,595816.3798657648,596639.5790573842,-823.1991916194092,0.060060556150537035,148.38337991386652
8,indoors,scene_00019,indoors/scene_00019/scan_00183,val/indoors/scene_00019/scan_00183/00019_00183_indoors_300_010.png,1022,1022,1358,783925,78394,1097501.0,788962.5173845686,795777.2176395942,-6814.700255025644,595816.3798657648,600089.9476031922,-4273.567737427424,0.057711439734680514,180.10646104812622
9,indoors,scene_00019,indoors/scene_00019/scan_00183,val/indoors/scene_00019/scan_00183/00019_00183_indoors_330_050.png,518,518,686,786150,78616,1100614.0,347533.564916607,347533.564916607,0.0,245123.9781051727,245123.9781051727,0.0,0.06604427535887508,27.044971473515034
9,indoors,scene_00019,indoors/scene_00019/scan_00183,val/indoors/scene_00019/scan_00183/00019_00183_indoors_330_050.png,574,574,770,786150,78616,1100614.0,347533.564916607,349128.4398242363,-1594.8749076293316,245123.9781051727,247075.82558373018,-1951.8474785574945,0.0646397582126833,36.88947856426239
9,indoors,scene_00019,indoors/scene_00019/scan_00183,val/indoors/scene_00019/scan_00183/00019_00183_indoors_330_050.png,630,630,840,786150,78616,1100614.0,347533.564916607,313497.29395322356,34036.27096338343,245123.9781051727,220611.90342503242,24512.07468014027,0.06581297372875136,45.86543049663305
9,indoors,scene_00019,indoors/scene_00019/scan_00183,val/indoors/scene_00019/scan_00183/00019_00183_indoors_330_050.png,686,686,910,786150,78616,1100614.0,347533.564916607,300570.2238974653,46963.34101914172,245123.9781051727,210166.12178552645,34957.856319646235,0.07235308247092208,61.04560196399689
9,indoors,scene_00019,indoors/scene_00019/scan_00183,val/indoors/scene_00019/scan_00183/00019_00183_indoors_330_050.png,742,742,994,786150,78616,1100614.0,347533.564916607,356330.2789774207,-8796.714060813712,245123.9781051727,254024.0595606755,-8900.081455502805,0.06871510092583392,59.92006789892912
9,indoors,scene_00019,indoors/scene_00019/scan_00183,val/indoors/scene_00019/scan_00183/00019_00183_indoors_330_050.png,798,798,1064,786150,78616,1100614.0,347533.564916607,320099.4292898311,27434.13562677591,245123.9781051727,226017.68988703395,19106.28821813874,0.06990694118907573,80.81505540758371
9,indoors,scene_00019,indoors/scene_00019/scan_00183,val/indoors/scene_00019/scan_00183/00019_00183_indoors_330_050.png,854,854,1134,786150,78616,1100614.0,347533.564916607,332126.9807693509,15406.5841472561,245123.9781051727,234856.74371836337,10267.234386809316,0.07093303983918046,101.25104896724224
9,indoors,scene_00019,indoors/scene_00019/scan_00183,val/indoors/scene_00019/scan_00183/00019_00183_indoors_330_050.png,910,910,1218,786150,78616,1100614.0,347533.564916607,325204.941254508,22328.62366209901,245123.9781051727,230846.9151854695,14277.062919703196,0.06899251372949801,108.81934501230717
9,indoors,scene_00019,indoors/scene_00019/scan_00183,val/indoors/scene_00019/scan_00183/00019_00183_indoors_330_050.png,966,966,1288,786150,78616,1100614.0,347533.564916607,359496.35624270316,-11962.791326096165,245123.9781051727,255970.0239063905,-10846.045801217813,0.06900192355953068,134.84788965433836
9,indoors,scene_00019,indoors/scene_00019/scan_00183,val/indoors/scene_00019/scan_00183/00019_00183_indoors_330_050.png,1022,1022,1358,786150,78616,1100614.0,347533.564916607,346406.1283162744,1127.436600332614,245123.9781051727,246067.18426601548,-943.2061608427903,0.06848174030121326,174.50957093387842
10,indoors,scene_00020,indoors/scene_00020/scan_00184,val/indoors/scene_00020/scan_00184/00020_00184_indoors_050_000.png,518,518,686,776206,77616,1086670.0,1838856.9443986116,1838856.9443986116,0.0,593765.4258944766,593765.4258944766,0.0,0.20553417065138663,27.280110865831375
10,indoors,scene_00020,indoors/scene_00020/scan_00184,val/indoors/scene_00020/scan_00184/00020_00184_indoors_050_000.png,574,574,770,776206,77616,1086670.0,1838856.9443986116,2152362.222348574,-313505.27794996253,593765.4258944766,663188.4015610507,-69422.97566657409,0.20224806150742472,29.38224095851183
10,indoors,scene_00020,indoors/scene_00020/scan_00184,val/indoors/scene_00020/scan_00184/00020_00184_indoors_050_000.png,630,630,840,776206,77616,1086670.0,1838856.9443986116,4361322.767267384,-2522465.822868772,593765.4258944766,1184945.4983450058,-591180.0724505292,0.19433181020864582,46.16180621087551
10,indoors,scene_00020,indoors/scene_00020/scan_00184,val/indoors/scene_00020/scan_00184/00020_00184_indoors_050_000.png,686,686,910,776206,77616,1086670.0,1838856.9443986116,6902971.749929904,-5064114.805531292,593765.4258944766,1924480.6283279588,-1330715.2024334823,0.1890395193076492,49.26120303571224
10,indoors,scene_00020,indoors/scene_00020/scan_00184,val/indoors/scene_00020/scan_00184/00020_00184_indoors_050_000.png,742,742,994,776206,77616,1086670.0,1838856.9443986116,7471825.1232269015,-5632968.17882829,593765.4258944766,2047290.8339760986,-1453525.4080816219,0.1872886539990152,57.48292710632086
10,indoors,scene_00020,indoors/scene_00020/scan_00184,val/indoors/scene_00020/scan_00184/00020_00184_indoors_050_000.png,798,798,1064,776206,77616,1086670.0,1838856.9443986116,5675811.129374312,-3836954.1849757005,593765.4258944766,1551711.4842544678,-957946.0583599912,0.18928564519970842,73.50429706275463
10,indoors,scene_00020,indoors/scene_00020/scan_00184,val/indoors/scene_00020/scan_00184/00020_00184_indoors_050_000.png,854,854,1134,776206,77616,1086670.0,1838856.9443986116,8092590.91225684,-6253733.967858228,593765.4258944766,2278765.5668881745,-1685000.140993698,0.18629720033288039,95.05440015345812
10,indoors,scene_00020,indoors/scene_00020/scan_00184,val/indoors/scene_00020/scan_00184/00020_00184_indoors_050_000.png,910,910,1218,776206,77616,1086670.0,1838856.9443986116,8108417.448727546,-6269560.5043289345,593765.4258944766,2286940.75564091,-1693175.3297464335,0.18400420625433112,104.90411892533302
10,indoors,scene_00020,indoors/scene_00020/scan_00184,val/indoors/scene_00020/scan_00184/00020_00184_indoors_050_000.png,966,966,1288,776206,77616,1086670.0,1838856.9443986116,6835568.400038751,-4996711.455640139,593765.4258944766,1960200.0518333497,-1366434.6259388733,0.19009635837041686,130.5675869807601
10,indoors,scene_00020,indoors/scene_00020/scan_00184,val/indoors/scene_00020/scan_00184/00020_00184_indoors_050_000.png,1022,1022,1358,776206,77616,1086670.0,1838856.9443986116,8519570.019941237,-6680713.075542625,593765.4258944766,2403236.4804205378,-1809471.0545260613,0.18609339590418922,161.58797033131123
11,indoors,scene_00020,indoors/scene_00020/scan_00184,val/indoors/scene_00020/scan_00184/00020_00184_indoors_060_010.png,518,518,686,786099,78610,1100539.0,404975.88751046744,404975.88751046744,0.0,249880.4454762046,249880.4454762046,0.0,0.22624072004046902,27.387299574911594
11,indoors,scene_00020,indoors/scene_00020/scan_00184,val/indoors/scene_00020/scan_00184/00020_00184_indoors_060_010.png,574,574,770,786099,78610,1100539.0,404975.88751046744,397241.9277714481,7733.959739019338,249880.4454762046,241717.6662579973,8162.779218207288,0.20754243058575764,29.526648111641407
11,indoors,scene_00020,indoors/scene_00020/scan_00184,val/indoors/scene_00020/scan_00184/00020_00184_indoors_060_010.png,630,630,840,786099,78610,1100539.0,404975.88751046744,402963.33607358503,2012.5514368824079,249880.4454762046,236900.6578488564,12979.787627348182,0.2175503447584661,55.656163953244686
11,indoors,scene_00020,indoors/scene_00020/scan_00184,val/indoors/scene_00020/scan_00184/00020_00184_indoors_060_010.png,686,686,910,786099,78610,1100539.0,404975.88751046744,385731.720156674,19244.167353793455,249880.4454762046,236824.76170927193,13055.683766932663,0.20926679725948702,55.45345600694418
11,indoors,scene_00020,indoors/scene_00020/scan_00184,val/indoors/scene_00020/scan_00184/00020_00184_indoors_060_010.png,742,742,994,786099,78610,1100539.0,404975.88751046744,410364.9020688214,-5389.014558353985,249880.4454762046,250271.04490072984,-390.5994245252514,0.19785791252464366,61.60025577992201
11,indoors,scene_00020,indoors/scene_00020/scan_00184,val/indoors/scene_00020/scan_00184/00020_00184_indoors_060_010.png,798,798,1064,786099,78610,1100539.0,404975.88751046744,363799.8431061298,41176.04440433765,249880.4454762046,222281.84407872055,27598.601397484046,0.20925023021683392,80.16697969287634
11,indoors,scene_00020,indoors/scene_00020/scan_00184,val/indoors/scene_00020/scan_00184/00020_00184_indoors_060_010.png,854,854,1134,786099,78610,1100539.0,404975.88751046744,377967.62979861285,27008.25771185459,249880.4454762046,232511.53675078857,17368.908725416026,0.19331978382636594,117.3069654032588
11,indoors,scene_00020,indoors/scene_00020/scan_00184,val/indoors/scene_00020/scan_00184/00020_00184_indoors_060_010.png,910,910,1218,786099,78610,1100539.0,404975.88751046744,384537.671638449,20438.215872018423,249880.4454762046,241728.76332783865,8151.682148365944,0.19488653728329902,115.6272143125534
11,indoors,scene_00020,indoors/scene_00020/scan_00184,val/indoors/scene_00020/scan_00184/00020_00184_indoors_060_010.png,966,966,1288,786099,78610,1100539.0,404975.88751046744,379032.34093223367,25943.54657823377,249880.4454762046,232351.49103181457,17528.954444390023,0.1976706736959502,130.80405537039042
11,indoors,scene_00020,indoors/scene_00020/scan_00184,val/indoors/scene_00020/scan_00184/00020_00184_indoors_060_010.png,1022,1022,1358,786099,78610,1100539.0,404975.88751046744,390768.9282182193,14206.959292248124,249880.4454762046,242661.4754485027,7218.9700277019,0.18566947095296357,208.98699015378952
12,indoors,scene_00020,indoors/scene_00020/scan_00184,val/indoors/scene_00020/scan_00184/00020_00184_indoors_070_020.png,518,518,686,786168,78617,1100636.0,407683.0446394273,407683.0446394273,0.0,263347.5197125308,263347.5197125308,0.0,0.22178244551786924,27.256942354142666
12,indoors,scene_00020,indoors/scene_00020/scan_00184,val/indoors/scene_00020/scan_00184/00020_00184_indoors_070_020.png,574,574,770,786168,78617,1100636.0,407683.0446394273,447954.28883079975,-40271.244191372476,263347.5197125308,287884.37989184883,-24536.860179318057,0.22585850047878261,27.157852426171303
12,indoors,scene_00020,indoors/scene_00020/scan_00184,val/indoors/scene_00020/scan_00184/00020_00184_indoors_070_020.png,630,630,840,786168,78617,1100636.0,407683.0446394273,425706.5867305972,-18023.54209116992,263347.5197125308,275494.94589163736,-12147.42617910658,0.21613576835018727,64.12155646830797
12,indoors,scene_00020,indoors/scene_00020/scan_00184,val/indoors/scene_00020/scan_00184/00020_00184_indoors_070_020.png,686,686,910,786168,78617,1100636.0,407683.0446394273,445982.3273244283,-38299.28268500103,263347.5197125308,292531.0076305484,-29183.487918017607,0.209431784278661,107.33298026025295
12,indoors,scene_00020,indoors/scene_00020/scan_00184,val/indoors/scene_00020/scan_00184/00020_00184_indoors_070_020.png,742,742,994,786168,78617,1100636.0,407683.0446394273,435438.9474525125,-27755.90281308524,263347.5197125308,283621.0108799614,-20273.49116743065,0.2059470206036474,59.775032103061676
12,indoors,scene_00020,indoors/scene_00020/scan_00184,val/indoors/scene_00020/scan_00184/00020_00184_indoors_070_020.png,798,798,1064,786168,78617,1100636.0,407683.0446394273,444852.05958062306,-37169.01494119578,263347.5197125308,292643.8866644419,-29296.366951911128,0.1971180512959742,141.8744968250394
12,indoors,scene_00020,indoors/scene_00020/scan_00184,val/indoors/scene_00020/scan_00184/00020_00184_indoors_070_020.png,854,854,1134,786168,78617,1100636.0,407683.0446394273,462644.0869496124,-54961.04231018515,263347.5197125308,305796.56922186154,-42449.04950933077,0.1984151692663076,83.55897478759289
12,indoors,scene_00020,indoors/scene_00020/scan_00184,val/indoors/scene_00020/scan_00184/00020_00184_indoors_070_020.png,910,910,1218,786168,78617,1100636.0,407683.0446394273,455153.7848400194,-47470.74020059215,263347.5197125308,303453.6105302662,-40106.090817735414,0.19754565653106784,94.62443180382252
12,indoors,scene_00020,indoors/scene_00020/scan_00184,val/indoors/scene_00020/scan_00184/00020_00184_indoors_070_020.png,966,966,1288,786168,78617,1100636.0,407683.0446394273,455790.1115671298,-48107.066927702515,263347.5197125308,307958.34744922037,-44610.82773668959,0.18577504657077104,126.67332869023085
12,indoors,scene_00020,indoors/scene_00020/scan_00184,val/indoors/scene_00020/scan_00184/00020_00184_indoors_070_020.png,1022,1022,1358,786168,78617,1100636.0,407683.0446394273,456611.8731905229,-48928.82855109562,263347.5197125308,307928.1562467125,-44580.636534181715,0.18732329775017748,146.4216336607933
13,indoors,scene_00020,indoors/scene_00020/scan_00184,val/indoors/scene_00020/scan_00184/00020_00184_indoors_080_010.png,518,518,686,786177,78618,1100649.0,362404.28974309156,362404.28974309156,0.0,217350.53294749057,217350.53294749057,0.0,0.3334630536701092,25.09246300905943
13,indoors,scene_00020,indoors/scene_00020/scan_00184,val/indoors/scene_00020/scan_00184/00020_00184_indoors_080_010.png,574,574,770,786177,78618,1100649.0,362404.28974309156,378131.8290645327,-15727.539321441145,217350.53294749057,234711.36324767282,-17360.83030018225,0.3161187675440709,24.796651676297188
13,indoors,scene_00020,indoors/scene_00020/scan_00184,val/indoors/scene_00020/scan_00184/00020_00184_indoors_080_010.png,630,630,840,786177,78618,1100649.0,362404.28974309156,359393.88633654854,3010.403406543017,217350.53294749057,223642.2664769155,-6291.733529424935,0.3122931465243988,38.51055074483156
13,indoors,scene_00020,indoors/scene_00020/scan_00184,val/indoors/scene_00020/scan_00184/00020_00184_indoors_080_010.png,686,686,910,786177,78618,1100649.0,362404.28974309156,383012.91002718976,-20608.6202840982,217350.53294749057,235612.80199122074,-18262.269043730164,0.3146283892762846,45.74793949723244
13,indoors,scene_00020,indoors/scene_00020/scan_00184,val/indoors/scene_00020/scan_00184/00020_00184_indoors_080_010.png,742,742,994,786177,78618,1100649.0,362404.28974309156,401555.71820638364,-39151.428463292075,217350.53294749057,251196.87677957624,-33846.343832085666,0.31647224273662966,50.41440296918154
13,indoors,scene_00020,indoors/scene_00020/scan_00184,val/indoors/scene_00020/scan_00184/00020_00184_indoors_080_010.png,798,798,1064,786177,78618,1100649.0,362404.28974309156,399216.3230950951,-36812.03335200355,217350.53294749057,259274.9058349345,-41924.372887443926,0.2937989931918705,68.41437332332134
13,indoors,scene_00020,indoors/scene_00020/scan_00184,val/indoors/scene_00020/scan_00184/00020_00184_indoors_080_010.png,854,854,1134,786177,78618,1100649.0,362404.28974309156,410038.44879507634,-47634.15905198478,217350.53294749057,260854.45177178562,-43503.91882429505,0.3016121875811498,83.45912490040064
13,indoors,scene_00020,indoors/scene_00020/scan_00184,val/indoors/scene_00020/scan_00184/00020_00184_indoors_080_010.png,910,910,1218,786177,78618,1100649.0,362404.28974309156,401009.5178583496,-38605.22811525804,217350.53294749057,247213.75401583358,-29863.221068343002,0.31146898664771994,94.95637565851212
13,indoors,scene_00020,indoors/scene_00020/scan_00184,val/indoors/scene_00020/scan_00184/00020_00184_indoors_080_010.png,966,966,1288,786177,78618,1100649.0,362404.28974309156,396316.848311243,-33912.558568151435,217350.53294749057,251117.19472454497,-33766.661777054396,0.3035648736704042,117.82521940767765
13,indoors,scene_00020,indoors/scene_00020/scan_00184,val/indoors/scene_00020/scan_00184/00020_00184_indoors_080_010.png,1022,1022,1358,786177,78618,1100649.0,362404.28974309156,409251.1023343839,-46846.81259129231,217350.53294749057,259379.63991029907,-42029.106962808495,0.29343693066043813,146.93112671375275
14,indoors,scene_00020,indoors/scene_00020/scan_00184,val/indoors/scene_00020/scan_00184/00020_00184_indoors_110_030.png,518,518,686,786432,78644,1101008.0,347735.55883869785,347735.55883869785,0.0,238430.12798341276,238430.12798341276,0.0,0.12131771153276757,23.19192700088024
14,indoors,scene_00020,indoors/scene_00020/scan_00184,val/indoors/scene_00020/scan_00184/00020_00184_indoors_110_030.png,574,574,770,786432,78644,1101008.0,347735.55883869785,364807.5201662221,-17071.961327524274,238430.12798341276,250815.16060906017,-12385.032625647407,0.1178615799060108,43.315655551850796
14,indoors,scene_00020,indoors/scene_00020/scan_00184,val/indoors/scene_00020/scan_00184/00020_00184_indoors_110_030.png,630,630,840,786432,78644,1101008.0,347735.55883869785,378367.50383839326,-30631.944999695406,238430.12798341276,254662.40414561328,-16232.27616220052,0.11884825405955501,57.41734243929386
14,indoors,scene_00020,indoors/scene_00020/scan_00184,val/indoors/scene_00020/scan_00184/00020_00184_indoors_110_030.png,686,686,910,786432,78644,1101008.0,347735.55883869785,364624.31700572657,-16888.758167028718,238430.12798341276,245801.3004534219,-7371.172470009129,0.11508595937999874,45.05265224725008
14,indoors,scene_00020,indoors/scene_00020/scan_00184,val/indoors/scene_00020/scan_00184/00020_00184_indoors_110_030.png,742,742,994,786432,78644,1101008.0,347735.55883869785,416419.3824894347,-68683.82365073683,238430.12798341276,287174.24475551845,-48744.116772105685,0.11433226352506178,50.38888845592737
14,indoors,scene_00020,indoors/scene_00020/scan_00184,val/indoors/scene_00020/scan_00184/00020_00184_indoors_110_030.png,798,798,1064,786432,78644,1101008.0,347735.55883869785,398810.2443143616,-51074.68547566375,238430.12798341276,277632.1200823034,-39201.99209889065,0.11619528983685028,62.82210070639849
14,indoors,scene_00020,indoors/scene_00020/scan_00184,val/indoors/scene_00020/scan_00184/00020_00184_indoors_110_030.png,854,854,1134,786432,78644,1101008.0,347735.55883869785,396946.6531282007,-49211.09428950283,238430.12798341276,280000.64851380896,-41570.5205303962,0.1130325464974506,83.53483770042658
14,indoors,scene_00020,indoors/scene_00020/scan_00184,val/indoors/scene_00020/scan_00184/00020_00184_indoors_110_030.png,910,910,1218,786432,78644,1101008.0,347735.55883869785,399096.89983912057,-51361.34100042272,238430.12798341276,273726.3992428124,-35296.271259399655,0.11214267959517504,94.85962614417076
14,indoors,scene_00020,indoors/scene_00020/scan_00184,val/indoors/scene_00020/scan_00184/00020_00184_indoors_110_030.png,966,966,1288,786432,78644,1101008.0,347735.55883869785,382373.5198565918,-34637.96101789398,238430.12798341276,266115.49856406986,-27685.370580657094,0.11429749961346358,121.84078805148602
14,indoors,scene_00020,indoors/scene_00020/scan_00184,val/indoors/scene_00020/scan_00184/00020_00184_indoors_110_030.png,1022,1022,1358,786432,78644,1101008.0,347735.55883869785,380039.9875030262,-32304.428664328356,238430.12798341276,265035.0044879956,-26604.87650458282,0.1094152891888201,150.5498606711626
15,indoors,scene_00020,indoors/scene_00020/scan_00184,val/indoors/scene_00020/scan_00184/00020_00184_indoors_130_010.png,518,518,686,767423,76743,1074395.0,291537.51625772065,291537.51625772065,0.0,179002.78721671115,179002.78721671115,0.0,0.09219626085683344,27.53509860485792
15,indoors,scene_00020,indoors/scene_00020/scan_00184,val/indoors/scene_00020/scan_00184/00020_00184_indoors_130_010.png,574,574,770,767423,76743,1074395.0,291537.51625772065,295400.10418100253,-3862.5879232818843,179002.78721671115,185424.0592014753,-6421.271984764142,0.09374863442708888,24.92672111839056
15,indoors,scene_00020,indoors/scene_00020/scan_00184,val/indoors/scene_00020/scan_00184/00020_00184_indoors_130_010.png,630,630,840,767423,76743,1074395.0,291537.51625772065,307208.9433691476,-15671.42711142695,179002.78721671115,190564.4891930839,-11561.701976372744,0.0940204243507684,39.12483714520931
15,indoors,scene_00020,indoors/scene_00020/scan_00184,val/indoors/scene_00020/scan_00184/00020_00184_indoors_130_010.png,686,686,910,767423,76743,1074395.0,291537.51625772065,307206.57654611254,-15669.060288391891,179002.78721671115,188924.77672296308,-9921.989506251935,0.08907858287487551,63.22197616100311
15,indoors,scene_00020,indoors/scene_00020/scan_00184,val/indoors/scene_00020/scan_00184/00020_00184_indoors_130_010.png,742,742,994,767423,76743,1074395.0,291537.51625772065,308180.22654383566,-16642.710286115005,179002.78721671115,189124.75364463672,-10121.966427925567,0.08760184118568469,64.40976914018393
15,indoors,scene_00020,indoors/scene_00020/scan_00184,val/indoors/scene_00020/scan_00184/00020_00184_indoors_130_010.png,798,798,1064,767423,76743,1074395.0,291537.51625772065,310613.7407041526,-19076.224446431966,179002.78721671115,190360.25971798235,-11357.4725012712,0.08812568208477037,64.05113451182842
15,indoors,scene_00020,indoors/scene_00020/scan_00184,val/indoors/scene_00020/scan_00184/00020_00184_indoors_130_010.png,854,854,1134,767423,76743,1074395.0,291537.51625772065,322440.0077045085,-30902.49144678784,179002.78721671115,196783.9984676904,-17781.21125097925,0.08641990010815286,171.11369222402573
15,indoors,scene_00020,indoors/scene_00020/scan_00184,val/indoors/scene_00020/scan_00184/00020_00184_indoors_130_010.png,910,910,1218,767423,76743,1074395.0,291537.51625772065,319794.48992208496,-28256.973664364312,179002.78721671115,192444.3777366075,-13441.59051989636,0.08608460557652037,171.65701556950808
15,indoors,scene_00020,indoors/scene_00020/scan_00184,val/indoors/scene_00020/scan_00184/00020_00184_indoors_130_010.png,966,966,1288,767423,76743,1074395.0,291537.51625772065,342217.3328638368,-50679.81660611613,179002.78721671115,207552.02010329434,-28549.232886583195,0.08662922084386541,134.7450753673911
15,indoors,scene_00020,indoors/scene_00020/scan_00184,val/indoors/scene_00020/scan_00184/00020_00184_indoors_130_010.png,1022,1022,1358,767423,76743,1074395.0,291537.51625772065,351938.95909621636,-60401.442838495714,179002.78721671115,212883.20747898114,-33880.420262269996,0.08597778599464949,174.48094673454762
16,indoors,scene_00020,indoors/scene_00020/scan_00184,val/indoors/scene_00020/scan_00184/00020_00184_indoors_140_000.png,518,518,686,775057,77506,1085081.0,461282.6745452656,461282.6745452656,0.0,306138.08864823065,306138.08864823065,0.0,0.12339359763563164,34.68681499361992
16,indoors,scene_00020,indoors/scene_00020/scan_00184,val/indoors/scene_00020/scan_00184/00020_00184_indoors_140_000.png,574,574,770,775057,77506,1085081.0,461282.6745452656,582878.9733361027,-121596.29879083706,306138.08864823065,369720.6465208679,-63582.55787263723,0.11760660864866145,29.31100595742464
16,indoors,scene_00020,indoors/scene_00020/scan_00184,val/indoors/scene_00020/scan_00184/00020_00184_indoors_140_000.png,630,630,840,775057,77506,1085081.0,461282.6745452656,450305.24904619064,10977.425499074976,306138.08864823065,297698.1028384317,8439.985809798934,0.12077931349944458,45.7083648070693
16,indoors,scene_00020,indoors/scene_00020/scan_00184,val/indoors/scene_00020/scan_00184/00020_00184_indoors_140_000.png,686,686,910,775057,77506,1085081.0,461282.6745452656,504127.0701115349,-42844.39556626929,306138.08864823065,325163.90168182726,-19025.813033596613,0.11899618952490339,61.28551531583071
16,indoors,scene_00020,indoors/scene_00020/scan_00184,val/indoors/scene_00020/scan_00184/00020_00184_indoors_140_000.png,742,742,994,775057,77506,1085081.0,461282.6745452656,573359.2942664115,-112076.61972114583,306138.08864823065,368365.22210503835,-62227.1334568077,0.11660295570936778,58.15981049090624
16,indoors,scene_00020,indoors/scene_00020/scan_00184,val/indoors/scene_00020/scan_00184/00020_00184_indoors_140_000.png,798,798,1064,775057,77506,1085081.0,461282.6745452656,454590.22486177733,6692.449683488288,306138.08864823065,302652.8137388978,3485.2749093328603,0.11837004226102482,85.97970567643642
16,indoors,scene_00020,indoors/scene_00020/scan_00184,val/indoors/scene_00020/scan_00184/00020_00184_indoors_140_000.png,854,854,1134,775057,77506,1085081.0,461282.6745452656,498321.45392500074,-37038.77937973512,306138.08864823065,326886.08642398176,-20747.997775751108,0.11418586855938041,95.0796278193593
16,indoors,scene_00020,indoors/scene_00020/scan_00184,val/indoors/scene_00020/scan_00184/00020_00184_indoors_140_000.png,910,910,1218,775057,77506,1085081.0,461282.6745452656,599030.3332577031,-137747.6587124375,306138.08864823065,374606.4098025266,-68468.32115429593,0.11601968586630114,110.09533796459436
16,indoors,scene_00020,indoors/scene_00020/scan_00184,val/indoors/scene_00020/scan_00184/00020_00184_indoors_140_000.png,966,966,1288,775057,77506,1085081.0,461282.6745452656,529346.1598751445,-68063.48532987887,306138.08864823065,357137.5004756906,-50999.41182745993,0.11397765299445704,150.83681512624025
16,indoors,scene_00020,indoors/scene_00020/scan_00184,val/indoors/scene_00020/scan_00184/00020_00184_indoors_140_000.png,1022,1022,1358,775057,77506,1085081.0,461282.6745452656,505122.3900793473,-43839.71553408168,306138.08864823065,335560.25774988125,-29422.169101650594,0.11541103209877832,175.37903133779764
17,indoors,scene_00020,indoors/scene_00020/scan_00184,val/indoors/scene_00020/scan_00184/00020_00184_indoors_160_010.png,518,518,686,765044,76504,1071060.0,308973.57784422184,308973.57784422184,0.0,178475.02864009212,178475.02864009212,0.0,0.1042768223234746,56.89644813537598
17,indoors,scene_00020,indoors/scene_00020/scan_00184,val/indoors/scene_00020/scan_00184/00020_00184_indoors_160_010.png,574,574,770,765044,76504,1071060.0,308973.57784422184,331861.8309949881,-22888.25315076625,178475.02864009212,190569.58222821605,-12094.553588123934,0.10242576303146002,30.278677120804787
17,indoors,scene_00020,indoors/scene_00020/scan_00184,val/indoors/scene_00020/scan_00184/00020_00184_indoors_160_010.png,630,630,840,765044,76504,1071060.0,308973.57784422184,310775.3747887829,-1801.7969445610652,178475.02864009212,186332.8756901809,-7857.847050088778,0.09816366988940413,59.06809400767088
17,indoors,scene_00020,indoors/scene_00020/scan_00184,val/indoors/scene_00020/scan_00184/00020_00184_indoors_160_010.png,686,686,910,765044,76504,1071060.0,308973.57784422184,375803.74996689876,-66830.17212267692,178475.02864009212,220500.8448412374,-42025.816201145295,0.0969321001805827,85.86574532091618
17,indoors,scene_00020,indoors/scene_00020/scan_00184,val/indoors/scene_00020/scan_00184/00020_00184_indoors_160_010.png,742,742,994,765044,76504,1071060.0,308973.57784422184,400601.84743838577,-91628.26959416392,178475.02864009212,236311.1989615528,-57836.17032146067,0.09625847032256683,58.38867835700512
17,indoors,scene_00020,indoors/scene_00020/scan_00184,val/indoors/scene_00020/scan_00184/00020_00184_indoors_160_010.png,798,798,1064,765044,76504,1071060.0,308973.57784422184,359989.69615543605,-51016.1183112142,178475.02864009212,220891.33722731203,-42416.308587219915,0.09480171378936612,75.31321607530117
17,indoors,scene_00020,indoors/scene_00020/scan_00184,val/indoors/scene_00020/scan_00184/00020_00184_indoors_160_010.png,854,854,1134,765044,76504,1071060.0,308973.57784422184,475045.59521708905,-166072.0173728672,178475.02864009212,284991.71548424073,-106516.68684414861,0.09460703153401963,99.90088362246752
17,indoors,scene_00020,indoors/scene_00020/scan_00184,val/indoors/scene_00020/scan_00184/00020_00184_indoors_160_010.png,910,910,1218,765044,76504,1071060.0,308973.57784422184,518358.1681795074,-209384.59033528558,178475.02864009212,311443.74575996783,-132968.7171198757,0.09105643462384051,111.54991202056408
17,indoors,scene_00020,indoors/scene_00020/scan_00184,val/indoors/scene_00020/scan_00184/00020_00184_indoors_160_010.png,966,966,1288,765044,76504,1071060.0,308973.57784422184,387512.12930372905,-78538.5514595072,178475.02864009212,242053.51771684876,-63578.48907675664,0.09232342082416065,136.9308913126588
17,indoors,scene_00020,indoors/scene_00020/scan_00184,val/indoors/scene_00020/scan_00184/00020_00184_indoors_160_010.png,1022,1022,1358,765044,76504,1071060.0,308973.57784422184,589695.5446246606,-280721.9667804388,178475.02864009212,360425.74986743514,-181950.72122734302,0.0917441264655239,174.5272409170866
18,indoors,scene_00020,indoors/scene_00020/scan_00184,val/indoors/scene_00020/scan_00184/00020_00184_indoors_190_020.png,518,518,686,782946,78293,1096118.0,341403.0432597881,341403.0432597881,0.0,234559.42735269803,234559.42735269803,0.0,0.17092126407069202,26.9360588863492
18,indoors,scene_00020,indoors/scene_00020/scan_00184,val/indoors/scene_00020/scan_00184/00020_00184_indoors_190_020.png,574,574,770,782946,78293,1096118.0,341403.0432597881,348983.3587164802,-7580.315456692129,234559.42735269803,234325.9677936479,233.4595590501267,0.16893873539584317,29.51761521399021
18,indoors,scene_00020,indoors/scene_00020/scan_00184,val/indoors/scene_00020/scan_00184/00020_00184_indoors_190_020.png,630,630,840,782946,78293,1096118.0,341403.0432597881,357633.85115787724,-16230.807898089173,234559.42735269803,246138.67432456667,-11579.246971868648,0.1656517474828159,45.649578794837
18,indoors,scene_00020,indoors/scene_00020/scan_00184,val/indoors/scene_00020/scan_00184/00020_00184_indoors_190_020.png,686,686,910,782946,78293,1096118.0,341403.0432597881,364982.97204774106,-23579.928787952987,234559.42735269803,249707.85274133828,-15148.425388640258,0.16222963262527296,53.251818753778934
18,indoors,scene_00020,indoors/scene_00020/scan_00184,val/indoors/scene_00020/scan_00184/00020_00184_indoors_190_020.png,742,742,994,782946,78293,1096118.0,341403.0432597881,364729.9215153903,-23326.878255602205,234559.42735269803,249407.8470660239,-14848.419713325886,0.1553159546852764,63.76306992024183
18,indoors,scene_00020,indoors/scene_00020/scan_00184,val/indoors/scene_00020/scan_00184/00020_00184_indoors_190_020.png,798,798,1064,782946,78293,1096118.0,341403.0432597881,357551.4474055964,-16148.404145808308,234559.42735269803,245589.2269665458,-11029.799613847776,0.1512972824401054,70.6240851432085
18,indoors,scene_00020,indoors/scene_00020/scan_00184,val/indoors/scene_00020/scan_00184/00020_00184_indoors_190_020.png,854,854,1134,782946,78293,1096118.0,341403.0432597881,361936.78672595543,-20533.74346616736,234559.42735269803,249261.84373748058,-14702.416384782555,0.15480784125197788,91.23776853084564
18,indoors,scene_00020,indoors/scene_00020/scan_00184,val/indoors/scene_00020/scan_00184/00020_00184_indoors_190_020.png,910,910,1218,782946,78293,1096118.0,341403.0432597881,349802.920267525,-8399.87700773694,234559.42735269803,239115.70052491387,-4556.27317221585,0.15217397014705059,104.4278284534812
18,indoors,scene_00020,indoors/scene_00020/scan_00184,val/indoors/scene_00020/scan_00184/00020_00184_indoors_190_020.png,966,966,1288,782946,78293,1096118.0,341403.0432597881,379696.9195440543,-38293.87628426624,234559.42735269803,264554.29107469565,-29994.863721997623,0.14810380631164377,147.9589669033885
18,indoors,scene_00020,indoors/scene_00020/scan_00184,val/indoors/scene_00020/scan_00184/00020_00184_indoors_190_020.png,1022,1022,1358,782946,78293,1096118.0,341403.0432597881,363964.36728047894,-22561.324020690867,234559.42735269803,250985.60796019394,-16426.180607495917,0.1456573724344272,168.48160605877638
19,indoors,scene_00020,indoors/scene_00020/scan_00184,val/indoors/scene_00020/scan_00184/00020_00184_indoors_290_040.png,518,518,686,786407,78641,1100971.0,414157.71572397917,414157.71572397917,0.0,211730.16698971472,211730.16698971472,0.0,0.18367348977597336,40.848019532859325
19,indoors,scene_00020,indoors/scene_00020/scan_00184,val/indoors/scene_00020/scan_00184/00020_00184_indoors_290_040.png,574,574,770,786407,78641,1100971.0,414157.71572397917,423827.1819871905,-9669.466263211332,211730.16698971472,217902.61194840242,-6172.444958687702,0.1800274292794538,29.180136509239674
19,indoors,scene_00020,indoors/scene_00020/scan_00184,val/indoors/scene_00020/scan_00184/00020_00184_indoors_290_040.png,630,630,840,786407,78641,1100971.0,414157.71572397917,439204.6202126794,-25046.90448870021,211730.16698971472,225203.63103890623,-13473.464049191505,0.17480856943163856,63.12352139502764
19,indoors,scene_00020,indoors/scene_00020/scan_00184,val/indoors/scene_00020/scan_00184/00020_00184_indoors_290_040.png,686,686,910,786407,78641,1100971.0,414157.71572397917,466428.1060670984,-52270.390343119216,211730.16698971472,237621.98664433573,-25891.81965462101,0.1741040113112053,44.75726839154959
19,indoors,scene_00020,indoors/scene_00020/scan_00184,val/indoors/scene_00020/scan_00184/00020_00184_indoors_290_040.png,742,742,994,786407,78641,1100971.0,414157.71572397917,491655.9791455895,-77498.26342161035,211730.16698971472,248247.0680724521,-36516.90108273737,0.16875502422505045,50.379312597215176
19,indoors,scene_00020,indoors/scene_00020/scan_00184,val/indoors/scene_00020/scan_00184/00020_00184_indoors_290_040.png,798,798,1064,786407,78641,1100971.0,414157.71572397917,469874.98070010275,-55717.26497612358,211730.16698971472,236136.49816976223,-24406.331180047506,0.16811832271355742,62.86612059921026
19,indoors,scene_00020,indoors/scene_00020/scan_00184,val/indoors/scene_00020/scan_00184/00020_00184_indoors_290_040.png,854,854,1134,786407,78641,1100971.0,414157.71572397917,496291.8958670746,-82134.18014309544,211730.16698971472,245707.73249003838,-33977.56550032366,0.16728854357031234,83.36242660880089
19,indoors,scene_00020,indoors/scene_00020/scan_00184,val/indoors/scene_00020/scan_00184/00020_00184_indoors_290_040.png,910,910,1218,786407,78641,1100971.0,414157.71572397917,509216.89325197274,-95059.17752799357,211730.16698971472,256713.71011244628,-44983.54312273156,0.16634949887309586,99.82839971780777
19,indoors,scene_00020,indoors/scene_00020/scan_00184,val/indoors/scene_00020/scan_00184/00020_00184_indoors_290_040.png,966,966,1288,786407,78641,1100971.0,414157.71572397917,502876.5229300725,-88718.80720609333,211730.16698971472,255642.45167520124,-43912.28468548652,0.16562988425121486,114.9333780631423
19,indoors,scene_00020,indoors/scene_00020/scan_00184,val/indoors/scene_00020/scan_00184/00020_00184_indoors_290_040.png,1022,1022,1358,786407,78641,1100971.0,414157.71572397917,521159.87076637446,-107002.15504239529,211730.16698971472,258133.1417087491,-46402.97471903439,0.1658128566481117,153.78498286008835
20,indoors,scene_00020,indoors/scene_00020/scan_00185,val/indoors/scene_00020/scan_00185/00020_00185_indoors_000_000.png,518,518,686,780483,78047,1092671.0,4030609.1684372704,4030609.1684372704,0.0,3043189.0157092246,3043189.0157092246,0.0,0.23441539935929498,23.729918524622917
20,indoors,scene_00020,indoors/scene_00020/scan_00185,val/indoors/scene_00020/scan_00185/00020_00185_indoors_000_000.png,574,574,770,780483,78047,1092671.0,4030609.1684372704,2575722.316001956,1454886.8524353146,3043189.0157092246,1960340.3924124376,1082848.623296787,0.232863609688945,24.891057051718235
20,indoors,scene_00020,indoors/scene_00020/scan_00185,val/indoors/scene_00020/scan_00185/00020_00185_indoors_000_000.png,630,630,840,780483,78047,1092671.0,4030609.1684372704,2882222.225876167,1148386.9425611035,3043189.0157092246,2164955.474937643,878233.5407715817,0.23959943875841436,38.58220763504505
20,indoors,scene_00020,indoors/scene_00020/scan_00185,val/indoors/scene_00020/scan_00185/00020_00185_indoors_000_000.png,686,686,910,780483,78047,1092671.0,4030609.1684372704,1726335.8907274029,2304273.277709868,3043189.0157092246,1196280.4350231925,1846908.580686032,0.23164557262569954,44.81195192784071
20,indoors,scene_00020,indoors/scene_00020/scan_00185,val/indoors/scene_00020/scan_00185/00020_00185_indoors_000_000.png,742,742,994,780483,78047,1092671.0,4030609.1684372704,4718321.438441237,-687712.270003967,3043189.0157092246,3469070.2921139444,-425881.2764047198,0.2240105233875429,51.69719271361828
20,indoors,scene_00020,indoors/scene_00020/scan_00185,val/indoors/scene_00020/scan_00185/00020_00185_indoors_000_000.png,798,798,1064,780483,78047,1092671.0,4030609.1684372704,1483406.8870819546,2547202.281355316,3043189.0157092246,1118348.48236167,1924840.5333475547,0.23608048643779278,62.81288433820009
20,indoors,scene_00020,indoors/scene_00020/scan_00185,val/indoors/scene_00020/scan_00185/00020_00185_indoors_000_000.png,854,854,1134,780483,78047,1092671.0,4030609.1684372704,2235630.640391943,1794978.5280453274,3043189.0157092246,1709638.3579948426,1333550.657714382,0.2258634913833333,84.8521189764142
20,indoors,scene_00020,indoors/scene_00020/scan_00185,val/indoors/scene_00020/scan_00185/00020_00185_indoors_000_000.png,910,910,1218,780483,78047,1092671.0,4030609.1684372704,943142.7161965021,3087466.4522407684,3043189.0157092246,701195.3156370538,2341993.7000721707,0.23472452926916654,96.02079261094332
20,indoors,scene_00020,indoors/scene_00020/scan_00185,val/indoors/scene_00020/scan_00185/00020_00185_indoors_000_000.png,966,966,1288,780483,78047,1092671.0,4030609.1684372704,2510485.946733088,1520123.2217041822,3043189.0157092246,1956710.2823485453,1086478.7333606794,0.22668381500767565,114.8266764357686
20,indoors,scene_00020,indoors/scene_00020/scan_00185,val/indoors/scene_00020/scan_00185/00020_00185_indoors_000_000.png,1022,1022,1358,780483,78047,1092671.0,4030609.1684372704,3489432.8536992446,541176.3147380259,3043189.0157092246,2567491.740180736,475697.2755284887,0.2197502003683897,146.75636775791645
21,indoors,scene_00020,indoors/scene_00020/scan_00185,val/indoors/scene_00020/scan_00185/00020_00185_indoors_010_030.png,518,518,686,785796,78581,1100120.0,290455.52057873574,290455.52057873574,0.0,180751.3762245038,180751.3762245038,0.0,0.24123190042411286,22.891542874276638
21,indoors,scene_00020,indoors/scene_00020/scan_00185,val/indoors/scene_00020/scan_00185/00020_00185_indoors_010_030.png,574,574,770,785796,78581,1100120.0,290455.52057873574,297488.89066808415,-7033.370089348406,180751.3762245038,183703.73206147033,-2952.3558369665407,0.22779155821093752,24.968620389699936
21,indoors,scene_00020,indoors/scene_00020/scan_00185,val/indoors/scene_00020/scan_00185/00020_00185_indoors_010_030.png,630,630,840,785796,78581,1100120.0,290455.52057873574,271852.0609643316,18603.459614404128,180751.3762245038,167549.1897136335,13202.186510870291,0.2256550573308543,38.86719513684511
21,indoors,scene_00020,indoors/scene_00020/scan_00185,val/indoors/scene_00020/scan_00185/00020_00185_indoors_010_030.png,686,686,910,785796,78581,1100120.0,290455.52057873574,324027.37022126664,-33571.8496425309,180751.3762245038,206324.6170126764,-25573.24078817261,0.2132686937789654,45.007605105638504
21,indoors,scene_00020,indoors/scene_00020/scan_00185,val/indoors/scene_00020/scan_00185/00020_00185_indoors_010_030.png,742,742,994,785796,78581,1100120.0,290455.52057873574,305747.9164340125,-15292.395855276787,180751.3762245038,189848.64575981823,-9097.269535314437,0.2051007118481003,50.33059883862734
21,indoors,scene_00020,indoors/scene_00020/scan_00185,val/indoors/scene_00020/scan_00185/00020_00185_indoors_010_030.png,798,798,1064,785796,78581,1100120.0,290455.52057873574,272842.091665677,17613.428913058713,180751.3762245038,171420.63726709434,9330.738957409456,0.21092011787619538,62.87815887480974
21,indoors,scene_00020,indoors/scene_00020/scan_00185,val/indoors/scene_00020/scan_00185/00020_00185_indoors_010_030.png,854,854,1134,785796,78581,1100120.0,290455.52057873574,312320.9125209955,-21865.39194225974,180751.3762245038,196594.1584514905,-15842.782226986717,0.2009341176999321,83.54276232421398
21,indoors,scene_00020,indoors/scene_00020/scan_00185,val/indoors/scene_00020/scan_00185/00020_00185_indoors_010_030.png,910,910,1218,785796,78581,1100120.0,290455.52057873574,281890.5636244775,8564.956954258261,180751.3762245038,177816.6368822381,2934.739342265704,0.20035742879013477,96.81763593107462
21,indoors,scene_00020,indoors/scene_00020/scan_00185,val/indoors/scene_00020/scan_00185/00020_00185_indoors_010_030.png,966,966,1288,785796,78581,1100120.0,290455.52057873574,275781.3172493385,14674.203329397249,180751.3762245038,177684.95269376895,3066.4235307348426,0.1979561436104234,114.84413128346205
21,indoors,scene_00020,indoors/scene_00020/scan_00185,val/indoors/scene_00020/scan_00185/00020_00185_indoors_010_030.png,1022,1022,1358,785796,78581,1100120.0,290455.52057873574,302430.46168811177,-11974.941109376028,180751.3762245038,190975.2017714405,-10223.825546936714,0.1938362998736082,147.36189227551222
22,indoors,scene_00020,indoors/scene_00020/scan_00185,val/indoors/scene_00020/scan_00185/00020_00185_indoors_040_000.png,518,518,686,782626,78262,1095674.0,372238.44318084663,372238.44318084663,0.0,258244.24073129825,258244.24073129825,0.0,0.33161538741299945,22.877040319144726
22,indoors,scene_00020,indoors/scene_00020/scan_00185,val/indoors/scene_00020/scan_00185/00020_00185_indoors_040_000.png,574,574,770,782626,78262,1095674.0,372238.44318084663,378920.06931881746,-6681.62613797083,258244.24073129825,261061.09181275064,-2816.8510814523906,0.31385798447708535,24.94288794696331
22,indoors,scene_00020,indoors/scene_00020/scan_00185,val/indoors/scene_00020/scan_00185/00020_00185_indoors_040_000.png,630,630,840,782626,78262,1095674.0,372238.44318084663,372997.67791048647,-759.2347296398366,258244.24073129825,259835.22515580914,-1590.9844245108834,0.3289975174382821,61.63456663489342
22,indoors,scene_00020,indoors/scene_00020/scan_00185,val/indoors/scene_00020/scan_00185/00020_00185_indoors_040_000.png,686,686,910,782626,78262,1095674.0,372238.44318084663,404402.8785281164,-32164.435347269755,258244.24073129825,279324.12029748934,-21079.879566191084,0.3178268321482255,59.276471845805645
22,indoors,scene_00020,indoors/scene_00020/scan_00185,val/indoors/scene_00020/scan_00185/00020_00185_indoors_040_000.png,742,742,994,782626,78262,1095674.0,372238.44318084663,415161.5411905992,-42923.098009752575,258244.24073129825,283395.3951449811,-25151.154413682845,0.33449924915290696,50.46420730650425
22,indoors,scene_00020,indoors/scene_00020/scan_00185,val/indoors/scene_00020/scan_00185/00020_00185_indoors_040_000.png,798,798,1064,782626,78262,1095674.0,372238.44318084663,402323.50028965116,-30085.057108804525,258244.24073129825,274753.13334048307,-16508.89260918481,0.3094398576948876,62.91729584336281
22,indoors,scene_00020,indoors/scene_00020/scan_00185,val/indoors/scene_00020/scan_00185/00020_00185_indoors_040_000.png,854,854,1134,782626,78262,1095674.0,372238.44318084663,411655.5898841602,-39417.14670331357,258244.24073129825,279172.28051062656,-20928.039779328305,0.3072930608277162,83.22384301573038
22,indoors,scene_00020,indoors/scene_00020/scan_00185,val/indoors/scene_00020/scan_00185/00020_00185_indoors_040_000.png,910,910,1218,782626,78262,1095674.0,372238.44318084663,419084.1661065531,-46845.722925706476,258244.24073129825,283923.13497676805,-25678.894245469797,0.31163892661362724,94.62036937475204
22,indoors,scene_00020,indoors/scene_00020/scan_00185,val/indoors/scene_00020/scan_00185/00020_00185_indoors_040_000.png,966,966,1288,782626,78262,1095674.0,372238.44318084663,412500.8965180428,-40262.453337196144,258244.24073129825,280931.62050761876,-22687.379776320508,0.3119486091641778,114.7048119455576
22,indoors,scene_00020,indoors/scene_00020/scan_00185,val/indoors/scene_00020/scan_00185/00020_00185_indoors_040_000.png,1022,1022,1358,782626,78262,1095674.0,372238.44318084663,428221.88287393725,-55983.43969309062,258244.24073129825,288544.7227454283,-30300.482014130073,0.30811958268494516,149.678154848516
23,indoors,scene_00020,indoors/scene_00020/scan_00185,val/indoors/scene_00020/scan_00185/00020_00185_indoors_070_000.png,518,518,686,783948,78395,1097528.0,268501.5029997853,268501.5029997853,0.0,162590.70636097738,162590.70636097738,0.0,0.187594510175161,52.55244392901659
23,indoors,scene_00020,indoors/scene_00020/scan_00185,val/indoors/scene_00020/scan_00185/00020_00185_indoors_070_000.png,574,574,770,783948,78395,1097528.0,268501.5029997853,302292.9072509022,-33791.40425111691,162590.70636097738,184144.42969717266,-21553.723336195282,0.1838592102244451,58.21235477924347
23,indoors,scene_00020,indoors/scene_00020/scan_00185,val/indoors/scene_00020/scan_00185/00020_00185_indoors_070_000.png,630,630,840,783948,78395,1097528.0,268501.5029997853,298736.59571146016,-30235.092711674864,162590.70636097738,176123.69079621177,-13532.984435234393,0.17485381098259883,90.21302033215761
23,indoors,scene_00020,indoors/scene_00020/scan_00185,val/indoors/scene_00020/scan_00185/00020_00185_indoors_070_000.png,686,686,910,783948,78395,1097528.0,268501.5029997853,306477.75246081373,-37976.249461028434,162590.70636097738,182532.34284328885,-19941.63648231147,0.17199054262407953,62.1016351506114
23,indoors,scene_00020,indoors/scene_00020/scan_00185,val/indoors/scene_00020/scan_00185/00020_00185_indoors_070_000.png,742,742,994,783948,78395,1097528.0,268501.5029997853,306339.426701437,-37837.923701651685,162590.70636097738,184836.12620281492,-22245.419841837545,0.16467844618173497,56.89917877316475
23,indoors,scene_00020,indoors/scene_00020/scan_00185,val/indoors/scene_00020/scan_00185/00020_00185_indoors_070_000.png,798,798,1064,783948,78395,1097528.0,268501.5029997853,320012.539623164,-51511.03662337869,162590.70636097738,190774.9772839701,-28184.270922992728,0.16416054734019975,80.20715415477753
23,indoors,scene_00020,indoors/scene_00020/scan_00185,val/indoors/scene_00020/scan_00185/00020_00185_indoors_070_000.png,854,854,1134,783948,78395,1097528.0,268501.5029997853,335515.0830754763,-67013.58007569099,162590.70636097738,202071.0624482042,-39480.35608722683,0.16425132095430864,98.77306409180164
23,indoors,scene_00020,indoors/scene_00020/scan_00185,val/indoors/scene_00020/scan_00185/00020_00185_indoors_070_000.png,910,910,1218,783948,78395,1097528.0,268501.5029997853,334289.6375904941,-65788.13459070883,162590.70636097738,201739.77476703143,-39149.06840605405,0.160980759114288,113.74903749674559
23,indoors,scene_00020,indoors/scene_00020/scan_00185,val/indoors/scene_00020/scan_00185/00020_00185_indoors_070_000.png,966,966,1288,783948,78395,1097528.0,268501.5029997853,327792.5935765319,-59291.09057674662,162590.70636097738,196074.78556111953,-33484.07920014215,0.15832992021272924,134.50078573077917
23,indoors,scene_00020,indoors/scene_00020/scan_00185,val/indoors/scene_00020/scan_00185/00020_00185_indoors_070_000.png,1022,1022,1358,783948,78395,1097528.0,268501.5029997853,333499.4370784509,-64997.934078665625,162590.70636097738,198446.55667629256,-35855.85031531518,0.16028896365100417,174.48317632079124
24,indoors,scene_00020,indoors/scene_00020/scan_00185,val/indoors/scene_00020/scan_00185/00020_00185_indoors_080_010.png,518,518,686,784734,78475,1098634.0,491535.9257250029,491535.9257250029,0.0,332640.5359571056,332640.5359571056,0.0,0.1286669572804103,39.0727873891592
24,indoors,scene_00020,indoors/scene_00020/scan_00185,val/indoors/scene_00020/scan_00185/00020_00185_indoors_080_010.png,574,574,770,784734,78475,1098634.0,491535.9257250029,520478.3885481146,-28942.46282311174,332640.5359571056,360667.90229815344,-28027.366341047862,0.1283562937547352,49.498748034238815
24,indoors,scene_00020,indoors/scene_00020/scan_00185,val/indoors/scene_00020/scan_00185/00020_00185_indoors_080_010.png,630,630,840,784734,78475,1098634.0,491535.9257250029,472464.80050656246,19071.12521844043,332640.5359571056,325313.598012895,7326.9379442106,0.1261944227511745,45.61091028153896
24,indoors,scene_00020,indoors/scene_00020/scan_00185,val/indoors/scene_00020/scan_00185/00020_00185_indoors_080_010.png,686,686,910,784734,78475,1098634.0,491535.9257250029,525435.2172287196,-33899.291503716726,332640.5359571056,348654.69761139795,-16014.161654292373,0.11974670977952376,49.82948489487171
24,indoors,scene_00020,indoors/scene_00020/scan_00185,val/indoors/scene_00020/scan_00185/00020_00185_indoors_080_010.png,742,742,994,784734,78475,1098634.0,491535.9257250029,510159.87396922964,-18623.948244226747,332640.5359571056,354544.37877507514,-21903.842817969562,0.12348651737527745,53.55056654661894
24,indoors,scene_00020,indoors/scene_00020/scan_00185,val/indoors/scene_00020/scan_00185/00020_00185_indoors_080_010.png,798,798,1064,784734,78475,1098634.0,491535.9257250029,521954.3540849616,-30418.428359958692,332640.5359571056,356280.0437881992,-23639.507831093622,0.1214234230408997,114.47993386536837
24,indoors,scene_00020,indoors/scene_00020/scan_00185,val/indoors/scene_00020/scan_00185/00020_00185_indoors_080_010.png,854,854,1134,784734,78475,1098634.0,491535.9257250029,485223.3424465549,6312.583278447972,332640.5359571056,329830.24421052996,2810.291746575618,0.1190494333818146,110.77782325446606
24,indoors,scene_00020,indoors/scene_00020/scan_00185,val/indoors/scene_00020/scan_00185/00020_00185_indoors_080_010.png,910,910,1218,784734,78475,1098634.0,491535.9257250029,520727.96111274045,-29192.03538773756,332640.5359571056,350355.851458246,-17715.31550114043,0.1183799145211473,118.97955555468798
24,indoors,scene_00020,indoors/scene_00020/scan_00185,val/indoors/scene_00020/scan_00185/00020_00185_indoors_080_010.png,966,966,1288,784734,78475,1098634.0,491535.9257250029,484269.5471223423,7266.37860266061,332640.5359571056,332616.4168221403,24.119134965294506,0.11781965670213651,135.65364480018616
24,indoors,scene_00020,indoors/scene_00020/scan_00185,val/indoors/scene_00020/scan_00185/00020_00185_indoors_080_010.png,1022,1022,1358,784734,78475,1098634.0,491535.9257250029,495916.77698099706,-4380.851255994174,332640.5359571056,338088.54173368413,-5448.0057765785605,0.11732519033980733,181.57350085675716
25,indoors,scene_00020,indoors/scene_00020/scan_00185,val/indoors/scene_00020/scan_00185/00020_00185_indoors_190_000.png,518,518,686,785739,78575,1100039.0,322098.005709613,322098.005709613,0.0,231475.50245811435,231475.50245811435,0.0,0.1745779472520499,31.840186566114426
25,indoors,scene_00020,indoors/scene_00020/scan_00185,val/indoors/scene_00020/scan_00185/00020_00185_indoors_190_000.png,574,574,770,785739,78575,1100039.0,322098.005709613,359649.2039129887,-37551.19820337574,231475.50245811435,261318.30984640942,-29842.80738829507,0.1731446154008564,29.494610615074635
25,indoors,scene_00020,indoors/scene_00020/scan_00185,val/indoors/scene_00020/scan_00185/00020_00185_indoors_190_000.png,630,630,840,785739,78575,1100039.0,322098.005709613,344276.9202547013,-22178.914545088308,231475.50245811435,246026.75968988027,-14551.257231765921,0.17460897030948,62.777578830718994
25,indoors,scene_00020,indoors/scene_00020/scan_00185,val/indoors/scene_00020/scan_00185/00020_00185_indoors_190_000.png,686,686,910,785739,78575,1100039.0,322098.005709613,368550.5736363012,-46452.567926688236,231475.50245811435,269158.78516128426,-37683.28270316991,0.1701884456839283,62.7793725579977
25,indoors,scene_00020,indoors/scene_00020/scan_00185,val/indoors/scene_00020/scan_00185/00020_00185_indoors_190_000.png,742,742,994,785739,78575,1100039.0,322098.005709613,354962.1946211217,-32864.18891150871,231475.50245811435,258706.0971426421,-27230.59468452775,0.1691063054477732,60.43541431427002
25,indoors,scene_00020,indoors/scene_00020/scan_00185,val/indoors/scene_00020/scan_00185/00020_00185_indoors_190_000.png,798,798,1064,785739,78575,1100039.0,322098.005709613,354392.58856476983,-32294.582855156856,231475.50245811435,256695.61872982958,-25220.116271715233,0.16887872197986664,72.10400607436895
25,indoors,scene_00020,indoors/scene_00020/scan_00185,val/indoors/scene_00020/scan_00185/00020_00185_indoors_190_000.png,854,854,1134,785739,78575,1100039.0,322098.005709613,373720.60583025176,-51622.60012063879,231475.50245811435,275165.454028667,-43689.95157055266,0.16778329839889916,92.20606181770563
25,indoors,scene_00020,indoors/scene_00020/scan_00185,val/indoors/scene_00020/scan_00185/00020_00185_indoors_190_000.png,910,910,1218,785739,78575,1100039.0,322098.005709613,365252.2441701059,-43154.238460492925,231475.50245811435,268964.219720651,-37488.71726253664,0.16654217170210642,125.22484082728624
25,indoors,scene_00020,indoors/scene_00020/scan_00185,val/indoors/scene_00020/scan_00185/00020_00185_indoors_190_000.png,966,966,1288,785739,78575,1100039.0,322098.005709613,362271.8473980092,-40173.841688396235,231475.50245811435,263152.5711299085,-31677.068671794143,0.16760330133006618,136.15607749670744
25,indoors,scene_00020,indoors/scene_00020/scan_00185,val/indoors/scene_00020/scan_00185/00020_00185_indoors_190_000.png,1022,1022,1358,785739,78575,1100039.0,322098.005709613,383640.1051902905,-61542.09948067751,231475.50245811435,281771.2367755476,-50295.734317433264,0.16901029057075545,182.12898634374142
26,indoors,scene_00020,indoors/scene_00020/scan_00185,val/indoors/scene_00020/scan_00185/00020_00185_indoors_300_010.png,518,518,686,786365,78637,1100913.0,277796.41800741357,277796.41800741357,0.0,152906.6998281271,152906.6998281271,0.0,0.1861349887880547,28.905244544148445
26,indoors,scene_00020,indoors/scene_00020/scan_00185,val/indoors/scene_00020/scan_00185/00020_00185_indoors_300_010.png,574,574,770,786365,78637,1100913.0,277796.41800741357,304975.7311365835,-27179.313129169925,152906.6998281271,169957.48635390008,-17050.78652577297,0.18482734849406623,32.029204070568085
26,indoors,scene_00020,indoors/scene_00020/scan_00185,val/indoors/scene_00020/scan_00185/00020_00185_indoors_300_010.png,630,630,840,786365,78637,1100913.0,277796.41800741357,258244.0124116994,19552.405595714168,152906.6998281271,136626.12696086854,16280.572867258568,0.17326907316300857,44.75294332951307
26,indoors,scene_00020,indoors/scene_00020/scan_00185,val/indoors/scene_00020/scan_00185/00020_00185_indoors_300_010.png,686,686,910,786365,78637,1100913.0,277796.41800741357,294884.0671732238,-17087.64916581026,152906.6998281271,171963.37388520193,-19056.674057074822,0.18635933713554975,89.49777577072382
26,indoors,scene_00020,indoors/scene_00020/scan_00185,val/indoors/scene_00020/scan_00185/00020_00185_indoors_300_010.png,742,742,994,786365,78637,1100913.0,277796.41800741357,461669.13654635224,-183872.71853893867,152906.6998281271,250546.0492570002,-97639.3494288731,0.1903613325859457,59.83295291662216
26,indoors,scene_00020,indoors/scene_00020/scan_00185,val/indoors/scene_00020/scan_00185/00020_00185_indoors_300_010.png,798,798,1064,786365,78637,1100913.0,277796.41800741357,383281.5068126211,-105485.08880520752,152906.6998281271,202135.3406422692,-49228.6408141421,0.18000228969365814,75.0925000756979
26,indoors,scene_00020,indoors/scene_00020/scan_00185,val/indoors/scene_00020/scan_00185/00020_00185_indoors_300_010.png,854,854,1134,786365,78637,1100913.0,277796.41800741357,303681.6520452781,-25885.234037864546,152906.6998281271,172003.230661696,-19096.53083356889,0.17705709310041237,98.92966505140066
26,indoors,scene_00020,indoors/scene_00020/scan_00185,val/indoors/scene_00020/scan_00185/00020_00185_indoors_300_010.png,910,910,1218,786365,78637,1100913.0,277796.41800741357,506223.617994601,-228427.19998718746,152906.6998281271,260717.61697784145,-107810.91714971434,0.17611456697061292,110.57248525321484
26,indoors,scene_00020,indoors/scene_00020/scan_00185,val/indoors/scene_00020/scan_00185/00020_00185_indoors_300_010.png,966,966,1288,786365,78637,1100913.0,277796.41800741357,568369.1006765582,-290572.68266914465,152906.6998281271,295865.0942758403,-142958.39444771322,0.1812427802750318,165.80589395016432
26,indoors,scene_00020,indoors/scene_00020/scan_00185,val/indoors/scene_00020/scan_00185/00020_00185_indoors_300_010.png,1022,1022,1358,786365,78637,1100913.0,277796.41800741357,297722.5860882027,-19926.168080789153,152906.6998281271,167896.58249425446,-14989.882666127349,0.1735577011077151,173.66951797157526
27,indoors,scene_00020,indoors/scene_00020/scan_00185,val/indoors/scene_00020/scan_00185/00020_00185_indoors_330_010.png,518,518,686,782622,78262,1095670.0,245464.90642212058,245464.90642212058,0.0,147949.28538288138,147949.28538288138,0.0,0.26088746403712604,53.876674734055996
27,indoors,scene_00020,indoors/scene_00020/scan_00185,val/indoors/scene_00020/scan_00185/00020_00185_indoors_330_010.png,574,574,770,782622,78262,1095670.0,245464.90642212058,301220.48131995904,-55755.574897838465,147949.28538288138,188618.2252651048,-40668.93988222341,0.26288368038723176,36.61616612225771
27,indoors,scene_00020,indoors/scene_00020/scan_00185,val/indoors/scene_00020/scan_00185/00020_00185_indoors_330_010.png,630,630,840,782622,78262,1095670.0,245464.90642212058,315081.6151975092,-69616.7087753886,147949.28538288138,204001.81102265685,-56052.52563977547,0.2560396159634323,38.4769719094038
27,indoors,scene_00020,indoors/scene_00020/scan_00185,val/indoors/scene_00020/scan_00185/00020_00185_indoors_330_010.png,686,686,910,782622,78262,1095670.0,245464.90642212058,363325.13992027636,-117860.23349815578,147949.28538288138,232404.0519322902,-84454.76654940881,0.25125829131289407,45.49384117126465
27,indoors,scene_00020,indoors/scene_00020/scan_00185,val/indoors/scene_00020/scan_00185/00020_00185_indoors_330_010.png,742,742,994,782622,78262,1095670.0,245464.90642212058,340129.9312594074,-94665.02483728685,147949.28538288138,219966.6266152137,-72017.34123233231,0.24765913496211803,50.207302905619144
27,indoors,scene_00020,indoors/scene_00020/scan_00185,val/indoors/scene_00020/scan_00185/00020_00185_indoors_330_010.png,798,798,1064,782622,78262,1095670.0,245464.90642212058,340123.7359023896,-94658.82948026905,147949.28538288138,220231.96680523147,-72282.68142235008,0.23160662271999574,62.82637920230627
27,indoors,scene_00020,indoors/scene_00020/scan_00185,val/indoors/scene_00020/scan_00185/00020_00185_indoors_330_010.png,854,854,1134,782622,78262,1095670.0,245464.90642212058,460791.6013580869,-215326.69493596634,147949.28538288138,306382.8358086524,-158433.550425771,0.22999599730228507,84.86422151327133
27,indoors,scene_00020,indoors/scene_00020/scan_00185,val/indoors/scene_00020/scan_00185/00020_00185_indoors_330_010.png,910,910,1218,782622,78262,1095670.0,245464.90642212058,450866.18138939247,-205401.2749672719,147949.28538288138,301103.80673084076,-153154.52134795938,0.23465744888359596,95.28153855353594
27,indoors,scene_00020,indoors/scene_00020/scan_00185,val/indoors/scene_00020/scan_00185/00020_00185_indoors_330_010.png,966,966,1288,782622,78262,1095670.0,245464.90642212058,426131.5464114216,-180666.63998930104,147949.28538288138,283417.54519699817,-135468.25981411678,0.2388929288178289,114.61452022194862
27,indoors,scene_00020,indoors/scene_00020/scan_00185,val/indoors/scene_00020/scan_00185/00020_00185_indoors_330_010.png,1022,1022,1358,782622,78262,1095670.0,245464.90642212058,530779.9035146715,-285314.9970925509,147949.28538288138,361421.78178288316,-213472.49640000178,0.2292127303871209,151.65900811553
28,indoors,scene_00020,indoors/scene_00020/scan_00185,val/indoors/scene_00020/scan_00185/00020_00185_indoors_340_020.png,518,518,686,784890,78490,1098850.0,315010.9648199923,315010.9648199923,0.0,210769.98819453435,210769.98819453435,0.0,0.2173369325028711,23.64169806241989
28,indoors,scene_00020,indoors/scene_00020/scan_00185,val/indoors/scene_00020/scan_00185/00020_00185_indoors_340_020.png,574,574,770,784890,78490,1098850.0,315010.9648199923,374171.56666978204,-59160.60184978973,210769.98819453435,238336.88225398533,-27566.894059450977,0.2014664807176029,24.7846320271492
28,indoors,scene_00020,indoors/scene_00020/scan_00185,val/indoors/scene_00020/scan_00185/00020_00185_indoors_340_020.png,630,630,840,784890,78490,1098850.0,315010.9648199923,396761.415621687,-81750.45080169471,210769.98819453435,255904.32257618484,-45134.33438165049,0.21346796018018174,38.48470747470856
28,indoors,scene_00020,indoors/scene_00020/scan_00185,val/indoors/scene_00020/scan_00185/00020_00185_indoors_340_020.png,686,686,910,784890,78490,1098850.0,315010.9648199923,420517.6575070148,-105506.6926870225,210769.98819453435,273882.9118030669,-63112.923608532554,0.2034663879025847,44.863090850412846
28,indoors,scene_00020,indoors/scene_00020/scan_00185,val/indoors/scene_00020/scan_00185/00020_00185_indoors_340_020.png,742,742,994,784890,78490,1098850.0,315010.9648199923,400822.69509749743,-85811.73027750512,210769.98819453435,266463.31377028144,-55693.32557574709,0.20271873413341396,59.77848172187805
28,indoors,scene_00020,indoors/scene_00020/scan_00185,val/indoors/scene_00020/scan_00185/00020_00185_indoors_340_020.png,798,798,1064,784890,78490,1098850.0,315010.9648199923,486814.3175825461,-171803.35276255378,210769.98819453435,319710.56115113804,-108940.57295660369,0.20256727966924862,68.41871421784163
28,indoors,scene_00020,indoors/scene_00020/scan_00185,val/indoors/scene_00020/scan_00185/00020_00185_indoors_340_020.png,854,854,1134,784890,78490,1098850.0,315010.9648199923,425013.54364372307,-110002.57882373076,210769.98819453435,280833.4725678706,-70063.48437333622,0.19498906107819883,83.05262681096792
28,indoors,scene_00020,indoors/scene_00020/scan_00185,val/indoors/scene_00020/scan_00185/00020_00185_indoors_340_020.png,910,910,1218,784890,78490,1098850.0,315010.9648199923,565867.3084559533,-250856.34363596095,210769.98819453435,372399.78052130586,-161629.7923267715,0.19081238088804936,94.82605941593647
28,indoors,scene_00020,indoors/scene_00020/scan_00185,val/indoors/scene_00020/scan_00185/00020_00185_indoors_340_020.png,966,966,1288,784890,78490,1098850.0,315010.9648199923,623751.456352724,-308740.4915327317,210769.98819453435,420665.7237885509,-209895.73559401653,0.192693598021529,115.35591166466475
28,indoors,scene_00020,indoors/scene_00020/scan_00185,val/indoors/scene_00020/scan_00185/00020_00185_indoors_340_020.png,1022,1022,1358,784890,78490,1098850.0,315010.9648199923,619446.4603245719,-304435.4955045796,210769.98819453435,404764.3036303518,-193994.31543581744,0.18739585987850896,147.12560456246138
29,indoors,scene_00020,indoors/scene_00020/scan_00185,val/indoors/scene_00020/scan_00185/00020_00185_indoors_350_030.png,518,518,686,785927,78594,1100303.0,775010.9767898245,775010.9767898245,0.0,455260.0363904802,455260.0363904802,0.0,0.22189970652749333,22.96575717628002
29,indoors,scene_00020,indoors/scene_00020/scan_00185,val/indoors/scene_00020/scan_00185/00020_00185_indoors_350_030.png,574,574,770,785927,78594,1100303.0,775010.9767898245,450106.1845061678,324904.7922836568,455260.0363904802,284623.6759185692,170636.36047191097,0.2181167402157928,24.91096965968609
29,indoors,scene_00020,indoors/scene_00020/scan_00185,val/indoors/scene_00020/scan_00185/00020_00185_indoors_350_030.png,630,630,840,785927,78594,1100303.0,775010.9767898245,332601.9842760882,442408.99251373636,455260.0363904802,223812.88502848096,231447.15136199922,0.2393075608897005,38.480790331959724
29,indoors,scene_00020,indoors/scene_00020/scan_00185,val/indoors/scene_00020/scan_00185/00020_00185_indoors_350_030.png,686,686,910,785927,78594,1100303.0,775010.9767898245,488836.01150593313,286174.9652838914,455260.0363904802,301255.92659184244,154004.10979863774,0.2397387048538702,44.91211008280516
29,indoors,scene_00020,indoors/scene_00020/scan_00185,val/indoors/scene_00020/scan_00185/00020_00185_indoors_350_030.png,742,742,994,785927,78594,1100303.0,775010.9767898245,344964.4767617809,430046.50002804364,455260.0363904802,225614.65785499325,229645.37853548693,0.20656784713647613,50.16323830932379
29,indoors,scene_00020,indoors/scene_00020/scan_00185,val/indoors/scene_00020/scan_00185/00020_00185_indoors_350_030.png,798,798,1064,785927,78594,1100303.0,775010.9767898245,368809.3091987313,406201.6675910932,455260.0363904802,239566.13882325316,215693.89756722702,0.2110554864785678,62.7364544197917
29,indoors,scene_00020,indoors/scene_00020/scan_00185,val/indoors/scene_00020/scan_00185/00020_00185_indoors_350_030.png,854,854,1134,785927,78594,1100303.0,775010.9767898245,334832.41947492096,440178.5573149036,455260.0363904802,222638.15226866375,232621.88412181643,0.2153114187271768,83.07792991399765
29,indoors,scene_00020,indoors/scene_00020/scan_00185,val/indoors/scene_00020/scan_00185/00020_00185_indoors_350_030.png,910,910,1218,785927,78594,1100303.0,775010.9767898245,529508.8150619337,245502.16172789084,455260.0363904802,325276.4340153062,129983.602375174,0.2052647679941026,94.91012245416641
29,indoors,scene_00020,indoors/scene_00020/scan_00185,val/indoors/scene_00020/scan_00185/00020_00185_indoors_350_030.png,966,966,1288,785927,78594,1100303.0,775010.9767898245,342753.30123568425,432257.6755541403,455260.0363904802,225318.82556211855,229941.21082836163,0.21750917382534724,115.29598943889141
29,indoors,scene_00020,indoors/scene_00020/scan_00185,val/indoors/scene_00020/scan_00185/00020_00185_indoors_350_030.png,1022,1022,1358,785927,78594,1100303.0,775010.9767898245,367891.87259062513,407119.1041991994,455260.0363904802,238628.7033047825,216631.33308569767,0.21281426522067662,147.05389458686113
30,indoors,scene_00020,indoors/scene_00020/scan_00186,val/indoors/scene_00020/scan_00186/00020_00186_indoors_090_020.png,518,518,686,781412,78137,1093960.0,354438.9117850935,354438.9117850935,0.0,212977.17638174354,212977.17638174354,0.0,0.2007607939036171,53.58552746474743
30,indoors,scene_00020,indoors/scene_00020/scan_00186,val/indoors/scene_00020/scan_00186/00020_00186_indoors_090_020.png,574,574,770,781412,78137,1093960.0,354438.9117850935,360034.3639409814,-5595.452155887906,212977.17638174354,222969.28010625433,-9992.103724510787,0.20009131583031914,59.57657564431429
30,indoors,scene_00020,indoors/scene_00020/scan_00186,val/indoors/scene_00020/scan_00186/00020_00186_indoors_090_020.png,630,630,840,781412,78137,1093960.0,354438.9117850935,392577.62001488963,-38138.708229796146,212977.17638174354,252642.0439596912,-39664.86757794765,0.20347572146029852,72.7151082828641
30,indoors,scene_00020,indoors/scene_00020/scan_00186,val/indoors/scene_00020/scan_00186/00020_00186_indoors_090_020.png,686,686,910,781412,78137,1093960.0,354438.9117850935,408188.81782181864,-53749.90603672515,212977.17638174354,256309.29799397633,-43332.12161223279,0.19661164618790658,48.48858341574669
30,indoors,scene_00020,indoors/scene_00020/scan_00186,val/indoors/scene_00020/scan_00186/00020_00186_indoors_090_020.png,742,742,994,781412,78137,1093960.0,354438.9117850935,431550.6175918787,-77111.7058067852,212977.17638174354,271282.6244297365,-58305.44804799298,0.19009458412638722,60.31911913305521
30,indoors,scene_00020,indoors/scene_00020/scan_00186,val/indoors/scene_00020/scan_00186/00020_00186_indoors_090_020.png,798,798,1064,781412,78137,1093960.0,354438.9117850935,444131.317169491,-89692.40538439754,212977.17638174354,277663.90202810697,-64686.725646363426,0.1954911748103483,75.16603358089924
30,indoors,scene_00020,indoors/scene_00020/scan_00186,val/indoors/scene_00020/scan_00186/00020_00186_indoors_090_020.png,854,854,1134,781412,78137,1093960.0,354438.9117850935,472964.9740310033,-118526.06224590982,212977.17638174354,300121.8935938749,-87144.71721213133,0.19434698869527045,101.97470150887966
30,indoors,scene_00020,indoors/scene_00020/scan_00186,val/indoors/scene_00020/scan_00186/00020_00186_indoors_090_020.png,910,910,1218,781412,78137,1093960.0,354438.9117850935,458504.32719256374,-104065.41540747025,212977.17638174354,294954.572663625,-81977.39628188146,0.19166072660310426,112.41929326206446
30,indoors,scene_00020,indoors/scene_00020/scan_00186,val/indoors/scene_00020/scan_00186/00020_00186_indoors_090_020.png,966,966,1288,781412,78137,1093960.0,354438.9117850935,463611.83425380004,-109172.92246870656,212977.17638174354,300225.8424256854,-87248.66604394183,0.19210592474347965,138.59701063483953
30,indoors,scene_00020,indoors/scene_00020/scan_00186,val/indoors/scene_00020/scan_00186/00020_00186_indoors_090_020.png,1022,1022,1358,781412,78137,1093960.0,354438.9117850935,459030.4307652199,-104591.51898012642,212977.17638174354,303198.7216209279,-90221.54523918437,0.1889441967240492,173.67288377135992
31,indoors,scene_00020,indoors/scene_00020/scan_00186,val/indoors/scene_00020/scan_00186/00020_00186_indoors_120_020.png,518,518,686,784052,78405,1097672.0,825667.2807538519,825667.2807538519,0.0,660497.756446567,660497.756446567,0.0,0.22042458255466446,27.092479169368744
31,indoors,scene_00020,indoors/scene_00020/scan_00186,val/indoors/scene_00020/scan_00186/00020_00186_indoors_120_020.png,574,574,770,784052,78405,1097672.0,825667.2807538519,1506145.3280559476,-680478.0473020957,660497.756446567,1268722.2582545476,-608224.5018079806,0.22715353315164508,29.947511851787567
31,indoors,scene_00020,indoors/scene_00020/scan_00186,val/indoors/scene_00020/scan_00186/00020_00186_indoors_120_020.png,630,630,840,784052,78405,1097672.0,825667.2807538519,1984210.5458457617,-1158543.2650919098,660497.756446567,1726919.1475025401,-1066421.3910559732,0.2232048999030659,45.77937535941601
31,indoors,scene_00020,indoors/scene_00020/scan_00186,val/indoors/scene_00020/scan_00186/00020_00186_indoors_120_020.png,686,686,910,784052,78405,1097672.0,825667.2807538519,2413314.2117076553,-1587646.9309538035,660497.756446567,2033237.6051947093,-1372739.8487481424,0.21434333274871883,53.49209811538458
31,indoors,scene_00020,indoors/scene_00020/scan_00186,val/indoors/scene_00020/scan_00186/00020_00186_indoors_120_020.png,742,742,994,784052,78405,1097672.0,825667.2807538519,2130184.6677421154,-1304517.3869882636,660497.756446567,1770480.962716709,-1109983.206270142,0.2093344314347744,59.86602324992418
31,indoors,scene_00020,indoors/scene_00020/scan_00186,val/indoors/scene_00020/scan_00186/00020_00186_indoors_120_020.png,798,798,1064,784052,78405,1097672.0,825667.2807538519,2908764.978531353,-2083097.6977775013,660497.756446567,2595486.737949364,-1934988.981502797,0.2103538201326641,74.97316505759954
31,indoors,scene_00020,indoors/scene_00020/scan_00186,val/indoors/scene_00020/scan_00186/00020_00186_indoors_120_020.png,854,854,1134,784052,78405,1097672.0,825667.2807538519,2983814.2248023697,-2158146.944048518,660497.756446567,2542150.430244812,-1881652.673798245,0.20508888156359237,98.51040598005056
31,indoors,scene_00020,indoors/scene_00020/scan_00186,val/indoors/scene_00020/scan_00186/00020_00186_indoors_120_020.png,910,910,1218,784052,78405,1097672.0,825667.2807538519,1800546.1921574608,-974878.911403609,660497.756446567,1491844.809659576,-831347.053213009,0.20218436522963962,109.59660355001688
31,indoors,scene_00020,indoors/scene_00020/scan_00186,val/indoors/scene_00020/scan_00186/00020_00186_indoors_120_020.png,966,966,1288,784052,78405,1097672.0,825667.2807538519,1750421.942108898,-924754.6613550461,660497.756446567,1488491.9679725189,-827994.2115259519,0.2017879106729259,143.0463306605816
31,indoors,scene_00020,indoors/scene_00020/scan_00186,val/indoors/scene_00020/scan_00186/00020_00186_indoors_120_020.png,1022,1022,1358,784052,78405,1097672.0,825667.2807538519,2531995.3558563534,-1706328.0751025015,660497.756446567,2231082.5224498995,-1570584.7660033326,0.1979322717374376,170.95758952200413
32,indoors,scene_00020,indoors/scene_00020/scan_00186,val/indoors/scene_00020/scan_00186/00020_00186_indoors_140_000.png,518,518,686,783278,78327,1096586.0,9067567.574329793,9067567.574329793,0.0,4241310.703597024,4241310.703597024,0.0,0.25525825063680013,27.34753768891096
32,indoors,scene_00020,indoors/scene_00020/scan_00186,val/indoors/scene_00020/scan_00186/00020_00186_indoors_140_000.png,574,574,770,783278,78327,1096586.0,9067567.574329793,9870684.41652607,-803116.8421962764,4241310.703597024,4829563.717442403,-588253.0138453785,0.24712715033376742,29.29216530174017
32,indoors,scene_00020,indoors/scene_00020/scan_00186,val/indoors/scene_00020/scan_00186/00020_00186_indoors_140_000.png,630,630,840,783278,78327,1096586.0,9067567.574329793,9744275.659901157,-676708.0855713636,4241310.703597024,4679922.240940869,-438611.5373438448,0.2428883864007597,45.9230886772275
32,indoors,scene_00020,indoors/scene_00020/scan_00186,val/indoors/scene_00020/scan_00186/00020_00186_indoors_140_000.png,686,686,910,783278,78327,1096586.0,9067567.574329793,9601740.833764467,-534173.2594346739,4241310.703597024,4599323.834075402,-358013.13047837745,0.23831231293956118,54.60514035075903
32,indoors,scene_00020,indoors/scene_00020/scan_00186,val/indoors/scene_00020/scan_00186/00020_00186_indoors_140_000.png,742,742,994,783278,78327,1096586.0,9067567.574329793,9700377.758813048,-632810.1844832543,4241310.703597024,4683779.277609565,-442468.5740125412,0.23601044063131957,61.448355205357075
32,indoors,scene_00020,indoors/scene_00020/scan_00186,val/indoors/scene_00020/scan_00186/00020_00186_indoors_140_000.png,798,798,1064,783278,78327,1096586.0,9067567.574329793,9222796.740201375,-155229.16587158106,4241310.703597024,4306447.501723637,-65136.79812661279,0.23502517449542434,74.98034182935953
32,indoors,scene_00020,indoors/scene_00020/scan_00186,val/indoors/scene_00020/scan_00186/00020_00186_indoors_140_000.png,854,854,1134,783278,78327,1096586.0,9067567.574329793,8645203.673469994,422363.90085979924,4241310.703597024,3986400.855092635,254909.84850438917,0.2254565575848997,103.91670931130648
32,indoors,scene_00020,indoors/scene_00020/scan_00186,val/indoors/scene_00020/scan_00186/00020_00186_indoors_140_000.png,910,910,1218,783278,78327,1096586.0,9067567.574329793,8093400.483607567,974167.0907222265,4241310.703597024,3750986.784745104,490323.91885191994,0.23000818973306367,111.97803914546967
32,indoors,scene_00020,indoors/scene_00020/scan_00186,val/indoors/scene_00020/scan_00186/00020_00186_indoors_140_000.png,966,966,1288,783278,78327,1096586.0,9067567.574329793,8863060.88376843,204506.69056136347,4241310.703597024,4144470.099159679,96840.60443734517,0.225083390304541,138.61734420061111
32,indoors,scene_00020,indoors/scene_00020/scan_00186,val/indoors/scene_00020/scan_00186/00020_00186_indoors_140_000.png,1022,1022,1358,783278,78327,1096586.0,9067567.574329793,8691720.799257731,375846.7750720624,4241310.703597024,3999801.866580521,241508.83701650286,0.21609319698500212,174.78325124830008
33,indoors,scene_00020,indoors/scene_00020/scan_00186,val/indoors/scene_00020/scan_00186/00020_00186_indoors_150_030.png,518,518,686,784787,78479,1098703.0,7150251.089903791,7150251.089903791,0.0,2456131.0909903073,2456131.0909903073,0.0,0.28134239290510454,27.138487435877323
33,indoors,scene_00020,indoors/scene_00020/scan_00186,val/indoors/scene_00020/scan_00186/00020_00186_indoors_150_030.png,574,574,770,784787,78479,1098703.0,7150251.089903791,7646404.448458055,-496153.3585542636,2456131.0909903073,2643128.371745141,-186997.28075483395,0.29432612392658036,28.24123203754425
33,indoors,scene_00020,indoors/scene_00020/scan_00186,val/indoors/scene_00020/scan_00186/00020_00186_indoors_150_030.png,630,630,840,784787,78479,1098703.0,7150251.089903791,7229542.492449754,-79291.40254596248,2456131.0909903073,2555651.6515985946,-99520.56060828734,0.2691946337746129,45.80253269523382
33,indoors,scene_00020,indoors/scene_00020/scan_00186,val/indoors/scene_00020/scan_00186/00020_00186_indoors_150_030.png,686,686,910,784787,78479,1098703.0,7150251.089903791,7665709.424150954,-515458.33424716257,2456131.0909903073,2524992.4106257795,-68861.31963547226,0.2600362414086002,54.807333275675774
33,indoors,scene_00020,indoors/scene_00020/scan_00186,val/indoors/scene_00020/scan_00186/00020_00186_indoors_150_030.png,742,742,994,784787,78479,1098703.0,7150251.089903791,6917407.072467438,232844.0174363535,2456131.0909903073,2292632.8040904514,163498.28689985583,0.2553132337108923,59.513550251722336
33,indoors,scene_00020,indoors/scene_00020/scan_00186,val/indoors/scene_00020/scan_00186/00020_00186_indoors_150_030.png,798,798,1064,784787,78479,1098703.0,7150251.089903791,7626216.617818054,-475965.5279142624,2456131.0909903073,2558407.788940115,-102276.69794980763,0.26397871275260004,75.9326471015811
33,indoors,scene_00020,indoors/scene_00020/scan_00186,val/indoors/scene_00020/scan_00186/00020_00186_indoors_150_030.png,854,854,1134,784787,78479,1098703.0,7150251.089903791,7612874.984344526,-462623.89444073476,2456131.0909903073,2438902.3430302,17228.7479601074,0.2786140029706316,98.91217295080423
33,indoors,scene_00020,indoors/scene_00020/scan_00186,val/indoors/scene_00020/scan_00186/00020_00186_indoors_150_030.png,910,910,1218,784787,78479,1098703.0,7150251.089903791,8138578.907757208,-988327.8178534163,2456131.0909903073,2658719.91070021,-202588.81970990263,0.2468690638095943,112.377286888659
33,indoors,scene_00020,indoors/scene_00020/scan_00186,val/indoors/scene_00020/scan_00186/00020_00186_indoors_150_030.png,966,966,1288,784787,78479,1098703.0,7150251.089903791,8236941.808258361,-1086690.7183545697,2456131.0909903073,2766807.3550748695,-310676.2640845622,0.2419921297714441,135.96212957054377
33,indoors,scene_00020,indoors/scene_00020/scan_00186,val/indoors/scene_00020/scan_00186/00020_00186_indoors_150_030.png,1022,1022,1358,784787,78479,1098703.0,7150251.089903791,7721165.27152483,-570914.1816210384,2456131.0909903073,2435579.017258006,20552.073732301127,0.2520872369073078,173.62024914473295
34,indoors,scene_00020,indoors/scene_00020/scan_00186,val/indoors/scene_00020/scan_00186/00020_00186_indoors_190_050.png,518,518,686,778664,77864,1090120.0,386968.0332988939,386968.0332988939,0.0,260476.05698424793,260476.05698424793,0.0,0.3954667229186862,33.90673641115427
34,indoors,scene_00020,indoors/scene_00020/scan_00186,val/indoors/scene_00020/scan_00186/00020_00186_indoors_190_050.png,574,574,770,778664,77864,1090120.0,386968.0332988939,369565.06735092937,17402.96594796452,260476.05698424793,240773.78407281075,19702.272911437176,0.3890957188286293,29.392064549028873
34,indoors,scene_00020,indoors/scene_00020/scan_00186,val/indoors/scene_00020/scan_00186/00020_00186_indoors_190_050.png,630,630,840,778664,77864,1090120.0,386968.0332988939,379874.145263179,7093.888035714917,260476.05698424793,252413.62337779396,8062.4336064539675,0.3876911048895246,45.824131928384304
34,indoors,scene_00020,indoors/scene_00020/scan_00186,val/indoors/scene_00020/scan_00186/00020_00186_indoors_190_050.png,686,686,910,778664,77864,1090120.0,386968.0332988939,445853.7313107824,-58885.69801188848,260476.05698424793,301851.26664070727,-41375.20965645934,0.40779758576817965,62.43147235363722
34,indoors,scene_00020,indoors/scene_00020/scan_00186,val/indoors/scene_00020/scan_00186/00020_00186_indoors_190_050.png,742,742,994,778664,77864,1090120.0,386968.0332988939,454105.79302645405,-67137.75972756016,260476.05698424793,306875.3255753329,-46399.26859108498,0.4147222500678879,59.8595691844821
34,indoors,scene_00020,indoors/scene_00020/scan_00186,val/indoors/scene_00020/scan_00186/00020_00186_indoors_190_050.png,798,798,1064,778664,77864,1090120.0,386968.0332988939,405403.2518837297,-18435.21858483582,260476.05698424793,270582.74085514224,-10106.68387089431,0.39643346546288727,118.5436462983489
34,indoors,scene_00020,indoors/scene_00020/scan_00186,val/indoors/scene_00020/scan_00186/00020_00186_indoors_190_050.png,854,854,1134,778664,77864,1090120.0,386968.0332988939,407122.11516415514,-20154.08186526125,260476.05698424793,270262.7723116498,-9786.715327401878,0.401054240948612,98.66208955645561
34,indoors,scene_00020,indoors/scene_00020/scan_00186,val/indoors/scene_00020/scan_00186/00020_00186_indoors_190_050.png,910,910,1218,778664,77864,1090120.0,386968.0332988939,392337.51747888536,-5369.484179991472,260476.05698424793,252846.1582428808,7629.8987413671275,0.40205861010058264,112.48332727700472
34,indoors,scene_00020,indoors/scene_00020/scan_00186,val/indoors/scene_00020/scan_00186/00020_00186_indoors_190_050.png,966,966,1288,778664,77864,1090120.0,386968.0332988939,393650.0773372735,-6682.044038379623,260476.05698424793,257366.4223835011,3109.6346007468237,0.40601637918661304,146.86459302902222
34,indoors,scene_00020,indoors/scene_00020/scan_00186,val/indoors/scene_00020/scan_00186/00020_00186_indoors_190_050.png,1022,1022,1358,778664,77864,1090120.0,386968.0332988939,403909.23091479647,-16941.19761590258,260476.05698424793,259849.6305866526,626.4263975953218,0.42361959763386503,173.75618778169155
35,indoors,scene_00020,indoors/scene_00020/scan_00186,val/indoors/scene_00020/scan_00186/00020_00186_indoors_210_050.png,518,518,686,779505,77949,1091301.0,791178.5842881755,791178.5842881755,0.0,371662.43216680654,371662.43216680654,0.0,0.44483230079641195,26.744537986814976
35,indoors,scene_00020,indoors/scene_00020/scan_00186,val/indoors/scene_00020/scan_00186/00020_00186_indoors_210_050.png,574,574,770,779505,77949,1091301.0,791178.5842881755,722486.2745223473,68692.30976582819,371662.43216680654,363504.7767695961,8157.655397210445,0.42929427900584666,31.035015359520912
35,indoors,scene_00020,indoors/scene_00020/scan_00186,val/indoors/scene_00020/scan_00186/00020_00186_indoors_210_050.png,630,630,840,779505,77949,1091301.0,791178.5842881755,719125.6894082767,72052.89487989875,371662.43216680654,366201.3729844352,5461.059182371362,0.40117471857294634,45.90905737131834
35,indoors,scene_00020,indoors/scene_00020/scan_00186,val/indoors/scene_00020/scan_00186/00020_00186_indoors_210_050.png,686,686,910,779505,77949,1091301.0,791178.5842881755,538637.6108606559,252540.97342751955,371662.43216680654,289469.10787049495,82193.32429631159,0.4347420701174447,52.2527527064085
35,indoors,scene_00020,indoors/scene_00020/scan_00186,val/indoors/scene_00020/scan_00186/00020_00186_indoors_210_050.png,742,742,994,779505,77949,1091301.0,791178.5842881755,520318.75159640325,270859.8326917722,371662.43216680654,284652.55595703365,87009.87620977289,0.4197149129314669,58.054836466908455
35,indoors,scene_00020,indoors/scene_00020/scan_00186,val/indoors/scene_00020/scan_00186/00020_00186_indoors_210_050.png,798,798,1064,779505,77949,1091301.0,791178.5842881755,628747.8371826336,162430.74710554187,371662.43216680654,345635.7468585685,26026.685308238026,0.41559295179685474,72.33524788171053
35,indoors,scene_00020,indoors/scene_00020/scan_00186,val/indoors/scene_00020/scan_00186/00020_00186_indoors_210_050.png,854,854,1134,779505,77949,1091301.0,791178.5842881755,711377.7018534453,79800.88243473019,371662.43216680654,379697.7474215857,-8035.315254779183,0.4595323289319666,97.83588256686926
35,indoors,scene_00020,indoors/scene_00020/scan_00186,val/indoors/scene_00020/scan_00186/00020_00186_indoors_210_050.png,910,910,1218,779505,77949,1091301.0,791178.5842881755,710747.6367812614,80430.94750691403,371662.43216680654,388043.50578109815,-16381.073614291614,0.4152065617862162,113.26287779957056
35,indoors,scene_00020,indoors/scene_00020/scan_00186,val/indoors/scene_00020/scan_00186/00020_00186_indoors_210_050.png,966,966,1288,779505,77949,1091301.0,791178.5842881755,596534.9680309274,194643.6162572481,371662.43216680654,347601.4940094034,24060.938157403143,0.4533884226341118,135.86261961609125
35,indoors,scene_00020,indoors/scene_00020/scan_00186,val/indoors/scene_00020/scan_00186/00020_00186_indoors_210_050.png,1022,1022,1358,779505,77949,1091301.0,791178.5842881755,779790.6905059859,11387.893782189582,371662.43216680654,433123.08369804116,-61460.65153123462,0.441715254785695,198.28224834054708
36,indoors,scene_00020,indoors/scene_00020/scan_00186,val/indoors/scene_00020/scan_00186/00020_00186_indoors_220_010.png,518,518,686,785609,78561,1099853.0,366743.76335319615,366743.76335319615,0.0,208735.33301632936,208735.33301632936,0.0,0.2996338357176967,32.61440619826317
36,indoors,scene_00020,indoors/scene_00020/scan_00186,val/indoors/scene_00020/scan_00186/00020_00186_indoors_220_010.png,574,574,770,785609,78561,1099853.0,366743.76335319615,423178.7808491896,-56435.01749599347,208735.33301632936,254098.08409776754,-45362.75108143818,0.31948226401925495,24.82511941343546
36,indoors,scene_00020,indoors/scene_00020/scan_00186,val/indoors/scene_00020/scan_00186/00020_00186_indoors_220_010.png,630,630,840,785609,78561,1099853.0,366743.76335319615,361933.7145656144,4810.048787581734,208735.33301632936,238317.65350425572,-29582.320487926365,0.3535178625940295,38.3602874353528
36,indoors,scene_00020,indoors/scene_00020/scan_00186,val/indoors/scene_00020/scan_00186/00020_00186_indoors_220_010.png,686,686,910,785609,78561,1099853.0,366743.76335319615,369305.78698781796,-2562.0236346218153,208735.33301632936,236456.47056854516,-27721.137552215805,0.3457057218866176,44.74619310349226
36,indoors,scene_00020,indoors/scene_00020/scan_00186,val/indoors/scene_00020/scan_00186/00020_00186_indoors_220_010.png,742,742,994,785609,78561,1099853.0,366743.76335319615,359066.4152782277,7677.348074968439,208735.33301632936,241209.24724930277,-32473.914232973417,0.3541206701300159,50.061462447047234
36,indoors,scene_00020,indoors/scene_00020/scan_00186,val/indoors/scene_00020/scan_00186/00020_00186_indoors_220_010.png,798,798,1064,785609,78561,1099853.0,366743.76335319615,274047.2503882997,92696.51296489645,208735.33301632936,197460.07086675445,11275.262149574904,0.3402995284343903,62.62321397662163
36,indoors,scene_00020,indoors/scene_00020/scan_00186,val/indoors/scene_00020/scan_00186/00020_00186_indoors_220_010.png,854,854,1134,785609,78561,1099853.0,366743.76335319615,284019.03234288906,82724.73101030709,208735.33301632936,206769.36175866437,1965.9712576649908,0.3150340368782495,83.5993168875575
36,indoors,scene_00020,indoors/scene_00020/scan_00186,val/indoors/scene_00020/scan_00186/00020_00186_indoors_220_010.png,910,910,1218,785609,78561,1099853.0,366743.76335319615,288209.49364300736,78534.26971018879,208735.33301632936,221790.09986071198,-13054.766844382626,0.35825028113631313,104.63731456547976
36,indoors,scene_00020,indoors/scene_00020/scan_00186,val/indoors/scene_00020/scan_00186/00020_00186_indoors_220_010.png,966,966,1288,785609,78561,1099853.0,366743.76335319615,282766.3621157274,83977.40123746876,208735.33301632936,220029.67512822628,-11294.342111896927,0.36762366669019453,121.66958302259445
36,indoors,scene_00020,indoors/scene_00020/scan_00186,val/indoors/scene_00020/scan_00186/00020_00186_indoors_220_010.png,1022,1022,1358,785609,78561,1099853.0,366743.76335319615,260566.6141358937,106177.14921730245,208735.33301632936,201655.04602442082,7080.286991908535,0.33293717671427203,150.73635429143906
37,indoors,scene_00020,indoors/scene_00020/scan_00186,val/indoors/scene_00020/scan_00186/00020_00186_indoors_230_030.png,518,518,686,782595,78259,1095631.0,760593.3765309814,760593.3765309814,0.0,416461.5453231735,416461.5453231735,0.0,0.23164017528126624,22.875814698636532
37,indoors,scene_00020,indoors/scene_00020/scan_00186,val/indoors/scene_00020/scan_00186/00020_00186_indoors_230_030.png,574,574,770,782595,78259,1095631.0,760593.3765309814,813633.9793174586,-53040.60278647719,416461.5453231735,453741.60481586267,-37280.05949268915,0.21525629383320066,24.834955111145973
37,indoors,scene_00020,indoors/scene_00020/scan_00186,val/indoors/scene_00020/scan_00186/00020_00186_indoors_230_030.png,630,630,840,782595,78259,1095631.0,760593.3765309814,777759.045407441,-17165.66887645959,416461.5453231735,429279.91180401156,-12818.366480838042,0.24835835984632137,38.42538222670555
37,indoors,scene_00020,indoors/scene_00020/scan_00186,val/indoors/scene_00020/scan_00186/00020_00186_indoors_230_030.png,686,686,910,782595,78259,1095631.0,760593.3765309814,802270.3091842559,-41676.9326532745,416461.5453231735,448227.95144832146,-31766.406125147943,0.22021576444727523,49.22130145132542
37,indoors,scene_00020,indoors/scene_00020/scan_00186,val/indoors/scene_00020/scan_00186/00020_00186_indoors_230_030.png,742,742,994,782595,78259,1095631.0,760593.3765309814,814473.1460426436,-53879.76951166219,416461.5453231735,445448.9558022034,-28987.410479029873,0.22304160765569814,50.12773256748915
37,indoors,scene_00020,indoors/scene_00020/scan_00186,val/indoors/scene_00020/scan_00186/00020_00186_indoors_230_030.png,798,798,1064,782595,78259,1095631.0,760593.3765309814,763928.7291371035,-3335.352606122149,416461.5453231735,426824.20579435944,-10362.660471185925,0.27352918114310715,63.16791940480471
37,indoors,scene_00020,indoors/scene_00020/scan_00186,val/indoors/scene_00020/scan_00186/00020_00186_indoors_230_030.png,854,854,1134,782595,78259,1095631.0,760593.3765309814,788847.771465625,-28254.394934643642,416461.5453231735,441551.1469954078,-25089.601672234305,0.24668539347669058,84.7643855959177
37,indoors,scene_00020,indoors/scene_00020/scan_00186,val/indoors/scene_00020/scan_00186/00020_00186_indoors_230_030.png,910,910,1218,782595,78259,1095631.0,760593.3765309814,851593.6526231641,-91000.27609218273,416461.5453231735,475912.44106714963,-59450.895743976114,0.2625826264939299,94.95814237743616
37,indoors,scene_00020,indoors/scene_00020/scan_00186,val/indoors/scene_00020/scan_00186/00020_00186_indoors_230_030.png,966,966,1288,782595,78259,1095631.0,760593.3765309814,814606.6107897686,-54013.23425878724,416461.5453231735,451969.5564350073,-35508.011111833795,0.26386183348215153,115.13661034405231
37,indoors,scene_00020,indoors/scene_00020/scan_00186,val/indoors/scene_00020/scan_00186/00020_00186_indoors_230_030.png,1022,1022,1358,782595,78259,1095631.0,760593.3765309814,857709.0599975393,-97115.68346655788,416461.5453231735,492900.510198176,-76438.96487500251,0.2931708943138815,147.35787361860275
38,indoors,scene_00020,indoors/scene_00020/scan_00186,val/indoors/scene_00020/scan_00186/00020_00186_indoors_240_020.png,518,518,686,783490,78348,1096882.0,608112.8922617165,608112.8922617165,0.0,416194.1004335225,416194.1004335225,0.0,0.16808069557974914,22.82268088310957
38,indoors,scene_00020,indoors/scene_00020/scan_00186,val/indoors/scene_00020/scan_00186/00020_00186_indoors_240_020.png,574,574,770,783490,78348,1096882.0,608112.8922617165,614398.9706857922,-6286.078424075618,416194.1004335225,426027.0927094664,-9832.992275943921,0.16231426174396604,24.813425727188587
38,indoors,scene_00020,indoors/scene_00020/scan_00186,val/indoors/scene_00020/scan_00186/00020_00186_indoors_240_020.png,630,630,840,783490,78348,1096882.0,608112.8922617165,536832.7541794158,71280.13808230078,416194.1004335225,363522.51658840675,52671.58384511573,0.17285484935396933,38.35951164364815
38,indoors,scene_00020,indoors/scene_00020/scan_00186,val/indoors/scene_00020/scan_00186/00020_00186_indoors_240_020.png,686,686,910,783490,78348,1096882.0,608112.8922617165,585182.5407038737,22930.351557842805,416194.1004335225,403823.8776773525,12370.22275616997,0.15925140178675856,44.75884698331356
38,indoors,scene_00020,indoors/scene_00020/scan_00186,val/indoors/scene_00020/scan_00186/00020_00186_indoors_240_020.png,742,742,994,783490,78348,1096882.0,608112.8922617165,545289.4686460828,62823.42361563374,416194.1004335225,377311.9888114189,38882.111622103606,0.1703217528649001,50.229135900735855
38,indoors,scene_00020,indoors/scene_00020/scan_00186,val/indoors/scene_00020/scan_00186/00020_00186_indoors_240_020.png,798,798,1064,783490,78348,1096882.0,608112.8922617165,573525.0538173185,34587.83844439802,416194.1004335225,396533.5181600645,19660.582273458014,0.17372419746530995,63.12369927763939
38,indoors,scene_00020,indoors/scene_00020/scan_00186,val/indoors/scene_00020/scan_00186/00020_00186_indoors_240_020.png,854,854,1134,783490,78348,1096882.0,608112.8922617165,594541.2652602076,13571.627001508954,416194.1004335225,416931.0543297815,-736.9538962590159,0.1691707684499196,95.41374817490578
38,indoors,scene_00020,indoors/scene_00020/scan_00186,val/indoors/scene_00020/scan_00186/00020_00186_indoors_240_020.png,910,910,1218,783490,78348,1096882.0,608112.8922617165,591692.8878214937,16420.004440222867,416194.1004335225,408164.3774350283,8029.722998494166,0.18087668067525947,116.30119569599628
38,indoors,scene_00020,indoors/scene_00020/scan_00186,val/indoors/scene_00020/scan_00186/00020_00186_indoors_240_020.png,966,966,1288,783490,78348,1096882.0,608112.8922617165,576903.5479991882,31209.34426252835,416194.1004335225,398103.60701541393,18090.493418108555,0.1767512224647327,137.57068291306496
38,indoors,scene_00020,indoors/scene_00020/scan_00186,val/indoors/scene_00020/scan_00186/00020_00186_indoors_240_020.png,1022,1022,1358,783490,78348,1096882.0,608112.8922617165,586860.2101545222,21252.682107194327,416194.1004335225,399098.4038241125,17095.69660940999,0.1706648411394634,173.4480131417513
39,indoors,scene_00020,indoors/scene_00020/scan_00186,val/indoors/scene_00020/scan_00186/00020_00186_indoors_240_040.png,518,518,686,786062,78607,1100490.0,951339.3909057069,951339.3909057069,0.0,484128.9596419781,484128.9596419781,0.0,0.23714180840255955,26.85400564223528
39,indoors,scene_00020,indoors/scene_00020/scan_00186,val/indoors/scene_00020/scan_00186/00020_00186_indoors_240_040.png,574,574,770,786062,78607,1100490.0,951339.3909057069,785881.5230790223,165457.8678266846,484128.9596419781,406535.20647034456,77593.75317163352,0.2234521383265621,31.66069556027651
39,indoors,scene_00020,indoors/scene_00020/scan_00186,val/indoors/scene_00020/scan_00186/00020_00186_indoors_240_040.png,630,630,840,786062,78607,1100490.0,951339.3909057069,850584.7543404981,100754.63656520878,484128.9596419781,420706.9493546904,63422.0102872877,0.23711846003716638,50.58613885194063
39,indoors,scene_00020,indoors/scene_00020/scan_00186,val/indoors/scene_00020/scan_00186/00020_00186_indoors_240_040.png,686,686,910,786062,78607,1100490.0,951339.3909057069,854694.0101380118,96645.38076769514,484128.9596419781,430745.60658825736,53383.353053720726,0.23509037288451035,53.20159625262022
39,indoors,scene_00020,indoors/scene_00020/scan_00186,val/indoors/scene_00020/scan_00186/00020_00186_indoors_240_040.png,742,742,994,786062,78607,1100490.0,951339.3909057069,886594.6314804761,64744.75942523079,484128.9596419781,446790.19310043793,37338.76654154016,0.21476692780403253,77.82536931335926
39,indoors,scene_00020,indoors/scene_00020/scan_00186,val/indoors/scene_00020/scan_00186/00020_00186_indoors_240_040.png,798,798,1064,786062,78607,1100490.0,951339.3909057069,807736.0096556591,143603.38125004782,484128.9596419781,405292.2297478031,78836.72989417496,0.21738307542737378,75.20557940006256
39,indoors,scene_00020,indoors/scene_00020/scan_00186,val/indoors/scene_00020/scan_00186/00020_00186_indoors_240_040.png,854,854,1134,786062,78607,1100490.0,951339.3909057069,820019.6757786643,131319.7151270426,484128.9596419781,420654.15247674385,63474.80716523423,0.20976961785756412,99.19286984950304
39,indoors,scene_00020,indoors/scene_00020/scan_00186,val/indoors/scene_00020/scan_00186/00020_00186_indoors_240_040.png,910,910,1218,786062,78607,1100490.0,951339.3909057069,828207.676902222,123131.71400348493,484128.9596419781,420499.34767384804,63629.61196813005,0.20725422681351788,129.02046646922827
39,indoors,scene_00020,indoors/scene_00020/scan_00186,val/indoors/scene_00020/scan_00186/00020_00186_indoors_240_040.png,966,966,1288,786062,78607,1100490.0,951339.3909057069,868704.9474078886,82634.44349781831,484128.9596419781,438319.93269652827,45809.02694544982,0.2076407540546865,131.71907421201468
39,indoors,scene_00020,indoors/scene_00020/scan_00186,val/indoors/scene_00020/scan_00186/00020_00186_indoors_240_040.png,1022,1022,1358,786062,78607,1100490.0,951339.3909057069,821858.4520674631,129480.93883824383,484128.9596419781,425593.4750583956,58535.484583582496,0.20966374512626626,167.67310816794634
40,indoors,scene_00020,indoors/scene_00020/scan_00187,val/indoors/scene_00020/scan_00187/00020_00187_indoors_010_030.png,518,518,686,784137,78414,1097793.0,398141.81578421197,398141.81578421197,0.0,218585.68880453665,218585.68880453665,0.0,0.16237693802278372,25.593450292944908
40,indoors,scene_00020,indoors/scene_00020/scan_00187,val/indoors/scene_00020/scan_00187/00020_00187_indoors_010_030.png,574,574,770,784137,78414,1097793.0,398141.81578421197,403412.70705081976,-5270.891266607796,218585.68880453665,225209.41409127944,-6623.725286742789,0.15244232481138908,29.829193837940693
40,indoors,scene_00020,indoors/scene_00020/scan_00187,val/indoors/scene_00020/scan_00187/00020_00187_indoors_010_030.png,630,630,840,784137,78414,1097793.0,398141.81578421197,392316.4832465055,5825.332537706476,218585.68880453665,219231.72761425338,-646.0388097167306,0.1498322532653573,45.740168541669846
40,indoors,scene_00020,indoors/scene_00020/scan_00187,val/indoors/scene_00020/scan_00187/00020_00187_indoors_010_030.png,686,686,910,784137,78414,1097793.0,398141.81578421197,400873.882650583,-2732.066866371024,218585.68880453665,223017.0522335762,-4431.363429039542,0.14404647109690605,52.615405060350895
40,indoors,scene_00020,indoors/scene_00020/scan_00187,val/indoors/scene_00020/scan_00187/00020_00187_indoors_010_030.png,742,742,994,784137,78414,1097793.0,398141.81578421197,411817.4320508706,-13675.616266658646,218585.68880453665,232432.98462225165,-13847.295817715,0.14556728743530883,101.55356582254171
40,indoors,scene_00020,indoors/scene_00020/scan_00187,val/indoors/scene_00020/scan_00187/00020_00187_indoors_010_030.png,798,798,1064,784137,78414,1097793.0,398141.81578421197,402194.20255597547,-4052.3867717635003,218585.68880453665,224743.07291154756,-6157.384107010905,0.14616946237849102,78.48017290234566
40,indoors,scene_00020,indoors/scene_00020/scan_00187,val/indoors/scene_00020/scan_00187/00020_00187_indoors_010_030.png,854,854,1134,784137,78414,1097793.0,398141.81578421197,396311.43634048925,1830.3794437227189,218585.68880453665,223021.92965500968,-4436.2408504730265,0.14257378658969289,99.09644350409508
40,indoors,scene_00020,indoors/scene_00020/scan_00187,val/indoors/scene_00020/scan_00187/00020_00187_indoors_010_030.png,910,910,1218,784137,78414,1097793.0,398141.81578421197,403659.31004085625,-5517.494256644277,218585.68880453665,225286.23146851666,-6700.5426639800135,0.14224505725215414,112.08764463663101
40,indoors,scene_00020,indoors/scene_00020/scan_00187,val/indoors/scene_00020/scan_00187/00020_00187_indoors_010_030.png,966,966,1288,784137,78414,1097793.0,398141.81578421197,431825.583327253,-33683.76754304103,218585.68880453665,238942.75026372494,-20357.06145918829,0.14410314927003706,141.01797062903643
40,indoors,scene_00020,indoors/scene_00020/scan_00187,val/indoors/scene_00020/scan_00187/00020_00187_indoors_010_030.png,1022,1022,1358,784137,78414,1097793.0,398141.81578421197,427572.99701963546,-29431.181235423486,218585.68880453665,234085.5810107855,-15499.892206248856,0.14329397463962798,174.29021373391151
41,indoors,scene_00020,indoors/scene_00020/scan_00187,val/indoors/scene_00020/scan_00187/00020_00187_indoors_100_000.png,518,518,686,781309,78128,1093821.0,1132169.841127805,1132169.841127805,0.0,393244.01438957575,393244.01438957575,0.0,0.2392682234780877,27.01619081199169
41,indoors,scene_00020,indoors/scene_00020/scan_00187,val/indoors/scene_00020/scan_00187/00020_00187_indoors_100_000.png,574,574,770,781309,78128,1093821.0,1132169.841127805,908900.2229741681,223269.6181536368,393244.01438957575,348554.12518186425,44689.8892077115,0.25081419926229487,29.849768616259098
41,indoors,scene_00020,indoors/scene_00020/scan_00187,val/indoors/scene_00020/scan_00187/00020_00187_indoors_100_000.png,630,630,840,781309,78128,1093821.0,1132169.841127805,917754.0092482273,214415.8318795776,393244.01438957575,339951.68204302527,53292.33234655048,0.23846159984489324,41.48784279823303
41,indoors,scene_00020,indoors/scene_00020/scan_00187,val/indoors/scene_00020/scan_00187/00020_00187_indoors_100_000.png,686,686,910,781309,78128,1093821.0,1132169.841127805,827437.4007916532,304732.44033615175,393244.01438957575,318820.13318685465,74423.8812027211,0.22173734681625215,50.41893385350704
41,indoors,scene_00020,indoors/scene_00020/scan_00187,val/indoors/scene_00020/scan_00187/00020_00187_indoors_100_000.png,742,742,994,781309,78128,1093821.0,1132169.841127805,1367664.436497842,-235494.59537003702,393244.01438957575,446883.5446549326,-53639.53026535682,0.22511508201604158,57.84754827618599
41,indoors,scene_00020,indoors/scene_00020/scan_00187,val/indoors/scene_00020/scan_00187/00020_00187_indoors_100_000.png,798,798,1064,781309,78128,1093821.0,1132169.841127805,847645.8460513736,284523.9950764313,393244.01438957575,326683.001688184,66561.01270139177,0.23234790525827273,74.85776674002409
41,indoors,scene_00020,indoors/scene_00020/scan_00187,val/indoors/scene_00020/scan_00187/00020_00187_indoors_100_000.png,854,854,1134,781309,78128,1093821.0,1132169.841127805,14776510.849177558,-13644341.008049753,393244.01438957575,3559088.8409751714,-3165844.8265855955,0.20675068421419707,95.61837464570999
41,indoors,scene_00020,indoors/scene_00020/scan_00187,val/indoors/scene_00020/scan_00187/00020_00187_indoors_100_000.png,910,910,1218,781309,78128,1093821.0,1132169.841127805,15105315.754550036,-13973145.91342223,393244.01438957575,3579922.9473401504,-3186678.9329505744,0.21688748193627885,112.42842394858599
41,indoors,scene_00020,indoors/scene_00020/scan_00187,val/indoors/scene_00020/scan_00187/00020_00187_indoors_100_000.png,966,966,1288,781309,78128,1093821.0,1132169.841127805,9953317.036654398,-8821147.195526592,393244.01438957575,2419669.879173347,-2026425.864783771,0.21922962942818028,159.32493656873703
41,indoors,scene_00020,indoors/scene_00020/scan_00187,val/indoors/scene_00020/scan_00187/00020_00187_indoors_100_000.png,1022,1022,1358,781309,78128,1093821.0,1132169.841127805,16345139.19651335,-15212969.355385544,393244.01438957575,3974087.5103198094,-3580843.4959302335,0.20957502377411466,147.85412047058344
42,indoors,scene_00020,indoors/scene_00020/scan_00187,val/indoors/scene_00020/scan_00187/00020_00187_indoors_140_000.png,518,518,686,785602,78561,1099846.0,466177.92562071234,466177.92562071234,0.0,311179.52244943654,311179.52244943654,0.0,0.3814060595267205,35.05853656679392
42,indoors,scene_00020,indoors/scene_00020/scan_00187,val/indoors/scene_00020/scan_00187/00020_00187_indoors_140_000.png,574,574,770,785602,78561,1099846.0,466177.92562071234,469277.75152536243,-3099.82590465009,311179.52244943654,321547.5716712716,-10368.049221835041,0.34517172287415865,31.032742001116276
42,indoors,scene_00020,indoors/scene_00020/scan_00187,val/indoors/scene_00020/scan_00187/00020_00187_indoors_140_000.png,630,630,840,785602,78561,1099846.0,466177.92562071234,487152.1138222855,-20974.188201573153,311179.52244943654,344309.4781338881,-33129.95568445156,0.330443557529765,38.37877605110407
42,indoors,scene_00020,indoors/scene_00020/scan_00187,val/indoors/scene_00020/scan_00187/00020_00187_indoors_140_000.png,686,686,910,785602,78561,1099846.0,466177.92562071234,506182.52660607814,-40004.6009853658,311179.52244943654,355244.2712012202,-44064.748751783685,0.3272768480418617,47.09370248019695
42,indoors,scene_00020,indoors/scene_00020/scan_00187,val/indoors/scene_00020/scan_00187/00020_00187_indoors_140_000.png,742,742,994,785602,78561,1099846.0,466177.92562071234,521262.4470309211,-55084.52141020878,311179.52244943654,373344.0409590383,-62164.51850960177,0.31301927829238274,50.29701441526413
42,indoors,scene_00020,indoors/scene_00020/scan_00187,val/indoors/scene_00020/scan_00187/00020_00187_indoors_140_000.png,798,798,1064,785602,78561,1099846.0,466177.92562071234,489059.8215598054,-22881.895939093083,311179.52244943654,351258.77194085845,-40079.24949142191,0.2921748902947525,66.17790460586548
42,indoors,scene_00020,indoors/scene_00020/scan_00187,val/indoors/scene_00020/scan_00187/00020_00187_indoors_140_000.png,854,854,1134,785602,78561,1099846.0,466177.92562071234,509038.4033738178,-42860.47775310546,311179.52244943654,359302.16831399547,-48122.64586455893,0.3084105129953191,90.85924550890923
42,indoors,scene_00020,indoors/scene_00020/scan_00187,val/indoors/scene_00020/scan_00187/00020_00187_indoors_140_000.png,910,910,1218,785602,78561,1099846.0,466177.92562071234,526911.4619356202,-60733.53631490783,311179.52244943654,370754.3160960736,-59574.79364663706,0.3200084746529059,94.84110027551651
42,indoors,scene_00020,indoors/scene_00020/scan_00187,val/indoors/scene_00020/scan_00187/00020_00187_indoors_140_000.png,966,966,1288,785602,78561,1099846.0,466177.92562071234,504430.6633685832,-38252.73774787085,311179.52244943654,360606.8275168226,-49427.30506738607,0.29026042227593846,114.55293465405703
42,indoors,scene_00020,indoors/scene_00020/scan_00187,val/indoors/scene_00020/scan_00187/00020_00187_indoors_140_000.png,1022,1022,1358,785602,78561,1099846.0,466177.92562071234,508466.3820341779,-42288.45641346555,311179.52244943654,346418.0472962862,-35238.52484684967,0.3286060495511022,146.90647087991238
43,indoors,scene_00020,indoors/scene_00020/scan_00187,val/indoors/scene_00020/scan_00187/00020_00187_indoors_220_030.png,518,518,686,786429,78643,1101001.0,1249025.9683994998,1249025.9683994998,0.0,643549.6308114624,643549.6308114624,0.0,0.10430553834497028,34.769242629408836
43,indoors,scene_00020,indoors/scene_00020/scan_00187,val/indoors/scene_00020/scan_00187/00020_00187_indoors_220_030.png,574,574,770,786429,78643,1101001.0,1249025.9683994998,1358209.7505173176,-109183.78211781778,643549.6308114624,699901.1679760292,-56351.537164566806,0.09932068268572741,24.835510179400444
43,indoors,scene_00020,indoors/scene_00020/scan_00187,val/indoors/scene_00020/scan_00187/00020_00187_indoors_220_030.png,630,630,840,786429,78643,1101001.0,1249025.9683994998,1196141.3652377652,52884.60316173453,643549.6308114624,535134.9607094193,108414.67010204308,0.09741099350138872,38.59806712716818
43,indoors,scene_00020,indoors/scene_00020/scan_00187,val/indoors/scene_00020/scan_00187/00020_00187_indoors_220_030.png,686,686,910,786429,78643,1101001.0,1249025.9683994998,1259980.2949597412,-10954.326560241403,643549.6308114624,629637.3811498067,13912.249661655747,0.0945943950189182,53.38570475578308
43,indoors,scene_00020,indoors/scene_00020/scan_00187,val/indoors/scene_00020/scan_00187/00020_00187_indoors_220_030.png,742,742,994,786429,78643,1101001.0,1249025.9683994998,1339784.338273243,-90758.36987374327,643549.6308114624,660467.881558121,-16918.250746658538,0.09502295351661208,50.44723954051733
43,indoors,scene_00020,indoors/scene_00020/scan_00187,val/indoors/scene_00020/scan_00187/00020_00187_indoors_220_030.png,798,798,1064,786429,78643,1101001.0,1249025.9683994998,1213282.8421725447,35743.12622695509,643549.6308114624,601358.8581259528,42190.77268550964,0.09290867314063236,76.00232120603323
43,indoors,scene_00020,indoors/scene_00020/scan_00187,val/indoors/scene_00020/scan_00187/00020_00187_indoors_220_030.png,854,854,1134,786429,78643,1101001.0,1249025.9683994998,1369553.416645304,-120527.44824580429,643549.6308114624,693306.5822387629,-49756.95142730046,0.09161676112838785,83.25506746768951
43,indoors,scene_00020,indoors/scene_00020/scan_00187,val/indoors/scene_00020/scan_00187/00020_00187_indoors_220_030.png,910,910,1218,786429,78643,1101001.0,1249025.9683994998,1226597.4462499935,22428.522149506258,643549.6308114624,629345.894457313,14203.736354149412,0.09015476343431697,94.65658478438854
43,indoors,scene_00020,indoors/scene_00020/scan_00187,val/indoors/scene_00020/scan_00187/00020_00187_indoors_220_030.png,966,966,1288,786429,78643,1101001.0,1249025.9683994998,1297342.2740426776,-48316.305643177824,643549.6308114624,614729.930951187,28819.699860275374,0.09088671310351593,116.99359398335218
43,indoors,scene_00020,indoors/scene_00020/scan_00187,val/indoors/scene_00020/scan_00187/00020_00187_indoors_220_030.png,1022,1022,1358,786429,78643,1101001.0,1249025.9683994998,1052604.364495224,196421.6039042757,643549.6308114624,507552.4369030088,135997.19390845363,0.08798064227856872,147.18166925013065
44,indoors,scene_00020,indoors/scene_00020/scan_00187,val/indoors/scene_00020/scan_00187/00020_00187_indoors_230_000.png,518,518,686,784758,78475,1098658.0,535108.1868300906,535108.1868300906,0.0,363306.8141699146,363306.8141699146,0.0,0.10989509414027235,22.95256033539772
44,indoors,scene_00020,indoors/scene_00020/scan_00187,val/indoors/scene_00020/scan_00187/00020_00187_indoors_230_000.png,574,574,770,784758,78475,1098658.0,535108.1868300906,601783.6940804668,-66675.50725037616,363306.8141699146,413639.0149362732,-50332.20076635864,0.11178237396632375,35.66473815590143
44,indoors,scene_00020,indoors/scene_00020/scan_00187,val/indoors/scene_00020/scan_00187/00020_00187_indoors_230_000.png,630,630,840,784758,78475,1098658.0,535108.1868300906,625021.7723863078,-89913.58555621724,363306.8141699146,426746.72673127905,-63439.91256136447,0.11038756107995268,38.75225130468607
44,indoors,scene_00020,indoors/scene_00020/scan_00187,val/indoors/scene_00020/scan_00187/00020_00187_indoors_230_000.png,686,686,910,784758,78475,1098658.0,535108.1868300906,722875.3026663146,-187767.11583622405,363306.8141699146,502754.62522050645,-139447.81105059187,0.11338615654328697,46.611396595835686
44,indoors,scene_00020,indoors/scene_00020/scan_00187,val/indoors/scene_00020/scan_00187/00020_00187_indoors_230_000.png,742,742,994,784758,78475,1098658.0,535108.1868300906,690576.0427550967,-155467.8559250061,363306.8141699146,483378.2175807904,-120071.40341087582,0.11225373840188782,50.69928802549839
44,indoors,scene_00020,indoors/scene_00020/scan_00187,val/indoors/scene_00020/scan_00187/00020_00187_indoors_230_000.png,798,798,1064,784758,78475,1098658.0,535108.1868300906,611909.5656830544,-76801.3788529638,363306.8141699146,419816.9747846604,-56510.16061474581,0.11488086589516391,64.98083844780922
44,indoors,scene_00020,indoors/scene_00020/scan_00187,val/indoors/scene_00020/scan_00187/00020_00187_indoors_230_000.png,854,854,1134,784758,78475,1098658.0,535108.1868300906,654505.0216686551,-119396.83483856451,363306.8141699146,454018.68301284645,-90711.86884293187,0.11168814508161816,83.47443770617247
44,indoors,scene_00020,indoors/scene_00020/scan_00187,val/indoors/scene_00020/scan_00187/00020_00187_indoors_230_000.png,910,910,1218,784758,78475,1098658.0,535108.1868300906,644530.7111536403,-109422.5243235497,363306.8141699146,445881.7545099673,-82574.94034005271,0.11475808528075047,105.37660401314497
44,indoors,scene_00020,indoors/scene_00020/scan_00187,val/indoors/scene_00020/scan_00187/00020_00187_indoors_230_000.png,966,966,1288,784758,78475,1098658.0,535108.1868300906,654779.0209075406,-119670.83407744998,363306.8141699146,455139.121907054,-91832.3077371394,0.11511306813399488,115.14026299118996
44,indoors,scene_00020,indoors/scene_00020/scan_00187,val/indoors/scene_00020/scan_00187/00020_00187_indoors_230_000.png,1022,1022,1358,784758,78475,1098658.0,535108.1868300906,583380.8910328243,-48272.7042027337,363306.8141699146,400671.8750949224,-37365.0609250078,0.1158872943406687,146.5949984267354
45,indoors,scene_00020,indoors/scene_00020/scan_00187,val/indoors/scene_00020/scan_00187/00020_00187_indoors_240_010.png,518,518,686,784310,78430,1098030.0,289017.5283532424,289017.5283532424,0.0,186564.96348401875,186564.96348401875,0.0,0.13438331905197437,41.420635767281055
45,indoors,scene_00020,indoors/scene_00020/scan_00187,val/indoors/scene_00020/scan_00187/00020_00187_indoors_240_010.png,574,574,770,784310,78430,1098030.0,289017.5283532424,277772.86624256615,11244.662110676232,186564.96348401875,177688.11257427925,8876.8509097395,0.13167433470468717,24.887461215257645
45,indoors,scene_00020,indoors/scene_00020/scan_00187,val/indoors/scene_00020/scan_00187/00020_00187_indoors_240_010.png,630,630,840,784310,78430,1098030.0,289017.5283532424,256120.64430854656,32896.88404469582,186564.96348401875,162610.1682735015,23954.795210517244,0.12503585022837074,38.61251100897789
45,indoors,scene_00020,indoors/scene_00020/scan_00187,val/indoors/scene_00020/scan_00187/00020_00187_indoors_240_010.png,686,686,910,784310,78430,1098030.0,289017.5283532424,300972.65757701313,-11955.129223770753,186564.96348401875,195397.09814901382,-8832.134664995072,0.12730914832891396,45.022702775895596
45,indoors,scene_00020,indoors/scene_00020/scan_00187,val/indoors/scene_00020/scan_00187/00020_00187_indoors_240_010.png,742,742,994,784310,78430,1098030.0,289017.5283532424,293666.7586409021,-4649.230287659739,186564.96348401875,190296.06212158484,-3731.098637566087,0.1254351865269858,50.426761619746685
45,indoors,scene_00020,indoors/scene_00020/scan_00187,val/indoors/scene_00020/scan_00187/00020_00187_indoors_240_010.png,798,798,1064,784310,78430,1098030.0,289017.5283532424,304461.4191294279,-15443.890776185493,186564.96348401875,204534.09807402856,-17969.13459000981,0.1247006779065951,64.08975273370743
45,indoors,scene_00020,indoors/scene_00020/scan_00187,val/indoors/scene_00020/scan_00187/00020_00187_indoors_240_010.png,854,854,1134,784310,78430,1098030.0,289017.5283532424,305301.7057900501,-16284.177436807717,186564.96348401875,196966.3415792125,-10401.378095193737,0.12297201832302997,195.0463792309165
45,indoors,scene_00020,indoors/scene_00020/scan_00187,val/indoors/scene_00020/scan_00187/00020_00187_indoors_240_010.png,910,910,1218,784310,78430,1098030.0,289017.5283532424,310403.9640837854,-21386.435730543046,186564.96348401875,202443.5659616341,-15878.60247761535,0.12416483044791408,220.45254986733198
45,indoors,scene_00020,indoors/scene_00020/scan_00187,val/indoors/scene_00020/scan_00187/00020_00187_indoors_240_010.png,966,966,1288,784310,78430,1098030.0,289017.5283532424,292717.85221780394,-3700.323864561564,186564.96348401875,194265.53996131537,-7700.576477296621,0.12372430384945152,221.48579731583595
45,indoors,scene_00020,indoors/scene_00020/scan_00187,val/indoors/scene_00020/scan_00187/00020_00187_indoors_240_010.png,1022,1022,1358,784310,78430,1098030.0,289017.5283532424,372129.4507902146,-83111.9224369722,186564.96348401875,251298.6548602421,-64733.691376223345,0.12692622088223998,194.74472478032112
46,indoors,scene_00020,indoors/scene_00020/scan_00187,val/indoors/scene_00020/scan_00187/00020_00187_indoors_250_000.png,518,518,686,728871,72887,1020419.0,229661.5195472822,229661.5195472822,0.0,143631.0905340768,143631.0905340768,0.0,0.16971764511610826,26.300901547074318
46,indoors,scene_00020,indoors/scene_00020/scan_00187,val/indoors/scene_00020/scan_00187/00020_00187_indoors_250_000.png,574,574,770,728871,72887,1020419.0,229661.5195472822,245695.80341374897,-16034.28386646678,143631.0905340768,157966.99693952833,-14335.906405451533,0.17173382106421722,29.454483650624752
46,indoors,scene_00020,indoors/scene_00020/scan_00187,val/indoors/scene_00020/scan_00187/00020_00187_indoors_250_000.png,630,630,840,728871,72887,1020419.0,229661.5195472822,245103.05617652956,-15441.536629247363,143631.0905340768,158212.8990372595,-14581.808503182721,0.17397668321359255,45.80434691160917
46,indoors,scene_00020,indoors/scene_00020/scan_00187,val/indoors/scene_00020/scan_00187/00020_00187_indoors_250_000.png,686,686,910,728871,72887,1020419.0,229661.5195472822,277791.6705621854,-48130.15101490321,143631.0905340768,182694.47250634688,-39063.38197227009,0.16646040723347436,53.43740340322256
46,indoors,scene_00020,indoors/scene_00020/scan_00187,val/indoors/scene_00020/scan_00187/00020_00187_indoors_250_000.png,742,742,994,728871,72887,1020419.0,229661.5195472822,259615.03274755142,-29953.513200269226,143631.0905340768,167404.50146218302,-23773.410928106226,0.16825134995100555,56.2713323161006
46,indoors,scene_00020,indoors/scene_00020/scan_00187,val/indoors/scene_00020/scan_00187/00020_00187_indoors_250_000.png,798,798,1064,728871,72887,1020419.0,229661.5195472822,289297.99031862535,-59636.470771343156,143631.0905340768,192611.34139376262,-48980.250859685824,0.1617883651770366,69.82231698930264
46,indoors,scene_00020,indoors/scene_00020/scan_00187,val/indoors/scene_00020/scan_00187/00020_00187_indoors_250_000.png,854,854,1134,728871,72887,1020419.0,229661.5195472822,311930.64506181335,-82269.12551453116,143631.0905340768,205374.33992122742,-61743.24938715063,0.1597289869958903,95.91400250792503
46,indoors,scene_00020,indoors/scene_00020/scan_00187,val/indoors/scene_00020/scan_00187/00020_00187_indoors_250_000.png,910,910,1218,728871,72887,1020419.0,229661.5195472822,319723.6640104134,-90062.1444631312,143631.0905340768,211934.23422996298,-68303.14369588619,0.15729018315261636,144.45390179753304
46,indoors,scene_00020,indoors/scene_00020/scan_00187,val/indoors/scene_00020/scan_00187/00020_00187_indoors_250_000.png,966,966,1288,728871,72887,1020419.0,229661.5195472822,314947.1571373522,-85285.63759007002,143631.0905340768,206123.00690276435,-62491.916368687554,0.16604605739705777,135.21841634064913
46,indoors,scene_00020,indoors/scene_00020/scan_00187,val/indoors/scene_00020/scan_00187/00020_00187_indoors_250_000.png,1022,1022,1358,728871,72887,1020419.0,229661.5195472822,304314.435471543,-74652.9159242608,143631.0905340768,198007.6568650673,-54376.56633099052,0.16579049450856836,173.97200502455235
47,indoors,scene_00020,indoors/scene_00020/scan_00187,val/indoors/scene_00020/scan_00187/00020_00187_indoors_270_000.png,518,518,686,774455,77443,1084227.0,297177.03417633404,297177.03417633404,0.0,188587.6518202239,188587.6518202239,0.0,0.13951062501167705,38.34831900894642
47,indoors,scene_00020,indoors/scene_00020/scan_00187,val/indoors/scene_00020/scan_00187/00020_00187_indoors_270_000.png,574,574,770,774455,77443,1084227.0,297177.03417633404,309494.5591449599,-12317.524968625861,188587.6518202239,199693.38608410477,-11105.734263880877,0.1440966169764747,29.46433052420616
47,indoors,scene_00020,indoors/scene_00020/scan_00187,val/indoors/scene_00020/scan_00187/00020_00187_indoors_270_000.png,630,630,840,774455,77443,1084227.0,297177.03417633404,312331.1608744612,-15154.126698127133,188587.6518202239,194138.53923292254,-5550.887412698648,0.139016230575016,49.66905154287815
47,indoors,scene_00020,indoors/scene_00020/scan_00187,val/indoors/scene_00020/scan_00187/00020_00187_indoors_270_000.png,686,686,910,774455,77443,1084227.0,297177.03417633404,307781.1289771316,-10604.094800797582,188587.6518202239,197794.82156466428,-9207.169744440384,0.13790417152906395,55.309112183749676
47,indoors,scene_00020,indoors/scene_00020/scan_00187,val/indoors/scene_00020/scan_00187/00020_00187_indoors_270_000.png,742,742,994,774455,77443,1084227.0,297177.03417633404,302131.0835533141,-4954.049376980052,188587.6518202239,187361.07044429693,1226.5813759269658,0.13382612212552664,60.42870692908764
47,indoors,scene_00020,indoors/scene_00020/scan_00187,val/indoors/scene_00020/scan_00187/00020_00187_indoors_270_000.png,798,798,1064,774455,77443,1084227.0,297177.03417633404,328833.4104464989,-31656.376270164852,188587.6518202239,209039.63244862622,-20451.98062840232,0.1357418600318948,74.77251347154379
47,indoors,scene_00020,indoors/scene_00020/scan_00187,val/indoors/scene_00020/scan_00187/00020_00187_indoors_270_000.png,854,854,1134,774455,77443,1084227.0,297177.03417633404,318634.3366988504,-21457.302522516344,188587.6518202239,201262.64962814195,-12674.997807918058,0.13200462573577854,105.39614036679268
47,indoors,scene_00020,indoors/scene_00020/scan_00187,val/indoors/scene_00020/scan_00187/00020_00187_indoors_270_000.png,910,910,1218,774455,77443,1084227.0,297177.03417633404,316192.8903342929,-19015.856157958857,188587.6518202239,195500.17081330164,-6912.5189930777415,0.12901359001554888,108.96040499210358
47,indoors,scene_00020,indoors/scene_00020/scan_00187,val/indoors/scene_00020/scan_00187/00020_00187_indoors_270_000.png,966,966,1288,774455,77443,1084227.0,297177.03417633404,327524.49352538376,-30347.45934904972,188587.6518202239,205835.87920478097,-17248.227384557074,0.13002087030147433,138.59105203300714
47,indoors,scene_00020,indoors/scene_00020/scan_00187,val/indoors/scene_00020/scan_00187/00020_00187_indoors_270_000.png,1022,1022,1358,774455,77443,1084227.0,297177.03417633404,319552.9689503555,-22375.934774021443,188587.6518202239,203678.17940422788,-15090.527584003983,0.12967922361155915,193.61355155706406
48,indoors,scene_00020,indoors/scene_00020/scan_00187,val/indoors/scene_00020/scan_00187/00020_00187_indoors_270_020.png,518,518,686,785149,78516,1099213.0,315005.44815053814,315005.44815053814,0.0,215850.64102124047,215850.64102124047,0.0,0.1669709170526362,52.18273866921663
48,indoors,scene_00020,indoors/scene_00020/scan_00187,val/indoors/scene_00020/scan_00187/00020_00187_indoors_270_020.png,574,574,770,785149,78516,1099213.0,315005.44815053814,273912.846707407,41092.60144313116,215850.64102124047,185381.5091842605,30469.13183697997,0.15479258605462692,29.303294606506824
48,indoors,scene_00020,indoors/scene_00020/scan_00187,val/indoors/scene_00020/scan_00187/00020_00187_indoors_270_020.png,630,630,840,785149,78516,1099213.0,315005.44815053814,338415.3771966023,-23409.92904606415,215850.64102124047,232331.65705263085,-16481.016031390376,0.16331032336469828,45.847165398299694
48,indoors,scene_00020,indoors/scene_00020/scan_00187,val/indoors/scene_00020/scan_00187/00020_00187_indoors_270_020.png,686,686,910,785149,78516,1099213.0,315005.44815053814,283403.0114040622,31602.436746475927,215850.64102124047,193340.0106622372,22510.630359003262,0.1570837057189771,83.92354846000671
48,indoors,scene_00020,indoors/scene_00020/scan_00187,val/indoors/scene_00020/scan_00187/00020_00187_indoors_270_020.png,742,742,994,785149,78516,1099213.0,315005.44815053814,337170.2628347394,-22164.814684201265,215850.64102124047,231142.08014518485,-15291.43912394438,0.15786030471399032,69.20440960675478
48,indoors,scene_00020,indoors/scene_00020/scan_00187,val/indoors/scene_00020/scan_00187/00020_00187_indoors_270_020.png,798,798,1064,785149,78516,1099213.0,315005.44815053814,303584.96852850664,11420.479622031504,215850.64102124047,209605.0051516753,6245.635869565187,0.15374985960890905,117.13056080043316
48,indoors,scene_00020,indoors/scene_00020/scan_00187,val/indoors/scene_00020/scan_00187/00020_00187_indoors_270_020.png,854,854,1134,785149,78516,1099213.0,315005.44815053814,330996.2790677464,-15990.83091720828,215850.64102124047,225921.6556814224,-10071.014660181914,0.15005036665718205,107.45672043412924
48,indoors,scene_00020,indoors/scene_00020/scan_00187,val/indoors/scene_00020/scan_00187/00020_00187_indoors_270_020.png,910,910,1218,785149,78516,1099213.0,315005.44815053814,319287.3184551178,-4281.870304579672,215850.64102124047,217978.66371422043,-2128.0226929799537,0.14579485168673015,130.0918608903885
48,indoors,scene_00020,indoors/scene_00020/scan_00187,val/indoors/scene_00020/scan_00187/00020_00187_indoors_270_020.png,966,966,1288,785149,78516,1099213.0,315005.44815053814,328257.53568454634,-13252.087534008198,215850.64102124047,227551.3811368095,-11700.740115569031,0.14913085407367374,142.4104068428278
48,indoors,scene_00020,indoors/scene_00020/scan_00187,val/indoors/scene_00020/scan_00187/00020_00187_indoors_270_020.png,1022,1022,1358,785149,78516,1099213.0,315005.44815053814,353404.60851451644,-38399.1603639783,215850.64102124047,247222.88912538486,-31372.248104144383,0.14621824833600494,188.17969784140587
49,indoors,scene_00020,indoors/scene_00020/scan_00187,val/indoors/scene_00020/scan_00187/00020_00187_indoors_280_030.png,518,518,686,786277,78629,1100793.0,501967.9069922465,501967.9069922465,0.0,334784.8144846248,334784.8144846248,0.0,0.12837514708580955,27.114267461001873
49,indoors,scene_00020,indoors/scene_00020/scan_00187,val/indoors/scene_00020/scan_00187/00020_00187_indoors_280_030.png,574,574,770,786277,78629,1100793.0,501967.9069922465,482000.3425428206,19967.564449425903,334784.8144846248,323952.5541967114,10832.260287913377,0.12824526772366213,29.486441053450108
49,indoors,scene_00020,indoors/scene_00020/scan_00187,val/indoors/scene_00020/scan_00187/00020_00187_indoors_280_030.png,630,630,840,786277,78629,1100793.0,501967.9069922465,512162.0781675164,-10194.171175269876,334784.8144846248,342047.98270791647,-7263.168223291694,0.12587052077303582,46.355122700333595
49,indoors,scene_00020,indoors/scene_00020/scan_00187,val/indoors/scene_00020/scan_00187/00020_00187_indoors_280_030.png,686,686,910,786277,78629,1100793.0,501967.9069922465,510782.11339607893,-8814.206403832417,334784.8144846248,346676.3921158842,-11891.577631259453,0.12565619058081728,93.4195015579462
49,indoors,scene_00020,indoors/scene_00020/scan_00187,val/indoors/scene_00020/scan_00187/00020_00187_indoors_280_030.png,742,742,994,786277,78629,1100793.0,501967.9069922465,533609.174063246,-31641.267070999485,334784.8144846248,362360.5717989989,-27575.757314374147,0.12496570714606799,59.67900808900595
49,indoors,scene_00020,indoors/scene_00020/scan_00187,val/indoors/scene_00020/scan_00187/00020_00187_indoors_280_030.png,798,798,1064,786277,78629,1100793.0,501967.9069922465,511126.9334144427,-9159.026422196184,334784.8144846248,352269.06482038635,-17484.25033576158,0.12345730188886188,77.30871997773647
49,indoors,scene_00020,indoors/scene_00020/scan_00187,val/indoors/scene_00020/scan_00187/00020_00187_indoors_280_030.png,854,854,1134,786277,78629,1100793.0,501967.9069922465,508074.6663984546,-6106.759406208061,334784.8144846248,356612.6899444142,-21827.875459789415,0.12455698284216546,111.4843375980854
49,indoors,scene_00020,indoors/scene_00020/scan_00187,val/indoors/scene_00020/scan_00187/00020_00187_indoors_280_030.png,910,910,1218,786277,78629,1100793.0,501967.9069922465,508212.23992282635,-6244.33293057984,334784.8144846248,361316.68673939875,-26531.872254773974,0.12433001855686282,134.7203627228737
49,indoors,scene_00020,indoors/scene_00020/scan_00187,val/indoors/scene_00020/scan_00187/00020_00187_indoors_280_030.png,966,966,1288,786277,78629,1100793.0,501967.9069922465,483819.17095283675,18148.736039409763,334784.8144846248,346460.30318952666,-11675.488704901887,0.12159954025410862,130.43674547225237
49,indoors,scene_00020,indoors/scene_00020/scan_00187,val/indoors/scene_00020/scan_00187/00020_00187_indoors_280_030.png,1022,1022,1358,786277,78629,1100793.0,501967.9069922465,518197.2218767364,-16229.314884489868,334784.8144846248,371427.6382342457,-36642.82374962093,0.12330207131644874,169.99727115035057
50,indoors,scene_00021,indoors/scene_00021/scan_00188,val/indoors/scene_00021/scan_00188/00021_00188_indoors_090_000.png,518,518,686,785564,78558,1099796.0,982260.1200344411,982260.1200344411,0.0,443311.28854711214,443311.28854711214,0.0,0.17980697801236653,55.847615003585815
50,indoors,scene_00021,indoors/scene_00021/scan_00188,val/indoors/scene_00021/scan_00188/00021_00188_indoors_090_000.png,574,574,770,785564,78558,1099796.0,982260.1200344411,987422.4611020838,-5162.341067642672,443311.28854711214,431991.416100267,11319.87244684517,0.17894363032638333,62.87800706923008
50,indoors,scene_00021,indoors/scene_00021/scan_00188,val/indoors/scene_00021/scan_00188/00021_00188_indoors_090_000.png,630,630,840,785564,78558,1099796.0,982260.1200344411,995487.1691977272,-13227.049163286109,443311.28854711214,434133.49360235466,9177.79494475748,0.17928386494461448,49.897328950464725
50,indoors,scene_00021,indoors/scene_00021/scan_00188,val/indoors/scene_00021/scan_00188/00021_00188_indoors_090_000.png,686,686,910,785564,78558,1099796.0,982260.1200344411,973098.3006572712,9161.819377169944,443311.28854711214,431749.5919063252,11561.696640786948,0.17349910320278633,49.22548122704029
50,indoors,scene_00021,indoors/scene_00021/scan_00188,val/indoors/scene_00021/scan_00188/00021_00188_indoors_090_000.png,742,742,994,785564,78558,1099796.0,982260.1200344411,1021383.8889345189,-39123.76890007779,443311.28854711214,445125.36845645483,-1814.0799093426904,0.17524893109796236,57.575080543756485
50,indoors,scene_00021,indoors/scene_00021/scan_00188,val/indoors/scene_00021/scan_00188/00021_00188_indoors_090_000.png,798,798,1064,785564,78558,1099796.0,982260.1200344411,994056.7963605586,-11796.676326117478,443311.28854711214,429563.7921300288,13747.496417083312,0.17079381087637868,77.71798130124807
50,indoors,scene_00021,indoors/scene_00021/scan_00188,val/indoors/scene_00021/scan_00188/00021_00188_indoors_090_000.png,854,854,1134,785564,78558,1099796.0,982260.1200344411,1016234.2397437891,-33974.11970934796,443311.28854711214,447640.82903595234,-4329.540488840197,0.16859241908043082,110.92056334018707
50,indoors,scene_00021,indoors/scene_00021/scan_00188,val/indoors/scene_00021/scan_00188/00021_00188_indoors_090_000.png,910,910,1218,785564,78558,1099796.0,982260.1200344411,1073342.626344466,-91082.506310025,443311.28854711214,486326.1995446856,-43014.91099757346,0.16817481092788333,111.32973339408636
50,indoors,scene_00021,indoors/scene_00021/scan_00188,val/indoors/scene_00021/scan_00188/00021_00188_indoors_090_000.png,966,966,1288,785564,78558,1099796.0,982260.1200344411,1049110.7396635092,-66850.61962906807,443311.28854711214,467413.2039916454,-24101.915444533282,0.1687996163650049,138.52515071630478
50,indoors,scene_00021,indoors/scene_00021/scan_00188,val/indoors/scene_00021/scan_00188/00021_00188_indoors_090_000.png,1022,1022,1358,785564,78558,1099796.0,982260.1200344411,1096481.7853531055,-114221.6653186644,443311.28854711214,502329.74315508374,-59018.454607971595,0.16123886365236179,173.56570437550545
51,indoors,scene_00021,indoors/scene_00021/scan_00188,val/indoors/scene_00021/scan_00188/00021_00188_indoors_100_010.png,518,518,686,784450,78445,1098230.0,795778.4195440973,795778.4195440973,0.0,401717.06617221545,401717.06617221545,0.0,0.16843846975723642,27.08633989095688
51,indoors,scene_00021,indoors/scene_00021/scan_00188,val/indoors/scene_00021/scan_00188/00021_00188_indoors_100_010.png,574,574,770,784450,78445,1098230.0,795778.4195440973,853866.6788447537,-58088.259300656384,401717.06617221545,412127.78292047506,-10410.716748259612,0.16486455093215358,28.71282957494259
51,indoors,scene_00021,indoors/scene_00021/scan_00188,val/indoors/scene_00021/scan_00188/00021_00188_indoors_100_010.png,630,630,840,784450,78445,1098230.0,795778.4195440973,949330.2544549321,-153551.8349108348,401717.06617221545,483339.88765913347,-81622.82148691802,0.17762643047662433,45.75382173061371
51,indoors,scene_00021,indoors/scene_00021/scan_00188,val/indoors/scene_00021/scan_00188/00021_00188_indoors_100_010.png,686,686,910,784450,78445,1098230.0,795778.4195440973,1001221.6365651197,-205443.21702102246,401717.06617221545,521232.294281277,-119515.22810906154,0.17400908359260978,53.24050039052963
51,indoors,scene_00021,indoors/scene_00021/scan_00188,val/indoors/scene_00021/scan_00188/00021_00188_indoors_100_010.png,742,742,994,784450,78445,1098230.0,795778.4195440973,827150.261909367,-31371.842365269782,401717.06617221545,381122.67816831154,20594.388003903907,0.16682606402300448,102.53223590552807
51,indoors,scene_00021,indoors/scene_00021/scan_00188,val/indoors/scene_00021/scan_00188/00021_00188_indoors_100_010.png,798,798,1064,784450,78445,1098230.0,795778.4195440973,915275.4044328389,-119496.98488874163,401717.06617221545,442140.8910815958,-40423.824909380346,0.1824846317398171,62.93331924825907
51,indoors,scene_00021,indoors/scene_00021/scan_00188,val/indoors/scene_00021/scan_00188/00021_00188_indoors_100_010.png,854,854,1134,784450,78445,1098230.0,795778.4195440973,907374.1995829629,-111595.78003886563,401717.06617221545,441270.4406023601,-39553.37443014467,0.1780889020596913,87.36924175173044
51,indoors,scene_00021,indoors/scene_00021/scan_00188,val/indoors/scene_00021/scan_00188/00021_00188_indoors_100_010.png,910,910,1218,784450,78445,1098230.0,795778.4195440973,871198.413285,-75419.99374090275,401717.06617221545,407792.87862892955,-6075.812456714106,0.16750335144687845,95.0715048238635
51,indoors,scene_00021,indoors/scene_00021/scan_00188,val/indoors/scene_00021/scan_00188/00021_00188_indoors_100_010.png,966,966,1288,784450,78445,1098230.0,795778.4195440973,835002.7033900046,-39224.28384590731,401717.06617221545,383192.03236453247,18525.03380768298,0.17621558492548742,118.78915503621101
51,indoors,scene_00021,indoors/scene_00021/scan_00188,val/indoors/scene_00021/scan_00188/00021_00188_indoors_100_010.png,1022,1022,1358,784450,78445,1098230.0,795778.4195440973,829765.2830687772,-33986.86352467991,401717.06617221545,382111.3163425995,19605.749829615932,0.17716799467352903,147.33347482979298
52,indoors,scene_00021,indoors/scene_00021/scan_00188,val/indoors/scene_00021/scan_00188/00021_00188_indoors_110_000.png,518,518,686,785209,78521,1099293.0,939374.0436092353,939374.0436092353,0.0,438978.08000823203,438978.08000823203,0.0,0.14040410373701057,22.917592898011208
52,indoors,scene_00021,indoors/scene_00021/scan_00188,val/indoors/scene_00021/scan_00188/00021_00188_indoors_110_000.png,574,574,770,785209,78521,1099293.0,939374.0436092353,903194.9559238396,36179.08768539573,438978.08000823203,431553.5903413453,7424.489666886744,0.14025301591843164,24.874580092728138
52,indoors,scene_00021,indoors/scene_00021/scan_00188,val/indoors/scene_00021/scan_00188/00021_00188_indoors_110_000.png,630,630,840,785209,78521,1099293.0,939374.0436092353,928056.741297537,11317.302311698324,438978.08000823203,444781.9318754189,-5803.851867186837,0.13811634771310832,38.42281363904476
52,indoors,scene_00021,indoors/scene_00021/scan_00188,val/indoors/scene_00021/scan_00188/00021_00188_indoors_110_000.png,686,686,910,785209,78521,1099293.0,939374.0436092353,932739.6214710088,6634.422138226568,438978.08000823203,449892.8144084678,-10914.734400235757,0.13810893897773519,44.77680288255215
52,indoors,scene_00021,indoors/scene_00021/scan_00188,val/indoors/scene_00021/scan_00188/00021_00188_indoors_110_000.png,742,742,994,785209,78521,1099293.0,939374.0436092353,914050.133273886,25323.91033534927,438978.08000823203,437931.6919920735,1046.3880161585403,0.1345163860985635,50.16907770186663
52,indoors,scene_00021,indoors/scene_00021/scan_00188,val/indoors/scene_00021/scan_00188/00021_00188_indoors_110_000.png,798,798,1064,785209,78521,1099293.0,939374.0436092353,952331.7555131903,-12957.711903954973,438978.08000823203,462413.76763990335,-23435.687631671317,0.14323341769635412,62.70096264779568
52,indoors,scene_00021,indoors/scene_00021/scan_00188,val/indoors/scene_00021/scan_00188/00021_00188_indoors_110_000.png,854,854,1134,785209,78521,1099293.0,939374.0436092353,986666.974625597,-47292.93101636169,438978.08000823203,491463.7982620434,-52485.718253811356,0.14492754000127325,83.77967961132526
52,indoors,scene_00021,indoors/scene_00021/scan_00188,val/indoors/scene_00021/scan_00188/00021_00188_indoors_110_000.png,910,910,1218,785209,78521,1099293.0,939374.0436092353,967307.8548464675,-27933.811237232178,438978.08000823203,482954.57472743903,-43976.494719206996,0.1452317331637486,95.23364063352346
52,indoors,scene_00021,indoors/scene_00021/scan_00188,val/indoors/scene_00021/scan_00188/00021_00188_indoors_110_000.png,966,966,1288,785209,78521,1099293.0,939374.0436092353,980886.6514876969,-41512.6078784616,438978.08000823203,480138.9244133568,-41160.84440512478,0.14836620802532063,115.00976420938969
52,indoors,scene_00021,indoors/scene_00021/scan_00188,val/indoors/scene_00021/scan_00188/00021_00188_indoors_110_000.png,1022,1022,1358,785209,78521,1099293.0,939374.0436092353,983904.1590487782,-44530.11543954292,438978.08000823203,485599.7302760702,-46621.65026783815,0.15139668240826362,153.00050284713507
53,indoors,scene_00021,indoors/scene_00021/scan_00188,val/indoors/scene_00021/scan_00188/00021_00188_indoors_120_010.png,518,518,686,784916,78491,1098880.0,675847.3472308874,675847.3472308874,0.0,341998.4718778123,341998.4718778123,0.0,0.14350936718305307,43.02999842911959
53,indoors,scene_00021,indoors/scene_00021/scan_00188,val/indoors/scene_00021/scan_00188/00021_00188_indoors_120_010.png,574,574,770,784916,78491,1098880.0,675847.3472308874,1106023.7421978663,-430176.3949669789,341998.4718778123,639473.1172259322,-297474.6453481199,0.14813426813887534,42.47367475181818
53,indoors,scene_00021,indoors/scene_00021/scan_00188,val/indoors/scene_00021/scan_00188/00021_00188_indoors_120_010.png,630,630,840,784916,78491,1098880.0,675847.3472308874,656538.1646200251,19309.182610862306,341998.4718778123,319869.48101847095,22128.990859341342,0.15880584371964918,47.13514819741249
53,indoors,scene_00021,indoors/scene_00021/scan_00188,val/indoors/scene_00021/scan_00188/00021_00188_indoors_120_010.png,686,686,910,784916,78491,1098880.0,675847.3472308874,1141893.945758692,-466046.5985278046,341998.4718778123,656495.2475965051,-314496.7757186928,0.1393406539071906,44.83494907617569
53,indoors,scene_00021,indoors/scene_00021/scan_00188,val/indoors/scene_00021/scan_00188/00021_00188_indoors_120_010.png,742,742,994,784916,78491,1098880.0,675847.3472308874,795164.6272523564,-119317.28002146899,341998.4718778123,368024.5957355392,-26026.123857726925,0.13880957100479965,50.373886711895466
53,indoors,scene_00021,indoors/scene_00021/scan_00188,val/indoors/scene_00021/scan_00188/00021_00188_indoors_120_010.png,798,798,1064,784916,78491,1098880.0,675847.3472308874,807910.0229640075,-132062.67573312006,341998.4718778123,372817.8437885855,-30819.371910773218,0.14005659953161917,63.032801263034344
53,indoors,scene_00021,indoors/scene_00021/scan_00188,val/indoors/scene_00021/scan_00188/00021_00188_indoors_120_010.png,854,854,1134,784916,78491,1098880.0,675847.3472308874,722611.2325028642,-46763.88527197682,341998.4718778123,336153.4975005099,5844.974377302395,0.14718464190253638,83.21135584264994
53,indoors,scene_00021,indoors/scene_00021/scan_00188,val/indoors/scene_00021/scan_00188/00021_00188_indoors_120_010.png,910,910,1218,784916,78491,1098880.0,675847.3472308874,1084934.8823305985,-409087.53509971115,341998.4718778123,610528.4734417968,-268530.00156398455,0.15406797867036603,94.89800874143839
53,indoors,scene_00021,indoors/scene_00021/scan_00188,val/indoors/scene_00021/scan_00188/00021_00188_indoors_120_010.png,966,966,1288,784916,78491,1098880.0,675847.3472308874,813713.7588038497,-137866.4115729623,341998.4718778123,364497.91958015633,-22499.44770234404,0.15788296035778726,115.27180951088667
53,indoors,scene_00021,indoors/scene_00021/scan_00188,val/indoors/scene_00021/scan_00188/00021_00188_indoors_120_010.png,1022,1022,1358,784916,78491,1098880.0,675847.3472308874,820297.7893562663,-144450.44212537888,341998.4718778123,380576.8424587907,-38578.3705809784,0.15262388226243234,147.13620487600565
54,indoors,scene_00021,indoors/scene_00021/scan_00188,val/indoors/scene_00021/scan_00188/00021_00188_indoors_120_030.png,518,518,686,783103,78307,1096331.0,403477.95456870145,403477.95456870145,0.0,256328.30310030066,256328.30310030066,0.0,0.1913115341984145,23.005246184766293
54,indoors,scene_00021,indoors/scene_00021/scan_00188,val/indoors/scene_00021/scan_00188/00021_00188_indoors_120_030.png,574,574,770,783103,78307,1096331.0,403477.95456870145,1648665.7113535777,-1245187.7567848763,256328.30310030066,871804.4599330883,-615476.1568327877,0.16331799948860073,28.626478277146816
54,indoors,scene_00021,indoors/scene_00021/scan_00188,val/indoors/scene_00021/scan_00188/00021_00188_indoors_120_030.png,630,630,840,783103,78307,1096331.0,403477.95456870145,1743874.483092949,-1340396.5285242475,256328.30310030066,1229174.1495887209,-972845.8464884202,0.17250482587857097,40.0704238563776
54,indoors,scene_00021,indoors/scene_00021/scan_00188,val/indoors/scene_00021/scan_00188/00021_00188_indoors_120_030.png,686,686,910,783103,78307,1096331.0,403477.95456870145,2990891.818594369,-2587413.864025668,256328.30310030066,2135535.395298849,-1879207.0921985481,0.1648123583489878,45.044117607176304
54,indoors,scene_00021,indoors/scene_00021/scan_00188,val/indoors/scene_00021/scan_00188/00021_00188_indoors_120_030.png,742,742,994,783103,78307,1096331.0,403477.95456870145,1865968.6345163526,-1462490.679947651,256328.30310030066,1036078.4773667083,-779750.1742664077,0.15509239009302747,50.23886822164059
54,indoors,scene_00021,indoors/scene_00021/scan_00188,val/indoors/scene_00021/scan_00188/00021_00188_indoors_120_030.png,798,798,1064,783103,78307,1096331.0,403477.95456870145,1687712.5971623156,-1284234.6425936143,256328.30310030066,878748.6842255048,-622420.381125204,0.1576602690297771,62.833971343934536
54,indoors,scene_00021,indoors/scene_00021/scan_00188,val/indoors/scene_00021/scan_00188/00021_00188_indoors_120_030.png,854,854,1134,783103,78307,1096331.0,403477.95456870145,2590993.642958495,-2187515.6883897935,256328.30310030066,1770545.7002491802,-1514217.3971488795,0.167217970591473,83.53182021528482
54,indoors,scene_00021,indoors/scene_00021/scan_00188,val/indoors/scene_00021/scan_00188/00021_00188_indoors_120_030.png,910,910,1218,783103,78307,1096331.0,403477.95456870145,3797718.074475324,-3394240.1199066225,256328.30310030066,2568247.396953017,-2311919.0938527165,0.15694137310627707,115.00768829137087
54,indoors,scene_00021,indoors/scene_00021/scan_00188,val/indoors/scene_00021/scan_00188/00021_00188_indoors_120_030.png,966,966,1288,783103,78307,1096331.0,403477.95456870145,3420561.4757239353,-3017083.521155234,256328.30310030066,2447640.134691472,-2191311.8315911717,0.15599150622839814,117.72841028869152
54,indoors,scene_00021,indoors/scene_00021/scan_00188,val/indoors/scene_00021/scan_00188/00021_00188_indoors_120_030.png,1022,1022,1358,783103,78307,1096331.0,403477.95456870145,3016672.598866328,-2613194.644297627,256328.30310030066,2011295.5766336662,-1754967.2735333655,0.15116885737919417,157.117142342031
55,indoors,scene_00021,indoors/scene_00021/scan_00188,val/indoors/scene_00021/scan_00188/00021_00188_indoors_130_020.png,518,518,686,785950,78595,1100330.0,741974.4696225293,741974.4696225293,0.0,411557.1519877821,411557.1519877821,0.0,0.11531192615261647,22.820886224508286
55,indoors,scene_00021,indoors/scene_00021/scan_00188,val/indoors/scene_00021/scan_00188/00021_00188_indoors_130_020.png,574,574,770,785950,78595,1100330.0,741974.4696225293,770394.0524112214,-28419.58278869209,411557.1519877821,462897.81334194855,-51340.661354166456,0.11293894736472546,25.215966627001762
55,indoors,scene_00021,indoors/scene_00021/scan_00188,val/indoors/scene_00021/scan_00188/00021_00188_indoors_130_020.png,630,630,840,785950,78595,1100330.0,741974.4696225293,722048.1062561615,19926.363366367877,411557.1519877821,453068.4520024974,-41511.30001471529,0.11581638088905258,41.26611351966858
55,indoors,scene_00021,indoors/scene_00021/scan_00188,val/indoors/scene_00021/scan_00188/00021_00188_indoors_130_020.png,686,686,910,785950,78595,1100330.0,741974.4696225293,1045503.6582001334,-303529.188577604,411557.1519877821,607884.7444309706,-196327.59244318854,0.11298217870211696,81.73788245767355
55,indoors,scene_00021,indoors/scene_00021/scan_00188,val/indoors/scene_00021/scan_00188/00021_00188_indoors_130_020.png,742,742,994,785950,78595,1100330.0,741974.4696225293,1037764.3423143316,-295789.8726918022,411557.1519877821,589188.3668516496,-177631.2148638675,0.11462091470648955,117.4136083573103
55,indoors,scene_00021,indoors/scene_00021/scan_00188,val/indoors/scene_00021/scan_00188/00021_00188_indoors_130_020.png,798,798,1064,785950,78595,1100330.0,741974.4696225293,632965.3531708341,109009.11645169521,411557.1519877821,394479.719514439,17077.4324733431,0.11988804803318961,146.79311774671078
55,indoors,scene_00021,indoors/scene_00021/scan_00188,val/indoors/scene_00021/scan_00188/00021_00188_indoors_130_020.png,854,854,1134,785950,78595,1100330.0,741974.4696225293,885157.1076890321,-143182.63806650275,411557.1519877821,509269.1414920094,-97711.9895042273,0.11698901288474305,191.08204636722803
55,indoors,scene_00021,indoors/scene_00021/scan_00188,val/indoors/scene_00021/scan_00188/00021_00188_indoors_130_020.png,910,910,1218,785950,78595,1100330.0,741974.4696225293,1081921.0005058197,-339946.53088329034,411557.1519877821,627178.725121473,-215621.57313369086,0.11809735827508833,116.31675809621811
55,indoors,scene_00021,indoors/scene_00021/scan_00188,val/indoors/scene_00021/scan_00188/00021_00188_indoors_130_020.png,966,966,1288,785950,78595,1100330.0,741974.4696225293,942270.0595664055,-200295.58994387614,411557.1519877821,592541.588472517,-180984.43648473488,0.1196189078145053,135.60253009200096
55,indoors,scene_00021,indoors/scene_00021/scan_00188,val/indoors/scene_00021/scan_00188/00021_00188_indoors_130_020.png,1022,1022,1358,785950,78595,1100330.0,741974.4696225293,1181852.8195267427,-439878.34990421333,411557.1519877821,704411.3816273873,-292854.22963960515,0.11744181571128019,173.35482314229012
56,indoors,scene_00021,indoors/scene_00021/scan_00188,val/indoors/scene_00021/scan_00188/00021_00188_indoors_150_000.png,518,518,686,786242,78625,1100742.0,601257.2698518732,601257.2698518732,0.0,375011.90507553925,375011.90507553925,0.0,0.20848924481980682,39.945660158991814
56,indoors,scene_00021,indoors/scene_00021/scan_00188,val/indoors/scene_00021/scan_00188/00021_00188_indoors_150_000.png,574,574,770,786242,78625,1100742.0,601257.2698518732,649928.0740884072,-48670.80423653405,375011.90507553925,393129.2908286974,-18117.38575315813,0.19398648160553758,31.02699015289545
56,indoors,scene_00021,indoors/scene_00021/scan_00188,val/indoors/scene_00021/scan_00188/00021_00188_indoors_150_000.png,630,630,840,786242,78625,1100742.0,601257.2698518732,735954.3899536412,-134697.12010176806,375011.90507553925,432528.4995453459,-57516.594469806645,0.1926636077937593,45.92650569975376
56,indoors,scene_00021,indoors/scene_00021/scan_00188,val/indoors/scene_00021/scan_00188/00021_00188_indoors_150_000.png,686,686,910,786242,78625,1100742.0,601257.2698518732,683183.3275799432,-81926.05772807007,375011.90507553925,405971.1696040203,-30959.264528481057,0.18353197360766477,53.05434763431549
56,indoors,scene_00021,indoors/scene_00021/scan_00188,val/indoors/scene_00021/scan_00188/00021_00188_indoors_150_000.png,742,742,994,786242,78625,1100742.0,601257.2698518732,747549.5972844614,-146292.3274325882,375011.90507553925,427530.22903277294,-52518.32395723369,0.18004724965381597,59.86021179705858
56,indoors,scene_00021,indoors/scene_00021/scan_00188,val/indoors/scene_00021/scan_00188/00021_00188_indoors_150_000.png,798,798,1064,786242,78625,1100742.0,601257.2698518732,708722.5806014808,-107465.31074960763,375011.90507553925,404416.67699067126,-29404.771915132005,0.1812188914825098,74.86020680516958
56,indoors,scene_00021,indoors/scene_00021/scan_00188,val/indoors/scene_00021/scan_00188/00021_00188_indoors_150_000.png,854,854,1134,786242,78625,1100742.0,601257.2698518732,781400.82070535,-180143.55085347686,375011.90507553925,445588.7616794988,-70576.85660395958,0.1770058275032462,123.76208323985338
56,indoors,scene_00021,indoors/scene_00021/scan_00188,val/indoors/scene_00021/scan_00188/00021_00188_indoors_150_000.png,910,910,1218,786242,78625,1100742.0,601257.2698518732,796492.5941766433,-195235.32432477013,375011.90507553925,435944.71407317906,-60932.808997639804,0.1661394113342908,110.19525676965714
56,indoors,scene_00021,indoors/scene_00021/scan_00188,val/indoors/scene_00021/scan_00188/00021_00188_indoors_150_000.png,966,966,1288,786242,78625,1100742.0,601257.2698518732,792887.5402019948,-191630.27035012166,375011.90507553925,437228.8561562823,-62216.95108074305,0.16784490963365528,141.64832793176174
56,indoors,scene_00021,indoors/scene_00021/scan_00188,val/indoors/scene_00021/scan_00188/00021_00188_indoors_150_000.png,1022,1022,1358,786242,78625,1100742.0,601257.2698518732,728588.3376018074,-127331.06774993427,375011.90507553925,396051.8895365501,-21039.98446101084,0.15327725983634677,173.69469068944454
57,indoors,scene_00021,indoors/scene_00021/scan_00188,val/indoors/scene_00021/scan_00188/00021_00188_indoors_210_030.png,518,518,686,786420,78643,1100992.0,436474.2323477267,436474.2323477267,0.0,259843.66966627334,259843.66966627334,0.0,0.3832281025827383,39.16253801435232
57,indoors,scene_00021,indoors/scene_00021/scan_00188,val/indoors/scene_00021/scan_00188/00021_00188_indoors_210_030.png,574,574,770,786420,78643,1100992.0,436474.2323477267,420784.20835839625,15690.023989330453,259843.66966627334,255317.68083876898,4525.988827504363,0.32845115458561847,29.210392385721207
57,indoors,scene_00021,indoors/scene_00021/scan_00188,val/indoors/scene_00021/scan_00188/00021_00188_indoors_210_030.png,630,630,840,786420,78643,1100992.0,436474.2323477267,434462.47344132327,2011.75890640344,259843.66966627334,265203.11594458186,-5359.446278308518,0.32441627344754387,46.16405442357063
57,indoors,scene_00021,indoors/scene_00021/scan_00188,val/indoors/scene_00021/scan_00188/00021_00188_indoors_210_030.png,686,686,910,786420,78643,1100992.0,436474.2323477267,444484.87576940714,-8010.643421680434,259843.66966627334,271544.20595599245,-11700.536289719108,0.32394151372314656,58.16322565078735
57,indoors,scene_00021,indoors/scene_00021/scan_00188,val/indoors/scene_00021/scan_00188/00021_00188_indoors_210_030.png,742,742,994,786420,78643,1100992.0,436474.2323477267,421861.44971501204,14612.782632714661,259843.66966627334,256745.07987685376,3098.5897894195805,0.3061037525624314,59.71109587699175
57,indoors,scene_00021,indoors/scene_00021/scan_00188,val/indoors/scene_00021/scan_00188/00021_00188_indoors_210_030.png,798,798,1064,786420,78643,1100992.0,436474.2323477267,440765.35986444587,-4291.127516719163,259843.66966627334,264122.85368107347,-4279.184014800121,0.33871845371899983,84.23356059938669
57,indoors,scene_00021,indoors/scene_00021/scan_00188,val/indoors/scene_00021/scan_00188/00021_00188_indoors_210_030.png,854,854,1134,786420,78643,1100992.0,436474.2323477267,433455.8814254529,3018.350922273821,259843.66966627334,261938.1198677515,-2094.4502014781465,0.3248386457889278,94.04529724270105
57,indoors,scene_00021,indoors/scene_00021/scan_00188,val/indoors/scene_00021/scan_00188/00021_00188_indoors_210_030.png,910,910,1218,786420,78643,1100992.0,436474.2323477267,417330.03043824947,19144.20190947724,259843.66966627334,258169.35106212948,1674.3186041438603,0.30194048349906344,104.769435711205
57,indoors,scene_00021,indoors/scene_00021/scan_00188,val/indoors/scene_00021/scan_00188/00021_00188_indoors_210_030.png,966,966,1288,786420,78643,1100992.0,436474.2323477267,396803.4085491143,39670.8237986124,259843.66966627334,240390.87861433157,19452.79105194178,0.2895581150577197,131.47064670920372
57,indoors,scene_00021,indoors/scene_00021/scan_00188,val/indoors/scene_00021/scan_00188/00021_00188_indoors_210_030.png,1022,1022,1358,786420,78643,1100992.0,436474.2323477267,395620.3536631204,40853.87868460629,259843.66966627334,249163.3395453049,10680.330120968458,0.26244054258996885,169.77494210004807
58,indoors,scene_00021,indoors/scene_00021/scan_00188,val/indoors/scene_00021/scan_00188/00021_00188_indoors_230_020.png,518,518,686,785986,78599,1100382.0,349800.50344114343,349800.50344114343,0.0,236301.1963882827,236301.1963882827,0.0,0.18890313196825342,69.25042439252138
58,indoors,scene_00021,indoors/scene_00021/scan_00188,val/indoors/scene_00021/scan_00188/00021_00188_indoors_230_020.png,574,574,770,785986,78599,1100382.0,349800.50344114343,327057.31205007486,22743.19139106857,236301.1963882827,221522.67282663402,14778.523561648675,0.16730179577568494,51.1592086404562
58,indoors,scene_00021,indoors/scene_00021/scan_00188,val/indoors/scene_00021/scan_00188/00021_00188_indoors_230_020.png,630,630,840,785986,78599,1100382.0,349800.50344114343,320139.6972338138,29660.806207329617,236301.1963882827,218034.97176240064,18266.224625882052,0.16642343031332718,44.76568195968866
58,indoors,scene_00021,indoors/scene_00021/scan_00188,val/indoors/scene_00021/scan_00188/00021_00188_indoors_230_020.png,686,686,910,785986,78599,1100382.0,349800.50344114343,342629.06698935316,7171.436451790272,236301.1963882827,232658.0351884425,3643.161199840193,0.16612794819018148,51.77957843989134
58,indoors,scene_00021,indoors/scene_00021/scan_00188,val/indoors/scene_00021/scan_00188/00021_00188_indoors_230_020.png,742,742,994,785986,78599,1100382.0,349800.50344114343,340182.36466032924,9618.138780814188,236301.1963882827,233264.2510669491,3036.9453213335946,0.16598234391080263,55.4016437381506
58,indoors,scene_00021,indoors/scene_00021/scan_00188,val/indoors/scene_00021/scan_00188/00021_00188_indoors_230_020.png,798,798,1064,785986,78599,1100382.0,349800.50344114343,304553.56943070726,45246.934010436176,236301.1963882827,207248.0982330032,29053.0981552795,0.15930828250624304,74.01246391236782
58,indoors,scene_00021,indoors/scene_00021/scan_00188,val/indoors/scene_00021/scan_00188/00021_00188_indoors_230_020.png,854,854,1134,785986,78599,1100382.0,349800.50344114343,310189.03387047036,39611.46957067307,236301.1963882827,211684.41523943952,24616.781148843176,0.15970548018221986,96.47694230079651
58,indoors,scene_00021,indoors/scene_00021/scan_00188,val/indoors/scene_00021/scan_00188/00021_00188_indoors_230_020.png,910,910,1218,785986,78599,1100382.0,349800.50344114343,337613.2755050935,12187.227936049923,236301.1963882827,232585.49423197913,3715.702156303567,0.16541588595168957,149.205575697124
58,indoors,scene_00021,indoors/scene_00021/scan_00188,val/indoors/scene_00021/scan_00188/00021_00188_indoors_230_020.png,966,966,1288,785986,78599,1100382.0,349800.50344114343,299954.7094216973,49845.794019446126,236301.1963882827,205486.98259403784,30814.21379424486,0.15353955949950454,149.49264470487833
58,indoors,scene_00021,indoors/scene_00021/scan_00188,val/indoors/scene_00021/scan_00188/00021_00188_indoors_230_020.png,1022,1022,1358,785986,78599,1100382.0,349800.50344114343,301946.2838310295,47854.21961011394,236301.1963882827,202869.11420301365,33432.08218526904,0.14950082380136057,165.18755350261927
59,indoors,scene_00021,indoors/scene_00021/scan_00188,val/indoors/scene_00021/scan_00188/00021_00188_indoors_240_040.png,518,518,686,786427,78644,1101003.0,466517.6649835682,466517.6649835682,0.0,285241.9192450725,285241.9192450725,0.0,0.12868699918674711,38.31503260880709
59,indoors,scene_00021,indoors/scene_00021/scan_00188,val/indoors/scene_00021/scan_00188/00021_00188_indoors_240_040.png,574,574,770,786427,78644,1101003.0,466517.6649835682,504926.6051708687,-38408.9401873005,285241.9192450725,309669.65460585395,-24427.73536078143,0.1247949820628935,28.54684740304947
59,indoors,scene_00021,indoors/scene_00021/scan_00188,val/indoors/scene_00021/scan_00188/00021_00188_indoors_240_040.png,630,630,840,786427,78644,1101003.0,466517.6649835682,539777.911995822,-73260.24701225379,285241.9192450725,333659.67513746826,-48417.75589239574,0.12209443287462159,42.21324156969786
59,indoors,scene_00021,indoors/scene_00021/scan_00188,val/indoors/scene_00021/scan_00188/00021_00188_indoors_240_040.png,686,686,910,786427,78644,1101003.0,466517.6649835682,516712.02989276,-50194.36490919179,285241.9192450725,312536.6246644144,-27294.70541934186,0.12035459413773057,53.20447497069836
59,indoors,scene_00021,indoors/scene_00021/scan_00188,val/indoors/scene_00021/scan_00188/00021_00188_indoors_240_040.png,742,742,994,786427,78644,1101003.0,466517.6649835682,544794.1104004725,-78276.44541690435,285241.9192450725,330601.1091442555,-45359.189899182995,0.12001020461493314,59.77106653153896
59,indoors,scene_00021,indoors/scene_00021/scan_00188,val/indoors/scene_00021/scan_00188/00021_00188_indoors_240_040.png,798,798,1064,786427,78644,1101003.0,466517.6649835682,547586.6650006387,-81069.0000170705,285241.9192450725,331388.16629186715,-46146.247046794626,0.11975828485738269,111.78405489772558
59,indoors,scene_00021,indoors/scene_00021/scan_00188,val/indoors/scene_00021/scan_00188/00021_00188_indoors_240_040.png,854,854,1134,786427,78644,1101003.0,466517.6649835682,532890.9050750078,-66373.24009143963,285241.9192450725,321481.4353653442,-36239.5161202717,0.11912304483631969,93.0525166913867
59,indoors,scene_00021,indoors/scene_00021/scan_00188,val/indoors/scene_00021/scan_00188/00021_00188_indoors_240_040.png,910,910,1218,786427,78644,1101003.0,466517.6649835682,558494.3899281964,-91976.72494462825,285241.9192450725,335267.8820109635,-50025.96276589099,0.11731653209955771,111.28744389861822
59,indoors,scene_00021,indoors/scene_00021/scan_00188,val/indoors/scene_00021/scan_00188/00021_00188_indoors_240_040.png,966,966,1288,786427,78644,1101003.0,466517.6649835682,549124.0873275017,-82606.42234393355,285241.9192450725,331359.1124268782,-46117.19318180566,0.11765418104884147,133.50711949169636
59,indoors,scene_00021,indoors/scene_00021/scan_00188,val/indoors/scene_00021/scan_00188/00021_00188_indoors_240_040.png,1022,1022,1358,786427,78644,1101003.0,466517.6649835682,566808.742333338,-100291.07734976982,285241.9192450725,337995.91289255,-52753.99364747747,0.11706746627060244,182.2553165256977
60,indoors,scene_00021,indoors/scene_00021/scan_00189,val/indoors/scene_00021/scan_00189/00021_00189_indoors_000_040.png,518,518,686,786244,78626,1100748.0,2557974.973550242,2557974.973550242,0.0,698689.6930721718,698689.6930721718,0.0,0.19392160442009027,32.11912699043751
60,indoors,scene_00021,indoors/scene_00021/scan_00189,val/indoors/scene_00021/scan_00189/00021_00189_indoors_000_040.png,574,574,770,786244,78626,1100748.0,2557974.973550242,2112470.9621747383,445504.0113755036,698689.6930721718,597558.015022915,101131.67804925679,0.18772302473680472,49.728695303201675
60,indoors,scene_00021,indoors/scene_00021/scan_00189,val/indoors/scene_00021/scan_00189/00021_00189_indoors_000_040.png,630,630,840,786244,78626,1100748.0,2557974.973550242,2634707.002842773,-76732.02929253131,698689.6930721718,719157.5108594254,-20467.817787253647,0.18668362237404568,45.766874216496944
60,indoors,scene_00021,indoors/scene_00021/scan_00189,val/indoors/scene_00021/scan_00189/00021_00189_indoors_000_040.png,686,686,910,786244,78626,1100748.0,2557974.973550242,2739310.6577323284,-181335.6841820865,698689.6930721718,734767.3450558408,-36077.65198366903,0.19493515710644577,101.71658545732498
60,indoors,scene_00021,indoors/scene_00021/scan_00189,val/indoors/scene_00021/scan_00189/00021_00189_indoors_000_040.png,742,742,994,786244,78626,1100748.0,2557974.973550242,2764336.742709252,-206361.76915901015,698689.6930721718,746198.2016855018,-47508.50861333008,0.1928954260410807,55.20188994705677
60,indoors,scene_00021,indoors/scene_00021/scan_00189,val/indoors/scene_00021/scan_00189/00021_00189_indoors_000_040.png,798,798,1064,786244,78626,1100748.0,2557974.973550242,2243798.6172608803,314176.3562893616,698689.6930721718,636295.0463023107,62394.64676986111,0.1964185871404771,75.08107367902994
60,indoors,scene_00021,indoors/scene_00021/scan_00189,val/indoors/scene_00021/scan_00189/00021_00189_indoors_000_040.png,854,854,1134,786244,78626,1100748.0,2557974.973550242,3004010.0746492245,-446035.1010989826,698689.6930721718,795495.7618557905,-96806.06878361874,0.18490310701489926,98.87045435607433
60,indoors,scene_00021,indoors/scene_00021/scan_00189,val/indoors/scene_00021/scan_00189/00021_00189_indoors_000_040.png,910,910,1218,786244,78626,1100748.0,2557974.973550242,2704508.0497451173,-146533.0761948754,698689.6930721718,738870.2032022229,-40180.510130051174,0.2007186165745623,112.97190003097057
60,indoors,scene_00021,indoors/scene_00021/scan_00189,val/indoors/scene_00021/scan_00189/00021_00189_indoors_000_040.png,966,966,1288,786244,78626,1100748.0,2557974.973550242,2101345.2735317424,456629.7000184995,698689.6930721718,620877.8518180068,77811.84125416493,0.19897572851211262,172.10211139172316
60,indoors,scene_00021,indoors/scene_00021/scan_00189,val/indoors/scene_00021/scan_00189/00021_00189_indoors_000_040.png,1022,1022,1358,786244,78626,1100748.0,2557974.973550242,1288258.0368515847,1269716.9366986572,698689.6930721718,430851.25473348703,267838.43833868473,0.20380944616540794,147.2784411162138
61,indoors,scene_00021,indoors/scene_00021/scan_00189,val/indoors/scene_00021/scan_00189/00021_00189_indoors_010_030.png,518,518,686,785793,78581,1100117.0,2298673.77338729,2298673.77338729,0.0,970879.2330386601,970879.2330386601,0.0,0.1649738569127367,22.828947752714157
61,indoors,scene_00021,indoors/scene_00021/scan_00189,val/indoors/scene_00021/scan_00189/00021_00189_indoors_010_030.png,574,574,770,785793,78581,1100117.0,2298673.77338729,457419.2327577883,1841254.5406295017,970879.2330386601,206565.2715109518,764313.9615277083,0.17077347416678146,24.88765027374029
61,indoors,scene_00021,indoors/scene_00021/scan_00189,val/indoors/scene_00021/scan_00189/00021_00189_indoors_010_030.png,630,630,840,785793,78581,1100117.0,2298673.77338729,1791196.5973668655,507477.1760204246,970879.2330386601,822580.0282039065,148299.20483475365,0.14800736368407844,44.453796930611134
61,indoors,scene_00021,indoors/scene_00021/scan_00189,val/indoors/scene_00021/scan_00189/00021_00189_indoors_010_030.png,686,686,910,785793,78581,1100117.0,2298673.77338729,2211659.523842096,87014.24954519421,970879.2330386601,811572.5710631415,159306.66197551868,0.15344676988368866,51.876445300877094
61,indoors,scene_00021,indoors/scene_00021/scan_00189,val/indoors/scene_00021/scan_00189/00021_00189_indoors_010_030.png,742,742,994,785793,78581,1100117.0,2298673.77338729,3069154.37638246,-770480.6029951698,970879.2330386601,1122419.0007088922,-151539.7676702321,0.15046941627382046,58.20713099092245
61,indoors,scene_00021,indoors/scene_00021/scan_00189,val/indoors/scene_00021/scan_00189/00021_00189_indoors_010_030.png,798,798,1064,785793,78581,1100117.0,2298673.77338729,2274519.2197998213,24154.553587468807,970879.2330386601,953863.8077901697,17015.425248490414,0.15473567302809013,62.73981370031834
61,indoors,scene_00021,indoors/scene_00021/scan_00189,val/indoors/scene_00021/scan_00189/00021_00189_indoors_010_030.png,854,854,1134,785793,78581,1100117.0,2298673.77338729,2269524.7959124716,29148.977474818472,970879.2330386601,762319.3746261932,208559.85841246694,0.1544148925327041,85.14549117535353
61,indoors,scene_00021,indoors/scene_00021/scan_00189,val/indoors/scene_00021/scan_00189/00021_00189_indoors_010_030.png,910,910,1218,785793,78581,1100117.0,2298673.77338729,2965534.1396047794,-666860.3662174894,970879.2330386601,1000656.8889186227,-29777.655879962607,0.15974742228094638,97.81226888298988
61,indoors,scene_00021,indoors/scene_00021/scan_00189,val/indoors/scene_00021/scan_00189/00021_00189_indoors_010_030.png,966,966,1288,785793,78581,1100117.0,2298673.77338729,2892040.93233942,-593367.15895213,970879.2330386601,1079186.6848313645,-108307.4517927044,0.15373091913935394,118.37044917047024
61,indoors,scene_00021,indoors/scene_00021/scan_00189,val/indoors/scene_00021/scan_00189/00021_00189_indoors_010_030.png,1022,1022,1358,785793,78581,1100117.0,2298673.77338729,3280527.2672428526,-981853.4938555625,970879.2330386601,1211130.969076167,-240251.73603750695,0.1480057877874192,153.11556309461594
62,indoors,scene_00021,indoors/scene_00021/scan_00189,val/indoors/scene_00021/scan_00189/00021_00189_indoors_160_020.png,518,518,686,786375,78639,1100931.0,447741.6223055321,447741.6223055321,0.0,274045.2415480331,274045.2415480331,0.0,0.15209696261852476,24.56056699156761
62,indoors,scene_00021,indoors/scene_00021/scan_00189,val/indoors/scene_00021/scan_00189/00021_00189_indoors_160_020.png,574,574,770,786375,78639,1100931.0,447741.6223055321,458267.00163029373,-10525.379324761627,274045.2415480331,279492.04402288276,-5446.802474849683,0.1443387053720982,27.888653799891472
62,indoors,scene_00021,indoors/scene_00021/scan_00189,val/indoors/scene_00021/scan_00189/00021_00189_indoors_160_020.png,630,630,840,786375,78639,1100931.0,447741.6223055321,423687.5647437996,24054.05756173248,274045.2415480331,263270.9727280499,10774.268819983175,0.14326506506835243,38.60989771783352
62,indoors,scene_00021,indoors/scene_00021/scan_00189,val/indoors/scene_00021/scan_00189/00021_00189_indoors_160_020.png,686,686,910,786375,78639,1100931.0,447741.6223055321,473741.6701102542,-26000.047804722097,274045.2415480331,283886.71360815025,-9841.472060117172,0.13896347544457938,44.84387394040823
62,indoors,scene_00021,indoors/scene_00021/scan_00189,val/indoors/scene_00021/scan_00189/00021_00189_indoors_160_020.png,742,742,994,786375,78639,1100931.0,447741.6223055321,459411.7039421413,-11670.081636609219,274045.2415480331,274331.609101493,-286.36755345994607,0.13542943679801728,58.5495475679636
62,indoors,scene_00021,indoors/scene_00021/scan_00189,val/indoors/scene_00021/scan_00189/00021_00189_indoors_160_020.png,798,798,1064,786375,78639,1100931.0,447741.6223055321,444574.2331546841,3167.38915084803,274045.2415480331,270673.7990320153,3371.4425160177634,0.1368187453020545,62.95494455844164
62,indoors,scene_00021,indoors/scene_00021/scan_00189,val/indoors/scene_00021/scan_00189/00021_00189_indoors_160_020.png,854,854,1134,786375,78639,1100931.0,447741.6223055321,481954.01227603527,-34212.389970503165,274045.2415480331,283738.9676121386,-9693.726064105518,0.1324473623657719,83.1280006095767
62,indoors,scene_00021,indoors/scene_00021/scan_00189,val/indoors/scene_00021/scan_00189/00021_00189_indoors_160_020.png,910,910,1218,786375,78639,1100931.0,447741.6223055321,501162.4382277765,-53420.815922244394,274045.2415480331,296625.53130737756,-22580.28975934448,0.13334798202108816,104.31475192308426
62,indoors,scene_00021,indoors/scene_00021/scan_00189,val/indoors/scene_00021/scan_00189/00021_00189_indoors_160_020.png,966,966,1288,786375,78639,1100931.0,447741.6223055321,470830.3619625394,-23088.739657007274,274045.2415480331,287222.244499127,-13177.002951093891,0.1336277124901468,118.28958336263895
62,indoors,scene_00021,indoors/scene_00021/scan_00189,val/indoors/scene_00021/scan_00189/00021_00189_indoors_160_020.png,1022,1022,1358,786375,78639,1100931.0,447741.6223055321,495707.932613979,-47966.310308446875,274045.2415480331,292290.76256769,-18245.52101965691,0.1321954759435895,147.21560012549162
63,indoors,scene_00021,indoors/scene_00021/scan_00189,val/indoors/scene_00021/scan_00189/00021_00189_indoors_210_000.png,518,518,686,785542,78554,1099758.0,496881.2418892988,496881.2418892988,0.0,393492.7272613086,393492.7272613086,0.0,0.24161237817357514,22.912566550076008
63,indoors,scene_00021,indoors/scene_00021/scan_00189,val/indoors/scene_00021/scan_00189/00021_00189_indoors_210_000.png,574,574,770,785542,78554,1099758.0,496881.2418892988,550931.2421828632,-54050.0002935644,393492.7272613086,439146.13108809735,-45653.403826788766,0.2641041176114383,24.871353060007095
63,indoors,scene_00021,indoors/scene_00021/scan_00189,val/indoors/scene_00021/scan_00189/00021_00189_indoors_210_000.png,630,630,840,785542,78554,1099758.0,496881.2418892988,482685.0964561048,14196.145433194004,393492.7272613086,361128.28801583254,32364.43924547604,0.20890937918635882,38.39774243533611
63,indoors,scene_00021,indoors/scene_00021/scan_00189,val/indoors/scene_00021/scan_00189/00021_00189_indoors_210_000.png,686,686,910,785542,78554,1099758.0,496881.2418892988,467892.0499384967,28989.19195080205,393492.7272613086,364796.37966948317,28696.34759182541,0.2726826896098911,44.845894910395145
63,indoors,scene_00021,indoors/scene_00021/scan_00189,val/indoors/scene_00021/scan_00189/00021_00189_indoors_210_000.png,742,742,994,785542,78554,1099758.0,496881.2418892988,611604.5926683077,-114723.35077900894,393492.7272613086,494885.64316027047,-101392.91589896189,0.2531132920627829,50.407227128744125
63,indoors,scene_00021,indoors/scene_00021/scan_00189,val/indoors/scene_00021/scan_00189/00021_00189_indoors_210_000.png,798,798,1064,785542,78554,1099758.0,496881.2418892988,526988.664180802,-30107.42229150317,393492.7272613086,403187.50293368584,-9694.775672377262,0.24236300589853949,62.79411632567644
63,indoors,scene_00021,indoors/scene_00021/scan_00189,val/indoors/scene_00021/scan_00189/00021_00189_indoors_210_000.png,854,854,1134,785542,78554,1099758.0,496881.2418892988,483469.52205129917,13411.719837999612,393492.7272613086,375888.39362474455,17604.333636564028,0.26107824597345064,83.30428507179022
63,indoors,scene_00021,indoors/scene_00021/scan_00189,val/indoors/scene_00021/scan_00189/00021_00189_indoors_210_000.png,910,910,1218,785542,78554,1099758.0,496881.2418892988,485031.5875499543,11849.654339344474,393492.7272613086,377265.2670769638,16227.460184344789,0.26455138053423555,109.92574784904718
63,indoors,scene_00021,indoors/scene_00021/scan_00189,val/indoors/scene_00021/scan_00189/00021_00189_indoors_210_000.png,966,966,1288,785542,78554,1099758.0,496881.2418892988,528011.1111713416,-31129.86928204284,393492.7272613086,399103.24972377694,-5610.5224624683615,0.2489955341503583,133.08308273553848
63,indoors,scene_00021,indoors/scene_00021/scan_00189,val/indoors/scene_00021/scan_00189/00021_00189_indoors_210_000.png,1022,1022,1358,785542,78554,1099758.0,496881.2418892988,476250.94569316745,20630.296196131327,393492.7272613086,369623.4600173534,23869.267243955168,0.23435707479130768,146.6882172971964
64,indoors,scene_00021,indoors/scene_00021/scan_00189,val/indoors/scene_00021/scan_00189/00021_00189_indoors_210_020.png,518,518,686,785006,78501,1099010.0,316376.29262550577,316376.29262550577,0.0,192801.76515228237,192801.76515228237,0.0,0.3554794758276799,38.34841679781675
64,indoors,scene_00021,indoors/scene_00021/scan_00189,val/indoors/scene_00021/scan_00189/00021_00189_indoors_210_020.png,574,574,770,785006,78501,1099010.0,316376.29262550577,365285.7300769457,-48909.43745143991,192801.76515228237,220823.35498474172,-28021.589832459344,0.4074426683193548,24.88560974597931
64,indoors,scene_00021,indoors/scene_00021/scan_00189,val/indoors/scene_00021/scan_00189/00021_00189_indoors_210_020.png,630,630,840,785006,78501,1099010.0,316376.29262550577,347403.23669233336,-31026.944066827593,192801.76515228237,214182.15961463324,-21380.394462350872,0.3719047469794808,38.46255876123905
64,indoors,scene_00021,indoors/scene_00021/scan_00189,val/indoors/scene_00021/scan_00189/00021_00189_indoors_210_020.png,686,686,910,785006,78501,1099010.0,316376.29262550577,354458.0872129958,-38081.79458749003,192801.76515228237,214763.71164972184,-21961.946497439465,0.3639890424072277,44.848364777863026
64,indoors,scene_00021,indoors/scene_00021/scan_00189,val/indoors/scene_00021/scan_00189/00021_00189_indoors_210_020.png,742,742,994,785006,78501,1099010.0,316376.29262550577,351356.7373495068,-34980.44472400105,192801.76515228237,219115.9817566317,-26314.21660434932,0.3535566640573149,50.95119867473841
64,indoors,scene_00021,indoors/scene_00021/scan_00189,val/indoors/scene_00021/scan_00189/00021_00189_indoors_210_020.png,798,798,1064,785006,78501,1099010.0,316376.29262550577,333045.75046094984,-16669.457835444075,192801.76515228237,207330.00135432824,-14528.236202045868,0.3352819719976007,68.1743174791336
64,indoors,scene_00021,indoors/scene_00021/scan_00189,val/indoors/scene_00021/scan_00189/00021_00189_indoors_210_020.png,854,854,1134,785006,78501,1099010.0,316376.29262550577,359042.6708890246,-42666.378263518855,192801.76515228237,220766.13682103856,-27964.371668756183,0.34465560087824954,99.86607171595097
64,indoors,scene_00021,indoors/scene_00021/scan_00189,val/indoors/scene_00021/scan_00189/00021_00189_indoors_210_020.png,910,910,1218,785006,78501,1099010.0,316376.29262550577,329566.1451032577,-13189.852477751905,192801.76515228237,197312.63384690686,-4510.868694624485,0.34577248658012805,220.1595911756158
64,indoors,scene_00021,indoors/scene_00021/scan_00189,val/indoors/scene_00021/scan_00189/00021_00189_indoors_210_020.png,966,966,1288,785006,78501,1099010.0,316376.29262550577,331120.107663397,-14743.81503789121,192801.76515228237,198179.38900989713,-5377.623857614759,0.3533360837615285,265.588603913784
64,indoors,scene_00021,indoors/scene_00021/scan_00189,val/indoors/scene_00021/scan_00189/00021_00189_indoors_210_020.png,1022,1022,1358,785006,78501,1099010.0,316376.29262550577,337663.7937799894,-21287.501154483645,192801.76515228237,208839.58329935255,-16037.818147070182,0.30991244814228125,197.85061292350292
65,indoors,scene_00021,indoors/scene_00021/scan_00189,val/indoors/scene_00021/scan_00189/00021_00189_indoors_220_010.png,518,518,686,784948,78496,1098932.0,402862.3801245372,402862.3801245372,0.0,304065.19791578915,304065.19791578915,0.0,0.2398880266907229,31.849589198827744
65,indoors,scene_00021,indoors/scene_00021/scan_00189,val/indoors/scene_00021/scan_00189/00021_00189_indoors_220_010.png,574,574,770,784948,78496,1098932.0,402862.3801245372,381154.8678225333,21707.512302003917,304065.19791578915,281884.11203157384,22181.08588421531,0.22641275660622637,28.8841649889946
65,indoors,scene_00021,indoors/scene_00021/scan_00189,val/indoors/scene_00021/scan_00189/00021_00189_indoors_220_010.png,630,630,840,784948,78496,1098932.0,402862.3801245372,393203.9224300105,9658.457694526704,304065.19791578915,293220.7779688138,10844.419946975366,0.22604758158570726,45.608315616846085
65,indoors,scene_00021,indoors/scene_00021/scan_00189,val/indoors/scene_00021/scan_00189/00021_00189_indoors_220_010.png,686,686,910,784948,78496,1098932.0,402862.3801245372,360451.79055382765,42410.58957070956,304065.19791578915,257290.28254238577,46774.915373403375,0.22292069661365982,93.50342489778996
65,indoors,scene_00021,indoors/scene_00021/scan_00189,val/indoors/scene_00021/scan_00189/00021_00189_indoors_220_010.png,742,742,994,784948,78496,1098932.0,402862.3801245372,370518.4591538679,32343.920970669307,304065.19791578915,265112.38071558165,38952.8172002075,0.21276843617238503,59.027488343417645
65,indoors,scene_00021,indoors/scene_00021/scan_00189,val/indoors/scene_00021/scan_00189/00021_00189_indoors_220_010.png,798,798,1064,784948,78496,1098932.0,402862.3801245372,376189.1010044761,26673.27912006114,304065.19791578915,272602.0646119497,31463.133303839422,0.21558023182982358,78.41884717345238
65,indoors,scene_00021,indoors/scene_00021/scan_00189,val/indoors/scene_00021/scan_00189/00021_00189_indoors_220_010.png,854,854,1134,784948,78496,1098932.0,402862.3801245372,364864.39185026695,37997.98827427026,304065.19791578915,256309.47173005465,47755.7261857345,0.2019462948082876,99.16073828935623
65,indoors,scene_00021,indoors/scene_00021/scan_00189,val/indoors/scene_00021/scan_00189/00021_00189_indoors_220_010.png,910,910,1218,784948,78496,1098932.0,402862.3801245372,359995.1315897955,42867.248534741695,304065.19791578915,249702.9852332321,54362.21268255706,0.19458225324755207,105.25607876479626
65,indoors,scene_00021,indoors/scene_00021/scan_00189,val/indoors/scene_00021/scan_00189/00021_00189_indoors_220_010.png,966,966,1288,784948,78496,1098932.0,402862.3801245372,373241.4847201585,29620.89540437871,304065.19791578915,262090.8051293493,41974.39278643986,0.1952634487230652,134.68583300709724
65,indoors,scene_00021,indoors/scene_00021/scan_00189,val/indoors/scene_00021/scan_00189/00021_00189_indoors_220_010.png,1022,1022,1358,784948,78496,1098932.0,402862.3801245372,383468.1541350307,19394.22598950652,304065.19791578915,264620.239519842,39444.95839594712,0.19380585111596582,167.93539840728045
66,indoors,scene_00021,indoors/scene_00021/scan_00189,val/indoors/scene_00021/scan_00189/00021_00189_indoors_240_030.png,518,518,686,786071,78608,1100503.0,811666.4949265493,811666.4949265493,0.0,494387.74113645486,494387.74113645486,0.0,0.22169388703858572,26.962414383888245
66,indoors,scene_00021,indoors/scene_00021/scan_00189,val/indoors/scene_00021/scan_00189/00021_00189_indoors_240_030.png,574,574,770,786071,78608,1100503.0,811666.4949265493,801653.7348649392,10012.760061610024,494387.74113645486,482970.0830320396,11417.658104415284,0.21451950740293238,27.855300344526768
66,indoors,scene_00021,indoors/scene_00021/scan_00189,val/indoors/scene_00021/scan_00189/00021_00189_indoors_240_030.png,630,630,840,786071,78608,1100503.0,811666.4949265493,773687.1044502534,37979.39047629584,494387.74113645486,486222.4508987176,8165.2902377372375,0.21931498257340615,44.40479911863804
66,indoors,scene_00021,indoors/scene_00021/scan_00189,val/indoors/scene_00021/scan_00189/00021_00189_indoors_240_030.png,686,686,910,786071,78608,1100503.0,811666.4949265493,759853.8004149119,51812.694511637324,494387.74113645486,441149.7578247699,53237.98331168498,0.21628706297277733,51.09444819390774
66,indoors,scene_00021,indoors/scene_00021/scan_00189,val/indoors/scene_00021/scan_00189/00021_00189_indoors_240_030.png,742,742,994,786071,78608,1100503.0,811666.4949265493,708143.9616800911,103522.53324645816,494387.74113645486,397174.39253194636,97213.3486045085,0.21657884779764505,66.34030025452375
66,indoors,scene_00021,indoors/scene_00021/scan_00189,val/indoors/scene_00021/scan_00189/00021_00189_indoors_240_030.png,798,798,1064,786071,78608,1100503.0,811666.4949265493,688486.5344039628,123179.96052258648,494387.74113645486,412525.0024837981,81862.73865265679,0.20421077433965124,77.24477257579565
66,indoors,scene_00021,indoors/scene_00021/scan_00189,val/indoors/scene_00021/scan_00189/00021_00189_indoors_240_030.png,854,854,1134,786071,78608,1100503.0,811666.4949265493,746920.230984934,64746.26394161524,494387.74113645486,417377.73762013996,77010.0035163149,0.21549449859150527,98.87257684022188
66,indoors,scene_00021,indoors/scene_00021/scan_00189,val/indoors/scene_00021/scan_00189/00021_00189_indoors_240_030.png,910,910,1218,786071,78608,1100503.0,811666.4949265493,716368.7011373311,95297.79378921818,494387.74113645486,397947.0656193683,96440.67551708658,0.21032440181769957,143.19148007780313
66,indoors,scene_00021,indoors/scene_00021/scan_00189,val/indoors/scene_00021/scan_00189/00021_00189_indoors_240_030.png,966,966,1288,786071,78608,1100503.0,811666.4949265493,588998.1967744601,222668.29815208912,494387.74113645486,343261.39330223063,151126.34783422423,0.20366005693312414,135.03572717308998
66,indoors,scene_00021,indoors/scene_00021/scan_00189,val/indoors/scene_00021/scan_00189/00021_00189_indoors_240_030.png,1022,1022,1358,786071,78608,1100503.0,811666.4949265493,688298.2721382492,123368.22278830002,494387.74113645486,380206.82877790247,114180.91235855239,0.20182973919537883,163.43635227531195
67,indoors,scene_00021,indoors/scene_00021/scan_00189,val/indoors/scene_00021/scan_00189/00021_00189_indoors_340_000.png,518,518,686,784434,78443,1098206.0,772382.9243008944,772382.9243008944,0.0,544764.7425326298,544764.7425326298,0.0,0.12241315040416668,26.993678882718086
67,indoors,scene_00021,indoors/scene_00021/scan_00189,val/indoors/scene_00021/scan_00189/00021_00189_indoors_340_000.png,574,574,770,784434,78443,1098206.0,772382.9243008944,730357.6949093856,42025.229391508736,544764.7425326298,533361.310972712,11403.43155991775,0.12346815029452174,31.783699989318848
67,indoors,scene_00021,indoors/scene_00021/scan_00189,val/indoors/scene_00021/scan_00189/00021_00189_indoors_340_000.png,630,630,840,784434,78443,1098206.0,772382.9243008944,774055.4671722538,-1672.5428713593865,544764.7425326298,568145.323811009,-23380.58127837919,0.12687387453760238,43.83709467947483
67,indoors,scene_00021,indoors/scene_00021/scan_00189,val/indoors/scene_00021/scan_00189/00021_00189_indoors_340_000.png,686,686,910,784434,78443,1098206.0,772382.9243008944,711206.2236340322,61176.70066686219,544764.7425326298,517268.1038667094,27496.638665920356,0.12539493555520437,51.70880351215601
67,indoors,scene_00021,indoors/scene_00021/scan_00189,val/indoors/scene_00021/scan_00189/00021_00189_indoors_340_000.png,742,742,994,784434,78443,1098206.0,772382.9243008944,686951.6456403332,85431.27866056119,544764.7425326298,484432.00416318653,60332.73836944322,0.1228229252322773,54.85906917601824
67,indoors,scene_00021,indoors/scene_00021/scan_00189,val/indoors/scene_00021/scan_00189/00021_00189_indoors_340_000.png,798,798,1064,784434,78443,1098206.0,772382.9243008944,690467.1633831568,81915.76091773761,544764.7425326298,469942.7177234206,74822.02480920916,0.12587590685178504,78.44291720539331
67,indoors,scene_00021,indoors/scene_00021/scan_00189,val/indoors/scene_00021/scan_00189/00021_00189_indoors_340_000.png,854,854,1134,784434,78443,1098206.0,772382.9243008944,660465.4791313177,111917.44516957668,544764.7425326298,465877.37360115105,78887.3689314787,0.12780584051709737,99.75417796522379
67,indoors,scene_00021,indoors/scene_00021/scan_00189,val/indoors/scene_00021/scan_00189/00021_00189_indoors_340_000.png,910,910,1218,784434,78443,1098206.0,772382.9243008944,687367.1737672102,85015.75053368416,544764.7425326298,473061.1503872392,71703.59214539058,0.12035467726416667,112.23104689270258
67,indoors,scene_00021,indoors/scene_00021/scan_00189,val/indoors/scene_00021/scan_00189/00021_00189_indoors_340_000.png,966,966,1288,784434,78443,1098206.0,772382.9243008944,699973.0114182113,72409.9128826831,544764.7425326298,474663.07125356985,70101.6712790599,0.12668845879216298,128.90266999602318
67,indoors,scene_00021,indoors/scene_00021/scan_00189,val/indoors/scene_00021/scan_00189/00021_00189_indoors_340_000.png,1022,1022,1358,784434,78443,1098206.0,772382.9243008944,744913.134653901,27469.78964699339,544764.7425326298,515295.49361145904,29469.248921170714,0.12414170684539268,175.09116791188717
68,indoors,scene_00021,indoors/scene_00021/scan_00189,val/indoors/scene_00021/scan_00189/00021_00189_indoors_350_010.png,518,518,686,782993,78299,1096189.0,1874584.7527887702,1874584.7527887702,0.0,1048826.1928246329,1048826.1928246329,0.0,0.13743034127401837,26.954113505780697
68,indoors,scene_00021,indoors/scene_00021/scan_00189,val/indoors/scene_00021/scan_00189/00021_00189_indoors_350_010.png,574,574,770,782993,78299,1096189.0,1874584.7527887702,1443943.0857363758,430641.6670523945,1048826.1928246329,795144.6920250474,253681.50079958548,0.1419130764224993,38.905381225049496
68,indoors,scene_00021,indoors/scene_00021/scan_00189,val/indoors/scene_00021/scan_00189/00021_00189_indoors_350_010.png,630,630,840,782993,78299,1096189.0,1874584.7527887702,2507086.5659524095,-632501.8131636393,1048826.1928246329,1523371.9137521859,-474545.720927553,0.148770782431444,44.064258225262165
68,indoors,scene_00021,indoors/scene_00021/scan_00189,val/indoors/scene_00021/scan_00189/00021_00189_indoors_350_010.png,686,686,910,782993,78299,1096189.0,1874584.7527887702,3209066.9177225907,-1334482.1649338205,1048826.1928246329,1879726.3078966239,-830900.115071991,0.13985133520123513,61.651136726140976
68,indoors,scene_00021,indoors/scene_00021/scan_00189,val/indoors/scene_00021/scan_00189/00021_00189_indoors_350_010.png,742,742,994,782993,78299,1096189.0,1874584.7527887702,3139969.964282332,-1265385.2114935617,1048826.1928246329,1760553.018791836,-711726.8259672031,0.1494042444997757,59.70478989183903
68,indoors,scene_00021,indoors/scene_00021/scan_00189,val/indoors/scene_00021/scan_00189/00021_00189_indoors_350_010.png,798,798,1064,782993,78299,1096189.0,1874584.7527887702,3226634.296241663,-1352049.5434528927,1048826.1928246329,1838733.879111134,-789907.6862865011,0.14875714232390902,68.13440565019846
68,indoors,scene_00021,indoors/scene_00021/scan_00189,val/indoors/scene_00021/scan_00189/00021_00189_indoors_350_010.png,854,854,1134,782993,78299,1096189.0,1874584.7527887702,2229475.2349180127,-354890.4821292425,1048826.1928246329,1067183.4262789101,-18357.233454277273,0.154813868941452,86.26372460275888
68,indoors,scene_00021,indoors/scene_00021/scan_00189,val/indoors/scene_00021/scan_00189/00021_00189_indoors_350_010.png,910,910,1218,782993,78299,1096189.0,1874584.7527887702,1580768.4934658788,293816.2593228915,1048826.1928246329,837771.132669936,211055.0601546968,0.15132695033153892,102.1035797894001
68,indoors,scene_00021,indoors/scene_00021/scan_00189,val/indoors/scene_00021/scan_00189/00021_00189_indoors_350_010.png,966,966,1288,782993,78299,1096189.0,1874584.7527887702,2431280.892294765,-556696.1395059947,1048826.1928246329,1352297.068340465,-303470.8755158321,0.15530235628888214,114.90423418581486
68,indoors,scene_00021,indoors/scene_00021/scan_00189,val/indoors/scene_00021/scan_00189/00021_00189_indoors_350_010.png,1022,1022,1358,782993,78299,1096189.0,1874584.7527887702,1775683.2629066505,98901.4898821197,1048826.1928246329,860092.9527802899,188733.24004434294,0.15077469611424624,146.79748471826315
69,indoors,scene_00021,indoors/scene_00021/scan_00189,val/indoors/scene_00021/scan_00189/00021_00189_indoors_350_030.png,518,518,686,784351,78435,1098091.0,671129.9791294124,671129.9791294124,0.0,340865.37740277505,340865.37740277505,0.0,0.1967098131142423,23.051906377077103
69,indoors,scene_00021,indoors/scene_00021/scan_00189,val/indoors/scene_00021/scan_00189/00021_00189_indoors_350_030.png,574,574,770,784351,78435,1098091.0,671129.9791294124,878832.975796867,-207702.9966674546,340865.37740277505,419773.4896932331,-78908.11229045806,0.18579290000672766,26.247018948197365
69,indoors,scene_00021,indoors/scene_00021/scan_00189,val/indoors/scene_00021/scan_00189/00021_00189_indoors_350_030.png,630,630,840,784351,78435,1098091.0,671129.9791294124,957835.6988394824,-286705.71971006994,340865.37740277505,422774.6746260277,-81909.29722325265,0.17588129029160193,38.540528155863285
69,indoors,scene_00021,indoors/scene_00021/scan_00189,val/indoors/scene_00021/scan_00189/00021_00189_indoors_350_030.png,686,686,910,784351,78435,1098091.0,671129.9791294124,554869.7047579363,116260.27437147615,340865.37740277505,236611.55590335676,104253.82149941829,0.1844718012401655,44.82191614806652
69,indoors,scene_00021,indoors/scene_00021/scan_00189,val/indoors/scene_00021/scan_00189/00021_00189_indoors_350_030.png,742,742,994,784351,78435,1098091.0,671129.9791294124,589384.6187643611,81745.36036505131,340865.37740277505,248066.90311551257,92798.47428726248,0.1800209767893701,50.368654541671276
69,indoors,scene_00021,indoors/scene_00021/scan_00189,val/indoors/scene_00021/scan_00189/00021_00189_indoors_350_030.png,798,798,1064,784351,78435,1098091.0,671129.9791294124,1392399.6010197683,-721269.6218903558,340865.37740277505,540271.9524710912,-199406.57506831613,0.17398253535605432,84.30073969066143
69,indoors,scene_00021,indoors/scene_00021/scan_00189,val/indoors/scene_00021/scan_00189/00021_00189_indoors_350_030.png,854,854,1134,784351,78435,1098091.0,671129.9791294124,660019.2114754564,11110.767653956078,340865.37740277505,265108.5677730119,75756.80962976313,0.17562906718705323,83.41445680707693
69,indoors,scene_00021,indoors/scene_00021/scan_00189,val/indoors/scene_00021/scan_00189/00021_00189_indoors_350_030.png,910,910,1218,784351,78435,1098091.0,671129.9791294124,347704.39634721907,323425.5827821934,340865.37740277505,170726.0676541732,170139.30974860184,0.19340290914720554,94.84451543539762
69,indoors,scene_00021,indoors/scene_00021/scan_00189,val/indoors/scene_00021/scan_00189/00021_00189_indoors_350_030.png,966,966,1288,784351,78435,1098091.0,671129.9791294124,525845.0750003167,145284.90412909572,340865.37740277505,221710.8816891888,119154.49571358625,0.18409336932053302,115.40741007775068
69,indoors,scene_00021,indoors/scene_00021/scan_00189,val/indoors/scene_00021/scan_00189/00021_00189_indoors_350_030.png,1022,1022,1358,784351,78435,1098091.0,671129.9791294124,1133120.0335174082,-461990.05438799574,340865.37740277505,487130.4709671567,-146265.09356438165,0.17796415886222042,147.30306807905436
70,indoors,scene_00021,indoors/scene_00021/scan_00190,val/indoors/scene_00021/scan_00190/00021_00190_indoors_050_000.png,518,518,686,783205,78320,1096485.0,607472.215162779,607472.215162779,0.0,303897.7885419996,303897.7885419996,0.0,0.25306695069817836,41.44033696502447
70,indoors,scene_00021,indoors/scene_00021/scan_00190,val/indoors/scene_00021/scan_00190/00021_00190_indoors_050_000.png,574,574,770,783205,78320,1096485.0,607472.215162779,621468.8098617902,-13996.594699011184,303897.7885419996,316021.61080414325,-12123.822262143658,0.24484873032391596,24.819652549922466
70,indoors,scene_00021,indoors/scene_00021/scan_00190,val/indoors/scene_00021/scan_00190/00021_00190_indoors_050_000.png,630,630,840,783205,78320,1096485.0,607472.215162779,647993.0063350927,-40520.79117231374,303897.7885419996,334925.0088237543,-31027.220281754737,0.2446729127327091,38.3775532245636
70,indoors,scene_00021,indoors/scene_00021/scan_00190,val/indoors/scene_00021/scan_00190/00021_00190_indoors_050_000.png,686,686,910,783205,78320,1096485.0,607472.215162779,618416.145403357,-10943.930240578018,303897.7885419996,317802.24945611367,-13904.460914114083,0.23559376625840717,44.86026614904404
70,indoors,scene_00021,indoors/scene_00021/scan_00190,val/indoors/scene_00021/scan_00190/00021_00190_indoors_050_000.png,742,742,994,783205,78320,1096485.0,607472.215162779,659615.6230814253,-52143.40791864635,303897.7885419996,338006.45518566505,-34108.66664366546,0.2288685156417602,50.318747758865356
70,indoors,scene_00021,indoors/scene_00021/scan_00190,val/indoors/scene_00021/scan_00190/00021_00190_indoors_050_000.png,798,798,1064,783205,78320,1096485.0,607472.215162779,623692.1264555606,-16219.911292781588,303897.7885419996,314131.5645929043,-10233.776050904708,0.2281465735772404,64.24479745328426
70,indoors,scene_00021,indoors/scene_00021/scan_00190,val/indoors/scene_00021/scan_00190/00021_00190_indoors_050_000.png,854,854,1134,783205,78320,1096485.0,607472.215162779,639323.0132383124,-31850.798075533472,303897.7885419996,324210.93295185466,-20313.14440985507,0.221409514340856,83.18471442908049
70,indoors,scene_00021,indoors/scene_00021/scan_00190,val/indoors/scene_00021/scan_00190/00021_00190_indoors_050_000.png,910,910,1218,783205,78320,1096485.0,607472.215162779,643177.562728988,-35705.347566209035,303897.7885419996,324095.36612620146,-20197.577584201877,0.21893070043483984,96.21103387326002
70,indoors,scene_00021,indoors/scene_00021/scan_00190,val/indoors/scene_00021/scan_00190/00021_00190_indoors_050_000.png,966,966,1288,783205,78320,1096485.0,607472.215162779,632916.3794942654,-25444.16433148645,303897.7885419996,323461.4253581003,-19563.63681610074,0.2199316040964918,114.77429885417223
70,indoors,scene_00021,indoors/scene_00021/scan_00190,val/indoors/scene_00021/scan_00190/00021_00190_indoors_050_000.png,1022,1022,1358,783205,78320,1096485.0,607472.215162779,633795.7065863321,-26323.49142355309,303897.7885419996,318540.70323064015,-14642.914688640565,0.21719256727599298,147.52798713743687
71,indoors,scene_00021,indoors/scene_00021/scan_00190,val/indoors/scene_00021/scan_00190/00021_00190_indoors_090_030.png,518,518,686,724521,72452,1014329.0,686449.1935592525,686449.1935592525,0.0,557823.5762270382,557823.5762270382,0.0,0.5340681315492355,26.889226399362087
71,indoors,scene_00021,indoors/scene_00021/scan_00190,val/indoors/scene_00021/scan_00190/00021_00190_indoors_090_030.png,574,574,770,724521,72452,1014329.0,686449.1935592525,719861.3300693317,-33412.136510079145,557823.5762270382,592485.3845422065,-34661.80831516837,0.47917157175810526,45.126511715352535
71,indoors,scene_00021,indoors/scene_00021/scan_00190,val/indoors/scene_00021/scan_00190/00021_00190_indoors_090_030.png,630,630,840,724521,72452,1014329.0,686449.1935592525,662631.5566732327,23817.63688601984,557823.5762270382,545133.5396708185,12690.036556219682,0.45984810903074164,45.809817500412464
71,indoors,scene_00021,indoors/scene_00021/scan_00190,val/indoors/scene_00021/scan_00190/00021_00190_indoors_090_030.png,686,686,910,724521,72452,1014329.0,686449.1935592525,624585.2234853649,61863.97007388761,557823.5762270382,497155.0693702765,60668.50685676164,0.4841309807564224,54.43680938333273
71,indoors,scene_00021,indoors/scene_00021/scan_00190,val/indoors/scene_00021/scan_00190/00021_00190_indoors_090_030.png,742,742,994,724521,72452,1014329.0,686449.1935592525,689767.7489667751,-3318.5554075225955,557823.5762270382,553490.8665871904,4332.709639847744,0.505690791635997,80.77024668455124
71,indoors,scene_00021,indoors/scene_00021/scan_00190,val/indoors/scene_00021/scan_00190/00021_00190_indoors_090_030.png,798,798,1064,724521,72452,1014329.0,686449.1935592525,609327.3470733521,77121.84648590046,557823.5762270382,486815.2737010251,71008.30252601305,0.46598234077871103,74.19618126004934
71,indoors,scene_00021,indoors/scene_00021/scan_00190,val/indoors/scene_00021/scan_00190/00021_00190_indoors_090_030.png,854,854,1134,724521,72452,1014329.0,686449.1935592525,628500.5859302428,57948.607629009755,557823.5762270382,499444.43699155515,58379.13923548302,0.47305815743512514,114.62567560374737
71,indoors,scene_00021,indoors/scene_00021/scan_00190,val/indoors/scene_00021/scan_00190/00021_00190_indoors_090_030.png,910,910,1218,724521,72452,1014329.0,686449.1935592525,644983.0714745143,41466.12208473822,557823.5762270382,512724.0394732321,45099.53675380605,0.4997942818208358,111.20529472827911
71,indoors,scene_00021,indoors/scene_00021/scan_00190,val/indoors/scene_00021/scan_00190/00021_00190_indoors_090_030.png,966,966,1288,724521,72452,1014329.0,686449.1935592525,577840.8813714752,108608.31218777737,557823.5762270382,452976.5409351691,104847.03529186908,0.45375163161465637,138.01284786313772
71,indoors,scene_00021,indoors/scene_00021/scan_00190,val/indoors/scene_00021/scan_00190/00021_00190_indoors_090_030.png,1022,1022,1358,724521,72452,1014329.0,686449.1935592525,586235.764674193,100213.42888505955,557823.5762270382,450774.74976015586,107048.82646688231,0.507881750691625,173.68981800973415
72,indoors,scene_00021,indoors/scene_00021/scan_00190,val/indoors/scene_00021/scan_00190/00021_00190_indoors_100_010.png,518,518,686,779533,77953,1091345.0,283471.0583819126,283471.0583819126,0.0,165706.24154181912,165706.24154181912,0.0,0.41761132212904706,26.929274201393127
72,indoors,scene_00021,indoors/scene_00021/scan_00190,val/indoors/scene_00021/scan_00190/00021_00190_indoors_100_010.png,574,574,770,779533,77953,1091345.0,283471.0583819126,263415.92636009236,20055.13202182023,165706.24154181912,156085.0585772883,9621.182964530832,0.4221731720423922,29.510268941521645
72,indoors,scene_00021,indoors/scene_00021/scan_00190,val/indoors/scene_00021/scan_00190/00021_00190_indoors_100_010.png,630,630,840,779533,77953,1091345.0,283471.0583819126,292360.73014169495,-8889.671759782359,165706.24154181912,171127.72978124244,-5421.488239423314,0.420245975750309,42.8124014288187
72,indoors,scene_00021,indoors/scene_00021/scan_00190,val/indoors/scene_00021/scan_00190/00021_00190_indoors_100_010.png,686,686,910,779533,77953,1091345.0,283471.0583819126,267683.8181126284,15787.240269284172,165706.24154181912,158727.29977550817,6978.941766310949,0.3955121439436944,58.25026519596577
72,indoors,scene_00021,indoors/scene_00021/scan_00190,val/indoors/scene_00021/scan_00190/00021_00190_indoors_100_010.png,742,742,994,779533,77953,1091345.0,283471.0583819126,290574.36450917786,-7103.30612726527,165706.24154181912,179807.67717171923,-14101.435629900108,0.4017773120966974,55.89316878467798
72,indoors,scene_00021,indoors/scene_00021/scan_00190,val/indoors/scene_00021/scan_00190/00021_00190_indoors_100_010.png,798,798,1064,779533,77953,1091345.0,283471.0583819126,309525.8959863792,-26054.837604466593,165706.24154181912,184519.2587074471,-18813.01716562797,0.405240491421898,116.77428521215916
72,indoors,scene_00021,indoors/scene_00021/scan_00190,val/indoors/scene_00021/scan_00190/00021_00190_indoors_100_010.png,854,854,1134,779533,77953,1091345.0,283471.0583819126,303836.3182609624,-20365.259879049787,165706.24154181912,184491.69771064073,-18785.456168821605,0.39160282790285705,98.83906692266464
72,indoors,scene_00021,indoors/scene_00021/scan_00190,val/indoors/scene_00021/scan_00190/00021_00190_indoors_100_010.png,910,910,1218,779533,77953,1091345.0,283471.0583819126,319556.4084043215,-36085.35002240894,165706.24154181912,201412.29683258125,-35706.05529076213,0.3888754762069483,139.19743802398443
72,indoors,scene_00021,indoors/scene_00021/scan_00190,val/indoors/scene_00021/scan_00190/00021_00190_indoors_100_010.png,966,966,1288,779533,77953,1091345.0,283471.0583819126,323104.58944808604,-39633.531066173455,165706.24154181912,202796.36007408245,-37090.118532263325,0.3856277272693241,125.98041165620089
72,indoors,scene_00021,indoors/scene_00021/scan_00190,val/indoors/scene_00021/scan_00190/00021_00190_indoors_100_010.png,1022,1022,1358,779533,77953,1091345.0,283471.0583819126,309117.8110580761,-25646.75267616351,165706.24154181912,191774.6815088016,-26068.439966982463,0.36812472751793457,174.16407447308302
73,indoors,scene_00021,indoors/scene_00021/scan_00190,val/indoors/scene_00021/scan_00190/00021_00190_indoors_110_050.png,518,518,686,785742,78576,1100046.0,411864.7949920964,411864.7949920964,0.0,275157.9930640677,275157.9930640677,0.0,0.25514059764735186,38.5009441524744
73,indoors,scene_00021,indoors/scene_00021/scan_00190,val/indoors/scene_00021/scan_00190/00021_00190_indoors_110_050.png,574,574,770,785742,78576,1100046.0,411864.7949920964,388935.82924315403,22928.96574894234,275157.9930640677,266872.1158826481,8285.877181419579,0.2494109038707856,29.583461582660675
73,indoors,scene_00021,indoors/scene_00021/scan_00190,val/indoors/scene_00021/scan_00190/00021_00190_indoors_110_050.png,630,630,840,785742,78576,1100046.0,411864.7949920964,389265.1452445472,22599.64974754915,275157.9930640677,255958.18474707293,19199.80831699475,0.2384398015025703,45.772820711135864
73,indoors,scene_00021,indoors/scene_00021/scan_00190,val/indoors/scene_00021/scan_00190/00021_00190_indoors_110_050.png,686,686,910,785742,78576,1100046.0,411864.7949920964,396905.6025836792,14959.192408417177,275157.9930640677,266525.6058889056,8632.38717516209,0.22797517931998734,53.334424272179604
73,indoors,scene_00021,indoors/scene_00021/scan_00190,val/indoors/scene_00021/scan_00190/00021_00190_indoors_110_050.png,742,742,994,785742,78576,1100046.0,411864.7949920964,412106.85380149353,-242.05880939716008,275157.9930640677,276885.32935258024,-1727.336288512568,0.22334466386604646,53.95586136728525
73,indoors,scene_00021,indoors/scene_00021/scan_00190,val/indoors/scene_00021/scan_00190/00021_00190_indoors_110_050.png,798,798,1064,785742,78576,1100046.0,411864.7949920964,424132.7058136541,-12267.910821557743,275157.9930640677,287936.0404029174,-12778.047338849748,0.22217269893068767,71.04915101081133
73,indoors,scene_00021,indoors/scene_00021/scan_00190,val/indoors/scene_00021/scan_00190/00021_00190_indoors_110_050.png,854,854,1134,785742,78576,1100046.0,411864.7949920964,410536.14164612244,1328.6533459739294,275157.9930640677,280206.3570068091,-5048.363942741416,0.2178082351285549,135.7971578836441
73,indoors,scene_00021,indoors/scene_00021/scan_00190,val/indoors/scene_00021/scan_00190/00021_00190_indoors_110_050.png,910,910,1218,785742,78576,1100046.0,411864.7949920964,424852.0361244538,-12987.241132357449,275157.9930640677,290890.80024032295,-15732.807176255272,0.21645627185195238,111.68751679360867
73,indoors,scene_00021,indoors/scene_00021/scan_00190,val/indoors/scene_00021/scan_00190/00021_00190_indoors_110_050.png,966,966,1288,785742,78576,1100046.0,411864.7949920964,419167.5580604257,-7302.76306832931,275157.9930640677,294653.11687087186,-19495.123806804186,0.21017446529885705,129.15942631661892
73,indoors,scene_00021,indoors/scene_00021/scan_00190,val/indoors/scene_00021/scan_00190/00021_00190_indoors_110_050.png,1022,1022,1358,785742,78576,1100046.0,411864.7949920964,427060.71864901786,-15195.923656921485,275157.9930640677,295080.7469923131,-19922.753928245453,0.2115740696053829,173.366273753345
74,indoors,scene_00021,indoors/scene_00021/scan_00190,val/indoors/scene_00021/scan_00190/00021_00190_indoors_120_020.png,518,518,686,785403,78542,1099571.0,1102918.1060598255,1102918.1060598255,0.0,514242.04615288385,514242.04615288385,0.0,0.20500918604864962,37.753927521407604
74,indoors,scene_00021,indoors/scene_00021/scan_00190,val/indoors/scene_00021/scan_00190/00021_00190_indoors_120_020.png,574,574,770,785403,78542,1099571.0,1102918.1060598255,1001993.2006455427,100924.90541428281,514242.04615288385,474918.8015637086,39323.24458917527,0.20816248577488494,29.287553392350674
74,indoors,scene_00021,indoors/scene_00021/scan_00190,val/indoors/scene_00021/scan_00190/00021_00190_indoors_120_020.png,630,630,840,785403,78542,1099571.0,1102918.1060598255,1136895.2588287,-33977.15276887454,514242.04615288385,524563.1603626997,-10321.114209815802,0.2048694234480309,54.88231312483549
74,indoors,scene_00021,indoors/scene_00021/scan_00190,val/indoors/scene_00021/scan_00190/00021_00190_indoors_120_020.png,686,686,910,785403,78542,1099571.0,1102918.1060598255,1173953.4335858426,-71035.32752601709,514242.04615288385,540705.5313559982,-26463.485203114396,0.1987107047896749,53.5988537594676
74,indoors,scene_00021,indoors/scene_00021/scan_00190,val/indoors/scene_00021/scan_00190/00021_00190_indoors_120_020.png,742,742,994,785403,78542,1099571.0,1102918.1060598255,1090894.6626619673,12023.44339785818,514242.04615288385,507102.92344084114,7139.122712042707,0.18596710074940223,58.62055346369743
74,indoors,scene_00021,indoors/scene_00021/scan_00190,val/indoors/scene_00021/scan_00190/00021_00190_indoors_120_020.png,798,798,1064,785403,78542,1099571.0,1102918.1060598255,1234907.0088494585,-131988.90278963302,514242.04615288385,558292.8988993684,-44050.85274648451,0.19637711253687457,73.58483038842678
74,indoors,scene_00021,indoors/scene_00021/scan_00190,val/indoors/scene_00021/scan_00190/00021_00190_indoors_120_020.png,854,854,1134,785403,78542,1099571.0,1102918.1060598255,1395775.8588230126,-292857.75276318705,514242.04615288385,616345.4436709427,-102103.39751805883,0.1924849841838784,130.22314570844173
74,indoors,scene_00021,indoors/scene_00021/scan_00190,val/indoors/scene_00021/scan_00190/00021_00190_indoors_120_020.png,910,910,1218,785403,78542,1099571.0,1102918.1060598255,1233211.6455426845,-130293.53948285896,514242.04615288385,558017.8649604593,-43775.818807575444,0.17940348687437746,114.54397533088923
74,indoors,scene_00021,indoors/scene_00021/scan_00190,val/indoors/scene_00021/scan_00190/00021_00190_indoors_120_020.png,966,966,1288,785403,78542,1099571.0,1102918.1060598255,1180673.4329930963,-77755.32693327079,514242.04615288385,535478.8533263016,-21236.807173417707,0.17436498555499244,135.98279748111963
74,indoors,scene_00021,indoors/scene_00021/scan_00190,val/indoors/scene_00021/scan_00190/00021_00190_indoors_120_020.png,1022,1022,1358,785403,78542,1099571.0,1102918.1060598255,1045532.148628908,57385.95743091754,514242.04615288385,486364.2758917318,27877.770261152065,0.17772592890926067,160.04300396889448
75,indoors,scene_00021,indoors/scene_00021/scan_00190,val/indoors/scene_00021/scan_00190/00021_00190_indoors_130_030.png,518,518,686,786194,78621,1100678.0,315588.9064718688,315588.9064718688,0.0,234021.05168313312,234021.05168313312,0.0,0.1606597980214375,31.041848473250866
75,indoors,scene_00021,indoors/scene_00021/scan_00190,val/indoors/scene_00021/scan_00190/00021_00190_indoors_130_030.png,574,574,770,786194,78621,1100678.0,315588.9064718688,340770.917232785,-25182.010760916222,234021.05168313312,257622.56194969313,-23601.510266560013,0.1600579938515626,28.674475848674774
75,indoors,scene_00021,indoors/scene_00021/scan_00190,val/indoors/scene_00021/scan_00190/00021_00190_indoors_130_030.png,630,630,840,786194,78621,1100678.0,315588.9064718688,328778.77551992994,-13189.86904806114,234021.05168313312,252967.40102779126,-18946.34934465814,0.15611908717113582,42.2386871650815
75,indoors,scene_00021,indoors/scene_00021/scan_00190,val/indoors/scene_00021/scan_00190/00021_00190_indoors_130_030.png,686,686,910,786194,78621,1100678.0,315588.9064718688,363318.3303593346,-47729.42388746579,234021.05168313312,278080.2290658812,-44059.17738274811,0.1497613960358151,60.29023136943579
75,indoors,scene_00021,indoors/scene_00021/scan_00190,val/indoors/scene_00021/scan_00190/00021_00190_indoors_130_030.png,742,742,994,786194,78621,1100678.0,315588.9064718688,346755.96640327445,-31167.059931405645,234021.05168313312,266683.8466482736,-32662.794965140463,0.14751542893791542,65.06457179784775
75,indoors,scene_00021,indoors/scene_00021/scan_00190,val/indoors/scene_00021/scan_00190/00021_00190_indoors_130_030.png,798,798,1064,786194,78621,1100678.0,315588.9064718688,330497.92712673196,-14909.020654863154,234021.05168313312,255101.59625806956,-21080.544574936444,0.15007888189425736,74.85577929764986
75,indoors,scene_00021,indoors/scene_00021/scan_00190,val/indoors/scene_00021/scan_00190/00021_00190_indoors_130_030.png,854,854,1134,786194,78621,1100678.0,315588.9064718688,353638.77646696114,-38049.86999509233,234021.05168313312,273260.7362211209,-39239.68453798781,0.14776442030321837,92.02232956886292
75,indoors,scene_00021,indoors/scene_00021/scan_00190,val/indoors/scene_00021/scan_00190/00021_00190_indoors_130_030.png,910,910,1218,786194,78621,1100678.0,315588.9064718688,372986.8827267342,-57397.97625486541,234021.05168313312,283697.8234750048,-49676.771791871695,0.14015728201140173,98.31610787659883
75,indoors,scene_00021,indoors/scene_00021/scan_00190,val/indoors/scene_00021/scan_00190/00021_00190_indoors_130_030.png,966,966,1288,786194,78621,1100678.0,315588.9064718688,353657.8185619746,-38068.91209010582,234021.05168313312,273377.63953654666,-39356.58785341354,0.14400014309654366,124.97685849666595
75,indoors,scene_00021,indoors/scene_00021/scan_00190,val/indoors/scene_00021/scan_00190/00021_00190_indoors_130_030.png,1022,1022,1358,786194,78621,1100678.0,315588.9064718688,381752.7849688966,-66163.87849702779,234021.05168313312,296724.42506885267,-62703.37338571955,0.13777870602247494,162.59486600756645
76,indoors,scene_00021,indoors/scene_00021/scan_00190,val/indoors/scene_00021/scan_00190/00021_00190_indoors_150_030.png,518,518,686,786162,78617,1100630.0,292400.1295952656,292400.1295952656,0.0,196375.15331445096,196375.15331445096,0.0,0.1697266766115626,26.830309070646763
76,indoors,scene_00021,indoors/scene_00021/scan_00190,val/indoors/scene_00021/scan_00190/00021_00190_indoors_150_030.png,574,574,770,786162,78617,1100630.0,292400.1295952656,305792.6552346233,-13392.525639357686,196375.15331445096,204803.81693333597,-8428.66361888501,0.16781206262482073,38.12621161341667
76,indoors,scene_00021,indoors/scene_00021/scan_00190,val/indoors/scene_00021/scan_00190/00021_00190_indoors_150_030.png,630,630,840,786162,78617,1100630.0,292400.1295952656,333540.504731923,-41140.375136657385,196375.15331445096,221294.57869311149,-24919.425378660526,0.17241424666918576,38.801717571914196
76,indoors,scene_00021,indoors/scene_00021/scan_00190,val/indoors/scene_00021/scan_00190/00021_00190_indoors_150_030.png,686,686,910,786162,78617,1100630.0,292400.1295952656,341826.313770354,-49426.18417508842,196375.15331445096,220566.92139447146,-24191.768080020498,0.17196188044755556,45.22438067942858
76,indoors,scene_00021,indoors/scene_00021/scan_00190,val/indoors/scene_00021/scan_00190/00021_00190_indoors_150_030.png,742,742,994,786162,78617,1100630.0,292400.1295952656,367594.0705585088,-75193.94096324319,196375.15331445096,243642.6422582833,-47267.488943832344,0.16719515906051433,50.503941252827644
76,indoors,scene_00021,indoors/scene_00021/scan_00190,val/indoors/scene_00021/scan_00190/00021_00190_indoors_150_030.png,798,798,1064,786162,78617,1100630.0,292400.1295952656,369565.4851348914,-77165.3555396258,196375.15331445096,239567.9160972375,-43192.762782786536,0.17095613954110275,62.78174743056297
76,indoors,scene_00021,indoors/scene_00021/scan_00190,val/indoors/scene_00021/scan_00190/00021_00190_indoors_150_030.png,854,854,1134,786162,78617,1100630.0,292400.1295952656,376796.25103514537,-84396.12143987976,196375.15331445096,246390.33915744757,-50015.18584299661,0.1691102818887087,83.33287294954062
76,indoors,scene_00021,indoors/scene_00021/scan_00190,val/indoors/scene_00021/scan_00190/00021_00190_indoors_150_030.png,910,910,1218,786162,78617,1100630.0,292400.1295952656,384094.6834188865,-91694.5538236209,196375.15331445096,252102.87279391446,-55727.7194794635,0.1680545021190236,97.73414954543114
76,indoors,scene_00021,indoors/scene_00021/scan_00190,val/indoors/scene_00021/scan_00190/00021_00190_indoors_150_030.png,966,966,1288,786162,78617,1100630.0,292400.1295952656,381075.01791870914,-88674.88832344353,196375.15331445096,245367.5312511031,-48992.377936652134,0.1732137560725721,114.69900608062744
76,indoors,scene_00021,indoors/scene_00021/scan_00190,val/indoors/scene_00021/scan_00190/00021_00190_indoors_150_030.png,1022,1022,1358,786162,78617,1100630.0,292400.1295952656,418609.5453673983,-126209.41577213269,196375.15331445096,271943.62274868705,-75568.46943423609,0.17262667797039452,149.54319782555103
77,indoors,scene_00021,indoors/scene_00021/scan_00190,val/indoors/scene_00021/scan_00190/00021_00190_indoors_150_050.png,518,518,686,785259,78526,1099363.0,480683.92143154476,480683.92143154476,0.0,324762.6742616632,324762.6742616632,0.0,0.15643323974030143,22.87457138299942
77,indoors,scene_00021,indoors/scene_00021/scan_00190,val/indoors/scene_00021/scan_00190/00021_00190_indoors_150_050.png,574,574,770,785259,78526,1099363.0,480683.92143154476,480860.15852108685,-176.23708954208996,324762.6742616632,328779.3149819292,-4016.6407202659757,0.1519213741021873,24.858116172254086
77,indoors,scene_00021,indoors/scene_00021/scan_00190,val/indoors/scene_00021/scan_00190/00021_00190_indoors_150_050.png,630,630,840,785259,78526,1099363.0,480683.92143154476,493376.9424227568,-12693.020991212048,324762.6742616632,334722.56390960934,-9959.889647946111,0.15129124619244794,38.41920290142298
77,indoors,scene_00021,indoors/scene_00021/scan_00190,val/indoors/scene_00021/scan_00190/00021_00190_indoors_150_050.png,686,686,910,785259,78526,1099363.0,480683.92143154476,526454.6700838427,-45770.748652297945,324762.6742616632,359261.29609070823,-34498.621829045005,0.15837016747562793,96.14458493888378
77,indoors,scene_00021,indoors/scene_00021/scan_00190,val/indoors/scene_00021/scan_00190/00021_00190_indoors_150_050.png,742,742,994,785259,78526,1099363.0,480683.92143154476,517341.9263592808,-36658.00492773607,324762.6742616632,354720.42764921027,-29957.75338754704,0.1568443604903269,118.59189067035913
77,indoors,scene_00021,indoors/scene_00021/scan_00190,val/indoors/scene_00021/scan_00190/00021_00190_indoors_150_050.png,798,798,1064,785259,78526,1099363.0,480683.92143154476,512210.33577465406,-31526.414343109296,324762.6742616632,349664.41585455113,-24901.741592887905,0.15151871586222196,147.61743415147066
77,indoors,scene_00021,indoors/scene_00021/scan_00190,val/indoors/scene_00021/scan_00190/00021_00190_indoors_150_050.png,854,854,1134,785259,78526,1099363.0,480683.92143154476,524395.6675055816,-43711.74607403687,324762.6742616632,354623.29659278755,-29860.622331124323,0.15139790289240157,192.32557155191898
77,indoors,scene_00021,indoors/scene_00021/scan_00190,val/indoors/scene_00021/scan_00190/00021_00190_indoors_150_050.png,910,910,1218,785259,78526,1099363.0,480683.92143154476,546096.8786772584,-65412.957245713624,324762.6742616632,370921.3407699006,-46158.666508237366,0.14969906228481059,110.30670255422592
77,indoors,scene_00021,indoors/scene_00021/scan_00190,val/indoors/scene_00021/scan_00190/00021_00190_indoors_150_050.png,966,966,1288,785259,78526,1099363.0,480683.92143154476,561900.829346264,-81216.90791471925,324762.6742616632,386752.3311229859,-61989.6568613227,0.15639073766396894,133.71715042740107
77,indoors,scene_00021,indoors/scene_00021/scan_00190,val/indoors/scene_00021/scan_00190/00021_00190_indoors_150_050.png,1022,1022,1358,785259,78526,1099363.0,480683.92143154476,567858.2235499296,-87174.3021183848,324762.6742616632,387589.2137619126,-62826.539500249375,0.15540922255797834,170.53655814379454
78,indoors,scene_00021,indoors/scene_00021/scan_00190,val/indoors/scene_00021/scan_00190/00021_00190_indoors_190_000.png,518,518,686,767342,76733,1074274.0,286746.11747516063,286746.11747516063,0.0,200322.21882200812,200322.21882200812,0.0,0.1560747156662684,26.86265204101801
78,indoors,scene_00021,indoors/scene_00021/scan_00190,val/indoors/scene_00021/scan_00190/00021_00190_indoors_190_000.png,574,574,770,767342,76733,1074274.0,286746.11747516063,320486.8840410261,-33740.76656586549,200322.21882200812,226633.72233998647,-26311.50351797836,0.15404628205266638,29.15303036570549
78,indoors,scene_00021,indoors/scene_00021/scan_00190,val/indoors/scene_00021/scan_00190/00021_00190_indoors_190_000.png,630,630,840,767342,76733,1074274.0,286746.11747516063,302344.456712703,-15598.339237542357,200322.21882200812,213725.2674815761,-13403.048659567983,0.15062677687188414,45.36569304764271
78,indoors,scene_00021,indoors/scene_00021/scan_00190,val/indoors/scene_00021/scan_00190/00021_00190_indoors_190_000.png,686,686,910,767342,76733,1074274.0,286746.11747516063,313914.3432080954,-27168.225732934778,200322.21882200812,221342.7458228774,-21020.527000869275,0.1509909171692944,62.69386690109968
78,indoors,scene_00021,indoors/scene_00021/scan_00190,val/indoors/scene_00021/scan_00190/00021_00190_indoors_190_000.png,742,742,994,767342,76733,1074274.0,286746.11747516063,331611.77317918825,-44865.655704027624,200322.21882200812,237202.0651019559,-36879.846279947786,0.14991743585195066,62.73151468485594
78,indoors,scene_00021,indoors/scene_00021/scan_00190,val/indoors/scene_00021/scan_00190/00021_00190_indoors_190_000.png,798,798,1064,767342,76733,1074274.0,286746.11747516063,327945.96770139167,-41199.850226231036,200322.21882200812,235317.7880971778,-34995.56927516969,0.14676291860349908,66.956483758986
78,indoors,scene_00021,indoors/scene_00021/scan_00190,val/indoors/scene_00021/scan_00190/00021_00190_indoors_190_000.png,854,854,1134,767342,76733,1074274.0,286746.11747516063,349448.57507559547,-62702.457600434835,200322.21882200812,251964.72979590629,-51642.51097389817,0.1434848698379267,105.14212492853403
78,indoors,scene_00021,indoors/scene_00021/scan_00190,val/indoors/scene_00021/scan_00190/00021_00190_indoors_190_000.png,910,910,1218,767342,76733,1074274.0,286746.11747516063,345679.5109165782,-58933.393441417546,200322.21882200812,249573.704467658,-49251.4856456499,0.14400962496371641,111.69875971972942
78,indoors,scene_00021,indoors/scene_00021/scan_00190,val/indoors/scene_00021/scan_00190/00021_00190_indoors_190_000.png,966,966,1288,767342,76733,1074274.0,286746.11747516063,359745.2817095224,-72999.16423436179,200322.21882200812,262295.6658982445,-61973.44707623636,0.14461117290525138,128.76117322593927
78,indoors,scene_00021,indoors/scene_00021/scan_00190,val/indoors/scene_00021/scan_00190/00021_00190_indoors_190_000.png,1022,1022,1358,767342,76733,1074274.0,286746.11747516063,358794.4338584497,-72048.31638328906,200322.21882200812,261293.4632019449,-60971.244379936776,0.14318649616871792,167.36438125371933
79,indoors,scene_00021,indoors/scene_00021/scan_00190,val/indoors/scene_00021/scan_00190/00021_00190_indoors_270_010.png,518,518,686,781287,78128,1093799.0,1613618.188925884,1613618.188925884,0.0,609216.4181865002,609216.4181865002,0.0,0.11160154632421902,28.06841768324375
79,indoors,scene_00021,indoors/scene_00021/scan_00190,val/indoors/scene_00021/scan_00190/00021_00190_indoors_270_010.png,574,574,770,781287,78128,1093799.0,1613618.188925884,1560004.4375391412,53613.751386742806,609216.4181865002,611616.4481317389,-2400.029945238726,0.10265391342766525,27.077960781753063
79,indoors,scene_00021,indoors/scene_00021/scan_00190,val/indoors/scene_00021/scan_00190/00021_00190_indoors_270_010.png,630,630,840,781287,78128,1093799.0,1613618.188925884,1608469.9714111928,5148.217514691176,609216.4181865002,621692.7940533464,-12476.375866846181,0.10679023045100096,42.09734685719013
79,indoors,scene_00021,indoors/scene_00021/scan_00190,val/indoors/scene_00021/scan_00190/00021_00190_indoors_270_010.png,686,686,910,781287,78128,1093799.0,1613618.188925884,1646249.873972105,-32631.68504622113,609216.4181865002,633556.2051990492,-24339.787012549,0.10594298766992233,49.59466587752104
79,indoors,scene_00021,indoors/scene_00021/scan_00190,val/indoors/scene_00021/scan_00190/00021_00190_indoors_270_010.png,742,742,994,781287,78128,1093799.0,1613618.188925884,1639988.5953537507,-26370.40642786678,609216.4181865002,634733.0081426552,-25516.589956155047,0.10598912869337988,64.87535405904055
79,indoors,scene_00021,indoors/scene_00021/scan_00190,val/indoors/scene_00021/scan_00190/00021_00190_indoors_270_010.png,798,798,1064,781287,78128,1093799.0,1613618.188925884,1629156.5113257978,-15538.322399913799,609216.4181865002,633494.6284397205,-24278.210253220284,0.09905024247459547,75.26789326220751
79,indoors,scene_00021,indoors/scene_00021/scan_00190,val/indoors/scene_00021/scan_00190/00021_00190_indoors_270_010.png,854,854,1134,781287,78128,1093799.0,1613618.188925884,1638545.633813049,-24927.44488716498,609216.4181865002,626664.0383977072,-17447.62021120696,0.10469225701138056,97.06598427146673
79,indoors,scene_00021,indoors/scene_00021/scan_00190,val/indoors/scene_00021/scan_00190/00021_00190_indoors_270_010.png,910,910,1218,781287,78128,1093799.0,1613618.188925884,1549329.9757980267,64288.21312785731,609216.4181865002,607504.4807947283,1711.937391771935,0.1025710154183256,111.18154041469097
79,indoors,scene_00021,indoors/scene_00021/scan_00190,val/indoors/scene_00021/scan_00190/00021_00190_indoors_270_010.png,966,966,1288,781287,78128,1093799.0,1613618.188925884,1619291.4692363802,-5673.280310496222,609216.4181865002,632883.0032507387,-23666.58506423852,0.1050387780243956,126.82707980275154
79,indoors,scene_00021,indoors/scene_00021/scan_00190,val/indoors/scene_00021/scan_00190/00021_00190_indoors_270_010.png,1022,1022,1358,781287,78128,1093799.0,1613618.188925884,1608277.8749521845,5340.3139736994635,609216.4181865002,630425.493352196,-21209.075165695744,0.09806281136822216,166.56074859201908
80,indoors,scene_00021,indoors/scene_00021/scan_00191,val/indoors/scene_00021/scan_00191/00021_00191_indoors_020_040.png,518,518,686,786416,78643,1100988.0,421960.8634427196,421960.8634427196,0.0,222629.1701635031,222629.1701635031,0.0,0.15101264901547493,27.800300158560276
80,indoors,scene_00021,indoors/scene_00021/scan_00191,val/indoors/scene_00021/scan_00191/00021_00191_indoors_020_040.png,574,574,770,786416,78643,1100988.0,421960.8634427196,414471.77668160066,7489.086761118961,222629.1701635031,218869.50880833413,3759.661355168966,0.1500559690036915,28.014148585498333
80,indoors,scene_00021,indoors/scene_00021/scan_00191,val/indoors/scene_00021/scan_00191/00021_00191_indoors_020_040.png,630,630,840,786416,78643,1100988.0,421960.8634427196,390309.07814146904,31651.78530125058,222629.1701635031,203399.41331388213,19229.756849620957,0.14846261540391126,43.94233040511608
80,indoors,scene_00021,indoors/scene_00021/scan_00191,val/indoors/scene_00021/scan_00191/00021_00191_indoors_020_040.png,686,686,910,786416,78643,1100988.0,421960.8634427196,407107.4341126614,14853.429330058221,222629.1701635031,221533.7499254273,1095.420238075778,0.14972352190533056,48.33279363811016
80,indoors,scene_00021,indoors/scene_00021/scan_00191,val/indoors/scene_00021/scan_00191/00021_00191_indoors_020_040.png,742,742,994,786416,78643,1100988.0,421960.8634427196,363579.6069081032,58381.256534616405,222629.1701635031,204168.08332089568,18461.086842607416,0.1493744949941668,59.11033693701029
80,indoors,scene_00021,indoors/scene_00021/scan_00191,val/indoors/scene_00021/scan_00191/00021_00191_indoors_020_040.png,798,798,1064,786416,78643,1100988.0,421960.8634427196,354605.4875892533,67355.37585346634,222629.1701635031,195744.93841469806,26884.231748805032,0.1488078049275379,85.9399326145649
80,indoors,scene_00021,indoors/scene_00021/scan_00191,val/indoors/scene_00021/scan_00191/00021_00191_indoors_020_040.png,854,854,1134,786416,78643,1100988.0,421960.8634427196,334383.6615935613,87577.20184915833,222629.1701635031,195606.22795822864,27022.94220527445,0.1490602579106599,112.01557144522667
80,indoors,scene_00021,indoors/scene_00021/scan_00191,val/indoors/scene_00021/scan_00191/00021_00191_indoors_020_040.png,910,910,1218,786416,78643,1100988.0,421960.8634427196,366689.1229510758,55271.74049164384,222629.1701635031,208692.1067674079,13937.063396095182,0.14768248142091384,104.22097705304623
80,indoors,scene_00021,indoors/scene_00021/scan_00191,val/indoors/scene_00021/scan_00191/00021_00191_indoors_020_040.png,966,966,1288,786416,78643,1100988.0,421960.8634427196,344719.93823736603,77240.92520535359,222629.1701635031,195062.6928181767,27566.47734532639,0.149110612704648,135.98898891359568
80,indoors,scene_00021,indoors/scene_00021/scan_00191,val/indoors/scene_00021/scan_00191/00021_00191_indoors_020_040.png,1022,1022,1358,786416,78643,1100988.0,421960.8634427196,321362.29735215404,100598.56609056558,222629.1701635031,196000.05386926967,26629.11629423342,0.14764359763192708,173.98506123572588
81,indoors,scene_00021,indoors/scene_00021/scan_00191,val/indoors/scene_00021/scan_00191/00021_00191_indoors_060_050.png,518,518,686,786432,78644,1101008.0,424276.0780177265,424276.0780177265,0.0,321136.3830632383,321136.3830632383,0.0,0.2226269675759029,31.19517397135496
81,indoors,scene_00021,indoors/scene_00021/scan_00191,val/indoors/scene_00021/scan_00191/00021_00191_indoors_060_050.png,574,574,770,786432,78644,1101008.0,424276.0780177265,481268.285608238,-56992.207590511534,321136.3830632383,364378.18208932044,-43241.79902608215,0.22656792104043336,30.660816468298435
81,indoors,scene_00021,indoors/scene_00021/scan_00191,val/indoors/scene_00021/scan_00191/00021_00191_indoors_060_050.png,630,630,840,786432,78644,1101008.0,424276.0780177265,493040.8000525078,-68764.7220347813,321136.3830632383,372002.78050935373,-50866.39744611544,0.2262349367670793,45.62195483595133
81,indoors,scene_00021,indoors/scene_00021/scan_00191,val/indoors/scene_00021/scan_00191/00021_00191_indoors_060_050.png,686,686,910,786432,78644,1101008.0,424276.0780177265,552724.8256223913,-128448.74760466482,321136.3830632383,420426.3906009204,-99290.00753768213,0.23545049465959753,51.38012394309044
81,indoors,scene_00021,indoors/scene_00021/scan_00191,val/indoors/scene_00021/scan_00191/00021_00191_indoors_060_050.png,742,742,994,786432,78644,1101008.0,424276.0780177265,583867.0773928171,-159590.99937509064,321136.3830632383,443394.0170036735,-122257.63394043519,0.23616523081937907,58.14584344625473
81,indoors,scene_00021,indoors/scene_00021/scan_00191,val/indoors/scene_00021/scan_00191/00021_00191_indoors_060_050.png,798,798,1064,786432,78644,1101008.0,424276.0780177265,580931.074655336,-156654.9966376095,321136.3830632383,441860.292153207,-120723.90908996871,0.23546910190043818,70.65045926719904
81,indoors,scene_00021,indoors/scene_00021/scan_00191,val/indoors/scene_00021/scan_00191/00021_00191_indoors_060_050.png,854,854,1134,786432,78644,1101008.0,424276.0780177265,591431.9706380842,-167155.89262035774,321136.3830632383,446617.35443595925,-125480.97137272096,0.2396490728606794,99.23668392002583
81,indoors,scene_00021,indoors/scene_00021/scan_00191,val/indoors/scene_00021/scan_00191/00021_00191_indoors_060_050.png,910,910,1218,786432,78644,1101008.0,424276.0780177265,640620.7458074604,-216344.6677897339,321136.3830632383,482640.68804605637,-161504.30498281808,0.2464148009642649,120.05844991654158
81,indoors,scene_00021,indoors/scene_00021/scan_00191,val/indoors/scene_00021/scan_00191/00021_00191_indoors_060_050.png,966,966,1288,786432,78644,1101008.0,424276.0780177265,599427.4874373571,-175151.4094196306,321136.3830632383,449217.1553543291,-128080.7722910908,0.23521152870768278,136.41868717968464
81,indoors,scene_00021,indoors/scene_00021/scan_00191,val/indoors/scene_00021/scan_00191/00021_00191_indoors_060_050.png,1022,1022,1358,786432,78644,1101008.0,424276.0780177265,625576.5801779665,-201300.50216024002,321136.3830632383,468861.13868534676,-147724.75562210847,0.2340070422758479,204.9388363957405
82,indoors,scene_00021,indoors/scene_00021/scan_00191,val/indoors/scene_00021/scan_00191/00021_00191_indoors_220_000.png,518,518,686,786267,78627,1100775.0,930495.5131564231,930495.5131564231,0.0,487579.27898227813,487579.27898227813,0.0,0.1660532880783489,26.761204935610294
82,indoors,scene_00021,indoors/scene_00021/scan_00191,val/indoors/scene_00021/scan_00191/00021_00191_indoors_220_000.png,574,574,770,786267,78627,1100775.0,930495.5131564231,922369.0756439731,8126.437512450037,487579.27898227813,492546.52189191,-4967.2429096318665,0.16254951042639135,29.47027701884508
82,indoors,scene_00021,indoors/scene_00021/scan_00191,val/indoors/scene_00021/scan_00191/00021_00191_indoors_220_000.png,630,630,840,786267,78627,1100775.0,930495.5131564231,848656.547425576,81838.96573084709,487579.27898227813,439213.0439862625,48366.23499601561,0.17411226328830984,45.75890023261309
82,indoors,scene_00021,indoors/scene_00021/scan_00191,val/indoors/scene_00021/scan_00191/00021_00191_indoors_220_000.png,686,686,910,786267,78627,1100775.0,930495.5131564231,1085520.5708779313,-155025.0577215082,487579.27898227813,576275.5223500892,-88696.24336781102,0.1492645031193856,51.478383131325245
82,indoors,scene_00021,indoors/scene_00021/scan_00191,val/indoors/scene_00021/scan_00191/00021_00191_indoors_220_000.png,742,742,994,786267,78627,1100775.0,930495.5131564231,740344.3997417906,190151.1134146325,487579.27898227813,381266.24844165205,106313.03054062609,0.16437429153633848,58.22847597301006
82,indoors,scene_00021,indoors/scene_00021/scan_00191,val/indoors/scene_00021/scan_00191/00021_00191_indoors_220_000.png,798,798,1064,786267,78627,1100775.0,930495.5131564231,936699.3950786903,-6203.881922267145,487579.27898227813,471679.8561901478,15899.422792130325,0.16213464193498714,62.724185176193714
82,indoors,scene_00021,indoors/scene_00021/scan_00191,val/indoors/scene_00021/scan_00191/00021_00191_indoors_220_000.png,854,854,1134,786267,78627,1100775.0,930495.5131564231,849589.6703706626,80905.84278576053,487579.27898227813,448563.15059627604,39016.12838600209,0.1545368109574023,84.25254374742508
82,indoors,scene_00021,indoors/scene_00021/scan_00191,val/indoors/scene_00021/scan_00191/00021_00191_indoors_220_000.png,910,910,1218,786267,78627,1100775.0,930495.5131564231,809576.7602854527,120918.7528709704,487579.27898227813,410197.11547058716,77382.16351169097,0.16061487763392152,94.78087536990643
82,indoors,scene_00021,indoors/scene_00021/scan_00191,val/indoors/scene_00021/scan_00191/00021_00191_indoors_220_000.png,966,966,1288,786267,78627,1100775.0,930495.5131564231,689843.1571146876,240652.3560417355,487579.27898227813,356797.21476615296,130782.06421612517,0.1689099609024801,120.6600209698081
82,indoors,scene_00021,indoors/scene_00021/scan_00191,val/indoors/scene_00021/scan_00191/00021_00191_indoors_220_000.png,1022,1022,1358,786267,78627,1100775.0,930495.5131564231,756738.1437450628,173757.36941136036,487579.27898227813,391719.2486981168,95860.03028416133,0.165984767043457,148.28266855329275
83,indoors,scene_00021,indoors/scene_00021/scan_00191,val/indoors/scene_00021/scan_00191/00021_00191_indoors_220_020.png,518,518,686,786386,78639,1100942.0,1095039.2376962213,1095039.2376962213,0.0,682803.8780505147,682803.8780505147,0.0,0.1912009826255425,33.69909804314375
83,indoors,scene_00021,indoors/scene_00021/scan_00191,val/indoors/scene_00021/scan_00191/00021_00191_indoors_220_020.png,574,574,770,786386,78639,1100942.0,1095039.2376962213,995127.4496116304,99911.78808459092,682803.8780505147,604395.4496385739,78408.42841194081,0.19041407784390432,25.013010948896408
83,indoors,scene_00021,indoors/scene_00021/scan_00191,val/indoors/scene_00021/scan_00191/00021_00191_indoors_220_020.png,630,630,840,786386,78639,1100942.0,1095039.2376962213,1034097.0896362162,60942.14806000516,682803.8780505147,631027.1817104879,51776.6963400268,0.1987084652795879,51.62316374480724
83,indoors,scene_00021,indoors/scene_00021/scan_00191,val/indoors/scene_00021/scan_00191/00021_00191_indoors_220_020.png,686,686,910,786386,78639,1100942.0,1095039.2376962213,1067549.4824334707,27489.755262750667,682803.8780505147,617682.801080522,65121.07696999272,0.17047836725255602,44.84889190644026
83,indoors,scene_00021,indoors/scene_00021/scan_00191,val/indoors/scene_00021/scan_00191/00021_00191_indoors_220_020.png,742,742,994,786386,78639,1100942.0,1095039.2376962213,890405.2002160533,204634.03748016804,682803.8780505147,538809.3902325983,143994.48781791644,0.18025226182431228,50.37564877420664
83,indoors,scene_00021,indoors/scene_00021/scan_00191,val/indoors/scene_00021/scan_00191/00021_00191_indoors_220_020.png,798,798,1064,786386,78639,1100942.0,1095039.2376962213,1016538.0017655662,78501.23593065515,682803.8780505147,578527.3432099277,104276.53484058706,0.1890978739453873,70.36774978041649
83,indoors,scene_00021,indoors/scene_00021/scan_00191,val/indoors/scene_00021/scan_00191/00021_00191_indoors_220_020.png,854,854,1134,786386,78639,1100942.0,1095039.2376962213,937002.3430224222,158036.89467379916,682803.8780505147,548561.80912833,134242.06892218476,0.17975528699204832,83.68523418903351
83,indoors,scene_00021,indoors/scene_00021/scan_00191,val/indoors/scene_00021/scan_00191/00021_00191_indoors_220_020.png,910,910,1218,786386,78639,1100942.0,1095039.2376962213,949709.0175558242,145330.22014039708,682803.8780505147,547684.0407944664,135119.83725604834,0.17961159476657548,110.83227302879095
83,indoors,scene_00021,indoors/scene_00021/scan_00191,val/indoors/scene_00021/scan_00191/00021_00191_indoors_220_020.png,966,966,1288,786386,78639,1100942.0,1095039.2376962213,1199023.652079257,-103984.41438303562,682803.8780505147,665655.0230364787,17148.85501403606,0.16851015574877667,115.33194500952959
83,indoors,scene_00021,indoors/scene_00021/scan_00191,val/indoors/scene_00021/scan_00191/00021_00191_indoors_220_020.png,1022,1022,1358,786386,78639,1100942.0,1095039.2376962213,985118.5316475986,109920.70604862273,682803.8780505147,575186.365029835,107617.5130206797,0.17829943318921224,147.34502974897623
84,indoors,scene_00021,indoors/scene_00021/scan_00191,val/indoors/scene_00021/scan_00191/00021_00191_indoors_220_040.png,518,518,686,785690,78570,1099970.0,460301.7297327091,460301.7297327091,0.0,342159.38756495225,342159.38756495225,0.0,0.2459117274770167,23.010756820440292
84,indoors,scene_00021,indoors/scene_00021/scan_00191,val/indoors/scene_00021/scan_00191/00021_00191_indoors_220_040.png,574,574,770,785690,78570,1099970.0,460301.7297327091,447738.5915854846,12563.138147224498,342159.38756495225,321070.2460207794,21089.14154417283,0.22990079179711265,24.898157455027103
84,indoors,scene_00021,indoors/scene_00021/scan_00191,val/indoors/scene_00021/scan_00191/00021_00191_indoors_220_040.png,630,630,840,785690,78570,1099970.0,460301.7297327091,453572.3510771338,6729.378655575332,342159.38756495225,323769.1662875622,18390.221277390025,0.24040026222061364,38.46794366836548
84,indoors,scene_00021,indoors/scene_00021/scan_00191,val/indoors/scene_00021/scan_00191/00021_00191_indoors_220_040.png,686,686,910,785690,78570,1099970.0,460301.7297327091,481248.8605333243,-20947.13080061518,342159.38756495225,350495.75593539455,-8336.368370442302,0.226585088836589,45.0756810605526
84,indoors,scene_00021,indoors/scene_00021/scan_00191,val/indoors/scene_00021/scan_00191/00021_00191_indoors_220_040.png,742,742,994,785690,78570,1099970.0,460301.7297327091,459511.96284361556,789.7668890935602,342159.38756495225,326647.80630880373,15511.581256148522,0.22361782882926187,50.324936397373676
84,indoors,scene_00021,indoors/scene_00021/scan_00191,val/indoors/scene_00021/scan_00191/00021_00191_indoors_220_040.png,798,798,1064,785690,78570,1099970.0,460301.7297327091,489090.97761296644,-28789.247880257317,342159.38756495225,344795.753304863,-2636.365739910747,0.22795996974785032,62.87334579974413
84,indoors,scene_00021,indoors/scene_00021/scan_00191,val/indoors/scene_00021/scan_00191/00021_00191_indoors_220_040.png,854,854,1134,785690,78570,1099970.0,460301.7297327091,492964.22362873354,-32662.493896024418,342159.38756495225,354884.12144646683,-12724.733881514578,0.21744332287963197,83.39062426239252
84,indoors,scene_00021,indoors/scene_00021/scan_00191,val/indoors/scene_00021/scan_00191/00021_00191_indoors_220_040.png,910,910,1218,785690,78570,1099970.0,460301.7297327091,473860.3574090572,-13558.627676348086,342159.38756495225,337620.36643177224,4539.021133180009,0.21468860527553058,94.78987008333206
84,indoors,scene_00021,indoors/scene_00021/scan_00191,val/indoors/scene_00021/scan_00191/00021_00191_indoors_220_040.png,966,966,1288,785690,78570,1099970.0,460301.7297327091,495106.43823214795,-34804.70849943883,342159.38756495225,347166.339918658,-5006.9523537057685,0.21882956399408285,115.01130647957325
84,indoors,scene_00021,indoors/scene_00021/scan_00191,val/indoors/scene_00021/scan_00191/00021_00191_indoors_220_040.png,1022,1022,1358,785690,78570,1099970.0,460301.7297327091,474379.50918709615,-14077.779454387026,342159.38756495225,342193.2803451624,-33.89278021012433,0.20739392331737944,256.1189718544483
85,indoors,scene_00021,indoors/scene_00021/scan_00191,val/indoors/scene_00021/scan_00191/00021_00191_indoors_230_010.png,518,518,686,786348,78635,1100888.0,472268.07085638685,472268.07085638685,0.0,302555.5208801483,302555.5208801483,0.0,0.15877269717943723,53.87670919299126
85,indoors,scene_00021,indoors/scene_00021/scan_00191,val/indoors/scene_00021/scan_00191/00021_00191_indoors_230_010.png,574,574,770,786348,78635,1100888.0,472268.07085638685,461917.2518854232,10350.81897096365,302555.5208801483,277897.0209956128,24658.4998845355,0.14113091388807283,40.103256702423096
85,indoors,scene_00021,indoors/scene_00021/scan_00191,val/indoors/scene_00021/scan_00191/00021_00191_indoors_230_010.png,630,630,840,786348,78635,1100888.0,472268.07085638685,568885.2888412742,-96617.21798488736,302555.5208801483,332872.0212753242,-30316.500395175943,0.15157574657904802,44.33429893106222
85,indoors,scene_00021,indoors/scene_00021/scan_00191,val/indoors/scene_00021/scan_00191/00021_00191_indoors_230_010.png,686,686,910,786348,78635,1100888.0,472268.07085638685,528108.2404269164,-55840.16957052954,302555.5208801483,334753.12429741083,-32197.60341726255,0.14671315077561883,55.797833018004894
85,indoors,scene_00021,indoors/scene_00021/scan_00191,val/indoors/scene_00021/scan_00191/00021_00191_indoors_230_010.png,742,742,994,786348,78635,1100888.0,472268.07085638685,535995.4197251402,-63727.34886875335,302555.5208801483,307505.74328073347,-4950.2224005851895,0.1401144524975796,60.42706500738859
85,indoors,scene_00021,indoors/scene_00021/scan_00191,val/indoors/scene_00021/scan_00191/00021_00191_indoors_230_010.png,798,798,1064,786348,78635,1100888.0,472268.07085638685,573458.0486707425,-101189.97781435569,302555.5208801483,313472.9083027485,-10917.387422600237,0.13842946932972816,83.81796162575483
85,indoors,scene_00021,indoors/scene_00021/scan_00191,val/indoors/scene_00021/scan_00191/00021_00191_indoors_230_010.png,854,854,1134,786348,78635,1100888.0,472268.07085638685,468463.88293480815,3804.187921578705,302555.5208801483,267383.3480033709,35172.17287677736,0.14025380187014588,98.39026536792517
85,indoors,scene_00021,indoors/scene_00021/scan_00191,val/indoors/scene_00021/scan_00191/00021_00191_indoors_230_010.png,910,910,1218,786348,78635,1100888.0,472268.07085638685,528928.0639008295,-56659.99304444267,302555.5208801483,311237.9674099579,-8682.446529809618,0.14041969749552402,121.31318543106318
85,indoors,scene_00021,indoors/scene_00021/scan_00191,val/indoors/scene_00021/scan_00191/00021_00191_indoors_230_010.png,966,966,1288,786348,78635,1100888.0,472268.07085638685,517377.0465685412,-45108.97571215435,302555.5208801483,282479.63946639386,20075.881413754425,0.14057169621816637,137.75166403502226
85,indoors,scene_00021,indoors/scene_00021/scan_00191,val/indoors/scene_00021/scan_00191/00021_00191_indoors_230_010.png,1022,1022,1358,786348,78635,1100888.0,472268.07085638685,503287.5024665392,-31019.43161015236,302555.5208801483,291038.69832388125,11516.822556267027,0.14066287709359543,170.2907718718052
86,indoors,scene_00021,indoors/scene_00021/scan_00191,val/indoors/scene_00021/scan_00191/00021_00191_indoors_230_030.png,518,518,686,786354,78636,1100898.0,644343.6386865757,644343.6386865757,0.0,524712.4078823635,524712.4078823635,0.0,0.23537599180726076,26.976728811860085
86,indoors,scene_00021,indoors/scene_00021/scan_00191,val/indoors/scene_00021/scan_00191/00021_00191_indoors_230_030.png,574,574,770,786354,78636,1100898.0,644343.6386865757,653992.2184467829,-9648.579760207213,524712.4078823635,533909.4449149733,-9197.037032609805,0.2221112708216511,27.852613478899002
86,indoors,scene_00021,indoors/scene_00021/scan_00191,val/indoors/scene_00021/scan_00191/00021_00191_indoors_230_030.png,630,630,840,786354,78636,1100898.0,644343.6386865757,598567.2398118804,45776.3988746953,524712.4078823635,469441.8058055956,55270.602076767944,0.24443929957423666,46.36142496019602
86,indoors,scene_00021,indoors/scene_00021/scan_00191,val/indoors/scene_00021/scan_00191/00021_00191_indoors_230_030.png,686,686,910,786354,78636,1100898.0,644343.6386865757,623649.3758519099,20694.26283466583,524712.4078823635,504376.09220582905,20336.31567653449,0.21495548146227336,52.56211664527655
86,indoors,scene_00021,indoors/scene_00021/scan_00191,val/indoors/scene_00021/scan_00191/00021_00191_indoors_230_030.png,742,742,994,786354,78636,1100898.0,644343.6386865757,664632.7441486255,-20289.105462049833,524712.4078823635,539020.1783083924,-14307.770426028874,0.2137709448858232,62.41126079112291
86,indoors,scene_00021,indoors/scene_00021/scan_00191,val/indoors/scene_00021/scan_00191/00021_00191_indoors_230_030.png,798,798,1064,786354,78636,1100898.0,644343.6386865757,643548.6844932805,794.9541932952125,524712.4078823635,509260.3772716407,15452.030610722839,0.23674474595083647,74.54266585409641
86,indoors,scene_00021,indoors/scene_00021/scan_00191,val/indoors/scene_00021/scan_00191/00021_00191_indoors_230_030.png,854,854,1134,786354,78636,1100898.0,644343.6386865757,679445.662427255,-35102.02374067926,524712.4078823635,556970.9413067438,-32258.533424380235,0.21517323150368053,100.31064692884684
86,indoors,scene_00021,indoors/scene_00021/scan_00191,val/indoors/scene_00021/scan_00191/00021_00191_indoors_230_030.png,910,910,1218,786354,78636,1100898.0,644343.6386865757,660231.8516665914,-15888.212980015669,524712.4078823635,540652.9214201834,-15940.513537819847,0.2185573954991392,108.31048991531134
86,indoors,scene_00021,indoors/scene_00021/scan_00191,val/indoors/scene_00021/scan_00191/00021_00191_indoors_230_030.png,966,966,1288,786354,78636,1100898.0,644343.6386865757,650389.7015015453,-6046.062814969569,524712.4078823635,520182.06836055056,4530.3395218129735,0.2232574374550647,142.27990247309208
86,indoors,scene_00021,indoors/scene_00021/scan_00191,val/indoors/scene_00021/scan_00191/00021_00191_indoors_230_030.png,1022,1022,1358,786354,78636,1100898.0,644343.6386865757,639116.9700795871,5226.66860698862,524712.4078823635,523393.80493561924,1318.6029467443004,0.2006687200964983,180.22602051496506
87,indoors,scene_00021,indoors/scene_00021/scan_00191,val/indoors/scene_00021/scan_00191/00021_00191_indoors_330_030.png,518,518,686,786361,78637,1100909.0,560152.5176209874,560152.5176209874,0.0,367355.6683432111,367355.6683432111,0.0,0.09550702276013451,29.096459038555622
87,indoors,scene_00021,indoors/scene_00021/scan_00191,val/indoors/scene_00021/scan_00191/00021_00191_indoors_330_030.png,574,574,770,786361,78637,1100909.0,560152.5176209874,546248.688129611,13903.829491376411,367355.6683432111,355378.5057553746,11977.162587836501,0.08989630420503869,29.43104598671198
87,indoors,scene_00021,indoors/scene_00021/scan_00191,val/indoors/scene_00021/scan_00191/00021_00191_indoors_330_030.png,630,630,840,786361,78637,1100909.0,560152.5176209874,575534.9096476347,-15382.392026647343,367355.6683432111,371378.22526580415,-4022.5569225930376,0.08876821423555137,46.10873945057392
87,indoors,scene_00021,indoors/scene_00021/scan_00191,val/indoors/scene_00021/scan_00191/00021_00191_indoors_330_030.png,686,686,910,786361,78637,1100909.0,560152.5176209874,580213.4964899436,-20060.978868956212,367355.6683432111,369142.38326671603,-1786.7149235049146,0.08658936431731687,53.279902786016464
87,indoors,scene_00021,indoors/scene_00021/scan_00191,val/indoors/scene_00021/scan_00191/00021_00191_indoors_330_030.png,742,742,994,786361,78637,1100909.0,560152.5176209874,558246.8197877938,1905.6978331935825,367355.6683432111,355049.7847304285,12305.883612782636,0.08359851033518385,60.55473443120718
87,indoors,scene_00021,indoors/scene_00021/scan_00191,val/indoors/scene_00021/scan_00191/00021_00191_indoors_330_030.png,798,798,1064,786361,78637,1100909.0,560152.5176209874,625871.6280321386,-65719.1104111512,367355.6683432111,398306.37571125396,-30950.707368042844,0.08196604307744369,88.7014539912343
87,indoors,scene_00021,indoors/scene_00021/scan_00191,val/indoors/scene_00021/scan_00191/00021_00191_indoors_330_030.png,854,854,1134,786361,78637,1100909.0,560152.5176209874,648479.4990106804,-88326.98138969298,367355.6683432111,408361.5199326556,-41005.8515894445,0.08292379237568476,99.05512258410454
87,indoors,scene_00021,indoors/scene_00021/scan_00191,val/indoors/scene_00021/scan_00191/00021_00191_indoors_330_030.png,910,910,1218,786361,78637,1100909.0,560152.5176209874,640884.5139258308,-80731.99630484346,367355.6683432111,406522.22349626955,-39166.555153058434,0.0802117200175481,142.22047291696072
87,indoors,scene_00021,indoors/scene_00021/scan_00191,val/indoors/scene_00021/scan_00191/00021_00191_indoors_330_030.png,966,966,1288,786361,78637,1100909.0,560152.5176209874,636739.9761235823,-76587.45850259496,367355.6683432111,403121.3858934934,-35765.71755028231,0.07874549876466136,144.23670433461666
87,indoors,scene_00021,indoors/scene_00021/scan_00191,val/indoors/scene_00021/scan_00191/00021_00191_indoors_330_030.png,1022,1022,1358,786361,78637,1100909.0,560152.5176209874,683331.9628223603,-123179.44520137296,367355.6683432111,426684.17871762544,-59328.51037441433,0.07901026086212615,172.5278040394187
88,indoors,scene_00021,indoors/scene_00021/scan_00191,val/indoors/scene_00021/scan_00191/00021_00191_indoors_340_040.png,518,518,686,786371,78638,1100923.0,510490.74251079815,510490.74251079815,0.0,215469.36863052825,215469.36863052825,0.0,0.10144290086483278,38.4016465395689
88,indoors,scene_00021,indoors/scene_00021/scan_00191,val/indoors/scene_00021/scan_00191/00021_00191_indoors_340_040.png,574,574,770,786371,78638,1100923.0,510490.74251079815,532625.2036344815,-22134.461123683373,215469.36863052825,220004.89585820213,-4535.527227673883,0.10214090667325518,28.932008892297745
88,indoors,scene_00021,indoors/scene_00021/scan_00191,val/indoors/scene_00021/scan_00191/00021_00191_indoors_340_040.png,630,630,840,786371,78638,1100923.0,510490.74251079815,544153.1459830301,-33662.403472231934,215469.36863052825,226549.14524421762,-11079.776613689377,0.10108064967482668,45.57870514690876
88,indoors,scene_00021,indoors/scene_00021/scan_00191,val/indoors/scene_00021/scan_00191/00021_00191_indoors_340_040.png,686,686,910,786371,78638,1100923.0,510490.74251079815,582304.0549668502,-71813.31245605205,215469.36863052825,234824.34631274952,-19354.977682221273,0.09981640520690031,95.94750870019197
88,indoors,scene_00021,indoors/scene_00021/scan_00191,val/indoors/scene_00021/scan_00191/00021_00191_indoors_340_040.png,742,742,994,786371,78638,1100923.0,510490.74251079815,603095.3206293581,-92604.5781185599,215469.36863052825,244503.805533254,-29034.43690272575,0.09867862554407168,59.24551468342543
88,indoors,scene_00021,indoors/scene_00021/scan_00191,val/indoors/scene_00021/scan_00191/00021_00191_indoors_340_040.png,798,798,1064,786371,78638,1100923.0,510490.74251079815,587584.1577007016,-77093.41518990346,215469.36863052825,240970.08385513443,-25500.71522460619,0.09943839629467724,69.34043671935797
88,indoors,scene_00021,indoors/scene_00021/scan_00191,val/indoors/scene_00021/scan_00191/00021_00191_indoors_340_040.png,854,854,1134,786371,78638,1100923.0,510490.74251079815,665069.1519171607,-154578.40940636257,215469.36863052825,269361.2417437501,-53891.87311322187,0.0989994608065944,91.39123931527138
88,indoors,scene_00021,indoors/scene_00021/scan_00191,val/indoors/scene_00021/scan_00191/00021_00191_indoors_340_040.png,910,910,1218,786371,78638,1100923.0,510490.74251079815,643935.2705457042,-133444.52803490602,215469.36863052825,262000.27401178674,-46530.90538125849,0.09770798765472008,111.67233344167471
88,indoors,scene_00021,indoors/scene_00021/scan_00191,val/indoors/scene_00021/scan_00191/00021_00191_indoors_340_040.png,966,966,1288,786371,78638,1100923.0,510490.74251079815,678635.8194450673,-168145.07693426916,215469.36863052825,276984.7885586584,-61515.41992813014,0.09733550973417572,136.59658562391996
88,indoors,scene_00021,indoors/scene_00021/scan_00191,val/indoors/scene_00021/scan_00191/00021_00191_indoors_340_040.png,1022,1022,1358,786371,78638,1100923.0,510490.74251079815,669577.5378075785,-159086.7952967803,215469.36863052825,271175.43391448795,-55706.0652839597,0.0961763354866825,180.67008256912231
89,indoors,scene_00021,indoors/scene_00021/scan_00191,val/indoors/scene_00021/scan_00191/00021_00191_indoors_350_030.png,518,518,686,786375,78639,1100931.0,642992.5453417526,642992.5453417526,0.0,341152.22285849985,341152.22285849985,0.0,0.1024393030292219,35.42369697242975
89,indoors,scene_00021,indoors/scene_00021/scan_00191,val/indoors/scene_00021/scan_00191/00021_00191_indoors_350_030.png,574,574,770,786375,78639,1100931.0,642992.5453417526,652941.1414842571,-9948.59614250448,341152.22285849985,342013.5950903181,-861.3722318182699,0.10277165907593341,33.2267377525568
89,indoors,scene_00021,indoors/scene_00021/scan_00191,val/indoors/scene_00021/scan_00191/00021_00191_indoors_350_030.png,630,630,840,786375,78639,1100931.0,642992.5453417526,673904.4004872338,-30911.855145481182,341152.22285849985,362314.7181170181,-21162.495258518262,0.10080332464438196,47.066034749150276
89,indoors,scene_00021,indoors/scene_00021/scan_00191,val/indoors/scene_00021/scan_00191/00021_00191_indoors_350_030.png,686,686,910,786375,78639,1100931.0,642992.5453417526,640312.5877023279,2679.9576394247124,341152.22285849985,333505.2225619914,7647.000296508428,0.09982331676597608,53.60294133424759
89,indoors,scene_00021,indoors/scene_00021/scan_00191,val/indoors/scene_00021/scan_00191/00021_00191_indoors_350_030.png,742,742,994,786375,78639,1100931.0,642992.5453417526,680345.761175986,-37353.215834233444,341152.22285849985,354889.6440168529,-13737.421158353041,0.09780491461824602,63.33484873175621
89,indoors,scene_00021,indoors/scene_00021/scan_00191,val/indoors/scene_00021/scan_00191/00021_00191_indoors_350_030.png,798,798,1064,786375,78639,1100931.0,642992.5453417526,690984.4170710265,-47991.87172927393,341152.22285849985,368229.901450476,-27077.678591976175,0.09636443774487928,84.19561479240656
89,indoors,scene_00021,indoors/scene_00021/scan_00191,val/indoors/scene_00021/scan_00191/00021_00191_indoors_350_030.png,854,854,1134,786375,78639,1100931.0,642992.5453417526,707801.7387073438,-64809.19336559123,341152.22285849985,363199.8472280817,-22047.62436958187,0.096058862917203,104.98692002147436
89,indoors,scene_00021,indoors/scene_00021/scan_00191,val/indoors/scene_00021/scan_00191/00021_00191_indoors_350_030.png,910,910,1218,786375,78639,1100931.0,642992.5453417526,744189.0050646033,-101196.4597228507,341152.22285849985,382227.0661122219,-41074.843253722065,0.09599786988614445,181.7273823544383
89,indoors,scene_00021,indoors/scene_00021/scan_00191,val/indoors/scene_00021/scan_00191/00021_00191_indoors_350_030.png,966,966,1288,786375,78639,1100931.0,642992.5453417526,782943.576853409,-139951.03151165636,341152.22285849985,412216.7265261933,-71064.50366769347,0.09467157588754271,115.7558485865593
89,indoors,scene_00021,indoors/scene_00021/scan_00191,val/indoors/scene_00021/scan_00191/00021_00191_indoors_350_030.png,1022,1022,1358,786375,78639,1100931.0,642992.5453417526,824748.8344960129,-181756.2891542603,341152.22285849985,422085.4794834058,-80933.25662490597,0.09641685389286674,148.0576992034912
90,indoors,scene_00021,indoors/scene_00021/scan_00192,val/indoors/scene_00021/scan_00192/00021_00192_indoors_030_010.png,518,518,686,786177,78619,1100653.0,314020.40798209887,314020.40798209887,0.0,205204.9228641376,205204.9228641376,0.0,0.13958183146378114,23.136083036661148
90,indoors,scene_00021,indoors/scene_00021/scan_00192,val/indoors/scene_00021/scan_00192/00021_00192_indoors_030_010.png,574,574,770,786177,78619,1100653.0,314020.40798209887,309441.1653176371,4579.242664461781,205204.9228641376,199787.09237844442,5417.830485693179,0.13384194335209293,24.826979264616966
90,indoors,scene_00021,indoors/scene_00021/scan_00192,val/indoors/scene_00021/scan_00192/00021_00192_indoors_030_010.png,630,630,840,786177,78619,1100653.0,314020.40798209887,333731.20081258216,-19710.79283048329,205204.9228641376,214813.67305589147,-9608.750191753876,0.13331141978464953,38.44512812793255
90,indoors,scene_00021,indoors/scene_00021/scan_00192,val/indoors/scene_00021/scan_00192/00021_00192_indoors_030_010.png,686,686,910,786177,78619,1100653.0,314020.40798209887,339198.36424114654,-25177.95625904767,205204.9228641376,220238.85689846316,-15033.93403432556,0.1310420191750451,44.780755415558815
90,indoors,scene_00021,indoors/scene_00021/scan_00192,val/indoors/scene_00021/scan_00192/00021_00192_indoors_030_010.png,742,742,994,786177,78619,1100653.0,314020.40798209887,357696.7616250045,-43676.353642905655,205204.9228641376,230883.824821132,-25678.901956994407,0.1244568655079813,50.16283504664898
90,indoors,scene_00021,indoors/scene_00021/scan_00192,val/indoors/scene_00021/scan_00192/00021_00192_indoors_030_010.png,798,798,1064,786177,78619,1100653.0,314020.40798209887,320353.94859696296,-6333.5406148640905,205204.9228641376,205419.15187215508,-214.2290080174862,0.12266034074813252,65.19125401973724
90,indoors,scene_00021,indoors/scene_00021/scan_00192,val/indoors/scene_00021/scan_00192/00021_00192_indoors_030_010.png,854,854,1134,786177,78619,1100653.0,314020.40798209887,368215.30188266037,-54194.893900561496,205204.9228641376,241112.3293788544,-35907.4065147168,0.12356783583000705,83.31043273210526
90,indoors,scene_00021,indoors/scene_00021/scan_00192,val/indoors/scene_00021/scan_00192/00021_00192_indoors_030_010.png,910,910,1218,786177,78619,1100653.0,314020.40798209887,346184.8912827203,-32164.483300621447,205204.9228641376,223792.09217975423,-18587.16931561663,0.12142828597224946,95.33202927559614
90,indoors,scene_00021,indoors/scene_00021/scan_00192,val/indoors/scene_00021/scan_00192/00021_00192_indoors_030_010.png,966,966,1288,786177,78619,1100653.0,314020.40798209887,361754.47392896883,-47734.06594686996,205204.9228641376,235128.116364524,-29923.193500386406,0.12083175956279797,115.10347295552492
90,indoors,scene_00021,indoors/scene_00021/scan_00192,val/indoors/scene_00021/scan_00192/00021_00192_indoors_030_010.png,1022,1022,1358,786177,78619,1100653.0,314020.40798209887,357812.7736173363,-43792.365635237424,205204.9228641376,232112.69040116796,-26907.767537030362,0.12113243167781972,147.2811410203576
91,indoors,scene_00021,indoors/scene_00021/scan_00192,val/indoors/scene_00021/scan_00192/00021_00192_indoors_040_000.png,518,518,686,747636,74765,1046696.0,269545.0080272432,269545.0080272432,0.0,187079.42833115015,187079.42833115015,0.0,0.17926419642483063,22.929875180125237
91,indoors,scene_00021,indoors/scene_00021/scan_00192,val/indoors/scene_00021/scan_00192/00021_00192_indoors_040_000.png,574,574,770,747636,74765,1046696.0,269545.0080272432,294307.0309520631,-24762.022924819903,187079.42833115015,208351.59910376312,-21272.170772612968,0.1811389886526633,30.789408832788467
91,indoors,scene_00021,indoors/scene_00021/scan_00192,val/indoors/scene_00021/scan_00192/00021_00192_indoors_040_000.png,630,630,840,747636,74765,1046696.0,269545.0080272432,271435.13632428064,-1890.128297037445,187079.42833115015,183926.66272753393,3152.7656036162225,0.18220091817102188,38.39567583054304
91,indoors,scene_00021,indoors/scene_00021/scan_00192,val/indoors/scene_00021/scan_00192/00021_00192_indoors_040_000.png,686,686,910,747636,74765,1046696.0,269545.0080272432,292301.75466594065,-22756.746638697456,187079.42833115015,207540.1902013134,-20460.76187016326,0.17125971246045044,44.8120292276144
91,indoors,scene_00021,indoors/scene_00021/scan_00192,val/indoors/scene_00021/scan_00192/00021_00192_indoors_040_000.png,742,742,994,747636,74765,1046696.0,269545.0080272432,283549.9551511952,-14004.947123951977,187079.42833115015,199973.1559186281,-12893.727587477944,0.16918905115838975,50.33189058303833
91,indoors,scene_00021,indoors/scene_00021/scan_00192,val/indoors/scene_00021/scan_00192/00021_00192_indoors_040_000.png,798,798,1064,747636,74765,1046696.0,269545.0080272432,267548.7889763103,1996.2190509329084,187079.42833115015,183192.21104951864,3887.217281631514,0.1669863320446584,62.92141508311033
91,indoors,scene_00021,indoors/scene_00021/scan_00192,val/indoors/scene_00021/scan_00192/00021_00192_indoors_040_000.png,854,854,1134,747636,74765,1046696.0,269545.0080272432,279162.2061171534,-9617.198089910205,187079.42833115015,197444.5841009079,-10365.155769757752,0.16843869418961452,83.67355447262526
91,indoors,scene_00021,indoors/scene_00021/scan_00192,val/indoors/scene_00021/scan_00192/00021_00192_indoors_040_000.png,910,910,1218,747636,74765,1046696.0,269545.0080272432,292043.44713634066,-22498.439109097468,187079.42833115015,206458.92556904483,-19379.497237894684,0.16629095644312836,94.76485289633274
91,indoors,scene_00021,indoors/scene_00021/scan_00192,val/indoors/scene_00021/scan_00192/00021_00192_indoors_040_000.png,966,966,1288,747636,74765,1046696.0,269545.0080272432,274106.0176759602,-4561.0096487170085,187079.42833115015,190039.69264046077,-2960.264309310616,0.15984687438015013,115.44917896389961
91,indoors,scene_00021,indoors/scene_00021/scan_00192,val/indoors/scene_00021/scan_00192/00021_00192_indoors_040_000.png,1022,1022,1358,747636,74765,1046696.0,269545.0080272432,312724.3830632319,-43179.37503598869,187079.42833115015,225431.91429408616,-38352.485962936014,0.1654384775025039,147.25276175886393
92,indoors,scene_00021,indoors/scene_00021/scan_00192,val/indoors/scene_00021/scan_00192/00021_00192_indoors_220_000.png,518,518,686,785500,78550,1099700.0,2006336.035471793,2006336.035471793,0.0,567763.2174566116,567763.2174566116,0.0,0.23800040791104343,22.91732095181942
92,indoors,scene_00021,indoors/scene_00021/scan_00192,val/indoors/scene_00021/scan_00192/00021_00192_indoors_220_000.png,574,574,770,785500,78550,1099700.0,2006336.035471793,2390109.2917424426,-383773.2562706496,567763.2174566116,699493.4843444024,-131730.26688779087,0.23447484944506142,34.76956766098738
92,indoors,scene_00021,indoors/scene_00021/scan_00192,val/indoors/scene_00021/scan_00192/00021_00192_indoors_220_000.png,630,630,840,785500,78550,1099700.0,2006336.035471793,2735032.56518228,-728696.5297104868,567763.2174566116,833000.5177563023,-265237.3002996907,0.22859775930375426,54.61477022618055
92,indoors,scene_00021,indoors/scene_00021/scan_00192,val/indoors/scene_00021/scan_00192/00021_00192_indoors_220_000.png,686,686,910,785500,78550,1099700.0,2006336.035471793,2508760.826101113,-502424.7906293201,567763.2174566116,753988.166498658,-186224.94904204644,0.22714161580851808,46.01861722767353
92,indoors,scene_00021,indoors/scene_00021/scan_00192,val/indoors/scene_00021/scan_00192/00021_00192_indoors_220_000.png,742,742,994,785500,78550,1099700.0,2006336.035471793,2827481.75390836,-821145.7184365669,567763.2174566116,872918.3115785604,-305155.0941219488,0.22496430239524146,50.43265875428915
92,indoors,scene_00021,indoors/scene_00021/scan_00192,val/indoors/scene_00021/scan_00192/00021_00192_indoors_220_000.png,798,798,1064,785500,78550,1099700.0,2006336.035471793,2898628.3630654006,-892292.3275936076,567763.2174566116,907293.493781714,-339530.27632510243,0.22312077793899188,66.41392409801483
92,indoors,scene_00021,indoors/scene_00021/scan_00192,val/indoors/scene_00021/scan_00192/00021_00192_indoors_220_000.png,854,854,1134,785500,78550,1099700.0,2006336.035471793,2308329.866745759,-301993.83127396577,567763.2174566116,699037.5676334926,-131274.35017688107,0.22102084484000206,83.4506368264556
92,indoors,scene_00021,indoors/scene_00021/scan_00192,val/indoors/scene_00021/scan_00192/00021_00192_indoors_220_000.png,910,910,1218,785500,78550,1099700.0,2006336.035471793,2964213.37520245,-957877.3397306569,567763.2174566116,927938.0881618502,-360174.87070523866,0.21874767303301457,97.65041433274746
92,indoors,scene_00021,indoors/scene_00021/scan_00192,val/indoors/scene_00021/scan_00192/00021_00192_indoors_220_000.png,966,966,1288,785500,78550,1099700.0,2006336.035471793,3207768.2053821073,-1201432.1699103143,567763.2174566116,1075072.0117618868,-507308.7943052752,0.2181376996655243,115.65553676337004
92,indoors,scene_00021,indoors/scene_00021/scan_00192,val/indoors/scene_00021/scan_00192/00021_00192_indoors_220_000.png,1022,1022,1358,785500,78550,1099700.0,2006336.035471793,3071446.414635056,-1065110.3791632631,567763.2174566116,980036.7594813919,-412273.5420247803,0.21653466917619751,147.3587555810809
93,indoors,scene_00021,indoors/scene_00021/scan_00192,val/indoors/scene_00021/scan_00192/00021_00192_indoors_240_000.png,518,518,686,783783,78379,1097299.0,728969.8199434819,728969.8199434819,0.0,502140.80239818635,502140.80239818635,0.0,0.16642970780913346,22.79647346585989
93,indoors,scene_00021,indoors/scene_00021/scan_00192,val/indoors/scene_00021/scan_00192/00021_00192_indoors_240_000.png,574,574,770,783783,78379,1097299.0,728969.8199434819,674442.0493800342,54527.77056344773,502140.80239818635,456405.384860761,45735.417537425354,0.16550493523794774,24.792400188744068
93,indoors,scene_00021,indoors/scene_00021/scan_00192,val/indoors/scene_00021/scan_00192/00021_00192_indoors_240_000.png,630,630,840,783783,78379,1097299.0,728969.8199434819,688821.1913547342,40148.6285887477,502140.80239818635,463417.58611063694,38723.21628754941,0.16903089245531594,38.34905009716749
93,indoors,scene_00021,indoors/scene_00021/scan_00192,val/indoors/scene_00021/scan_00192/00021_00192_indoors_240_000.png,686,686,910,783783,78379,1097299.0,728969.8199434819,706602.1559290084,22367.664014473557,502140.80239818635,474942.07959678886,27198.722801397496,0.15786109820075928,45.504964888095856
93,indoors,scene_00021,indoors/scene_00021/scan_00192,val/indoors/scene_00021/scan_00192/00021_00192_indoors_240_000.png,742,742,994,783783,78379,1097299.0,728969.8199434819,692023.5871830904,36946.23276039155,502140.80239818635,466345.9630355836,35794.83936260274,0.15712886843730867,55.10140489786863
93,indoors,scene_00021,indoors/scene_00021/scan_00192,val/indoors/scene_00021/scan_00192/00021_00192_indoors_240_000.png,798,798,1064,783783,78379,1097299.0,728969.8199434819,651078.2174491847,77891.6024942972,502140.80239818635,429047.43926112703,73093.36313705932,0.16347775069035803,80.22926654666662
93,indoors,scene_00021,indoors/scene_00021/scan_00192,val/indoors/scene_00021/scan_00192/00021_00192_indoors_240_000.png,854,854,1134,783783,78379,1097299.0,728969.8199434819,624934.8153000234,104035.00464345852,502140.80239818635,416996.06162582483,85144.74077236152,0.16005749794495755,83.43634847551584
93,indoors,scene_00021,indoors/scene_00021/scan_00192,val/indoors/scene_00021/scan_00192/00021_00192_indoors_240_000.png,910,910,1218,783783,78379,1097299.0,728969.8199434819,581422.6832999884,147547.13664349355,502140.80239818635,385847.9209214156,116292.88147677074,0.15773836429956528,94.71778757870197
93,indoors,scene_00021,indoors/scene_00021/scan_00192,val/indoors/scene_00021/scan_00192/00021_00192_indoors_240_000.png,966,966,1288,783783,78379,1097299.0,728969.8199434819,603263.6364898382,125706.1834536437,502140.80239818635,400265.32180479146,101875.4805933949,0.16400013818483053,120.82827277481556
93,indoors,scene_00021,indoors/scene_00021/scan_00192,val/indoors/scene_00021/scan_00192/00021_00192_indoors_240_000.png,1022,1022,1358,783783,78379,1097299.0,728969.8199434819,627512.8115490188,101457.0083944631,502140.80239818635,417080.3549104569,85060.44748772943,0.15798540862669475,154.18649651110172
94,indoors,scene_00021,indoors/scene_00021/scan_00192,val/indoors/scene_00021/scan_00192/00021_00192_indoors_240_020.png,518,518,686,784168,78417,1097836.0,628466.3907040426,628466.3907040426,0.0,377512.31266872684,377512.31266872684,0.0,0.15192758305886264,22.936157882213593
94,indoors,scene_00021,indoors/scene_00021/scan_00192,val/indoors/scene_00021/scan_00192/00021_00192_indoors_240_020.png,574,574,770,784168,78417,1097836.0,628466.3907040426,577583.4795732759,50882.91113076673,377512.31266872684,341856.7150060074,35655.59766271943,0.1521022484033925,24.89117532968521
94,indoors,scene_00021,indoors/scene_00021/scan_00192,val/indoors/scene_00021/scan_00192/00021_00192_indoors_240_020.png,630,630,840,784168,78417,1097836.0,628466.3907040426,649532.0519706518,-21065.66126660921,377512.31266872684,372039.8945173446,5472.4181513822405,0.1575702802142499,38.58576249331236
94,indoors,scene_00021,indoors/scene_00021/scan_00192,val/indoors/scene_00021/scan_00192/00021_00192_indoors_240_020.png,686,686,910,784168,78417,1097836.0,628466.3907040426,623025.8904608057,5440.500243236893,377512.31266872684,364188.617894277,13323.694774449861,0.15134792616661513,45.04491947591305
94,indoors,scene_00021,indoors/scene_00021/scan_00192,val/indoors/scene_00021/scan_00192/00021_00192_indoors_240_020.png,742,742,994,784168,78417,1097836.0,628466.3907040426,630747.0103844929,-2280.619680450298,377512.31266872684,375317.8276403971,2194.485028329713,0.149442392109942,51.60357430577278
94,indoors,scene_00021,indoors/scene_00021/scan_00192,val/indoors/scene_00021/scan_00192/00021_00192_indoors_240_020.png,798,798,1064,784168,78417,1097836.0,628466.3907040426,633499.5866924222,-5033.195988379535,377512.31266872684,362963.6982069706,14548.614461756253,0.1526431217138138,148.08052498847246
94,indoors,scene_00021,indoors/scene_00021/scan_00192,val/indoors/scene_00021/scan_00192/00021_00192_indoors_240_020.png,854,854,1134,784168,78417,1097836.0,628466.3907040426,609846.5194422312,18619.871261811466,377512.31266872684,353201.96865186834,24310.344016858493,0.1495433786478434,195.59454638510942
94,indoors,scene_00021,indoors/scene_00021/scan_00192,val/indoors/scene_00021/scan_00192/00021_00192_indoors_240_020.png,910,910,1218,784168,78417,1097836.0,628466.3907040426,615262.7648460044,13203.625858038198,377512.31266872684,352781.0393182207,24731.273350506148,0.15047529706258242,219.82130873948336
94,indoors,scene_00021,indoors/scene_00021/scan_00192,val/indoors/scene_00021/scan_00192/00021_00192_indoors_240_020.png,966,966,1288,784168,78417,1097836.0,628466.3907040426,628762.3656243335,-295.9749202908715,377512.31266872684,359736.4686684152,17775.844000311627,0.15099215270864205,137.16710358858109
94,indoors,scene_00021,indoors/scene_00021/scan_00192,val/indoors/scene_00021/scan_00192/00021_00192_indoors_240_020.png,1022,1022,1358,784168,78417,1097836.0,628466.3907040426,576573.7581355874,51892.632568455185,377512.31266872684,335563.83703934867,41948.47562937817,0.15173257040458898,173.62769693136215
95,indoors,scene_00021,indoors/scene_00021/scan_00192,val/indoors/scene_00021/scan_00192/00021_00192_indoors_300_020.png,518,518,686,784636,78465,1098496.0,899884.6726203479,899884.6726203479,0.0,428688.3413595201,428688.3413595201,0.0,0.08999239160072099,28.153352439403534
95,indoors,scene_00021,indoors/scene_00021/scan_00192,val/indoors/scene_00021/scan_00192/00021_00192_indoors_300_020.png,574,574,770,784636,78465,1098496.0,899884.6726203479,863112.9266373938,36771.74598295416,428688.3413595201,406337.99638859654,22350.344970923557,0.08808343495286326,39.44212291389704
95,indoors,scene_00021,indoors/scene_00021/scan_00192,val/indoors/scene_00021/scan_00192/00021_00192_indoors_300_020.png,630,630,840,784636,78465,1098496.0,899884.6726203479,878181.1914609505,21703.4811593974,428688.3413595201,425704.56548089895,2983.775878621149,0.08744986417557332,78.06205749511719
95,indoors,scene_00021,indoors/scene_00021/scan_00192,val/indoors/scene_00021/scan_00192/00021_00192_indoors_300_020.png,686,686,910,784636,78465,1098496.0,899884.6726203479,989202.2235322071,-89317.55091185914,428688.3413595201,462108.5529225493,-33420.21156302921,0.08870279201291074,62.451439909636974
95,indoors,scene_00021,indoors/scene_00021/scan_00192,val/indoors/scene_00021/scan_00192/00021_00192_indoors_300_020.png,742,742,994,784636,78465,1098496.0,899884.6726203479,926614.3841299689,-26729.711509621004,428688.3413595201,437252.4428429736,-8564.10148345353,0.09389121514521998,60.30269246548414
95,indoors,scene_00021,indoors/scene_00021/scan_00192,val/indoors/scene_00021/scan_00192/00021_00192_indoors_300_020.png,798,798,1064,784636,78465,1098496.0,899884.6726203479,773688.7717957943,126195.90082455368,428688.3413595201,355664.2631006268,73024.07825889328,0.08728486796900413,71.28718681633472
95,indoors,scene_00021,indoors/scene_00021/scan_00192,val/indoors/scene_00021/scan_00192/00021_00192_indoors_300_020.png,854,854,1134,784636,78465,1098496.0,899884.6726203479,710398.540268762,189486.1323515859,428688.3413595201,327851.3144102141,100837.02694930602,0.08961192719643361,126.64000317454338
95,indoors,scene_00021,indoors/scene_00021/scan_00192,val/indoors/scene_00021/scan_00192/00021_00192_indoors_300_020.png,910,910,1218,784636,78465,1098496.0,899884.6726203479,811023.332253018,88861.34036732989,428688.3413595201,379675.44110244967,49012.90025707043,0.09398619097959159,105.23253679275513
95,indoors,scene_00021,indoors/scene_00021/scan_00192,val/indoors/scene_00021/scan_00192/00021_00192_indoors_300_020.png,966,966,1288,784636,78465,1098496.0,899884.6726203479,921801.7506687075,-21917.078048359603,428688.3413595201,426779.17407807056,1909.1672814495396,0.08918388107974727,133.5709197446704
95,indoors,scene_00021,indoors/scene_00021/scan_00192,val/indoors/scene_00021/scan_00192/00021_00192_indoors_300_020.png,1022,1022,1358,784636,78465,1098496.0,899884.6726203479,964747.5601867717,-64862.88756642374,428688.3413595201,451287.4695292206,-22599.128169700503,0.08928797916021472,168.28450746834278
96,indoors,scene_00021,indoors/scene_00021/scan_00192,val/indoors/scene_00021/scan_00192/00021_00192_indoors_310_010.png,518,518,686,784495,78451,1098299.0,1217761.9379345733,1217761.9379345733,0.0,608299.5426418523,608299.5426418523,0.0,0.08684432736656111,26.6782408580184
96,indoors,scene_00021,indoors/scene_00021/scan_00192,val/indoors/scene_00021/scan_00192/00021_00192_indoors_310_010.png,574,574,770,784495,78451,1098299.0,1217761.9379345733,1266493.3059459405,-48731.368011367274,608299.5426418523,630810.8848749339,-22511.34223308158,0.0863274223885601,28.851126320660114
96,indoors,scene_00021,indoors/scene_00021/scan_00192,val/indoors/scene_00021/scan_00192/00021_00192_indoors_310_010.png,630,630,840,784495,78451,1098299.0,1217761.9379345733,1258288.8251381898,-40526.887203616556,608299.5426418523,620550.397500421,-12250.854858568753,0.0840997855985641,74.27352201193571
96,indoors,scene_00021,indoors/scene_00021/scan_00192,val/indoors/scene_00021/scan_00192/00021_00192_indoors_310_010.png,686,686,910,784495,78451,1098299.0,1217761.9379345733,1113223.568976431,104538.36895814235,608299.5426418523,557949.4629178992,50350.07972395304,0.08741565509410225,52.95632593333721
96,indoors,scene_00021,indoors/scene_00021/scan_00192,val/indoors/scene_00021/scan_00192/00021_00192_indoors_310_010.png,742,742,994,784495,78451,1098299.0,1217761.9379345733,1132066.9555386319,85694.98239594139,608299.5426418523,563795.7233262516,44503.819315600675,0.08317474411971326,59.8370423540473
96,indoors,scene_00021,indoors/scene_00021/scan_00192,val/indoors/scene_00021/scan_00192/00021_00192_indoors_310_010.png,798,798,1064,784495,78451,1098299.0,1217761.9379345733,1118232.0958806414,99529.8420539319,608299.5426418523,561819.1666119905,46480.37602986174,0.08269204942838658,75.33047627657652
96,indoors,scene_00021,indoors/scene_00021/scan_00192,val/indoors/scene_00021/scan_00192/00021_00192_indoors_310_010.png,854,854,1134,784495,78451,1098299.0,1217761.9379345733,1207979.0849788669,9782.852955706418,608299.5426418523,593773.2194872578,14526.323154594516,0.0824233272604031,99.07210990786552
96,indoors,scene_00021,indoors/scene_00021/scan_00192,val/indoors/scene_00021/scan_00192/00021_00192_indoors_310_010.png,910,910,1218,784495,78451,1098299.0,1217761.9379345733,1124115.3258621146,93646.61207245872,608299.5426418523,552174.2363243466,56125.30631750566,0.08219335343719841,107.33839776366949
96,indoors,scene_00021,indoors/scene_00021/scan_00192,val/indoors/scene_00021/scan_00192/00021_00192_indoors_310_010.png,966,966,1288,784495,78451,1098299.0,1217761.9379345733,1103359.2981669712,114402.63976760209,608299.5426418523,544129.8260751561,64169.71656669618,0.0808577592749973,135.24930365383625
96,indoors,scene_00021,indoors/scene_00021/scan_00192,val/indoors/scene_00021/scan_00192/00021_00192_indoors_310_010.png,1022,1022,1358,784495,78451,1098299.0,1217761.9379345733,1002102.5967325822,215659.34120199108,608299.5426418523,496728.0352539067,111571.5073879456,0.07983708773757738,178.0830966308713
97,indoors,scene_00021,indoors/scene_00021/scan_00192,val/indoors/scene_00021/scan_00192/00021_00192_indoors_320_020.png,518,518,686,785218,78523,1099310.0,680916.8295380414,680916.8295380414,0.0,330496.0969216109,330496.0969216109,0.0,0.1130260128701884,27.17025950551033
97,indoors,scene_00021,indoors/scene_00021/scan_00192,val/indoors/scene_00021/scan_00192/00021_00192_indoors_320_020.png,574,574,770,785218,78523,1099310.0,680916.8295380414,458319.04491185874,222597.78462618263,330496.0969216109,214993.49516457858,115502.6017570323,0.10888856471321733,29.864467680454254
97,indoors,scene_00021,indoors/scene_00021/scan_00192,val/indoors/scene_00021/scan_00192/00021_00192_indoors_320_020.png,630,630,840,785218,78523,1099310.0,680916.8295380414,500745.8645187131,180170.9650193283,330496.0969216109,245207.72967140243,85288.36725020845,0.10903308013752913,66.50400161743164
97,indoors,scene_00021,indoors/scene_00021/scan_00192,val/indoors/scene_00021/scan_00192/00021_00192_indoors_320_020.png,686,686,910,785218,78523,1099310.0,680916.8295380414,525930.1195564312,154986.70998161018,330496.0969216109,245411.78600615382,85084.31091545706,0.10876649055352984,63.95625974982977
97,indoors,scene_00021,indoors/scene_00021/scan_00192,val/indoors/scene_00021/scan_00192/00021_00192_indoors_320_020.png,742,742,994,785218,78523,1099310.0,680916.8295380414,501336.457058881,179580.37247916037,330496.0969216109,237129.53288881498,93366.5640327959,0.10954968271211087,59.74163208156824
97,indoors,scene_00021,indoors/scene_00021/scan_00192,val/indoors/scene_00021/scan_00192/00021_00192_indoors_320_020.png,798,798,1064,785218,78523,1099310.0,680916.8295380414,463173.00970790733,217743.81983013405,330496.0969216109,223976.48140828777,106519.61551332311,0.10666396110213883,75.42595639824867
97,indoors,scene_00021,indoors/scene_00021/scan_00192,val/indoors/scene_00021/scan_00192/00021_00192_indoors_320_020.png,854,854,1134,785218,78523,1099310.0,680916.8295380414,526359.4678842097,154557.36165383167,330496.0969216109,250749.46390483002,79746.63301678086,0.10988570263304007,99.15749449282885
97,indoors,scene_00021,indoors/scene_00021/scan_00192,val/indoors/scene_00021/scan_00192/00021_00192_indoors_320_020.png,910,910,1218,785218,78523,1099310.0,680916.8295380414,544019.6083452307,136897.22119281068,330496.0969216109,259305.23113536634,71190.86578624454,0.10724088391275359,112.37624194473028
97,indoors,scene_00021,indoors/scene_00021/scan_00192,val/indoors/scene_00021/scan_00192/00021_00192_indoors_320_020.png,966,966,1288,785218,78523,1099310.0,680916.8295380414,588943.3878254008,91973.44171264058,330496.0969216109,285292.2256132536,45203.87130835728,0.10818156037308733,135.5632720515132
97,indoors,scene_00021,indoors/scene_00021/scan_00192,val/indoors/scene_00021/scan_00192/00021_00192_indoors_320_020.png,1022,1022,1358,785218,78523,1099310.0,680916.8295380414,634098.7006107139,46818.12892732746,330496.0969216109,299528.6672146127,30967.42970699817,0.10760571233095031,175.66617764532566
98,indoors,scene_00021,indoors/scene_00021/scan_00192,val/indoors/scene_00021/scan_00192/00021_00192_indoors_340_000.png,518,518,686,785291,78530,1099411.0,295474.77423972404,295474.77423972404,0.0,208138.52512400207,208138.52512400207,0.0,0.13652028136663255,22.9329327121377
98,indoors,scene_00021,indoors/scene_00021/scan_00192,val/indoors/scene_00021/scan_00192/00021_00192_indoors_340_000.png,574,574,770,785291,78530,1099411.0,295474.77423972404,312601.77354685415,-17126.999307130114,208138.52512400207,220695.73657868657,-12557.211454684497,0.1301025810559665,24.990213103592396
98,indoors,scene_00021,indoors/scene_00021/scan_00192,val/indoors/scene_00021/scan_00192/00021_00192_indoors_340_000.png,630,630,840,785291,78530,1099411.0,295474.77423972404,302316.7560291488,-6841.981789424783,208138.52512400207,218571.92032985977,-10433.395205857698,0.1280411319810919,38.3712500333786
98,indoors,scene_00021,indoors/scene_00021/scan_00192,val/indoors/scene_00021/scan_00192/00021_00192_indoors_340_000.png,686,686,910,785291,78530,1099411.0,295474.77423972404,295665.42153036525,-190.6472906412091,208138.52512400207,210483.21495126738,-2344.689827265305,0.124994089653507,51.73656530678272
98,indoors,scene_00021,indoors/scene_00021/scan_00192,val/indoors/scene_00021/scan_00192/00021_00192_indoors_340_000.png,742,742,994,785291,78530,1099411.0,295474.77423972404,341792.45887152024,-46317.684631796204,208138.52512400207,243456.1391191905,-35317.61399518844,0.12362146976227921,51.00590083748102
98,indoors,scene_00021,indoors/scene_00021/scan_00192,val/indoors/scene_00021/scan_00192/00021_00192_indoors_340_000.png,798,798,1064,785291,78530,1099411.0,295474.77423972404,295567.93641044584,-93.16217072180007,208138.52512400207,211872.7877727484,-3734.262648746313,0.12479399144601763,62.85857129842043
98,indoors,scene_00021,indoors/scene_00021/scan_00192,val/indoors/scene_00021/scan_00192/00021_00192_indoors_340_000.png,854,854,1134,785291,78530,1099411.0,295474.77423972404,336694.50201443664,-41219.727774712606,208138.52512400207,239811.69244879158,-31673.16732478951,0.1196304312494986,83.17781053483486
98,indoors,scene_00021,indoors/scene_00021/scan_00192,val/indoors/scene_00021/scan_00192/00021_00192_indoors_340_000.png,910,910,1218,785291,78530,1099411.0,295474.77423972404,323971.3262854776,-28496.552045753575,208138.52512400207,229562.81388592266,-21424.288761920587,0.12293959921902148,94.50191725045443
98,indoors,scene_00021,indoors/scene_00021/scan_00192,val/indoors/scene_00021/scan_00192/00021_00192_indoors_340_000.png,966,966,1288,785291,78530,1099411.0,295474.77423972404,320896.5961160605,-25421.82187633647,208138.52512400207,232223.45438559982,-24084.929261597747,0.11981005384962362,114.68008253723383
98,indoors,scene_00021,indoors/scene_00021/scan_00192,val/indoors/scene_00021/scan_00192/00021_00192_indoors_340_000.png,1022,1022,1358,785291,78530,1099411.0,295474.77423972404,329450.66384094395,-33975.88960121991,208138.52512400207,235414.79693256158,-27276.27180855951,0.12235830300518553,147.70820084959269
99,indoors,scene_00021,indoors/scene_00021/scan_00192,val/indoors/scene_00021/scan_00192/00021_00192_indoors_350_030.png,518,518,686,786408,78641,1100972.0,537557.2181014083,537557.2181014083,0.0,372642.92662291304,372642.92662291304,0.0,0.18255858193787058,23.19756429642439
99,indoors,scene_00021,indoors/scene_00021/scan_00192,val/indoors/scene_00021/scan_00192/00021_00192_indoors_350_030.png,574,574,770,786408,78641,1100972.0,537557.2181014083,556041.0472351997,-18483.829133791383,372642.92662291304,379173.4079923219,-6530.481369408837,0.17438785374013802,24.87055491656065
99,indoors,scene_00021,indoors/scene_00021/scan_00192,val/indoors/scene_00021/scan_00192/00021_00192_indoors_350_030.png,630,630,840,786408,78641,1100972.0,537557.2181014083,563096.9468843344,-25539.728782926104,372642.92662291304,387001.27710608835,-14358.350483175309,0.17768891518612573,42.88222175091505
99,indoors,scene_00021,indoors/scene_00021/scan_00192,val/indoors/scene_00021/scan_00192/00021_00192_indoors_350_030.png,686,686,910,786408,78641,1100972.0,537557.2181014083,609879.8157159246,-72322.59761451627,372642.92662291304,416078.6766332628,-43435.75001034973,0.17198489063704298,47.27884102612734
99,indoors,scene_00021,indoors/scene_00021/scan_00192,val/indoors/scene_00021/scan_00192/00021_00192_indoors_350_030.png,742,742,994,786408,78641,1100972.0,537557.2181014083,577609.7732563125,-40052.55515490414,372642.92662291304,390064.1931496581,-17421.26652674505,0.1670222329236858,50.385795533657074
99,indoors,scene_00021,indoors/scene_00021/scan_00192,val/indoors/scene_00021/scan_00192/00021_00192_indoors_350_030.png,798,798,1064,786408,78641,1100972.0,537557.2181014083,590134.9756275206,-52577.757526112255,372642.92662291304,400025.9114527615,-27382.984829848458,0.16636663792623452,64.22114372253418
99,indoors,scene_00021,indoors/scene_00021/scan_00192,val/indoors/scene_00021/scan_00192/00021_00192_indoors_350_030.png,854,854,1134,786408,78641,1100972.0,537557.2181014083,635816.3342277448,-98259.1161263365,372642.92662291304,434463.09720495105,-61820.170582038,0.16352950314155026,98.17800112068653
99,indoors,scene_00021,indoors/scene_00021/scan_00192,val/indoors/scene_00021/scan_00192/00021_00192_indoors_350_030.png,910,910,1218,786408,78641,1100972.0,537557.2181014083,595733.7937191832,-58176.575617774855,372642.92662291304,403572.4503507289,-30929.52372781583,0.16022901513516516,94.38086580485106
99,indoors,scene_00021,indoors/scene_00021/scan_00192,val/indoors/scene_00021/scan_00192/00021_00192_indoors_350_030.png,966,966,1288,786408,78641,1100972.0,537557.2181014083,636524.7220416244,-98967.50394021603,372642.92662291304,435673.3984500159,-63030.47182710288,0.1577719644168734,115.53025618195534
99,indoors,scene_00021,indoors/scene_00021/scan_00192,val/indoors/scene_00021/scan_00192/00021_00192_indoors_350_030.png,1022,1022,1358,786408,78641,1100972.0,537557.2181014083,646952.0997855349,-109394.88168412657,372642.92662291304,443125.8383934496,-70482.91177053656,0.16196650282220823,146.94877620786428
100,outdoor,scene_00022,outdoor/scene_00022/scan_00193,val/outdoor/scene_00022/scan_00193/00022_00193_outdoor_000_000.png,518,518,686,756327,75605,1058747.0,835351.2758342768,835351.2758342768,0.0,316323.96610950684,316323.96610950684,0.0,0.049810309199182314,57.78242461383343
100,outdoor,scene_00022,outdoor/scene_00022/scan_00193,val/outdoor/scene_00022/scan_00193/00022_00193_outdoor_000_000.png,574,574,770,756327,75605,1058747.0,835351.2758342768,812134.0785326683,23217.19730160851,316323.96610950684,306570.57686382055,9753.389245686296,0.0485586426666266,58.74920543283224
100,outdoor,scene_00022,outdoor/scene_00022/scan_00193,val/outdoor/scene_00022/scan_00193/00022_00193_outdoor_000_000.png,630,630,840,756327,75605,1058747.0,835351.2758342768,765232.2573655781,70119.01846869872,316323.96610950684,288292.51222299674,28031.453886510106,0.04905811255792424,90.15408903360367
100,outdoor,scene_00022,outdoor/scene_00022/scan_00193,val/outdoor/scene_00022/scan_00193/00022_00193_outdoor_000_000.png,686,686,910,756327,75605,1058747.0,835351.2758342768,827148.3724880962,8202.903346180567,316323.96610950684,311493.06624900515,4830.899860501697,0.0477847162261143,54.10849116742611
100,outdoor,scene_00022,outdoor/scene_00022/scan_00193,val/outdoor/scene_00022/scan_00193/00022_00193_outdoor_000_000.png,742,742,994,756327,75605,1058747.0,835351.2758342768,830752.5243059956,4598.751528281253,316323.96610950684,312270.4765788141,4053.48953069275,0.048228932342993185,62.41653114557266
100,outdoor,scene_00022,outdoor/scene_00022/scan_00193,val/outdoor/scene_00022/scan_00193/00022_00193_outdoor_000_000.png,798,798,1064,756327,75605,1058747.0,835351.2758342768,822321.7155246334,13029.560309643392,316323.96610950684,312990.94441257,3333.021696936863,0.04811368186869419,74.4608761742711
100,outdoor,scene_00022,outdoor/scene_00022/scan_00193,val/outdoor/scene_00022/scan_00193/00022_00193_outdoor_000_000.png,854,854,1134,756327,75605,1058747.0,835351.2758342768,766641.8427746448,68709.43305963196,316323.96610950684,293702.28998353,22621.67612597684,0.04760809624404573,102.11370047181845
100,outdoor,scene_00022,outdoor/scene_00022/scan_00193,val/outdoor/scene_00022/scan_00193/00022_00193_outdoor_000_000.png,910,910,1218,756327,75605,1058747.0,835351.2758342768,809588.4749436679,25762.800890608924,316323.96610950684,304174.35055998934,12149.615549517504,0.04692493458601136,112.00810223817825
100,outdoor,scene_00022,outdoor/scene_00022/scan_00193,val/outdoor/scene_00022/scan_00193/00022_00193_outdoor_000_000.png,966,966,1288,756327,75605,1058747.0,835351.2758342768,795211.5959833921,40139.67985088471,316323.96610950684,303133.48791402293,13190.478195483913,0.046791776376825085,153.59697304666042
100,outdoor,scene_00022,outdoor/scene_00022/scan_00193,val/outdoor/scene_00022/scan_00193/00022_00193_outdoor_000_000.png,1022,1022,1358,756327,75605,1058747.0,835351.2758342768,759077.488836113,76273.78699816379,316323.96610950684,288978.07993979065,27345.886169716192,0.04709689081593822,174.37308002263308
101,outdoor,scene_00022,outdoor/scene_00022/scan_00193,val/outdoor/scene_00022/scan_00193/00022_00193_outdoor_040_000.png,518,518,686,663148,66309,928384.0,386438.51902071084,386438.51902071084,0.0,151711.96547019857,151711.96547019857,0.0,0.05351455727743409,27.33440138399601
101,outdoor,scene_00022,outdoor/scene_00022/scan_00193,val/outdoor/scene_00022/scan_00193/00022_00193_outdoor_040_000.png,574,574,770,663148,66309,928384.0,386438.51902071084,384558.8304683388,1879.6885523720412,151711.96547019857,149017.63063090705,2694.3348392915213,0.05282077267726715,29.47841677814722
101,outdoor,scene_00022,outdoor/scene_00022/scan_00193,val/outdoor/scene_00022/scan_00193/00022_00193_outdoor_040_000.png,630,630,840,663148,66309,928384.0,386438.51902071084,373636.8151018621,12801.70391884871,151711.96547019857,150658.31769278186,1053.6477774167142,0.05229565368543828,60.86770351976156
101,outdoor,scene_00022,outdoor/scene_00022/scan_00193,val/outdoor/scene_00022/scan_00193/00022_00193_outdoor_040_000.png,686,686,910,663148,66309,928384.0,386438.51902071084,397767.8827042065,-11329.36368349567,151711.96547019857,156398.10745562788,-4686.141985429305,0.05141722934713599,53.46613470464945
101,outdoor,scene_00022,outdoor/scene_00022/scan_00193,val/outdoor/scene_00022/scan_00193/00022_00193_outdoor_040_000.png,742,742,994,663148,66309,928384.0,386438.51902071084,415771.70865646185,-29333.189635751012,151711.96547019857,165183.36023629908,-13471.394766100508,0.05060131912468539,59.55642741173506
101,outdoor,scene_00022,outdoor/scene_00022/scan_00193,val/outdoor/scene_00022/scan_00193/00022_00193_outdoor_040_000.png,798,798,1064,663148,66309,928384.0,386438.51902071084,399304.6752433963,-12866.156222685473,151711.96547019857,159472.25775595053,-7760.292285751959,0.05069301977056912,78.40152271091938
101,outdoor,scene_00022,outdoor/scene_00022/scan_00193,val/outdoor/scene_00022/scan_00193/00022_00193_outdoor_040_000.png,854,854,1134,663148,66309,928384.0,386438.51902071084,421497.21722637763,-35058.69820566679,151711.96547019857,169753.48472946518,-18041.519259266614,0.04959102786320607,99.2822190746665
101,outdoor,scene_00022,outdoor/scene_00022/scan_00193,val/outdoor/scene_00022/scan_00193/00022_00193_outdoor_040_000.png,910,910,1218,663148,66309,928384.0,386438.51902071084,408219.02535616676,-21780.506335455924,151711.96547019857,163036.60806452064,-11324.642594322067,0.05015716960879946,114.76207990199327
101,outdoor,scene_00022,outdoor/scene_00022/scan_00193,val/outdoor/scene_00022/scan_00193/00022_00193_outdoor_040_000.png,966,966,1288,663148,66309,928384.0,386438.51902071084,410423.3770910146,-23984.858070303744,151711.96547019857,163355.8637265227,-11643.898256324115,0.050236528251481866,135.90499944984913
101,outdoor,scene_00022,outdoor/scene_00022/scan_00193,val/outdoor/scene_00022/scan_00193/00022_00193_outdoor_040_000.png,1022,1022,1358,663148,66309,928384.0,386438.51902071084,410613.54167930357,-24175.02265859273,151711.96547019857,163978.71883556433,-12266.75336536576,0.04978768453720482,177.3114837706089
102,outdoor,scene_00022,outdoor/scene_00022/scan_00193,val/outdoor/scene_00022/scan_00193/00022_00193_outdoor_050_010.png,518,518,686,663046,66295,928226.0,497772.8520274309,497772.8520274309,0.0,178456.1665747916,178456.1665747916,0.0,0.04713281082370669,26.63999143987894
102,outdoor,scene_00022,outdoor/scene_00022/scan_00193,val/outdoor/scene_00022/scan_00193/00022_00193_outdoor_050_010.png,574,574,770,663046,66295,928226.0,497772.8520274309,548086.6706841579,-50313.81865672697,178456.1665747916,200361.34600216843,-21905.179427376832,0.045577517439796655,29.53696809709072
102,outdoor,scene_00022,outdoor/scene_00022/scan_00193,val/outdoor/scene_00022/scan_00193/00022_00193_outdoor_050_010.png,630,630,840,663046,66295,928226.0,497772.8520274309,518331.3952862219,-20558.543258790975,178456.1665747916,188998.29380200861,-10542.127227217017,0.04416739068472365,42.83667076379061
102,outdoor,scene_00022,outdoor/scene_00022/scan_00193,val/outdoor/scene_00022/scan_00193/00022_00193_outdoor_050_010.png,686,686,910,663046,66295,928226.0,497772.8520274309,511573.28931191994,-13800.437284489046,178456.1665747916,186909.38715159494,-8453.220576803345,0.04475015500111494,53.29263862222433
102,outdoor,scene_00022,outdoor/scene_00022/scan_00193,val/outdoor/scene_00022/scan_00193/00022_00193_outdoor_050_010.png,742,742,994,663046,66295,928226.0,497772.8520274309,512248.5145199804,-14475.662492549513,178456.1665747916,191403.8504677626,-12947.683892970992,0.044029442042754545,58.33102390170097
102,outdoor,scene_00022,outdoor/scene_00022/scan_00193,val/outdoor/scene_00022/scan_00193/00022_00193_outdoor_050_010.png,798,798,1064,663046,66295,928226.0,497772.8520274309,513450.5393063987,-15677.687278967816,178456.1665747916,197242.0497706528,-18785.883195861214,0.04478004595543442,71.25505991280079
102,outdoor,scene_00022,outdoor/scene_00022/scan_00193,val/outdoor/scene_00022/scan_00193/00022_00193_outdoor_050_010.png,854,854,1134,663046,66295,928226.0,497772.8520274309,481565.3588684164,16207.493159014499,178456.1665747916,185687.10729048413,-7230.94071569253,0.044236107869979606,113.37155755609274
102,outdoor,scene_00022,outdoor/scene_00022/scan_00193,val/outdoor/scene_00022/scan_00193/00022_00193_outdoor_050_010.png,910,910,1218,663046,66295,928226.0,497772.8520274309,554017.1554218202,-56244.30339438934,178456.1665747916,210938.63416968862,-32482.467594897025,0.04232352818298424,111.89745180308819
102,outdoor,scene_00022,outdoor/scene_00022/scan_00193,val/outdoor/scene_00022/scan_00193/00022_00193_outdoor_050_010.png,966,966,1288,663046,66295,928226.0,497772.8520274309,554824.92091653,-57052.06888909906,178456.1665747916,210817.71411818202,-32361.54754339042,0.042850306063932246,135.67429222166538
102,outdoor,scene_00022,outdoor/scene_00022/scan_00193,val/outdoor/scene_00022/scan_00193/00022_00193_outdoor_050_010.png,1022,1022,1358,663046,66295,928226.0,497772.8520274309,519152.324324158,-21379.472296727123,178456.1665747916,198672.00704484485,-20215.840470053256,0.042773781600660386,175.0350147485733
103,outdoor,scene_00022,outdoor/scene_00022/scan_00193,val/outdoor/scene_00022/scan_00193/00022_00193_outdoor_060_040.png,518,518,686,568947,56892,796515.0,380182.3563388182,380182.3563388182,0.0,128703.86262789073,128703.86262789073,0.0,0.024111478804348316,22.97353371977806
103,outdoor,scene_00022,outdoor/scene_00022/scan_00193,val/outdoor/scene_00022/scan_00193/00022_00193_outdoor_060_040.png,574,574,770,568947,56892,796515.0,380182.3563388182,383204.38414188754,-3022.02780306933,128703.86262789073,130523.56809693332,-1819.7054690425866,0.023850214775251812,24.838739074766636
103,outdoor,scene_00022,outdoor/scene_00022/scan_00193,val/outdoor/scene_00022/scan_00193/00022_00193_outdoor_060_040.png,630,630,840,568947,56892,796515.0,380182.3563388182,368088.8413202788,12093.515018539387,128703.86262789073,124323.55410017607,4380.30852771466,0.022927772173169464,38.629801012575626
103,outdoor,scene_00022,outdoor/scene_00022/scan_00193,val/outdoor/scene_00022/scan_00193/00022_00193_outdoor_060_040.png,686,686,910,568947,56892,796515.0,380182.3563388182,385524.76754081657,-5342.411201998359,128703.86262789073,126695.07516441452,2008.787463476212,0.02240299308389222,45.02157215029001
103,outdoor,scene_00022,outdoor/scene_00022/scan_00193,val/outdoor/scene_00022/scan_00193/00022_00193_outdoor_060_040.png,742,742,994,568947,56892,796515.0,380182.3563388182,372744.7667986551,7437.589540163113,128703.86262789073,125321.15514892503,3382.7074789657054,0.02258866658489415,50.37166364490986
103,outdoor,scene_00022,outdoor/scene_00022/scan_00193,val/outdoor/scene_00022/scan_00193/00022_00193_outdoor_060_040.png,798,798,1064,568947,56892,796515.0,380182.3563388182,359315.0333114993,20867.323027318926,128703.86262789073,119367.38920757268,9336.473420318056,0.021724258035961976,62.88404390215874
103,outdoor,scene_00022,outdoor/scene_00022/scan_00193,val/outdoor/scene_00022/scan_00193/00022_00193_outdoor_060_040.png,854,854,1134,568947,56892,796515.0,380182.3563388182,371273.6316055768,8908.724733241426,128703.86262789073,121501.57499639645,7202.287631494284,0.0213962031712675,83.45206826925278
103,outdoor,scene_00022,outdoor/scene_00022/scan_00193,val/outdoor/scene_00022/scan_00193/00022_00193_outdoor_060_040.png,910,910,1218,568947,56892,796515.0,380182.3563388182,366993.68401880213,13188.672320016078,128703.86262789073,120262.47203374893,8441.390594141805,0.021142247940315106,94.75320298224688
103,outdoor,scene_00022,outdoor/scene_00022/scan_00193,val/outdoor/scene_00022/scan_00193/00022_00193_outdoor_060_040.png,966,966,1288,568947,56892,796515.0,380182.3563388182,360599.68069551897,19582.67564329924,128703.86262789073,114028.54947384447,14675.313154046264,0.021084836649963024,114.97224681079388
103,outdoor,scene_00022,outdoor/scene_00022/scan_00193,val/outdoor/scene_00022/scan_00193/00022_00193_outdoor_060_040.png,1022,1022,1358,568947,56892,796515.0,380182.3563388182,360638.08197926875,19544.274359549454,128703.86262789073,114935.40859899428,13768.454028896449,0.020804156748537025,160.36835126578808
104,outdoor,scene_00022,outdoor/scene_00022/scan_00193,val/outdoor/scene_00022/scan_00193/00022_00193_outdoor_150_010.png,518,518,686,760910,76070,1065190.0,535138.2817723013,535138.2817723013,0.0,185760.60864222038,185760.60864222038,0.0,0.03714141001460383,22.958001121878624
104,outdoor,scene_00022,outdoor/scene_00022/scan_00193,val/outdoor/scene_00022/scan_00193/00022_00193_outdoor_150_010.png,574,574,770,760910,76070,1065190.0,535138.2817723013,533085.590880078,2052.6908922232687,185760.60864222038,182791.50456950988,2969.104072710499,0.03576381427909645,24.932882748544216
104,outdoor,scene_00022,outdoor/scene_00022/scan_00193,val/outdoor/scene_00022/scan_00193/00022_00193_outdoor_150_010.png,630,630,840,760910,76070,1065190.0,535138.2817723013,539237.4940881538,-4099.212315852521,185760.60864222038,185178.58352111233,582.0251211080467,0.03435591118199437,38.396138697862625
104,outdoor,scene_00022,outdoor/scene_00022/scan_00193,val/outdoor/scene_00022/scan_00193/00022_00193_outdoor_150_010.png,686,686,910,760910,76070,1065190.0,535138.2817723013,580118.4211275312,-44980.13935522991,185760.60864222038,206020.09286544097,-20259.484223220585,0.032174389119111996,44.8561804369092
104,outdoor,scene_00022,outdoor/scene_00022/scan_00193,val/outdoor/scene_00022/scan_00193/00022_00193_outdoor_150_010.png,742,742,994,760910,76070,1065190.0,535138.2817723013,564163.3300046218,-29025.048232320463,185760.60864222038,201898.59722119744,-16137.988578977063,0.03183621040528551,50.42311642318964
104,outdoor,scene_00022,outdoor/scene_00022/scan_00193,val/outdoor/scene_00022/scan_00193/00022_00193_outdoor_150_010.png,798,798,1064,760910,76070,1065190.0,535138.2817723013,584980.2389502898,-49841.95717798849,185760.60864222038,208687.3729377056,-22926.76429548522,0.0319193944902674,62.86635808646679
104,outdoor,scene_00022,outdoor/scene_00022/scan_00193,val/outdoor/scene_00022/scan_00193/00022_00193_outdoor_150_010.png,854,854,1134,760910,76070,1065190.0,535138.2817723013,618598.4036115888,-83460.12183928746,185760.60864222038,226708.69665013353,-40948.088007913146,0.03122888265500833,83.28475896269083
104,outdoor,scene_00022,outdoor/scene_00022/scan_00193,val/outdoor/scene_00022/scan_00193/00022_00193_outdoor_150_010.png,910,910,1218,760910,76070,1065190.0,535138.2817723013,596547.4531756211,-61409.17140331981,185760.60864222038,214471.08983432513,-28710.48119210475,0.030860280071036382,94.55117490142584
104,outdoor,scene_00022,outdoor/scene_00022/scan_00193,val/outdoor/scene_00022/scan_00193/00022_00193_outdoor_150_010.png,966,966,1288,760910,76070,1065190.0,535138.2817723013,621153.865988613,-86015.58421631169,185760.60864222038,227144.2743526839,-41383.66571046351,0.030731035210508826,115.06784427911043
104,outdoor,scene_00022,outdoor/scene_00022/scan_00193,val/outdoor/scene_00022/scan_00193/00022_00193_outdoor_150_010.png,1022,1022,1358,760910,76070,1065190.0,535138.2817723013,644005.6214393122,-108867.33966701094,185760.60864222038,237882.77544415114,-52122.166801930754,0.029288813764700477,147.31952548027039
105,outdoor,scene_00022,outdoor/scene_00022/scan_00193,val/outdoor/scene_00022/scan_00193/00022_00193_outdoor_210_000.png,518,518,686,731300,73066,1023564.0,2706781.2692211885,2706781.2692211885,0.0,881358.8209102029,881358.8209102029,0.0,0.07919538736687816,26.50499902665615
105,outdoor,scene_00022,outdoor/scene_00022/scan_00193,val/outdoor/scene_00022/scan_00193/00022_00193_outdoor_210_000.png,574,574,770,731300,73066,1023564.0,2706781.2692211885,2332885.2449166593,373896.0243045292,881358.8209102029,759448.1404034294,121910.68050677353,0.07803956543028644,27.772105298936367
105,outdoor,scene_00022,outdoor/scene_00022/scan_00193,val/outdoor/scene_00022/scan_00193/00022_00193_outdoor_210_000.png,630,630,840,731300,73066,1023564.0,2706781.2692211885,2370173.0134550184,336608.2557661701,881358.8209102029,773177.6693732557,108181.15153694723,0.07822460394286275,44.16179284453392
105,outdoor,scene_00022,outdoor/scene_00022/scan_00193,val/outdoor/scene_00022/scan_00193/00022_00193_outdoor_210_000.png,686,686,910,731300,73066,1023564.0,2706781.2692211885,2563311.100309993,143470.16891119536,881358.8209102029,841615.5714307525,39743.2494794504,0.0766607228063559,49.01933018118143
105,outdoor,scene_00022,outdoor/scene_00022/scan_00193,val/outdoor/scene_00022/scan_00193/00022_00193_outdoor_210_000.png,742,742,994,731300,73066,1023564.0,2706781.2692211885,2400836.860837646,305944.4083835427,881358.8209102029,780659.6142069731,100699.20670322981,0.07650767386593302,55.33278454095125
105,outdoor,scene_00022,outdoor/scene_00022/scan_00193,val/outdoor/scene_00022/scan_00193/00022_00193_outdoor_210_000.png,798,798,1064,731300,73066,1023564.0,2706781.2692211885,2286894.975519507,419886.2937016813,881358.8209102029,746459.7799139348,134899.04099626816,0.07766019483343632,68.88147629797459
105,outdoor,scene_00022,outdoor/scene_00022/scan_00193,val/outdoor/scene_00022/scan_00193/00022_00193_outdoor_210_000.png,854,854,1134,731300,73066,1023564.0,2706781.2692211885,2294112.435772053,412668.83344913553,881358.8209102029,748706.4691838282,132652.3517263747,0.07607220549581596,94.58594862371683
105,outdoor,scene_00022,outdoor/scene_00022/scan_00193,val/outdoor/scene_00022/scan_00193/00022_00193_outdoor_210_000.png,910,910,1218,731300,73066,1023564.0,2706781.2692211885,2331202.1798193604,375579.0894018281,881358.8209102029,761647.1663837016,119711.65452650131,0.07590540392450956,111.73314694315195
105,outdoor,scene_00022,outdoor/scene_00022/scan_00193,val/outdoor/scene_00022/scan_00193/00022_00193_outdoor_210_000.png,966,966,1288,731300,73066,1023564.0,2706781.2692211885,2235842.1843611356,470939.0848600529,881358.8209102029,729810.1063941189,151548.71451608406,0.07581302742150531,131.19881134480238
105,outdoor,scene_00022,outdoor/scene_00022/scan_00193,val/outdoor/scene_00022/scan_00193/00022_00193_outdoor_210_000.png,1022,1022,1358,731300,73066,1023564.0,2706781.2692211885,2162252.67985986,544528.5893613286,881358.8209102029,708351.2317225484,173007.58918765455,0.07468212800578856,164.4232077524066
106,outdoor,scene_00022,outdoor/scene_00022/scan_00193,val/outdoor/scene_00022/scan_00193/00022_00193_outdoor_220_030.png,518,518,686,492042,49097,688430.0,6215278.458996482,6215278.458996482,0.0,3981367.995729673,3981367.995729673,0.0,0.05543506868078128,27.145175263285637
106,outdoor,scene_00022,outdoor/scene_00022/scan_00193,val/outdoor/scene_00022/scan_00193/00022_00193_outdoor_220_030.png,574,574,770,492042,49097,688430.0,6215278.458996482,6331809.073551966,-116530.61455548368,3981367.995729673,4040731.0610258193,-59363.06529614609,0.0542422693850874,29.974397271871567
106,outdoor,scene_00022,outdoor/scene_00022/scan_00193,val/outdoor/scene_00022/scan_00193/00022_00193_outdoor_220_030.png,630,630,840,492042,49097,688430.0,6215278.458996482,6426193.74045226,-210915.2814557776,3981367.995729673,4163841.597487966,-182473.60175829288,0.056673398529610494,43.658104725182056
106,outdoor,scene_00022,outdoor/scene_00022/scan_00193,val/outdoor/scene_00022/scan_00193/00022_00193_outdoor_220_030.png,686,686,910,492042,49097,688430.0,6215278.458996482,6359003.047614876,-143724.588618394,3981367.995729673,4128927.0481273616,-147559.05239768839,0.05702097196317954,48.30365441739559
106,outdoor,scene_00022,outdoor/scene_00022/scan_00193,val/outdoor/scene_00022/scan_00193/00022_00193_outdoor_220_030.png,742,742,994,492042,49097,688430.0,6215278.458996482,6419487.457904697,-204208.9989082152,3981367.995729673,4219362.176907444,-237994.18117777118,0.05664815066837539,54.903555661439896
106,outdoor,scene_00022,outdoor/scene_00022/scan_00193,val/outdoor/scene_00022/scan_00193/00022_00193_outdoor_220_030.png,798,798,1064,492042,49097,688430.0,6215278.458996482,6305364.736483624,-90086.27748714201,3981367.995729673,4188289.883353547,-206921.887623874,0.056340554359961686,76.6893895342946
106,outdoor,scene_00022,outdoor/scene_00022/scan_00193,val/outdoor/scene_00022/scan_00193/00022_00193_outdoor_220_030.png,854,854,1134,492042,49097,688430.0,6215278.458996482,6579018.87963994,-363740.42064345814,3981367.995729673,4392625.53441689,-411257.5386872166,0.05294330074701441,94.19672191143036
106,outdoor,scene_00022,outdoor/scene_00022/scan_00193,val/outdoor/scene_00022/scan_00193/00022_00193_outdoor_220_030.png,910,910,1218,492042,49097,688430.0,6215278.458996482,6494927.755262307,-279649.2962658247,3981367.995729673,4362543.3423144575,-381175.34658478433,0.05306361622421136,102.81809791922569
106,outdoor,scene_00022,outdoor/scene_00022/scan_00193,val/outdoor/scene_00022/scan_00193/00022_00193_outdoor_220_030.png,966,966,1288,492042,49097,688430.0,6215278.458996482,6557405.786962522,-342127.32796604,3981367.995729673,4386637.48490268,-405269.48917300673,0.054993670518115406,125.40323473513126
106,outdoor,scene_00022,outdoor/scene_00022/scan_00193,val/outdoor/scene_00022/scan_00193/00022_00193_outdoor_220_030.png,1022,1022,1358,492042,49097,688430.0,6215278.458996482,6762028.145910108,-546749.6869136263,3981367.995729673,4568852.926672002,-587484.9309423291,0.05122248771145456,175.1285446807742
107,outdoor,scene_00022,outdoor/scene_00022/scan_00193,val/outdoor/scene_00022/scan_00193/00022_00193_outdoor_320_020.png,518,518,686,436272,43346,609656.0,6034213.106480745,6034213.106480745,0.0,3146236.763930019,3146236.763930019,0.0,0.34394588173110574,31.627940014004707
107,outdoor,scene_00022,outdoor/scene_00022/scan_00193,val/outdoor/scene_00022/scan_00193/00022_00193_outdoor_320_020.png,574,574,770,436272,43346,609656.0,6034213.106480745,6489271.726629129,-455058.620148384,3146236.763930019,3284889.0652892445,-138652.30135922553,0.3096052181525038,30.154138803482056
107,outdoor,scene_00022,outdoor/scene_00022/scan_00193,val/outdoor/scene_00022/scan_00193/00022_00193_outdoor_320_020.png,630,630,840,436272,43346,609656.0,6034213.106480745,6352000.407017814,-317787.3005370693,3146236.763930019,3232196.0855813613,-85959.32165134232,0.29162914601377504,45.92403583228588
107,outdoor,scene_00022,outdoor/scene_00022/scan_00193,val/outdoor/scene_00022/scan_00193/00022_00193_outdoor_320_020.png,686,686,910,436272,43346,609656.0,6034213.106480745,5861667.01358159,172546.09289915487,3146236.763930019,2982270.952084344,163965.8118456751,0.2975621116911593,62.655407935380936
107,outdoor,scene_00022,outdoor/scene_00022/scan_00193,val/outdoor/scene_00022/scan_00193/00022_00193_outdoor_320_020.png,742,742,994,436272,43346,609656.0,6034213.106480745,6022481.892066633,11731.214414111339,3146236.763930019,3006903.122839016,139333.64109100308,0.29034020871872207,59.83493383973837
107,outdoor,scene_00022,outdoor/scene_00022/scan_00193,val/outdoor/scene_00022/scan_00193/00022_00193_outdoor_320_020.png,798,798,1064,436272,43346,609656.0,6034213.106480745,5436583.509627178,597629.5968535664,3146236.763930019,2701103.3306856155,445133.43324440345,0.2844539793521339,69.83544677495956
107,outdoor,scene_00022,outdoor/scene_00022/scan_00193,val/outdoor/scene_00022/scan_00193/00022_00193_outdoor_320_020.png,854,854,1134,436272,43346,609656.0,6034213.106480745,5533887.810024606,500325.2964561386,3146236.763930019,2740780.9812674075,405455.78266261145,0.2818009752637485,99.43879581987858
107,outdoor,scene_00022,outdoor/scene_00022/scan_00193,val/outdoor/scene_00022/scan_00193/00022_00193_outdoor_320_020.png,910,910,1218,436272,43346,609656.0,6034213.106480745,5436896.6631782,597316.4433025448,3146236.763930019,2624299.404579391,521937.3593506282,0.28695010981277314,157.83984400331974
107,outdoor,scene_00022,outdoor/scene_00022/scan_00193,val/outdoor/scene_00022/scan_00193/00022_00193_outdoor_320_020.png,966,966,1288,436272,43346,609656.0,6034213.106480745,5201355.199618258,832857.9068624871,3146236.763930019,2465662.7468070844,680574.0171229346,0.2669876703628727,135.20865701138973
107,outdoor,scene_00022,outdoor/scene_00022/scan_00193,val/outdoor/scene_00022/scan_00193/00022_00193_outdoor_320_020.png,1022,1022,1358,436272,43346,609656.0,6034213.106480745,4642815.044922145,1391398.0615585996,3146236.763930019,2205005.2852847595,941231.4786452595,0.26998415475187365,174.65411964803934
108,outdoor,scene_00022,outdoor/scene_00022/scan_00193,val/outdoor/scene_00022/scan_00193/00022_00193_outdoor_350_010.png,518,518,686,626853,62543,877025.0,2744171.7544717444,2744171.7544717444,0.0,982784.8368487046,982784.8368487046,0.0,0.05439680009674547,48.804996535182
108,outdoor,scene_00022,outdoor/scene_00022/scan_00193,val/outdoor/scene_00022/scan_00193/00022_00193_outdoor_350_010.png,574,574,770,626853,62543,877025.0,2744171.7544717444,2736237.004270477,7934.75020126719,982784.8368487046,989340.1026372052,-6555.2657885005465,0.05708847037810493,50.73053576052189
108,outdoor,scene_00022,outdoor/scene_00022/scan_00193,val/outdoor/scene_00022/scan_00193/00022_00193_outdoor_350_010.png,630,630,840,626853,62543,877025.0,2744171.7544717444,3114040.8209688244,-369869.06649708,982784.8368487046,1102135.159392693,-119350.32254398847,0.054088070265097085,46.54281493276358
108,outdoor,scene_00022,outdoor/scene_00022/scan_00193,val/outdoor/scene_00022/scan_00193/00022_00193_outdoor_350_010.png,686,686,910,626853,62543,877025.0,2744171.7544717444,2809411.875616973,-65240.12114522839,982784.8368487046,1006784.2982854575,-23999.46143675293,0.054761121253108225,54.65551931411028
108,outdoor,scene_00022,outdoor/scene_00022/scan_00193,val/outdoor/scene_00022/scan_00193/00022_00193_outdoor_350_010.png,742,742,994,626853,62543,877025.0,2744171.7544717444,2948136.1851758687,-203964.43070412427,982784.8368487046,1050321.9559533298,-67537.11910462519,0.05466717630603163,50.37435982376337
108,outdoor,scene_00022,outdoor/scene_00022/scan_00193,val/outdoor/scene_00022/scan_00193/00022_00193_outdoor_350_010.png,798,798,1064,626853,62543,877025.0,2744171.7544717444,3167815.768106688,-423644.0136349434,982784.8368487046,1120709.9652994457,-137925.12845074106,0.05151047326813015,62.85546626895666
108,outdoor,scene_00022,outdoor/scene_00022/scan_00193,val/outdoor/scene_00022/scan_00193/00022_00193_outdoor_350_010.png,854,854,1134,626853,62543,877025.0,2744171.7544717444,3293654.8688070634,-549483.114335319,982784.8368487046,1151159.2871853812,-168374.45033667656,0.05086966236009822,97.99878299236298
108,outdoor,scene_00022,outdoor/scene_00022/scan_00193,val/outdoor/scene_00022/scan_00193/00022_00193_outdoor_350_010.png,910,910,1218,626853,62543,877025.0,2744171.7544717444,3577043.0180515144,-832871.26357977,982784.8368487046,1237465.330757423,-254680.49390871846,0.04941996526373618,95.17878759652376
108,outdoor,scene_00022,outdoor/scene_00022/scan_00193,val/outdoor/scene_00022/scan_00193/00022_00193_outdoor_350_010.png,966,966,1288,626853,62543,877025.0,2744171.7544717444,3692547.7371803606,-948375.9827086162,982784.8368487046,1277991.939193209,-295207.1023445043,0.05013357004105822,117.31213610619307
108,outdoor,scene_00022,outdoor/scene_00022/scan_00193,val/outdoor/scene_00022/scan_00193/00022_00193_outdoor_350_010.png,1022,1022,1358,626853,62543,877025.0,2744171.7544717444,3526659.032649762,-782487.2781780176,982784.8368487046,1220219.3343756706,-237434.49752696604,0.048979198767028075,147.45008572936058
109,outdoor,scene_00022,outdoor/scene_00022/scan_00193,val/outdoor/scene_00022/scan_00193/00022_00193_outdoor_350_030.png,518,518,686,380885,37995,532865.0,7021468.590470614,7021468.590470614,0.0,1940509.2518533575,1940509.2518533575,0.0,0.012785826909273174,23.489645682275295
109,outdoor,scene_00022,outdoor/scene_00022/scan_00193,val/outdoor/scene_00022/scan_00193/00022_00193_outdoor_350_030.png,574,574,770,380885,37995,532865.0,7021468.590470614,6898111.972410407,123356.618060207,1940509.2518533575,1911918.1212283631,28591.130624994403,0.012161047396151032,24.787823669612408
109,outdoor,scene_00022,outdoor/scene_00022/scan_00193,val/outdoor/scene_00022/scan_00193/00022_00193_outdoor_350_030.png,630,630,840,380885,37995,532865.0,7021468.590470614,7309673.5318591315,-288204.9413885176,1940509.2518533575,2026950.538265755,-86441.2864123974,0.01183972010464882,38.35217468440533
109,outdoor,scene_00022,outdoor/scene_00022/scan_00193,val/outdoor/scene_00022/scan_00193/00022_00193_outdoor_350_030.png,686,686,910,380885,37995,532865.0,7021468.590470614,7018534.938311999,2933.6521586151794,1940509.2518533575,1941196.0098971422,-686.7580437846482,0.011647311044854747,45.056973583996296
109,outdoor,scene_00022,outdoor/scene_00022/scan_00193,val/outdoor/scene_00022/scan_00193/00022_00193_outdoor_350_030.png,742,742,994,380885,37995,532865.0,7021468.590470614,7085870.579098662,-64401.98862804845,1940509.2518533575,1959330.3482997483,-18821.09644639073,0.011539660102463559,50.12281518429518
109,outdoor,scene_00022,outdoor/scene_00022/scan_00193,val/outdoor/scene_00022/scan_00193/00022_00193_outdoor_350_030.png,798,798,1064,380885,37995,532865.0,7021468.590470614,7305586.753101381,-284118.16263076663,1940509.2518533575,2020392.613071822,-79883.36121846456,0.011283565872908172,62.869446352124214
109,outdoor,scene_00022,outdoor/scene_00022/scan_00193,val/outdoor/scene_00022/scan_00193/00022_00193_outdoor_350_030.png,854,854,1134,380885,37995,532865.0,7021468.590470614,7077115.911317894,-55647.32084728032,1940509.2518533575,1959116.6214104143,-18607.36955705681,0.011311866178801323,88.6723268777132
109,outdoor,scene_00022,outdoor/scene_00022/scan_00193,val/outdoor/scene_00022/scan_00193/00022_00193_outdoor_350_030.png,910,910,1218,380885,37995,532865.0,7021468.590470614,7304413.669546617,-282945.0790760033,1940509.2518533575,2025373.456224454,-84864.20437109657,0.010938967283598099,95.20775359123945
109,outdoor,scene_00022,outdoor/scene_00022/scan_00193,val/outdoor/scene_00022/scan_00193/00022_00193_outdoor_350_030.png,966,966,1288,380885,37995,532865.0,7021468.590470614,7301553.7760566035,-280085.1855859896,1940509.2518533575,2023628.5612347336,-83119.30938137602,0.010825004652928027,115.09869806468487
109,outdoor,scene_00022,outdoor/scene_00022/scan_00193,val/outdoor/scene_00022/scan_00193/00022_00193_outdoor_350_030.png,1022,1022,1358,380885,37995,532865.0,7021468.590470614,7605661.912137544,-584193.3216669299,1940509.2518533575,2107369.4297621134,-166860.17790875584,0.010824981349652991,147.41023443639278
110,outdoor,scene_00022,outdoor/scene_00022/scan_00194,val/outdoor/scene_00022/scan_00194/00022_00194_outdoor_010_040.png,518,518,686,257639,25754,360655.0,4735399.679412685,4735399.679412685,0.0,3061277.5589304827,3061277.5589304827,0.0,0.3660598235441627,24.56711046397686
110,outdoor,scene_00022,outdoor/scene_00022/scan_00194,val/outdoor/scene_00022/scan_00194/00022_00194_outdoor_010_040.png,574,574,770,257639,25754,360655.0,4735399.679412685,4966385.375198029,-230985.69578534365,3061277.5589304827,3124770.6349094757,-63493.07597899297,0.3558564018876184,27.515221387147903
110,outdoor,scene_00022,outdoor/scene_00022/scan_00194,val/outdoor/scene_00022/scan_00194/00022_00194_outdoor_010_040.png,630,630,840,257639,25754,360655.0,4735399.679412685,4874868.255301309,-139468.57588862348,3061277.5589304827,3086336.934646785,-25059.37571630208,0.3409660301637849,41.713302955031395
110,outdoor,scene_00022,outdoor/scene_00022/scan_00194,val/outdoor/scene_00022/scan_00194/00022_00194_outdoor_010_040.png,686,686,910,257639,25754,360655.0,4735399.679412685,5046364.5704913875,-310964.8910787022,3061277.5589304827,3049099.466557286,12178.092373196501,0.33309823899900814,48.988659866154194
110,outdoor,scene_00022,outdoor/scene_00022/scan_00194,val/outdoor/scene_00022/scan_00194/00022_00194_outdoor_010_040.png,742,742,994,257639,25754,360655.0,4735399.679412685,5531796.809676725,-796397.1302640401,3061277.5589304827,3205984.0500315437,-144706.491101061,0.32074562731631495,91.58432018011808
110,outdoor,scene_00022,outdoor/scene_00022/scan_00194,val/outdoor/scene_00022/scan_00194/00022_00194_outdoor_010_040.png,798,798,1064,257639,25754,360655.0,4735399.679412685,5472079.554757215,-736679.8753445297,3061277.5589304827,3189923.5983662657,-128646.03943578294,0.30612196386346857,78.27908359467983
110,outdoor,scene_00022,outdoor/scene_00022/scan_00194,val/outdoor/scene_00022/scan_00194/00022_00194_outdoor_010_040.png,854,854,1134,257639,25754,360655.0,4735399.679412685,5477959.387746457,-742559.7083337717,3061277.5589304827,3252094.280994432,-190816.72206394933,0.29922207709433496,127.04327888786793
110,outdoor,scene_00022,outdoor/scene_00022/scan_00194,val/outdoor/scene_00022/scan_00194/00022_00194_outdoor_010_040.png,910,910,1218,257639,25754,360655.0,4735399.679412685,5972107.351361286,-1236707.6719486006,3061277.5589304827,3354592.103997808,-293314.54506732523,0.3095476125268214,112.0132440701127
110,outdoor,scene_00022,outdoor/scene_00022/scan_00194,val/outdoor/scene_00022/scan_00194/00022_00194_outdoor_010_040.png,966,966,1288,257639,25754,360655.0,4735399.679412685,5872866.626572476,-1137466.9471597904,3061277.5589304827,3440769.9321588883,-379492.3732284056,0.2807669166433708,135.21352782845497
110,outdoor,scene_00022,outdoor/scene_00022/scan_00194,val/outdoor/scene_00022/scan_00194/00022_00194_outdoor_010_040.png,1022,1022,1358,257639,25754,360655.0,4735399.679412685,5922566.95077313,-1187167.2713604448,3061277.5589304827,3476406.4619873594,-415128.90305687673,0.27676651515349804,174.60409831255674
111,outdoor,scene_00022,outdoor/scene_00022/scan_00194,val/outdoor/scene_00022/scan_00194/00022_00194_outdoor_020_010.png,518,518,686,716244,71572,1002532.0,1922009.221149355,1922009.221149355,0.0,823949.1229302033,823949.1229302033,0.0,0.0793967198977947,27.556699700653553
111,outdoor,scene_00022,outdoor/scene_00022/scan_00194,val/outdoor/scene_00022/scan_00194/00022_00194_outdoor_020_010.png,574,574,770,716244,71572,1002532.0,1922009.221149355,1497590.3370913977,424418.8840579572,823949.1229302033,614590.9669259957,209358.15600420767,0.08038655819856061,29.124721884727478
111,outdoor,scene_00022,outdoor/scene_00022/scan_00194,val/outdoor/scene_00022/scan_00194/00022_00194_outdoor_020_010.png,630,630,840,716244,71572,1002532.0,1922009.221149355,1541798.4738732441,380210.7472761108,823949.1229302033,637302.6125685459,186646.51036165748,0.08041125255968311,46.11628782004118
111,outdoor,scene_00022,outdoor/scene_00022/scan_00194,val/outdoor/scene_00022/scan_00194/00022_00194_outdoor_020_010.png,686,686,910,716244,71572,1002532.0,1922009.221149355,1465361.4323777878,456647.78877156717,823949.1229302033,601561.0739290887,222388.04900111468,0.08125052298181269,56.50184955447912
111,outdoor,scene_00022,outdoor/scene_00022/scan_00194,val/outdoor/scene_00022/scan_00194/00022_00194_outdoor_020_010.png,742,742,994,716244,71572,1002532.0,1922009.221149355,1563255.078353013,358754.142796342,823949.1229302033,639726.9688692449,184222.15406095842,0.0818932592808992,78.43820750713348
111,outdoor,scene_00022,outdoor/scene_00022/scan_00194,val/outdoor/scene_00022/scan_00194/00022_00194_outdoor_020_010.png,798,798,1064,716244,71572,1002532.0,1922009.221149355,1404028.9205405037,517980.30060885125,823949.1229302033,566541.3326697487,257407.79026045464,0.08095303368503341,74.50449094176292
111,outdoor,scene_00022,outdoor/scene_00022/scan_00194,val/outdoor/scene_00022/scan_00194/00022_00194_outdoor_020_010.png,854,854,1134,716244,71572,1002532.0,1922009.221149355,1442699.066044028,479310.155105327,823949.1229302033,581179.5267605903,242769.59616961307,0.08153905584164696,99.10846222192049
111,outdoor,scene_00022,outdoor/scene_00022/scan_00194,val/outdoor/scene_00022/scan_00194/00022_00194_outdoor_020_010.png,910,910,1218,716244,71572,1002532.0,1922009.221149355,1345471.1492513146,576538.0718980404,823949.1229302033,544311.5104867904,279637.6124434129,0.08248468896898352,121.54214829206467
111,outdoor,scene_00022,outdoor/scene_00022/scan_00194,val/outdoor/scene_00022/scan_00194/00022_00194_outdoor_020_010.png,966,966,1288,716244,71572,1002532.0,1922009.221149355,1342719.301101094,579289.9200482608,823949.1229302033,537668.4719037727,286280.65102643066,0.0752311423790929,135.5895884335041
111,outdoor,scene_00022,outdoor/scene_00022/scan_00194,val/outdoor/scene_00022/scan_00194/00022_00194_outdoor_020_010.png,1022,1022,1358,716244,71572,1002532.0,1922009.221149355,1289567.3272824017,632441.8938669532,823949.1229302033,506037.73104826064,317911.3918819427,0.08088267916242653,174.63913559913635
112,outdoor,scene_00022,outdoor/scene_00022/scan_00194,val/outdoor/scene_00022/scan_00194/00022_00194_outdoor_020_030.png,518,518,686,471243,47090,659603.0,5578700.445732514,5578700.445732514,0.0,3266313.5249432707,3266313.5249432707,0.0,0.035936662081488935,26.89653355628252
112,outdoor,scene_00022,outdoor/scene_00022/scan_00194,val/outdoor/scene_00022/scan_00194/00022_00194_outdoor_020_030.png,574,574,770,471243,47090,659603.0,5578700.445732514,5507990.471069099,70709.97466341499,3266313.5249432707,3227446.1931078685,38867.331835402176,0.03670762264789559,33.295501954853535
112,outdoor,scene_00022,outdoor/scene_00022/scan_00194,val/outdoor/scene_00022/scan_00194/00022_00194_outdoor_020_030.png,630,630,840,471243,47090,659603.0,5578700.445732514,5383205.280782309,195495.164950205,3266313.5249432707,3102801.6989033213,163511.82603994943,0.03668073104381389,45.89506983757019
112,outdoor,scene_00022,outdoor/scene_00022/scan_00194,val/outdoor/scene_00022/scan_00194/00022_00194_outdoor_020_030.png,686,686,910,471243,47090,659603.0,5578700.445732514,5132682.366813862,446018.0789186526,3266313.5249432707,2956233.890892416,310079.63405085495,0.03500417687900387,53.551155142486095
112,outdoor,scene_00022,outdoor/scene_00022/scan_00194,val/outdoor/scene_00022/scan_00194/00022_00194_outdoor_020_030.png,742,742,994,471243,47090,659603.0,5578700.445732514,4873053.595685755,705646.8500467595,3266313.5249432707,2756910.9244558588,509402.60048741195,0.034449177683852535,60.504657216370106
112,outdoor,scene_00022,outdoor/scene_00022/scan_00194,val/outdoor/scene_00022/scan_00194/00022_00194_outdoor_020_030.png,798,798,1064,471243,47090,659603.0,5578700.445732514,5071044.39079436,507656.0549381543,3266313.5249432707,2872000.7176482384,394312.8072950323,0.03494296136960269,75.30392426997423
112,outdoor,scene_00022,outdoor/scene_00022/scan_00194,val/outdoor/scene_00022/scan_00194/00022_00194_outdoor_020_030.png,854,854,1134,471243,47090,659603.0,5578700.445732514,4976577.927412251,602122.5183202634,3266313.5249432707,2831607.290347811,434706.2345954599,0.03470490458967633,101.07943136245012
112,outdoor,scene_00022,outdoor/scene_00022/scan_00194,val/outdoor/scene_00022/scan_00194/00022_00194_outdoor_020_030.png,910,910,1218,471243,47090,659603.0,5578700.445732514,4642118.070385879,936582.3753466355,3266313.5249432707,2599910.7341585103,666402.7907847604,0.03342630177522833,112.18385584652424
112,outdoor,scene_00022,outdoor/scene_00022/scan_00194,val/outdoor/scene_00022/scan_00194/00022_00194_outdoor_020_030.png,966,966,1288,471243,47090,659603.0,5578700.445732514,4729540.060196909,849160.3855356053,3266313.5249432707,2650455.287687762,615858.2372555085,0.03511728327317472,172.80959151685238
112,outdoor,scene_00022,outdoor/scene_00022/scan_00194,val/outdoor/scene_00022/scan_00194/00022_00194_outdoor_020_030.png,1022,1022,1358,471243,47090,659603.0,5578700.445732514,4490988.3887537625,1087712.056978752,3266313.5249432707,2473335.612379875,792977.9125633957,0.03426319170639607,174.24465343356133
113,outdoor,scene_00022,outdoor/scene_00022/scan_00194,val/outdoor/scene_00022/scan_00194/00022_00194_outdoor_050_000.png,518,518,686,744887,74457,1042715.0,1028452.3869779492,1028452.3869779492,0.0,358492.5993424469,358492.5993424469,0.0,0.053826872012049505,53.19351702928543
113,outdoor,scene_00022,outdoor/scene_00022/scan_00194,val/outdoor/scene_00022/scan_00194/00022_00194_outdoor_050_000.png,574,574,770,744887,74457,1042715.0,1028452.3869779492,1127073.9017830554,-98621.51480510621,358492.5993424469,388490.8361630361,-29998.236820589227,0.05036938799810605,24.920337833464146
113,outdoor,scene_00022,outdoor/scene_00022/scan_00194,val/outdoor/scene_00022/scan_00194/00022_00194_outdoor_050_000.png,630,630,840,744887,74457,1042715.0,1028452.3869779492,1057813.2090413526,-29360.822063403437,358492.5993424469,370907.5037423447,-12414.904399897787,0.05046470451777777,38.67207374423742
113,outdoor,scene_00022,outdoor/scene_00022/scan_00194,val/outdoor/scene_00022/scan_00194/00022_00194_outdoor_050_000.png,686,686,910,744887,74457,1042715.0,1028452.3869779492,1110128.704369957,-81676.31739200791,358492.5993424469,387449.1580960396,-28956.55875359272,0.048558779071897505,45.04574369639158
113,outdoor,scene_00022,outdoor/scene_00022/scan_00194,val/outdoor/scene_00022/scan_00194/00022_00194_outdoor_050_000.png,742,742,994,744887,74457,1042715.0,1028452.3869779492,1015264.8111411921,13187.575836757082,358492.5993424469,356559.3480222941,1933.2513201527763,0.048517969038594254,50.362009555101395
113,outdoor,scene_00022,outdoor/scene_00022/scan_00194,val/outdoor/scene_00022/scan_00194/00022_00194_outdoor_050_000.png,798,798,1064,744887,74457,1042715.0,1028452.3869779492,1014110.6783954479,14341.708582501276,358492.5993424469,357938.21297705703,554.3863653898588,0.04835576778220194,63.31392843276262
113,outdoor,scene_00022,outdoor/scene_00022/scan_00194,val/outdoor/scene_00022/scan_00194/00022_00194_outdoor_050_000.png,854,854,1134,744887,74457,1042715.0,1028452.3869779492,1249238.943623696,-220786.5566457468,358492.5993424469,436426.542304588,-77933.94296214113,0.04731222679814519,83.4557693451643
113,outdoor,scene_00022,outdoor/scene_00022/scan_00194,val/outdoor/scene_00022/scan_00194/00022_00194_outdoor_050_000.png,910,910,1218,744887,74457,1042715.0,1028452.3869779492,1202674.9510035738,-174222.56402562466,358492.5993424469,416289.222238545,-57796.622896098124,0.04630016498557095,103.01210545003414
113,outdoor,scene_00022,outdoor/scene_00022/scan_00194,val/outdoor/scene_00022/scan_00194/00022_00194_outdoor_050_000.png,966,966,1288,744887,74457,1042715.0,1028452.3869779492,1165132.0067784819,-136679.6198005327,358492.5993424469,404974.92340229393,-46482.324059847044,0.046182563141995536,114.91906084120274
113,outdoor,scene_00022,outdoor/scene_00022/scan_00194,val/outdoor/scene_00022/scan_00194/00022_00194_outdoor_050_000.png,1022,1022,1358,744887,74457,1042715.0,1028452.3869779492,1110392.5087227402,-81940.12174479105,358492.5993424469,385915.56556882703,-27422.966226380144,0.04550169333983535,146.90543059259653
114,outdoor,scene_00022,outdoor/scene_00022/scan_00194,val/outdoor/scene_00022/scan_00194/00022_00194_outdoor_060_040.png,518,518,686,402244,40219,563120.0,579471.7666021463,579471.7666021463,0.0,169460.1690433503,169460.1690433503,0.0,0.018201970318524212,28.32516562193632
114,outdoor,scene_00022,outdoor/scene_00022/scan_00194,val/outdoor/scene_00022/scan_00194/00022_00194_outdoor_060_040.png,574,574,770,402244,40219,563120.0,579471.7666021463,593618.0749664211,-14146.308364274795,169460.1690433503,172685.60274225852,-3225.433698908222,0.017995615872269756,27.120008133351803
114,outdoor,scene_00022,outdoor/scene_00022/scan_00194,val/outdoor/scene_00022/scan_00194/00022_00194_outdoor_060_040.png,630,630,840,402244,40219,563120.0,579471.7666021463,566360.6044022256,13111.162199920742,169460.1690433503,165810.51472179443,3649.654321555863,0.01729928825189502,43.83451957255602
114,outdoor,scene_00022,outdoor/scene_00022/scan_00194,val/outdoor/scene_00022/scan_00194/00022_00194_outdoor_060_040.png,686,686,910,402244,40219,563120.0,579471.7666021463,586348.9721087503,-6877.205506603932,169460.1690433503,171486.56028547953,-2026.3912421292334,0.017042498763525028,50.000340677797794
114,outdoor,scene_00022,outdoor/scene_00022/scan_00194,val/outdoor/scene_00022/scan_00194/00022_00194_outdoor_060_040.png,742,742,994,402244,40219,563120.0,579471.7666021463,592594.8626286498,-13123.096026503481,169460.1690433503,173592.0195796224,-4131.850536272104,0.017303382884185665,61.2234054133296
114,outdoor,scene_00022,outdoor/scene_00022/scan_00194,val/outdoor/scene_00022/scan_00194/00022_00194_outdoor_060_040.png,798,798,1064,402244,40219,563120.0,579471.7666021463,558763.8354265869,20707.93117555941,169460.1690433503,164522.5176850948,4937.651358255505,0.01700225224838522,68.3708656579256
114,outdoor,scene_00022,outdoor/scene_00022/scan_00194,val/outdoor/scene_00022/scan_00194/00022_00194_outdoor_060_040.png,854,854,1134,402244,40219,563120.0,579471.7666021463,564676.61366307,14795.152939076303,169460.1690433503,165656.81558724615,3803.353456104145,0.016703768317013385,98.21121487766504
114,outdoor,scene_00022,outdoor/scene_00022/scan_00194,val/outdoor/scene_00022/scan_00194/00022_00194_outdoor_060_040.png,910,910,1218,402244,40219,563120.0,579471.7666021463,578685.2627883429,786.5038138034288,169460.1690433503,169008.78011265665,451.3889306936471,0.01667890907680152,111.1125024035573
114,outdoor,scene_00022,outdoor/scene_00022/scan_00194,val/outdoor/scene_00022/scan_00194/00022_00194_outdoor_060_040.png,966,966,1288,402244,40219,563120.0,579471.7666021463,562913.9961050865,16557.7704970598,169460.1690433503,163586.291767111,5873.8772762393055,0.016420894121680317,135.912180878222
114,outdoor,scene_00022,outdoor/scene_00022/scan_00194,val/outdoor/scene_00022/scan_00194/00022_00194_outdoor_060_040.png,1022,1022,1358,402244,40219,563120.0,579471.7666021463,557950.5882239587,21521.178378187586,169460.1690433503,162438.65615678494,7021.512886565353,0.016812297271517868,165.19173327833414
115,outdoor,scene_00022,outdoor/scene_00022/scan_00194,val/outdoor/scene_00022/scan_00194/00022_00194_outdoor_070_030.png,518,518,686,663253,66288,928405.0,1254862.64226853,1254862.64226853,0.0,386474.62496920314,386474.62496920314,0.0,0.01741933258684775,27.136946097016335
115,outdoor,scene_00022,outdoor/scene_00022/scan_00194,val/outdoor/scene_00022/scan_00194/00022_00194_outdoor_070_030.png,574,574,770,663253,66288,928405.0,1254862.64226853,1222321.9227587502,32540.71950977994,386474.62496920314,377395.81890950794,9078.806059695198,0.01730526255197667,29.310517013072968
115,outdoor,scene_00022,outdoor/scene_00022/scan_00194,val/outdoor/scene_00022/scan_00194/00022_00194_outdoor_070_030.png,630,630,840,663253,66288,928405.0,1254862.64226853,1180251.6664702212,74610.97579830885,386474.62496920314,366955.26348277315,19519.36148642999,0.017536922332140586,45.75592093169689
115,outdoor,scene_00022,outdoor/scene_00022/scan_00194,val/outdoor/scene_00022/scan_00194/00022_00194_outdoor_070_030.png,686,686,910,663253,66288,928405.0,1254862.64226853,1238985.9602569179,15876.682011612225,386474.62496920314,381102.7910545632,5371.833914639952,0.01698717253717529,53.54252923280001
115,outdoor,scene_00022,outdoor/scene_00022/scan_00194,val/outdoor/scene_00022/scan_00194/00022_00194_outdoor_070_030.png,742,742,994,663253,66288,928405.0,1254862.64226853,1201122.8728931986,53739.76937533147,386474.62496920314,371448.7325849971,15025.892384206061,0.017062458475436238,60.97346171736717
115,outdoor,scene_00022,outdoor/scene_00022/scan_00194,val/outdoor/scene_00022/scan_00194/00022_00194_outdoor_070_030.png,798,798,1064,663253,66288,928405.0,1254862.64226853,1181425.464522109,73437.17774642119,386474.62496920314,365611.35651934106,20863.26844986208,0.017005138411829678,82.96880777925253
115,outdoor,scene_00022,outdoor/scene_00022/scan_00194,val/outdoor/scene_00022/scan_00194/00022_00194_outdoor_070_030.png,854,854,1134,663253,66288,928405.0,1254862.64226853,1200799.530664492,54063.11160403816,386474.62496920314,369738.1556935411,16736.469275662035,0.016979896720046225,99.77854415774345
115,outdoor,scene_00022,outdoor/scene_00022/scan_00194,val/outdoor/scene_00022/scan_00194/00022_00194_outdoor_070_030.png,910,910,1218,663253,66288,928405.0,1254862.64226853,1209344.1971320293,45518.445136500755,386474.62496920314,372237.15389692836,14237.471072274784,0.016452525609225683,110.99668964743614
115,outdoor,scene_00022,outdoor/scene_00022/scan_00194,val/outdoor/scene_00022/scan_00194/00022_00194_outdoor_070_030.png,966,966,1288,663253,66288,928405.0,1254862.64226853,1202710.9466591605,52151.69560936955,386474.62496920314,369610.0190731114,16864.60589609173,0.016509021536833004,126.06384605169296
115,outdoor,scene_00022,outdoor/scene_00022/scan_00194,val/outdoor/scene_00022/scan_00194/00022_00194_outdoor_070_030.png,1022,1022,1358,663253,66288,928405.0,1254862.64226853,1209333.4492844706,45529.19298405945,386474.62496920314,370123.67071150336,16350.954257699777,0.01650656677305516,163.67391496896744
116,outdoor,scene_00022,outdoor/scene_00022/scan_00194,val/outdoor/scene_00022/scan_00194/00022_00194_outdoor_130_020.png,518,518,686,658294,65797,921482.0,1203256.901359518,1203256.901359518,0.0,409957.5029259457,409957.5029259457,0.0,0.018517834855784412,27.052275836467743
116,outdoor,scene_00022,outdoor/scene_00022/scan_00194,val/outdoor/scene_00022/scan_00194/00022_00194_outdoor_130_020.png,574,574,770,658294,65797,921482.0,1203256.901359518,1169559.2149073929,33697.6864521252,409957.5029259457,391834.10264211835,18123.40028382733,0.018437523167078487,36.58938221633434
116,outdoor,scene_00022,outdoor/scene_00022/scan_00194,val/outdoor/scene_00022/scan_00194/00022_00194_outdoor_130_020.png,630,630,840,658294,65797,921482.0,1203256.901359518,1148002.7332221936,55254.16813732451,409957.5029259457,387401.99238664657,22555.51053929911,0.018543866733082857,45.78966274857521
116,outdoor,scene_00022,outdoor/scene_00022/scan_00194,val/outdoor/scene_00022/scan_00194/00022_00194_outdoor_130_020.png,686,686,910,658294,65797,921482.0,1203256.901359518,1151136.0586699776,52120.84268954047,409957.5029259457,382220.5229355057,27736.979990439955,0.01802546627073118,53.333934396505356
116,outdoor,scene_00022,outdoor/scene_00022/scan_00194,val/outdoor/scene_00022/scan_00194/00022_00194_outdoor_130_020.png,742,742,994,658294,65797,921482.0,1203256.901359518,1146899.3429558696,56357.558403648436,409957.5029259457,381432.4412698784,28525.061656067264,0.01730203890323816,59.83538832515478
116,outdoor,scene_00022,outdoor/scene_00022/scan_00194,val/outdoor/scene_00022/scan_00194/00022_00194_outdoor_130_020.png,798,798,1064,658294,65797,921482.0,1203256.901359518,1148397.3998115947,54859.50154792331,409957.5029259457,382453.1052317,27504.39769424568,0.017536221456239145,90.73292650282383
116,outdoor,scene_00022,outdoor/scene_00022/scan_00194,val/outdoor/scene_00022/scan_00194/00022_00194_outdoor_130_020.png,854,854,1134,658294,65797,921482.0,1203256.901359518,1122474.4811959828,80782.42016353528,409957.5029259457,372961.0049858361,36996.49794010958,0.017552908944908987,88.87683041393757
116,outdoor,scene_00022,outdoor/scene_00022/scan_00194,val/outdoor/scene_00022/scan_00194/00022_00194_outdoor_130_020.png,910,910,1218,658294,65797,921482.0,1203256.901359518,1140034.4781715844,63222.42318793363,409957.5029259457,380352.90416646603,29604.598759479646,0.01678771196685906,101.16191022098064
116,outdoor,scene_00022,outdoor/scene_00022/scan_00194,val/outdoor/scene_00022/scan_00194/00022_00194_outdoor_130_020.png,966,966,1288,658294,65797,921482.0,1203256.901359518,1134529.141237051,68727.76012246707,409957.5029259457,379459.9794700234,30497.52345592226,0.01686993590487152,130.3832931444049
116,outdoor,scene_00022,outdoor/scene_00022/scan_00194,val/outdoor/scene_00022/scan_00194/00022_00194_outdoor_130_020.png,1022,1022,1358,658294,65797,921482.0,1203256.901359518,1143107.0550982133,60149.8462613048,409957.5029259457,378551.95368749555,31405.549238450127,0.016572557128179715,163.09784352779388
117,outdoor,scene_00022,outdoor/scene_00022/scan_00194,val/outdoor/scene_00022/scan_00194/00022_00194_outdoor_150_000.png,518,518,686,735164,73447,1028952.0,1651962.4930704772,1651962.4930704772,0.0,543361.858758302,543361.858758302,0.0,0.04665726612768315,60.17663516104221
117,outdoor,scene_00022,outdoor/scene_00022/scan_00194,val/outdoor/scene_00022/scan_00194/00022_00194_outdoor_150_000.png,574,574,770,735164,73447,1028952.0,1651962.4930704772,1573573.3128738212,78389.18019665591,543361.858758302,516624.46364881133,26737.395109490724,0.04552777196727771,25.083748623728752
117,outdoor,scene_00022,outdoor/scene_00022/scan_00194,val/outdoor/scene_00022/scan_00194/00022_00194_outdoor_150_000.png,630,630,840,735164,73447,1028952.0,1651962.4930704772,1560427.2372327764,91535.2558377008,543361.858758302,516984.342745321,26377.51601298107,0.045998571660101746,38.475533947348595
117,outdoor,scene_00022,outdoor/scene_00022/scan_00194,val/outdoor/scene_00022/scan_00194/00022_00194_outdoor_150_000.png,686,686,910,735164,73447,1028952.0,1651962.4930704772,1567392.823908036,84569.66916244105,543361.858758302,515044.31518265256,28317.5435756495,0.04335121487152693,45.10809574276209
117,outdoor,scene_00022,outdoor/scene_00022/scan_00194,val/outdoor/scene_00022/scan_00194/00022_00194_outdoor_150_000.png,742,742,994,735164,73447,1028952.0,1651962.4930704772,1485731.1144245402,166231.37864593696,543361.858758302,485175.16966094193,58186.689097360126,0.044052372907805254,51.012043841183186
117,outdoor,scene_00022,outdoor/scene_00022/scan_00194,val/outdoor/scene_00022/scan_00194/00022_00194_outdoor_150_000.png,798,798,1064,735164,73447,1028952.0,1651962.4930704772,1511004.852551353,140957.64051912422,543361.858758302,491859.3236025544,51502.53515574767,0.04314234340488903,62.97661364078522
117,outdoor,scene_00022,outdoor/scene_00022/scan_00194,val/outdoor/scene_00022/scan_00194/00022_00194_outdoor_150_000.png,854,854,1134,735164,73447,1028952.0,1651962.4930704772,1425131.1726444273,226831.32042604988,543361.858758302,464705.4324370844,78656.42632121767,0.04200976124151336,85.90168412774801
117,outdoor,scene_00022,outdoor/scene_00022/scan_00194,val/outdoor/scene_00022/scan_00194/00022_00194_outdoor_150_000.png,910,910,1218,735164,73447,1028952.0,1651962.4930704772,1372354.712343985,279607.7807264922,543361.858758302,446569.1785529614,96792.68020534067,0.04178598261181426,98.47444761544466
117,outdoor,scene_00022,outdoor/scene_00022/scan_00194,val/outdoor/scene_00022/scan_00194/00022_00194_outdoor_150_000.png,966,966,1288,735164,73447,1028952.0,1651962.4930704772,1330956.4748332475,321006.01823722967,543361.858758302,438258.08345385356,105103.7753044485,0.041581710601187184,114.89795614033937
117,outdoor,scene_00022,outdoor/scene_00022/scan_00194,val/outdoor/scene_00022/scan_00194/00022_00194_outdoor_150_000.png,1022,1022,1358,735164,73447,1028952.0,1651962.4930704772,1392349.738073104,259612.7549973731,543361.858758302,454131.19696990587,89230.66178839619,0.0410694536699971,147.22502045333385
118,outdoor,scene_00022,outdoor/scene_00022/scan_00194,val/outdoor/scene_00022/scan_00194/00022_00194_outdoor_260_030.png,518,518,686,705219,70447,987007.0,1035667.7115214531,1035667.7115214531,0.0,343090.868340081,343090.868340081,0.0,0.014043279822726662,22.962634451687336
118,outdoor,scene_00022,outdoor/scene_00022/scan_00194,val/outdoor/scene_00022/scan_00194/00022_00194_outdoor_260_030.png,574,574,770,705219,70447,987007.0,1035667.7115214531,1039110.3294084648,-3442.617887011729,343090.868340081,344747.0753043024,-1656.2069642213755,0.013892832526451356,24.836677126586437
118,outdoor,scene_00022,outdoor/scene_00022/scan_00194,val/outdoor/scene_00022/scan_00194/00022_00194_outdoor_260_030.png,630,630,840,705219,70447,987007.0,1035667.7115214531,1028355.2621306557,7312.44939079741,343090.868340081,342573.9826341105,516.8857059705188,0.013832757593068904,38.39929401874542
118,outdoor,scene_00022,outdoor/scene_00022/scan_00194,val/outdoor/scene_00022/scan_00194/00022_00194_outdoor_260_030.png,686,686,910,705219,70447,987007.0,1035667.7115214531,1033554.8426475503,2112.8688739028294,343090.868340081,341954.6433574793,1136.2249826017069,0.013703740955422476,44.820092618465424
118,outdoor,scene_00022,outdoor/scene_00022/scan_00194,val/outdoor/scene_00022/scan_00194/00022_00194_outdoor_260_030.png,742,742,994,705219,70447,987007.0,1035667.7115214531,1030611.6019090997,5056.109612353379,343090.868340081,342027.1560248364,1063.7123152446002,0.01339615792216535,54.44242060184479
118,outdoor,scene_00022,outdoor/scene_00022/scan_00194,val/outdoor/scene_00022/scan_00194/00022_00194_outdoor_260_030.png,798,798,1064,705219,70447,987007.0,1035667.7115214531,1024289.4097875913,11378.301733861794,343090.868340081,341367.9363261534,1722.9320139276097,0.013353657424818964,144.75226309150457
118,outdoor,scene_00022,outdoor/scene_00022/scan_00194,val/outdoor/scene_00022/scan_00194/00022_00194_outdoor_260_030.png,854,854,1134,705219,70447,987007.0,1035667.7115214531,1036053.3116850744,-385.6001636212459,343090.868340081,344617.8284879305,-1526.960147849517,0.013026965201726803,195.25724928826094
118,outdoor,scene_00022,outdoor/scene_00022/scan_00194,val/outdoor/scene_00022/scan_00194/00022_00194_outdoor_260_030.png,910,910,1218,705219,70447,987007.0,1035667.7115214531,1036425.9095662674,-758.1980448142858,343090.868340081,343732.8304257153,-641.9620856342954,0.012961605055878676,222.6783176884055
118,outdoor,scene_00022,outdoor/scene_00022/scan_00194,val/outdoor/scene_00022/scan_00194/00022_00194_outdoor_260_030.png,966,966,1288,705219,70447,987007.0,1035667.7115214531,1025872.8980587183,9794.813462734804,343090.868340081,338906.7610778356,4184.107262245438,0.012896464897381268,141.38980582356453
118,outdoor,scene_00022,outdoor/scene_00022/scan_00194,val/outdoor/scene_00022/scan_00194/00022_00194_outdoor_260_030.png,1022,1022,1358,705219,70447,987007.0,1035667.7115214531,1034483.5245181898,1184.1870032632723,343090.868340081,343860.79404792783,-769.9257078468218,0.012991855473882138,173.97546023130417
119,outdoor,scene_00022,outdoor/scene_00022/scan_00194,val/outdoor/scene_00022/scan_00194/00022_00194_outdoor_280_030.png,518,518,686,498788,49708,697620.0,8009431.283547761,8009431.283547761,0.0,2361856.9413916282,2361856.9413916282,0.0,0.023606471319375846,44.66987494379282
119,outdoor,scene_00022,outdoor/scene_00022/scan_00194,val/outdoor/scene_00022/scan_00194/00022_00194_outdoor_280_030.png,574,574,770,498788,49708,697620.0,8009431.283547761,8341430.539152703,-331999.25560494233,2361856.9413916282,2458169.237508714,-96312.29611708596,0.022170253000335073,38.986967876553535
119,outdoor,scene_00022,outdoor/scene_00022/scan_00194,val/outdoor/scene_00022/scan_00194/00022_00194_outdoor_280_030.png,630,630,840,498788,49708,697620.0,8009431.283547761,8135728.860848427,-126297.5773006659,2361856.9413916282,2396302.91106625,-34445.96967462171,0.022077704952760867,45.78486829996109
119,outdoor,scene_00022,outdoor/scene_00022/scan_00194,val/outdoor/scene_00022/scan_00194/00022_00194_outdoor_280_030.png,686,686,910,498788,49708,697620.0,8009431.283547761,8061597.344283886,-52166.060736125335,2361856.9413916282,2366363.810971897,-4506.86958026886,0.02188952814129437,52.930666133761406
119,outdoor,scene_00022,outdoor/scene_00022/scan_00194,val/outdoor/scene_00022/scan_00194/00022_00194_outdoor_280_030.png,742,742,994,498788,49708,697620.0,8009431.283547761,8283457.46366694,-274026.1801191792,2361856.9413916282,2455553.249503959,-93696.30811233073,0.021486696698820296,59.77296270430088
119,outdoor,scene_00022,outdoor/scene_00022/scan_00194,val/outdoor/scene_00022/scan_00194/00022_00194_outdoor_280_030.png,798,798,1064,498788,49708,697620.0,8009431.283547761,8235857.57436911,-226426.29082134925,2361856.9413916282,2446602.066876037,-84745.12548440881,0.021838241776404095,106.28881491720676
119,outdoor,scene_00022,outdoor/scene_00022/scan_00194,val/outdoor/scene_00022/scan_00194/00022_00194_outdoor_280_030.png,854,854,1134,498788,49708,697620.0,8009431.283547761,8318106.400635055,-308675.11708729435,2361856.9413916282,2466693.6995524433,-104836.75816081511,0.02129687290962768,98.95607363432646
119,outdoor,scene_00022,outdoor/scene_00022/scan_00194,val/outdoor/scene_00022/scan_00194/00022_00194_outdoor_280_030.png,910,910,1218,498788,49708,697620.0,8009431.283547761,8329035.137973006,-319603.85442524496,2361856.9413916282,2484169.8392297025,-122312.89783807425,0.021436619571254596,126.19076948612928
119,outdoor,scene_00022,outdoor/scene_00022/scan_00194,val/outdoor/scene_00022/scan_00194/00022_00194_outdoor_280_030.png,966,966,1288,498788,49708,697620.0,8009431.283547761,8529268.630760107,-519837.34721234627,2361856.9413916282,2541302.0743816174,-179445.13298998913,0.020158049546230773,135.87294798344374
119,outdoor,scene_00022,outdoor/scene_00022/scan_00194,val/outdoor/scene_00022/scan_00194/00022_00194_outdoor_280_030.png,1022,1022,1358,498788,49708,697620.0,8009431.283547761,8612360.339809677,-602929.0562619157,2361856.9413916282,2575720.4795671944,-213863.53817556612,0.020169676719017208,173.76781534403563
120,outdoor,scene_00022,outdoor/scene_00022/scan_00195,val/outdoor/scene_00022/scan_00195/00022_00195_outdoor_160_000.png,518,518,686,764130,76412,1069778.0,837579.9527466715,837579.9527466715,0.0,209600.861212748,209600.861212748,0.0,0.04970097418221296,28.361279517412186
120,outdoor,scene_00022,outdoor/scene_00022/scan_00195,val/outdoor/scene_00022/scan_00195/00022_00195_outdoor_160_000.png,574,574,770,764130,76412,1069778.0,837579.9527466715,945468.5839097993,-107888.63116312784,209600.861212748,234796.08359112064,-25195.22237837265,0.047427384649744726,29.608996585011482
120,outdoor,scene_00022,outdoor/scene_00022/scan_00195,val/outdoor/scene_00022/scan_00195/00022_00195_outdoor_160_000.png,630,630,840,764130,76412,1069778.0,837579.9527466715,372944.5805139331,464635.3722327384,209600.861212748,112075.30245798516,97525.55875476282,0.04708791261111875,46.03471141308546
120,outdoor,scene_00022,outdoor/scene_00022/scan_00195,val/outdoor/scene_00022/scan_00195/00022_00195_outdoor_160_000.png,686,686,910,764130,76412,1069778.0,837579.9527466715,949515.3749619852,-111935.42221531365,209600.861212748,233362.36071874894,-23761.499506000953,0.04678023532846332,53.59373427927494
120,outdoor,scene_00022,outdoor/scene_00022/scan_00195,val/outdoor/scene_00022/scan_00195/00022_00195_outdoor_160_000.png,742,742,994,764130,76412,1069778.0,837579.9527466715,851596.45710426,-14016.504357588477,209600.861212748,213435.75644123726,-3834.895228489273,0.04626824735550618,60.754673555493355
120,outdoor,scene_00022,outdoor/scene_00022/scan_00195,val/outdoor/scene_00022/scan_00195/00022_00195_outdoor_160_000.png,798,798,1064,764130,76412,1069778.0,837579.9527466715,473465.32564781874,364114.62709885277,209600.861212748,140511.34611836556,69089.51509438243,0.04574815119869918,76.38429291546345
120,outdoor,scene_00022,outdoor/scene_00022/scan_00195,val/outdoor/scene_00022/scan_00195/00022_00195_outdoor_160_000.png,854,854,1134,764130,76412,1069778.0,837579.9527466715,995273.1399188068,-157693.18717213534,209600.861212748,246246.78112366237,-36645.91991091438,0.0459938159670965,124.80057124048471
120,outdoor,scene_00022,outdoor/scene_00022/scan_00195,val/outdoor/scene_00022/scan_00195/00022_00195_outdoor_160_000.png,910,910,1218,764130,76412,1069778.0,837579.9527466715,1030522.180141171,-192942.22739449947,209600.861212748,257078.20113420434,-47477.339921456354,0.04634971932148615,111.74167413264513
120,outdoor,scene_00022,outdoor/scene_00022/scan_00195,val/outdoor/scene_00022/scan_00195/00022_00195_outdoor_160_000.png,966,966,1288,764130,76412,1069778.0,837579.9527466715,517351.83998783666,320228.11275883485,209600.861212748,154847.9613345953,54752.899878152675,0.0452897114724422,140.8459208905697
120,outdoor,scene_00022,outdoor/scene_00022/scan_00195,val/outdoor/scene_00022/scan_00195/00022_00195_outdoor_160_000.png,1022,1022,1358,764130,76412,1069778.0,837579.9527466715,964959.9751943435,-127380.02244767197,209600.861212748,242346.73613318897,-32745.874920440983,0.045105156635626205,174.15261827409267
121,outdoor,scene_00022,outdoor/scene_00022/scan_00195,val/outdoor/scene_00022/scan_00195/00022_00195_outdoor_170_030.png,518,518,686,722122,72212,1010970.0,243242.9625210432,243242.9625210432,0.0,137449.55215600127,137449.55215600127,0.0,0.05407478922676656,26.970979757606983
121,outdoor,scene_00022,outdoor/scene_00022/scan_00195,val/outdoor/scene_00022/scan_00195/00022_00195_outdoor_170_030.png,574,574,770,722122,72212,1010970.0,243242.9625210432,258392.45735110925,-15149.494830066047,137449.55215600127,147711.4303802387,-10261.878224237415,0.05252988766587625,25.691724382340908
121,outdoor,scene_00022,outdoor/scene_00022/scan_00195,val/outdoor/scene_00022/scan_00195/00022_00195_outdoor_170_030.png,630,630,840,722122,72212,1010970.0,243242.9625210432,262866.0059559853,-19623.043434942083,137449.55215600127,149683.3982707271,-12233.846114725835,0.05264031951474552,38.74810505658388
121,outdoor,scene_00022,outdoor/scene_00022/scan_00195,val/outdoor/scene_00022/scan_00195/00022_00195_outdoor_170_030.png,686,686,910,722122,72212,1010970.0,243242.9625210432,256601.52393299935,-13358.56141195615,137449.55215600127,146353.97129990137,-8904.4191439001,0.05018899458393973,45.11420335620642
121,outdoor,scene_00022,outdoor/scene_00022/scan_00195,val/outdoor/scene_00022/scan_00195/00022_00195_outdoor_170_030.png,742,742,994,722122,72212,1010970.0,243242.9625210432,264549.71045806125,-21306.74793701805,137449.55215600127,151279.26494854136,-13829.712792540086,0.050768301798994976,50.48321187496185
121,outdoor,scene_00022,outdoor/scene_00022/scan_00195,val/outdoor/scene_00022/scan_00195/00022_00195_outdoor_170_030.png,798,798,1064,722122,72212,1010970.0,243242.9625210432,262172.5434501685,-18929.58092912531,137449.55215600127,148053.8260378284,-10604.273881827132,0.05062091707176986,62.97816429287195
121,outdoor,scene_00022,outdoor/scene_00022/scan_00195,val/outdoor/scene_00022/scan_00195/00022_00195_outdoor_170_030.png,854,854,1134,722122,72212,1010970.0,243242.9625210432,261150.3078895607,-17907.345368517505,137449.55215600127,149039.9432361495,-11590.391080148227,0.049360173708390596,89.94216565042734
121,outdoor,scene_00022,outdoor/scene_00022/scan_00195,val/outdoor/scene_00022/scan_00195/00022_00195_outdoor_170_030.png,910,910,1218,722122,72212,1010970.0,243242.9625210432,262091.3680709854,-18848.405549942196,137449.55215600127,148379.26864659096,-10929.716490589693,0.04923844914494928,95.36915179342031
121,outdoor,scene_00022,outdoor/scene_00022/scan_00195,val/outdoor/scene_00022/scan_00195/00022_00195_outdoor_170_030.png,966,966,1288,722122,72212,1010970.0,243242.9625210432,250335.2156878768,-7092.253166833601,137449.55215600127,140419.71240110818,-2970.1602451069048,0.049271168476441196,114.83384482562542
121,outdoor,scene_00022,outdoor/scene_00022/scan_00195,val/outdoor/scene_00022/scan_00195/00022_00195_outdoor_170_030.png,1022,1022,1358,722122,72212,1010970.0,243242.9625210432,255410.7088874699,-12167.746366426698,137449.55215600127,143987.00551753346,-6537.453361532185,0.049036476220452686,149.79527425020933
122,outdoor,scene_00022,outdoor/scene_00022/scan_00195,val/outdoor/scene_00022/scan_00195/00022_00195_outdoor_250_000.png,518,518,686,618501,61833,865833.0,970437.5026641171,970437.5026641171,0.0,339536.5620658585,339536.5620658585,0.0,0.06041397288135958,29.376705177128315
122,outdoor,scene_00022,outdoor/scene_00022/scan_00195,val/outdoor/scene_00022/scan_00195/00022_00195_outdoor_250_000.png,574,574,770,618501,61833,865833.0,970437.5026641171,985213.8497826001,-14776.347118482925,339536.5620658585,343247.4807571597,-3710.9186913011945,0.059032122002713565,29.183723963797092
122,outdoor,scene_00022,outdoor/scene_00022/scan_00195,val/outdoor/scene_00022/scan_00195/00022_00195_outdoor_250_000.png,630,630,840,618501,61833,865833.0,970437.5026641171,980144.3949925406,-9706.892328423448,339536.5620658585,347143.1361167976,-7606.574050939118,0.05961844823178214,45.6373356282711
122,outdoor,scene_00022,outdoor/scene_00022/scan_00195,val/outdoor/scene_00022/scan_00195/00022_00195_outdoor_250_000.png,686,686,910,618501,61833,865833.0,970437.5026641171,982212.9585705122,-11775.455906395102,339536.5620658585,345343.3744688679,-5806.8124030093895,0.057664837477002864,59.70125179737806
122,outdoor,scene_00022,outdoor/scene_00022/scan_00195,val/outdoor/scene_00022/scan_00195/00022_00195_outdoor_250_000.png,742,742,994,618501,61833,865833.0,970437.5026641171,980533.258978247,-10095.756314129801,339536.5620658585,346977.13509348343,-7440.573027624923,0.05872556811354214,61.06455158442259
122,outdoor,scene_00022,outdoor/scene_00022/scan_00195,val/outdoor/scene_00022/scan_00195/00022_00195_outdoor_250_000.png,798,798,1064,618501,61833,865833.0,970437.5026641171,954561.7538140956,15875.748850021511,339536.5620658585,343261.194104118,-3724.6320382594713,0.06030922634108938,82.20041915774345
122,outdoor,scene_00022,outdoor/scene_00022/scan_00195,val/outdoor/scene_00022/scan_00195/00022_00195_outdoor_250_000.png,854,854,1134,618501,61833,865833.0,970437.5026641171,989450.3963211067,-19012.89365698956,339536.5620658585,351029.36709119834,-11492.805025339825,0.05884548408246422,99.10352621227503
122,outdoor,scene_00022,outdoor/scene_00022/scan_00195,val/outdoor/scene_00022/scan_00195/00022_00195_outdoor_250_000.png,910,910,1218,618501,61833,865833.0,970437.5026641171,976248.035974537,-5810.53331041988,339536.5620658585,343188.6959063074,-3652.1338404488633,0.055757161906232054,111.77555099129677
122,outdoor,scene_00022,outdoor/scene_00022/scan_00195,val/outdoor/scene_00022/scan_00195/00022_00195_outdoor_250_000.png,966,966,1288,618501,61833,865833.0,970437.5026641171,957402.5728984275,13034.929765689652,339536.5620658585,342759.9584002721,-3223.3963344136137,0.057886838220050085,135.8771426603198
122,outdoor,scene_00022,outdoor/scene_00022/scan_00195,val/outdoor/scene_00022/scan_00195/00022_00195_outdoor_250_000.png,1022,1022,1358,618501,61833,865833.0,970437.5026641171,958284.311294945,12153.191369172186,339536.5620658585,340446.6228655313,-910.0607996727922,0.057481579084464954,173.88848029077053
123,outdoor,scene_00022,outdoor/scene_00022/scan_00195,val/outdoor/scene_00022/scan_00195/00022_00195_outdoor_290_020.png,518,518,686,736644,73650,1031244.0,309975.25277228776,309975.25277228776,0.0,144363.63486317257,144363.63486317257,0.0,0.023355900006669962,55.76192680746317
123,outdoor,scene_00022,outdoor/scene_00022/scan_00195,val/outdoor/scene_00022/scan_00195/00022_00195_outdoor_290_020.png,574,574,770,736644,73650,1031244.0,309975.25277228776,319709.9772139994,-9734.724441711616,144363.63486317257,151855.20703932008,-7491.572176147514,0.023046169977210325,33.79236999899149
123,outdoor,scene_00022,outdoor/scene_00022/scan_00195,val/outdoor/scene_00022/scan_00195/00022_00195_outdoor_290_020.png,630,630,840,736644,73650,1031244.0,309975.25277228776,316059.7016112094,-6084.448838921671,144363.63486317257,148328.26404754957,-3964.6291843770014,0.0223158408104189,74.25802201032639
123,outdoor,scene_00022,outdoor/scene_00022/scan_00195,val/outdoor/scene_00022/scan_00195/00022_00195_outdoor_290_020.png,686,686,910,736644,73650,1031244.0,309975.25277228776,318863.26822155225,-8888.015449264494,144363.63486317257,150636.47620756924,-6272.841344396671,0.021942995237464177,55.540467612445354
123,outdoor,scene_00022,outdoor/scene_00022/scan_00195,val/outdoor/scene_00022/scan_00195/00022_00195_outdoor_290_020.png,742,742,994,736644,73650,1031244.0,309975.25277228776,317558.8963880775,-7583.64361578977,144363.63486317257,147829.2119876393,-3465.577124466741,0.021432901469449123,93.67537125945091
123,outdoor,scene_00022,outdoor/scene_00022/scan_00195,val/outdoor/scene_00022/scan_00195/00022_00195_outdoor_290_020.png,798,798,1064,736644,73650,1031244.0,309975.25277228776,317846.51705382805,-7871.264281540294,144363.63486317257,149329.56861545634,-4965.933752283774,0.021175384802760287,74.52081236988306
123,outdoor,scene_00022,outdoor/scene_00022/scan_00195,val/outdoor/scene_00022/scan_00195/00022_00195_outdoor_290_020.png,854,854,1134,736644,73650,1031244.0,309975.25277228776,324748.30457570683,-14773.051803419075,144363.63486317257,155645.77468138796,-11282.139818215393,0.020987599514868043,101.8345020711422
123,outdoor,scene_00022,outdoor/scene_00022/scan_00195,val/outdoor/scene_00022/scan_00195/00022_00195_outdoor_290_020.png,910,910,1218,736644,73650,1031244.0,309975.25277228776,319075.300148282,-9100.047375994269,144363.63486317257,150620.35040495207,-6256.7155417795,0.02121714883005502,111.82545032352209
123,outdoor,scene_00022,outdoor/scene_00022/scan_00195,val/outdoor/scene_00022/scan_00195/00022_00195_outdoor_290_020.png,966,966,1288,736644,73650,1031244.0,309975.25277228776,320901.62681984424,-10926.374047556485,144363.63486317257,152728.20988038677,-8364.5750172142,0.02123443997158746,136.0058058053255
123,outdoor,scene_00022,outdoor/scene_00022/scan_00195,val/outdoor/scene_00022/scan_00195/00022_00195_outdoor_290_020.png,1022,1022,1358,736644,73650,1031244.0,309975.25277228776,326640.598711965,-16665.345939677267,144363.63486317257,156812.7377890497,-12449.102925877116,0.02078580895144245,174.24344085156918
124,outdoor,scene_00022,outdoor/scene_00022/scan_00195,val/outdoor/scene_00022/scan_00195/00022_00195_outdoor_300_010.png,518,518,686,722001,72183,1010733.0,328755.71143695194,328755.71143695194,0.0,157619.8317669479,157619.8317669479,0.0,0.028605074792323826,27.0371213555336
124,outdoor,scene_00022,outdoor/scene_00022/scan_00195,val/outdoor/scene_00022/scan_00195/00022_00195_outdoor_300_010.png,574,574,770,722001,72183,1010733.0,328755.71143695194,330166.9652200169,-1411.2537830649526,157619.8317669479,157063.9580410821,555.873725865793,0.027848055317402486,38.58999256044626
124,outdoor,scene_00022,outdoor/scene_00022/scan_00195,val/outdoor/scene_00022/scan_00195/00022_00195_outdoor_300_010.png,630,630,840,722001,72183,1010733.0,328755.71143695194,327740.8635375699,1014.8478993820609,157619.8317669479,157797.6397213061,-177.8079543581989,0.028211173903075624,46.01265024393797
124,outdoor,scene_00022,outdoor/scene_00022/scan_00195,val/outdoor/scene_00022/scan_00195/00022_00195_outdoor_300_010.png,686,686,910,722001,72183,1010733.0,328755.71143695194,330121.119957853,-1365.4085209010518,157619.8317669479,156493.8929660893,1125.9388008585956,0.0267792146923024,53.46820876002312
124,outdoor,scene_00022,outdoor/scene_00022/scan_00195,val/outdoor/scene_00022/scan_00195/00022_00195_outdoor_300_010.png,742,742,994,722001,72183,1010733.0,328755.71143695194,333165.23379862995,-4409.522361678013,157619.8317669479,157912.1043867585,-292.27261981059564,0.026335299191233452,67.27850064635277
124,outdoor,scene_00022,outdoor/scene_00022/scan_00195,val/outdoor/scene_00022/scan_00195/00022_00195_outdoor_300_010.png,798,798,1064,722001,72183,1010733.0,328755.71143695194,327585.003664212,1170.70777273993,157619.8317669479,154557.24905226976,3062.5827146781376,0.026289538247857333,74.8465983197093
124,outdoor,scene_00022,outdoor/scene_00022/scan_00195,val/outdoor/scene_00022/scan_00195/00022_00195_outdoor_300_010.png,854,854,1134,722001,72183,1010733.0,328755.71143695194,337008.44067902403,-8252.729242072091,157619.8317669479,159877.89365081748,-2258.061883869581,0.02538227213659526,98.89801777899265
124,outdoor,scene_00022,outdoor/scene_00022/scan_00195,val/outdoor/scene_00022/scan_00195/00022_00195_outdoor_300_010.png,910,910,1218,722001,72183,1010733.0,328755.71143695194,335777.90834419033,-7022.1969072383945,157619.8317669479,160378.98169649503,-2759.1499295471294,0.025829514218754072,118.12599748373032
124,outdoor,scene_00022,outdoor/scene_00022/scan_00195,val/outdoor/scene_00022/scan_00195/00022_00195_outdoor_300_010.png,966,966,1288,722001,72183,1010733.0,328755.71143695194,337385.8892335633,-8630.177796611388,157619.8317669479,161632.93258579116,-4013.1008188432606,0.0258213534680887,141.71147160232067
124,outdoor,scene_00022,outdoor/scene_00022/scan_00195,val/outdoor/scene_00022/scan_00195/00022_00195_outdoor_300_010.png,1022,1022,1358,722001,72183,1010733.0,328755.71143695194,335607.69059236103,-6851.979155409092,157619.8317669479,159715.08628641957,-2095.254519471666,0.02553805158098745,176.34660098701715
125,outdoor,scene_00022,outdoor/scene_00022/scan_00195,val/outdoor/scene_00022/scan_00195/00022_00195_outdoor_310_000.png,518,518,686,743176,74306,1040400.0,620440.8250465302,620440.8250465302,0.0,292720.1649831339,292720.1649831339,0.0,0.03874632193499124,22.898648865520954
125,outdoor,scene_00022,outdoor/scene_00022/scan_00195,val/outdoor/scene_00022/scan_00195/00022_00195_outdoor_310_000.png,574,574,770,743176,74306,1040400.0,620440.8250465302,646965.1510890202,-26524.326042489964,292720.1649831339,301593.06774154643,-8872.902758412529,0.037639470848784926,24.948191829025745
125,outdoor,scene_00022,outdoor/scene_00022/scan_00195,val/outdoor/scene_00022/scan_00195/00022_00195_outdoor_310_000.png,630,630,840,743176,74306,1040400.0,620440.8250465302,615628.9588412091,4811.866205321159,292720.1649831339,288161.92119406204,4558.2437890718575,0.0368682253662582,39.05772604048252
125,outdoor,scene_00022,outdoor/scene_00022/scan_00195,val/outdoor/scene_00022/scan_00195/00022_00195_outdoor_310_000.png,686,686,910,743176,74306,1040400.0,620440.8250465302,613744.2641904227,6696.560856107506,292720.1649831339,284259.5540118839,8460.61097124999,0.03610171981259743,47.5095147266984
125,outdoor,scene_00022,outdoor/scene_00022/scan_00195,val/outdoor/scene_00022/scan_00195/00022_00195_outdoor_310_000.png,742,742,994,743176,74306,1040400.0,620440.8250465302,585399.7627871921,35041.0622593381,292720.1649831339,267564.78755114996,25155.377431983943,0.03491663309976711,50.40168575942516
125,outdoor,scene_00022,outdoor/scene_00022/scan_00195,val/outdoor/scene_00022/scan_00195/00022_00195_outdoor_310_000.png,798,798,1064,743176,74306,1040400.0,620440.8250465302,609034.0537719321,11406.771274598083,292720.1649831339,278591.52283291705,14128.642150216852,0.03447819323169606,69.22626588493586
125,outdoor,scene_00022,outdoor/scene_00022/scan_00195,val/outdoor/scene_00022/scan_00195/00022_00195_outdoor_310_000.png,854,854,1134,743176,74306,1040400.0,620440.8250465302,562378.306623389,58062.51842314121,292720.1649831339,252935.0665409657,39785.09844216821,0.03369821465793386,83.12062080949545
125,outdoor,scene_00022,outdoor/scene_00022/scan_00195,val/outdoor/scene_00022/scan_00195/00022_00195_outdoor_310_000.png,910,910,1218,743176,74306,1040400.0,620440.8250465302,593464.7852567324,26976.039789797855,292720.1649831339,268271.3140163716,24448.850966762286,0.033440368431785376,94.800247810781
125,outdoor,scene_00022,outdoor/scene_00022/scan_00195,val/outdoor/scene_00022/scan_00195/00022_00195_outdoor_310_000.png,966,966,1288,743176,74306,1040400.0,620440.8250465302,605849.0068672635,14591.81817926676,292720.1649831339,273297.2864902028,19422.87849293108,0.032879886652754375,120.49725651741028
125,outdoor,scene_00022,outdoor/scene_00022/scan_00195,val/outdoor/scene_00022/scan_00195/00022_00195_outdoor_310_000.png,1022,1022,1358,743176,74306,1040400.0,620440.8250465302,595294.487839816,25146.337206714205,292720.1649831339,268142.9221997644,24577.242783369496,0.03269864824213762,146.45241759717464
126,outdoor,scene_00022,outdoor/scene_00022/scan_00195,val/outdoor/scene_00022/scan_00195/00022_00195_outdoor_320_010.png,518,518,686,722804,72268,1011876.0,467556.8939993285,467556.8939993285,0.0,184450.31227031152,184450.31227031152,0.0,0.026560379802900956,22.897914052009583
126,outdoor,scene_00022,outdoor/scene_00022/scan_00195,val/outdoor/scene_00022/scan_00195/00022_00195_outdoor_320_010.png,574,574,770,722804,72268,1011876.0,467556.8939993285,484640.9019577822,-17084.00795845373,184450.31227031152,194497.57207665913,-10047.259806347603,0.02524068389682194,24.913419038057327
126,outdoor,scene_00022,outdoor/scene_00022/scan_00195,val/outdoor/scene_00022/scan_00195/00022_00195_outdoor_320_010.png,630,630,840,722804,72268,1011876.0,467556.8939993285,497795.3153216639,-30238.42132233543,184450.31227031152,204997.83332799003,-20547.521057678503,0.024838251224717126,38.54348510503769
126,outdoor,scene_00022,outdoor/scene_00022/scan_00195,val/outdoor/scene_00022/scan_00195/00022_00195_outdoor_320_010.png,686,686,910,722804,72268,1011876.0,467556.8939993285,493350.9878663636,-25794.093867035117,184450.31227031152,197289.47948577415,-12839.167215462629,0.023613418166097265,45.019770972430706
126,outdoor,scene_00022,outdoor/scene_00022/scan_00195,val/outdoor/scene_00022/scan_00195/00022_00195_outdoor_320_010.png,742,742,994,722804,72268,1011876.0,467556.8939993285,489528.2182522558,-21971.324252927327,184450.31227031152,195915.53089122614,-11465.218620914617,0.023560270449279913,50.459397956728935
126,outdoor,scene_00022,outdoor/scene_00022/scan_00195,val/outdoor/scene_00022/scan_00195/00022_00195_outdoor_320_010.png,798,798,1064,722804,72268,1011876.0,467556.8939993285,496223.9307136955,-28667.036714366986,184450.31227031152,203975.73217803705,-19525.419907725533,0.023226227370727735,62.96928692609072
126,outdoor,scene_00022,outdoor/scene_00022/scan_00195,val/outdoor/scene_00022/scan_00195/00022_00195_outdoor_320_010.png,854,854,1134,722804,72268,1011876.0,467556.8939993285,496821.2147418315,-29264.32074250304,184450.31227031152,201337.11069553084,-16886.798425219313,0.023325406878765904,83.18696729838848
126,outdoor,scene_00022,outdoor/scene_00022/scan_00195,val/outdoor/scene_00022/scan_00195/00022_00195_outdoor_320_010.png,910,910,1218,722804,72268,1011876.0,467556.8939993285,516540.4022632717,-48983.50826394319,184450.31227031152,214437.24555915972,-29986.933288848202,0.02252725342759727,98.11026323586702
126,outdoor,scene_00022,outdoor/scene_00022/scan_00195,val/outdoor/scene_00022/scan_00195/00022_00195_outdoor_320_010.png,966,966,1288,722804,72268,1011876.0,467556.8939993285,512054.73658487,-44497.84258554154,184450.31227031152,208323.03251935405,-23872.720249042526,0.02219614560471194,123.62326867878437
126,outdoor,scene_00022,outdoor/scene_00022/scan_00195,val/outdoor/scene_00022/scan_00195/00022_00195_outdoor_320_010.png,1022,1022,1358,722804,72268,1011876.0,467556.8939993285,511651.49704778264,-44094.603048454155,184450.31227031152,210633.7785549204,-26183.466284608876,0.02259116325334747,153.0772875994444
127,outdoor,scene_00022,outdoor/scene_00022/scan_00195,val/outdoor/scene_00022/scan_00195/00022_00195_outdoor_340_040.png,518,518,686,412133,41196,576917.0,530270.4474947625,530270.4474947625,0.0,156257.1957846929,156257.1957846929,0.0,0.01731695297960455,27.01934054493904
127,outdoor,scene_00022,outdoor/scene_00022/scan_00195,val/outdoor/scene_00022/scan_00195/00022_00195_outdoor_340_040.png,574,574,770,412133,41196,576917.0,530270.4474947625,533375.0485944891,-3104.6010997266276,156257.1957846929,156231.33378509793,25.86199959498481,0.016605720999835028,35.866860300302505
127,outdoor,scene_00022,outdoor/scene_00022/scan_00195,val/outdoor/scene_00022/scan_00195/00022_00195_outdoor_340_040.png,630,630,840,412133,41196,576917.0,530270.4474947625,527175.7716259935,3094.6758687689435,156257.1957846929,155591.34464162105,665.8511430718645,0.016459477767313595,45.73026392608881
127,outdoor,scene_00022,outdoor/scene_00022/scan_00195,val/outdoor/scene_00022/scan_00195/00022_00195_outdoor_340_040.png,686,686,910,412133,41196,576917.0,530270.4474947625,539489.3951425367,-9218.947647774243,156257.1957846929,157930.80925662196,-1673.6134719290421,0.015871072123512943,53.56696713715792
127,outdoor,scene_00022,outdoor/scene_00022/scan_00195,val/outdoor/scene_00022/scan_00195/00022_00195_outdoor_340_040.png,742,742,994,412133,41196,576917.0,530270.4474947625,539462.5236381341,-9192.07614337164,156257.1957846929,156833.8037995175,-576.6080148245965,0.015465778432631494,59.95898973196745
127,outdoor,scene_00022,outdoor/scene_00022/scan_00195,val/outdoor/scene_00022/scan_00195/00022_00195_outdoor_340_040.png,798,798,1064,412133,41196,576917.0,530270.4474947625,533587.4465651171,-3316.999070354621,156257.1957846929,156078.0477765654,179.1480081275222,0.015481575361812982,75.32952912151814
127,outdoor,scene_00022,outdoor/scene_00022/scan_00195,val/outdoor/scene_00022/scan_00195/00022_00195_outdoor_340_040.png,854,854,1134,412133,41196,576917.0,530270.4474947625,540081.4785872458,-9811.031092483317,156257.1957846929,156438.5672697904,-181.3714850974793,0.015011786353015647,101.7039306461811
127,outdoor,scene_00022,outdoor/scene_00022/scan_00195,val/outdoor/scene_00022/scan_00195/00022_00195_outdoor_340_040.png,910,910,1218,412133,41196,576917.0,530270.4474947625,543090.4163310977,-12819.968836335232,156257.1957846929,156646.11935094045,-388.9235662475403,0.0150495482717293,112.46427334845066
127,outdoor,scene_00022,outdoor/scene_00022/scan_00195,val/outdoor/scene_00022/scan_00195/00022_00195_outdoor_340_040.png,966,966,1288,412133,41196,576917.0,530270.4474947625,532789.1055634812,-2518.658068718738,156257.1957846929,154490.43644034595,1766.7593443469668,0.014645579340179423,137.72806245833635
127,outdoor,scene_00022,outdoor/scene_00022/scan_00195,val/outdoor/scene_00022/scan_00195/00022_00195_outdoor_340_040.png,1022,1022,1358,412133,41196,576917.0,530270.4474947625,527916.2889154628,2354.158579299692,156257.1957846929,152621.5320171389,3635.6637675540114,0.0146440132026274,173.83932322263718
128,outdoor,scene_00022,outdoor/scene_00022/scan_00195,val/outdoor/scene_00022/scan_00195/00022_00195_outdoor_350_010.png,518,518,686,757045,75699,1059841.0,918554.9841536843,918554.9841536843,0.0,282567.8003358467,282567.8003358467,0.0,0.04322122830917273,27.10932306945324
128,outdoor,scene_00022,outdoor/scene_00022/scan_00195,val/outdoor/scene_00022/scan_00195/00022_00195_outdoor_350_010.png,574,574,770,757045,75699,1059841.0,918554.9841536843,935202.8163727012,-16647.832219016855,282567.8003358467,289977.0728205246,-7409.272484677902,0.04342616062606782,29.424933716654778
128,outdoor,scene_00022,outdoor/scene_00022/scan_00195,val/outdoor/scene_00022/scan_00195/00022_00195_outdoor_350_010.png,630,630,840,757045,75699,1059841.0,918554.9841536843,929645.131572819,-11090.14741913462,282567.8003358467,289670.62167955085,-7102.821343704127,0.042111766895898683,45.768145471811295
128,outdoor,scene_00022,outdoor/scene_00022/scan_00195,val/outdoor/scene_00022/scan_00195/00022_00195_outdoor_350_010.png,686,686,910,757045,75699,1059841.0,918554.9841536843,934329.4439742158,-15774.459820531425,282567.8003358467,286242.00109670893,-3674.200760862208,0.041548428105882836,78.02677433937788
128,outdoor,scene_00022,outdoor/scene_00022/scan_00195,val/outdoor/scene_00022/scan_00195/00022_00195_outdoor_350_010.png,742,742,994,757045,75699,1059841.0,918554.9841536843,971152.524663233,-52597.54050954862,282567.8003358467,302969.60361508734,-20401.803279240616,0.04287601694621846,59.78891812264919
128,outdoor,scene_00022,outdoor/scene_00022/scan_00195,val/outdoor/scene_00022/scan_00195/00022_00195_outdoor_350_010.png,798,798,1064,757045,75699,1059841.0,918554.9841536843,983955.4665862971,-65400.4824326128,282567.8003358467,308997.34457918466,-26429.544243337936,0.040527985288634986,90.25903046131134
128,outdoor,scene_00022,outdoor/scene_00022/scan_00195,val/outdoor/scene_00022/scan_00195/00022_00195_outdoor_350_010.png,854,854,1134,757045,75699,1059841.0,918554.9841536843,995341.5986124895,-76786.61445880518,282567.8003358467,312865.71817804046,-30297.91784219374,0.0417736244326083,98.65465853363276
128,outdoor,scene_00022,outdoor/scene_00022/scan_00195,val/outdoor/scene_00022/scan_00195/00022_00195_outdoor_350_010.png,910,910,1218,757045,75699,1059841.0,918554.9841536843,997467.4664370631,-78912.48228337872,282567.8003358467,316006.6188244551,-33438.81848860835,0.039919356648040985,114.49798196554184
128,outdoor,scene_00022,outdoor/scene_00022/scan_00195,val/outdoor/scene_00022/scan_00195/00022_00195_outdoor_350_010.png,966,966,1288,757045,75699,1059841.0,918554.9841536843,1021931.391097214,-103376.40694352961,282567.8003358467,319768.27852274384,-37200.47818689712,0.039571445126562396,143.90511251986027
128,outdoor,scene_00022,outdoor/scene_00022/scan_00195,val/outdoor/scene_00022/scan_00195/00022_00195_outdoor_350_010.png,1022,1022,1358,757045,75699,1059841.0,918554.9841536843,1017752.4168758494,-99197.43272216502,282567.8003358467,318870.15144165506,-36302.35110580834,0.039561798327425526,202.26003788411617
129,outdoor,scene_00022,outdoor/scene_00022/scan_00195,val/outdoor/scene_00022/scan_00195/00022_00195_outdoor_350_050.png,518,518,686,186109,18611,260553.0,421877.5903511308,421877.5903511308,0.0,137207.77246640998,137207.77246640998,0.0,0.01549813096899752,26.945228688418865
129,outdoor,scene_00022,outdoor/scene_00022/scan_00195,val/outdoor/scene_00022/scan_00195/00022_00195_outdoor_350_050.png,574,574,770,186109,18611,260553.0,421877.5903511308,430496.80453928345,-8619.214188152633,137207.77246640998,142182.48383762714,-4974.711371217156,0.015000853727852537,29.325341805815697
129,outdoor,scene_00022,outdoor/scene_00022/scan_00195,val/outdoor/scene_00022/scan_00195/00022_00195_outdoor_350_050.png,630,630,840,186109,18611,260553.0,421877.5903511308,424520.1554151393,-2642.565064008464,137207.77246640998,141825.20608971894,-4617.433623308956,0.014599891216288784,45.77492456883192
129,outdoor,scene_00022,outdoor/scene_00022/scan_00195,val/outdoor/scene_00022/scan_00195/00022_00195_outdoor_350_050.png,686,686,910,186109,18611,260553.0,421877.5903511308,425640.8410041345,-3763.2506530036917,137207.77246640998,142753.58400853703,-5545.811542127049,0.014083061640875185,53.75087447464466
129,outdoor,scene_00022,outdoor/scene_00022/scan_00195,val/outdoor/scene_00022/scan_00195/00022_00195_outdoor_350_050.png,742,742,994,186109,18611,260553.0,421877.5903511308,411396.2958306043,10481.294520526542,137207.77246640998,138689.94146480682,-1482.168998396839,0.013748476725628822,59.8456310108304
129,outdoor,scene_00022,outdoor/scene_00022/scan_00195,val/outdoor/scene_00022/scan_00195/00022_00195_outdoor_350_050.png,798,798,1064,186109,18611,260553.0,421877.5903511308,409012.0043101962,12865.586040934606,137207.77246640998,138845.8733455936,-1638.1008791836211,0.013509751350661365,84.93872173130512
129,outdoor,scene_00022,outdoor/scene_00022/scan_00195,val/outdoor/scene_00022/scan_00195/00022_00195_outdoor_350_050.png,854,854,1134,186109,18611,260553.0,421877.5903511308,404947.41006716964,16930.180283961177,137207.77246640998,136562.81856903684,644.9538973731396,0.013112814056016803,99.73286371678114
129,outdoor,scene_00022,outdoor/scene_00022/scan_00195,val/outdoor/scene_00022/scan_00195/00022_00195_outdoor_350_050.png,910,910,1218,186109,18611,260553.0,421877.5903511308,405170.7261057667,16706.864245364093,137207.77246640998,135833.52715237468,1374.2453140353027,0.01279944675248064,112.15005163103342
129,outdoor,scene_00022,outdoor/scene_00022/scan_00195,val/outdoor/scene_00022/scan_00195/00022_00195_outdoor_350_050.png,966,966,1288,186109,18611,260553.0,421877.5903511308,394413.80818670726,27463.782164423552,137207.77246640998,132192.3484309161,5015.4240354938665,0.01282378473837973,136.02538220584393
129,outdoor,scene_00022,outdoor/scene_00022/scan_00195,val/outdoor/scene_00022/scan_00195/00022_00195_outdoor_350_050.png,1022,1022,1358,186109,18611,260553.0,421877.5903511308,395290.69550405996,26586.894847070856,137207.77246640998,132976.44394475417,4231.328521655814,0.012537029151574862,174.538167193532
130,outdoor,scene_00022,outdoor/scene_00022/scan_00196,val/outdoor/scene_00022/scan_00196/00022_00196_outdoor_000_010.png,518,518,686,652623,65089,912979.0,319798.52595541213,319798.52595541213,0.0,211809.19408325126,211809.19408325126,0.0,0.05265052483265714,22.963658906519413
130,outdoor,scene_00022,outdoor/scene_00022/scan_00196,val/outdoor/scene_00022/scan_00196/00022_00196_outdoor_000_010.png,574,574,770,652623,65089,912979.0,319798.52595541213,317424.64376786037,2373.8821875517606,211809.19408325126,211960.5465383033,-151.3524550520233,0.051169190409535055,31.20345715433359
130,outdoor,scene_00022,outdoor/scene_00022/scan_00196,val/outdoor/scene_00022/scan_00196/00022_00196_outdoor_000_010.png,630,630,840,652623,65089,912979.0,319798.52595541213,296589.14401738835,23209.381938023784,211809.19408325126,202024.22356472435,9784.970518526912,0.051934912688431985,38.51994685828686
130,outdoor,scene_00022,outdoor/scene_00022/scan_00196,val/outdoor/scene_00022/scan_00196/00022_00196_outdoor_000_010.png,686,686,910,652623,65089,912979.0,319798.52595541213,300528.89715022803,19269.628805184097,211809.19408325126,202707.99297461723,9101.201108634035,0.051724913720551394,44.89244055002928
130,outdoor,scene_00022,outdoor/scene_00022/scan_00196,val/outdoor/scene_00022/scan_00196/00022_00196_outdoor_000_010.png,742,742,994,652623,65089,912979.0,319798.52595541213,300195.4161715759,19603.109783836233,211809.19408325126,202750.49180320537,9058.702280045894,0.05057431972654372,50.09601917117834
130,outdoor,scene_00022,outdoor/scene_00022/scan_00196,val/outdoor/scene_00022/scan_00196/00022_00196_outdoor_000_010.png,798,798,1064,652623,65089,912979.0,319798.52595541213,299068.7183376547,20729.80761775741,211809.19408325126,203516.24935973858,8292.944723512686,0.04881530738237668,62.84134928137064
130,outdoor,scene_00022,outdoor/scene_00022/scan_00196,val/outdoor/scene_00022/scan_00196/00022_00196_outdoor_000_010.png,854,854,1134,652623,65089,912979.0,319798.52595541213,294747.84571159957,25050.68024381256,211809.19408325126,199471.02398047398,12338.17010277728,0.049197341673791986,83.84077623486519
130,outdoor,scene_00022,outdoor/scene_00022/scan_00196,val/outdoor/scene_00022/scan_00196/00022_00196_outdoor_000_010.png,910,910,1218,652623,65089,912979.0,319798.52595541213,295982.949048349,23815.576907063136,211809.19408325126,200884.0973960848,10925.096687166457,0.049677108961863004,107.82486759126186
130,outdoor,scene_00022,outdoor/scene_00022/scan_00196,val/outdoor/scene_00022/scan_00196/00022_00196_outdoor_000_010.png,966,966,1288,652623,65089,912979.0,319798.52595541213,294157.1048051145,25641.421150297625,211809.19408325126,199051.57435806762,12757.619725183642,0.04894700455305875,114.79017417877913
130,outdoor,scene_00022,outdoor/scene_00022/scan_00196,val/outdoor/scene_00022/scan_00196/00022_00196_outdoor_000_010.png,1022,1022,1358,652623,65089,912979.0,319798.52595541213,289117.4974319956,30681.02852341655,211809.19408325126,194736.36734009947,17072.82674315179,0.0478410048879132,147.03967329114676
131,outdoor,scene_00022,outdoor/scene_00022/scan_00196,val/outdoor/scene_00022/scan_00196/00022_00196_outdoor_020_030.png,518,518,686,558620,55744,781596.0,1162131.6444492433,1162131.6444492433,0.0,528474.6658715428,528474.6658715428,0.0,0.026449632598221116,54.722889326512814
131,outdoor,scene_00022,outdoor/scene_00022/scan_00196,val/outdoor/scene_00022/scan_00196/00022_00196_outdoor_020_030.png,574,574,770,558620,55744,781596.0,1162131.6444492433,1125077.6010170707,37054.04343217262,528474.6658715428,516263.05021191185,12211.615659630916,0.02529644188860481,39.066857658326626
131,outdoor,scene_00022,outdoor/scene_00022/scan_00196,val/outdoor/scene_00022/scan_00196/00022_00196_outdoor_020_030.png,630,630,840,558620,55744,781596.0,1162131.6444492433,1091838.5659709144,70293.07847832888,528474.6658715428,501467.42298345827,27007.242888084496,0.02530704314894357,46.305944211781025
131,outdoor,scene_00022,outdoor/scene_00022/scan_00196,val/outdoor/scene_00022/scan_00196/00022_00196_outdoor_020_030.png,686,686,910,558620,55744,781596.0,1162131.6444492433,1056338.7307739672,105792.9136752761,528474.6658715428,487843.18856876274,40631.477302780026,0.026403132954460673,53.39823290705681
131,outdoor,scene_00022,outdoor/scene_00022/scan_00196,val/outdoor/scene_00022/scan_00196/00022_00196_outdoor_020_030.png,742,742,994,558620,55744,781596.0,1162131.6444492433,1034642.6412971667,127489.00315207662,528474.6658715428,478525.39324532595,49949.272626216814,0.02484893722513808,62.14970909059048
131,outdoor,scene_00022,outdoor/scene_00022/scan_00196,val/outdoor/scene_00022/scan_00196/00022_00196_outdoor_020_030.png,798,798,1064,558620,55744,781596.0,1162131.6444492433,1019125.3546846416,143006.28976460174,528474.6658715428,474093.36834325845,54381.29752828431,0.02443697121448457,75.14935825020075
131,outdoor,scene_00022,outdoor/scene_00022/scan_00196,val/outdoor/scene_00022/scan_00196/00022_00196_outdoor_020_030.png,854,854,1134,558620,55744,781596.0,1162131.6444492433,1037736.5546783721,124395.08977087121,528474.6658715428,479710.2843723402,48764.38149920257,0.02512792172686296,108.0983504652977
131,outdoor,scene_00022,outdoor/scene_00022/scan_00196,val/outdoor/scene_00022/scan_00196/00022_00196_outdoor_020_030.png,910,910,1218,558620,55744,781596.0,1162131.6444492433,1087291.142596841,74840.50185240223,528474.6658715428,498513.625320217,29961.040551325772,0.024418597532268473,111.32452078163624
131,outdoor,scene_00022,outdoor/scene_00022/scan_00196,val/outdoor/scene_00022/scan_00196/00022_00196_outdoor_020_030.png,966,966,1288,558620,55744,781596.0,1162131.6444492433,1012650.6616919158,149480.9827573275,528474.6658715428,472941.7925384119,55532.87333313085,0.02460402650210931,135.51790360361338
131,outdoor,scene_00022,outdoor/scene_00022/scan_00196,val/outdoor/scene_00022/scan_00196/00022_00196_outdoor_020_030.png,1022,1022,1358,558620,55744,781596.0,1162131.6444492433,1032837.9891603265,129293.65528891678,528474.6658715428,478541.13232387963,49933.53354766313,0.024252368097347887,174.44831505417824
132,outdoor,scene_00022,outdoor/scene_00022/scan_00196,val/outdoor/scene_00022/scan_00196/00022_00196_outdoor_040_030.png,518,518,686,672253,67166,940917.0,1175176.2769519875,1175176.2769519875,0.0,397598.7910253976,397598.7910253976,0.0,0.020832055938862518,78.083960339427
132,outdoor,scene_00022,outdoor/scene_00022/scan_00196,val/outdoor/scene_00022/scan_00196/00022_00196_outdoor_040_030.png,574,574,770,672253,67166,940917.0,1175176.2769519875,1195508.8280357174,-20332.551083729835,397598.7910253976,399465.57406388794,-1866.7830384903355,0.02078598312248624,29.387202113866806
132,outdoor,scene_00022,outdoor/scene_00022/scan_00196,val/outdoor/scene_00022/scan_00196/00022_00196_outdoor_040_030.png,630,630,840,672253,67166,940917.0,1175176.2769519875,1142734.9580781017,32441.318873885786,397598.7910253976,392143.98326920497,5454.807756192633,0.02076902068847671,45.79915851354599
132,outdoor,scene_00022,outdoor/scene_00022/scan_00196,val/outdoor/scene_00022/scan_00196/00022_00196_outdoor_040_030.png,686,686,910,672253,67166,940917.0,1175176.2769519875,1172939.3561346892,2236.920817298349,397598.7910253976,388683.89536968846,8914.895655709144,0.02101788774168903,61.19920406490564
132,outdoor,scene_00022,outdoor/scene_00022/scan_00196,val/outdoor/scene_00022/scan_00196/00022_00196_outdoor_040_030.png,742,742,994,672253,67166,940917.0,1175176.2769519875,1175005.3373782446,170.93957374291494,397598.7910253976,394318.52665489685,3280.2643705007504,0.021030638825391072,59.41049475222826
132,outdoor,scene_00022,outdoor/scene_00022/scan_00196,val/outdoor/scene_00022/scan_00196/00022_00196_outdoor_040_030.png,798,798,1064,672253,67166,940917.0,1175176.2769519875,1153127.397073331,22048.879878656473,397598.7910253976,390608.8687887377,6989.922236659913,0.021272600216000036,75.23786835372448
132,outdoor,scene_00022,outdoor/scene_00022/scan_00196,val/outdoor/scene_00022/scan_00196/00022_00196_outdoor_040_030.png,854,854,1134,672253,67166,940917.0,1175176.2769519875,1155792.5450169472,19383.731935040327,397598.7910253976,383379.7224749073,14219.068550490309,0.02092661276415653,102.53605898469687
132,outdoor,scene_00022,outdoor/scene_00022/scan_00196,val/outdoor/scene_00022/scan_00196/00022_00196_outdoor_040_030.png,910,910,1218,672253,67166,940917.0,1175176.2769519875,1154326.869976584,20849.406975403428,397598.7910253976,382206.61089051666,15392.180134880939,0.020937604125300005,113.01442608237267
132,outdoor,scene_00022,outdoor/scene_00022/scan_00196,val/outdoor/scene_00022/scan_00196/00022_00196_outdoor_040_030.png,966,966,1288,672253,67166,940917.0,1175176.2769519875,1105094.9264227054,70081.35052928212,397598.7910253976,380477.95059854677,17120.84042685083,0.02138099052801727,135.4811554774642
132,outdoor,scene_00022,outdoor/scene_00022/scan_00196,val/outdoor/scene_00022/scan_00196/00022_00196_outdoor_040_030.png,1022,1022,1358,672253,67166,940917.0,1175176.2769519875,1114796.0642420952,60380.21270989231,397598.7910253976,370614.79699639266,26983.99402900494,0.020731051466391363,362.4058263376355
133,outdoor,scene_00022,outdoor/scene_00022/scan_00196,val/outdoor/scene_00022/scan_00196/00022_00196_outdoor_100_030.png,518,518,686,647813,64684,906549.0,2509354.6563825705,2509354.6563825705,0.0,771158.8346678116,771158.8346678116,0.0,0.021541951175821934,27.068886905908585
133,outdoor,scene_00022,outdoor/scene_00022/scan_00196,val/outdoor/scene_00022/scan_00196/00022_00196_outdoor_100_030.png,574,574,770,647813,64684,906549.0,2509354.6563825705,2490260.16232011,19094.494062460493,771158.8346678116,765838.1972987776,5320.637369033997,0.022110378772881117,29.52636405825615
133,outdoor,scene_00022,outdoor/scene_00022/scan_00196,val/outdoor/scene_00022/scan_00196/00022_00196_outdoor_100_030.png,630,630,840,647813,64684,906549.0,2509354.6563825705,2457594.6897509973,51759.96663157316,771158.8346678116,756272.3345084303,14886.500159381307,0.021111054812613633,45.6883953884244
133,outdoor,scene_00022,outdoor/scene_00022/scan_00196,val/outdoor/scene_00022/scan_00196/00022_00196_outdoor_100_030.png,686,686,910,647813,64684,906549.0,2509354.6563825705,2517960.897929995,-8606.241547424346,771158.8346678116,774270.750373076,-3111.915705264313,0.02127958857400755,56.47807661443949
133,outdoor,scene_00022,outdoor/scene_00022/scan_00196,val/outdoor/scene_00022/scan_00196/00022_00196_outdoor_100_030.png,742,742,994,647813,64684,906549.0,2509354.6563825705,2458663.3906046906,50691.26577787986,771158.8346678116,754504.8258094874,16654.00885832426,0.021480892276552175,61.91006116569042
133,outdoor,scene_00022,outdoor/scene_00022/scan_00196,val/outdoor/scene_00022/scan_00196/00022_00196_outdoor_100_030.png,798,798,1064,647813,64684,906549.0,2509354.6563825705,2410365.38992556,98989.26645701053,771158.8346678116,744272.3504372193,26886.48423059238,0.021290088943115796,114.60336484014988
133,outdoor,scene_00022,outdoor/scene_00022/scan_00196,val/outdoor/scene_00022/scan_00196/00022_00196_outdoor_100_030.png,854,854,1134,647813,64684,906549.0,2509354.6563825705,2448017.7760546897,61336.88032788085,771158.8346678116,752428.496635878,18730.338031933643,0.02132689643158515,106.69571999460459
133,outdoor,scene_00022,outdoor/scene_00022/scan_00196,val/outdoor/scene_00022/scan_00196/00022_00196_outdoor_100_030.png,910,910,1218,647813,64684,906549.0,2509354.6563825705,2414276.7975408123,95077.85884175822,771158.8346678116,743536.6097908043,27622.224877007306,0.02094513881259432,113.93180675804615
133,outdoor,scene_00022,outdoor/scene_00022/scan_00196,val/outdoor/scene_00022/scan_00196/00022_00196_outdoor_100_030.png,966,966,1288,647813,64684,906549.0,2509354.6563825705,2451460.919244048,57893.73713852232,771158.8346678116,755799.0269161637,15359.807751647895,0.02090914119637118,135.5955647304654
133,outdoor,scene_00022,outdoor/scene_00022/scan_00196,val/outdoor/scene_00022/scan_00196/00022_00196_outdoor_100_030.png,1022,1022,1358,647813,64684,906549.0,2509354.6563825705,2428085.8671632796,81268.78921929095,771158.8346678116,748404.8343229629,22754.000344848726,0.020796660978465487,177.7318473905325
134,outdoor,scene_00022,outdoor/scene_00022/scan_00196,val/outdoor/scene_00022/scan_00196/00022_00196_outdoor_180_000.png,518,518,686,753549,75308,1054781.0,355405.3519225544,355405.3519225544,0.0,234106.9898829183,234106.9898829183,0.0,0.05807461139163324,24.569975212216377
134,outdoor,scene_00022,outdoor/scene_00022/scan_00196,val/outdoor/scene_00022/scan_00196/00022_00196_outdoor_180_000.png,574,574,770,753549,75308,1054781.0,355405.3519225544,357133.4057448362,-1728.0538222818286,234106.9898829183,232235.46017217534,1871.529710742965,0.05834316380918648,27.603414840996265
134,outdoor,scene_00022,outdoor/scene_00022/scan_00196,val/outdoor/scene_00022/scan_00196/00022_00196_outdoor_180_000.png,630,630,840,753549,75308,1054781.0,355405.3519225544,341027.66472364846,14377.687198905915,234106.9898829183,222044.76122020392,12062.228662714391,0.056170822412107184,38.363912142813206
134,outdoor,scene_00022,outdoor/scene_00022/scan_00196,val/outdoor/scene_00022/scan_00196/00022_00196_outdoor_180_000.png,686,686,910,753549,75308,1054781.0,355405.3519225544,339599.5346691448,15805.817253409594,234106.9898829183,219703.45523735252,14403.534645565785,0.05620219568151491,44.77069154381752
134,outdoor,scene_00022,outdoor/scene_00022/scan_00196,val/outdoor/scene_00022/scan_00196/00022_00196_outdoor_180_000.png,742,742,994,753549,75308,1054781.0,355405.3519225544,333433.5831596083,21971.76876294607,234106.9898829183,215767.0785498051,18339.91133311321,0.054480930874602755,50.43425224721432
134,outdoor,scene_00022,outdoor/scene_00022/scan_00196,val/outdoor/scene_00022/scan_00196/00022_00196_outdoor_180_000.png,798,798,1064,753549,75308,1054781.0,355405.3519225544,320393.0942798163,35012.257642738055,234106.9898829183,207180.8311150229,26926.158767895395,0.05345980754028833,148.1131836771965
134,outdoor,scene_00022,outdoor/scene_00022/scan_00196,val/outdoor/scene_00022/scan_00196/00022_00196_outdoor_180_000.png,854,854,1134,753549,75308,1054781.0,355405.3519225544,328789.5153677148,26615.836554839567,234106.9898829183,211409.5832058277,22697.40667709062,0.053378774584044664,197.0938015729189
134,outdoor,scene_00022,outdoor/scene_00022/scan_00196,val/outdoor/scene_00022/scan_00196/00022_00196_outdoor_180_000.png,910,910,1218,753549,75308,1054781.0,355405.3519225544,336757.5937568588,18647.758165695588,234106.9898829183,215896.94949396592,18210.040388952388,0.052889345301217694,222.7091919630766
134,outdoor,scene_00022,outdoor/scene_00022/scan_00196,val/outdoor/scene_00022/scan_00196/00022_00196_outdoor_180_000.png,966,966,1288,753549,75308,1054781.0,355405.3519225544,319815.303654362,35590.04826819239,234106.9898829183,206729.92400698274,27377.065875935572,0.0525635790758492,149.09694250673056
134,outdoor,scene_00022,outdoor/scene_00022/scan_00196,val/outdoor/scene_00022/scan_00196/00022_00196_outdoor_180_000.png,1022,1022,1358,753549,75308,1054781.0,355405.3519225544,322902.61810808984,32502.733814464533,234106.9898829183,206945.2338004941,27161.756082424195,0.05207902212849652,173.17822761833668
135,outdoor,scene_00022,outdoor/scene_00022/scan_00196,val/outdoor/scene_00022/scan_00196/00022_00196_outdoor_180_020.png,518,518,686,639480,63742,894448.0,950612.9151093442,950612.9151093442,0.0,584572.9675843156,584572.9675843156,0.0,0.027052607702862448,31.004659831523895
135,outdoor,scene_00022,outdoor/scene_00022/scan_00196,val/outdoor/scene_00022/scan_00196/00022_00196_outdoor_180_020.png,574,574,770,639480,63742,894448.0,950612.9151093442,955280.0188065926,-4667.103697248385,584572.9675843156,585092.0191052906,-519.0515209750738,0.026681325822490214,29.856054112315178
135,outdoor,scene_00022,outdoor/scene_00022/scan_00196,val/outdoor/scene_00022/scan_00196/00022_00196_outdoor_180_020.png,630,630,840,639480,63742,894448.0,950612.9151093442,970201.1112367274,-19588.19612738327,584572.9675843156,585474.5264161906,-901.5588318749797,0.025776375379822733,49.97853096574545
135,outdoor,scene_00022,outdoor/scene_00022/scan_00196,val/outdoor/scene_00022/scan_00196/00022_00196_outdoor_180_020.png,686,686,910,639480,63742,894448.0,950612.9151093442,996969.7892236067,-46356.87411426252,584572.9675843156,596516.1052236292,-11943.137639313587,0.026514523186717733,53.16730961203575
135,outdoor,scene_00022,outdoor/scene_00022/scan_00196,val/outdoor/scene_00022/scan_00196/00022_00196_outdoor_180_020.png,742,742,994,639480,63742,894448.0,950612.9151093442,1015898.0661248207,-65285.15101547656,584572.9675843156,603310.2928623664,-18737.32527805085,0.02536295920285551,62.568968161940575
135,outdoor,scene_00022,outdoor/scene_00022/scan_00196,val/outdoor/scene_00022/scan_00196/00022_00196_outdoor_180_020.png,798,798,1064,639480,63742,894448.0,950612.9151093442,997486.7602065094,-46873.845097165206,584572.9675843156,594632.2995233766,-10059.331939061056,0.025721890827228634,74.46621917188168
135,outdoor,scene_00022,outdoor/scene_00022/scan_00196,val/outdoor/scene_00022/scan_00196/00022_00196_outdoor_180_020.png,854,854,1134,639480,63742,894448.0,950612.9151093442,986360.8055510998,-35747.89044175565,584572.9675843156,588228.6695069879,-3655.701922672335,0.025511055413513374,98.9098334684968
135,outdoor,scene_00022,outdoor/scene_00022/scan_00196,val/outdoor/scene_00022/scan_00196/00022_00196_outdoor_180_020.png,910,910,1218,639480,63742,894448.0,950612.9151093442,963876.85365836,-13263.938549015787,584572.9675843156,578038.2525908893,6534.714993426227,0.025347082401344093,114.61721267551184
135,outdoor,scene_00022,outdoor/scene_00022/scan_00196,val/outdoor/scene_00022/scan_00196/00022_00196_outdoor_180_020.png,966,966,1288,639480,63742,894448.0,950612.9151093442,969364.8792224743,-18751.964113130118,584572.9675843156,579144.3127108017,5428.654873513849,0.025409323477433403,136.8822604417801
135,outdoor,scene_00022,outdoor/scene_00022/scan_00196,val/outdoor/scene_00022/scan_00196/00022_00196_outdoor_180_020.png,1022,1022,1358,639480,63742,894448.0,950612.9151093442,975748.7788525025,-25135.86374315829,584572.9675843156,583130.5670208852,1442.4005634303903,0.024906206487637406,206.8545315414667
136,outdoor,scene_00022,outdoor/scene_00022/scan_00196,val/outdoor/scene_00022/scan_00196/00022_00196_outdoor_200_000.png,518,518,686,770495,77033,1078627.0,520245.8680165786,520245.8680165786,0.0,288051.7753736483,288051.7753736483,0.0,0.05594273284012781,36.10774502158165
136,outdoor,scene_00022,outdoor/scene_00022/scan_00196,val/outdoor/scene_00022/scan_00196/00022_00196_outdoor_200_000.png,574,574,770,770495,77033,1078627.0,520245.8680165786,563975.8086443865,-43729.94062780787,288051.7753736483,315345.43501122284,-27293.659637574514,0.05448415860353274,30.816388316452503
136,outdoor,scene_00022,outdoor/scene_00022/scan_00196,val/outdoor/scene_00022/scan_00196/00022_00196_outdoor_200_000.png,630,630,840,770495,77033,1078627.0,520245.8680165786,537283.7446484827,-17037.876631904044,288051.7753736483,298852.90190025594,-10801.126526607608,0.053923617148650425,83.4823539480567
136,outdoor,scene_00022,outdoor/scene_00022/scan_00196,val/outdoor/scene_00022/scan_00196/00022_00196_outdoor_200_000.png,686,686,910,770495,77033,1078627.0,520245.8680165786,510986.7467843855,9259.12123219308,288051.7753736483,280174.60811047815,7877.16726317018,0.05270758171511374,53.52326296269894
136,outdoor,scene_00022,outdoor/scene_00022/scan_00196,val/outdoor/scene_00022/scan_00196/00022_00196_outdoor_200_000.png,742,742,994,770495,77033,1078627.0,520245.8680165786,508686.8012185966,11559.066797982028,288051.7753736483,277152.50614246505,10899.26923118328,0.05115018358773363,79.97212745249271
136,outdoor,scene_00022,outdoor/scene_00022/scan_00196,val/outdoor/scene_00022/scan_00196/00022_00196_outdoor_200_000.png,798,798,1064,770495,77033,1078627.0,520245.8680165786,496211.82794148964,24034.040075088968,288051.7753736483,269031.2473647287,19020.528008919617,0.0497006268415224,82.28109404444695
136,outdoor,scene_00022,outdoor/scene_00022/scan_00196,val/outdoor/scene_00022/scan_00196/00022_00196_outdoor_200_000.png,854,854,1134,770495,77033,1078627.0,520245.8680165786,516508.248397351,3737.6196192275966,288051.7753736483,282075.9532197276,5975.822153920715,0.049265827346635524,100.95625929534435
136,outdoor,scene_00022,outdoor/scene_00022/scan_00196,val/outdoor/scene_00022/scan_00196/00022_00196_outdoor_200_000.png,910,910,1218,770495,77033,1078627.0,520245.8680165786,496977.1651311531,23268.702885425533,288051.7753736483,268687.1634700573,19364.611903591023,0.04860579773936601,112.38430254161358
136,outdoor,scene_00022,outdoor/scene_00022/scan_00196,val/outdoor/scene_00022/scan_00196/00022_00196_outdoor_200_000.png,966,966,1288,770495,77033,1078627.0,520245.8680165786,478077.9842435648,42167.88377301383,288051.7753736483,256314.07393015828,31737.70144349005,0.048059084462799155,135.43995842337608
136,outdoor,scene_00022,outdoor/scene_00022/scan_00196,val/outdoor/scene_00022/scan_00196/00022_00196_outdoor_200_000.png,1022,1022,1358,770495,77033,1078627.0,520245.8680165786,512980.7856990734,7265.082317505206,288051.7753736483,277803.2606133334,10248.514760314953,0.04825061583181185,205.31105063855648
137,outdoor,scene_00022,outdoor/scene_00022/scan_00196,val/outdoor/scene_00022/scan_00196/00022_00196_outdoor_220_000.png,518,518,686,776514,77647,1087102.0,770373.6110315409,770373.6110315409,0.0,330990.5767666893,330990.5767666893,0.0,0.05564428719680731,34.96040031313896
137,outdoor,scene_00022,outdoor/scene_00022/scan_00196,val/outdoor/scene_00022/scan_00196/00022_00196_outdoor_220_000.png,574,574,770,776514,77647,1087102.0,770373.6110315409,805311.9174535144,-34938.30642197351,330990.5767666893,350841.9439556061,-19851.367188916774,0.05361488078754123,42.44948923587799
137,outdoor,scene_00022,outdoor/scene_00022/scan_00196,val/outdoor/scene_00022/scan_00196/00022_00196_outdoor_220_000.png,630,630,840,776514,77647,1087102.0,770373.6110315409,836649.4227377007,-66275.81170615985,330990.5767666893,367253.97201006964,-36263.395243380335,0.05294868779743225,64.15938585996628
137,outdoor,scene_00022,outdoor/scene_00022/scan_00196,val/outdoor/scene_00022/scan_00196/00022_00196_outdoor_220_000.png,686,686,910,776514,77647,1087102.0,770373.6110315409,791207.1176011182,-20833.506569577265,330990.5767666893,341659.6422956641,-10669.06552897481,0.05169438178770034,52.963970229029655
137,outdoor,scene_00022,outdoor/scene_00022/scan_00196,val/outdoor/scene_00022/scan_00196/00022_00196_outdoor_220_000.png,742,742,994,776514,77647,1087102.0,770373.6110315409,802935.776652763,-32562.165621222113,330990.5767666893,352220.1310694496,-21229.554302760283,0.04993418864938474,74.88265819847584
137,outdoor,scene_00022,outdoor/scene_00022/scan_00196,val/outdoor/scene_00022/scan_00196/00022_00196_outdoor_220_000.png,798,798,1064,776514,77647,1087102.0,770373.6110315409,803117.3494418652,-32743.738410324324,330990.5767666893,351079.8107504959,-20089.233983806567,0.04971309436895281,62.79164087027311
137,outdoor,scene_00022,outdoor/scene_00022/scan_00196,val/outdoor/scene_00022/scan_00196/00022_00196_outdoor_220_000.png,854,854,1134,776514,77647,1087102.0,770373.6110315409,809441.2168563434,-39067.60582480254,330990.5767666893,355318.86146857415,-24328.28470188484,0.04874292958924809,90.51679726690054
137,outdoor,scene_00022,outdoor/scene_00022/scan_00196,val/outdoor/scene_00022/scan_00196/00022_00196_outdoor_220_000.png,910,910,1218,776514,77647,1087102.0,770373.6110315409,797761.0617673644,-27387.450735823484,330990.5767666893,350730.64316041133,-19740.066393722023,0.048504954695098634,108.95150993019342
137,outdoor,scene_00022,outdoor/scene_00022/scan_00196,val/outdoor/scene_00022/scan_00196/00022_00196_outdoor_220_000.png,966,966,1288,776514,77647,1087102.0,770373.6110315409,788348.8024244679,-17975.191392926965,330990.5767666893,344009.25404398155,-13018.677277292241,0.04745894682253207,114.9972528219223
137,outdoor,scene_00022,outdoor/scene_00022/scan_00196,val/outdoor/scene_00022/scan_00196/00022_00196_outdoor_220_000.png,1022,1022,1358,776514,77647,1087102.0,770373.6110315409,795553.8364961543,-25180.22546461341,330990.5767666893,352061.1998709604,-21070.62310427107,0.04757927112508752,151.67556516826153
138,outdoor,scene_00022,outdoor/scene_00022/scan_00196,val/outdoor/scene_00022/scan_00196/00022_00196_outdoor_320_000.png,518,518,686,727313,72663,1017965.0,406954.49193279474,406954.49193279474,0.0,239051.5442197671,239051.5442197671,0.0,0.0700159768370801,23.120279423892498
138,outdoor,scene_00022,outdoor/scene_00022/scan_00196,val/outdoor/scene_00022/scan_00196/00022_00196_outdoor_320_000.png,574,574,770,727313,72663,1017965.0,406954.49193279474,419572.19182567345,-12617.699892878707,239051.5442197671,240792.0707755606,-1740.5265557935054,0.06644134172559489,24.804439395666122
138,outdoor,scene_00022,outdoor/scene_00022/scan_00196,val/outdoor/scene_00022/scan_00196/00022_00196_outdoor_320_000.png,630,630,840,727313,72663,1017965.0,406954.49193279474,413255.2122445351,-6300.720311740355,239051.5442197671,239961.47119159746,-909.9269718303694,0.06660540858898713,89.76824209094048
138,outdoor,scene_00022,outdoor/scene_00022/scan_00196,val/outdoor/scene_00022/scan_00196/00022_00196_outdoor_320_000.png,686,686,910,727313,72663,1017965.0,406954.49193279474,415257.1516677195,-8302.659734924731,239051.5442197671,241382.835652966,-2331.2914331989014,0.06522349151407479,105.09556718170643
138,outdoor,scene_00022,outdoor/scene_00022/scan_00196,val/outdoor/scene_00022/scan_00196/00022_00196_outdoor_320_000.png,742,742,994,727313,72663,1017965.0,406954.49193279474,409794.20500026055,-2839.713067465811,239051.5442197671,237949.43486414265,1102.109355624445,0.06421549809706828,121.27633579075336
138,outdoor,scene_00022,outdoor/scene_00022/scan_00196,val/outdoor/scene_00022/scan_00196/00022_00196_outdoor_320_000.png,798,798,1064,727313,72663,1017965.0,406954.49193279474,412285.50913905515,-5331.017206260411,239051.5442197671,239859.19801639594,-807.6537966288452,0.06368114287956979,81.88504353165627
138,outdoor,scene_00022,outdoor/scene_00022/scan_00196,val/outdoor/scene_00022/scan_00196/00022_00196_outdoor_320_000.png,854,854,1134,727313,72663,1017965.0,406954.49193279474,409218.79124794476,-2264.2993151500123,239051.5442197671,238909.5944088905,141.94981087659835,0.06355581188477771,98.73686823993921
138,outdoor,scene_00022,outdoor/scene_00022/scan_00196,val/outdoor/scene_00022/scan_00196/00022_00196_outdoor_320_000.png,910,910,1218,727313,72663,1017965.0,406954.49193279474,404311.276348921,2643.215583873738,239051.5442197671,237702.18616865948,1349.3580511076143,0.06309859297949505,113.53781633079052
138,outdoor,scene_00022,outdoor/scene_00022/scan_00196,val/outdoor/scene_00022/scan_00196/00022_00196_outdoor_320_000.png,966,966,1288,727313,72663,1017965.0,406954.49193279474,408027.888926361,-1073.3969935662462,239051.5442197671,238566.91250646338,484.63171330370824,0.06235231875489348,144.85975820571184
138,outdoor,scene_00022,outdoor/scene_00022/scan_00196,val/outdoor/scene_00022/scan_00196/00022_00196_outdoor_320_000.png,1022,1022,1358,727313,72663,1017965.0,406954.49193279474,406613.40112874634,341.0908040484064,239051.5442197671,237976.59932576242,1074.9448940046714,0.0638869123290077,173.32715261727571
139,outdoor,scene_00022,outdoor/scene_00022/scan_00196,val/outdoor/scene_00022/scan_00196/00022_00196_outdoor_340_000.png,518,518,686,733707,73313,1026959.0,289372.94278717705,289372.94278717705,0.0,194423.1898888136,194423.1898888136,0.0,0.06621581053017486,35.03509983420372
139,outdoor,scene_00022,outdoor/scene_00022/scan_00196,val/outdoor/scene_00022/scan_00196/00022_00196_outdoor_340_000.png,574,574,770,733707,73313,1026959.0,289372.94278717705,291846.26611965185,-2473.3233324748,194423.1898888136,194340.5729061854,82.6169826281839,0.06614259650955154,29.193750582635403
139,outdoor,scene_00022,outdoor/scene_00022/scan_00196,val/outdoor/scene_00022/scan_00196/00022_00196_outdoor_340_000.png,630,630,840,733707,73313,1026959.0,289372.94278717705,297032.8113071528,-7659.868519975746,194423.1898888136,195464.58679230293,-1041.396903489338,0.0652119724190648,50.87411776185036
139,outdoor,scene_00022,outdoor/scene_00022/scan_00196,val/outdoor/scene_00022/scan_00196/00022_00196_outdoor_340_000.png,686,686,910,733707,73313,1026959.0,289372.94278717705,299612.1551685026,-10239.212381325546,194423.1898888136,196827.64401093917,-2404.4541221255786,0.0643119024782017,53.4322215244174
139,outdoor,scene_00022,outdoor/scene_00022/scan_00196,val/outdoor/scene_00022/scan_00196/00022_00196_outdoor_340_000.png,742,742,994,733707,73313,1026959.0,289372.94278717705,294413.5393897149,-5040.596602537844,194423.1898888136,195620.24925083935,-1197.0593620257569,0.06390142143022719,59.76412817835808
139,outdoor,scene_00022,outdoor/scene_00022/scan_00196,val/outdoor/scene_00022/scan_00196/00022_00196_outdoor_340_000.png,798,798,1064,733707,73313,1026959.0,289372.94278717705,292952.8341297112,-3579.89134253416,194423.1898888136,194276.17823934153,147.0116494720569,0.0625120959379082,69.86255571246147
139,outdoor,scene_00022,outdoor/scene_00022/scan_00196,val/outdoor/scene_00022/scan_00196/00022_00196_outdoor_340_000.png,854,854,1134,733707,73313,1026959.0,289372.94278717705,293762.7547950182,-4389.81200784113,194423.1898888136,195219.66389368626,-796.4740048726671,0.06289453533637888,101.0807640850544
139,outdoor,scene_00022,outdoor/scene_00022/scan_00196,val/outdoor/scene_00022/scan_00196/00022_00196_outdoor_340_000.png,910,910,1218,733707,73313,1026959.0,289372.94278717705,294978.9549524027,-5606.012165225635,194423.1898888136,195550.095831973,-1126.9059431594214,0.062489694342067,108.77877753227949
139,outdoor,scene_00022,outdoor/scene_00022/scan_00196,val/outdoor/scene_00022/scan_00196/00022_00196_outdoor_340_000.png,966,966,1288,733707,73313,1026959.0,289372.94278717705,286250.31889398035,3122.6238931966946,194423.1898888136,193037.8182321924,1385.3716566211951,0.062064995867684054,136.5179419517517
139,outdoor,scene_00022,outdoor/scene_00022/scan_00196,val/outdoor/scene_00022/scan_00196/00022_00196_outdoor_340_000.png,1022,1022,1358,733707,73313,1026959.0,289372.94278717705,286681.3027158779,2691.64007129916,194423.1898888136,193376.51119646142,1046.6786923521722,0.06185436063720418,167.65142511576414
140,outdoor,scene_00022,outdoor/scene_00022/scan_00197,val/outdoor/scene_00022/scan_00197/00022_00197_outdoor_050_010.png,518,518,686,685311,68417,958979.0,1281582.8544612075,1281582.8544612075,0.0,476445.55891485384,476445.55891485384,0.0,0.028232461588408184,32.26679563522339
140,outdoor,scene_00022,outdoor/scene_00022/scan_00197,val/outdoor/scene_00022/scan_00197/00022_00197_outdoor_050_010.png,574,574,770,685311,68417,958979.0,1281582.8544612075,1283530.7588989276,-1947.904437720077,476445.55891485384,478619.3275501374,-2173.7686352835735,0.02761460068306323,34.678906202316284
140,outdoor,scene_00022,outdoor/scene_00022/scan_00197,val/outdoor/scene_00022/scan_00197/00022_00197_outdoor_050_010.png,630,630,840,685311,68417,958979.0,1281582.8544612075,1242778.9902511172,38803.86421009037,476445.55891485384,479879.59839469567,-3434.0394798418274,0.029520856116156385,45.78592535108328
140,outdoor,scene_00022,outdoor/scene_00022/scan_00197,val/outdoor/scene_00022/scan_00197/00022_00197_outdoor_050_010.png,686,686,910,685311,68417,958979.0,1281582.8544612075,1271244.9838952604,10337.870565947145,476445.55891485384,477350.8792070354,-905.3202921815682,0.02689438600871773,63.27821407467127
140,outdoor,scene_00022,outdoor/scene_00022/scan_00197,val/outdoor/scene_00022/scan_00197/00022_00197_outdoor_050_010.png,742,742,994,685311,68417,958979.0,1281582.8544612075,1264877.910475247,16704.943985960446,476445.55891485384,475300.8480133044,1144.7109015494352,0.026811909885741385,59.381348080933094
140,outdoor,scene_00022,outdoor/scene_00022/scan_00197,val/outdoor/scene_00022/scan_00197/00022_00197_outdoor_050_010.png,798,798,1064,685311,68417,958979.0,1281582.8544612075,1230271.4000769628,51311.454384244746,476445.55891485384,468575.92345476383,7869.635460090009,0.027282739140269574,74.52824432402849
140,outdoor,scene_00022,outdoor/scene_00022/scan_00197,val/outdoor/scene_00022/scan_00197/00022_00197_outdoor_050_010.png,854,854,1134,685311,68417,958979.0,1281582.8544612075,1271253.354702872,10329.499758335529,476445.55891485384,479580.58849099965,-3135.029576145811,0.026264329036421702,131.2044421210885
140,outdoor,scene_00022,outdoor/scene_00022/scan_00197,val/outdoor/scene_00022/scan_00197/00022_00197_outdoor_050_010.png,910,910,1218,685311,68417,958979.0,1281582.8544612075,1254889.2742816308,26693.580179576762,476445.55891485384,472040.0360943741,4405.52282047976,0.02591492374845662,116.09084345400333
140,outdoor,scene_00022,outdoor/scene_00022/scan_00197,val/outdoor/scene_00022/scan_00197/00022_00197_outdoor_050_010.png,966,966,1288,685311,68417,958979.0,1281582.8544612075,1239193.2318650603,42389.62259614724,476445.55891485384,470403.74596871785,6041.812946135993,0.02646235092224154,178.33584174513817
140,outdoor,scene_00022,outdoor/scene_00022/scan_00197,val/outdoor/scene_00022/scan_00197/00022_00197_outdoor_050_010.png,1022,1022,1358,685311,68417,958979.0,1281582.8544612075,1255421.0973408585,26161.75712034898,476445.55891485384,474027.5930931451,2417.965821708727,0.02589897861399891,173.39585814625025
141,outdoor,scene_00022,outdoor/scene_00022/scan_00197,val/outdoor/scene_00022/scan_00197/00022_00197_outdoor_140_040.png,518,518,686,654890,65381,916414.0,1127114.6171150873,1127114.6171150873,0.0,433425.51581154973,433425.51581154973,0.0,0.03131810036284765,27.082784101366997
141,outdoor,scene_00022,outdoor/scene_00022/scan_00197,val/outdoor/scene_00022/scan_00197/00022_00197_outdoor_140_040.png,574,574,770,654890,65381,916414.0,1127114.6171150873,1094862.326552862,32252.290562225273,433425.51581154973,424355.0771941789,9070.438617370848,0.029174989706016397,53.71652729809284
141,outdoor,scene_00022,outdoor/scene_00022/scan_00197,val/outdoor/scene_00022/scan_00197/00022_00197_outdoor_140_040.png,630,630,840,654890,65381,916414.0,1127114.6171150873,1091241.3256253256,35873.29148976179,433425.51581154973,417701.2296366811,15724.286174868641,0.03016438631451312,45.717012137174606
141,outdoor,scene_00022,outdoor/scene_00022/scan_00197,val/outdoor/scene_00022/scan_00197/00022_00197_outdoor_140_040.png,686,686,910,654890,65381,916414.0,1127114.6171150873,1078737.8588341144,48376.75828097295,433425.51581154973,416511.1403153209,16914.375496228808,0.03111932644755697,53.31322271376848
141,outdoor,scene_00022,outdoor/scene_00022/scan_00197,val/outdoor/scene_00022/scan_00197/00022_00197_outdoor_140_040.png,742,742,994,654890,65381,916414.0,1127114.6171150873,1066668.3646725297,60446.2524425576,433425.51581154973,413935.3482798431,19490.167531706626,0.031344687451680855,59.60726831108332
141,outdoor,scene_00022,outdoor/scene_00022/scan_00197,val/outdoor/scene_00022/scan_00197/00022_00197_outdoor_140_040.png,798,798,1064,654890,65381,916414.0,1127114.6171150873,1093952.5805853547,33162.036529732635,433425.51581154973,422680.721612111,10744.794199438707,0.03238091398610427,75.1933017745614
141,outdoor,scene_00022,outdoor/scene_00022/scan_00197,val/outdoor/scene_00022/scan_00197/00022_00197_outdoor_140_040.png,854,854,1134,654890,65381,916414.0,1127114.6171150873,1061990.6744732508,65123.94264183659,433425.51581154973,414871.41888270737,18554.096928842366,0.03290369817348866,99.59462564438581
141,outdoor,scene_00022,outdoor/scene_00022/scan_00197,val/outdoor/scene_00022/scan_00197/00022_00197_outdoor_140_040.png,910,910,1218,654890,65381,916414.0,1127114.6171150873,1078297.5068280892,48817.1102869981,433425.51581154973,422188.29948771105,11237.216323838686,0.03295932216972393,111.17890104651451
141,outdoor,scene_00022,outdoor/scene_00022/scan_00197,val/outdoor/scene_00022/scan_00197/00022_00197_outdoor_140_040.png,966,966,1288,654890,65381,916414.0,1127114.6171150873,1051130.3143705633,75984.30274452409,433425.51581154973,411537.1881639148,21888.327647634957,0.031799238365956745,135.61117742210627
141,outdoor,scene_00022,outdoor/scene_00022/scan_00197,val/outdoor/scene_00022/scan_00197/00022_00197_outdoor_140_040.png,1022,1022,1358,654890,65381,916414.0,1127114.6171150873,1089995.3016981897,37119.31541689765,433425.51581154973,428829.4940616115,4596.021749938256,0.034316496430339904,216.20691567659378
142,outdoor,scene_00022,outdoor/scene_00022/scan_00197,val/outdoor/scene_00022/scan_00197/00022_00197_outdoor_180_040.png,518,518,686,720660,72063,1008912.0,585405.6450815315,585405.6450815315,0.0,211057.26648317912,211057.26648317912,0.0,0.020522134048360827,25.20320750772953
142,outdoor,scene_00022,outdoor/scene_00022/scan_00197,val/outdoor/scene_00022/scan_00197/00022_00197_outdoor_180_040.png,574,574,770,720660,72063,1008912.0,585405.6450815315,594989.1507774697,-9583.50569593825,211057.26648317912,216287.14505596543,-5229.878572786314,0.021158075115715307,24.78093095123768
142,outdoor,scene_00022,outdoor/scene_00022/scan_00197,val/outdoor/scene_00022/scan_00197/00022_00197_outdoor_180_040.png,630,630,840,720660,72063,1008912.0,585405.6450815315,606578.2978240938,-21172.65274256235,211057.26648317912,222092.07372207296,-11034.807238893845,0.021742318332313836,38.38024940341711
142,outdoor,scene_00022,outdoor/scene_00022/scan_00197,val/outdoor/scene_00022/scan_00197/00022_00197_outdoor_180_040.png,686,686,910,720660,72063,1008912.0,585405.6450815315,567970.779702681,17434.86537885049,211057.26648317912,208578.05837689716,2479.2081062819634,0.02257847428020804,44.84900552779436
142,outdoor,scene_00022,outdoor/scene_00022/scan_00197,val/outdoor/scene_00022/scan_00197/00022_00197_outdoor_180_040.png,742,742,994,720660,72063,1008912.0,585405.6450815315,526436.7368622175,58968.90821931395,211057.26648317912,194260.90174430193,16796.364738877193,0.023388829942630238,50.272077322006226
142,outdoor,scene_00022,outdoor/scene_00022/scan_00197,val/outdoor/scene_00022/scan_00197/00022_00197_outdoor_180_040.png,798,798,1064,720660,72063,1008912.0,585405.6450815315,531177.7302886918,54227.91479283967,211057.26648317912,197741.02869642343,13316.237786755693,0.022921829953156905,71.90816011279821
142,outdoor,scene_00022,outdoor/scene_00022/scan_00197,val/outdoor/scene_00022/scan_00197/00022_00197_outdoor_180_040.png,854,854,1134,720660,72063,1008912.0,585405.6450815315,516344.57513781835,69061.06994371314,211057.26648317912,191847.67027706688,19209.59620611224,0.023637682979203278,191.4352159947157
142,outdoor,scene_00022,outdoor/scene_00022/scan_00197,val/outdoor/scene_00022/scan_00197/00022_00197_outdoor_180_040.png,910,910,1218,720660,72063,1008912.0,585405.6450815315,496671.1940803451,88734.45100118639,211057.26648317912,186654.03632782056,24403.230155358557,0.02407739282836323,224.1708356887102
142,outdoor,scene_00022,outdoor/scene_00022/scan_00197,val/outdoor/scene_00022/scan_00197/00022_00197_outdoor_180_040.png,966,966,1288,720660,72063,1008912.0,585405.6450815315,478976.61308185203,106429.03199967946,211057.26648317912,178627.79873472525,32429.46774845387,0.02357057137321563,265.1684572920203
142,outdoor,scene_00022,outdoor/scene_00022/scan_00197,val/outdoor/scene_00022/scan_00197/00022_00197_outdoor_180_040.png,1022,1022,1358,720660,72063,1008912.0,585405.6450815315,503510.0141037232,81895.63097780827,211057.26648317912,186033.07595229126,25024.190530887863,0.023353497369901853,158.73290412127972
143,outdoor,scene_00022,outdoor/scene_00022/scan_00197,val/outdoor/scene_00022/scan_00197/00022_00197_outdoor_190_010.png,518,518,686,742797,74269,1039873.0,527141.0533431348,527141.0533431348,0.0,242817.77939950448,242817.77939950448,0.0,0.04729824115013525,24.802573025226593
143,outdoor,scene_00022,outdoor/scene_00022/scan_00197,val/outdoor/scene_00022/scan_00197/00022_00197_outdoor_190_010.png,574,574,770,742797,74269,1039873.0,527141.0533431348,527630.7417245704,-489.6883814355824,242817.77939950448,244039.87043646196,-1222.091036957485,0.04566107328934318,28.73348817229271
143,outdoor,scene_00022,outdoor/scene_00022/scan_00197,val/outdoor/scene_00022/scan_00197/00022_00197_outdoor_190_010.png,630,630,840,742797,74269,1039873.0,527141.0533431348,532854.2590442181,-5713.205701083294,242817.77939950448,249066.78536230163,-6249.00596279715,0.04610360830812095,45.93449831008911
143,outdoor,scene_00022,outdoor/scene_00022/scan_00197,val/outdoor/scene_00022/scan_00197/00022_00197_outdoor_190_010.png,686,686,910,742797,74269,1039873.0,527141.0533431348,537424.4418478268,-10283.388504692004,242817.77939950448,243800.43628393326,-982.6568844287831,0.04361018502533773,53.51193528622389
143,outdoor,scene_00022,outdoor/scene_00022/scan_00197,val/outdoor/scene_00022/scan_00197/00022_00197_outdoor_190_010.png,742,742,994,742797,74269,1039873.0,527141.0533431348,531761.7504762559,-4620.697133121081,242817.77939950448,243626.56047544605,-808.7810759415734,0.04469558420863709,59.36008132994175
143,outdoor,scene_00022,outdoor/scene_00022/scan_00197,val/outdoor/scene_00022/scan_00197/00022_00197_outdoor_190_010.png,798,798,1064,742797,74269,1039873.0,527141.0533431348,539064.4299584833,-11923.376615348505,242817.77939950448,242711.73651095797,106.04288854650804,0.042966613246559544,74.91154503077269
143,outdoor,scene_00022,outdoor/scene_00022/scan_00197,val/outdoor/scene_00022/scan_00197/00022_00197_outdoor_190_010.png,854,854,1134,742797,74269,1039873.0,527141.0533431348,540694.830825294,-13553.777482159203,242817.77939950448,243299.38351726736,-481.60411776287947,0.04305293676784835,120.29112596064806
143,outdoor,scene_00022,outdoor/scene_00022/scan_00197,val/outdoor/scene_00022/scan_00197/00022_00197_outdoor_190_010.png,910,910,1218,742797,74269,1039873.0,527141.0533431348,545301.7790876105,-18160.725744475727,242817.77939950448,237205.4783965028,5612.3010030016885,0.04093166152715887,111.90238408744335
143,outdoor,scene_00022,outdoor/scene_00022/scan_00197,val/outdoor/scene_00022/scan_00197/00022_00197_outdoor_190_010.png,966,966,1288,742797,74269,1039873.0,527141.0533431348,543322.749507613,-16181.696164478199,242817.77939950448,232709.64869168098,10108.130707823497,0.03960516552419286,157.73253422230482
143,outdoor,scene_00022,outdoor/scene_00022/scan_00197,val/outdoor/scene_00022/scan_00197/00022_00197_outdoor_190_010.png,1022,1022,1358,742797,74269,1039873.0,527141.0533431348,546313.6148848988,-19172.56154176395,242817.77939950448,235742.10306432698,7075.676335177501,0.039633151140574696,173.91147185117006
144,outdoor,scene_00022,outdoor/scene_00022/scan_00197,val/outdoor/scene_00022/scan_00197/00022_00197_outdoor_220_040.png,518,518,686,671955,67183,940687.0,1465754.8884969072,1465754.8884969072,0.0,576506.3128738722,576506.3128738722,0.0,0.037146004136729506,27.017290703952312
144,outdoor,scene_00022,outdoor/scene_00022/scan_00197,val/outdoor/scene_00022/scan_00197/00022_00197_outdoor_220_040.png,574,574,770,671955,67183,940687.0,1465754.8884969072,1496962.0024948958,-31207.113997988636,576506.3128738722,590150.4210162197,-13644.108142347424,0.03659618237012167,58.88259969651699
144,outdoor,scene_00022,outdoor/scene_00022/scan_00197,val/outdoor/scene_00022/scan_00197/00022_00197_outdoor_220_040.png,630,630,840,671955,67183,940687.0,1465754.8884969072,1496438.4145062559,-30683.526009348687,576506.3128738722,593835.6940075188,-17329.381133646588,0.038230705189949636,58.904233388602734
144,outdoor,scene_00022,outdoor/scene_00022/scan_00197,val/outdoor/scene_00022/scan_00197/00022_00197_outdoor_220_040.png,686,686,910,671955,67183,940687.0,1465754.8884969072,1465373.6551375324,381.2333593748044,576506.3128738722,575118.5313540581,1387.7815198141616,0.034975973152405325,52.86477226763964
144,outdoor,scene_00022,outdoor/scene_00022/scan_00197,val/outdoor/scene_00022/scan_00197/00022_00197_outdoor_220_040.png,742,742,994,671955,67183,940687.0,1465754.8884969072,1475138.4487176621,-9383.560220754938,576506.3128738722,584352.3196244556,-7846.006750583416,0.03472388035927488,64.00994025170803
144,outdoor,scene_00022,outdoor/scene_00022/scan_00197,val/outdoor/scene_00022/scan_00197/00022_00197_outdoor_220_040.png,798,798,1064,671955,67183,940687.0,1465754.8884969072,1489780.4967371586,-24025.60824025143,576506.3128738722,591501.748388146,-14995.43551427382,0.036358524264153924,78.38896941393614
144,outdoor,scene_00022,outdoor/scene_00022/scan_00197,val/outdoor/scene_00022/scan_00197/00022_00197_outdoor_220_040.png,854,854,1134,671955,67183,940687.0,1465754.8884969072,1500769.4825203097,-35014.59402340255,576506.3128738722,595962.8708566176,-19456.557982745348,0.035657044245977314,99.84250646084547
144,outdoor,scene_00022,outdoor/scene_00022/scan_00197,val/outdoor/scene_00022/scan_00197/00022_00197_outdoor_220_040.png,910,910,1218,671955,67183,940687.0,1465754.8884969072,1512046.139316625,-46291.25081971777,576506.3128738722,602300.3691879702,-25794.05631409795,0.03631231122547473,113.14620263874531
144,outdoor,scene_00022,outdoor/scene_00022/scan_00197,val/outdoor/scene_00022/scan_00197/00022_00197_outdoor_220_040.png,966,966,1288,671955,67183,940687.0,1465754.8884969072,1522690.7769566402,-56935.88845973299,576506.3128738722,610434.8098163971,-33928.496942524915,0.03683879574059033,146.58358041197062
144,outdoor,scene_00022,outdoor/scene_00022/scan_00197,val/outdoor/scene_00022/scan_00197/00022_00197_outdoor_220_040.png,1022,1022,1358,671955,67183,940687.0,1465754.8884969072,1521454.1138718096,-55699.225374902366,576506.3128738722,609137.4449648721,-32631.13209099986,0.036119698152455575,179.39988151192665
145,outdoor,scene_00022,outdoor/scene_00022/scan_00197,val/outdoor/scene_00022/scan_00197/00022_00197_outdoor_230_010.png,518,518,686,751583,75132,1052111.0,540580.9464162517,540580.9464162517,0.0,246200.78424024873,246200.78424024873,0.0,0.05232993979400232,32.634212635457516
145,outdoor,scene_00022,outdoor/scene_00022/scan_00197,val/outdoor/scene_00022/scan_00197/00022_00197_outdoor_230_010.png,574,574,770,751583,75132,1052111.0,540580.9464162517,554119.0373454798,-13538.090929228114,246200.78424024873,253156.48060831224,-6955.696368063509,0.051501344557082,29.503745026886463
145,outdoor,scene_00022,outdoor/scene_00022/scan_00197,val/outdoor/scene_00022/scan_00197/00022_00197_outdoor_230_010.png,630,630,840,751583,75132,1052111.0,540580.9464162517,520547.84717295325,20033.099243298464,246200.78424024873,236469.48975893765,9731.29448131108,0.051591902842094195,46.03865463286638
145,outdoor,scene_00022,outdoor/scene_00022/scan_00197,val/outdoor/scene_00022/scan_00197/00022_00197_outdoor_230_010.png,686,686,910,751583,75132,1052111.0,540580.9464162517,526748.6066875621,13832.339728689636,246200.78424024873,237946.82483312633,8253.959407122398,0.05049338488161828,56.249918416142464
145,outdoor,scene_00022,outdoor/scene_00022/scan_00197,val/outdoor/scene_00022/scan_00197/00022_00197_outdoor_230_010.png,742,742,994,751583,75132,1052111.0,540580.9464162517,524417.6870816564,16163.259334595292,246200.78424024873,240079.36323164226,6121.42100860647,0.05020983441216057,59.744629077613354
145,outdoor,scene_00022,outdoor/scene_00022/scan_00197,val/outdoor/scene_00022/scan_00197/00022_00197_outdoor_230_010.png,798,798,1064,751583,75132,1052111.0,540580.9464162517,520863.17892746755,19717.767488784157,246200.78424024873,236102.38207569602,10098.40216455271,0.050023463652541206,91.3286516442895
145,outdoor,scene_00022,outdoor/scene_00022/scan_00197,val/outdoor/scene_00022/scan_00197/00022_00197_outdoor_230_010.png,854,854,1134,751583,75132,1052111.0,540580.9464162517,509861.045775654,30719.900640597683,246200.78424024873,235188.8632098809,11011.921030367841,0.05045697454591998,92.01584942638874
145,outdoor,scene_00022,outdoor/scene_00022/scan_00197,val/outdoor/scene_00022/scan_00197/00022_00197_outdoor_230_010.png,910,910,1218,751583,75132,1052111.0,540580.9464162517,512887.3924207139,27693.553995537804,246200.78424024873,233898.2534122921,12302.530827956623,0.049771951121388845,112.33516316860914
145,outdoor,scene_00022,outdoor/scene_00022/scan_00197,val/outdoor/scene_00022/scan_00197/00022_00197_outdoor_230_010.png,966,966,1288,751583,75132,1052111.0,540580.9464162517,508011.00972981856,32569.936686433153,246200.78424024873,231416.36472196382,14784.419518284907,0.049380582918853895,140.04875626415014
145,outdoor,scene_00022,outdoor/scene_00022/scan_00197,val/outdoor/scene_00022/scan_00197/00022_00197_outdoor_230_010.png,1022,1022,1358,751583,75132,1052111.0,540580.9464162517,494709.65623621905,45871.290180032665,246200.78424024873,228680.65320043406,17520.131039814674,0.04971109113085507,174.2247585207224
146,outdoor,scene_00022,outdoor/scene_00022/scan_00197,val/outdoor/scene_00022/scan_00197/00022_00197_outdoor_270_000.png,518,518,686,784230,78423,1097922.0,496979.60476338136,496979.60476338136,0.0,259224.90440740128,259224.90440740128,0.0,0.05658541516006906,22.848729975521564
146,outdoor,scene_00022,outdoor/scene_00022/scan_00197,val/outdoor/scene_00022/scan_00197/00022_00197_outdoor_270_000.png,574,574,770,784230,78423,1097922.0,496979.60476338136,509126.3604297023,-12146.755666320969,259224.90440740128,271161.70665417856,-11936.802246777283,0.05568389888215249,24.85331054776907
146,outdoor,scene_00022,outdoor/scene_00022/scan_00197,val/outdoor/scene_00022/scan_00197/00022_00197_outdoor_270_000.png,630,630,840,784230,78423,1097922.0,496979.60476338136,492183.91654728085,4795.688216100505,259224.90440740128,260281.3993808352,-1056.4949734339316,0.05512232249738844,38.35996799170971
146,outdoor,scene_00022,outdoor/scene_00022/scan_00197,val/outdoor/scene_00022/scan_00197/00022_00197_outdoor_270_000.png,686,686,910,784230,78423,1097922.0,496979.60476338136,500625.1336913603,-3645.528927978943,259224.90440740128,262905.05966468726,-3680.15525728598,0.05424695026949058,44.79627590626478
146,outdoor,scene_00022,outdoor/scene_00022/scan_00197,val/outdoor/scene_00022/scan_00197/00022_00197_outdoor_270_000.png,742,742,994,784230,78423,1097922.0,496979.60476338136,498753.81684801186,-1774.2120846305043,259224.90440740128,264939.39774547116,-5714.4933380698785,0.05231721120956706,50.06718449294567
146,outdoor,scene_00022,outdoor/scene_00022/scan_00197,val/outdoor/scene_00022/scan_00197/00022_00197_outdoor_270_000.png,798,798,1064,784230,78423,1097922.0,496979.60476338136,499337.1952068037,-2357.5904434223194,259224.90440740128,266361.32550900034,-7136.421101599059,0.05321927681741718,62.98324279487133
146,outdoor,scene_00022,outdoor/scene_00022/scan_00197,val/outdoor/scene_00022/scan_00197/00022_00197_outdoor_270_000.png,854,854,1134,784230,78423,1097922.0,496979.60476338136,517202.6974906302,-20223.092727248848,259224.90440740128,274962.716426878,-15737.812019476725,0.05124428390478435,83.0270228907466
146,outdoor,scene_00022,outdoor/scene_00022/scan_00197,val/outdoor/scene_00022/scan_00197/00022_00197_outdoor_270_000.png,910,910,1218,784230,78423,1097922.0,496979.60476338136,505580.65029955877,-8601.045536177407,259224.90440740128,270342.0734737893,-11117.169066388044,0.05113012689678595,94.74485460668802
146,outdoor,scene_00022,outdoor/scene_00022/scan_00197,val/outdoor/scene_00022/scan_00197/00022_00197_outdoor_270_000.png,966,966,1288,784230,78423,1097922.0,496979.60476338136,518246.775781922,-21267.171018540626,259224.90440740128,276139.66619073565,-16914.76178333437,0.05084082446240621,117.96796415001154
146,outdoor,scene_00022,outdoor/scene_00022/scan_00197,val/outdoor/scene_00022/scan_00197/00022_00197_outdoor_270_000.png,1022,1022,1358,784230,78423,1097922.0,496979.60476338136,515972.1805170537,-18992.57575367234,259224.90440740128,272894.58183127706,-13669.677423875779,0.04993178599337793,154.90192268043756
147,outdoor,scene_00022,outdoor/scene_00022/scan_00197,val/outdoor/scene_00022/scan_00197/00022_00197_outdoor_280_010.png,518,518,686,783475,78347,1096863.0,406037.97498473804,406037.97498473804,0.0,183485.94422157982,183485.94422157982,0.0,0.033932957346212524,27.83703524619341
147,outdoor,scene_00022,outdoor/scene_00022/scan_00197,val/outdoor/scene_00022/scan_00197/00022_00197_outdoor_280_010.png,574,574,770,783475,78347,1096863.0,406037.97498473804,441819.7427513597,-35781.76776662166,183485.94422157982,200298.15204835616,-16812.207826776343,0.03261248354528767,24.862663820385933
147,outdoor,scene_00022,outdoor/scene_00022/scan_00197,val/outdoor/scene_00022/scan_00197/00022_00197_outdoor_280_010.png,630,630,840,783475,78347,1096863.0,406037.97498473804,462259.3026093107,-56221.327624572674,183485.94422157982,207686.14401573676,-24200.199794156943,0.03229619007052224,38.45498990267515
147,outdoor,scene_00022,outdoor/scene_00022/scan_00197,val/outdoor/scene_00022/scan_00197/00022_00197_outdoor_280_010.png,686,686,910,783475,78347,1096863.0,406037.97498473804,457322.7498733379,-51284.77488859987,183485.94422157982,207506.6832594224,-24020.739037842577,0.03169531889361585,44.74565573036671
147,outdoor,scene_00022,outdoor/scene_00022/scan_00197,val/outdoor/scene_00022/scan_00197/00022_00197_outdoor_280_010.png,742,742,994,783475,78347,1096863.0,406037.97498473804,444202.2678120452,-38164.29282730713,183485.94422157982,201363.62848348392,-17877.684261904098,0.03129073355065478,58.57478454709053
147,outdoor,scene_00022,outdoor/scene_00022/scan_00197,val/outdoor/scene_00022/scan_00197/00022_00197_outdoor_280_010.png,798,798,1064,783475,78347,1096863.0,406037.97498473804,479379.85241173964,-73341.8774270016,183485.94422157982,216279.8689422327,-32793.92472065287,0.031018544006213882,62.67687305808067
147,outdoor,scene_00022,outdoor/scene_00022/scan_00197,val/outdoor/scene_00022/scan_00197/00022_00197_outdoor_280_010.png,854,854,1134,783475,78347,1096863.0,406037.97498473804,488783.973708469,-82745.99872373097,183485.94422157982,224793.95337805207,-41308.00915647225,0.030686725525872826,195.8566950634122
147,outdoor,scene_00022,outdoor/scene_00022/scan_00197,val/outdoor/scene_00022/scan_00197/00022_00197_outdoor_280_010.png,910,910,1218,783475,78347,1096863.0,406037.97498473804,472435.6743263345,-66397.69934159645,183485.94422157982,213473.45858026334,-29987.51435868352,0.029945802143556147,222.95050229877234
147,outdoor,scene_00022,outdoor/scene_00022/scan_00197,val/outdoor/scene_00022/scan_00197/00022_00197_outdoor_280_010.png,966,966,1288,783475,78347,1096863.0,406037.97498473804,517088.22682877874,-111050.2518440407,183485.94422157982,235311.22270260056,-51825.27848102074,0.029922301974487742,267.1944135800004
147,outdoor,scene_00022,outdoor/scene_00022/scan_00197,val/outdoor/scene_00022/scan_00197/00022_00197_outdoor_280_010.png,1022,1022,1358,783475,78347,1096863.0,406037.97498473804,494859.5022323938,-88821.52724765573,183485.94422157982,227404.28580275865,-43918.34158117883,0.030132809194085643,174.72719307988882
148,outdoor,scene_00022,outdoor/scene_00022/scan_00197,val/outdoor/scene_00022/scan_00197/00022_00197_outdoor_310_020.png,518,518,686,668236,66662,934884.0,1709018.216403433,1709018.216403433,0.0,669299.7189323949,669299.7189323949,0.0,0.02323203858822114,26.9683999940753
148,outdoor,scene_00022,outdoor/scene_00022/scan_00197,val/outdoor/scene_00022/scan_00197/00022_00197_outdoor_310_020.png,574,574,770,668236,66662,934884.0,1709018.216403433,1675703.047130644,33315.1692727888,669299.7189323949,655988.8806953954,13310.838236999465,0.023170036123503848,29.210267588496208
148,outdoor,scene_00022,outdoor/scene_00022/scan_00197,val/outdoor/scene_00022/scan_00197/00022_00197_outdoor_310_020.png,630,630,840,668236,66662,934884.0,1709018.216403433,1652965.400866432,56052.81553700077,669299.7189323949,649417.7649339167,19881.95399847813,0.02400655345152444,45.731392689049244
148,outdoor,scene_00022,outdoor/scene_00022/scan_00197,val/outdoor/scene_00022/scan_00197/00022_00197_outdoor_310_020.png,686,686,910,668236,66662,934884.0,1709018.216403433,1669555.9011770496,39462.315226383274,669299.7189323949,655668.4744645082,13631.24446788663,0.02325167753299672,60.991859063506126
148,outdoor,scene_00022,outdoor/scene_00022/scan_00197,val/outdoor/scene_00022/scan_00197/00022_00197_outdoor_310_020.png,742,742,994,668236,66662,934884.0,1709018.216403433,1640455.7002363268,68562.5161671061,669299.7189323949,648242.2542406446,21057.46469175024,0.02410999471856962,59.86166186630726
148,outdoor,scene_00022,outdoor/scene_00022/scan_00197,val/outdoor/scene_00022/scan_00197/00022_00197_outdoor_310_020.png,798,798,1064,668236,66662,934884.0,1709018.216403433,1665477.5266384592,43540.68976497371,669299.7189323949,657179.0067233678,12120.712209027028,0.0238982263788059,81.3604798167944
148,outdoor,scene_00022,outdoor/scene_00022/scan_00197,val/outdoor/scene_00022/scan_00197/00022_00197_outdoor_310_020.png,854,854,1134,668236,66662,934884.0,1709018.216403433,1673007.2826786241,36010.93372480874,669299.7189323949,658182.5019441275,11117.216988267377,0.023539838867224532,98.70543330907822
148,outdoor,scene_00022,outdoor/scene_00022/scan_00197,val/outdoor/scene_00022/scan_00197/00022_00197_outdoor_310_020.png,910,910,1218,668236,66662,934884.0,1709018.216403433,1674601.2624343885,34416.95396904438,669299.7189323949,659168.8259506603,10130.892981734592,0.024024283271974367,112.0961643755436
148,outdoor,scene_00022,outdoor/scene_00022/scan_00197,val/outdoor/scene_00022/scan_00197/00022_00197_outdoor_310_020.png,966,966,1288,668236,66662,934884.0,1709018.216403433,1686746.5863382828,22271.630065150093,669299.7189323949,667675.0706556955,1624.6482766993577,0.024397777694039655,141.97013527154922
148,outdoor,scene_00022,outdoor/scene_00022/scan_00197,val/outdoor/scene_00022/scan_00197/00022_00197_outdoor_310_020.png,1022,1022,1358,668236,66662,934884.0,1709018.216403433,1658529.3172868062,50488.89911662671,669299.7189323949,657848.715036253,11451.00389614189,0.02421393429912949,168.3356398716569
149,outdoor,scene_00022,outdoor/scene_00022/scan_00197,val/outdoor/scene_00022/scan_00197/00022_00197_outdoor_350_020.png,518,518,686,635241,63322,888529.0,5036279.207364762,5036279.207364762,0.0,1749979.1508362677,1749979.1508362677,0.0,0.03882394509412974,31.112613156437874
149,outdoor,scene_00022,outdoor/scene_00022/scan_00197,val/outdoor/scene_00022/scan_00197/00022_00197_outdoor_350_020.png,574,574,770,635241,63322,888529.0,5036279.207364762,4965299.086027241,70980.12133752089,1749979.1508362677,1732943.5131798089,17035.637656458886,0.04181203421366427,30.847406946122646
149,outdoor,scene_00022,outdoor/scene_00022/scan_00197,val/outdoor/scene_00022/scan_00197/00022_00197_outdoor_350_020.png,630,630,840,635241,63322,888529.0,5036279.207364762,4973134.56261396,63144.64475080185,1749979.1508362677,1734609.931411837,15369.219424430747,0.038469206744261526,42.47656092047691
149,outdoor,scene_00022,outdoor/scene_00022/scan_00197,val/outdoor/scene_00022/scan_00197/00022_00197_outdoor_350_020.png,686,686,910,635241,63322,888529.0,5036279.207364762,5013971.950166812,22307.257197950035,1749979.1508362677,1747788.0434349962,2191.1074012715835,0.04026063631006659,52.311355248093605
149,outdoor,scene_00022,outdoor/scene_00022/scan_00197,val/outdoor/scene_00022/scan_00197/00022_00197_outdoor_350_020.png,742,742,994,635241,63322,888529.0,5036279.207364762,4962526.741515592,73752.46584917046,1749979.1508362677,1728282.4672641167,21696.683572151,0.04130654544464592,57.263726368546486
149,outdoor,scene_00022,outdoor/scene_00022/scan_00197,val/outdoor/scene_00022/scan_00197/00022_00197_outdoor_350_020.png,798,798,1064,635241,63322,888529.0,5036279.207364762,4824916.276361344,211362.93100341782,1749979.1508362677,1685373.1661263108,64605.984709956916,0.042064502863372835,75.89315436780453
149,outdoor,scene_00022,outdoor/scene_00022/scan_00197,val/outdoor/scene_00022/scan_00197/00022_00197_outdoor_350_020.png,854,854,1134,635241,63322,888529.0,5036279.207364762,4930887.186532721,105392.02083204128,1749979.1508362677,1724986.2202672905,24992.93056897726,0.041590334411877025,107.60686360299587
149,outdoor,scene_00022,outdoor/scene_00022/scan_00197,val/outdoor/scene_00022/scan_00197/00022_00197_outdoor_350_020.png,910,910,1218,635241,63322,888529.0,5036279.207364762,4915688.4093404,120590.79802436195,1749979.1508362677,1715392.2728534972,34586.87798277056,0.0423403401412509,128.2067121937871
149,outdoor,scene_00022,outdoor/scene_00022/scan_00197,val/outdoor/scene_00022/scan_00197/00022_00197_outdoor_350_020.png,966,966,1288,635241,63322,888529.0,5036279.207364762,4921233.894555177,115045.3128095856,1749979.1508362677,1718621.8245878317,31357.326248436002,0.04106966840656596,135.201096534729
149,outdoor,scene_00022,outdoor/scene_00022/scan_00197,val/outdoor/scene_00022/scan_00197/00022_00197_outdoor_350_020.png,1022,1022,1358,635241,63322,888529.0,5036279.207364762,4897386.947565201,138892.25979956146,1749979.1508362677,1716643.4446030038,33335.70623326395,0.041391870356122594,172.14744724333286
150,outdoor,scene_00023,outdoor/scene_00023/scan_00198,val/outdoor/scene_00023/scan_00198/00023_00198_outdoor_000_020.png,518,518,686,215685,21528,301797.0,204880.06084640734,204880.06084640734,0.0,178933.21074950258,178933.21074950258,0.0,0.04884411958130563,28.728187084197998
150,outdoor,scene_00023,outdoor/scene_00023/scan_00198,val/outdoor/scene_00023/scan_00198/00023_00198_outdoor_000_020.png,574,574,770,215685,21528,301797.0,204880.06084640734,209623.83038669947,-4743.769540292124,178933.21074950258,183663.94548753224,-4730.734738029656,0.04645096567509149,39.070031605660915
150,outdoor,scene_00023,outdoor/scene_00023/scan_00198,val/outdoor/scene_00023/scan_00198/00023_00198_outdoor_000_020.png,630,630,840,215685,21528,301797.0,204880.06084640734,193750.74386753343,11129.316978873918,178933.21074950258,168797.14279463864,10136.067954863945,0.04557662615455511,49.56252034753561
150,outdoor,scene_00023,outdoor/scene_00023/scan_00198,val/outdoor/scene_00023/scan_00198/00023_00198_outdoor_000_020.png,686,686,910,215685,21528,301797.0,204880.06084640734,194492.26210343515,10387.798742972198,178933.21074950258,168590.6788822226,10342.531867279991,0.04443088652763096,53.303105756640434
150,outdoor,scene_00023,outdoor/scene_00023/scan_00198,val/outdoor/scene_00023/scan_00198/00023_00198_outdoor_000_020.png,742,742,994,215685,21528,301797.0,204880.06084640734,208100.44530359947,-3220.3844571921218,178933.21074950258,182563.18818319862,-3629.97743369604,0.04348741271551486,58.97539295256138
150,outdoor,scene_00023,outdoor/scene_00023/scan_00198,val/outdoor/scene_00023/scan_00198/00023_00198_outdoor_000_020.png,798,798,1064,215685,21528,301797.0,204880.06084640734,212000.73474070927,-7120.67389430193,178933.21074950258,184299.7498913778,-5366.539141875226,0.041599232397272035,71.16062100976706
150,outdoor,scene_00023,outdoor/scene_00023/scan_00198,val/outdoor/scene_00023/scan_00198/00023_00198_outdoor_000_020.png,854,854,1134,215685,21528,301797.0,204880.06084640734,246473.4492336884,-41593.38838728107,178933.21074950258,215967.16840466173,-37033.957655159145,0.041915565166515394,92.52713993191719
150,outdoor,scene_00023,outdoor/scene_00023/scan_00198,val/outdoor/scene_00023/scan_00198/00023_00198_outdoor_000_020.png,910,910,1218,215685,21528,301797.0,204880.06084640734,260340.85490937115,-55460.7940629638,178933.21074950258,228578.06211066237,-49644.85136115979,0.03978248169189028,116.72857590019703
150,outdoor,scene_00023,outdoor/scene_00023/scan_00198,val/outdoor/scene_00023/scan_00198/00023_00198_outdoor_000_020.png,966,966,1288,215685,21528,301797.0,204880.06084640734,258488.82982628274,-53608.7689798754,178933.21074950258,226154.7885815574,-47221.57783205481,0.03990538136988722,136.37026119977236
150,outdoor,scene_00023,outdoor/scene_00023/scan_00198,val/outdoor/scene_00023/scan_00198/00023_00198_outdoor_000_020.png,1022,1022,1358,215685,21528,301797.0,204880.06084640734,257771.13437937497,-52891.073532967624,178933.21074950258,226010.32364833285,-47077.112898830266,0.03749645964145359,173.41153137385845
151,outdoor,scene_00023,outdoor/scene_00023/scan_00198,val/outdoor/scene_00023/scan_00198/00023_00198_outdoor_070_020.png,518,518,686,587320,58714,822176.0,89197.29494961331,89197.29494961331,0.0,59683.74547859826,59683.74547859826,0.0,0.015093796807125727,30.998414382338524
151,outdoor,scene_00023,outdoor/scene_00023/scan_00198,val/outdoor/scene_00023/scan_00198/00023_00198_outdoor_070_020.png,574,574,770,587320,58714,822176.0,89197.29494961331,97342.50804720484,-8145.213097591535,59683.74547859826,64996.433232145166,-5312.687753546903,0.014633391761008209,29.41935509443283
151,outdoor,scene_00023,outdoor/scene_00023/scan_00198,val/outdoor/scene_00023/scan_00198/00023_00198_outdoor_070_020.png,630,630,840,587320,58714,822176.0,89197.29494961331,96585.32299008287,-7388.028040469566,59683.74547859826,65799.82249442411,-6116.077015825846,0.01434366429717698,45.954590663313866
151,outdoor,scene_00023,outdoor/scene_00023/scan_00198,val/outdoor/scene_00023/scan_00198/00023_00198_outdoor_070_020.png,686,686,910,587320,58714,822176.0,89197.29494961331,97330.45695221107,-8133.162002597761,59683.74547859826,65820.0638716949,-6136.318393096641,0.013912313475671408,53.375113755464554
151,outdoor,scene_00023,outdoor/scene_00023/scan_00198,val/outdoor/scene_00023/scan_00198/00023_00198_outdoor_070_020.png,742,742,994,587320,58714,822176.0,89197.29494961331,104601.2577551421,-15403.96280552879,59683.74547859826,71536.52524931275,-11852.779770714485,0.01387076887886266,59.81012247502804
151,outdoor,scene_00023,outdoor/scene_00023/scan_00198,val/outdoor/scene_00023/scan_00198/00023_00198_outdoor_070_020.png,798,798,1064,587320,58714,822176.0,89197.29494961331,103400.47197330432,-14203.177023691009,59683.74547859826,69678.96481641222,-9995.219337813956,0.013454791802870809,82.29256607592106
151,outdoor,scene_00023,outdoor/scene_00023/scan_00198,val/outdoor/scene_00023/scan_00198/00023_00198_outdoor_070_020.png,854,854,1134,587320,58714,822176.0,89197.29494961331,104862.39883448707,-15665.103884873766,59683.74547859826,71145.90674554592,-11462.161266947653,0.013564924716755218,99.07278697937727
151,outdoor,scene_00023,outdoor/scene_00023/scan_00198,val/outdoor/scene_00023/scan_00198/00023_00198_outdoor_070_020.png,910,910,1218,587320,58714,822176.0,89197.29494961331,106741.9150942926,-17544.6201446793,59683.74547859826,72394.61296266971,-12710.867484071445,0.01321673320403221,111.59764882177114
151,outdoor,scene_00023,outdoor/scene_00023/scan_00198,val/outdoor/scene_00023/scan_00198/00023_00198_outdoor_070_020.png,966,966,1288,587320,58714,822176.0,89197.29494961331,108480.07600665532,-19282.78105704201,59683.74547859826,73542.46437718629,-13858.718898588028,0.01302200209823571,138.67723010480404
151,outdoor,scene_00023,outdoor/scene_00023/scan_00198,val/outdoor/scene_00023/scan_00198/00023_00198_outdoor_070_020.png,1022,1022,1358,587320,58714,822176.0,89197.29494961331,109846.22682464679,-20648.93187503348,59683.74547859826,73751.86043789101,-14068.114959292747,0.012899709435971315,170.88599130511284
152,outdoor,scene_00023,outdoor/scene_00023/scan_00198,val/outdoor/scene_00023/scan_00198/00023_00198_outdoor_190_020.png,518,518,686,739684,73944,1035460.0,310864.0126286439,310864.0126286439,0.0,163844.4383522614,163844.4383522614,0.0,0.037452882165222516,27.452221140265465
152,outdoor,scene_00023,outdoor/scene_00023/scan_00198,val/outdoor/scene_00023/scan_00198/00023_00198_outdoor_190_020.png,574,574,770,739684,73944,1035460.0,310864.0126286439,287826.98628347635,23037.026345167542,163844.4383522614,155963.51755591133,7880.920796350081,0.03705465249217129,38.83202839642763
152,outdoor,scene_00023,outdoor/scene_00023/scan_00198,val/outdoor/scene_00023/scan_00198/00023_00198_outdoor_190_020.png,630,630,840,739684,73944,1035460.0,310864.0126286439,291301.8422023074,19562.170426336466,163844.4383522614,159165.41676862334,4679.021583638067,0.03524904911194657,42.505632154643536
152,outdoor,scene_00023,outdoor/scene_00023/scan_00198,val/outdoor/scene_00023/scan_00198/00023_00198_outdoor_190_020.png,686,686,910,739684,73944,1035460.0,310864.0126286439,296290.81245037745,14573.200178266445,163844.4383522614,161048.53654725046,2795.9018050109444,0.03583062358136832,49.2941839620471
152,outdoor,scene_00023,outdoor/scene_00023/scan_00198,val/outdoor/scene_00023/scan_00198/00023_00198_outdoor_190_020.png,742,742,994,739684,73944,1035460.0,310864.0126286439,363821.5288559954,-52957.5162273515,163844.4383522614,192599.2589057457,-28754.820553484285,0.03339739356060256,54.611239582300186
152,outdoor,scene_00023,outdoor/scene_00023/scan_00198,val/outdoor/scene_00023/scan_00198/00023_00198_outdoor_190_020.png,798,798,1064,739684,73944,1035460.0,310864.0126286439,303738.7663216535,7125.24630699039,163844.4383522614,169270.08327048243,-5425.64491822102,0.03437139576827028,75.19304100424051
152,outdoor,scene_00023,outdoor/scene_00023/scan_00198,val/outdoor/scene_00023/scan_00198/00023_00198_outdoor_190_020.png,854,854,1134,739684,73944,1035460.0,310864.0126286439,409963.7397761879,-99099.72714754404,163844.4383522614,212282.28135501593,-48437.843002754526,0.034337616090525984,99.04749412089586
152,outdoor,scene_00023,outdoor/scene_00023/scan_00198,val/outdoor/scene_00023/scan_00198/00023_00198_outdoor_190_020.png,910,910,1218,739684,73944,1035460.0,310864.0126286439,411389.7004026453,-100525.68777400139,163844.4383522614,219408.82712765905,-55564.388775397645,0.034116079587339566,113.87624870985746
152,outdoor,scene_00023,outdoor/scene_00023/scan_00198,val/outdoor/scene_00023/scan_00198/00023_00198_outdoor_190_020.png,966,966,1288,739684,73944,1035460.0,310864.0126286439,325313.268411194,-14449.255782550084,163844.4383522614,181954.93544926634,-18110.497097004933,0.035976043048107934,140.90024586766958
152,outdoor,scene_00023,outdoor/scene_00023/scan_00198,val/outdoor/scene_00023/scan_00198/00023_00198_outdoor_190_020.png,1022,1022,1358,739684,73944,1035460.0,310864.0126286439,439341.6416362507,-128477.62900760683,163844.4383522614,230500.31984740106,-66655.88149513965,0.03370884681294306,174.96576625853777
153,outdoor,scene_00023,outdoor/scene_00023/scan_00198,val/outdoor/scene_00023/scan_00198/00023_00198_outdoor_220_010.png,518,518,686,746740,74662,1045388.0,316761.01692531956,316761.01692531956,0.0,218909.26313592325,218909.26313592325,0.0,0.06330664321346796,39.186726324260235
153,outdoor,scene_00023,outdoor/scene_00023/scan_00198,val/outdoor/scene_00023/scan_00198/00023_00198_outdoor_220_010.png,574,574,770,746740,74662,1045388.0,316761.01692531956,313792.5795247971,2968.437400522467,218909.26313592325,215773.84858096973,3135.414554953517,0.061696294440675876,30.780605971813202
153,outdoor,scene_00023,outdoor/scene_00023/scan_00198,val/outdoor/scene_00023/scan_00198/00023_00198_outdoor_220_010.png,630,630,840,746740,74662,1045388.0,316761.01692531956,279612.62794896134,37148.38897635823,218909.26313592325,195211.41134244477,23697.851793478476,0.058300346111282215,45.66988069564104
153,outdoor,scene_00023,outdoor/scene_00023/scan_00198,val/outdoor/scene_00023/scan_00198/00023_00198_outdoor_220_010.png,686,686,910,746740,74662,1045388.0,316761.01692531956,296923.66794497217,19837.348980347393,218909.26313592325,208305.60013732465,10603.662998598593,0.0583922017811996,54.749954491853714
153,outdoor,scene_00023,outdoor/scene_00023/scan_00198,val/outdoor/scene_00023/scan_00198/00023_00198_outdoor_220_010.png,742,742,994,746740,74662,1045388.0,316761.01692531956,315704.60410114273,1056.412824176834,218909.26313592325,221377.00470517983,-2467.7415692565846,0.059695219468505666,59.79137774556875
153,outdoor,scene_00023,outdoor/scene_00023/scan_00198,val/outdoor/scene_00023/scan_00198/00023_00198_outdoor_220_010.png,798,798,1064,746740,74662,1045388.0,316761.01692531956,328743.0073685623,-11981.990443242714,218909.26313592325,228850.76067188918,-9941.49753596593,0.05937673159134625,84.59096401929855
153,outdoor,scene_00023,outdoor/scene_00023/scan_00198,val/outdoor/scene_00023/scan_00198/00023_00198_outdoor_220_010.png,854,854,1134,746740,74662,1045388.0,316761.01692531956,312412.775106375,4348.241818944574,218909.26313592325,219579.15569505293,-669.8925591296866,0.05648161742262427,102.87330858409405
153,outdoor,scene_00023,outdoor/scene_00023/scan_00198,val/outdoor/scene_00023/scan_00198/00023_00198_outdoor_220_010.png,910,910,1218,746740,74662,1045388.0,316761.01692531956,305735.5536948931,11025.463230426481,218909.26313592325,215152.95700500484,3756.3061309184122,0.0556574805115622,123.24418500065804
153,outdoor,scene_00023,outdoor/scene_00023/scan_00198,val/outdoor/scene_00023/scan_00198/00023_00198_outdoor_220_010.png,966,966,1288,746740,74662,1045388.0,316761.01692531956,283413.35575058253,33347.66117473703,218909.26313592325,203985.76740390313,14923.495732020121,0.05226892807448053,138.6582087725401
153,outdoor,scene_00023,outdoor/scene_00023/scan_00198,val/outdoor/scene_00023/scan_00198/00023_00198_outdoor_220_010.png,1022,1022,1358,746740,74662,1045388.0,316761.01692531956,280084.3841256164,36676.63279970316,218909.26313592325,198819.93585078523,20089.327285138017,0.051810715026100865,175.99847726523876
154,outdoor,scene_00023,outdoor/scene_00023/scan_00198,val/outdoor/scene_00023/scan_00198/00023_00198_outdoor_230_000.png,518,518,686,742360,74223,1039252.0,198094.61427900457,198094.61427900457,0.0,150762.01789298534,150762.01789298534,0.0,0.042108947456400064,29.019460082054138
154,outdoor,scene_00023,outdoor/scene_00023/scan_00198,val/outdoor/scene_00023/scan_00198/00023_00198_outdoor_230_000.png,574,574,770,742360,74223,1039252.0,198094.61427900457,201210.82968813158,-3116.215409127006,150762.01789298534,151557.11193406957,-795.0940410842304,0.04173908186852611,29.402049258351326
154,outdoor,scene_00023,outdoor/scene_00023/scan_00198,val/outdoor/scene_00023/scan_00198/00023_00198_outdoor_230_000.png,630,630,840,742360,74223,1039252.0,198094.61427900457,208485.06289180354,-10390.448612798966,150762.01789298534,158912.4052103918,-8150.38731740645,0.041066433461119954,45.82507535815239
154,outdoor,scene_00023,outdoor/scene_00023/scan_00198,val/outdoor/scene_00023/scan_00198/00023_00198_outdoor_230_000.png,686,686,910,742360,74223,1039252.0,198094.61427900457,244728.0941870559,-46633.47990805132,150762.01789298534,186443.16210553635,-35681.14421255101,0.040645164048615,53.40007599443197
154,outdoor,scene_00023,outdoor/scene_00023/scan_00198,val/outdoor/scene_00023/scan_00198/00023_00198_outdoor_230_000.png,742,742,994,742360,74223,1039252.0,198094.61427900457,302790.12554065627,-104695.5112616517,150762.01789298534,234543.66732194446,-83781.64942895912,0.03997407338894571,57.891013100743294
154,outdoor,scene_00023,outdoor/scene_00023/scan_00198,val/outdoor/scene_00023/scan_00198/00023_00198_outdoor_230_000.png,798,798,1064,742360,74223,1039252.0,198094.61427900457,272052.8752843684,-73958.26100536383,150762.01789298534,209116.19492174758,-58354.177028762235,0.0403191227208026,72.22092989832163
154,outdoor,scene_00023,outdoor/scene_00023/scan_00198,val/outdoor/scene_00023/scan_00198/00023_00198_outdoor_230_000.png,854,854,1134,742360,74223,1039252.0,198094.61427900457,257294.79281270396,-59200.17853369939,150762.01789298534,196777.17788904964,-46015.15999606429,0.039815225332047136,158.99866353720427
154,outdoor,scene_00023,outdoor/scene_00023/scan_00198,val/outdoor/scene_00023/scan_00198/00023_00198_outdoor_230_000.png,910,910,1218,742360,74223,1039252.0,198094.61427900457,286767.6599031652,-88673.04562416062,150762.01789298534,221559.1923589939,-70797.17446600855,0.039668674569291296,94.84332799911499
154,outdoor,scene_00023,outdoor/scene_00023/scan_00198,val/outdoor/scene_00023/scan_00198/00023_00198_outdoor_230_000.png,966,966,1288,742360,74223,1039252.0,198094.61427900457,263518.2643256616,-65423.650046657014,150762.01789298534,202491.80813398337,-51729.79024099803,0.03977758102416339,117.83174145966768
154,outdoor,scene_00023,outdoor/scene_00023/scan_00198,val/outdoor/scene_00023/scan_00198/00023_00198_outdoor_230_000.png,1022,1022,1358,742360,74223,1039252.0,198094.61427900457,263502.30857348687,-65407.694294482295,150762.01789298534,201607.46977451406,-50845.451881528716,0.04004761842652529,150.6816428154707
155,outdoor,scene_00023,outdoor/scene_00023/scan_00198,val/outdoor/scene_00023/scan_00198/00023_00198_outdoor_250_030.png,518,518,686,427684,42750,598684.0,252678.97611605207,252678.97611605207,0.0,208864.30841286533,208864.30841286533,0.0,0.016380054863413686,25.324635207653046
155,outdoor,scene_00023,outdoor/scene_00023/scan_00198,val/outdoor/scene_00023/scan_00198/00023_00198_outdoor_250_030.png,574,574,770,427684,42750,598684.0,252678.97611605207,255617.7181559612,-2938.7420399091206,208864.30841286533,210921.48628298764,-2057.1778701223084,0.01493282832960095,26.088690385222435
155,outdoor,scene_00023,outdoor/scene_00023/scan_00198,val/outdoor/scene_00023/scan_00198/00023_00198_outdoor_250_030.png,630,630,840,427684,42750,598684.0,252678.97611605207,267194.8766823093,-14515.900566257245,208864.30841286533,215494.6465394943,-6630.33812662898,0.014276002988129168,39.323506876826286
155,outdoor,scene_00023,outdoor/scene_00023/scan_00198,val/outdoor/scene_00023/scan_00198/00023_00198_outdoor_250_030.png,686,686,910,427684,42750,598684.0,252678.97611605207,265298.19640377763,-12619.220287725562,208864.30841286533,215340.16427853127,-6475.855865665944,0.01322586647266298,44.91021856665611
155,outdoor,scene_00023,outdoor/scene_00023/scan_00198,val/outdoor/scene_00023/scan_00198/00023_00198_outdoor_250_030.png,742,742,994,427684,42750,598684.0,252678.97611605207,266264.25086654705,-13585.27475049498,208864.30841286533,216135.14313334244,-7270.834720477113,0.012572946159972035,51.116226240992546
155,outdoor,scene_00023,outdoor/scene_00023/scan_00198,val/outdoor/scene_00023/scan_00198/00023_00198_outdoor_250_030.png,798,798,1064,427684,42750,598684.0,252678.97611605207,270424.0362535248,-17745.060137472756,208864.30841286533,218242.5433008757,-9378.234888010367,0.012403070117374135,62.72303592413664
155,outdoor,scene_00023,outdoor/scene_00023/scan_00198,val/outdoor/scene_00023/scan_00198/00023_00198_outdoor_250_030.png,854,854,1134,427684,42750,598684.0,252678.97611605207,272134.49688040005,-19455.52076434798,208864.30841286533,218904.80704742324,-10040.49863455791,0.011639787897996844,83.77654477953911
155,outdoor,scene_00023,outdoor/scene_00023/scan_00198,val/outdoor/scene_00023/scan_00198/00023_00198_outdoor_250_030.png,910,910,1218,427684,42750,598684.0,252678.97611605207,275129.1100058405,-22450.133889788412,208864.30841286533,221235.61641249698,-12371.307999631652,0.011438222566432158,94.88209057599306
155,outdoor,scene_00023,outdoor/scene_00023/scan_00198,val/outdoor/scene_00023/scan_00198/00023_00198_outdoor_250_030.png,966,966,1288,427684,42750,598684.0,252678.97611605207,271720.18081110145,-19041.204695049382,208864.30841286533,218440.1559636179,-9575.847550752573,0.01149927642125023,114.99055754393339
155,outdoor,scene_00023,outdoor/scene_00023/scan_00198,val/outdoor/scene_00023/scan_00198/00023_00198_outdoor_250_030.png,1022,1022,1358,427684,42750,598684.0,252678.97611605207,267786.07760710095,-15107.101491048874,208864.30841286533,215214.7619915587,-6350.453578693385,0.011087763144783873,146.87682874500751
156,outdoor,scene_00023,outdoor/scene_00023/scan_00198,val/outdoor/scene_00023/scan_00198/00023_00198_outdoor_270_010.png,518,518,686,498451,49759,697487.0,145188.69625315667,145188.69625315667,0.0,77968.7474036133,77968.7474036133,0.0,0.018137349683422625,22.7836687117815
156,outdoor,scene_00023,outdoor/scene_00023/scan_00198,val/outdoor/scene_00023/scan_00198/00023_00198_outdoor_270_010.png,574,574,770,498451,49759,697487.0,145188.69625315667,149576.32193735114,-4387.6256841944705,77968.7474036133,83334.09825021698,-5365.350846603673,0.01780895017990416,24.87095259130001
156,outdoor,scene_00023,outdoor/scene_00023/scan_00198,val/outdoor/scene_00023/scan_00198/00023_00198_outdoor_270_010.png,630,630,840,498451,49759,697487.0,145188.69625315667,154506.71917632018,-9318.022923163517,77968.7474036133,86292.61031884052,-8323.862915227219,0.017588605529499923,38.29991817474365
156,outdoor,scene_00023,outdoor/scene_00023/scan_00198,val/outdoor/scene_00023/scan_00198/00023_00198_outdoor_270_010.png,686,686,910,498451,49759,697487.0,145188.69625315667,159670.71781856887,-14482.0215654122,77968.7474036133,89649.1739995031,-11680.426595889789,0.017357510245056943,44.774286448955536
156,outdoor,scene_00023,outdoor/scene_00023/scan_00198,val/outdoor/scene_00023/scan_00198/00023_00198_outdoor_270_010.png,742,742,994,498451,49759,697487.0,145188.69625315667,150201.70643874395,-5013.010185587278,77968.7474036133,84024.52497340475,-6055.777569791448,0.016980041876587946,50.383565947413445
156,outdoor,scene_00023,outdoor/scene_00023/scan_00198,val/outdoor/scene_00023/scan_00198/00023_00198_outdoor_270_010.png,798,798,1064,498451,49759,697487.0,145188.69625315667,152289.61212008703,-7100.915866930358,77968.7474036133,86385.22463784882,-8416.477234235514,0.016800604269743558,63.06493189185858
156,outdoor,scene_00023,outdoor/scene_00023/scan_00198,val/outdoor/scene_00023/scan_00198/00023_00198_outdoor_270_010.png,854,854,1134,498451,49759,697487.0,145188.69625315667,151352.36400412407,-6163.667750967405,77968.7474036133,88008.66063728242,-10039.913233669111,0.016643739058545656,83.14446732401848
156,outdoor,scene_00023,outdoor/scene_00023/scan_00198,val/outdoor/scene_00023/scan_00198/00023_00198_outdoor_270_010.png,910,910,1218,498451,49759,697487.0,145188.69625315667,158265.2710455114,-13076.574792354746,77968.7474036133,92274.85842389798,-14306.111020284676,0.016465967010996826,95.21279018372297
156,outdoor,scene_00023,outdoor/scene_00023/scan_00198,val/outdoor/scene_00023/scan_00198/00023_00198_outdoor_270_010.png,966,966,1288,498451,49759,697487.0,145188.69625315667,150272.21496415065,-5083.518710993987,77968.7474036133,85546.25966427157,-7577.512260658259,0.016390740162551605,119.13102399557829
156,outdoor,scene_00023,outdoor/scene_00023/scan_00198,val/outdoor/scene_00023/scan_00198/00023_00198_outdoor_270_010.png,1022,1022,1358,498451,49759,697487.0,145188.69625315667,161051.93354720104,-15863.237294044375,77968.7474036133,93815.22593613394,-15846.478532520632,0.016220716967192884,147.5666891783476
157,outdoor,scene_00023,outdoor/scene_00023/scan_00198,val/outdoor/scene_00023/scan_00198/00023_00198_outdoor_300_010.png,518,518,686,378775,37781,529899.0,78086.44730117236,78086.44730117236,0.0,41745.216823293085,41745.216823293085,0.0,0.019566037968055876,24.426416493952274
157,outdoor,scene_00023,outdoor/scene_00023/scan_00198,val/outdoor/scene_00023/scan_00198/00023_00198_outdoor_300_010.png,574,574,770,378775,37781,529899.0,78086.44730117236,79662.88525087673,-1576.43794970437,41745.216823293085,43194.395258754,-1449.1784354609117,0.019228113455990462,24.788775481283665
157,outdoor,scene_00023,outdoor/scene_00023/scan_00198,val/outdoor/scene_00023/scan_00198/00023_00198_outdoor_300_010.png,630,630,840,378775,37781,529899.0,78086.44730117236,80560.68940361385,-2474.2421024414944,41745.216823293085,43916.0683607821,-2170.851537489012,0.01901703308676112,38.96943386644125
157,outdoor,scene_00023,outdoor/scene_00023/scan_00198,val/outdoor/scene_00023/scan_00198/00023_00198_outdoor_300_010.png,686,686,910,378775,37781,529899.0,78086.44730117236,90746.2150685417,-12659.76776736934,41745.216823293085,49968.12045902333,-8222.903635730247,0.0190194341726088,44.78380922228098
157,outdoor,scene_00023,outdoor/scene_00023/scan_00198,val/outdoor/scene_00023/scan_00198/00023_00198_outdoor_300_010.png,742,742,994,378775,37781,529899.0,78086.44730117236,81600.82529422578,-3514.377993053422,41745.216823293085,45879.81181924515,-4134.594995952066,0.01880279933483682,50.08834507316351
157,outdoor,scene_00023,outdoor/scene_00023/scan_00198,val/outdoor/scene_00023/scan_00198/00023_00198_outdoor_300_010.png,798,798,1064,378775,37781,529899.0,78086.44730117236,82954.49043162161,-4868.043130449252,41745.216823293085,46953.759403355,-5208.542580061912,0.018953290365223082,62.60993145406246
157,outdoor,scene_00023,outdoor/scene_00023/scan_00198,val/outdoor/scene_00023/scan_00198/00023_00198_outdoor_300_010.png,854,854,1134,378775,37781,529899.0,78086.44730117236,86729.20844704918,-8642.761145876822,41745.216823293085,49694.63011871245,-7949.413295419363,0.018775014474568988,83.30338262021542
157,outdoor,scene_00023,outdoor/scene_00023/scan_00198,val/outdoor/scene_00023/scan_00198/00023_00198_outdoor_300_010.png,910,910,1218,378775,37781,529899.0,78086.44730117236,87943.5951920035,-9857.14789083114,41745.216823293085,51682.39968684892,-9937.182863555834,0.018743818467314384,95.32712586224079
157,outdoor,scene_00023,outdoor/scene_00023/scan_00198,val/outdoor/scene_00023/scan_00198/00023_00198_outdoor_300_010.png,966,966,1288,378775,37781,529899.0,78086.44730117236,88334.02410740191,-10247.576806229554,41745.216823293085,51253.573671668,-9508.356848374911,0.01871560468183011,117.50897858291864
157,outdoor,scene_00023,outdoor/scene_00023/scan_00198,val/outdoor/scene_00023/scan_00198/00023_00198_outdoor_300_010.png,1022,1022,1358,378775,37781,529899.0,78086.44730117236,92399.28991969835,-14312.842618525989,41745.216823293085,52832.090214267475,-11086.87339097439,0.01851036041302275,159.94274895638227
158,outdoor,scene_00023,outdoor/scene_00023/scan_00198,val/outdoor/scene_00023/scan_00198/00023_00198_outdoor_310_020.png,518,518,686,140746,13991,196710.0,74007.72900682384,74007.72900682384,0.0,43822.80504568738,43822.80504568738,0.0,0.02165684103148248,39.397687651216984
158,outdoor,scene_00023,outdoor/scene_00023/scan_00198,val/outdoor/scene_00023/scan_00198/00023_00198_outdoor_310_020.png,574,574,770,140746,13991,196710.0,74007.72900682384,74800.98942284376,-793.2604160199262,43822.80504568738,46792.27887028998,-2969.4738246025954,0.021183182095918483,24.841985665261745
158,outdoor,scene_00023,outdoor/scene_00023/scan_00198,val/outdoor/scene_00023/scan_00198/00023_00198_outdoor_310_020.png,630,630,840,140746,13991,196710.0,74007.72900682384,69859.391753211,4148.33725361283,43822.80504568738,41789.24893983042,2033.5561058569656,0.020860164751612266,38.405452854931355
158,outdoor,scene_00023,outdoor/scene_00023/scan_00198,val/outdoor/scene_00023/scan_00198/00023_00198_outdoor_310_020.png,686,686,910,140746,13991,196710.0,74007.72900682384,72925.9168833851,1081.8121234387363,43822.80504568738,45792.39024109176,-1969.5851954043756,0.021041108096104554,44.78699900209904
158,outdoor,scene_00023,outdoor/scene_00023/scan_00198,val/outdoor/scene_00023/scan_00198/00023_00198_outdoor_310_020.png,742,742,994,140746,13991,196710.0,74007.72900682384,76707.46243279745,-2699.733425973609,43822.80504568738,49103.97230403263,-5281.1672583452455,0.02101577076182596,50.37582200020552
158,outdoor,scene_00023,outdoor/scene_00023/scan_00198,val/outdoor/scene_00023/scan_00198/00023_00198_outdoor_310_020.png,798,798,1064,140746,13991,196710.0,74007.72900682384,68912.55848583268,5095.17052099116,43822.80504568738,44648.65868198422,-825.8536362968371,0.02166136540372111,63.001506961882114
158,outdoor,scene_00023,outdoor/scene_00023/scan_00198,val/outdoor/scene_00023/scan_00198/00023_00198_outdoor_310_020.png,854,854,1134,140746,13991,196710.0,74007.72900682384,68463.95891061793,5543.7700962059025,43822.80504568738,44219.28122353434,-396.47617784695467,0.021154009052461117,83.34229607135057
158,outdoor,scene_00023,outdoor/scene_00023/scan_00198,val/outdoor/scene_00023/scan_00198/00023_00198_outdoor_310_020.png,910,910,1218,140746,13991,196710.0,74007.72900682384,70066.24832011551,3941.4806867083244,43822.80504568738,45935.794465589956,-2112.989419902573,0.0206460496865501,94.86298263072968
158,outdoor,scene_00023,outdoor/scene_00023/scan_00198,val/outdoor/scene_00023/scan_00198/00023_00198_outdoor_310_020.png,966,966,1288,140746,13991,196710.0,74007.72900682384,70903.13895593278,3104.5900508910563,43822.80504568738,45662.52279168046,-1839.7177459930754,0.020384463852629528,120.80881092697382
158,outdoor,scene_00023,outdoor/scene_00023/scan_00198,val/outdoor/scene_00023/scan_00198/00023_00198_outdoor_310_020.png,1022,1022,1358,140746,13991,196710.0,74007.72900682384,72273.431820943,1734.2971858808305,43822.80504568738,47182.19343078356,-3359.3883850961793,0.020075711137604667,147.38978166133165
159,outdoor,scene_00023,outdoor/scene_00023/scan_00198,val/outdoor/scene_00023/scan_00198/00023_00198_outdoor_320_010.png,518,518,686,386186,38540,540346.0,143020.41784883564,143020.41784883564,0.0,92351.58109472375,92351.58109472375,0.0,0.023411636797332117,22.796468809247017
159,outdoor,scene_00023,outdoor/scene_00023/scan_00198,val/outdoor/scene_00023/scan_00198/00023_00198_outdoor_320_010.png,574,574,770,386186,38540,540346.0,143020.41784883564,135697.16327105288,7323.254577782762,92351.58109472375,91736.2784527314,615.3026419923408,0.022886698690312065,24.854116141796112
159,outdoor,scene_00023,outdoor/scene_00023/scan_00198,val/outdoor/scene_00023/scan_00198/00023_00198_outdoor_320_010.png,630,630,840,386186,38540,540346.0,143020.41784883564,135698.41453097056,7322.003317865077,92351.58109472375,92148.33886647846,203.24222824528988,0.02276216848868597,38.46848104149103
159,outdoor,scene_00023,outdoor/scene_00023/scan_00198,val/outdoor/scene_00023/scan_00198/00023_00198_outdoor_320_010.png,686,686,910,386186,38540,540346.0,143020.41784883564,143493.7478309957,-473.3299821600667,92351.58109472375,97476.64993361877,-5125.068838895022,0.022772672170505853,44.858530163764954
159,outdoor,scene_00023,outdoor/scene_00023/scan_00198,val/outdoor/scene_00023/scan_00198/00023_00198_outdoor_320_010.png,742,742,994,386186,38540,540346.0,143020.41784883564,146068.428997937,-3048.0111491013668,92351.58109472375,97247.69978326416,-4896.118688540417,0.02257489335332511,50.074635073542595
159,outdoor,scene_00023,outdoor/scene_00023/scan_00198,val/outdoor/scene_00023/scan_00198/00023_00198_outdoor_320_010.png,798,798,1064,386186,38540,540346.0,143020.41784883564,144172.48330713503,-1152.0654582993884,92351.58109472375,97162.64616364338,-4811.065068919634,0.022445838773769076,141.4470486342907
159,outdoor,scene_00023,outdoor/scene_00023/scan_00198,val/outdoor/scene_00023/scan_00198/00023_00198_outdoor_320_010.png,854,854,1134,386186,38540,540346.0,143020.41784883564,151380.33093056752,-8359.91308173188,92351.58109472375,102069.78095849723,-9718.19986377348,0.022331010029299072,194.98265627771616
159,outdoor,scene_00023,outdoor/scene_00023/scan_00198,val/outdoor/scene_00023/scan_00198/00023_00198_outdoor_320_010.png,910,910,1218,386186,38540,540346.0,143020.41784883564,150907.58162140194,-7887.163772566302,92351.58109472375,99307.42971220218,-6955.848617478434,0.022046090544695685,222.40904532372952
159,outdoor,scene_00023,outdoor/scene_00023/scan_00198,val/outdoor/scene_00023/scan_00198/00023_00198_outdoor_320_010.png,966,966,1288,386186,38540,540346.0,143020.41784883564,142265.93370222423,754.4841466114158,92351.58109472375,92712.17140583167,-360.5903111079242,0.022127007368981513,232.44933411478996
159,outdoor,scene_00023,outdoor/scene_00023/scan_00198,val/outdoor/scene_00023/scan_00198/00023_00198_outdoor_320_010.png,1022,1022,1358,386186,38540,540346.0,143020.41784883564,136773.26668025204,6247.151168583601,92351.58109472375,88754.93910516321,3596.641989560536,0.021926547181011686,173.37750643491745
160,outdoor,scene_00023,outdoor/scene_00023/scan_00199,val/outdoor/scene_00023/scan_00199/00023_00199_outdoor_010_000.png,518,518,686,703835,70318,985107.0,523178.8247832721,523178.8247832721,0.0,304089.78906560165,304089.78906560165,0.0,0.03109798752980086,26.924630627036095
160,outdoor,scene_00023,outdoor/scene_00023/scan_00199,val/outdoor/scene_00023/scan_00199/00023_00199_outdoor_010_000.png,574,574,770,703835,70318,985107.0,523178.8247832721,489118.60509031924,34060.21969295287,304089.78906560165,281908.86311649554,22180.92594910611,0.02943441867507847,28.769136406481266
160,outdoor,scene_00023,outdoor/scene_00023/scan_00199,val/outdoor/scene_00023/scan_00199/00023_00199_outdoor_010_000.png,630,630,840,703835,70318,985107.0,523178.8247832721,439494.9257901811,83683.89899309102,304089.78906560165,254018.5401070763,50071.248958525364,0.028873299522061427,46.31873220205307
160,outdoor,scene_00023,outdoor/scene_00023/scan_00199,val/outdoor/scene_00023/scan_00199/00023_00199_outdoor_010_000.png,686,686,910,703835,70318,985107.0,523178.8247832721,451299.95423960336,71878.87054366875,304089.78906560165,258937.5245085272,45152.264557074464,0.0284622349249556,53.34365088492632
160,outdoor,scene_00023,outdoor/scene_00023/scan_00199,val/outdoor/scene_00023/scan_00199/00023_00199_outdoor_010_000.png,742,742,994,703835,70318,985107.0,523178.8247832721,435024.3439064177,88154.48087685439,304089.78906560165,248637.23524101847,55452.553824583185,0.027812861140610608,59.639399871230125
160,outdoor,scene_00023,outdoor/scene_00023/scan_00199,val/outdoor/scene_00023/scan_00199/00023_00199_outdoor_010_000.png,798,798,1064,703835,70318,985107.0,523178.8247832721,441357.1635427564,81821.6612405157,304089.78906560165,252516.60454841977,51573.184517181886,0.027945541632479122,74.96894523501396
160,outdoor,scene_00023,outdoor/scene_00023/scan_00199,val/outdoor/scene_00023/scan_00199/00023_00199_outdoor_010_000.png,854,854,1134,703835,70318,985107.0,523178.8247832721,401247.58471909305,121931.24006417906,304089.78906560165,230512.1048280496,73577.68423755205,0.027794298639592464,99.6389389038086
160,outdoor,scene_00023,outdoor/scene_00023/scan_00199,val/outdoor/scene_00023/scan_00199/00023_00199_outdoor_010_000.png,910,910,1218,703835,70318,985107.0,523178.8247832721,441596.9542061594,81581.87057711271,304089.78906560165,253669.5110935193,50420.277972082346,0.027406069702271177,111.7394333705306
160,outdoor,scene_00023,outdoor/scene_00023/scan_00199,val/outdoor/scene_00023/scan_00199/00023_00199_outdoor_010_000.png,966,966,1288,703835,70318,985107.0,523178.8247832721,389778.48151688755,133400.34326638456,304089.78906560165,223698.64644968882,80391.14261591283,0.02735227837414921,138.41043133288622
160,outdoor,scene_00023,outdoor/scene_00023/scan_00199,val/outdoor/scene_00023/scan_00199/00023_00199_outdoor_010_000.png,1022,1022,1358,703835,70318,985107.0,523178.8247832721,398515.7298921005,124663.09489117161,304089.78906560165,227217.7689556071,76872.02010999454,0.026567248483675587,184.05085615813732
161,outdoor,scene_00023,outdoor/scene_00023/scan_00199,val/outdoor/scene_00023/scan_00199/00023_00199_outdoor_020_010.png,518,518,686,572203,57077,800511.0,789131.7938167192,789131.7938167192,0.0,505062.2460143352,505062.2460143352,0.0,0.032857772106125345,33.182477578520775
161,outdoor,scene_00023,outdoor/scene_00023/scan_00199,val/outdoor/scene_00023/scan_00199/00023_00199_outdoor_020_010.png,574,574,770,572203,57077,800511.0,789131.7938167192,791359.6398087991,-2227.845992079936,505062.2460143352,499496.51617027837,5565.729844056827,0.03296609924293448,29.5503381639719
161,outdoor,scene_00023,outdoor/scene_00023/scan_00199,val/outdoor/scene_00023/scan_00199/00023_00199_outdoor_020_010.png,630,630,840,572203,57077,800511.0,789131.7938167192,782953.8712255809,6177.922591138282,505062.2460143352,496047.3534082751,9014.892606060079,0.03302921690264118,45.78692466020584
161,outdoor,scene_00023,outdoor/scene_00023/scan_00199,val/outdoor/scene_00023/scan_00199/00023_00199_outdoor_020_010.png,686,686,910,572203,57077,800511.0,789131.7938167192,900407.0366020387,-111275.24278531945,505062.2460143352,561811.691287488,-56749.445273152785,0.03201813091083543,53.583634085953236
161,outdoor,scene_00023,outdoor/scene_00023/scan_00199,val/outdoor/scene_00023/scan_00199/00023_00199_outdoor_020_010.png,742,742,994,572203,57077,800511.0,789131.7938167192,909369.9030317684,-120238.10921504919,505062.2460143352,566724.8223684949,-61662.57635415974,0.03158984860206729,64.38914313912392
161,outdoor,scene_00023,outdoor/scene_00023/scan_00199,val/outdoor/scene_00023/scan_00199/00023_00199_outdoor_020_010.png,798,798,1064,572203,57077,800511.0,789131.7938167192,925227.0955796257,-136095.30176290649,505062.2460143352,573601.955032687,-68539.70901835186,0.03185452812674754,78.37897818535566
161,outdoor,scene_00023,outdoor/scene_00023/scan_00199,val/outdoor/scene_00023/scan_00199/00023_00199_outdoor_020_010.png,854,854,1134,572203,57077,800511.0,789131.7938167192,936959.3338987957,-147827.54008207645,505062.2460143352,577631.3420107153,-72569.09599638009,0.03091377835514423,99.44132529199123
161,outdoor,scene_00023,outdoor/scene_00023/scan_00199,val/outdoor/scene_00023/scan_00199/00023_00199_outdoor_020_010.png,910,910,1218,572203,57077,800511.0,789131.7938167192,938332.7733020124,-149200.97948529315,505062.2460143352,573997.6809192249,-68935.43490488967,0.030175416540066655,117.83086508512497
161,outdoor,scene_00023,outdoor/scene_00023/scan_00199,val/outdoor/scene_00023/scan_00199/00023_00199_outdoor_020_010.png,966,966,1288,572203,57077,800511.0,789131.7938167192,1027209.2428746325,-238077.44905791327,505062.2460143352,623103.699248222,-118041.45323388686,0.02991670353945021,134.66893509030342
161,outdoor,scene_00023,outdoor/scene_00023/scan_00199,val/outdoor/scene_00023/scan_00199/00023_00199_outdoor_020_010.png,1022,1022,1358,572203,57077,800511.0,789131.7938167192,1011513.530961998,-222381.73714527884,505062.2460143352,614721.189072673,-109658.94305833778,0.02961478289757168,174.46593660861254
162,outdoor,scene_00023,outdoor/scene_00023/scan_00199,val/outdoor/scene_00023/scan_00199/00023_00199_outdoor_120_010.png,518,518,686,559512,55922,783200.0,1004083.2157135821,1004083.2157135821,0.0,907188.7286425977,907188.7286425977,0.0,0.038302642803642636,26.532997377216816
162,outdoor,scene_00023,outdoor/scene_00023/scan_00199,val/outdoor/scene_00023/scan_00199/00023_00199_outdoor_120_010.png,574,574,770,559512,55922,783200.0,1004083.2157135821,954899.810935136,49183.40477844607,907188.7286425977,866023.9799989776,41164.748643620056,0.03782403356924802,26.748886331915855
162,outdoor,scene_00023,outdoor/scene_00023/scan_00199,val/outdoor/scene_00023/scan_00199/00023_00199_outdoor_120_010.png,630,630,840,559512,55922,783200.0,1004083.2157135821,906588.053428171,97495.16228541115,907188.7286425977,802095.224424736,105093.50421786169,0.037305649563281425,98.75150583684444
162,outdoor,scene_00023,outdoor/scene_00023/scan_00199,val/outdoor/scene_00023/scan_00199/00023_00199_outdoor_120_010.png,686,686,910,559512,55922,783200.0,1004083.2157135821,885897.7729422079,118185.44277137425,907188.7286425977,797069.5542280063,110119.1744145914,0.03676615436690829,60.243697836995125
162,outdoor,scene_00023,outdoor/scene_00023/scan_00199,val/outdoor/scene_00023/scan_00199/00023_00199_outdoor_120_010.png,742,742,994,559512,55922,783200.0,1004083.2157135821,940218.1195975107,63865.09611607145,907188.7286425977,861365.2552777922,45823.47336480545,0.03580025455071314,61.96844670921564
162,outdoor,scene_00023,outdoor/scene_00023/scan_00199,val/outdoor/scene_00023/scan_00199/00023_00199_outdoor_120_010.png,798,798,1064,559512,55922,783200.0,1004083.2157135821,974571.5318475204,29511.683866061736,907188.7286425977,887293.4264044148,19895.302238182863,0.03557951987500496,81.07471652328968
162,outdoor,scene_00023,outdoor/scene_00023/scan_00199,val/outdoor/scene_00023/scan_00199/00023_00199_outdoor_120_010.png,854,854,1134,559512,55922,783200.0,1004083.2157135821,944541.1399751055,59542.07573847659,907188.7286425977,865644.9263720281,41543.802270569606,0.03534363004941463,99.14073441177607
162,outdoor,scene_00023,outdoor/scene_00023/scan_00199,val/outdoor/scene_00023/scan_00199/00023_00199_outdoor_120_010.png,910,910,1218,559512,55922,783200.0,1004083.2157135821,968503.0433164797,35580.17239710246,907188.7286425977,885186.515600866,22002.213041731622,0.0351057114416189,127.21642013639212
162,outdoor,scene_00023,outdoor/scene_00023/scan_00199,val/outdoor/scene_00023/scan_00199/00023_00199_outdoor_120_010.png,966,966,1288,559512,55922,783200.0,1004083.2157135821,953584.9595467962,50498.256166785955,907188.7286425977,870366.0060392559,36822.7226033418,0.034802280734680474,163.19020930677652
162,outdoor,scene_00023,outdoor/scene_00023/scan_00199,val/outdoor/scene_00023/scan_00199/00023_00199_outdoor_120_010.png,1022,1022,1358,559512,55922,783200.0,1004083.2157135821,962911.4489300845,41171.766783497646,907188.7286425977,881063.5456978985,26125.18294469919,0.03491760540779871,180.85009884089231
163,outdoor,scene_00023,outdoor/scene_00023/scan_00199,val/outdoor/scene_00023/scan_00199/00023_00199_outdoor_140_010.png,518,518,686,540101,53942,755869.0,474843.553859258,474843.553859258,0.0,406251.87053997786,406251.87053997786,0.0,0.04563095418671919,27.154089882969856
163,outdoor,scene_00023,outdoor/scene_00023/scan_00199,val/outdoor/scene_00023/scan_00199/00023_00199_outdoor_140_010.png,574,574,770,540101,53942,755869.0,474843.553859258,467788.0883986491,7055.465460608888,406251.87053997786,398918.16495767614,7333.7055823017145,0.04471043801147075,29.225612059235573
163,outdoor,scene_00023,outdoor/scene_00023/scan_00199,val/outdoor/scene_00023/scan_00199/00023_00199_outdoor_140_010.png,630,630,840,540101,53942,755869.0,474843.553859258,482972.75715541403,-8129.203296156018,406251.87053997786,409507.59752957255,-3255.7269895946956,0.04367512038210923,45.65225820988417
163,outdoor,scene_00023,outdoor/scene_00023/scan_00199,val/outdoor/scene_00023/scan_00199/00023_00199_outdoor_140_010.png,686,686,910,540101,53942,755869.0,474843.553859258,526139.3475145038,-51295.79365524574,406251.87053997786,452993.4271335872,-46741.55659360933,0.04344578876316748,54.50897943228483
163,outdoor,scene_00023,outdoor/scene_00023/scan_00199,val/outdoor/scene_00023/scan_00199/00023_00199_outdoor_140_010.png,742,742,994,540101,53942,755869.0,474843.553859258,522018.7686575069,-47175.2147982489,406251.87053997786,449384.083370967,-43132.212830989156,0.04320203439365781,59.7410025075078
163,outdoor,scene_00023,outdoor/scene_00023/scan_00199,val/outdoor/scene_00023/scan_00199/00023_00199_outdoor_140_010.png,798,798,1064,540101,53942,755869.0,474843.553859258,517978.87102180894,-43135.31716255093,406251.87053997786,439388.8371541666,-33136.96661418874,0.042908991028060346,101.31685994565487
163,outdoor,scene_00023,outdoor/scene_00023/scan_00199,val/outdoor/scene_00023/scan_00199/00023_00199_outdoor_140_010.png,854,854,1134,540101,53942,755869.0,474843.553859258,512154.8556337334,-37311.301774475374,406251.87053997786,432650.31131351745,-26398.440773539594,0.043048752333608664,101.64519399404526
163,outdoor,scene_00023,outdoor/scene_00023/scan_00199,val/outdoor/scene_00023/scan_00199/00023_00199_outdoor_140_010.png,910,910,1218,540101,53942,755869.0,474843.553859258,543005.7853200942,-68162.23146083619,406251.87053997786,464473.68771363905,-58221.8171736612,0.042783032308895914,118.96371748298407
163,outdoor,scene_00023,outdoor/scene_00023/scan_00199,val/outdoor/scene_00023/scan_00199/00023_00199_outdoor_140_010.png,966,966,1288,540101,53942,755869.0,474843.553859258,540713.3033224485,-65869.7494631905,406251.87053997786,462858.08019230433,-56606.20965232648,0.042535636270707874,135.48722583800554
163,outdoor,scene_00023,outdoor/scene_00023/scan_00199,val/outdoor/scene_00023/scan_00199/00023_00199_outdoor_140_010.png,1022,1022,1358,540101,53942,755869.0,474843.553859258,555475.0039664734,-80631.45010721538,406251.87053997786,473908.4973711922,-67656.62683121435,0.04220586620857268,187.42817360907793
164,outdoor,scene_00023,outdoor/scene_00023/scan_00199,val/outdoor/scene_00023/scan_00199/00023_00199_outdoor_220_020.png,518,518,686,451728,45124,632224.0,245281.6791170902,245281.6791170902,0.0,145648.01078027952,145648.01078027952,0.0,0.014279154998794934,47.90915548801422
164,outdoor,scene_00023,outdoor/scene_00023/scan_00199,val/outdoor/scene_00023/scan_00199/00023_00199_outdoor_220_020.png,574,574,770,451728,45124,632224.0,245281.6791170902,268513.9369098314,-23232.257792741206,145648.01078027952,158243.78083265334,-12595.770052373817,0.013847598089246954,28.761363588273525
164,outdoor,scene_00023,outdoor/scene_00023/scan_00199,val/outdoor/scene_00023/scan_00199/00023_00199_outdoor_220_020.png,630,630,840,451728,45124,632224.0,245281.6791170902,302202.40872010955,-56920.72960301934,145648.01078027952,176133.6409281466,-30485.63014786708,0.01337697311232153,45.58559227734804
164,outdoor,scene_00023,outdoor/scene_00023/scan_00199,val/outdoor/scene_00023/scan_00199/00023_00199_outdoor_220_020.png,686,686,910,451728,45124,632224.0,245281.6791170902,289761.254368735,-44479.5752516448,145648.01078027952,170977.07989681393,-25329.069116534403,0.013411340932097787,53.3624729141593
164,outdoor,scene_00023,outdoor/scene_00023/scan_00199,val/outdoor/scene_00023/scan_00199/00023_00199_outdoor_220_020.png,742,742,994,451728,45124,632224.0,245281.6791170902,310000.3501428118,-64718.67102572156,145648.01078027952,182978.2893033776,-37330.278523098066,0.012824058664436396,59.28414408117533
164,outdoor,scene_00023,outdoor/scene_00023/scan_00199,val/outdoor/scene_00023/scan_00199/00023_00199_outdoor_220_020.png,798,798,1064,451728,45124,632224.0,245281.6791170902,324094.2653685037,-78812.58625141348,145648.01078027952,189787.67097348854,-44139.66019320901,0.01266486720478687,75.25329850614071
164,outdoor,scene_00023,outdoor/scene_00023/scan_00199,val/outdoor/scene_00023/scan_00199/00023_00199_outdoor_220_020.png,854,854,1134,451728,45124,632224.0,245281.6791170902,314809.48081213783,-69527.80169504762,145648.01078027952,185095.44821811715,-39447.43743783762,0.012668377864172898,98.73201977461576
164,outdoor,scene_00023,outdoor/scene_00023/scan_00199,val/outdoor/scene_00023/scan_00199/00023_00199_outdoor_220_020.png,910,910,1218,451728,45124,632224.0,245281.6791170902,301236.46626405127,-55954.787146961055,145648.01078027952,179181.03420988683,-33533.0234296073,0.01261447860325494,112.12258879095316
164,outdoor,scene_00023,outdoor/scene_00023/scan_00199,val/outdoor/scene_00023/scan_00199/00023_00199_outdoor_220_020.png,966,966,1288,451728,45124,632224.0,245281.6791170902,307598.60300978523,-62316.92389269502,145648.01078027952,180761.53560553343,-35113.5248252539,0.012405736388074264,135.63941419124603
164,outdoor,scene_00023,outdoor/scene_00023/scan_00199,val/outdoor/scene_00023/scan_00199/00023_00199_outdoor_220_020.png,1022,1022,1358,451728,45124,632224.0,245281.6791170902,314150.2230506062,-68868.54393351599,145648.01078027952,186451.65231857714,-40803.64153829761,0.012322771121832294,192.93284229934216
165,outdoor,scene_00023,outdoor/scene_00023/scan_00199,val/outdoor/scene_00023/scan_00199/00023_00199_outdoor_250_010.png,518,518,686,750720,75059,1050956.0,391269.6064993638,391269.6064993638,0.0,284064.11969406344,284064.11969406344,0.0,0.04558062655818844,26.98559034615755
165,outdoor,scene_00023,outdoor/scene_00023/scan_00199,val/outdoor/scene_00023/scan_00199/00023_00199_outdoor_250_010.png,574,574,770,750720,75059,1050956.0,391269.6064993638,344820.9276318877,46448.67886747606,284064.11969406344,257626.97408153114,26437.145612532302,0.039517754479914374,29.101666994392872
165,outdoor,scene_00023,outdoor/scene_00023/scan_00199,val/outdoor/scene_00023/scan_00199/00023_00199_outdoor_250_010.png,630,630,840,750720,75059,1050956.0,391269.6064993638,360298.3066528664,30971.299846497364,284064.11969406344,264677.45852467575,19386.66116938769,0.040696579464142554,54.53791934996843
165,outdoor,scene_00023,outdoor/scene_00023/scan_00199,val/outdoor/scene_00023/scan_00199/00023_00199_outdoor_250_010.png,686,686,910,750720,75059,1050956.0,391269.6064993638,354206.58152776805,37063.02497159573,284064.11969406344,268532.06237077457,15532.057323288871,0.038380888580000085,52.44430247694254
165,outdoor,scene_00023,outdoor/scene_00023/scan_00199,val/outdoor/scene_00023/scan_00199/00023_00199_outdoor_250_010.png,742,742,994,750720,75059,1050956.0,391269.6064993638,349175.0523096608,42094.55418970296,284064.11969406344,263983.5010297339,20080.618664329522,0.03726556039815875,71.08185440301895
165,outdoor,scene_00023,outdoor/scene_00023/scan_00199,val/outdoor/scene_00023/scan_00199/00023_00199_outdoor_250_010.png,798,798,1064,750720,75059,1050956.0,391269.6064993638,369998.885095126,21270.72140423779,284064.11969406344,276363.0859279834,7701.033766080043,0.03796897444356944,71.60797156393528
165,outdoor,scene_00023,outdoor/scene_00023/scan_00199,val/outdoor/scene_00023/scan_00199/00023_00199_outdoor_250_010.png,854,854,1134,750720,75059,1050956.0,391269.6064993638,347449.54860250687,43820.05789685692,284064.11969406344,263305.43303616263,20758.686657900806,0.03652532681152739,83.22487119585276
165,outdoor,scene_00023,outdoor/scene_00023/scan_00199,val/outdoor/scene_00023/scan_00199/00023_00199_outdoor_250_010.png,910,910,1218,750720,75059,1050956.0,391269.6064993638,346822.5734937405,44447.03300562326,284064.11969406344,264145.5945152634,19918.525178800046,0.03562539627952509,95.06351966410875
165,outdoor,scene_00023,outdoor/scene_00023/scan_00199,val/outdoor/scene_00023/scan_00199/00023_00199_outdoor_250_010.png,966,966,1288,750720,75059,1050956.0,391269.6064993638,307544.4292172408,83725.17728212301,284064.11969406344,234809.88070068974,49254.2389933737,0.03418338315450907,114.59516081959009
165,outdoor,scene_00023,outdoor/scene_00023/scan_00199,val/outdoor/scene_00023/scan_00199/00023_00199_outdoor_250_010.png,1022,1022,1358,750720,75059,1050956.0,391269.6064993638,326723.29701186623,64546.30948749755,284064.11969406344,251401.03886930822,32663.08082475522,0.03418925925070602,147.37495873123407
166,outdoor,scene_00023,outdoor/scene_00023/scan_00199,val/outdoor/scene_00023/scan_00199/00023_00199_outdoor_320_000.png,518,518,686,779799,77980,1091719.0,389758.9609336152,389758.9609336152,0.0,310698.7435544783,310698.7435544783,0.0,0.03365276273688467,35.81693023443222
166,outdoor,scene_00023,outdoor/scene_00023/scan_00199,val/outdoor/scene_00023/scan_00199/00023_00199_outdoor_320_000.png,574,574,770,779799,77980,1091719.0,389758.9609336152,409550.4122616325,-19791.451328017283,310698.7435544783,326440.8958651342,-15742.152310655918,0.03371676992677388,26.663189753890038
166,outdoor,scene_00023,outdoor/scene_00023/scan_00199,val/outdoor/scene_00023/scan_00199/00023_00199_outdoor_320_000.png,630,630,840,779799,77980,1091719.0,389758.9609336152,395825.0763405211,-6066.115406905883,310698.7435544783,316120.1912311507,-5421.447676672426,0.0325191118831368,40.63390102237463
166,outdoor,scene_00023,outdoor/scene_00023/scan_00199,val/outdoor/scene_00023/scan_00199/00023_00199_outdoor_320_000.png,686,686,910,779799,77980,1091719.0,389758.9609336152,373307.82105932396,16451.139874291257,310698.7435544783,296879.9151889954,13818.828365482856,0.03176418407473347,44.84681971371174
166,outdoor,scene_00023,outdoor/scene_00023/scan_00199,val/outdoor/scene_00023/scan_00199/00023_00199_outdoor_320_000.png,742,742,994,779799,77980,1091719.0,389758.9609336152,378912.354907994,10846.606025621237,310698.7435544783,301433.778203289,9264.965351189254,0.03141619128044229,50.0788064673543
166,outdoor,scene_00023,outdoor/scene_00023/scan_00199,val/outdoor/scene_00023/scan_00199/00023_00199_outdoor_320_000.png,798,798,1064,779799,77980,1091719.0,389758.9609336152,395769.84647377214,-6010.885540156916,310698.7435544783,315539.5693243551,-4840.825769876828,0.03070590341613931,64.9904990568757
166,outdoor,scene_00023,outdoor/scene_00023/scan_00199,val/outdoor/scene_00023/scan_00199/00023_00199_outdoor_320_000.png,854,854,1134,779799,77980,1091719.0,389758.9609336152,390713.01782969903,-954.0568960838136,310698.7435544783,310912.78192413726,-214.03836965898518,0.030365285567925816,83.54090806096792
166,outdoor,scene_00023,outdoor/scene_00023/scan_00199,val/outdoor/scene_00023/scan_00199/00023_00199_outdoor_320_000.png,910,910,1218,779799,77980,1091719.0,389758.9609336152,382889.3037029289,6869.657230686338,310698.7435544783,304804.63250871643,5894.111045761849,0.03040640606368376,94.87383998930454
166,outdoor,scene_00023,outdoor/scene_00023/scan_00199,val/outdoor/scene_00023/scan_00199/00023_00199_outdoor_320_000.png,966,966,1288,779799,77980,1091719.0,389758.9609336152,376132.5107651669,13626.450168448326,310698.7435544783,299810.02279443113,10888.720760047145,0.029159538291152656,117.90462490171194
166,outdoor,scene_00023,outdoor/scene_00023/scan_00199,val/outdoor/scene_00023/scan_00199/00023_00199_outdoor_320_000.png,1022,1022,1358,779799,77980,1091719.0,389758.9609336152,386898.76415950863,2860.196774106589,310698.7435544783,307957.2376513713,2741.5059031069977,0.02935063827366286,147.47978933155537
167,outdoor,scene_00023,outdoor/scene_00023/scan_00199,val/outdoor/scene_00023/scan_00199/00023_00199_outdoor_330_010.png,518,518,686,772938,77289,1082094.0,273902.40236616525,273902.40236616525,0.0,181719.68323769857,181719.68323769857,0.0,0.031202336260917802,22.898531518876553
167,outdoor,scene_00023,outdoor/scene_00023/scan_00199,val/outdoor/scene_00023/scan_00199/00023_00199_outdoor_330_010.png,574,574,770,772938,77289,1082094.0,273902.40236616525,276236.05594340176,-2333.653577236517,181719.68323769857,183212.05369066034,-1492.370452961768,0.03044618535310285,24.841511622071266
167,outdoor,scene_00023,outdoor/scene_00023/scan_00199,val/outdoor/scene_00023/scan_00199/00023_00199_outdoor_330_010.png,630,630,840,772938,77289,1082094.0,273902.40236616525,299069.0549365317,-25166.652570366452,181719.68323769857,199867.85248280433,-18148.16924510576,0.031212101131270518,44.86902803182602
167,outdoor,scene_00023,outdoor/scene_00023/scan_00199,val/outdoor/scene_00023/scan_00199/00023_00199_outdoor_330_010.png,686,686,910,772938,77289,1082094.0,273902.40236616525,310672.2034598579,-36769.80109369266,181719.68323769857,207175.89512643995,-25456.21188874138,0.029831143333091427,44.83297746628523
167,outdoor,scene_00023,outdoor/scene_00023/scan_00199,val/outdoor/scene_00023/scan_00199/00023_00199_outdoor_330_010.png,742,742,994,772938,77289,1082094.0,273902.40236616525,303967.5466034126,-30065.144237247354,181719.68323769857,202186.84762723185,-20467.16438953328,0.02952965385326135,50.070554949343204
167,outdoor,scene_00023,outdoor/scene_00023/scan_00199,val/outdoor/scene_00023/scan_00199/00023_00199_outdoor_330_010.png,798,798,1064,772938,77289,1082094.0,273902.40236616525,305049.31468991056,-31146.912323745317,181719.68323769857,203546.3460823443,-21826.662844645733,0.028059511553875736,62.95404955744743
167,outdoor,scene_00023,outdoor/scene_00023/scan_00199,val/outdoor/scene_00023/scan_00199/00023_00199_outdoor_330_010.png,854,854,1134,772938,77289,1082094.0,273902.40236616525,317938.41776399245,-44036.0153978272,181719.68323769857,209419.31163082487,-27699.628393126302,0.02791567083693428,83.40148068964481
167,outdoor,scene_00023,outdoor/scene_00023/scan_00199,val/outdoor/scene_00023/scan_00199/00023_00199_outdoor_330_010.png,910,910,1218,772938,77289,1082094.0,273902.40236616525,316840.71139660844,-42938.3090304432,181719.68323769857,213176.68352270353,-31457.000285004964,0.02861451042386344,101.51422768831253
167,outdoor,scene_00023,outdoor/scene_00023/scan_00199,val/outdoor/scene_00023/scan_00199/00023_00199_outdoor_330_010.png,966,966,1288,772938,77289,1082094.0,273902.40236616525,312640.00421791425,-38737.601851749,181719.68323769857,209140.85633382652,-27421.173096127954,0.027896827306890616,115.39607681334019
167,outdoor,scene_00023,outdoor/scene_00023/scan_00199,val/outdoor/scene_00023/scan_00199/00023_00199_outdoor_330_010.png,1022,1022,1358,772938,77289,1082094.0,273902.40236616525,329490.03108009265,-55587.628713927406,181719.68323769857,218463.85688862743,-36744.17365092886,0.026619634183350258,160.04776023328304
168,outdoor,scene_00023,outdoor/scene_00023/scan_00199,val/outdoor/scene_00023/scan_00199/00023_00199_outdoor_340_000.png,518,518,686,761460,76134,1065996.0,434207.82373064617,434207.82373064617,0.0,277318.3083022771,277318.3083022771,0.0,0.03169645124472398,27.18605101108551
168,outdoor,scene_00023,outdoor/scene_00023/scan_00199,val/outdoor/scene_00023/scan_00199/00023_00199_outdoor_340_000.png,574,574,770,761460,76134,1065996.0,434207.82373064617,423001.52986392856,11206.293866717606,277318.3083022771,270308.90555489424,7009.4027473828755,0.030649186947033155,34.41094048321247
168,outdoor,scene_00023,outdoor/scene_00023/scan_00199,val/outdoor/scene_00023/scan_00199/00023_00199_outdoor_340_000.png,630,630,840,761460,76134,1065996.0,434207.82373064617,457764.4828394047,-23556.659108758555,277318.3083022771,292139.80131361634,-14821.493011339218,0.029920671700584833,38.44771720468998
168,outdoor,scene_00023,outdoor/scene_00023/scan_00199,val/outdoor/scene_00023/scan_00199/00023_00199_outdoor_340_000.png,686,686,910,761460,76134,1065996.0,434207.82373064617,423568.1671465974,10639.65658404876,277318.3083022771,271015.85281913454,6302.455483142578,0.029386364556989942,44.77390553802252
168,outdoor,scene_00023,outdoor/scene_00023/scan_00199,val/outdoor/scene_00023/scan_00199/00023_00199_outdoor_340_000.png,742,742,994,761460,76134,1065996.0,434207.82373064617,450709.5710218584,-16501.74729121226,277318.3083022771,281876.3614349059,-4558.053132628789,0.028000949170802324,50.10093376040459
168,outdoor,scene_00023,outdoor/scene_00023/scan_00199,val/outdoor/scene_00023/scan_00199/00023_00199_outdoor_340_000.png,798,798,1064,761460,76134,1065996.0,434207.82373064617,435018.69005497824,-810.866324332077,277318.3083022771,277599.470096215,-281.1617939379066,0.027873956951005124,71.7917112633586
168,outdoor,scene_00023,outdoor/scene_00023/scan_00199,val/outdoor/scene_00023/scan_00199/00023_00199_outdoor_340_000.png,854,854,1134,761460,76134,1065996.0,434207.82373064617,446630.25922678853,-12422.435496142367,277318.3083022771,280230.2542365081,-2911.9459342309856,0.02701894168005736,86.30899153649807
168,outdoor,scene_00023,outdoor/scene_00023/scan_00199,val/outdoor/scene_00023/scan_00199/00023_00199_outdoor_340_000.png,910,910,1218,761460,76134,1065996.0,434207.82373064617,439875.21117766306,-5667.387447016896,277318.3083022771,277469.54650024755,-151.2381979704369,0.02678039225415282,95.00321559607983
168,outdoor,scene_00023,outdoor/scene_00023/scan_00199,val/outdoor/scene_00023/scan_00199/00023_00199_outdoor_340_000.png,966,966,1288,761460,76134,1065996.0,434207.82373064617,454630.59901921125,-20422.775288565084,277318.3083022771,286726.0917600662,-9407.783457789104,0.026542290094147707,120.64097914844751
168,outdoor,scene_00023,outdoor/scene_00023/scan_00199,val/outdoor/scene_00023/scan_00199/00023_00199_outdoor_340_000.png,1022,1022,1358,761460,76134,1065996.0,434207.82373064617,424299.9346932,9907.889037446177,277318.3083022771,267614.5241981102,9703.784104166902,0.025977675219961218,147.30946999043226
169,outdoor,scene_00023,outdoor/scene_00023/scan_00199,val/outdoor/scene_00023/scan_00199/00023_00199_outdoor_350_040.png,518,518,686,365026,36410,510666.0,745219.5113543973,745219.5113543973,0.0,621548.1990676136,621548.1990676136,0.0,0.03521942557039535,22.8497376665473
169,outdoor,scene_00023,outdoor/scene_00023/scan_00199,val/outdoor/scene_00023/scan_00199/00023_00199_outdoor_350_040.png,574,574,770,365026,36410,510666.0,745219.5113543973,830420.7939027441,-85201.28254834679,621548.1990676136,696468.9653784261,-74920.76631081256,0.032236358393715525,34.42950081080198
169,outdoor,scene_00023,outdoor/scene_00023/scan_00199,val/outdoor/scene_00023/scan_00199/00023_00199_outdoor_350_040.png,630,630,840,365026,36410,510666.0,745219.5113543973,883216.7042977109,-137997.19294331362,621548.1990676136,742102.8574735284,-120554.65840591479,0.03071233341917863,38.43675088137388
169,outdoor,scene_00023,outdoor/scene_00023/scan_00199,val/outdoor/scene_00023/scan_00199/00023_00199_outdoor_350_040.png,686,686,910,365026,36410,510666.0,745219.5113543973,992701.7316079151,-247482.22025351785,621548.1990676136,829650.1490864181,-208101.95001880452,0.027504387105559726,49.24432002007961
169,outdoor,scene_00023,outdoor/scene_00023/scan_00199,val/outdoor/scene_00023/scan_00199/00023_00199_outdoor_350_040.png,742,742,994,365026,36410,510666.0,745219.5113543973,1045612.1284339402,-300392.61707954295,621548.1990676136,874933.4665995919,-253385.26753197832,0.025996975497256707,116.68319813907146
169,outdoor,scene_00023,outdoor/scene_00023/scan_00199,val/outdoor/scene_00023/scan_00199/00023_00199_outdoor_350_040.png,798,798,1064,365026,36410,510666.0,745219.5113543973,1102259.4921498639,-357039.9807954666,621548.1990676136,916868.1991902525,-295320.0001226389,0.027421821325789776,146.72029484063387
169,outdoor,scene_00023,outdoor/scene_00023/scan_00199,val/outdoor/scene_00023/scan_00199/00023_00199_outdoor_350_040.png,854,854,1134,365026,36410,510666.0,745219.5113543973,1028642.8733766321,-283423.3620222348,621548.1990676136,858068.3261013962,-236520.12703378266,0.026953399955812352,195.44109515845776
169,outdoor,scene_00023,outdoor/scene_00023/scan_00199,val/outdoor/scene_00023/scan_00199/00023_00199_outdoor_350_040.png,910,910,1218,365026,36410,510666.0,745219.5113543973,1078963.156466891,-333743.6451124938,621548.1990676136,899390.2991309543,-277842.10006334074,0.02594846637943282,134.9452929571271
169,outdoor,scene_00023,outdoor/scene_00023/scan_00199,val/outdoor/scene_00023/scan_00199/00023_00199_outdoor_350_040.png,966,966,1288,365026,36410,510666.0,745219.5113543973,1084321.8877822703,-339102.37642787304,621548.1990676136,903766.542815527,-282218.3437479134,0.026166579837791214,127.65520624816418
169,outdoor,scene_00023,outdoor/scene_00023/scan_00199,val/outdoor/scene_00023/scan_00199/00023_00199_outdoor_350_040.png,1022,1022,1358,365026,36410,510666.0,745219.5113543973,1111235.1276383079,-366015.6162839106,621548.1990676136,922162.1569616916,-300613.957894078,0.026472730418190496,173.0983778834343
170,outdoor,scene_00023,outdoor/scene_00023/scan_00200,val/outdoor/scene_00023/scan_00200/00023_00200_outdoor_000_010.png,518,518,686,781249,78123,1093741.0,457211.743890022,457211.743890022,0.0,199393.63242087048,199393.63242087048,0.0,0.0371482969070924,26.890325360000134
170,outdoor,scene_00023,outdoor/scene_00023/scan_00200,val/outdoor/scene_00023/scan_00200/00023_00200_outdoor_000_010.png,574,574,770,781249,78123,1093741.0,457211.743890022,469859.0729226902,-12647.329032668204,199393.63242087048,206559.3314399243,-7165.6990190538345,0.037093883277162565,27.677354402840137
170,outdoor,scene_00023,outdoor/scene_00023/scan_00200,val/outdoor/scene_00023/scan_00200/00023_00200_outdoor_000_010.png,630,630,840,781249,78123,1093741.0,457211.743890022,476893.8688862419,-19682.124996219936,199393.63242087048,207181.9976173111,-7788.365196440631,0.03591732721330298,54.71289902925491
170,outdoor,scene_00023,outdoor/scene_00023/scan_00200,val/outdoor/scene_00023/scan_00200/00023_00200_outdoor_000_010.png,686,686,910,781249,78123,1093741.0,457211.743890022,488282.6678936562,-31070.924003634194,199393.63242087048,214776.74743588717,-15383.115015016694,0.03524563158542174,58.61446913331747
170,outdoor,scene_00023,outdoor/scene_00023/scan_00200,val/outdoor/scene_00023/scan_00200/00023_00200_outdoor_000_010.png,742,742,994,781249,78123,1093741.0,457211.743890022,487125.87814334704,-29914.134253325057,199393.63242087048,211132.24617345646,-11738.613752585981,0.03472255977894063,60.79296860843897
170,outdoor,scene_00023,outdoor/scene_00023/scan_00200,val/outdoor/scene_00023/scan_00200/00023_00200_outdoor_000_010.png,798,798,1064,781249,78123,1093741.0,457211.743890022,486712.0556868887,-29500.311796866707,199393.63242087048,212044.87685908255,-12651.244438212074,0.03372237693727885,73.75877536833286
170,outdoor,scene_00023,outdoor/scene_00023/scan_00200,val/outdoor/scene_00023/scan_00200/00023_00200_outdoor_000_010.png,854,854,1134,781249,78123,1093741.0,457211.743890022,512687.957818461,-55476.213928439014,199393.63242087048,225058.72343265315,-25665.09101178267,0.033009106135859646,91.8239876627922
170,outdoor,scene_00023,outdoor/scene_00023/scan_00200,val/outdoor/scene_00023/scan_00200/00023_00200_outdoor_000_010.png,910,910,1218,781249,78123,1093741.0,457211.743890022,524226.64962141676,-67014.90573139477,199393.63242087048,232139.84090448765,-32746.20848361717,0.0334132816554858,107.48915933072567
170,outdoor,scene_00023,outdoor/scene_00023/scan_00200,val/outdoor/scene_00023/scan_00200/00023_00200_outdoor_000_010.png,966,966,1288,781249,78123,1093741.0,457211.743890022,507224.26899562916,-50012.52510560717,199393.63242087048,224787.78099270712,-25394.148571836646,0.03276276399032235,131.10429514199495
170,outdoor,scene_00023,outdoor/scene_00023/scan_00200,val/outdoor/scene_00023/scan_00200/00023_00200_outdoor_000_010.png,1022,1022,1358,781249,78123,1093741.0,457211.743890022,527491.4052384454,-70279.6613484234,199393.63242087048,235818.59141410748,-36424.958993237,0.032722061918212635,219.61335372179747
171,outdoor,scene_00023,outdoor/scene_00023/scan_00200,val/outdoor/scene_00023/scan_00200/00023_00200_outdoor_050_020.png,518,518,686,485339,48491,679303.0,764888.1009423807,764888.1009423807,0.0,235566.08016038247,235566.08016038247,0.0,0.04705552850650702,28.142763301730156
171,outdoor,scene_00023,outdoor/scene_00023/scan_00200,val/outdoor/scene_00023/scan_00200/00023_00200_outdoor_050_020.png,574,574,770,485339,48491,679303.0,764888.1009423807,813234.6381561987,-48346.53721381794,235566.08016038247,246023.25890429437,-10457.178743911907,0.04281299184106595,37.505255080759525
171,outdoor,scene_00023,outdoor/scene_00023/scan_00200,val/outdoor/scene_00023/scan_00200/00023_00200_outdoor_050_020.png,630,630,840,485339,48491,679303.0,764888.1009423807,907404.5407200481,-142516.4397776674,235566.08016038247,277985.1114482333,-42419.03128785084,0.042347573897680964,44.953878968954086
171,outdoor,scene_00023,outdoor/scene_00023/scan_00200,val/outdoor/scene_00023/scan_00200/00023_00200_outdoor_050_020.png,686,686,910,485339,48491,679303.0,764888.1009423807,817442.8141197409,-52554.71317736013,235566.08016038247,246093.20636678243,-10527.12620639996,0.041633284164924636,77.93228980153799
171,outdoor,scene_00023,outdoor/scene_00023/scan_00200,val/outdoor/scene_00023/scan_00200/00023_00200_outdoor_050_020.png,742,742,994,485339,48491,679303.0,764888.1009423807,807720.665488932,-42832.56454655132,235566.08016038247,241916.7878419349,-6350.707681552449,0.03688435886448646,58.5820097476244
171,outdoor,scene_00023,outdoor/scene_00023/scan_00200,val/outdoor/scene_00023/scan_00200/00023_00200_outdoor_050_020.png,798,798,1064,485339,48491,679303.0,764888.1009423807,800619.0614129136,-35730.96047053288,235566.08016038247,250376.84968982916,-14810.769529446698,0.03756075315320033,76.14016719162464
171,outdoor,scene_00023,outdoor/scene_00023/scan_00200,val/outdoor/scene_00023/scan_00200/00023_00200_outdoor_050_020.png,854,854,1134,485339,48491,679303.0,764888.1009423807,756629.363890702,8258.737051678705,235566.08016038247,236322.17152455982,-756.0913641773514,0.036700874578343645,100.72607733309269
171,outdoor,scene_00023,outdoor/scene_00023/scan_00200,val/outdoor/scene_00023/scan_00200/00023_00200_outdoor_050_020.png,910,910,1218,485339,48491,679303.0,764888.1009423807,857301.6923009863,-92413.59135860554,235566.08016038247,261094.62535174546,-25528.545191362995,0.036573503704911074,116.01246055215597
171,outdoor,scene_00023,outdoor/scene_00023/scan_00200,val/outdoor/scene_00023/scan_00200/00023_00200_outdoor_050_020.png,966,966,1288,485339,48491,679303.0,764888.1009423807,862473.7177857503,-97585.61684336956,235566.08016038247,264409.10836401477,-28843.028203632304,0.03268410888710893,129.71654161810875
171,outdoor,scene_00023,outdoor/scene_00023/scan_00200,val/outdoor/scene_00023/scan_00200/00023_00200_outdoor_050_020.png,1022,1022,1358,485339,48491,679303.0,764888.1009423807,895674.0317953317,-130785.93085295102,235566.08016038247,274167.46073861077,-38601.3805782283,0.0339663892552341,189.42668940871954
172,outdoor,scene_00023,outdoor/scene_00023/scan_00200,val/outdoor/scene_00023/scan_00200/00023_00200_outdoor_090_010.png,518,518,686,470662,46872,658150.0,3150623.817664207,3150623.817664207,0.0,1039453.591597091,1039453.591597091,0.0,0.022065451313511057,26.91170573234558
172,outdoor,scene_00023,outdoor/scene_00023/scan_00200,val/outdoor/scene_00023/scan_00200/00023_00200_outdoor_090_010.png,574,574,770,470662,46872,658150.0,3150623.817664207,3334613.5734685767,-183989.7558043697,1039453.591597091,1078934.674728873,-39481.083131781896,0.02159160244949309,28.51945534348488
172,outdoor,scene_00023,outdoor/scene_00023/scan_00200,val/outdoor/scene_00023/scan_00200/00023_00200_outdoor_090_010.png,630,630,840,470662,46872,658150.0,3150623.817664207,3219690.5158582,-69066.69819399295,1039453.591597091,1049161.653119248,-9708.061522157048,0.021457566878701883,45.77332828193903
172,outdoor,scene_00023,outdoor/scene_00023/scan_00200,val/outdoor/scene_00023/scan_00200/00023_00200_outdoor_090_010.png,686,686,910,470662,46872,658150.0,3150623.817664207,3218292.2782608587,-67668.46059665177,1039453.591597091,1052552.1099924238,-13098.518395332736,0.02077392109759517,51.28654185682535
172,outdoor,scene_00023,outdoor/scene_00023/scan_00200,val/outdoor/scene_00023/scan_00200/00023_00200_outdoor_090_010.png,742,742,994,470662,46872,658150.0,3150623.817664207,3128976.426478142,21647.39118606504,1039453.591597091,1033347.7860229323,6105.805574158789,0.020894259571974053,62.5135600566864
172,outdoor,scene_00023,outdoor/scene_00023/scan_00200,val/outdoor/scene_00023/scan_00200/00023_00200_outdoor_090_010.png,798,798,1064,470662,46872,658150.0,3150623.817664207,3056026.258342206,94597.55932200095,1039453.591597091,1003534.9402310038,35918.65136608726,0.020671818928485203,86.6912379860878
172,outdoor,scene_00023,outdoor/scene_00023/scan_00200,val/outdoor/scene_00023/scan_00200/00023_00200_outdoor_090_010.png,854,854,1134,470662,46872,658150.0,3150623.817664207,3077532.49622308,73091.32144112699,1039453.591597091,1007345.9526464667,32107.638950624387,0.02017131326243877,100.06826836615801
172,outdoor,scene_00023,outdoor/scene_00023/scan_00200,val/outdoor/scene_00023/scan_00200/00023_00200_outdoor_090_010.png,910,910,1218,470662,46872,658150.0,3150623.817664207,2936524.3239647127,214099.49369949428,1039453.591597091,966278.8448274718,73174.74676961929,0.02017177469521894,111.80045641958714
172,outdoor,scene_00023,outdoor/scene_00023/scan_00200,val/outdoor/scene_00023/scan_00200/00023_00200_outdoor_090_010.png,966,966,1288,470662,46872,658150.0,3150623.817664207,3064971.836650892,85651.9810133148,1039453.591597091,1005014.511938015,34439.07965907606,0.02025783036382599,143.46962049603462
172,outdoor,scene_00023,outdoor/scene_00023/scan_00200,val/outdoor/scene_00023/scan_00200/00023_00200_outdoor_090_010.png,1022,1022,1358,470662,46872,658150.0,3150623.817664207,2894095.054005906,256528.76365830097,1039453.591597091,957858.5764523019,81595.01514478913,0.01996089652585669,178.04276570677757
173,outdoor,scene_00023,outdoor/scene_00023/scan_00200,val/outdoor/scene_00023/scan_00200/00023_00200_outdoor_100_020.png,518,518,686,271676,26928,379388.0,2796225.0217359215,2796225.0217359215,0.0,1084489.8822769695,1084489.8822769695,0.0,0.02877405530013471,27.135870419442654
173,outdoor,scene_00023,outdoor/scene_00023/scan_00200,val/outdoor/scene_00023/scan_00200/00023_00200_outdoor_100_020.png,574,574,770,271676,26928,379388.0,2796225.0217359215,2765156.129602343,31068.892133578658,1084489.8822769695,1055723.3490433516,28766.533233617898,0.027909403577841673,36.73262894153595
173,outdoor,scene_00023,outdoor/scene_00023/scan_00200,val/outdoor/scene_00023/scan_00200/00023_00200_outdoor_100_020.png,630,630,840,271676,26928,379388.0,2796225.0217359215,3031159.0686820718,-234934.04694615025,1084489.8822769695,1131035.5191062635,-46545.63682929403,0.026676476274144986,50.28020869940519
173,outdoor,scene_00023,outdoor/scene_00023/scan_00200,val/outdoor/scene_00023/scan_00200/00023_00200_outdoor_100_020.png,686,686,910,271676,26928,379388.0,2796225.0217359215,2866100.909718399,-69875.88798247743,1084489.8822769695,1103743.4879908906,-19253.605713921133,0.027266646603468607,74.01920203119516
173,outdoor,scene_00023,outdoor/scene_00023/scan_00200,val/outdoor/scene_00023/scan_00200/00023_00200_outdoor_100_020.png,742,742,994,271676,26928,379388.0,2796225.0217359215,2961339.0170638487,-165113.99532792717,1084489.8822769695,1145153.100297847,-60663.21802087757,0.026239828276062496,59.844234958291054
173,outdoor,scene_00023,outdoor/scene_00023/scan_00200,val/outdoor/scene_00023/scan_00200/00023_00200_outdoor_100_020.png,798,798,1064,271676,26928,379388.0,2796225.0217359215,3076465.4144450044,-280240.3927090829,1084489.8822769695,1152056.9766468601,-67567.09436989063,0.026113719301222988,74.87675081938505
173,outdoor,scene_00023,outdoor/scene_00023/scan_00200,val/outdoor/scene_00023/scan_00200/00023_00200_outdoor_100_020.png,854,854,1134,271676,26928,379388.0,2796225.0217359215,2993278.9263025727,-197053.9045666512,1084489.8822769695,1155566.605353014,-71076.72307604458,0.025734152482732513,109.37017668038607
173,outdoor,scene_00023,outdoor/scene_00023/scan_00200,val/outdoor/scene_00023/scan_00200/00023_00200_outdoor_100_020.png,910,910,1218,271676,26928,379388.0,2796225.0217359215,2754332.4407796473,41892.58095627418,1084489.8822769695,1075359.3089155396,9130.573361429852,0.025864873091556422,112.94336803257465
173,outdoor,scene_00023,outdoor/scene_00023/scan_00200,val/outdoor/scene_00023/scan_00200/00023_00200_outdoor_100_020.png,966,966,1288,271676,26928,379388.0,2796225.0217359215,3105153.788705717,-308928.76696979534,1084489.8822769695,1165444.8292572522,-80954.94698028266,0.0250601448415249,174.54937286674976
173,outdoor,scene_00023,outdoor/scene_00023/scan_00200,val/outdoor/scene_00023/scan_00200/00023_00200_outdoor_100_020.png,1022,1022,1358,271676,26928,379388.0,2796225.0217359215,2961020.2040700987,-164795.1823341772,1084489.8822769695,1133252.0641230766,-48762.18184610712,0.025248284984397965,177.45094373822212
174,outdoor,scene_00023,outdoor/scene_00023/scan_00200,val/outdoor/scene_00023/scan_00200/00023_00200_outdoor_120_010.png,518,518,686,510365,50818,713637.0,3660026.967620508,3660026.967620508,0.0,1273729.600626061,1273729.600626061,0.0,0.028389361066538533,33.57008658349514
174,outdoor,scene_00023,outdoor/scene_00023/scan_00200,val/outdoor/scene_00023/scan_00200/00023_00200_outdoor_120_010.png,574,574,770,510365,50818,713637.0,3660026.967620508,3811334.5164153767,-151307.54879486887,1273729.600626061,1337739.3441301817,-64009.743504120735,0.027533400465198875,27.613605372607708
174,outdoor,scene_00023,outdoor/scene_00023/scan_00200,val/outdoor/scene_00023/scan_00200/00023_00200_outdoor_120_010.png,630,630,840,510365,50818,713637.0,3660026.967620508,4380111.884003217,-720084.9163827095,1273729.600626061,1484998.671575964,-211269.070949903,0.027317521720526514,45.197708532214165
174,outdoor,scene_00023,outdoor/scene_00023/scan_00200,val/outdoor/scene_00023/scan_00200/00023_00200_outdoor_120_010.png,686,686,910,510365,50818,713637.0,3660026.967620508,3738849.880362259,-78822.91274175141,1273729.600626061,1320963.198443302,-47233.59781724098,0.027142595100418502,58.82522091269493
174,outdoor,scene_00023,outdoor/scene_00023/scan_00200,val/outdoor/scene_00023/scan_00200/00023_00200_outdoor_120_010.png,742,742,994,510365,50818,713637.0,3660026.967620508,3846050.2931270706,-186023.32550656283,1273729.600626061,1344732.5847661062,-71002.98414004524,0.026386205885179044,67.85167194902897
174,outdoor,scene_00023,outdoor/scene_00023/scan_00200,val/outdoor/scene_00023/scan_00200/00023_00200_outdoor_120_010.png,798,798,1064,510365,50818,713637.0,3660026.967620508,4167209.177830599,-507182.21021009097,1273729.600626061,1433730.6001390787,-160000.9995130177,0.026473485651976172,74.74698312580585
174,outdoor,scene_00023,outdoor/scene_00023/scan_00200,val/outdoor/scene_00023/scan_00200/00023_00200_outdoor_120_010.png,854,854,1134,510365,50818,713637.0,3660026.967620508,3652399.830034104,7627.137586403638,1273729.600626061,1299999.0027697156,-26269.402143654646,0.02576133321018667,111.28672771155834
174,outdoor,scene_00023,outdoor/scene_00023/scan_00200,val/outdoor/scene_00023/scan_00200/00023_00200_outdoor_120_010.png,910,910,1218,510365,50818,713637.0,3660026.967620508,3878867.5361982076,-218840.56857769983,1273729.600626061,1369941.0588392993,-96211.45821323828,0.02554457653084493,113.8345142826438
174,outdoor,scene_00023,outdoor/scene_00023/scan_00200,val/outdoor/scene_00023/scan_00200/00023_00200_outdoor_120_010.png,966,966,1288,510365,50818,713637.0,3660026.967620508,3905439.0712290546,-245412.10360854678,1273729.600626061,1354890.736496568,-81161.13587050699,0.02541796956400493,135.67165285348892
174,outdoor,scene_00023,outdoor/scene_00023/scan_00200,val/outdoor/scene_00023/scan_00200/00023_00200_outdoor_120_010.png,1022,1022,1358,510365,50818,713637.0,3660026.967620508,3788372.2993692853,-128345.33174877753,1273729.600626061,1337947.254320598,-64217.653694537,0.024773409339717552,184.61247440427542
175,outdoor,scene_00023,outdoor/scene_00023/scan_00200,val/outdoor/scene_00023/scan_00200/00023_00200_outdoor_130_020.png,518,518,686,305328,30276,426432.0,4101512.324961449,4101512.324961449,0.0,1713367.36300059,1713367.36300059,0.0,0.03333810032634193,52.58024204522371
175,outdoor,scene_00023,outdoor/scene_00023/scan_00200,val/outdoor/scene_00023/scan_00200/00023_00200_outdoor_130_020.png,574,574,770,305328,30276,426432.0,4101512.324961449,4236062.547765212,-134550.2228037631,1713367.36300059,1757262.7435999787,-43895.38059938885,0.033007328657959654,24.847540073096752
175,outdoor,scene_00023,outdoor/scene_00023/scan_00200,val/outdoor/scene_00023/scan_00200/00023_00200_outdoor_130_020.png,630,630,840,305328,30276,426432.0,4101512.324961449,4397180.319274015,-295667.9943125658,1713367.36300059,1778495.821931819,-65128.45893122908,0.03260027460736244,38.37414551526308
175,outdoor,scene_00023,outdoor/scene_00023/scan_00200,val/outdoor/scene_00023/scan_00200/00023_00200_outdoor_130_020.png,686,686,910,305328,30276,426432.0,4101512.324961449,4365706.80221574,-264194.47725429107,1713367.36300059,1799807.6626602164,-86440.29965962656,0.0317438685140481,47.9133864864707
175,outdoor,scene_00023,outdoor/scene_00023/scan_00200,val/outdoor/scene_00023/scan_00200/00023_00200_outdoor_130_020.png,742,742,994,305328,30276,426432.0,4101512.324961449,4179624.436594981,-78112.11163353175,1713367.36300059,1737105.6731708585,-23738.31017026864,0.0315546488755832,51.24263558536768
175,outdoor,scene_00023,outdoor/scene_00023/scan_00200,val/outdoor/scene_00023/scan_00200/00023_00200_outdoor_130_020.png,798,798,1064,305328,30276,426432.0,4101512.324961449,4390412.997829699,-288900.67286824994,1713367.36300059,1808753.6626701734,-95386.29966958356,0.03100537515754654,62.67490517348051
175,outdoor,scene_00023,outdoor/scene_00023/scan_00200,val/outdoor/scene_00023/scan_00200/00023_00200_outdoor_130_020.png,854,854,1134,305328,30276,426432.0,4101512.324961449,4219033.908252094,-117521.58329064492,1713367.36300059,1761274.0833658092,-47906.720365219284,0.030409802306135686,83.11340026557446
175,outdoor,scene_00023,outdoor/scene_00023/scan_00200,val/outdoor/scene_00023/scan_00200/00023_00200_outdoor_130_020.png,910,910,1218,305328,30276,426432.0,4101512.324961449,4044243.1862813616,57269.1386800874,1713367.36300059,1706706.2355912365,6661.127409353387,0.03006011600525621,95.18314339220524
175,outdoor,scene_00023,outdoor/scene_00023/scan_00200,val/outdoor/scene_00023/scan_00200/00023_00200_outdoor_130_020.png,966,966,1288,305328,30276,426432.0,4101512.324961449,4229031.090671901,-127518.76571045164,1713367.36300059,1725974.0189357111,-12606.655935121235,0.03011117732097199,130.47286588698626
175,outdoor,scene_00023,outdoor/scene_00023/scan_00200,val/outdoor/scene_00023/scan_00200/00023_00200_outdoor_130_020.png,1022,1022,1358,305328,30276,426432.0,4101512.324961449,4122438.7534523145,-20926.42849086551,1713367.36300059,1715915.4404176674,-2548.0774170774966,0.029859533167494973,147.9336777701974
176,outdoor,scene_00023,outdoor/scene_00023/scan_00200,val/outdoor/scene_00023/scan_00200/00023_00200_outdoor_190_030.png,518,518,686,129135,12713,179987.0,1244655.643127921,1244655.643127921,0.0,558261.8593181757,558261.8593181757,0.0,0.13793033659353085,32.6859075576067
176,outdoor,scene_00023,outdoor/scene_00023/scan_00200,val/outdoor/scene_00023/scan_00200/00023_00200_outdoor_190_030.png,574,574,770,129135,12713,179987.0,1244655.643127921,1185142.2581191459,59513.38500877516,558261.8593181757,520269.79735538317,37992.06196279253,0.14079757581806943,32.39469416439533
176,outdoor,scene_00023,outdoor/scene_00023/scan_00200,val/outdoor/scene_00023/scan_00200/00023_00200_outdoor_190_030.png,630,630,840,129135,12713,179987.0,1244655.643127921,1260316.834494294,-15661.191366372863,558261.8593181757,532672.6591868091,25589.20013136661,0.1327280147531407,38.39790541678667
176,outdoor,scene_00023,outdoor/scene_00023/scan_00200,val/outdoor/scene_00023/scan_00200/00023_00200_outdoor_190_030.png,686,686,910,129135,12713,179987.0,1244655.643127921,1183234.1914133918,61421.45171452919,558261.8593181757,516094.4664898117,42167.39282836398,0.11535411746283446,51.821596920490265
176,outdoor,scene_00023,outdoor/scene_00023/scan_00200,val/outdoor/scene_00023/scan_00200/00023_00200_outdoor_190_030.png,742,742,994,129135,12713,179987.0,1244655.643127921,1179131.3413405917,65524.30178732937,558261.8593181757,508298.3868336838,49963.47248449188,0.11775155748267423,50.108631141483784
176,outdoor,scene_00023,outdoor/scene_00023/scan_00200,val/outdoor/scene_00023/scan_00200/00023_00200_outdoor_190_030.png,798,798,1064,129135,12713,179987.0,1244655.643127921,1208907.493765545,35748.14936237596,558261.8593181757,513605.91332798294,44655.94599019276,0.1099376224709199,63.123938627541065
176,outdoor,scene_00023,outdoor/scene_00023/scan_00200,val/outdoor/scene_00023/scan_00200/00023_00200_outdoor_190_030.png,854,854,1134,129135,12713,179987.0,1244655.643127921,1181331.93325797,63323.70986995101,558261.8593181757,514133.3865010673,44128.472817108384,0.1111039708383804,83.75220000743866
176,outdoor,scene_00023,outdoor/scene_00023/scan_00200,val/outdoor/scene_00023/scan_00200/00023_00200_outdoor_190_030.png,910,910,1218,129135,12713,179987.0,1244655.643127921,1157737.4606150263,86918.18251289474,558261.8593181757,511087.9823591736,47173.87695900211,0.11427907948749748,95.33526469022036
176,outdoor,scene_00023,outdoor/scene_00023/scan_00200,val/outdoor/scene_00023/scan_00200/00023_00200_outdoor_190_030.png,966,966,1288,129135,12713,179987.0,1244655.643127921,1176016.283863998,68639.35926392302,558261.8593181757,505713.5212445009,52548.33807367482,0.11148503762906921,115.32619409263134
176,outdoor,scene_00023,outdoor/scene_00023/scan_00200,val/outdoor/scene_00023/scan_00200/00023_00200_outdoor_190_030.png,1022,1022,1358,129135,12713,179987.0,1244655.643127921,1186282.1247470104,58373.518380910624,558261.8593181757,515859.5223846356,42402.33693354012,0.10728520752671539,147.1509300172329
177,outdoor,scene_00023,outdoor/scene_00023/scan_00200,val/outdoor/scene_00023/scan_00200/00023_00200_outdoor_210_030.png,518,518,686,135977,13454,189793.0,1446741.9605361787,1446741.9605361787,0.0,543845.214526766,543845.214526766,0.0,0.12514139160360815,23.082390427589417
177,outdoor,scene_00023,outdoor/scene_00023/scan_00200,val/outdoor/scene_00023/scan_00200/00023_00200_outdoor_210_030.png,574,574,770,135977,13454,189793.0,1446741.9605361787,1444916.518141028,1825.4423951506615,543845.214526766,567445.665042362,-23600.450515595963,0.12533483323323227,35.44989228248596
177,outdoor,scene_00023,outdoor/scene_00023/scan_00200,val/outdoor/scene_00023/scan_00200/00023_00200_outdoor_210_030.png,630,630,840,135977,13454,189793.0,1446741.9605361787,1400042.8864729295,46699.074063249165,543845.214526766,521690.2623880736,22154.952138692373,0.09412226099518828,39.728863164782524
177,outdoor,scene_00023,outdoor/scene_00023/scan_00200,val/outdoor/scene_00023/scan_00200/00023_00200_outdoor_210_030.png,686,686,910,135977,13454,189793.0,1446741.9605361787,1350118.1764689386,96623.78406724008,543845.214526766,531853.3615690402,11991.852957725758,0.11645596906761176,44.86754536628723
177,outdoor,scene_00023,outdoor/scene_00023/scan_00200,val/outdoor/scene_00023/scan_00200/00023_00200_outdoor_210_030.png,742,742,994,135977,13454,189793.0,1446741.9605361787,1295561.1786996764,151180.78183650225,543845.214526766,504314.7780341918,39530.43649257417,0.11340475699636855,50.23565609008074
177,outdoor,scene_00023,outdoor/scene_00023/scan_00200,val/outdoor/scene_00023/scan_00200/00023_00200_outdoor_210_030.png,798,798,1064,135977,13454,189793.0,1446741.9605361787,1345177.9870375763,101563.9734986024,543845.214526766,512746.4993158085,31098.715210957453,0.08840157765189506,78.41657008975744
177,outdoor,scene_00023,outdoor/scene_00023/scan_00200,val/outdoor/scene_00023/scan_00200/00023_00200_outdoor_210_030.png,854,854,1134,135977,13454,189793.0,1446741.9605361787,1308171.7526559765,138570.20788020222,543845.214526766,513792.53144437645,30052.68308238953,0.10682618529702852,83.20880401879549
177,outdoor,scene_00023,outdoor/scene_00023/scan_00200,val/outdoor/scene_00023/scan_00200/00023_00200_outdoor_210_030.png,910,910,1218,135977,13454,189793.0,1446741.9605361787,1289650.529292118,157091.43124406063,543845.214526766,504476.91945734544,39368.295069420536,0.10097293327570543,94.64153088629246
177,outdoor,scene_00023,outdoor/scene_00023/scan_00200,val/outdoor/scene_00023/scan_00200/00023_00200_outdoor_210_030.png,966,966,1288,135977,13454,189793.0,1446741.9605361787,1336375.1456969879,110366.8148391908,543845.214526766,509794.2338097401,34050.98071702587,0.08563196120830453,114.73834607750177
177,outdoor,scene_00023,outdoor/scene_00023/scan_00200,val/outdoor/scene_00023/scan_00200/00023_00200_outdoor_210_030.png,1022,1022,1358,135977,13454,189793.0,1446741.9605361787,1258996.0668421984,187745.8936939803,543845.214526766,491252.8470972703,52592.36742949567,0.0939420452996849,150.0254115089774
178,outdoor,scene_00023,outdoor/scene_00023/scan_00200,val/outdoor/scene_00023/scan_00200/00023_00200_outdoor_310_020.png,518,518,686,562368,56051,786572.0,2301095.9035909194,2301095.9035909194,0.0,860637.3402908393,860637.3402908393,0.0,0.036204273682552884,22.89842814207077
178,outdoor,scene_00023,outdoor/scene_00023/scan_00200,val/outdoor/scene_00023/scan_00200/00023_00200_outdoor_310_020.png,574,574,770,562368,56051,786572.0,2301095.9035909194,2129877.885463524,171218.0181273953,860637.3402908393,791232.036326257,69405.30396458227,0.03532245434047319,24.90813657641411
178,outdoor,scene_00023,outdoor/scene_00023/scan_00200,val/outdoor/scene_00023/scan_00200/00023_00200_outdoor_310_020.png,630,630,840,562368,56051,786572.0,2301095.9035909194,2135576.5554787717,165519.34811214777,860637.3402908393,813403.0980250884,47234.24226575089,0.03573183331471454,38.880747742950916
178,outdoor,scene_00023,outdoor/scene_00023/scan_00200,val/outdoor/scene_00023/scan_00200/00023_00200_outdoor_310_020.png,686,686,910,562368,56051,786572.0,2301095.9035909194,2144859.8905909797,156236.01299993973,860637.3402908393,807733.1322490434,52904.20804179588,0.03501018430799624,52.243273705244064
178,outdoor,scene_00023,outdoor/scene_00023/scan_00200,val/outdoor/scene_00023/scan_00200/00023_00200_outdoor_310_020.png,742,742,994,562368,56051,786572.0,2301095.9035909194,2094663.8478490538,206432.05574186565,860637.3402908393,796737.4710847137,63899.869206125615,0.0346960462525555,60.15152204781771
178,outdoor,scene_00023,outdoor/scene_00023/scan_00200,val/outdoor/scene_00023/scan_00200/00023_00200_outdoor_310_020.png,798,798,1064,562368,56051,786572.0,2301095.9035909194,2170143.0204956066,130952.88309531286,860637.3402908393,825740.2697568387,34897.07053400064,0.03384888808940877,62.59318348020315
178,outdoor,scene_00023,outdoor/scene_00023/scan_00200,val/outdoor/scene_00023/scan_00200/00023_00200_outdoor_310_020.png,854,854,1134,562368,56051,786572.0,2301095.9035909194,2116468.596438177,184627.30715274252,860637.3402908393,804376.8067176014,56260.533573237946,0.03267294281484052,196.57034892588854
178,outdoor,scene_00023,outdoor/scene_00023/scan_00200,val/outdoor/scene_00023/scan_00200/00023_00200_outdoor_310_020.png,910,910,1218,562368,56051,786572.0,2301095.9035909194,2062751.6663541961,238344.2372367233,860637.3402908393,784193.7291576967,76443.61113314261,0.03326568052231971,218.67228019982576
178,outdoor,scene_00023,outdoor/scene_00023/scan_00200,val/outdoor/scene_00023/scan_00200/00023_00200_outdoor_310_020.png,966,966,1288,562368,56051,786572.0,2301095.9035909194,1951496.5895232542,349599.31406766525,860637.3402908393,746534.7407724261,114102.59951841319,0.033916522026650416,135.68843621760607
178,outdoor,scene_00023,outdoor/scene_00023/scan_00200,val/outdoor/scene_00023/scan_00200/00023_00200_outdoor_310_020.png,1022,1022,1358,562368,56051,786572.0,2301095.9035909194,2020752.411467086,280343.4921238334,860637.3402908393,768810.1018862517,91827.23840458761,0.03296878777349854,180.03934249281883
179,outdoor,scene_00023,outdoor/scene_00023/scan_00200,val/outdoor/scene_00023/scan_00200/00023_00200_outdoor_340_010.png,518,518,686,706140,70543,988312.0,1861829.6404155882,1861829.6404155882,0.0,587619.1841356596,587619.1841356596,0.0,0.028205697228899845,26.996984146535397
179,outdoor,scene_00023,outdoor/scene_00023/scan_00200,val/outdoor/scene_00023/scan_00200/00023_00200_outdoor_340_010.png,574,574,770,706140,70543,988312.0,1861829.6404155882,1800723.4049625841,61106.23545300402,587619.1841356596,567132.3462653791,20486.83787028049,0.02737504868580631,32.4739646166563
179,outdoor,scene_00023,outdoor/scene_00023/scan_00200,val/outdoor/scene_00023/scan_00200/00023_00200_outdoor_340_010.png,630,630,840,706140,70543,988312.0,1861829.6404155882,1748022.9006630797,113806.73975250847,587619.1841356596,553131.6764261157,34487.50770954392,0.027321385847912896,49.8829847201705
179,outdoor,scene_00023,outdoor/scene_00023/scan_00200,val/outdoor/scene_00023/scan_00200/00023_00200_outdoor_340_010.png,686,686,910,706140,70543,988312.0,1861829.6404155882,1826020.8156272208,35808.824788367376,587619.1841356596,578559.4270375622,9059.757098097354,0.02666451487052399,56.06652610003948
179,outdoor,scene_00023,outdoor/scene_00023/scan_00200,val/outdoor/scene_00023/scan_00200/00023_00200_outdoor_340_010.png,742,742,994,706140,70543,988312.0,1861829.6404155882,1858070.8520070987,3758.788408489432,587619.1841356596,585676.5562027534,1942.6279329061508,0.02652579800113848,59.88007877022028
179,outdoor,scene_00023,outdoor/scene_00023/scan_00200,val/outdoor/scene_00023/scan_00200/00023_00200_outdoor_340_010.png,798,798,1064,706140,70543,988312.0,1861829.6404155882,1656275.5960403248,205554.0443752634,587619.1841356596,529144.4421331731,58474.742002486484,0.026293012195835377,73.96323326975107
179,outdoor,scene_00023,outdoor/scene_00023/scan_00200,val/outdoor/scene_00023/scan_00200/00023_00200_outdoor_340_010.png,854,854,1134,706140,70543,988312.0,1861829.6404155882,1822873.0350809572,38956.605334630935,587619.1841356596,576019.1197605012,11600.0643751584,0.02566506749576476,112.96522803604603
179,outdoor,scene_00023,outdoor/scene_00023/scan_00200,val/outdoor/scene_00023/scan_00200/00023_00200_outdoor_340_010.png,910,910,1218,706140,70543,988312.0,1861829.6404155882,1823537.9385895485,38291.7018260397,587619.1841356596,576239.2000590821,11379.984076577472,0.02570194976740249,114.96644280850887
179,outdoor,scene_00023,outdoor/scene_00023/scan_00200,val/outdoor/scene_00023/scan_00200/00023_00200_outdoor_340_010.png,966,966,1288,706140,70543,988312.0,1861829.6404155882,1737043.6517874042,124785.98862818396,587619.1841356596,548889.7472322404,38729.436903419206,0.024975798107197175,148.8232845440507
179,outdoor,scene_00023,outdoor/scene_00023/scan_00200,val/outdoor/scene_00023/scan_00200/00023_00200_outdoor_340_010.png,1022,1022,1358,706140,70543,988312.0,1861829.6404155882,1877715.9932412982,-15886.352825710084,587619.1841356596,589702.9409289978,-2083.7567933382234,0.025214894724037356,165.2193395420909
180,outdoor,scene_00024,outdoor/scene_00024/scan_00201,val/outdoor/scene_00024/scan_00201/00024_00201_outdoor_100_000.png,518,518,686,775012,77496,1084996.0,510479.1775005311,510479.1775005311,0.0,232313.93498250973,232313.93498250973,0.0,0.06233869524416984,30.12518584728241
180,outdoor,scene_00024,outdoor/scene_00024/scan_00201,val/outdoor/scene_00024/scan_00201/00024_00201_outdoor_100_000.png,574,574,770,775012,77496,1084996.0,510479.1775005311,506619.24082382,3859.936676711077,232313.93498250973,235913.43128088088,-3599.496298371145,0.060282185806065564,40.77345132827759
180,outdoor,scene_00024,outdoor/scene_00024/scan_00201,val/outdoor/scene_00024/scan_00201/00024_00201_outdoor_100_000.png,630,630,840,775012,77496,1084996.0,510479.1775005311,514828.4227486786,-4349.245248147519,232313.93498250973,242053.22389990778,-9739.288917398051,0.059966996894822704,54.09807991236448
180,outdoor,scene_00024,outdoor/scene_00024/scan_00201,val/outdoor/scene_00024/scan_00201/00024_00201_outdoor_100_000.png,686,686,910,775012,77496,1084996.0,510479.1775005311,505065.2789219968,5413.898578534252,232313.93498250973,232448.80768901936,-134.87270650963183,0.05684790451675023,51.282395608723164
180,outdoor,scene_00024,outdoor/scene_00024/scan_00201,val/outdoor/scene_00024/scan_00201/00024_00201_outdoor_100_000.png,742,742,994,775012,77496,1084996.0,510479.1775005311,504094.1983472665,6384.979153264605,232313.93498250973,235041.5548808282,-2727.6198983184586,0.056503682591987486,59.74886752665043
180,outdoor,scene_00024,outdoor/scene_00024/scan_00201,val/outdoor/scene_00024/scan_00201/00024_00201_outdoor_100_000.png,798,798,1064,775012,77496,1084996.0,510479.1775005311,509546.5620385563,932.615461974754,232313.93498250973,243129.2035994336,-10815.268616923859,0.0581339952782916,79.55912314355373
180,outdoor,scene_00024,outdoor/scene_00024/scan_00201,val/outdoor/scene_00024/scan_00201/00024_00201_outdoor_100_000.png,854,854,1134,775012,77496,1084996.0,510479.1775005311,510539.5887761362,-60.41127560514724,232313.93498250973,240943.3582816259,-8629.42329911617,0.05639017025517416,104.78412453085184
180,outdoor,scene_00024,outdoor/scene_00024/scan_00201,val/outdoor/scene_00024/scan_00201/00024_00201_outdoor_100_000.png,910,910,1218,775012,77496,1084996.0,510479.1775005311,501426.49730524886,9052.680195282213,232313.93498250973,238010.4319786567,-5696.496996146976,0.05468223021653714,114.83078263700008
180,outdoor,scene_00024,outdoor/scene_00024/scan_00201,val/outdoor/scene_00024/scan_00201/00024_00201_outdoor_100_000.png,966,966,1288,775012,77496,1084996.0,510479.1775005311,520405.92426545144,-9926.74676492036,232313.93498250973,239979.47818617756,-7665.543203667825,0.05353776398295559,135.53574960678816
180,outdoor,scene_00024,outdoor/scene_00024/scan_00201,val/outdoor/scene_00024/scan_00201/00024_00201_outdoor_100_000.png,1022,1022,1358,775012,77496,1084996.0,510479.1775005311,520196.89964410453,-9717.722143573454,232313.93498250973,244652.41265518748,-12338.477672677749,0.05119577837426475,173.9309737458825
181,outdoor,scene_00024,outdoor/scene_00024/scan_00201,val/outdoor/scene_00024/scan_00201/00024_00201_outdoor_110_030.png,518,518,686,755767,75578,1058079.0,254656.8294875198,254656.8294875198,0.0,132053.0088172655,132053.0088172655,0.0,0.01924779208956483,27.179372496902943
181,outdoor,scene_00024,outdoor/scene_00024/scan_00201,val/outdoor/scene_00024/scan_00201/00024_00201_outdoor_110_030.png,574,574,770,755767,75578,1058079.0,254656.8294875198,261788.38526408203,-7131.555776562222,132053.0088172655,136357.57269199524,-4304.563874729734,0.01878246286380289,30.254543758928776
181,outdoor,scene_00024,outdoor/scene_00024/scan_00201,val/outdoor/scene_00024/scan_00201/00024_00201_outdoor_110_030.png,630,630,840,755767,75578,1058079.0,254656.8294875198,254116.9966143097,539.8328732101072,132053.0088172655,128860.24860387188,3192.7602133936307,0.018612173761134082,45.88701017200947
181,outdoor,scene_00024,outdoor/scene_00024/scan_00201,val/outdoor/scene_00024/scan_00201/00024_00201_outdoor_110_030.png,686,686,910,755767,75578,1058079.0,254656.8294875198,259666.5288842555,-5009.6993967356975,132053.0088172655,132969.7480905518,-916.7392732862791,0.01817361832382493,51.00712366402149
181,outdoor,scene_00024,outdoor/scene_00024/scan_00201,val/outdoor/scene_00024/scan_00201/00024_00201_outdoor_110_030.png,742,742,994,755767,75578,1058079.0,254656.8294875198,270020.5516300532,-15363.7221425334,132053.0088172655,139111.76866531366,-7058.759848048154,0.01810887194019039,61.293008737266064
181,outdoor,scene_00024,outdoor/scene_00024/scan_00201,val/outdoor/scene_00024/scan_00201/00024_00201_outdoor_110_030.png,798,798,1064,755767,75578,1058079.0,254656.8294875198,261963.4642652609,-7306.634777741099,132053.0088172655,133933.90554833118,-1880.8967310656735,0.018111000180020966,72.27627467364073
181,outdoor,scene_00024,outdoor/scene_00024/scan_00201,val/outdoor/scene_00024/scan_00201/00024_00201_outdoor_110_030.png,854,854,1134,755767,75578,1058079.0,254656.8294875198,273568.85811386677,-18912.02862634696,132053.0088172655,141606.2163349937,-9553.20751772818,0.01777500862791608,99.91928655654192
181,outdoor,scene_00024,outdoor/scene_00024/scan_00201,val/outdoor/scene_00024/scan_00201/00024_00201_outdoor_110_030.png,910,910,1218,755767,75578,1058079.0,254656.8294875198,274546.9201357706,-19890.09064825077,132053.0088172655,139888.81779766563,-7835.808980400121,0.017541058428466615,109.56593416631222
181,outdoor,scene_00024,outdoor/scene_00024/scan_00201,val/outdoor/scene_00024/scan_00201/00024_00201_outdoor_110_030.png,966,966,1288,755767,75578,1058079.0,254656.8294875198,270401.0177800785,-15744.188292558712,132053.0088172655,136000.09261834936,-3947.083801083849,0.0177405896412204,148.0592880398035
181,outdoor,scene_00024,outdoor/scene_00024/scan_00201,val/outdoor/scene_00024/scan_00201/00024_00201_outdoor_110_030.png,1022,1022,1358,755767,75578,1058079.0,254656.8294875198,283666.4045806946,-29009.57509317482,132053.0088172655,144376.44039000693,-12323.431572741421,0.0174648590620282,174.147117882967
182,outdoor,scene_00024,outdoor/scene_00024/scan_00201,val/outdoor/scene_00024/scan_00201/00024_00201_outdoor_110_050.png,518,518,686,555045,55505,777065.0,242913.26448377763,242913.26448377763,0.0,70008.65008381815,70008.65008381815,0.0,0.013512356513478409,27.515030466020107
182,outdoor,scene_00024,outdoor/scene_00024/scan_00201,val/outdoor/scene_00024/scan_00201/00024_00201_outdoor_110_050.png,574,574,770,555045,55505,777065.0,242913.26448377763,246300.93379356732,-3387.669309789693,70008.65008381815,71973.91425808783,-1965.2641742696724,0.01313741687461065,30.086059123277664
182,outdoor,scene_00024,outdoor/scene_00024/scan_00201,val/outdoor/scene_00024/scan_00201/00024_00201_outdoor_110_050.png,630,630,840,555045,55505,777065.0,242913.26448377763,246767.0263634246,-3853.761879646976,70008.65008381815,70151.8187684819,-143.1686846637458,0.0127865879287193,47.52546548843384
182,outdoor,scene_00024,outdoor/scene_00024/scan_00201,val/outdoor/scene_00024/scan_00201/00024_00201_outdoor_110_050.png,686,686,910,555045,55505,777065.0,242913.26448377763,247693.93512413622,-4780.670640358585,70008.65008381815,70165.70736475856,-157.05728094041115,0.012574383376474749,82.09494687616825
182,outdoor,scene_00024,outdoor/scene_00024/scan_00201,val/outdoor/scene_00024/scan_00201/00024_00201_outdoor_110_050.png,742,742,994,555045,55505,777065.0,242913.26448377763,256818.81109664863,-13905.546612870996,70008.65008381815,73197.4195697687,-3188.7694859505427,0.012325172325421558,64.39372058957815
182,outdoor,scene_00024,outdoor/scene_00024/scan_00201,val/outdoor/scene_00024/scan_00201/00024_00201_outdoor_110_050.png,798,798,1064,555045,55505,777065.0,242913.26448377763,253528.02419881162,-10614.759715033986,70008.65008381815,71037.34884417054,-1028.6987603523885,0.012169679833711238,83.21345038712025
182,outdoor,scene_00024,outdoor/scene_00024/scan_00201,val/outdoor/scene_00024/scan_00201/00024_00201_outdoor_110_050.png,854,854,1134,555045,55505,777065.0,242913.26448377763,250056.25713726933,-7142.992653491703,70008.65008381815,70851.88506769776,-843.2349838796072,0.012074370956587446,98.73612876981497
182,outdoor,scene_00024,outdoor/scene_00024/scan_00201,val/outdoor/scene_00024/scan_00201/00024_00201_outdoor_110_050.png,910,910,1218,555045,55505,777065.0,242913.26448377763,253331.05866528116,-10417.79418150353,70008.65008381815,70233.412994151,-224.76291033285088,0.011969986345577999,111.71844508498907
182,outdoor,scene_00024,outdoor/scene_00024/scan_00201,val/outdoor/scene_00024/scan_00201/00024_00201_outdoor_110_050.png,966,966,1288,555045,55505,777065.0,242913.26448377763,255842.6772944894,-12929.412810711772,70008.65008381815,71673.48399816903,-1664.8339143508783,0.01194110880561757,135.9413145110011
182,outdoor,scene_00024,outdoor/scene_00024/scan_00201,val/outdoor/scene_00024/scan_00201/00024_00201_outdoor_110_050.png,1022,1022,1358,555045,55505,777065.0,242913.26448377763,257424.09657578205,-14510.83209200442,70008.65008381815,71270.07014308058,-1261.4200592624256,0.01171774429486149,173.21614269167185
183,outdoor,scene_00024,outdoor/scene_00024/scan_00201,val/outdoor/scene_00024/scan_00201/00024_00201_outdoor_140_020.png,518,518,686,771861,77183,1080593.0,356376.0664212628,356376.0664212628,0.0,111882.04829699833,111882.04829699833,0.0,0.016201011137991318,53.434901870787144
183,outdoor,scene_00024,outdoor/scene_00024/scan_00201,val/outdoor/scene_00024/scan_00201/00024_00201_outdoor_140_020.png,574,574,770,771861,77183,1080593.0,356376.0664212628,357063.2071770265,-687.1407557636849,111882.04829699833,112852.19381385086,-970.1455168525281,0.01619235976714492,27.45006326586008
183,outdoor,scene_00024,outdoor/scene_00024/scan_00201,val/outdoor/scene_00024/scan_00201/00024_00201_outdoor_140_020.png,630,630,840,771861,77183,1080593.0,356376.0664212628,365622.0725347234,-9246.006113460578,111882.04829699833,118175.6390363244,-6293.590739326071,0.016326606647341552,45.76410911977291
183,outdoor,scene_00024,outdoor/scene_00024/scan_00201,val/outdoor/scene_00024/scan_00201/00024_00201_outdoor_140_020.png,686,686,910,771861,77183,1080593.0,356376.0664212628,368225.0524450042,-11848.986023741425,111882.04829699833,120442.35504782581,-8560.306750827483,0.015914475006535273,74.7037697583437
183,outdoor,scene_00024,outdoor/scene_00024/scan_00201,val/outdoor/scene_00024/scan_00201/00024_00201_outdoor_140_020.png,742,742,994,771861,77183,1080593.0,356376.0664212628,371212.32269028964,-14836.256269026839,111882.04829699833,122022.03298191197,-10139.984684913637,0.01598078215679135,59.72776375710964
183,outdoor,scene_00024,outdoor/scene_00024/scan_00201,val/outdoor/scene_00024/scan_00201/00024_00201_outdoor_140_020.png,798,798,1064,771861,77183,1080593.0,356376.0664212628,382859.0164086685,-26482.94998740568,111882.04829699833,127494.59380879274,-15612.545511794408,0.015292464579729671,80.34053817391396
183,outdoor,scene_00024,outdoor/scene_00024/scan_00201,val/outdoor/scene_00024/scan_00201/00024_00201_outdoor_140_020.png,854,854,1134,771861,77183,1080593.0,356376.0664212628,384754.6485856054,-28378.582164342573,111882.04829699833,127613.9260911341,-15731.87779413577,0.015314716934245805,106.91828932613134
183,outdoor,scene_00024,outdoor/scene_00024/scan_00201,val/outdoor/scene_00024/scan_00201/00024_00201_outdoor_140_020.png,910,910,1218,771861,77183,1080593.0,356376.0664212628,387942.04642099387,-31565.979999731062,111882.04829699833,128221.06460437633,-16339.016307377999,0.015121113681833631,112.11739759892225
183,outdoor,scene_00024,outdoor/scene_00024/scan_00201,val/outdoor/scene_00024/scan_00201/00024_00201_outdoor_140_020.png,966,966,1288,771861,77183,1080593.0,356376.0664212628,389318.258886691,-32942.192465428205,111882.04829699833,128501.4339530692,-16619.385656070866,0.01526478385881842,150.08560754358768
183,outdoor,scene_00024,outdoor/scene_00024/scan_00201,val/outdoor/scene_00024/scan_00201/00024_00201_outdoor_140_020.png,1022,1022,1358,771861,77183,1080593.0,356376.0664212628,393321.13560246734,-36945.06918120454,111882.04829699833,130457.96357280912,-18575.915275810796,0.015435748689629722,174.495967105031
184,outdoor,scene_00024,outdoor/scene_00024/scan_00201,val/outdoor/scene_00024/scan_00201/00024_00201_outdoor_140_050.png,518,518,686,586266,58628,820778.0,341763.9668254653,341763.9668254653,0.0,97572.28728484313,97572.28728484313,0.0,0.011917800746577749,22.86124788224697
184,outdoor,scene_00024,outdoor/scene_00024/scan_00201,val/outdoor/scene_00024/scan_00201/00024_00201_outdoor_140_050.png,574,574,770,586266,58628,820778.0,341763.9668254653,337391.040408759,4372.926416706294,97572.28728484313,96420.08906068598,1152.1982241571532,0.011727247797486186,27.048099786043167
184,outdoor,scene_00024,outdoor/scene_00024/scan_00201,val/outdoor/scene_00024/scan_00201/00024_00201_outdoor_140_050.png,630,630,840,586266,58628,820778.0,341763.9668254653,340378.69422252127,1385.2726029440528,97572.28728484313,97740.24247295677,-167.9551881136431,0.011607091111272828,42.92874410748482
184,outdoor,scene_00024,outdoor/scene_00024/scan_00201,val/outdoor/scene_00024/scan_00201/00024_00201_outdoor_140_050.png,686,686,910,586266,58628,820778.0,341763.9668254653,342929.78241809073,-1165.8155926254112,97572.28728484313,97829.91237625616,-257.625091413036,0.011227987683993752,60.87047699838877
184,outdoor,scene_00024,outdoor/scene_00024/scan_00201,val/outdoor/scene_00024/scan_00201/00024_00201_outdoor_140_050.png,742,742,994,586266,58628,820778.0,341763.9668254653,345487.8898666378,-3723.9230411725002,97572.28728484313,99890.65848824588,-2318.371203402756,0.011056462019425999,50.116139464080334
184,outdoor,scene_00024,outdoor/scene_00024/scan_00201,val/outdoor/scene_00024/scan_00201/00024_00201_outdoor_140_050.png,798,798,1064,586266,58628,820778.0,341763.9668254653,341085.1273659585,678.8394595067948,97572.28728484313,96491.05138160335,1081.2359032397799,0.010972847652979328,62.92796600610018
184,outdoor,scene_00024,outdoor/scene_00024/scan_00201,val/outdoor/scene_00024/scan_00201/00024_00201_outdoor_140_050.png,854,854,1134,586266,58628,820778.0,341763.9668254653,349037.2368457373,-7273.270020272001,97572.28728484313,100091.09282966271,-2518.805544819581,0.010808321480123116,85.45433171093464
184,outdoor,scene_00024,outdoor/scene_00024/scan_00201,val/outdoor/scene_00024/scan_00201/00024_00201_outdoor_140_050.png,910,910,1218,586266,58628,820778.0,341763.9668254653,355938.95538672514,-14174.988561259815,97572.28728484313,101102.69421959479,-3530.4069347516634,0.010588195911964401,94.60689499974251
184,outdoor,scene_00024,outdoor/scene_00024/scan_00201,val/outdoor/scene_00024/scan_00201/00024_00201_outdoor_140_050.png,966,966,1288,586266,58628,820778.0,341763.9668254653,353697.96237176517,-11933.995546299848,97572.28728484313,100385.23945856822,-2812.9521737250907,0.010632827222292298,118.32219734787941
184,outdoor,scene_00024,outdoor/scene_00024/scan_00201,val/outdoor/scene_00024/scan_00201/00024_00201_outdoor_140_050.png,1022,1022,1358,586266,58628,820778.0,341763.9668254653,349301.3084134299,-7537.341587964562,97572.28728484313,98637.15518727948,-1064.8679024363519,0.010673026449655808,147.6494027301669
185,outdoor,scene_00024,outdoor/scene_00024/scan_00201,val/outdoor/scene_00024/scan_00201/00024_00201_outdoor_150_030.png,518,518,686,704194,70380,985714.0,1756123.664482914,1756123.664482914,0.0,592465.9288504428,592465.9288504428,0.0,0.016006147001808937,23.528387770056725
185,outdoor,scene_00024,outdoor/scene_00024/scan_00201,val/outdoor/scene_00024/scan_00201/00024_00201_outdoor_150_030.png,574,574,770,704194,70380,985714.0,1756123.664482914,1921751.1613605726,-165627.49687765865,592465.9288504428,647871.3902208037,-55405.46137036092,0.015523730109187424,25.018970482051373
185,outdoor,scene_00024,outdoor/scene_00024/scan_00201,val/outdoor/scene_00024/scan_00201/00024_00201_outdoor_150_030.png,630,630,840,704194,70380,985714.0,1756123.664482914,1669430.5567612525,86693.10772166145,592465.9288504428,560942.7078902589,31523.220960183884,0.015558759879372488,38.38281612843275
185,outdoor,scene_00024,outdoor/scene_00024/scan_00201,val/outdoor/scene_00024/scan_00201/00024_00201_outdoor_150_030.png,686,686,910,704194,70380,985714.0,1756123.664482914,1793626.5482052998,-37502.88372238586,592465.9288504428,602837.7851185787,-10371.856268135947,0.015104224862554748,44.976078905165195
185,outdoor,scene_00024,outdoor/scene_00024/scan_00201,val/outdoor/scene_00024/scan_00201/00024_00201_outdoor_150_030.png,742,742,994,704194,70380,985714.0,1756123.664482914,1583553.1640176324,172570.50046528154,592465.9288504428,530373.3456119222,62092.58323852054,0.014883254928081862,50.16444344073534
185,outdoor,scene_00024,outdoor/scene_00024/scan_00201,val/outdoor/scene_00024/scan_00201/00024_00201_outdoor_150_030.png,798,798,1064,704194,70380,985714.0,1756123.664482914,1715227.8657218583,40895.79876105557,592465.9288504428,569618.9132356097,22847.0156148331,0.014769576393199495,63.66048660129309
185,outdoor,scene_00024,outdoor/scene_00024/scan_00201,val/outdoor/scene_00024/scan_00201/00024_00201_outdoor_150_030.png,854,854,1134,704194,70380,985714.0,1756123.664482914,2208929.036359136,-452805.3718762221,592465.9288504428,738127.1703621114,-145661.24151166866,0.014271649006734326,83.02767388522625
185,outdoor,scene_00024,outdoor/scene_00024/scan_00201,val/outdoor/scene_00024/scan_00201/00024_00201_outdoor_150_030.png,910,910,1218,704194,70380,985714.0,1756123.664482914,2062406.9550804123,-306283.2905974984,592465.9288504428,686692.2232999403,-94226.2944494976,0.014367814916158392,94.73707620054483
185,outdoor,scene_00024,outdoor/scene_00024/scan_00201,val/outdoor/scene_00024/scan_00201/00024_00201_outdoor_150_030.png,966,966,1288,704194,70380,985714.0,1756123.664482914,1785087.0338036749,-28963.369320760947,592465.9288504428,589704.7003705094,2761.228479933343,0.014498707729408781,115.51093962043524
185,outdoor,scene_00024,outdoor/scene_00024/scan_00201,val/outdoor/scene_00024/scan_00201/00024_00201_outdoor_150_030.png,1022,1022,1358,704194,70380,985714.0,1756123.664482914,2010442.8057895135,-254319.1413065996,592465.9288504428,665386.1044692397,-72920.17561879696,0.014007404428737017,146.99849672615528
186,outdoor,scene_00024,outdoor/scene_00024/scan_00201,val/outdoor/scene_00024/scan_00201/00024_00201_outdoor_180_030.png,518,518,686,461281,45964,645137.0,3009662.532865868,3009662.532865868,0.0,1439637.9938559015,1439637.9938559015,0.0,0.05635806220517746,26.810956187546253
186,outdoor,scene_00024,outdoor/scene_00024/scan_00201,val/outdoor/scene_00024/scan_00201/00024_00201_outdoor_180_030.png,574,574,770,461281,45964,645137.0,3009662.532865868,3191149.7821552423,-181487.24928937433,1439637.9938559015,1529628.9646984045,-89990.97084250301,0.052910696561166,24.818058125674725
186,outdoor,scene_00024,outdoor/scene_00024/scan_00201,val/outdoor/scene_00024/scan_00201/00024_00201_outdoor_180_030.png,630,630,840,461281,45964,645137.0,3009662.532865868,3085493.474406579,-75830.9415407111,1439637.9938559015,1468080.3627916495,-28442.368935748003,0.05465493878735211,46.807911247015
186,outdoor,scene_00024,outdoor/scene_00024/scan_00201,val/outdoor/scene_00024/scan_00201/00024_00201_outdoor_180_030.png,686,686,910,461281,45964,645137.0,3009662.532865868,3302612.8222766668,-292950.2894107988,1439637.9938559015,1564110.2442416386,-124472.25038573705,0.05535456866334229,49.909042194485664
186,outdoor,scene_00024,outdoor/scene_00024/scan_00201,val/outdoor/scene_00024/scan_00201/00024_00201_outdoor_180_030.png,742,742,994,461281,45964,645137.0,3009662.532865868,3329113.0926154363,-319450.55974956835,1439637.9938559015,1575059.4487092157,-135421.4548533142,0.05348984825503111,50.35602767020464
186,outdoor,scene_00024,outdoor/scene_00024/scan_00201,val/outdoor/scene_00024/scan_00201/00024_00201_outdoor_180_030.png,798,798,1064,461281,45964,645137.0,3009662.532865868,3403459.7851474993,-393797.25228163134,1439637.9938559015,1606062.7955865676,-166424.80173066608,0.05376479795669851,62.7856757491827
186,outdoor,scene_00024,outdoor/scene_00024/scan_00201,val/outdoor/scene_00024/scan_00201/00024_00201_outdoor_180_030.png,854,854,1134,461281,45964,645137.0,3009662.532865868,3470415.196714829,-460752.66384896124,1439637.9938559015,1638482.4416385991,-198844.44778269762,0.05372031508606905,98.44849351793528
186,outdoor,scene_00024,outdoor/scene_00024/scan_00201,val/outdoor/scene_00024/scan_00201/00024_00201_outdoor_180_030.png,910,910,1218,461281,45964,645137.0,3009662.532865868,3644505.2692692433,-634842.7364033754,1439637.9938559015,1681878.4139836198,-242240.42012771824,0.05243896541741385,112.03157249838114
186,outdoor,scene_00024,outdoor/scene_00024/scan_00201,val/outdoor/scene_00024/scan_00201/00024_00201_outdoor_180_030.png,966,966,1288,461281,45964,645137.0,3009662.532865868,3490094.4457581453,-480431.91289227735,1439637.9938559015,1647565.0987207596,-207927.1048648581,0.05531556927393739,121.67239747941494
186,outdoor,scene_00024,outdoor/scene_00024/scan_00201,val/outdoor/scene_00024/scan_00201/00024_00201_outdoor_180_030.png,1022,1022,1358,461281,45964,645137.0,3009662.532865868,3644024.911547903,-634362.378682035,1439637.9938559015,1711871.5179982712,-272233.5241423696,0.05104435978675507,147.05243613570929
187,outdoor,scene_00024,outdoor/scene_00024/scan_00201,val/outdoor/scene_00024/scan_00201/00024_00201_outdoor_210_020.png,518,518,686,493217,48991,689181.0,4698967.239549238,4698967.239549238,0.0,1831055.2001120567,1831055.2001120567,0.0,0.05699320443204843,54.976277984678745
187,outdoor,scene_00024,outdoor/scene_00024/scan_00201,val/outdoor/scene_00024/scan_00201/00024_00201_outdoor_210_020.png,574,574,770,493217,48991,689181.0,4698967.239549238,4697191.673957322,1775.565591916442,1831055.2001120567,1811001.369663857,20053.830448199762,0.05291611099460756,59.059214778244495
187,outdoor,scene_00024,outdoor/scene_00024/scan_00201,val/outdoor/scene_00024/scan_00201/00024_00201_outdoor_210_020.png,630,630,840,493217,48991,689181.0,4698967.239549238,4547735.449928065,151231.7896211734,1831055.2001120567,1780247.2241239343,50807.9759881224,0.0535065870215247,83.94252322614193
187,outdoor,scene_00024,outdoor/scene_00024/scan_00201,val/outdoor/scene_00024/scan_00201/00024_00201_outdoor_210_020.png,686,686,910,493217,48991,689181.0,4698967.239549238,4948882.807250969,-249915.56770173088,1831055.2001120567,1911629.124753448,-80573.92464139126,0.05138934066538821,53.20382863283157
187,outdoor,scene_00024,outdoor/scene_00024/scan_00201,val/outdoor/scene_00024/scan_00201/00024_00201_outdoor_210_020.png,742,742,994,493217,48991,689181.0,4698967.239549238,5012552.246906611,-313585.0073573729,1831055.2001120567,1927949.7531843586,-96894.5530723019,0.05075871144323441,59.622314758598804
187,outdoor,scene_00024,outdoor/scene_00024/scan_00201,val/outdoor/scene_00024/scan_00201/00024_00201_outdoor_210_020.png,798,798,1064,493217,48991,689181.0,4698967.239549238,4965458.250782789,-266491.0112335505,1831055.2001120567,1917052.4427729887,-85997.24266093201,0.05096031798131776,74.47973638772964
187,outdoor,scene_00024,outdoor/scene_00024/scan_00201,val/outdoor/scene_00024/scan_00201/00024_00201_outdoor_210_020.png,854,854,1134,493217,48991,689181.0,4698967.239549238,5059940.374448112,-360973.134898874,1831055.2001120567,1947183.6675203894,-116128.46740833274,0.04839232730322464,95.60593776404858
187,outdoor,scene_00024,outdoor/scene_00024/scan_00201,val/outdoor/scene_00024/scan_00201/00024_00201_outdoor_210_020.png,910,910,1218,493217,48991,689181.0,4698967.239549238,5027262.349925552,-328295.1103763133,1831055.2001120567,1938227.2773584933,-107172.07724643662,0.04728946316762582,112.91019059717655
187,outdoor,scene_00024,outdoor/scene_00024/scan_00201,val/outdoor/scene_00024/scan_00201/00024_00201_outdoor_210_020.png,966,966,1288,493217,48991,689181.0,4698967.239549238,4951522.31394414,-252555.0743949022,1831055.2001120567,1913755.0583351466,-82699.85822308995,0.04917768135027442,166.1153193563223
187,outdoor,scene_00024,outdoor/scene_00024/scan_00201,val/outdoor/scene_00024/scan_00201/00024_00201_outdoor_210_020.png,1022,1022,1358,493217,48991,689181.0,4698967.239549238,5024331.255388007,-325364.01583876833,1831055.2001120567,1930620.645355239,-99565.44524318236,0.04884898678896987,173.4495908021927
188,outdoor,scene_00024,outdoor/scene_00024/scan_00201,val/outdoor/scene_00024/scan_00201/00024_00201_outdoor_330_010.png,518,518,686,561499,55850,784899.0,3275984.188628972,3275984.188628972,0.0,1393568.345116936,1393568.345116936,0.0,0.05433606661532245,26.983603835105896
188,outdoor,scene_00024,outdoor/scene_00024/scan_00201,val/outdoor/scene_00024/scan_00201/00024_00201_outdoor_330_010.png,574,574,770,561499,55850,784899.0,3275984.188628972,3336770.8828494255,-60786.6942204535,1393568.345116936,1441042.3088560507,-47473.96373911481,0.05374230468595354,28.950823470950127
188,outdoor,scene_00024,outdoor/scene_00024/scan_00201,val/outdoor/scene_00024/scan_00201/00024_00201_outdoor_330_010.png,630,630,840,561499,55850,784899.0,3275984.188628972,3113923.2817474827,162060.90688148933,1393568.345116936,1337917.5348203683,55650.81029656762,0.055598169546110444,47.65303432941437
188,outdoor,scene_00024,outdoor/scene_00024/scan_00201,val/outdoor/scene_00024/scan_00201/00024_00201_outdoor_330_010.png,686,686,910,561499,55850,784899.0,3275984.188628972,3337402.630689652,-61418.44206068013,1393568.345116936,1435458.1078649745,-41889.76274803863,0.05216726280487268,53.29615529626608
188,outdoor,scene_00024,outdoor/scene_00024/scan_00201,val/outdoor/scene_00024/scan_00201/00024_00201_outdoor_330_010.png,742,742,994,561499,55850,784899.0,3275984.188628972,3233691.6137978765,42292.574831095524,1393568.345116936,1402889.7805479374,-9321.435431001475,0.05142630276093473,60.61845924705267
188,outdoor,scene_00024,outdoor/scene_00024/scan_00201,val/outdoor/scene_00024/scan_00201/00024_00201_outdoor_330_010.png,798,798,1064,561499,55850,784899.0,3275984.188628972,3265713.9480662835,10270.24056268856,1393568.345116936,1414285.0438616686,-20716.698744732654,0.05204417432534964,82.80679304152727
188,outdoor,scene_00024,outdoor/scene_00024/scan_00201,val/outdoor/scene_00024/scan_00201/00024_00201_outdoor_330_010.png,854,854,1134,561499,55850,784899.0,3275984.188628972,3376215.512877228,-100231.32424825616,1393568.345116936,1452128.6172427493,-58560.27212581341,0.050445092373557494,110.04934646189213
188,outdoor,scene_00024,outdoor/scene_00024/scan_00201,val/outdoor/scene_00024/scan_00201/00024_00201_outdoor_330_010.png,910,910,1218,561499,55850,784899.0,3275984.188628972,3396614.659562789,-120630.47093381686,1393568.345116936,1449213.4451739204,-55645.10005698446,0.052916316690035825,115.5232610180974
188,outdoor,scene_00024,outdoor/scene_00024/scan_00201,val/outdoor/scene_00024/scan_00201/00024_00201_outdoor_330_010.png,966,966,1288,561499,55850,784899.0,3275984.188628972,3420154.6022078297,-144170.41357885767,1393568.345116936,1486113.2741271574,-92544.9290102215,0.05215832821588217,151.94113738834858
188,outdoor,scene_00024,outdoor/scene_00024/scan_00201,val/outdoor/scene_00024/scan_00201/00024_00201_outdoor_330_010.png,1022,1022,1358,561499,55850,784899.0,3275984.188628972,3466353.1543689063,-190368.96573993424,1393568.345116936,1487982.9172614007,-94414.57214446482,0.05031005453372125,173.38039074093103
189,outdoor,scene_00024,outdoor/scene_00024/scan_00201,val/outdoor/scene_00024/scan_00201/00024_00201_outdoor_340_000.png,518,518,686,717428,71653,1004040.0,2015768.2857979126,2015768.2857979126,0.0,714718.7307992446,714718.7307992446,0.0,0.045705986434191805,48.61371498554945
189,outdoor,scene_00024,outdoor/scene_00024/scan_00201,val/outdoor/scene_00024/scan_00201/00024_00201_outdoor_340_000.png,574,574,770,717428,71653,1004040.0,2015768.2857979126,2026996.5698305662,-11228.284032653552,714718.7307992446,723027.138396965,-8308.40759772039,0.04432956210237826,40.326593443751335
189,outdoor,scene_00024,outdoor/scene_00024/scan_00201,val/outdoor/scene_00024/scan_00201/00024_00201_outdoor_340_000.png,630,630,840,717428,71653,1004040.0,2015768.2857979126,1920599.8267609943,95168.45903691836,714718.7307992446,682609.4892608047,32109.241538439877,0.04363119931387458,84.47270095348358
189,outdoor,scene_00024,outdoor/scene_00024/scan_00201,val/outdoor/scene_00024/scan_00201/00024_00201_outdoor_340_000.png,686,686,910,717428,71653,1004040.0,2015768.2857979126,1881011.7491106943,134756.53668721835,714718.7307992446,669862.7102371355,44856.02056210907,0.042288413344051125,59.90965571254492
189,outdoor,scene_00024,outdoor/scene_00024/scan_00201,val/outdoor/scene_00024/scan_00201/00024_00201_outdoor_340_000.png,742,742,994,717428,71653,1004040.0,2015768.2857979126,1882132.5864393972,133635.69935851544,714718.7307992446,677087.0019058614,37631.72889338317,0.0412040546776492,67.38153845071793
189,outdoor,scene_00024,outdoor/scene_00024/scan_00201,val/outdoor/scene_00024/scan_00201/00024_00201_outdoor_340_000.png,798,798,1064,717428,71653,1004040.0,2015768.2857979126,1893783.040787613,121985.24501029961,714718.7307992446,683149.9582661653,31568.77253307926,0.04132387926151269,74.70301352441311
189,outdoor,scene_00024,outdoor/scene_00024/scan_00201,val/outdoor/scene_00024/scan_00201/00024_00201_outdoor_340_000.png,854,854,1134,717428,71653,1004040.0,2015768.2857979126,1744046.7084866024,271721.5773113102,714718.7307992446,627780.7662857781,86937.96451346646,0.04076623318896965,99.19167309999466
189,outdoor,scene_00024,outdoor/scene_00024/scan_00201,val/outdoor/scene_00024/scan_00201/00024_00201_outdoor_340_000.png,910,910,1218,717428,71653,1004040.0,2015768.2857979126,1730777.5637362523,284990.7220616604,714718.7307992446,621818.4458121831,92900.28498706152,0.04035179971530753,111.73612996935844
189,outdoor,scene_00024,outdoor/scene_00024/scan_00201,val/outdoor/scene_00024/scan_00201/00024_00201_outdoor_340_000.png,966,966,1288,717428,71653,1004040.0,2015768.2857979126,1554031.0942132045,461737.19158470817,714718.7307992446,562091.9262537274,152626.8045455172,0.039812141910386976,135.257039219141
189,outdoor,scene_00024,outdoor/scene_00024/scan_00201,val/outdoor/scene_00024/scan_00201/00024_00201_outdoor_340_000.png,1022,1022,1358,717428,71653,1004040.0,2015768.2857979126,1544184.527172338,471583.75862557464,714718.7307992446,556355.0803509646,158363.65044828004,0.03871313080993505,172.96603322029114
190,outdoor,scene_00024,outdoor/scene_00024/scan_00202,val/outdoor/scene_00024/scan_00202/00024_00202_outdoor_110_020.png,518,518,686,769378,76930,1077098.0,538750.3722323996,538750.3722323996,0.0,175626.03956129795,175626.03956129795,0.0,0.02312485426466075,23.02392851561308
190,outdoor,scene_00024,outdoor/scene_00024/scan_00202,val/outdoor/scene_00024/scan_00202/00024_00202_outdoor_110_020.png,574,574,770,769378,76930,1077098.0,538750.3722323996,548698.8699205214,-9948.497688121744,175626.03956129795,179235.85805280035,-3609.818491502403,0.022035430697332173,29.30321265012026
190,outdoor,scene_00024,outdoor/scene_00024/scan_00202,val/outdoor/scene_00024/scan_00202/00024_00202_outdoor_110_020.png,630,630,840,769378,76930,1077098.0,538750.3722323996,519077.29422565,19673.078006749623,175626.03956129795,169917.1261105709,5708.9134507270355,0.02235442468663046,47.96147346496582
190,outdoor,scene_00024,outdoor/scene_00024/scan_00202,val/outdoor/scene_00024/scan_00202/00024_00202_outdoor_110_020.png,686,686,910,769378,76930,1077098.0,538750.3722323996,548709.2667030978,-9958.8944706982,175626.03956129795,182592.04548725608,-6966.005925958132,0.02196757152274297,64.09824173897505
190,outdoor,scene_00024,outdoor/scene_00024/scan_00202,val/outdoor/scene_00024/scan_00202/00024_00202_outdoor_110_020.png,742,742,994,769378,76930,1077098.0,538750.3722323996,564119.9246435097,-25369.552411110024,175626.03956129795,187579.27477148932,-11953.235210191371,0.020601745616205428,59.777011163532734
190,outdoor,scene_00024,outdoor/scene_00024/scan_00202,val/outdoor/scene_00024/scan_00202/00024_00202_outdoor_110_020.png,798,798,1064,769378,76930,1077098.0,538750.3722323996,559603.8754168183,-20853.50318441866,175626.03956129795,185525.59288961254,-9899.553328314592,0.020859571115584886,74.85803682357073
190,outdoor,scene_00024,outdoor/scene_00024/scan_00202,val/outdoor/scene_00024/scan_00202/00024_00202_outdoor_110_020.png,854,854,1134,769378,76930,1077098.0,538750.3722323996,575945.3195753037,-37194.94734290405,175626.03956129795,192473.0607090561,-16847.021147758147,0.020221585159030595,103.6425530910492
190,outdoor,scene_00024,outdoor/scene_00024/scan_00202,val/outdoor/scene_00024/scan_00202/00024_00202_outdoor_110_020.png,910,910,1218,769378,76930,1077098.0,538750.3722323996,582536.1716822644,-43785.799449864775,175626.03956129795,199348.11152844704,-23722.071967149095,0.02063127467248404,113.25310356914997
190,outdoor,scene_00024,outdoor/scene_00024/scan_00202,val/outdoor/scene_00024/scan_00202/00024_00202_outdoor_110_020.png,966,966,1288,769378,76930,1077098.0,538750.3722323996,582503.3744039126,-43753.002171512926,175626.03956129795,197935.0133606396,-22308.97379934165,0.020384645901104188,137.99103163182735
190,outdoor,scene_00024,outdoor/scene_00024/scan_00202,val/outdoor/scene_00024/scan_00202/00024_00202_outdoor_110_020.png,1022,1022,1358,769378,76930,1077098.0,538750.3722323996,576578.2091782665,-37827.83694586682,175626.03956129795,198594.21593130747,-22968.176370009518,0.020027092247670564,185.31863763928413
191,outdoor,scene_00024,outdoor/scene_00024/scan_00202,val/outdoor/scene_00024/scan_00202/00024_00202_outdoor_120_000.png,518,518,686,768431,76829,1075747.0,829809.4643044807,829809.4643044807,0.0,385150.75119949144,385150.75119949144,0.0,0.04647570859809117,26.852504350245
191,outdoor,scene_00024,outdoor/scene_00024/scan_00202,val/outdoor/scene_00024/scan_00202/00024_00202_outdoor_120_000.png,574,574,770,768431,76829,1075747.0,829809.4643044807,756191.4027563964,73618.06154808425,385150.75119949144,336980.3445342079,48170.406665283546,0.04537528520618995,34.369977191090584
191,outdoor,scene_00024,outdoor/scene_00024/scan_00202,val/outdoor/scene_00024/scan_00202/00024_00202_outdoor_120_000.png,630,630,840,768431,76829,1075747.0,829809.4643044807,817415.9452937099,12393.519010770833,385150.75119949144,376313.7006090155,8837.050590475963,0.045260640409148054,45.83841934800148
191,outdoor,scene_00024,outdoor/scene_00024/scan_00202,val/outdoor/scene_00024/scan_00202/00024_00202_outdoor_120_000.png,686,686,910,768431,76829,1075747.0,829809.4643044807,755694.1171330297,74115.34717145097,385150.75119949144,337952.6354459046,47198.11575358681,0.04425884255895742,53.49728651344776
191,outdoor,scene_00024,outdoor/scene_00024/scan_00202,val/outdoor/scene_00024/scan_00202/00024_00202_outdoor_120_000.png,742,742,994,768431,76829,1075747.0,829809.4643044807,733854.1719182283,95955.29238625243,385150.75119949144,322045.06534970267,63105.68584978877,0.04362539040324,60.56080851703882
191,outdoor,scene_00024,outdoor/scene_00024/scan_00202,val/outdoor/scene_00024/scan_00202/00024_00202_outdoor_120_000.png,798,798,1064,768431,76829,1075747.0,829809.4643044807,739470.0415828638,90339.42272161692,385150.75119949144,326941.3626923254,58209.38850716606,0.04358011489476371,74.98414348810911
191,outdoor,scene_00024,outdoor/scene_00024/scan_00202,val/outdoor/scene_00024/scan_00202/00024_00202_outdoor_120_000.png,854,854,1134,768431,76829,1075747.0,829809.4643044807,719518.7523323433,110290.71197213745,385150.75119949144,309536.74037664605,75614.01082284539,0.04316977532361779,99.03977252542973
191,outdoor,scene_00024,outdoor/scene_00024/scan_00202,val/outdoor/scene_00024/scan_00202/00024_00202_outdoor_120_000.png,910,910,1218,768431,76829,1075747.0,829809.4643044807,683477.723835612,146331.74046886875,385150.75119949144,290033.62695195957,95117.12424753187,0.04315017784474485,117.86467581987381
191,outdoor,scene_00024,outdoor/scene_00024/scan_00202,val/outdoor/scene_00024/scan_00202/00024_00202_outdoor_120_000.png,966,966,1288,768431,76829,1075747.0,829809.4643044807,670070.5558294622,159738.90847501846,385150.75119949144,286701.2041734824,98449.54702600907,0.04311305350396622,137.60471995919943
191,outdoor,scene_00024,outdoor/scene_00024/scan_00202,val/outdoor/scene_00024/scan_00202/00024_00202_outdoor_120_000.png,1022,1022,1358,768431,76829,1075747.0,829809.4643044807,662968.4685438555,166840.99576062523,385150.75119949144,281548.3421642026,103602.40903528885,0.04281545362489114,174.3872631341219
192,outdoor,scene_00024,outdoor/scene_00024/scan_00202,val/outdoor/scene_00024/scan_00202/00024_00202_outdoor_130_020.png,518,518,686,673562,67347,942950.0,549339.3292231534,549339.3292231534,0.0,218560.20052287742,218560.20052287742,0.0,0.019398620971231555,37.54656855016947
192,outdoor,scene_00024,outdoor/scene_00024/scan_00202,val/outdoor/scene_00024/scan_00202/00024_00202_outdoor_130_020.png,574,574,770,673562,67347,942950.0,549339.3292231534,571928.5688424889,-22589.23961933551,218560.20052287742,228359.9270908953,-9799.726568017883,0.018791136334566656,29.218505136668682
192,outdoor,scene_00024,outdoor/scene_00024/scan_00202,val/outdoor/scene_00024/scan_00202/00024_00202_outdoor_130_020.png,630,630,840,673562,67347,942950.0,549339.3292231534,560674.782839095,-11335.453615941573,218560.20052287742,225700.06332680362,-7139.862803926197,0.01902815899944632,45.631409622728825
192,outdoor,scene_00024,outdoor/scene_00024/scan_00202,val/outdoor/scene_00024/scan_00202/00024_00202_outdoor_130_020.png,686,686,910,673562,67347,942950.0,549339.3292231534,587237.2839023619,-37897.95467920846,218560.20052287742,236646.23579226842,-18086.035269390995,0.01809833648070595,57.736411690711975
192,outdoor,scene_00024,outdoor/scene_00024/scan_00202,val/outdoor/scene_00024/scan_00202/00024_00202_outdoor_130_020.png,742,742,994,673562,67347,942950.0,549339.3292231534,620591.5437211443,-71252.2144979909,218560.20052287742,252076.73868467513,-33516.53816179771,0.017708316209487557,59.741731733083725
192,outdoor,scene_00024,outdoor/scene_00024/scan_00202,val/outdoor/scene_00024/scan_00202/00024_00202_outdoor_130_020.png,798,798,1064,673562,67347,942950.0,549339.3292231534,581407.2677745456,-32067.938551392173,218560.20052287742,231309.01817748975,-12748.817654612329,0.018069467908390473,74.87529702484608
192,outdoor,scene_00024,outdoor/scene_00024/scan_00202,val/outdoor/scene_00024/scan_00202/00024_00202_outdoor_130_020.png,854,854,1134,673562,67347,942950.0,549339.3292231534,638384.2980641585,-89044.96884100512,218560.20052287742,260705.33175942602,-42145.131236548594,0.01718499109435131,108.42673014849424
192,outdoor,scene_00024,outdoor/scene_00024/scan_00202,val/outdoor/scene_00024/scan_00202/00024_00202_outdoor_130_020.png,910,910,1218,673562,67347,942950.0,549339.3292231534,643454.0163224529,-94114.68709929951,218560.20052287742,260212.27048951085,-41652.069966633426,0.017289520765178368,111.6642588749528
192,outdoor,scene_00024,outdoor/scene_00024/scan_00202,val/outdoor/scene_00024/scan_00202/00024_00202_outdoor_130_020.png,966,966,1288,673562,67347,942950.0,549339.3292231534,630950.1238079695,-81610.79458481609,218560.20052287742,255522.6916842513,-36962.49116137388,0.017162736093201448,136.28116808831692
192,outdoor,scene_00024,outdoor/scene_00024/scan_00202,val/outdoor/scene_00024/scan_00202/00024_00202_outdoor_130_020.png,1022,1022,1358,673562,67347,942950.0,549339.3292231534,642213.8396834185,-92874.5104602651,218560.20052287742,259045.47465856723,-40485.274135689804,0.016864063197592698,184.62345097213984
193,outdoor,scene_00024,outdoor/scene_00024/scan_00202,val/outdoor/scene_00024/scan_00202/00024_00202_outdoor_170_020.png,518,518,686,579736,57946,811520.0,526787.059794432,526787.059794432,0.0,289605.38561320223,289605.38561320223,0.0,0.08516043280127715,22.9972330853343
193,outdoor,scene_00024,outdoor/scene_00024/scan_00202,val/outdoor/scene_00024/scan_00202/00024_00202_outdoor_170_020.png,574,574,770,579736,57946,811520.0,526787.059794432,540742.6350193456,-13955.57522491354,289605.38561320223,292205.1541032159,-2599.7684900136665,0.08362828970066212,24.870331399142742
193,outdoor,scene_00024,outdoor/scene_00024/scan_00202,val/outdoor/scene_00024/scan_00202/00024_00202_outdoor_170_020.png,630,630,840,579736,57946,811520.0,526787.059794432,510289.30237842794,16497.757416004082,289605.38561320223,277481.0909595671,12124.294653635123,0.08140798974118518,38.45581319183111
193,outdoor,scene_00024,outdoor/scene_00024/scan_00202,val/outdoor/scene_00024/scan_00202/00024_00202_outdoor_170_020.png,686,686,910,579736,57946,811520.0,526787.059794432,538723.0134262652,-11935.953631833196,289605.38561320223,288820.3549772864,785.030635915813,0.07862487153299087,44.817606918513775
193,outdoor,scene_00024,outdoor/scene_00024/scan_00202,val/outdoor/scene_00024/scan_00202/00024_00202_outdoor_170_020.png,742,742,994,579736,57946,811520.0,526787.059794432,527539.5203857904,-752.4605913583655,289605.38561320223,279250.4076800482,10354.977933154034,0.07459706438646335,54.27096877247095
193,outdoor,scene_00024,outdoor/scene_00024/scan_00202,val/outdoor/scene_00024/scan_00202/00024_00202_outdoor_170_020.png,798,798,1064,579736,57946,811520.0,526787.059794432,528666.6918836471,-1879.632089215098,289605.38561320223,277177.05039543053,12428.335217771702,0.07090681778501504,62.63050623238087
193,outdoor,scene_00024,outdoor/scene_00024/scan_00202,val/outdoor/scene_00024/scan_00202/00024_00202_outdoor_170_020.png,854,854,1134,579736,57946,811520.0,526787.059794432,543283.0772799148,-16496.017485482735,289605.38561320223,289419.90389492444,185.48171827779151,0.07807889844870469,83.1178305670619
193,outdoor,scene_00024,outdoor/scene_00024/scan_00202,val/outdoor/scene_00024/scan_00202/00024_00202_outdoor_170_020.png,910,910,1218,579736,57946,811520.0,526787.059794432,555520.2673645095,-28733.207570077502,289605.38561320223,286676.73450723715,2928.65110596508,0.0699745985865439,97.40710351616144
193,outdoor,scene_00024,outdoor/scene_00024/scan_00202,val/outdoor/scene_00024/scan_00202/00024_00202_outdoor_170_020.png,966,966,1288,579736,57946,811520.0,526787.059794432,550143.4819975334,-23356.422203101334,289605.38561320223,283514.6096260902,6090.7759871120215,0.07301476916623681,115.55256880819798
193,outdoor,scene_00024,outdoor/scene_00024/scan_00202,val/outdoor/scene_00024/scan_00202/00024_00202_outdoor_170_020.png,1022,1022,1358,579736,57946,811520.0,526787.059794432,562725.0676392475,-35938.007844815496,289605.38561320223,289924.26476255106,-318.8791493488243,0.07659490005922068,149.84051417559385
194,outdoor,scene_00024,outdoor/scene_00024/scan_00202,val/outdoor/scene_00024/scan_00202/00024_00202_outdoor_180_010.png,518,518,686,743342,74272,1040430.0,713216.1368777362,713216.1368777362,0.0,386502.3924572803,386502.3924572803,0.0,0.05729211627394464,22.915253415703773
194,outdoor,scene_00024,outdoor/scene_00024/scan_00202,val/outdoor/scene_00024/scan_00202/00024_00202_outdoor_180_010.png,574,574,770,743342,74272,1040430.0,713216.1368777362,696499.5006103014,16716.636267434806,386502.3924572803,374391.1941729656,12111.198284314713,0.05500183489909036,24.860217235982418
194,outdoor,scene_00024,outdoor/scene_00024/scan_00202,val/outdoor/scene_00024/scan_00202/00024_00202_outdoor_180_010.png,630,630,840,743342,74272,1040430.0,713216.1368777362,633579.1783975033,79636.95848023286,386502.3924572803,339015.36101844715,47487.03143883316,0.05647884773158729,38.50649390369654
194,outdoor,scene_00024,outdoor/scene_00024/scan_00202,val/outdoor/scene_00024/scan_00202/00024_00202_outdoor_180_010.png,686,686,910,743342,74272,1040430.0,713216.1368777362,574994.525507783,138221.61136995314,386502.3924572803,310634.45101709175,75867.94144018856,0.05615261903121479,44.85353175550699
194,outdoor,scene_00024,outdoor/scene_00024/scan_00202,val/outdoor/scene_00024/scan_00202/00024_00202_outdoor_180_010.png,742,742,994,743342,74272,1040430.0,713216.1368777362,639338.1870968508,73877.94978088536,386502.3924572803,344754.08850594715,41748.30395133316,0.054589083005853516,50.13452749699354
194,outdoor,scene_00024,outdoor/scene_00024/scan_00202,val/outdoor/scene_00024/scan_00202/00024_00202_outdoor_180_010.png,798,798,1064,743342,74272,1040430.0,713216.1368777362,572237.6015789916,140978.53529874457,386502.3924572803,310091.66172168206,76410.73073559825,0.05652376283147421,62.94411979615688
194,outdoor,scene_00024,outdoor/scene_00024/scan_00202,val/outdoor/scene_00024/scan_00202/00024_00202_outdoor_180_010.png,854,854,1134,743342,74272,1040430.0,713216.1368777362,577059.2760880536,136156.8607896826,386502.3924572803,309136.1876739861,77366.20478329423,0.05284443711959734,83.38081743568182
194,outdoor,scene_00024,outdoor/scene_00024/scan_00202,val/outdoor/scene_00024/scan_00202/00024_00202_outdoor_180_010.png,910,910,1218,743342,74272,1040430.0,713216.1368777362,551830.074529669,161386.06234806718,386502.3924572803,297776.1692611368,88726.22319614352,0.054559132141712846,94.88293435424566
194,outdoor,scene_00024,outdoor/scene_00024/scan_00202,val/outdoor/scene_00024/scan_00202/00024_00202_outdoor_180_010.png,966,966,1288,743342,74272,1040430.0,713216.1368777362,538370.5264943468,174845.6103833894,386502.3924572803,295796.0836957658,90706.30876151449,0.056396314607797746,115.2400728315115
194,outdoor,scene_00024,outdoor/scene_00024/scan_00202,val/outdoor/scene_00024/scan_00202/00024_00202_outdoor_180_010.png,1022,1022,1358,743342,74272,1040430.0,713216.1368777362,545359.233654409,167856.90322332724,386502.3924572803,298841.0172538744,87661.37520340591,0.05387700972853531,155.41807375848293
195,outdoor,scene_00024,outdoor/scene_00024/scan_00202,val/outdoor/scene_00024/scan_00202/00024_00202_outdoor_190_000.png,518,518,686,763272,76308,1068504.0,1166976.217851304,1166976.217851304,0.0,559799.8657210581,559799.8657210581,0.0,0.04662493595540079,22.827861830592155
195,outdoor,scene_00024,outdoor/scene_00024/scan_00202,val/outdoor/scene_00024/scan_00202/00024_00202_outdoor_190_000.png,574,574,770,763272,76308,1068504.0,1166976.217851304,1170595.0991696045,-3618.881318300497,559799.8657210581,564824.5088478362,-5024.643126778072,0.04581715037979805,24.789391085505486
195,outdoor,scene_00024,outdoor/scene_00024/scan_00202,val/outdoor/scene_00024/scan_00202/00024_00202_outdoor_190_000.png,630,630,840,763272,76308,1068504.0,1166976.217851304,1094354.9646546307,72621.25319667323,559799.8657210581,526729.3528126134,33070.51290844474,0.045221616862063135,38.91391400247812
195,outdoor,scene_00024,outdoor/scene_00024/scan_00202,val/outdoor/scene_00024/scan_00202/00024_00202_outdoor_190_000.png,686,686,910,763272,76308,1068504.0,1166976.217851304,956607.5209778255,210368.69687347848,559799.8657210581,455281.93684849807,104517.92887256003,0.044448479983610276,45.2701598405838
195,outdoor,scene_00024,outdoor/scene_00024/scan_00202,val/outdoor/scene_00024/scan_00202/00024_00202_outdoor_190_000.png,742,742,994,763272,76308,1068504.0,1166976.217851304,919128.3281398806,247847.88971142343,559799.8657210581,442399.5561270895,117400.30959396862,0.04350376646724472,50.34769978374243
195,outdoor,scene_00024,outdoor/scene_00024/scan_00202,val/outdoor/scene_00024/scan_00202/00024_00202_outdoor_190_000.png,798,798,1064,763272,76308,1068504.0,1166976.217851304,862953.3943356569,304022.8235156471,559799.8657210581,412110.0984548809,147689.76726617722,0.04305349187861708,62.83694691956043
195,outdoor,scene_00024,outdoor/scene_00024/scan_00202,val/outdoor/scene_00024/scan_00202/00024_00202_outdoor_190_000.png,854,854,1134,763272,76308,1068504.0,1166976.217851304,830223.6382873373,336752.5795639667,559799.8657210581,399117.97315142583,160681.89256963227,0.042454238978223605,83.17186590284109
195,outdoor,scene_00024,outdoor/scene_00024/scan_00202,val/outdoor/scene_00024/scan_00202/00024_00202_outdoor_190_000.png,910,910,1218,763272,76308,1068504.0,1166976.217851304,823101.0739132013,343875.14393810264,559799.8657210581,389704.370799612,170095.49492144608,0.04192894984910992,97.85808809101582
195,outdoor,scene_00024,outdoor/scene_00024/scan_00202,val/outdoor/scene_00024/scan_00202/00024_00202_outdoor_190_000.png,966,966,1288,763272,76308,1068504.0,1166976.217851304,824919.5787812553,342056.6390700487,559799.8657210581,394696.9212673019,165102.9444537562,0.04155935216437311,116.59331433475018
195,outdoor,scene_00024,outdoor/scene_00024/scan_00202,val/outdoor/scene_00024/scan_00202/00024_00202_outdoor_190_000.png,1022,1022,1358,763272,76308,1068504.0,1166976.217851304,768934.5054633392,398041.7123879648,559799.8657210581,363974.5236943763,195825.3420266818,0.04205747082531411,147.1438892185688
196,outdoor,scene_00024,outdoor/scene_00024/scan_00202,val/outdoor/scene_00024/scan_00202/00024_00202_outdoor_190_020.png,518,518,686,623995,62329,873311.0,480080.3588520633,480080.3588520633,0.0,239382.4803737802,239382.4803737802,0.0,0.020597887226841374,53.458292968571186
196,outdoor,scene_00024,outdoor/scene_00024/scan_00202,val/outdoor/scene_00024/scan_00202/00024_00202_outdoor_190_020.png,574,574,770,623995,62329,873311.0,480080.3588520633,478905.90479873185,1174.4540533314575,239382.4803737802,239599.9127546759,-217.4323808956833,0.020465435685458926,58.42388700693846
196,outdoor,scene_00024,outdoor/scene_00024/scan_00202,val/outdoor/scene_00024/scan_00202/00024_00202_outdoor_190_020.png,630,630,840,623995,62329,873311.0,480080.3588520633,482609.4988680478,-2529.140015984478,239382.4803737802,239052.04860213897,330.4317716412479,0.020095721813760768,90.32084420323372
196,outdoor,scene_00024,outdoor/scene_00024/scan_00202,val/outdoor/scene_00024/scan_00202/00024_00202_outdoor_190_020.png,686,686,910,623995,62329,873311.0,480080.3588520633,491871.8205003765,-11791.461648313212,239382.4803737802,241030.49387755705,-1648.013503776834,0.01955469904339211,105.59678543359041
196,outdoor,scene_00024,outdoor/scene_00024/scan_00202,val/outdoor/scene_00024/scan_00202/00024_00202_outdoor_190_020.png,742,742,994,623995,62329,873311.0,480080.3588520633,499712.6536606901,-19632.294808626815,239382.4803737802,246451.21342216956,-7068.733048389346,0.01899468406550912,60.21775119006634
196,outdoor,scene_00024,outdoor/scene_00024/scan_00202,val/outdoor/scene_00024/scan_00202/00024_00202_outdoor_190_020.png,798,798,1064,623995,62329,873311.0,480080.3588520633,504543.81026928604,-24463.451417222735,239382.4803737802,247573.9696161203,-8191.489242340089,0.01877141439072381,74.50851518660784
196,outdoor,scene_00024,outdoor/scene_00024/scan_00202,val/outdoor/scene_00024/scan_00202/00024_00202_outdoor_190_020.png,854,854,1134,623995,62329,873311.0,480080.3588520633,527140.3630281475,-47060.004176084185,239382.4803737802,261774.67486729217,-22392.194493511954,0.017739731644878798,99.26653187721968
196,outdoor,scene_00024,outdoor/scene_00024/scan_00202,val/outdoor/scene_00024/scan_00202/00024_00202_outdoor_190_020.png,910,910,1218,623995,62329,873311.0,480080.3588520633,510908.86706323683,-30828.508211173525,239382.4803737802,251103.55613120418,-11721.075757423969,0.018261583747267413,111.70322354882956
196,outdoor,scene_00024,outdoor/scene_00024/scan_00202,val/outdoor/scene_00024/scan_00202/00024_00202_outdoor_190_020.png,966,966,1288,623995,62329,873311.0,480080.3588520633,506664.736600634,-26584.377748570696,239382.4803737802,250028.31310891666,-10645.832735136442,0.018057520218988463,136.00994367152452
196,outdoor,scene_00024,outdoor/scene_00024/scan_00202,val/outdoor/scene_00024/scan_00202/00024_00202_outdoor_190_020.png,1022,1022,1358,623995,62329,873311.0,480080.3588520633,514482.25591778173,-34401.897065718425,239382.4803737802,253202.08469201362,-13819.60431823341,0.017753822714301124,174.55398757010698
197,outdoor,scene_00024,outdoor/scene_00024/scan_00202,val/outdoor/scene_00024/scan_00202/00024_00202_outdoor_210_000.png,518,518,686,762282,76212,1067130.0,1463726.0604155671,1463726.0604155671,0.0,571230.3494863734,571230.3494863734,0.0,0.04727850982000139,26.466161012649536
197,outdoor,scene_00024,outdoor/scene_00024/scan_00202,val/outdoor/scene_00024/scan_00202/00024_00202_outdoor_210_000.png,574,574,770,762282,76212,1067130.0,1463726.0604155671,1462522.6698098357,1203.3906057314016,571230.3494863734,550697.5319489919,20532.81753738143,0.046242796844834934,28.62281445413828
197,outdoor,scene_00024,outdoor/scene_00024/scan_00202,val/outdoor/scene_00024/scan_00202/00024_00202_outdoor_210_000.png,630,630,840,762282,76212,1067130.0,1463726.0604155671,1412014.4730673376,51711.587348229485,571230.3494863734,543464.723111944,27765.626374429325,0.045610150041385814,45.55829521268606
197,outdoor,scene_00024,outdoor/scene_00024/scan_00202,val/outdoor/scene_00024/scan_00202/00024_00202_outdoor_210_000.png,686,686,910,762282,76212,1067130.0,1463726.0604155671,1280732.9060704822,182993.1543450849,571230.3494863734,482443.0528167231,88787.29666965024,0.04417445125524124,94.55917216837406
197,outdoor,scene_00024,outdoor/scene_00024/scan_00202,val/outdoor/scene_00024/scan_00202/00024_00202_outdoor_210_000.png,742,742,994,762282,76212,1067130.0,1463726.0604155671,1119695.7841540584,344030.2762615087,571230.3494863734,429177.76748986146,142052.5819965119,0.04334770766541448,59.89923141896725
197,outdoor,scene_00024,outdoor/scene_00024/scan_00202,val/outdoor/scene_00024/scan_00202/00024_00202_outdoor_210_000.png,798,798,1064,762282,76212,1067130.0,1463726.0604155671,1114964.0926144377,348761.96780112945,571230.3494863734,425810.97222473833,145419.37726163503,0.04310460206437989,74.72057733684778
197,outdoor,scene_00024,outdoor/scene_00024/scan_00202,val/outdoor/scene_00024/scan_00202/00024_00202_outdoor_210_000.png,854,854,1134,762282,76212,1067130.0,1463726.0604155671,1007596.1980583104,456129.8623572567,571230.3494863734,387554.3437235619,183676.00576281146,0.042800340083942554,98.93528465181589
197,outdoor,scene_00024,outdoor/scene_00024/scan_00202,val/outdoor/scene_00024/scan_00202/00024_00202_outdoor_210_000.png,910,910,1218,762282,76212,1067130.0,1463726.0604155671,1040324.7334790865,423401.3269364806,571230.3494863734,385441.8344958015,185788.5149905719,0.04125638816808475,111.89599521458149
197,outdoor,scene_00024,outdoor/scene_00024/scan_00202,val/outdoor/scene_00024/scan_00202/00024_00202_outdoor_210_000.png,966,966,1288,762282,76212,1067130.0,1463726.0604155671,962573.4640264097,501152.59638915746,571230.3494863734,362139.383085876,209090.96640049736,0.04148268186219309,129.14183922111988
197,outdoor,scene_00024,outdoor/scene_00024/scan_00202,val/outdoor/scene_00024/scan_00202/00024_00202_outdoor_210_000.png,1022,1022,1358,762282,76212,1067130.0,1463726.0604155671,957266.9329743733,506459.1274411938,571230.3494863734,352497.9918316369,218732.3576547365,0.04074759529087133,166.1307578906417
198,outdoor,scene_00024,outdoor/scene_00024/scan_00202,val/outdoor/scene_00024/scan_00202/00024_00202_outdoor_300_030.png,518,518,686,355523,35441,497287.0,1210835.9798911675,1210835.9798911675,0.0,552583.68409285,552583.68409285,0.0,0.023838951496563038,48.60102944076061
198,outdoor,scene_00024,outdoor/scene_00024/scan_00202,val/outdoor/scene_00024/scan_00202/00024_00202_outdoor_300_030.png,574,574,770,355523,35441,497287.0,1210835.9798911675,1162016.6525560478,48819.32733511971,552583.68409285,535304.229442746,17279.45465010393,0.02334208419476838,29.406045563519
198,outdoor,scene_00024,outdoor/scene_00024/scan_00202,val/outdoor/scene_00024/scan_00202/00024_00202_outdoor_300_030.png,630,630,840,355523,35441,497287.0,1210835.9798911675,1304200.8998705307,-93364.91997936321,552583.68409285,585940.8898480526,-33357.20575520268,0.021931620124763383,42.56595950573683
198,outdoor,scene_00024,outdoor/scene_00024/scan_00202,val/outdoor/scene_00024/scan_00202/00024_00202_outdoor_300_030.png,686,686,910,355523,35441,497287.0,1210835.9798911675,1186615.8506248218,24220.12926634564,552583.68409285,544367.1841935898,8216.499899260118,0.022414661058033,49.006219021975994
198,outdoor,scene_00024,outdoor/scene_00024/scan_00202,val/outdoor/scene_00024/scan_00202/00024_00202_outdoor_300_030.png,742,742,994,355523,35441,497287.0,1210835.9798911675,1215012.400170565,-4176.420279397396,552583.68409285,556375.5753663729,-3791.8912735229824,0.022768704576346718,56.93053174763918
198,outdoor,scene_00024,outdoor/scene_00024/scan_00202,val/outdoor/scene_00024/scan_00202/00024_00202_outdoor_300_030.png,798,798,1064,355523,35441,497287.0,1210835.9798911675,1221433.4933163298,-10597.513425162295,552583.68409285,562102.3943702187,-9518.71027736878,0.021618229171107214,69.6030417457223
198,outdoor,scene_00024,outdoor/scene_00024/scan_00202,val/outdoor/scene_00024/scan_00202/00024_00202_outdoor_300_030.png,854,854,1134,355523,35441,497287.0,1210835.9798911675,1338133.6459671997,-127297.66607603221,552583.68409285,613427.5663314874,-60843.88223863742,0.021664787699529967,118.87664534151554
198,outdoor,scene_00024,outdoor/scene_00024/scan_00202,val/outdoor/scene_00024/scan_00202/00024_00202_outdoor_300_030.png,910,910,1218,355523,35441,497287.0,1210835.9798911675,1265026.0147661027,-54190.03487493517,552583.68409285,581965.3152027989,-29381.63110994897,0.021353425307032672,109.6216756850481
198,outdoor,scene_00024,outdoor/scene_00024/scan_00202,val/outdoor/scene_00024/scan_00202/00024_00202_outdoor_300_030.png,966,966,1288,355523,35441,497287.0,1210835.9798911675,1350742.6640271991,-139906.68413603166,552583.68409285,618838.2152875445,-66254.53119469457,0.021207986052761953,156.42761159688234
198,outdoor,scene_00024,outdoor/scene_00024/scan_00202,val/outdoor/scene_00024/scan_00202/00024_00202_outdoor_300_030.png,1022,1022,1358,355523,35441,497287.0,1210835.9798911675,1405287.937571583,-194451.9576804156,552583.68409285,641536.6375513526,-88952.95345850266,0.02105730598742852,174.28452894091606
199,outdoor,scene_00024,outdoor/scene_00024/scan_00202,val/outdoor/scene_00024/scan_00202/00024_00202_outdoor_330_040.png,518,518,686,255664,25550,357864.0,280268.7133314839,280268.7133314839,0.0,132118.26534306657,132118.26534306657,0.0,0.013192408372195987,48.88717271387577
199,outdoor,scene_00024,outdoor/scene_00024/scan_00202,val/outdoor/scene_00024/scan_00202/00024_00202_outdoor_330_040.png,574,574,770,255664,25550,357864.0,280268.7133314839,271245.15545667405,9023.557874809834,132118.26534306657,130295.93507432721,1822.3302687393589,0.012537316351969596,27.998685836791992
199,outdoor,scene_00024,outdoor/scene_00024/scan_00202,val/outdoor/scene_00024/scan_00202/00024_00202_outdoor_330_040.png,630,630,840,255664,25550,357864.0,280268.7133314839,279697.73699608486,570.9763353990274,132118.26534306657,133626.03701261597,-1507.7716695494018,0.012857449268028098,43.772404082119465
199,outdoor,scene_00024,outdoor/scene_00024/scan_00202,val/outdoor/scene_00024/scan_00202/00024_00202_outdoor_330_040.png,686,686,910,255664,25550,357864.0,280268.7133314839,277703.59798546194,2565.1153460219502,132118.26534306657,134517.65353964304,-2399.388196576474,0.012282421582077763,53.4050352871418
199,outdoor,scene_00024,outdoor/scene_00024/scan_00202,val/outdoor/scene_00024/scan_00202/00024_00202_outdoor_330_040.png,742,742,994,255664,25550,357864.0,280268.7133314839,271401.1468301042,8867.566501379712,132118.26534306657,130594.81550460166,1523.449838464905,0.01226685297535178,59.552804566919804
199,outdoor,scene_00024,outdoor/scene_00024/scan_00202,val/outdoor/scene_00024/scan_00202/00024_00202_outdoor_330_040.png,798,798,1064,255664,25550,357864.0,280268.7133314839,287602.51331581373,-7333.799984329846,132118.26534306657,138568.60973159285,-6450.344388526282,0.012265392684923238,73.14576581120491
199,outdoor,scene_00024,outdoor/scene_00024/scan_00202,val/outdoor/scene_00024/scan_00202/00024_00202_outdoor_330_040.png,854,854,1134,255664,25550,357864.0,280268.7133314839,277626.55369592534,2642.15963555855,132118.26534306657,132098.63069866263,19.634644403937273,0.012072316021178513,99.27520900964737
199,outdoor,scene_00024,outdoor/scene_00024/scan_00202,val/outdoor/scene_00024/scan_00202/00024_00202_outdoor_330_040.png,910,910,1218,255664,25550,357864.0,280268.7133314839,279097.2581688466,1171.455162637285,132118.26534306657,132588.4416961736,-470.1763531070319,0.011649822033613066,113.62578440457582
199,outdoor,scene_00024,outdoor/scene_00024/scan_00202,val/outdoor/scene_00024/scan_00202/00024_00202_outdoor_330_040.png,966,966,1288,255664,25550,357864.0,280268.7133314839,291258.73627950856,-10990.022948024678,132118.26534306657,142108.27825776977,-9990.012914703198,0.01170535772413532,136.35221682488918
199,outdoor,scene_00024,outdoor/scene_00024/scan_00202,val/outdoor/scene_00024/scan_00202/00024_00202_outdoor_330_040.png,1022,1022,1358,255664,25550,357864.0,280268.7133314839,275852.53408639214,4416.179245091742,132118.26534306657,132567.38873524033,-449.1233921737585,0.011830155727499887,181.81228451430798
