sample_index,domain,scene_id,scan_id,image_relpath,region_id,row,column,x0,y0,x1,y1,valid_pixel_count,boundary_pixel_count,weight_sum,base_primary_error_sum,refined_primary_error_sum,primary_utility_sum,base_absrel_error_sum,refined_absrel_error_sum,absrel_utility_sum,rgb_gradient_score,base_gradient_score,patch_affine_scale,patch_affine_shift
0,indoors,scene_00019,indoors/scene_00019/scan_00183,val/indoors/scene_00019/scan_00183/00019_00183_indoors_000_040.png,0,0,0,0,0,256,256,65501,11870,112981.0,11250.368123864298,11265.645564033659,-15.27744016935824,4364.057669545047,4388.4067587932295,-24.349089248181723,0.007223521767845352,0.010753160804388272,0.05424246458542864,2.6414011642123794
0,indoors,scene_00019,indoors/scene_00019/scan_00183,val/indoors/scene_00019/scan_00183/00019_00183_indoors_000_040.png,1,0,1,256,0,512,256,65530,7606,95954.0,5975.881954802065,5884.393535274839,91.48841952722509,2002.509534095147,2002.1883187714973,0.3212153236496986,0.008813551448432034,0.005447431472607767,0.48871614147260295,0.8879864280650395
0,indoors,scene_00019,indoors/scene_00019/scan_00183,val/indoors/scene_00019/scan_00183/00019_00183_indoors_000_040.png,2,0,2,512,0,768,256,65534,8631,100058.0,6734.25947141962,6791.771042830896,-57.5115714112744,2646.7513913289986,2678.426097137544,-31.674705808545404,0.011273577415551746,0.004184813348552407,0.10347371642341709,1.4533753419293742
0,indoors,scene_00019,indoors/scene_00019/scan_00183,val/indoors/scene_00019/scan_00183/00019_00183_indoors_000_040.png,3,0,3,768,0,1024,256,65530,10881,109054.0,8569.810329121807,8543.418716528895,26.391612592909876,4262.606826771615,4249.796362011572,12.810464760043722,0.012605063509686416,0.009486787211144519,0.3084452911897827,1.0981630454360898
0,indoors,scene_00019,indoors/scene_00019/scan_00183,val/indoors/scene_00019/scan_00183/00019_00183_indoors_000_040.png,4,1,0,0,256,256,512,65536,4576,83840.0,5396.776507221768,5273.204481697716,123.57202552405252,2790.725420556718,2780.8362592309586,9.889161325758907,0.009565170190596297,0.009988338955417534,0.45579119949639507,1.7050481343746307
0,indoors,scene_00019,indoors/scene_00019/scan_00183,val/indoors/scene_00019/scan_00183/00019_00183_indoors_000_040.png,5,1,1,256,256,512,512,65513,3418,79185.0,3940.432155901533,3914.325392647266,26.106763254266678,2055.7846663534974,2050.8056805189744,4.978985834522965,0.00797537266225122,0.00428473754504283,0.3905840704582708,0.7477559116604006
0,indoors,scene_00019,indoors/scene_00019/scan_00183,val/indoors/scene_00019/scan_00183/00019_00183_indoors_000_040.png,6,1,2,512,256,768,512,65536,9242,102504.0,5455.242939846905,5467.567562329959,-12.32462248305417,2268.8152108510226,2274.838273096877,-6.023062245854231,0.011149062877314516,0.007004176500617485,0.28459307356914504,0.8844529745258505
0,indoors,scene_00019,indoors/scene_00019/scan_00183,val/indoors/scene_00019/scan_00183/00019_00183_indoors_000_040.png,7,1,3,768,256,1024,512,65508,10531,107632.0,8426.591650709335,8011.114314448551,415.4773362607833,3609.1380309309016,3431.5892392302862,177.54879170061514,0.013144029031475967,0.014046522095038937,0.2299566981874977,0.8677701802674198
0,indoors,scene_00019,indoors/scene_00019/scan_00183,val/indoors/scene_00019/scan_00183/00019_00183_indoors_000_040.png,8,2,0,0,512,256,768,65535,3907,81163.0,2453.4502348139804,2421.886981357914,31.563253456066995,990.6018338622581,985.1350702551597,5.466763607098409,0.017049323452122216,0.008935675515251344,0.4344825361292604,2.246223614819513
0,indoors,scene_00019,indoors/scene_00019/scan_00183,val/indoors/scene_00019/scan_00183/00019_00183_indoors_000_040.png,9,2,1,256,512,512,768,65535,888,69087.0,1649.0857582993247,1644.2549239727723,4.830834326552224,1246.1893138039468,1241.9036959327718,4.285617871175046,0.00948214468960067,0.004419346318751709,0.3013390258891687,1.70911121561327
0,indoors,scene_00019,indoors/scene_00019/scan_00183,val/indoors/scene_00019/scan_00183/00019_00183_indoors_000_040.png,10,2,2,512,512,768,768,65536,3426,79240.0,4661.922574635355,4729.898560109231,-67.97598547387535,3343.2672587605866,3351.013579228801,-7.746320468214279,0.00942233613285429,0.008788270412703586,0.3608526420654939,0.9654505131453988
0,indoors,scene_00019,indoors/scene_00019/scan_00183,val/indoors/scene_00019/scan_00183/00019_00183_indoors_000_040.png,11,2,3,768,512,1024,768,65536,3657,80164.0,2711.3495105007296,2715.366614975973,-4.0171044752432365,1327.5120150889989,1325.8083753864087,1.7036397025902132,0.013051226036984501,0.0031815623913424955,0.2669437191570022,1.026883001780688
1,indoors,scene_00019,indoors/scene_00019/scan_00183,val/indoors/scene_00019/scan_00183/00019_00183_indoors_030_040.png,0,0,0,0,0,256,256,65536,3848,80928.0,9674.997037554123,9706.588718433264,-31.591680879139943,7059.021653559477,7063.277207762561,-4.255554203084122,0.00911156512000569,0.007606234046943563,0.47595523862803835,2.6107541454939285
1,indoors,scene_00019,indoors/scene_00019/scan_00183,val/indoors/scene_00019/scan_00183/00019_00183_indoors_030_040.png,1,0,1,256,0,512,256,65468,10507,107496.0,11329.070040928353,11391.314097355864,-62.244056427511815,4194.69751778232,4212.461095493976,-17.76357771165699,0.010384250975668825,0.008688496743096179,0.6556584551455815,0.8064672524794303
1,indoors,scene_00019,indoors/scene_00019/scan_00183,val/indoors/scene_00019/scan_00183/00019_00183_indoors_030_040.png,2,0,2,512,0,768,256,65516,19316,142780.0,9557.225713722384,9552.555321042688,4.670392679695183,3740.0191526217754,3752.0817706880207,-12.062618066244918,0.006646551260623729,0.0076892217712302684,0.2775943682820639,1.1138868911874094
1,indoors,scene_00019,indoors/scene_00019/scan_00183,val/indoors/scene_00019/scan_00183/00019_00183_indoors_030_040.png,3,0,3,768,0,1024,256,65509,10469,107385.0,7389.6710537629715,7388.703533633081,0.9675201298904028,3569.654705027641,3567.592343599517,2.0623614281237472,0.008508517172452516,0.0073633190836476705,0.18544027060903956,0.8249820510880062
1,indoors,scene_00019,indoors/scene_00019/scan_00183,val/indoors/scene_00019/scan_00183/00019_00183_indoors_030_040.png,4,1,0,0,256,256,512,65536,0,65536.0,2788.739810443769,2788.173560586013,0.5662498577561936,2788.739810443769,2788.173560586013,0.5662498577561936,0.00030239138371819296,0.007733390657968924,0.6067296876653899,2.965906399025606
1,indoors,scene_00019,indoors/scene_00019/scan_00183,val/indoors/scene_00019/scan_00183/00019_00183_indoors_030_040.png,5,1,1,256,256,512,512,65521,793,68693.0,1666.4189289322392,1669.2996625787673,-2.880733646528323,1253.584111734395,1258.2176114235888,-4.6334996891939255,0.00551773288162325,0.008269878446648608,0.5242508728973525,1.9004769723116592
1,indoors,scene_00019,indoors/scene_00019/scan_00183,val/indoors/scene_00019/scan_00183/00019_00183_indoors_030_040.png,6,1,2,512,256,768,512,65496,14399,123092.0,8325.68642279422,8189.384409640639,136.3020131535812,2444.338874209139,2395.1664964225442,49.172377786594694,0.012029061508883453,0.017311839541558995,0.41872464158729134,1.0583027952673125
1,indoors,scene_00019,indoors/scene_00019/scan_00183,val/indoors/scene_00019/scan_00183/00019_00183_indoors_030_040.png,7,1,3,768,256,1024,512,65536,278,66648.0,2720.420539372388,2713.157797546301,7.2627418260867955,2653.995984836541,2647.3044636759987,6.691521160542406,0.006824279739594137,0.0031302254726699006,0.3241267698091109,0.5738342095030137
1,indoors,scene_00019,indoors/scene_00019/scan_00183,val/indoors/scene_00019/scan_00183/00019_00183_indoors_030_040.png,8,2,0,0,512,256,768,65536,4876,85040.0,2263.4420877520547,2404.993300624993,-141.5512128729386,1459.5467245043778,1571.5624755603371,-112.01575105595938,0.011156618884891088,0.00822169419709628,0.36885492423654687,4.922473479011687
1,indoors,scene_00019,indoors/scene_00019/scan_00183,val/indoors/scene_00019/scan_00183/00019_00183_indoors_030_040.png,9,2,1,256,512,512,768,65536,4872,85024.0,4521.150610268844,4516.209522091686,4.941088177157086,3203.7287710672013,3202.1915910691796,1.5371799980213248,0.008720588101663429,0.008774788245318086,0.6338573055456526,2.6046394412994274
1,indoors,scene_00019,indoors/scene_00019/scan_00183,val/indoors/scene_00019/scan_00183/00019_00183_indoors_030_040.png,10,2,2,512,512,768,768,65536,7248,94528.0,6884.067896457805,6864.281105553468,19.786790904337234,4252.51234223469,4247.069647714401,5.442694520287957,0.012959434245391005,0.012491631816217569,0.442867819959044,1.7430195092073055
1,indoors,scene_00019,indoors/scene_00019/scan_00183,val/indoors/scene_00019/scan_00183/00019_00183_indoors_030_040.png,11,2,3,768,512,1024,768,65534,2020,73614.0,2896.509177726848,2890.88276023165,5.626417495197875,2088.4848212917514,2083.058967052719,5.425854239032434,0.014929741892947835,0.004456500370384052,0.5627584221628825,0.9886883588120465
2,indoors,scene_00019,indoors/scene_00019/scan_00183,val/indoors/scene_00019/scan_00183/00019_00183_indoors_060_000.png,0,0,0,0,0,256,256,65536,0,65536.0,517.0302572838698,515.855104339716,1.1751529441538495,517.0302572838698,515.855104339716,1.1751529441538495,0.007614974240022061,0.001535993402860296,0.4877203698616629,0.07126722335024926
2,indoors,scene_00019,indoors/scene_00019/scan_00183,val/indoors/scene_00019/scan_00183/00019_00183_indoors_060_000.png,1,0,1,256,0,512,256,65536,71,65820.0,640.9955815699236,656.9966159198218,-16.001034349898145,609.1736450546206,625.1588390035474,-15.98519394892677,0.010672387012527054,0.0020562300974194575,0.1780385456978283,0.9118216688975316
2,indoors,scene_00019,indoors/scene_00019/scan_00183,val/indoors/scene_00019/scan_00183/00019_00183_indoors_060_000.png,2,0,2,512,0,768,256,65536,61,65780.0,1372.7583296905786,1391.2868332726805,-18.528503582101866,1359.1455461922292,1378.7037851796658,-19.55823898743644,0.00997910175481817,0.0018444762966560288,0.15893465313909277,0.7779816002031665
2,indoors,scene_00019,indoors/scene_00019/scan_00183,val/indoors/scene_00019/scan_00183/00019_00183_indoors_060_000.png,3,0,3,768,0,1024,256,65536,16,65600.0,2573.2463338042244,2600.4883448504834,-27.242011046259403,2570.1793956082784,2597.8945501339886,-27.715154525709853,0.009193610168285888,0.0021553378110783237,0.1749711833330538,0.5444966869111172
2,indoors,scene_00019,indoors/scene_00019/scan_00183,val/indoors/scene_00019/scan_00183/00019_00183_indoors_060_000.png,4,1,0,0,256,256,512,65507,635,68047.0,2119.722879601861,2116.9643758532784,2.758503748582834,1668.482080465373,1658.5433844943755,9.938695970997532,0.0355071348610127,0.003872135966934022,0.17949604503449557,1.121467592984028
2,indoors,scene_00019,indoors/scene_00019/scan_00183,val/indoors/scene_00019/scan_00183/00019_00183_indoors_060_000.png,5,1,1,256,256,512,512,65536,1326,70840.0,1845.400715799764,1847.2529393978396,-1.8522235980758315,1170.8105756774262,1182.6181027318482,-11.807527054421946,0.03327899759116061,0.0031940267553966424,0.18393914969617917,0.7882119870339727
2,indoors,scene_00019,indoors/scene_00019/scan_00183,val/indoors/scene_00019/scan_00183/00019_00183_indoors_060_000.png,6,1,2,512,256,768,512,65536,759,68572.0,858.2989159893418,862.4582488943372,-4.15933290499543,588.4138946798205,590.6605926331144,-2.246697953293854,0.03301448309550189,0.0023401367903339507,0.21579817524876746,0.5355984049987063
2,indoors,scene_00019,indoors/scene_00019/scan_00183,val/indoors/scene_00019/scan_00183/00019_00183_indoors_060_000.png,7,1,3,768,256,1024,512,65526,1613,71978.0,2096.2803150826367,2144.8787928918287,-48.598477809192396,1356.4357271085535,1387.736896323268,-31.30116921471476,0.028892467567756354,0.0037076069829950903,0.4787262304503334,0.2604665273381754
2,indoors,scene_00019,indoors/scene_00019/scan_00183,val/indoors/scene_00019/scan_00183/00019_00183_indoors_060_000.png,8,2,0,0,512,256,768,65317,8062,97565.0,18405.713909449856,21122.82687058868,-2717.1129611388296,6285.426441589814,7126.691237515506,-841.2647959256913,0.02222438436395021,0.03035284577221834,1.7935833624937725,-1.4595294379677886
2,indoors,scene_00019,indoors/scene_00019/scan_00183,val/indoors/scene_00019/scan_00183/00019_00183_indoors_060_000.png,9,2,1,256,512,512,768,65527,18939,141283.0,36603.209485927466,39186.30402050015,-2583.0945345726905,9872.69773436979,10705.255060099002,-832.5573257292106,0.02110563740805754,0.03091282784671698,1.4269093296195894,0.19442280142318646
2,indoors,scene_00019,indoors/scene_00019/scan_00183,val/indoors/scene_00019/scan_00183/00019_00183_indoors_060_000.png,10,2,2,512,512,768,768,65482,19714,144338.0,25551.55092746456,28199.078405698867,-2647.527478234308,7304.915155809807,8306.870045340813,-1001.9548895310046,0.022368034842430357,0.03261720843516393,1.2752694705731031,0.7581542455617029
2,indoors,scene_00019,indoors/scene_00019/scan_00183,val/indoors/scene_00019/scan_00183/00019_00183_indoors_060_000.png,11,2,3,768,512,1024,768,65508,27413,175160.0,32409.426004220586,33239.78716120069,-830.3611569801077,8905.504653149315,9213.270604156309,-307.7659510069934,0.018483160745753825,0.034546037836409395,0.9961466875682092,1.111849647852359
3,indoors,scene_00019,indoors/scene_00019/scan_00183,val/indoors/scene_00019/scan_00183/00019_00183_indoors_140_050.png,0,0,0,0,0,256,256,65535,9347,102923.0,6738.414916972353,6752.004683000405,-13.589766028052608,4186.754593946483,4199.956583771043,-13.201989824560743,0.013399945375275248,0.004308876805151468,0.08457531143719935,0.5899417989619374
3,indoors,scene_00019,indoors/scene_00019/scan_00183,val/indoors/scene_00019/scan_00183/00019_00183_indoors_140_050.png,1,0,1,256,0,512,256,65536,7184,94272.0,5569.384604073128,5606.596820966942,-37.212216893814094,3460.9204155816806,3482.074774669046,-21.154359087365005,0.012553854941011435,0.003335695236954504,0.031195576372593892,0.8188115752561147
3,indoors,scene_00019,indoors/scene_00019/scan_00183,val/indoors/scene_00019/scan_00183/00019_00183_indoors_140_050.png,2,0,2,512,0,768,256,65536,18887,141084.0,12586.85387361309,12629.10805384177,-42.254180228679935,5488.544655394362,5549.860414073504,-61.31575867914103,0.01501392444612886,0.022796618840922822,0.5475883194051137,0.6432640661252063
3,indoors,scene_00019,indoors/scene_00019/scan_00183,val/indoors/scene_00019/scan_00183/00019_00183_indoors_140_050.png,3,0,3,768,0,1024,256,65499,8963,101351.0,8323.58664647079,8287.4452668907,36.14137958009067,4489.90552656734,4478.525710965963,11.379815601375793,0.010723367078961979,0.015936923528602636,0.7272190562866704,1.4939461140175154
3,indoors,scene_00019,indoors/scene_00019/scan_00183,val/indoors/scene_00019/scan_00183/00019_00183_indoors_140_050.png,4,1,0,0,256,256,512,65429,4474,83325.0,2715.4218032661042,2698.3871461858394,17.034657080265003,1742.909702472514,1738.3820721338539,4.527630338660148,0.00980915863921604,0.0026674416828335926,0.34409651711235767,0.06435352811406223
3,indoors,scene_00019,indoors/scene_00019/scan_00183,val/indoors/scene_00019/scan_00183/00019_00183_indoors_140_050.png,5,1,1,256,256,512,512,65536,611,67980.0,1516.7335327564588,1515.541736883472,1.1917958729872016,1434.8057335164403,1433.047078521497,1.7586549949434,0.008805519417889679,0.002647102512022757,0.38673016308105534,0.14348118347250144
3,indoors,scene_00019,indoors/scene_00019/scan_00183,val/indoors/scene_00019/scan_00183/00019_00183_indoors_140_050.png,6,1,2,512,256,768,512,65536,10797,108724.0,5427.790307197935,5477.327336336031,-49.537029138095576,2705.7015099010423,2717.0202517419593,-11.318741840916958,0.011916622230239527,0.01973438165248936,0.7081142362552157,0.26511176756159166
3,indoors,scene_00019,indoors/scene_00019/scan_00183,val/indoors/scene_00019/scan_00183/00019_00183_indoors_140_050.png,7,1,3,768,256,1024,512,65316,6202,90124.0,7328.129004753671,7419.393578428888,-91.2645736752167,2130.7146952289763,2162.9004933520837,-32.185798123107546,0.007967342918634305,0.0173435708685099,0.8582288523501256,1.4951098048995108
3,indoors,scene_00019,indoors/scene_00019/scan_00183,val/indoors/scene_00019/scan_00183/00019_00183_indoors_140_050.png,8,2,0,0,512,256,768,65536,0,65536.0,4952.926915682322,4952.719293805048,0.20762187727382075,4952.926915682322,4952.719293805048,0.20762187727382075,0.006094606439262233,0.003073073767315959,0.3020922031344209,0.47864369528374695
3,indoors,scene_00019,indoors/scene_00019/scan_00183,val/indoors/scene_00019/scan_00183/00019_00183_indoors_140_050.png,9,2,1,256,512,512,768,65536,0,65536.0,5169.358148715824,5171.188186813888,-1.8300380980641813,5169.358148715824,5171.188186813888,-1.8300380980641813,0.006848989974950203,0.0030130432914167405,0.26835333775494424,0.9389733537144079
3,indoors,scene_00019,indoors/scene_00019/scan_00183,val/indoors/scene_00019/scan_00183/00019_00183_indoors_140_050.png,10,2,2,512,512,768,768,65536,5362,86984.0,6337.465717491499,6360.499321411712,-23.033603920212183,4810.998057327626,4715.144847500511,95.85320982711562,0.010051329323261873,0.013463067027164032,0.8493065233257467,0.9274932588132991
3,indoors,scene_00019,indoors/scene_00019/scan_00183,val/indoors/scene_00019/scan_00183/00019_00183_indoors_140_050.png,11,2,3,768,512,1024,768,65536,6780,92656.0,3562.2739673632923,3484.842194525677,77.431772837615,1682.5948427496082,1662.14597048739,20.448872262218398,0.007316084899125511,0.013043439127196734,0.6686496059443747,2.930617842193195
4,indoors,scene_00019,indoors/scene_00019/scan_00183,val/indoors/scene_00019/scan_00183/00019_00183_indoors_150_020.png,0,0,0,0,0,256,256,65536,254,66552.0,409.2124824832488,415.2744104697234,-6.06192798647462,322.7374595097544,328.06175047547515,-5.324290965720778,0.006983546214951187,0.003006689362658667,0.3996359130965626,0.15187373123651235
4,indoors,scene_00019,indoors/scene_00019/scan_00183,val/indoors/scene_00019/scan_00183/00019_00183_indoors_150_020.png,1,0,1,256,0,512,256,65536,0,65536.0,716.9394102857143,718.976436998264,-2.037026712549728,716.9394102857143,718.976436998264,-2.037026712549728,0.006040988544086506,0.0027656669166062774,0.4064300293987474,0.6963835980783855
4,indoors,scene_00019,indoors/scene_00019/scan_00183,val/indoors/scene_00019/scan_00183/00019_00183_indoors_150_020.png,2,0,2,512,0,768,256,65536,30,65656.0,1113.0455217715694,1113.3425193249384,-0.29699755336909256,1105.0238512819844,1105.2851301664145,-0.26127888443018915,0.0063841236480746385,0.0030021414941007606,0.8163719182256626,0.4576022164575457
4,indoors,scene_00019,indoors/scene_00019/scan_00183,val/indoors/scene_00019/scan_00183/00019_00183_indoors_150_020.png,3,0,3,768,0,1024,256,65512,5813,88764.0,4784.87238918933,4619.7583792559035,165.11400993342536,2478.649698440042,2408.1877009343557,70.46199750568648,0.011017990149489116,0.017001749034152757,0.7002174455725569,1.8725600981549353
4,indoors,scene_00019,indoors/scene_00019/scan_00183,val/indoors/scene_00019/scan_00183/00019_00183_indoors_150_020.png,4,1,0,0,256,256,512,65535,10171,106219.0,17956.791628019593,17889.43025113041,67.36137688918225,4109.507354835824,4089.7770458840305,19.73030895179423,0.012946878876435279,0.004007662697688623,0.4324470161905755,0.40264530922515457
4,indoors,scene_00019,indoors/scene_00019/scan_00183,val/indoors/scene_00019/scan_00183/00019_00183_indoors_150_020.png,5,1,1,256,256,512,512,65536,13526,119640.0,20157.90419176868,20070.520700542842,87.38349122583715,4223.07837160585,4196.251657781324,26.826713824525832,0.012637278196108177,0.004113294639792249,0.5115655474469412,0.6146366744754391
4,indoors,scene_00019,indoors/scene_00019/scan_00183,val/indoors/scene_00019/scan_00183/00019_00183_indoors_150_020.png,6,1,2,512,256,768,512,65521,5634,88057.0,4908.523694039624,4935.81508439367,-27.291390354046055,1363.5712844791065,1362.7156864530089,0.8555980260976421,0.011769786449120028,0.005224361091559261,0.5597354371747414,1.2262283757788124
4,indoors,scene_00019,indoors/scene_00019/scan_00183,val/indoors/scene_00019/scan_00183/00019_00183_indoors_150_020.png,7,1,3,768,256,1024,512,65527,3413,79179.0,1761.4015205460594,1781.4839028079184,-20.082382261858882,727.8338350710482,739.649088993926,-11.81525392287787,0.007395250652851777,0.005272813484800283,0.6394167422286859,2.3308103404782496
4,indoors,scene_00019,indoors/scene_00019/scan_00183,val/indoors/scene_00019/scan_00183/00019_00183_indoors_150_020.png,8,2,0,0,512,256,768,65523,10909,109159.0,17866.562558730482,17923.319301714106,-56.75674298362345,4833.3358088835375,4842.859940856147,-9.524131972608805,0.01649476512839578,0.00420695036536572,0.1062643144387578,1.6607488885783834
4,indoors,scene_00019,indoors/scene_00019/scan_00183,val/indoors/scene_00019/scan_00183/00019_00183_indoors_150_020.png,9,2,1,256,512,512,768,65535,20551,147739.0,17734.928326265515,17774.844004430186,-39.915678164669416,3986.21983152574,3985.3142816997806,0.9055498259601507,0.016312034751621782,0.006203767881997579,0.22399275295125065,1.8590352843047884
4,indoors,scene_00019,indoors/scene_00019/scan_00183,val/indoors/scene_00019/scan_00183/00019_00183_indoors_150_020.png,10,2,2,512,512,768,768,65536,5764,88592.0,2520.3540932924902,2432.3676644962893,87.98642879620094,1212.4500623473577,1176.5179615395896,35.93210080776805,0.013576188296503306,0.0064142056184327036,0.7126440172472753,1.397999005922232
4,indoors,scene_00019,indoors/scene_00019/scan_00183,val/indoors/scene_00019/scan_00183/00019_00183_indoors_150_020.png,11,2,3,768,512,1024,768,65536,2573,75828.0,1247.8843656614163,1146.2803496356591,101.60401602575732,666.0210777219875,613.4484611840307,52.572616537956776,0.011934545350415774,0.0036263860123236097,2.2637240768957794,0.46995663637751695
5,indoors,scene_00019,indoors/scene_00019/scan_00183,val/indoors/scene_00019/scan_00183/00019_00183_indoors_200_020.png,0,0,0,0,0,256,256,63737,4881,83261.0,10169.986331399965,10167.145136956526,2.841194443439738,5892.053222367626,5889.046532261695,3.006690105931956,0.011987703651254959,0.0019735947443359457,0.11760341414564186,0.38116457974171186
5,indoors,scene_00019,indoors/scene_00019/scan_00183,val/indoors/scene_00019/scan_00183/00019_00183_indoors_200_020.png,1,0,1,256,0,512,256,63966,4370,81446.0,9094.589499093223,9086.549020789465,8.040478303758487,2791.107522494204,2789.197303522936,1.9102189712683018,0.014208194776316173,0.002022955125251377,0.15160295423939596,0.4704876704642072
5,indoors,scene_00019,indoors/scene_00019/scan_00183,val/indoors/scene_00019/scan_00183/00019_00183_indoors_200_020.png,2,0,2,512,0,768,256,64786,4135,81326.0,7983.895976974802,7975.681436844005,8.214540130796296,3326.389642428953,3326.27029825558,0.11934417337292369,0.018112754332723927,0.002209758871189311,0.21959521702340498,0.6259616794411836
5,indoors,scene_00019,indoors/scene_00019/scan_00183,val/indoors/scene_00019/scan_00183/00019_00183_indoors_200_020.png,3,0,3,768,0,1024,256,65465,2052,73673.0,6938.083879446983,6902.337956640421,35.745922806561474,5008.8569179082315,5009.79844145848,-0.9415235502480135,0.01436407555816925,0.002353611255669969,0.2189164137060795,0.9934128079864561
5,indoors,scene_00019,indoors/scene_00019/scan_00183,val/indoors/scene_00019/scan_00183/00019_00183_indoors_200_020.png,4,1,0,0,256,256,512,65505,3119,77981.0,7172.172298361179,7175.920967408612,-3.7486690474341535,5103.580651828316,5102.829788210564,0.7508636177518246,0.015462380696963623,0.002323249920445113,0.2060719028474484,0.49784319183431147
5,indoors,scene_00019,indoors/scene_00019/scan_00183,val/indoors/scene_00019/scan_00183/00019_00183_indoors_200_020.png,5,1,1,256,256,512,512,46026,10300,87226.0,13395.545827362177,13380.22684001445,15.318987347727537,3241.5886768462124,3240.027499350995,1.5611774952163708,0.01705485884287205,0.0025770248013083042,0.23526705011608542,0.4932101879217473
5,indoors,scene_00019,indoors/scene_00019/scan_00183,val/indoors/scene_00019/scan_00183/00019_00183_indoors_200_020.png,6,1,2,512,256,768,512,50823,4476,68727.0,7115.203122741486,7102.717761258464,12.485361483022206,2506.557890534631,2506.156498111673,0.4013924229574472,0.017048516228492964,0.00278385148147243,0.233996563502628,0.8439861622068011
5,indoors,scene_00019,indoors/scene_00019/scan_00183,val/indoors/scene_00019/scan_00183/00019_00183_indoors_200_020.png,7,1,3,768,256,1024,512,45764,4946,65548.0,8889.096761533872,8878.798683459612,10.298078074259509,4024.2366079244707,4023.378503906524,0.8581040179462793,0.012014910311452576,0.0026799169470732805,0.22582461662289777,1.1158549135824531
5,indoors,scene_00019,indoors/scene_00019/scan_00183,val/indoors/scene_00019/scan_00183/00019_00183_indoors_200_020.png,8,2,0,0,512,256,768,65345,7904,96961.0,8285.878761440104,8157.897249885753,127.98151155435187,3747.808419256689,3701.500839376068,46.30757988062108,0.01667427039697977,0.02857272639344545,0.9838856279623172,0.7644635529542039
5,indoors,scene_00019,indoors/scene_00019/scan_00183,val/indoors/scene_00019/scan_00183/00019_00183_indoors_200_020.png,9,2,1,256,512,512,768,58883,9034,95019.0,8622.94660660017,8431.236154389244,191.71045221092646,3094.794621905785,3021.332494605241,73.46212730054343,0.021957228674344662,0.028429743642746003,0.9654295300240185,0.830014708964748
5,indoors,scene_00019,indoors/scene_00019/scan_00183,val/indoors/scene_00019/scan_00183/00019_00183_indoors_200_020.png,10,2,2,512,512,768,768,50600,8968,86472.0,9155.41241372129,9009.484965351023,145.92744837026635,2779.8591422649333,2690.104636283676,89.75450598125788,0.022645492324504475,0.02535483922727717,0.8229252481737456,1.2213037221699485
5,indoors,scene_00019,indoors/scene_00019/scan_00183,val/indoors/scene_00019/scan_00183/00019_00183_indoors_200_020.png,11,2,3,768,512,1024,768,47124,4614,65580.0,6661.079815762142,6609.049000205714,52.03081555642769,3362.1728288067543,3380.2826952603787,-18.10986645362498,0.018414812855311272,0.019245300226070357,0.9956480549149754,1.3027164147090016
6,indoors,scene_00019,indoors/scene_00019/scan_00183,val/indoors/scene_00019/scan_00183/00019_00183_indoors_240_000.png,0,0,0,0,0,256,256,64356,8815,99616.0,22125.243674598823,21174.45583359673,950.787841002093,7786.278825626527,7124.997457985254,661.281367641272,0.026112823192064077,0.014187333113383252,0.39175177173129,0.08588418221885492
6,indoors,scene_00019,indoors/scene_00019/scan_00183,val/indoors/scene_00019/scan_00183/00019_00183_indoors_240_000.png,1,0,1,256,0,512,256,65071,8738,100023.0,22303.179163238954,22244.65968335531,58.51947988364603,8432.630670858585,8483.659495378623,-51.028824520037276,0.019741831192100514,0.011184619387275937,0.3610492696823617,0.009515527202169428
6,indoors,scene_00019,indoors/scene_00019/scan_00183,val/indoors/scene_00019/scan_00183/00019_00183_indoors_240_000.png,2,0,2,512,0,768,256,65349,7012,93397.0,17422.749761461848,17276.084350352794,146.6654111090512,7393.224326560607,7350.346545357706,42.87778120290105,0.01707972323703548,0.007324214815430958,0.2989330132565092,0.15547917698810637
6,indoors,scene_00019,indoors/scene_00019/scan_00183,val/indoors/scene_00019/scan_00183/00019_00183_indoors_240_000.png,3,0,3,768,0,1024,256,65226,5431,86950.0,12745.819187711677,12652.75073762426,93.06845008741763,5978.432864286131,5976.533098111249,1.8997661748822559,0.016083039099459056,0.008240852436776165,0.27587212624939145,0.35478339479398413
6,indoors,scene_00019,indoors/scene_00019/scan_00183,val/indoors/scene_00019/scan_00183/00019_00183_indoors_240_000.png,4,1,0,0,256,256,512,64777,6367,90245.0,11974.510396813801,11942.260015199798,32.25038161399972,3999.0323994725663,4021.77234016475,-22.739940692183435,0.019975018732351676,0.021128914655843593,0.5887225877519404,1.4170175722882132
6,indoors,scene_00019,indoors/scene_00019/scan_00183,val/indoors/scene_00019/scan_00183/00019_00183_indoors_240_000.png,5,1,1,256,256,512,512,65156,5648,87748.0,12706.96180523992,12570.423606227576,136.53819901234723,3823.5275190086413,3881.1733739648243,-57.64585495618358,0.017995246267747872,0.019164129410560206,0.611378361875785,1.263582322359784
6,indoors,scene_00019,indoors/scene_00019/scan_00183,val/indoors/scene_00019/scan_00183/00019_00183_indoors_240_000.png,6,1,2,512,256,768,512,65252,7903,96864.0,22517.893967258988,22236.433311641264,281.46065561772065,6433.6902896835,6443.424072565318,-9.733782881818904,0.01828240828643931,0.022367805595721067,0.5723188424164236,1.0332223104946079
6,indoors,scene_00019,indoors/scene_00019/scan_00183,val/indoors/scene_00019/scan_00183/00019_00183_indoors_240_000.png,7,1,3,768,256,1024,512,65229,9910,104869.0,37237.13666483032,36497.404129688985,739.7325351413352,10516.67491523975,10305.58872623235,211.08618900739992,0.017810939901012,0.02484462550414169,0.5388412642415457,1.0839130673236113
6,indoors,scene_00019,indoors/scene_00019/scan_00183,val/indoors/scene_00019/scan_00183/00019_00183_indoors_240_000.png,8,2,0,0,512,256,768,65222,4204,82038.0,8857.647013922353,8891.040088847247,-33.39307492489318,3422.464189915024,3508.793858852635,-86.32966893761034,0.014822596758162927,0.0184393532547575,0.6710163811948155,3.865201527233193
6,indoors,scene_00019,indoors/scene_00019/scan_00183,val/indoors/scene_00019/scan_00183/00019_00183_indoors_240_000.png,9,2,1,256,512,512,768,65443,4794,84619.0,8658.006795043211,8596.431387763114,61.57540728009835,3268.183561525567,3363.4715309024227,-95.28796937685631,0.014956959656813155,0.025083433471859214,0.5631123620787641,4.143209559814843
6,indoors,scene_00019,indoors/scene_00019/scan_00183,val/indoors/scene_00019/scan_00183/00019_00183_indoors_240_000.png,10,2,2,512,512,768,768,65513,4699,84309.0,10079.069607149857,10114.552564442285,-35.48295729242817,3777.746007926831,3829.01094825513,-51.26494032829869,0.014037144431251727,0.023352547088837265,0.9288666299032241,2.7970113394732605
6,indoors,scene_00019,indoors/scene_00019/scan_00183,val/indoors/scene_00019/scan_00183/00019_00183_indoors_240_000.png,11,2,3,768,512,1024,768,65510,4689,84266.0,9539.684813100213,9762.49909593905,-222.81428283883767,3881.346441411226,4069.750777996349,-188.4043365851229,0.013953395885728683,0.029147135276680343,0.9626518240339134,2.6545413478438715
7,indoors,scene_00019,indoors/scene_00019/scan_00183,val/indoors/scene_00019/scan_00183/00019_00183_indoors_250_030.png,0,0,0,0,0,256,256,65536,10243,106508.0,9698.768043373668,9714.615178030585,-15.847134656916928,3743.5029526373814,3733.584305970515,9.918646666867442,0.01733749224070851,0.004706094401928864,0.8467852241546828,-0.08979831730357248
7,indoors,scene_00019,indoors/scene_00019/scan_00183,val/indoors/scene_00019/scan_00183/00019_00183_indoors_250_030.png,1,0,1,256,0,512,256,65525,13155,118145.0,12379.060514479283,12413.909057724926,-34.8485432456459,4702.434303507876,4717.362657889963,-14.928354382087102,0.01665165642958527,0.008611537737412942,0.6992338004750069,0.4338628320270184
7,indoors,scene_00019,indoors/scene_00019/scan_00183,val/indoors/scene_00019/scan_00183/00019_00183_indoors_250_030.png,2,0,2,512,0,768,256,65535,7776,96639.0,7783.569730750705,7689.576141182528,93.9935895681773,3463.6159904692245,3423.4266833691267,40.18930710009728,0.01452000710840044,0.005201979591483553,0.6588825654750468,0.6053356054004113
7,indoors,scene_00019,indoors/scene_00019/scan_00183,val/indoors/scene_00019/scan_00183/00019_00183_indoors_250_030.png,3,0,3,768,0,1024,256,65504,9884,105040.0,10256.231953220089,10257.857067419474,-1.625114199385866,2702.8233288207307,2722.8201434019347,-19.996814581203925,0.013682117404298363,0.012593389983646598,0.38834445328395284,1.2768820158360217
7,indoors,scene_00019,indoors/scene_00019/scan_00183,val/indoors/scene_00019/scan_00183/00019_00183_indoors_250_030.png,4,1,0,0,256,256,512,65536,4117,82004.0,4834.088918772782,4837.391308417603,-3.3023896448218064,2246.563881745756,2250.0760819764537,-3.5122002306973314,0.01419716751963122,0.0023320437410643945,0.07911680350044714,0.9233935895277505
7,indoors,scene_00019,indoors/scene_00019/scan_00183,val/indoors/scene_00019/scan_00183/00019_00183_indoors_250_030.png,5,1,1,256,256,512,512,65460,8611,99904.0,9152.750423828777,9173.933952195546,-21.18352836676965,3354.318581161525,3371.1757988882846,-16.857217726759774,0.013877414186198374,0.008483666608799678,0.2804846917832487,0.6001509317010019
7,indoors,scene_00019,indoors/scene_00019/scan_00183,val/indoors/scene_00019/scan_00183/00019_00183_indoors_250_030.png,6,1,2,512,256,768,512,65381,6204,90197.0,6184.504762553439,6189.485167013087,-4.980404459649083,2114.3174572390376,2106.600365807073,7.7170914319640875,0.011943092704706473,0.004962053104922926,0.3461245858848526,0.44474237096013636
7,indoors,scene_00019,indoors/scene_00019/scan_00183,val/indoors/scene_00019/scan_00183/00019_00183_indoors_250_030.png,7,1,3,768,256,1024,512,64779,2720,75659.0,5096.6205854339005,5067.683222908243,28.93736252565826,1994.1254489563335,2002.3104084344443,-8.184959478110834,0.012305945382588258,0.005511811472733663,0.40449740696910647,0.7230151899466283
7,indoors,scene_00019,indoors/scene_00019/scan_00183,val/indoors/scene_00019/scan_00183/00019_00183_indoors_250_030.png,8,2,0,0,512,256,768,65299,3871,80783.0,49798.85667288468,49946.735864345384,-147.87919146070166,12847.181648926697,12864.990087923437,-17.80843899674285,0.009279629470334855,0.010135992102737714,1.2396565576635277,-0.1243401040024214
7,indoors,scene_00019,indoors/scene_00019/scan_00183,val/indoors/scene_00019/scan_00183/00019_00183_indoors_250_030.png,9,2,1,256,512,512,768,65535,2028,73647.0,3937.9281084539357,3785.508706000549,152.4194024533869,2625.1526301073677,2522.846758340199,102.3058717671691,0.007536424482374222,0.008347110753793525,0.4447441254077345,0.4416001386586898
7,indoors,scene_00019,indoors/scene_00019/scan_00183,val/indoors/scene_00019/scan_00183/00019_00183_indoors_250_030.png,10,2,2,512,512,768,768,65511,6569,91787.0,6111.753889855426,6137.008674427912,-25.25478457248628,1895.3147667487483,1913.429313933797,-18.11454718504882,0.01660629678322769,0.012629888429010841,0.48342874257620416,0.8175027515399377
7,indoors,scene_00019,indoors/scene_00019/scan_00183,val/indoors/scene_00019/scan_00183/00019_00183_indoors_250_030.png,11,2,3,768,512,1024,768,65536,3335,78876.0,3989.9949067428256,3931.9756866931357,58.01922004968994,1884.9158130608903,1844.6111449493715,40.30466811151859,0.015915644931880312,0.009124115476494131,0.4949343225310287,0.9299999604566674
8,indoors,scene_00019,indoors/scene_00019/scan_00183,val/indoors/scene_00019/scan_00183/00019_00183_indoors_300_010.png,0,0,0,0,0,256,256,65382,2870,76862.0,9094.29189035725,9094.096547603418,0.19534275382944877,4012.9427687282223,4015.1322417329884,-2.189473004765712,0.019501797900487887,0.0014106382112367053,0.11417712503971023,0.28589030598464404
8,indoors,scene_00019,indoors/scene_00019/scan_00183,val/indoors/scene_00019/scan_00183/00019_00183_indoors_300_010.png,1,0,1,256,0,512,256,65536,3041,77700.0,3382.79800235641,3380.950776849321,1.8472255070892696,1356.072497328431,1347.6824938224518,8.390003505979108,0.014784683683536241,0.0009971264237348975,0.08694758959417304,0.2037608814548731
8,indoors,scene_00019,indoors/scene_00019/scan_00183,val/indoors/scene_00019/scan_00183/00019_00183_indoors_300_010.png,2,0,2,512,0,768,256,65536,1942,73304.0,2619.7536035078674,2610.435642926566,9.317960581301547,1792.3293277234916,1789.5100779507798,2.81924977271225,0.015843610891573403,0.0004801046791300471,0.08233556871636356,0.19859987411024438
8,indoors,scene_00019,indoors/scene_00019/scan_00183,val/indoors/scene_00019/scan_00183/00019_00183_indoors_300_010.png,3,0,3,768,0,1024,256,65525,4246,82509.0,7405.9434819054395,7500.96259098632,-95.01910908087999,3981.2933074326656,4021.088338614161,-39.795031181495105,0.010368559064163676,0.0035953535328777575,0.3021610674685761,0.20446173215458605
8,indoors,scene_00019,indoors/scene_00019/scan_00183,val/indoors/scene_00019/scan_00183/00019_00183_indoors_300_010.png,4,1,0,0,256,256,512,65482,5696,88266.0,7356.503144289343,7260.275775832451,96.2273684568936,2946.0269483398997,2846.697383510349,99.32956482955116,0.01793324772552702,0.009641060921985582,0.4345501647036616,0.2950134865837385
8,indoors,scene_00019,indoors/scene_00019/scan_00183,val/indoors/scene_00019/scan_00183/00019_00183_indoors_300_010.png,5,1,1,256,256,512,512,65429,9069,101705.0,9295.902460225045,9140.560388468379,155.3420717566658,3459.548908135593,3384.1631118161913,75.3857963194022,0.02151376572179102,0.013588577748089343,0.5137978824067571,0.1656405482043546
8,indoors,scene_00019,indoors/scene_00019/scan_00183,val/indoors/scene_00019/scan_00183/00019_00183_indoors_300_010.png,6,1,2,512,256,768,512,65237,10391,106801.0,17444.93766810016,17102.105942737013,342.8317253631496,6033.692417206624,5905.554919275261,128.13749793136242,0.020117187509207116,0.017422780966380197,0.5801546643410095,0.23127678026209977
8,indoors,scene_00019,indoors/scene_00019/scan_00183,val/indoors/scene_00019/scan_00183/00019_00183_indoors_300_010.png,7,1,3,768,256,1024,512,64567,13583,118899.0,32671.194589942053,32703.23709734848,-32.04250740641876,10720.180921911815,10613.216909719726,106.96401219209014,0.02801331781769183,0.03220787156326989,0.5259937907459912,0.4619371872496337
8,indoors,scene_00019,indoors/scene_00019/scan_00183,val/indoors/scene_00019/scan_00183/00019_00183_indoors_300_010.png,8,2,0,0,512,256,768,65222,7669,95898.0,10726.385084544514,10712.80339219116,13.58169235335567,3872.5539033300233,3950.7323886048857,-78.17848527486241,0.018627608966064704,0.02632674235500992,0.7945399966260207,1.8111895990422724
8,indoors,scene_00019,indoors/scene_00019/scan_00183,val/indoors/scene_00019/scan_00183/00019_00183_indoors_300_010.png,9,2,1,256,512,512,768,65309,7470,95189.0,9342.472437743985,8960.392505983129,382.0799317608556,2922.9570489569983,2834.5397817308085,88.41726722618948,0.016431519613238285,0.026582091989809403,0.901422964758677,1.756011989710378
8,indoors,scene_00019,indoors/scene_00019/scan_00183,val/indoors/scene_00019/scan_00183/00019_00183_indoors_300_010.png,10,2,2,512,512,768,768,65392,6286,90536.0,9940.466977684962,9625.249267226027,315.21771045893786,2989.7393156082576,2957.7263886877054,32.01292692055164,0.014921328298613812,0.026110945633855735,0.8383736249204733,1.9775714486198106
8,indoors,scene_00019,indoors/scene_00019/scan_00183,val/indoors/scene_00019/scan_00183/00019_00183_indoors_300_010.png,11,2,3,768,512,1024,768,65308,6131,89832.0,11888.74374858309,11701.256649829984,187.4870987531068,3938.4056681459733,4015.647098586658,-77.24143044068481,0.016959298337593673,0.026410838889517157,1.0461891289996819,1.8173079580799203
9,indoors,scene_00019,indoors/scene_00019/scan_00183,val/indoors/scene_00019/scan_00183/00019_00183_indoors_330_050.png,0,0,0,0,0,256,256,65535,4396,83119.0,7335.8477486352085,7316.325713714354,19.52203492085441,3560.4865547588006,3562.5927269717695,-2.1061722129687404,0.009423485572048734,0.00489990562280994,0.45490165046517694,1.9775600804639526
9,indoors,scene_00019,indoors/scene_00019/scan_00183,val/indoors/scene_00019/scan_00183/00019_00183_indoors_330_050.png,1,0,1,256,0,512,256,65531,6213,90383.0,5447.134858254725,5327.558099968395,119.57675828633052,2691.590733682161,2613.994749818039,77.59598386412219,0.012788254816000313,0.011086557996840014,0.2623303955295584,2.0789643660417085
9,indoors,scene_00019,indoors/scene_00019/scan_00183,val/indoors/scene_00019/scan_00183/00019_00183_indoors_330_050.png,2,0,2,512,0,768,256,65536,8322,98824.0,7228.945816649895,7244.367309909617,-15.42149325972229,2220.497723002643,2218.0391256630337,2.458597339609282,0.016376658084860246,0.009090485487027851,0.3030708661402674,1.01362305621256
9,indoors,scene_00019,indoors/scene_00019/scan_00183,val/indoors/scene_00019/scan_00183/00019_00183_indoors_330_050.png,3,0,3,768,0,1024,256,65536,8174,98232.0,7667.80972093287,7803.993046460864,-136.18332552799455,4459.883364940928,4615.468144465745,-155.58477952481653,0.015144174781742287,0.018450038234209765,0.18627538888502218,1.0230395820070985
9,indoors,scene_00019,indoors/scene_00019/scan_00183,val/indoors/scene_00019/scan_00183/00019_00183_indoors_330_050.png,4,1,0,0,256,256,512,65534,6129,90050.0,6177.743492819327,6165.688970670099,12.054522149228433,2171.0944878048695,2159.1770097996396,11.917478005229672,0.011728683580299245,0.007922006974192092,0.2649832985040478,2.1397562220828013
9,indoors,scene_00019,indoors/scene_00019/scan_00183,val/indoors/scene_00019/scan_00183/00019_00183_indoors_330_050.png,5,1,1,256,256,512,512,65499,6980,93419.0,8429.634789087813,8544.783718608296,-115.14892952048234,3370.1400445752415,3414.0635941254404,-43.92354955019883,0.013808325236732514,0.011851878139538398,0.45718531945926566,0.6802806812798029
9,indoors,scene_00019,indoors/scene_00019/scan_00183,val/indoors/scene_00019/scan_00183/00019_00183_indoors_330_050.png,6,1,2,512,256,768,512,65378,7300,94578.0,6037.662706384384,6019.94409387696,17.718612507423686,1899.768062994714,1895.733199755503,4.034863239211246,0.016173884853236356,0.004719182306217486,0.22397116057953498,0.643478404126591
9,indoors,scene_00019,indoors/scene_00019/scan_00183,val/indoors/scene_00019/scan_00183/00019_00183_indoors_330_050.png,7,1,3,768,256,1024,512,65525,8800,100725.0,9592.17500766636,9690.140132455386,-97.96512478902747,4270.413066411242,4382.8728365658435,-112.45977015460227,0.015637478147480982,0.01768756320234761,0.09463793542512301,0.8511792836925722
9,indoors,scene_00019,indoors/scene_00019/scan_00183,val/indoors/scene_00019/scan_00183/00019_00183_indoors_330_050.png,8,2,0,0,512,256,768,65536,5935,89276.0,8304.045742543982,8474.245462970342,-170.19972042636147,4641.183328242878,4704.465132443706,-63.28180420082853,0.011976510305670995,0.014008122715046891,1.0511379278459438,-0.03591305129829254
9,indoors,scene_00019,indoors/scene_00019/scan_00183,val/indoors/scene_00019/scan_00183/00019_00183_indoors_330_050.png,9,2,1,256,512,512,768,65502,5187,86250.0,9035.985772648752,8896.764946137573,139.22082651117768,4674.323889549165,4663.420420170696,10.903469378468742,0.013977589920734165,0.016695402082216787,0.5475549003237243,0.20126219698887016
9,indoors,scene_00019,indoors/scene_00019/scan_00183,val/indoors/scene_00019/scan_00183/00019_00183_indoors_330_050.png,10,2,2,512,512,768,768,65536,3524,79632.0,3384.9041595830568,3381.0915502877097,3.8126092953470163,1606.8467414058236,1600.6953874085475,6.151353997276138,0.014129838616033842,0.0037609117441776015,0.23204575810890038,0.3325860216711473
9,indoors,scene_00019,indoors/scene_00019/scan_00183,val/indoors/scene_00019/scan_00183/00019_00183_indoors_330_050.png,11,2,3,768,512,1024,768,65502,7656,96126.0,7547.496237412635,7569.342425120352,-21.846187707716297,3308.1948780281814,3314.1148989359212,-5.92002090773981,0.01389119060710003,0.011531004288360049,0.3188626632335294,0.2770517697474545
10,indoors,scene_00020,indoors/scene_00020/scan_00184,val/indoors/scene_00020/scan_00184/00020_00184_indoors_050_000.png,0,0,0,0,0,256,256,65446,3150,78046.0,7232.908916058856,7092.885026063657,140.02388999520016,3868.4027893052044,3837.216875639837,31.185913665367856,0.009418986308983237,0.01525718028349921,0.372981232172165,1.966975619402185
10,indoors,scene_00020,indoors/scene_00020/scan_00184,val/indoors/scene_00020/scan_00184/00020_00184_indoors_050_000.png,1,0,1,256,0,512,256,65425,983,69357.0,6053.359134874867,6070.861968881954,-17.502834007087827,4040.033221162169,3930.07394573891,109.95927542325889,0.007038552522494282,0.008943149686402845,0.47542192534655797,1.2640837492202566
10,indoors,scene_00020,indoors/scene_00020/scan_00184,val/indoors/scene_00020/scan_00184/00020_00184_indoors_050_000.png,2,0,2,512,0,768,256,65536,8441,99300.0,11528.132218233215,11248.085037864103,280.04718036911277,3787.2948056903297,3704.496223078658,82.7985826116711,0.020048265318866262,0.005838354637173766,0.509949112210132,0.2520265091252205
10,indoors,scene_00020,indoors/scene_00020/scan_00184,val/indoors/scene_00020/scan_00184/00020_00184_indoors_050_000.png,3,0,3,768,0,1024,256,64294,8911,99938.0,37974.52382368273,31176.602860384653,6797.920963298081,11920.783515496472,9610.057776591442,2310.7257389050314,0.0227496079943191,0.04295764155913001,0.6040517347760638,1.60308872454382
10,indoors,scene_00020,indoors/scene_00020/scan_00184,val/indoors/scene_00020/scan_00184/00020_00184_indoors_050_000.png,4,1,0,0,256,256,512,65536,4008,81568.0,7182.550832449383,6644.227660234272,538.3231722151111,3636.3820327573403,3384.800121215975,251.58191154136566,0.011249700638108736,0.016202618442806682,0.38247425744859426,1.6672291776264678
10,indoors,scene_00020,indoors/scene_00020/scan_00184,val/indoors/scene_00020/scan_00184/00020_00184_indoors_050_000.png,5,1,1,256,256,512,512,65529,2434,75265.0,6679.353911882928,6635.110869297732,44.24304258519512,2859.5971465363614,2870.8350076602355,-11.237861123874238,0.010325814073967373,0.010604691789608107,0.50352154670741,0.8127493422753933
10,indoors,scene_00020,indoors/scene_00020/scan_00184,val/indoors/scene_00020/scan_00184/00020_00184_indoors_050_000.png,6,1,2,512,256,768,512,65528,8660,100168.0,14899.467109048564,14876.798482966384,22.668626082181262,4504.9585202369035,4496.139655768525,8.818864468379257,0.022745173773329155,0.006746527664794692,0.4622070100825295,0.34240367366212954
10,indoors,scene_00020,indoors/scene_00020/scan_00184,val/indoors/scene_00020/scan_00184/00020_00184_indoors_050_000.png,7,1,3,768,256,1024,512,60750,21471,146634.0,176348.66281285125,164337.84899826336,12010.813814587931,46320.916146017014,44073.357099436966,2247.559046580046,0.03653182152123065,0.0514239714697902,0.5782728200472779,1.3507589920072702
10,indoors,scene_00020,indoors/scene_00020/scan_00184,val/indoors/scene_00020/scan_00184/00020_00184_indoors_050_000.png,8,2,0,0,512,256,768,65478,4709,84314.0,9855.226508770185,9830.19115954514,25.035349225044598,4258.118585056686,4505.489626308507,-247.3710412518198,0.011162448724970351,0.032131808361795515,0.45498947894425723,1.662269251176813
10,indoors,scene_00020,indoors/scene_00020/scan_00184,val/indoors/scene_00020/scan_00184/00020_00184_indoors_050_000.png,9,2,1,256,512,512,768,65463,2445,75243.0,6196.602611882284,6213.73608437634,-17.133472494057273,2936.000027377807,2992.862281166348,-56.862253788541196,0.013915264518899097,0.02078159166662403,0.7383159378485351,0.7772908180509789
10,indoors,scene_00020,indoors/scene_00020/scan_00184,val/indoors/scene_00020/scan_00184/00020_00184_indoors_050_000.png,10,2,2,512,512,768,768,64946,3620,79426.0,9378.23428199895,9351.118701643216,27.11558035573473,2950.983497926844,2995.7196799686685,-44.73618204182501,0.01496043662678062,0.0194940341925189,0.766341134512736,0.6830411538108291
10,indoors,scene_00020,indoors/scene_00020/scan_00184,val/indoors/scene_00020/scan_00184/00020_00184_indoors_050_000.png,11,2,3,768,512,1024,768,62275,8784,97411.0,48938.839689565095,49063.928790533195,-125.08910096809974,15353.61077440124,15442.644009982205,-89.03323558096297,0.025808858954739618,0.025559564855122213,0.9775665580422849,1.2638095269018685
11,indoors,scene_00020,indoors/scene_00020/scan_00184,val/indoors/scene_00020/scan_00184/00020_00184_indoors_060_010.png,0,0,0,0,0,256,256,65536,0,65536.0,2668.559477329138,2663.9600234139307,4.599453915207887,2668.559477329138,2663.9600234139307,4.599453915207887,0.005236279534287961,0.0022631792161052766,0.6617573049145428,0.3738408851961282
11,indoors,scene_00020,indoors/scene_00020/scan_00184,val/indoors/scene_00020/scan_00184/00020_00184_indoors_060_010.png,1,0,1,256,0,512,256,65533,1628,72045.0,3351.7507198597873,3502.6536974165915,-150.90297755680405,2145.889148294489,2230.130967710977,-84.24181941648769,0.006818346706559455,0.011697374997975771,0.5307900920730798,1.0806910361589137
11,indoors,scene_00020,indoors/scene_00020/scan_00184,val/indoors/scene_00020/scan_00184/00020_00184_indoors_060_010.png,2,0,2,512,0,768,256,65515,1035,69655.0,2718.549557056306,2839.8100439957807,-121.2604869394746,1343.3357535291382,1364.1769002642843,-20.84114673514592,0.006135069871704371,0.00904891424664612,0.563974967854597,0.5908381990932279
11,indoors,scene_00020,indoors/scene_00020/scan_00184,val/indoors/scene_00020/scan_00184/00020_00184_indoors_060_010.png,3,0,3,768,0,1024,256,65536,16247,130524.0,13758.198738740943,13532.24264136341,225.95609737753372,3467.3464752474865,3392.1094567064133,75.23701854107372,0.019204377833686108,0.008222135613056241,0.6602875026250234,-0.36894523410364544
11,indoors,scene_00020,indoors/scene_00020/scan_00184,val/indoors/scene_00020/scan_00184/00020_00184_indoors_060_010.png,4,1,0,0,256,256,512,65536,0,65536.0,2065.95965711012,2065.09727104619,0.8623860639299048,2065.95965711012,2065.09727104619,0.8623860639299048,0.005870539003343567,0.002262296923141819,0.1456680830161906,1.6943154078516256
11,indoors,scene_00020,indoors/scene_00020/scan_00184,val/indoors/scene_00020/scan_00184/00020_00184_indoors_060_010.png,5,1,1,256,256,512,512,65447,7416,95111.0,9489.440957478651,9439.054748150997,50.386209327653894,3064.3109610454544,3078.2333077197172,-13.922346674262817,0.010611886544829193,0.029179594567258403,0.6307028102125665,1.0603268100164944
11,indoors,scene_00020,indoors/scene_00020/scan_00184,val/indoors/scene_00020/scan_00184/00020_00184_indoors_060_010.png,6,1,2,512,256,768,512,65421,986,69365.0,3674.0284437104688,3803.1684154810973,-129.13997177062808,2113.0131677228323,2112.7997362252677,0.21343149756451263,0.006664022531362351,0.010428496577803719,0.714485731423025,0.22276336386159132
11,indoors,scene_00020,indoors/scene_00020/scan_00184,val/indoors/scene_00020/scan_00184/00020_00184_indoors_060_010.png,7,1,3,768,256,1024,512,65536,16491,131500.0,15846.389314981385,15631.120505179439,215.26880980194937,3790.36721868477,3762.5619398935414,27.805278791228204,0.02009118524498961,0.008089226932898722,0.560114416432403,0.1388347213563148
11,indoors,scene_00020,indoors/scene_00020/scan_00184,val/indoors/scene_00020/scan_00184/00020_00184_indoors_060_010.png,8,2,0,0,512,256,768,65474,2786,76618.0,5318.340346190273,5565.7172356956435,-247.37688950537134,3381.4666930998605,3450.258005009027,-68.79131190916618,0.011074548683501668,0.010391455021601246,0.7070078480748545,1.5075758969347004
11,indoors,scene_00020,indoors/scene_00020/scan_00184,val/indoors/scene_00020/scan_00184/00020_00184_indoors_060_010.png,9,2,1,256,512,512,768,65536,8581,99860.0,8844.92262543031,10812.603819541775,-1967.6811941114663,2269.013229567219,2885.8425433589337,-616.8293137917152,0.012374148469834341,0.03193810017329769,0.25291846821756314,1.0878126309858414
11,indoors,scene_00020,indoors/scene_00020/scan_00184,val/indoors/scene_00020/scan_00184/00020_00184_indoors_060_010.png,10,2,2,512,512,768,768,65524,4209,82360.0,9310.04533648221,9289.832817614913,20.21251886729615,4220.848039590956,4211.549113207311,9.298926383645641,0.00949511633253932,0.0141038238910141,0.47243285535032153,0.19586897196161154
11,indoors,scene_00020,indoors/scene_00020/scan_00184,val/indoors/scene_00020/scan_00184/00020_00184_indoors_060_010.png,11,2,3,768,512,1024,768,65505,19231,142429.0,17875.08617853079,17817.64598489337,57.44019363742139,4425.527383296671,4372.514575014891,53.01280828178125,0.022348141707320544,0.0109556780291186,0.48775047890976947,0.27768749035176404
12,indoors,scene_00020,indoors/scene_00020/scan_00184,val/indoors/scene_00020/scan_00184/00020_00184_indoors_070_020.png,0,0,0,0,0,256,256,65536,2545,75716.0,541.4861945128242,543.2079307609459,-1.721736248121663,348.0525110775422,349.9550449633914,-1.9025338858491643,0.010069461840690998,0.0026313237814717763,0.1983275134296817,1.5089652846819788
12,indoors,scene_00020,indoors/scene_00020/scan_00184,val/indoors/scene_00020/scan_00184/00020_00184_indoors_070_020.png,1,0,1,256,0,512,256,65536,1111,69980.0,177.95266539923773,177.59991893645474,0.35274646278300226,167.05505273692998,166.71882366962612,0.33622906730385804,0.004953825114416863,0.0019474708337815765,0.26643679010415694,1.0502230429912867
12,indoors,scene_00020,indoors/scene_00020/scan_00184,val/indoors/scene_00020/scan_00184/00020_00184_indoors_070_020.png,2,0,2,512,0,768,256,65536,2418,75208.0,153.59263133169156,155.9803567381859,-2.387725406494322,131.01124297360803,132.80773652736895,-1.7964935537609237,0.006241623016668921,0.00219997820851078,0.09186186241307437,0.861139161997016
12,indoors,scene_00020,indoors/scene_00020/scan_00184,val/indoors/scene_00020/scan_00184/00020_00184_indoors_070_020.png,3,0,3,768,0,1024,256,65536,9116,102000.0,443.58632738626284,463.78531044899137,-20.198983062728477,181.43299095083447,189.16514868234592,-7.732157731511463,0.007037266636552276,0.0034559870694658387,0.08753649353547151,0.5887061837327159
12,indoors,scene_00020,indoors/scene_00020/scan_00184,val/indoors/scene_00020/scan_00184/00020_00184_indoors_070_020.png,4,1,0,0,256,256,512,65536,2259,74572.0,444.37247579795064,466.54903508721947,-22.176559289268805,415.12892366923984,415.1856786286833,-0.056754959443403585,0.013569184473081086,0.0026054984137003708,0.23857144057084756,1.6161913748979815
12,indoors,scene_00020,indoors/scene_00020/scan_00184,val/indoors/scene_00020/scan_00184/00020_00184_indoors_070_020.png,5,1,1,256,256,512,512,65536,1156,70160.0,290.89447219956503,289.057028523113,1.8374436764519964,272.5871087672301,270.8604689622888,1.7266398049412899,0.005272191761057017,0.0019477404120504796,0.7121406358070673,0.2965306173163832
12,indoors,scene_00020,indoors/scene_00020/scan_00184,val/indoors/scene_00020/scan_00184/00020_00184_indoors_070_020.png,6,1,2,512,256,768,512,65531,16609,131967.0,16503.665846855758,16604.825531524963,-101.15968466920417,4706.719600460976,4732.789200434783,-26.06959997380624,0.006786585893295276,0.016389215807516642,0.7283995009361365,0.5836389074010548
12,indoors,scene_00020,indoors/scene_00020/scan_00184,val/indoors/scene_00020/scan_00184/00020_00184_indoors_070_020.png,7,1,3,768,256,1024,512,65491,10591,107855.0,10951.706147150706,10972.032943831748,-20.326796681041298,2344.0575128269925,2354.695806981476,-10.638294154483287,0.00611472812462571,0.011363513979357214,0.6857090617240635,0.2971769188834078
12,indoors,scene_00020,indoors/scene_00020/scan_00184,val/indoors/scene_00020/scan_00184/00020_00184_indoors_070_020.png,8,2,0,0,512,256,768,65536,1745,72516.0,177.72382272576843,327.49936144992995,-149.77553872416152,142.51331094288358,214.750286078932,-72.23697513604844,0.005627186400648377,0.0025489663073580207,1.068022894189019,0.3103300515188834
12,indoors,scene_00020,indoors/scene_00020/scan_00184,val/indoors/scene_00020/scan_00184/00020_00184_indoors_070_020.png,9,2,1,256,512,512,768,65536,928,69248.0,229.59259204773508,229.15025338280992,0.4423386649251471,217.255241303738,216.83309579018976,0.4221455135482403,0.005814609471232024,0.0018826253885154069,0.13208044533519153,1.731288801726615
12,indoors,scene_00020,indoors/scene_00020/scan_00184,val/indoors/scene_00020/scan_00184/00020_00184_indoors_070_020.png,10,2,2,512,512,768,768,65427,21341,150791.0,24156.28859000109,24468.672162358314,-312.38357235722486,5885.661092734853,5986.340352157897,-100.67925942304345,0.011567100418788372,0.03923410546832647,0.7203805116998965,1.2626402072590264
12,indoors,scene_00020,indoors/scene_00020/scan_00184,val/indoors/scene_00020/scan_00184/00020_00184_indoors_070_020.png,11,2,3,768,512,1024,768,65431,8798,100623.0,9180.425693164123,9181.001273431928,-0.5755802678053161,2038.0373980585434,2036.5007158935766,1.5366821649669822,0.006732696162366223,0.010625619407409765,0.7444074335323929,0.7934435332646623
13,indoors,scene_00020,indoors/scene_00020/scan_00184,val/indoors/scene_00020/scan_00184/00020_00184_indoors_080_010.png,0,0,0,0,0,256,256,65536,0,65536.0,1465.573975436103,1465.7758348923744,-0.20185945627148671,1465.573975436103,1465.7758348923744,-0.20185945627148671,0.023308307312495558,0.0005324029448394631,0.06642516181244039,0.7823622931097624
13,indoors,scene_00020,indoors/scene_00020/scan_00184,val/indoors/scene_00020/scan_00184/00020_00184_indoors_080_010.png,1,0,1,256,0,512,256,65536,1452,71344.0,1098.881143966804,1099.0137873943731,-0.13264342756902636,1025.3311560964003,1025.464370313021,-0.13321421662075925,0.01236192075071803,0.0014365869240079109,0.019048921197427317,1.0047856951172318
13,indoors,scene_00020,indoors/scene_00020/scan_00184,val/indoors/scene_00020/scan_00184/00020_00184_indoors_080_010.png,2,0,2,512,0,768,256,65536,0,65536.0,229.50945538092537,229.83653970608006,-0.3270843251546894,229.50945538092537,229.83653970608006,-0.3270843251546894,0.005320602719320434,0.0011828592413993923,0.14298613418179984,0.9069561889203599
13,indoors,scene_00020,indoors/scene_00020/scan_00184,val/indoors/scene_00020/scan_00184/00020_00184_indoors_080_010.png,3,0,3,768,0,1024,256,65530,9437,103278.0,14318.329427618102,14425.474635165354,-107.14520754725034,5954.5893905889425,5984.13203405642,-29.542643467477298,0.0068780311274439674,0.015376703003965753,0.6198300666630461,0.9866314308488077
13,indoors,scene_00020,indoors/scene_00020/scan_00184,val/indoors/scene_00020/scan_00184/00020_00184_indoors_080_010.png,4,1,0,0,256,256,512,65536,1339,70892.0,669.9791138238481,671.5942111309387,-1.6150973070905814,590.8397963999662,590.4948598910365,0.34493650892960476,0.0085589229057937,0.0014784696608500746,0.07072909429201912,0.6862850113027826
13,indoors,scene_00020,indoors/scene_00020/scan_00184,val/indoors/scene_00020/scan_00184/00020_00184_indoors_080_010.png,5,1,1,256,256,512,512,65536,1240,70496.0,305.1038550565498,307.17255685200723,-2.0687017954573865,264.15803259374565,263.76123817002633,0.39679442371928897,0.00653316822904702,0.0013529787832492735,0.11315002440679126,0.7420821430115159
13,indoors,scene_00020,indoors/scene_00020/scan_00184,val/indoors/scene_00020/scan_00184/00020_00184_indoors_080_010.png,6,1,2,512,256,768,512,65536,0,65536.0,497.89353084100037,498.6953672579056,-0.8018364169052394,497.89353084100037,498.6953672579056,-0.8018364169052394,0.005832290225115165,0.001183180828405858,0.11660287981620135,0.9035850844734858
13,indoors,scene_00020,indoors/scene_00020/scan_00184,val/indoors/scene_00020/scan_00184/00020_00184_indoors_080_010.png,7,1,3,768,256,1024,512,65430,17142,133998.0,26327.977488915014,26206.14630907922,121.83117983579419,8892.609346129222,8857.766776417397,34.84256971182475,0.010799292750976417,0.036415268468525955,0.7912283633421453,0.8565644777164472
13,indoors,scene_00020,indoors/scene_00020/scan_00184,val/indoors/scene_00020/scan_00184/00020_00184_indoors_080_010.png,8,2,0,0,512,256,768,65496,18371,138980.0,3487.319576242727,3532.3654177946664,-45.045841551939716,904.8638252828863,923.4068697369171,-18.54304445403081,0.016204349103993147,0.013561511113175967,0.708260160963879,0.5284937125194861
13,indoors,scene_00020,indoors/scene_00020/scan_00184,val/indoors/scene_00020/scan_00184/00020_00184_indoors_080_010.png,9,2,1,256,512,512,768,65506,10582,107834.0,2654.9257796946863,2595.7981649257194,59.127614768967234,791.1828762775731,775.9742799833854,15.208596294187803,0.015233115344369344,0.012481844260489162,0.7024745197557875,0.4357681293637604
13,indoors,scene_00020,indoors/scene_00020/scan_00184,val/indoors/scene_00020/scan_00184/00020_00184_indoors_080_010.png,10,2,2,512,512,768,768,65482,6854,92898.0,3080.547475996449,3102.026468830605,-21.478992834155356,1218.8621250677984,1224.8669719360507,-6.004846868252297,0.009909292211645729,0.010773040042890475,0.6723655347330827,0.7175936140017771
13,indoors,scene_00020,indoors/scene_00020/scan_00184,val/indoors/scene_00020/scan_00184/00020_00184_indoors_080_010.png,11,2,3,768,512,1024,768,65517,12201,114321.0,18422.072350225422,20682.958456939377,-2260.8861067139505,5124.341130771889,5900.14344642689,-775.802315655002,0.014386157096062727,0.04728080205108413,0.5989192463052488,0.2330825362452874
14,indoors,scene_00020,indoors/scene_00020/scan_00184,val/indoors/scene_00020/scan_00184/00020_00184_indoors_110_030.png,0,0,0,0,0,256,256,65536,13532,119664.0,2503.569630254424,2461.2254302225356,42.344200031888825,1586.005563689667,1562.8051369226375,23.200426767029455,0.0046177593744339464,0.015063133159475805,1.3103463002563236,0.676067890867768
14,indoors,scene_00020,indoors/scene_00020/scan_00184,val/indoors/scene_00020/scan_00184/00020_00184_indoors_110_030.png,1,0,1,256,0,512,256,65536,14203,122348.0,1387.0243091980542,1385.8235961537189,1.2007130443352194,839.7894993879388,835.1133918847315,4.67610750320717,0.004591539768953658,0.015748663791466708,1.0967463171361702,0.9787995645062944
14,indoors,scene_00020,indoors/scene_00020/scan_00184,val/indoors/scene_00020/scan_00184/00020_00184_indoors_110_030.png,2,0,2,512,0,768,256,65536,9268,102608.0,2283.3370456259127,2316.340275379097,-33.00322975318406,1103.97763210211,1116.1748883256105,-12.197256223500414,0.005227498069905407,0.01538233180312044,0.8873711343780649,2.0956984947810535
14,indoors,scene_00020,indoors/scene_00020/scan_00184,val/indoors/scene_00020/scan_00184/00020_00184_indoors_110_030.png,3,0,3,768,0,1024,256,65536,1070,69816.0,2500.4059962105184,2621.3501918141365,-120.94419560361825,2287.866919537384,2375.3379271582403,-87.47100762085634,0.00505478258784383,0.013370858541801572,1.5324453522449863,1.599148460990054
14,indoors,scene_00020,indoors/scene_00020/scan_00184,val/indoors/scene_00020/scan_00184/00020_00184_indoors_110_030.png,4,1,0,0,256,256,512,65536,24511,163580.0,1379.6389857064507,1370.0742407728158,9.564744933635138,493.9492507264764,490.436431271395,3.512819455081436,0.0053949788862933485,0.008545079869246056,0.4933305774923713,0.20648982743550573
14,indoors,scene_00020,indoors/scene_00020/scan_00184,val/indoors/scene_00020/scan_00184/00020_00184_indoors_110_030.png,5,1,1,256,256,512,512,65536,10925,109236.0,1637.4359999786811,1636.7021196457697,0.7338803329111936,876.193789937365,877.4787769675057,-1.2849870301407194,0.005996130333160274,0.006382556809574492,0.46780568919677373,0.6963406684482101
14,indoors,scene_00020,indoors/scene_00020/scan_00184,val/indoors/scene_00020/scan_00184/00020_00184_indoors_110_030.png,6,1,2,512,256,768,512,65536,2264,74592.0,2288.8133080948046,2288.8872804199696,-0.07397232516433103,1646.2840413892218,1645.9622692896446,0.3217720995771648,0.012541405858071624,0.005176539027459735,0.49646509503430897,1.394599948840676
14,indoors,scene_00020,indoors/scene_00020/scan_00184,val/indoors/scene_00020/scan_00184/00020_00184_indoors_110_030.png,7,1,3,768,256,1024,512,65536,1311,70780.0,2781.154356690142,2797.7232726657157,-16.56891597557382,2439.390764091654,2442.486243516343,-3.0954794246889112,0.011615326982670732,0.005439393118003308,0.5196017384808544,2.14990201660784
14,indoors,scene_00020,indoors/scene_00020/scan_00184,val/indoors/scene_00020/scan_00184/00020_00184_indoors_110_030.png,8,2,0,0,512,256,768,65536,0,65536.0,1484.4916811179628,1480.2969264599087,4.19475465805431,1484.4916811179628,1480.2969264599087,4.19475465805431,0.006196618001404532,0.004280167434538959,0.31471937149401596,0.6097279916569511
14,indoors,scene_00020,indoors/scene_00020/scan_00184,val/indoors/scene_00020/scan_00184/00020_00184_indoors_110_030.png,9,2,1,256,512,512,768,65536,0,65536.0,1036.3452880329467,1032.5976377988848,3.747650234061914,1036.3452880329467,1032.5976377988848,3.747650234061914,0.006098918307840503,0.0043744945859563195,0.7677230504180421,0.09115757199564123
14,indoors,scene_00020,indoors/scene_00020/scan_00184,val/indoors/scene_00020/scan_00184/00020_00184_indoors_110_030.png,10,2,2,512,512,768,768,65536,1560,71776.0,1620.8370065997817,1642.9412058083662,-22.10419920858461,842.9533965833808,834.4411035305905,8.512293052790458,0.01914269493933807,0.004558150763051192,0.38968380666406593,2.3692402025681747
14,indoors,scene_00020,indoors/scene_00020/scan_00184,val/indoors/scene_00020/scan_00184/00020_00184_indoors_110_030.png,11,2,3,768,512,1024,768,65536,0,65536.0,504.22480683390233,508.0040163999451,-3.7792095660428213,504.22480683390233,508.0040163999451,-3.7792095660428213,0.022580040868245218,0.004494224336953462,0.6356458434662963,2.588319754403422
15,indoors,scene_00020,indoors/scene_00020/scan_00184,val/indoors/scene_00020/scan_00184/00020_00184_indoors_130_010.png,0,0,0,0,0,256,256,58085,5811,81329.0,5603.165335573833,5842.925718456179,-239.7603828823458,2060.6119968906596,2117.9948412198282,-57.38284432916838,0.011959953588285497,0.013034906920313404,0.6095056459833612,0.11183962612491971
15,indoors,scene_00020,indoors/scene_00020/scan_00184,val/indoors/scene_00020/scan_00184/00020_00184_indoors_130_010.png,1,0,1,256,0,512,256,65536,3836,80880.0,1863.4523219013035,1895.4376432051765,-31.985321303873164,928.1641180548673,963.5919643443658,-35.427846289498405,0.007431216504990826,0.007124546340893346,0.23640736930047218,0.7324295758983891
15,indoors,scene_00020,indoors/scene_00020/scan_00184,val/indoors/scene_00020/scan_00184/00020_00184_indoors_130_010.png,2,0,2,512,0,768,256,65536,0,65536.0,1276.3936613719288,1273.0432145785867,3.3504467933423707,1276.3936613719288,1273.0432145785867,3.3504467933423707,0.006253015264783113,0.004426826687314488,1.0168234357013828,0.060799944336153766
15,indoors,scene_00020,indoors/scene_00020/scan_00184,val/indoors/scene_00020/scan_00184/00020_00184_indoors_130_010.png,3,0,3,768,0,1024,256,65536,0,65536.0,1335.7919760268828,1348.4884385401183,-12.696462513235346,1335.7919760268828,1348.4884385401183,-12.696462513235346,0.006198728674901794,0.005266138424657232,1.375859733490805,0.17440474382836735
15,indoors,scene_00020,indoors/scene_00020/scan_00184,val/indoors/scene_00020/scan_00184/00020_00184_indoors_130_010.png,4,1,0,0,256,256,512,56260,5504,78276.0,5992.262026119473,6010.244604488404,-17.982578368931335,1914.1393213262925,2058.4370420665805,-144.29772074028767,0.012664107564098578,0.017693214880232275,0.7976494193390993,0.2882663341657842
15,indoors,scene_00020,indoors/scene_00020/scan_00184,val/indoors/scene_00020/scan_00184/00020_00184_indoors_130_010.png,5,1,1,256,256,512,512,65536,1472,71424.0,1606.9113546440622,1701.2977749806214,-94.38642033655937,964.9144514454101,1036.2579800248423,-71.34352857943225,0.007017886656478275,0.006605351320878686,0.4756188262157458,0.07729321889004767
15,indoors,scene_00020,indoors/scene_00020/scan_00184,val/indoors/scene_00020/scan_00184/00020_00184_indoors_130_010.png,6,1,2,512,256,768,512,65536,0,65536.0,473.1654763715187,468.48415663056886,4.68131974094985,473.1654763715187,468.48415663056886,4.68131974094985,0.006086055614190928,0.004569591156971822,0.7450734397083794,1.6834079583790509
15,indoors,scene_00020,indoors/scene_00020/scan_00184,val/indoors/scene_00020/scan_00184/00020_00184_indoors_130_010.png,7,1,3,768,256,1024,512,65536,42,65704.0,670.1188663286889,672.0840328539923,-1.965166525303522,644.7034168622471,646.6266555736519,-1.9232387114048275,0.005600439167456788,0.005375487325912591,0.7215795051323253,3.0350298275042378
15,indoors,scene_00020,indoors/scene_00020/scan_00184,val/indoors/scene_00020/scan_00184/00020_00184_indoors_130_010.png,8,2,0,0,512,256,768,63396,26391,168960.0,26011.44626387686,25977.70211893,33.744144946859976,7100.091316932693,7090.6125646511455,9.47875228154799,0.014253912427721581,0.022854989422308087,0.6386224288253759,1.1663515930725918
15,indoors,scene_00020,indoors/scene_00020/scan_00184,val/indoors/scene_00020/scan_00184/00020_00184_indoors_130_010.png,9,2,1,256,512,512,768,65533,21260,150573.0,8100.150495794447,8042.310531461601,57.83996433284531,2427.722543088359,2406.38746302192,21.335080066439133,0.0077092034292035256,0.01060982480423953,0.5975177218201835,0.8308357911524442
15,indoors,scene_00020,indoors/scene_00020/scan_00184,val/indoors/scene_00020/scan_00184/00020_00184_indoors_130_010.png,10,2,2,512,512,768,768,65429,5897,89017.0,4767.431735466751,4700.036255894705,67.39547957204593,1864.3974523299503,1776.0672717127723,88.33018061717776,0.012304956813167293,0.021200885909721964,0.9033278657222523,1.7197597981563217
15,indoors,scene_00020,indoors/scene_00020/scan_00184,val/indoors/scene_00020/scan_00184/00020_00184_indoors_130_010.png,11,2,3,768,512,1024,768,65504,6530,91624.0,5968.423239102847,5964.568348224328,3.854890878519768,3207.4326721268976,3214.8421530192154,-7.409480892317729,0.012703494508590289,0.014079335000300357,0.7062218432388642,3.5710965516901143
16,indoors,scene_00020,indoors/scene_00020/scan_00184,val/indoors/scene_00020/scan_00184/00020_00184_indoors_140_000.png,0,0,0,0,0,256,256,65465,14517,123533.0,23658.08975972185,23695.4200967129,-37.33033699104905,6855.247005738482,6833.865757532217,21.38124820626483,0.01404879863939815,0.007002455064542391,0.2168499195931484,2.097891788283318
16,indoors,scene_00020,indoors/scene_00020/scan_00184,val/indoors/scene_00020/scan_00184/00020_00184_indoors_140_000.png,1,0,1,256,0,512,256,57775,3383,71307.0,6005.563932769143,6056.524498510386,-50.960565741243286,3116.848899613966,3683.285084094839,-566.436184480873,0.012901590198508167,0.011052041896226633,0.6100380139542253,-0.02381826442341206
16,indoors,scene_00020,indoors/scene_00020/scan_00184,val/indoors/scene_00020/scan_00184/00020_00184_indoors_140_000.png,2,0,2,512,0,768,256,65536,1403,71148.0,1095.684362862294,1077.5815825637678,18.102780298526262,463.7783286104057,447.5917018250088,16.186626785396868,0.007090067757001499,0.006396968844188275,0.45544010835626586,-0.49292352586321253
16,indoors,scene_00020,indoors/scene_00020/scan_00184,val/indoors/scene_00020/scan_00184/00020_00184_indoors_140_000.png,3,0,3,768,0,1024,256,65536,0,65536.0,247.56106926230478,244.93234475919067,2.628724503114137,247.56106926230478,244.93234475919067,2.628724503114137,0.006288218179238559,0.005176603894845367,0.662742586606739,0.7322387201743349
16,indoors,scene_00020,indoors/scene_00020/scan_00184,val/indoors/scene_00020/scan_00184/00020_00184_indoors_140_000.png,4,1,0,0,256,256,512,65256,15497,127244.0,15384.253155154742,15294.195770040958,90.05738511378428,4594.502989248818,4536.993968757784,57.509020491033475,0.015960795596862632,0.02357320901972368,0.4928856919261085,1.6150845354461394
16,indoors,scene_00020,indoors/scene_00020/scan_00184,val/indoors/scene_00020/scan_00184/00020_00184_indoors_140_000.png,5,1,1,256,256,512,512,63138,17988,135090.0,23686.175446051486,23796.593646575588,-110.4182005241031,5382.074150648294,5402.016662439988,-19.94251179169396,0.014789559775633215,0.02053522876539272,0.5959135682113761,0.16124566063801588
16,indoors,scene_00020,indoors/scene_00020/scan_00184,val/indoors/scene_00020/scan_00184/00020_00184_indoors_140_000.png,6,1,2,512,256,768,512,65532,6805,92752.0,4232.5621397415725,4211.747359381683,20.8147803598901,1246.3777238814996,1232.169769677695,14.207954203804734,0.0071734222675537565,0.00864867002822198,0.45800150053597605,0.06557618739692607
16,indoors,scene_00020,indoors/scene_00020/scan_00184,val/indoors/scene_00020/scan_00184/00020_00184_indoors_140_000.png,7,1,3,768,256,1024,512,65458,2985,77398.0,5466.202419839981,5557.716853027371,-91.5144331873897,2962.9451551229963,2983.476143633321,-20.530988510324764,0.011481002225491097,0.015199030010645497,0.6342008710739785,1.380019456086019
16,indoors,scene_00020,indoors/scene_00020/scan_00184,val/indoors/scene_00020/scan_00184/00020_00184_indoors_140_000.png,8,2,0,0,512,256,768,65469,3441,79233.0,5044.679980848796,5168.4442048710935,-123.76422402229734,2517.3266893216964,2538.9126359342126,-21.585946612516434,0.01573875340349864,0.014674969271210345,0.6115532878610258,1.950859222276481
16,indoors,scene_00020,indoors/scene_00020/scan_00184,val/indoors/scene_00020/scan_00184/00020_00184_indoors_140_000.png,9,2,1,256,512,512,768,65418,4056,81642.0,5552.627203374655,6561.740115851846,-1009.1129124771916,2586.4493938538344,3181.3496313374317,-594.9002374835975,0.014322540741583012,0.030015550393556814,1.0304587855677785,0.5804978639634099
16,indoors,scene_00020,indoors/scene_00020/scan_00184,val/indoors/scene_00020/scan_00184/00020_00184_indoors_140_000.png,10,2,2,512,512,768,768,65536,1350,70936.0,2295.9350915389105,2271.7946185356445,24.14047300326628,1696.3196159968704,1642.3334858130788,53.98613018379199,0.006370419622221681,0.029525184861238625,0.9239216403971123,1.5508433257779324
16,indoors,scene_00020,indoors/scene_00020/scan_00184,val/indoors/scene_00020/scan_00184/00020_00184_indoors_140_000.png,11,2,3,768,512,1024,768,64938,6081,89262.0,13651.789141707843,13293.609773704306,358.179368003537,5940.923472036678,5822.920646333125,118.00282570355218,0.015722527770168086,0.028133327188024727,1.0739180184470205,1.3207283835803003
17,indoors,scene_00020,indoors/scene_00020/scan_00184,val/indoors/scene_00020/scan_00184/00020_00184_indoors_160_010.png,0,0,0,0,0,256,256,65423,8482,99351.0,16968.863023752052,16802.640799946712,166.22222380533626,6740.842329881839,6696.54241212792,44.29991775391985,0.00923424709162307,0.021731289964531164,0.78519084633618,1.3290512328145596
17,indoors,scene_00020,indoors/scene_00020/scan_00184,val/indoors/scene_00020/scan_00184/00020_00184_indoors_160_010.png,1,0,1,256,0,512,256,65288,2924,76984.0,9797.557140945755,10481.06135040611,-683.5042094603555,5908.821078959368,6407.534974669197,-498.7138957098288,0.008709504824227129,0.009572915401522698,0.10635550561389379,2.3575501697241315
17,indoors,scene_00020,indoors/scene_00020/scan_00184,val/indoors/scene_00020/scan_00184/00020_00184_indoors_160_010.png,2,0,2,512,0,768,256,65536,834,68872.0,3830.477002765323,3764.3393256813206,66.13767708400232,3237.4004614071537,3276.9211558663296,-39.52069445917604,0.014992996247862983,0.0010748131743890453,1.4737950954274284,0.39736446535200576
17,indoors,scene_00020,indoors/scene_00020/scan_00184,val/indoors/scene_00020/scan_00184/00020_00184_indoors_160_010.png,3,0,3,768,0,1024,256,57849,2698,68641.0,6478.494695530655,6610.22562704866,-131.7309315180053,3407.7729953990356,3508.2097590368517,-100.43676363781631,0.009954214365742602,0.010811818395054873,0.5464217969875171,-0.10107812431729377
17,indoors,scene_00020,indoors/scene_00020/scan_00184,val/indoors/scene_00020/scan_00184/00020_00184_indoors_160_010.png,4,1,0,0,256,256,512,64674,10877,108182.0,20184.37217312174,20252.32092314058,-67.94875001883898,6875.441631736879,6913.5140248244115,-38.07239308753273,0.016234744645247053,0.022551326473509423,0.47760758580042223,1.547732407774385
17,indoors,scene_00020,indoors/scene_00020/scan_00184,val/indoors/scene_00020/scan_00184/00020_00184_indoors_160_010.png,5,1,1,256,256,512,512,64980,5573,87272.0,11830.894050915553,11947.621632100121,-116.72758118456836,5127.763749619448,5175.077056512213,-47.3133068927656,0.01071675680961818,0.015512343554013135,0.5733216480677378,1.1653071897621736
17,indoors,scene_00020,indoors/scene_00020/scan_00184,val/indoors/scene_00020/scan_00184/00020_00184_indoors_160_010.png,6,1,2,512,256,768,512,65459,10942,109227.0,18750.98275919591,18635.587372315073,115.39538688083621,5659.473564249552,5640.329821163753,19.143743085798228,0.015863459079978492,0.012275377447997594,0.4947000884206027,2.024215537349085
17,indoors,scene_00020,indoors/scene_00020/scan_00184,val/indoors/scene_00020/scan_00184/00020_00184_indoors_160_010.png,7,1,3,768,256,1024,512,56957,2444,66733.0,5393.816325166424,5405.5462240044035,-11.729898837979798,2826.306914957191,2976.5795098714234,-150.27259491423274,0.011625448870921366,0.015018902382180607,0.7024684021847322,0.012466314604289224
17,indoors,scene_00020,indoors/scene_00020/scan_00184,val/indoors/scene_00020/scan_00184/00020_00184_indoors_160_010.png,8,2,0,0,512,256,768,65536,3667,80204.0,4164.359103069505,4612.298707041615,-447.9396039721098,1889.610975600028,2067.1756971557315,-177.56472155570316,0.008401231853938543,0.009513517115486193,0.3846628423303546,2.571534433975762
17,indoors,scene_00020,indoors/scene_00020/scan_00184,val/indoors/scene_00020/scan_00184/00020_00184_indoors_160_010.png,9,2,1,256,512,512,768,65033,5175,85733.0,11168.536204067035,11264.795553847402,-96.25934978036864,3766.6943029135828,3841.1031716414377,-74.40886872785518,0.009036662850114858,0.0237291120088943,0.5832098551173759,2.2476921607972002
17,indoors,scene_00020,indoors/scene_00020/scan_00184,val/indoors/scene_00020/scan_00184/00020_00184_indoors_160_010.png,10,2,2,512,512,768,768,65282,13891,120846.0,22182.130370733536,22079.00283560635,103.12753512718963,7199.064704684133,7167.763531653477,31.301173030656855,0.016480115425540235,0.0317274880732519,0.6131846655733658,2.0577441244203047
17,indoors,scene_00020,indoors/scene_00020/scan_00184,val/indoors/scene_00020/scan_00184/00020_00184_indoors_160_010.png,11,2,3,768,512,1024,768,63027,8997,99015.0,10778.49846221218,10645.395878976886,133.10258323529334,3367.3980207472077,3302.5001951322456,64.89782561496199,0.013199922477891608,0.023223453676366926,0.6642335265423497,0.7352904034278861
18,indoors,scene_00020,indoors/scene_00020/scan_00184,val/indoors/scene_00020/scan_00184/00020_00184_indoors_190_020.png,0,0,0,0,0,256,256,65536,0,65536.0,1566.653703125272,1565.2166426194865,1.4370605057853714,1566.653703125272,1565.2166426194865,1.4370605057853714,0.006469489233473827,0.009182097178546768,0.6688468127686819,1.6877423617305423
18,indoors,scene_00020,indoors/scene_00020/scan_00184,val/indoors/scene_00020/scan_00184/00020_00184_indoors_190_020.png,1,0,1,256,0,512,256,65536,4638,84088.0,2128.3492347188394,2137.9167386115932,-9.567503892753502,1530.5499246380082,1542.8936346576227,-12.34371001961452,0.00636997987441828,0.009682048461949477,0.511038640048708,0.6315460192309006
18,indoors,scene_00020,indoors/scene_00020/scan_00184,val/indoors/scene_00020/scan_00184/00020_00184_indoors_190_020.png,2,0,2,512,0,768,256,65536,12535,115676.0,3385.761807399364,3321.8792418443536,63.88256555501063,1616.7840301265746,1617.911636269832,-1.1276061432573705,0.006769751949498478,0.007221439549741617,0.3540355527297568,0.3842570518108292
18,indoors,scene_00020,indoors/scene_00020/scan_00184,val/indoors/scene_00020/scan_00184/00020_00184_indoors_190_020.png,3,0,3,768,0,1024,256,65536,4457,83364.0,2415.641833997542,2366.59896113718,49.04287286036208,1736.8369986245293,1711.3493082839032,25.487690340626248,0.006949500818552548,0.005417492160897517,0.18063404103535857,0.9766746674322003
18,indoors,scene_00020,indoors/scene_00020/scan_00184,val/indoors/scene_00020/scan_00184/00020_00184_indoors_190_020.png,4,1,0,0,256,256,512,65536,0,65536.0,484.72140038551754,473.05180443766596,11.669595947851597,484.72140038551754,473.05180443766596,11.669595947851597,0.005795415606221111,0.009341663287042277,1.626734047244032,1.8703484614523302
18,indoors,scene_00020,indoors/scene_00020/scan_00184,val/indoors/scene_00020/scan_00184/00020_00184_indoors_190_020.png,5,1,1,256,256,512,512,65536,330,66856.0,622.2868544893919,647.0391936069307,-24.75233911753877,588.8541190225004,612.9224790262492,-24.068360003748605,0.006497726119708661,0.008842819129475876,0.6142106768086292,0.04776180987220591
18,indoors,scene_00020,indoors/scene_00020/scan_00184,val/indoors/scene_00020/scan_00184/00020_00184_indoors_190_020.png,6,1,2,512,256,768,512,65409,5142,85977.0,6147.241171831559,6461.548532533522,-314.307360701964,1849.0492728566996,1964.5528495785397,-115.50357672184025,0.006773362392167299,0.006483569467506413,0.036781245035597786,1.0043808663311182
18,indoors,scene_00020,indoors/scene_00020/scan_00184,val/indoors/scene_00020/scan_00184/00020_00184_indoors_190_020.png,7,1,3,768,256,1024,512,65439,11603,111851.0,20988.686705045482,21160.551394895727,-171.86468985024854,9505.621137315715,9576.155384166528,-70.53424685081414,0.011181928760934698,0.01525821994485931,0.39789184324002064,0.6910541449433479
18,indoors,scene_00020,indoors/scene_00020/scan_00184,val/indoors/scene_00020/scan_00184/00020_00184_indoors_190_020.png,8,2,0,0,512,256,768,65313,3926,81017.0,8101.196141195101,8025.9833994652345,75.21274172986476,3820.971013723017,3716.293089835307,104.67792388771053,0.0077757856734455375,0.0143117653174005,0.6820002213849515,3.795758872015407
18,indoors,scene_00020,indoors/scene_00020/scan_00184,val/indoors/scene_00020/scan_00184/00020_00184_indoors_190_020.png,9,2,1,256,512,512,768,63324,16589,129680.0,52867.7077542727,52966.55313044835,-98.8453761756479,11545.49013139991,11521.029831379718,24.46030002019205,0.0067791419000508045,0.011295157000301178,1.4395078851830632,0.06703591569703594
18,indoors,scene_00020,indoors/scene_00020/scan_00184,val/indoors/scene_00020/scan_00184/00020_00184_indoors_190_020.png,10,2,2,512,512,768,768,65527,1942,73295.0,4105.576590442762,4118.563720229621,-12.987129786858766,3209.1144358402225,3215.0081200122104,-5.893684171987562,0.006237998221416374,0.0034354122744078277,0.09636404883304685,1.159557486196184
18,indoors,scene_00020,indoors/scene_00020/scan_00184,val/indoors/scene_00020/scan_00184/00020_00184_indoors_190_020.png,11,2,3,768,512,1024,768,64718,17131,133242.0,21722.90985576683,21683.19237429903,39.71748146780206,8292.069901801378,8333.638957359462,-41.56905555808447,0.015440487378704083,0.017021365070434086,0.30037740120254747,1.0350707270251338
19,indoors,scene_00020,indoors/scene_00020/scan_00184,val/indoors/scene_00020/scan_00184/00020_00184_indoors_290_040.png,0,0,0,0,0,256,256,65536,2843,76908.0,941.7781128073522,933.4586354027667,8.319477404585406,876.5545845490847,868.978634751586,7.575949797498603,0.006507268462781944,0.010228847340036226,0.7154524849094731,1.655536437425819
19,indoors,scene_00020,indoors/scene_00020/scan_00184,val/indoors/scene_00020/scan_00184/00020_00184_indoors_290_040.png,1,0,1,256,0,512,256,65536,3568,79808.0,1511.479551512124,1505.236929287486,6.242622224637939,1388.245320362149,1382.6062724608187,5.63904790133039,0.007285126882024599,0.010364462874710401,0.641241675119235,1.609005521642828
19,indoors,scene_00020,indoors/scene_00020/scan_00184,val/indoors/scene_00020/scan_00184/00020_00184_indoors_290_040.png,2,0,2,512,0,768,256,65536,2379,75052.0,1107.8530181133053,1108.5171996494257,-0.6641815361203429,1059.46478044051,1059.8684910009306,-0.4037105604206843,0.008346632991858293,0.009962998593576234,0.804601045002037,1.530299818540256
19,indoors,scene_00020,indoors/scene_00020/scan_00184,val/indoors/scene_00020/scan_00184/00020_00184_indoors_290_040.png,3,0,3,768,0,1024,256,65536,369,67012.0,823.0023143610449,815.4635803479816,7.538734013063358,815.6970799015975,808.197579066034,7.499500835563477,0.006951122635629077,0.008586050516727783,0.48993741576227245,2.6881978897570193
19,indoors,scene_00020,indoors/scene_00020/scan_00184,val/indoors/scene_00020/scan_00184/00020_00184_indoors_290_040.png,4,1,0,0,256,256,512,65534,25093,165906.0,6544.837554533196,6561.321721598192,-16.48416706499669,1766.9569699043548,1774.7897625062262,-7.832792601871675,0.00959954678347176,0.007887843927675827,0.5474031037539874,0.21260637721594536
19,indoors,scene_00020,indoors/scene_00020/scan_00184,val/indoors/scene_00020/scan_00184/00020_00184_indoors_290_040.png,5,1,1,256,256,512,512,65536,11676,112240.0,753.0602232132619,764.9508077463174,-11.890584533055488,258.70563731950153,264.53072621189244,-5.825088892390925,0.0067911030989543045,0.007446228299232802,0.4002283915704505,0.8330928064399705
19,indoors,scene_00020,indoors/scene_00020/scan_00184,val/indoors/scene_00020/scan_00184/00020_00184_indoors_290_040.png,6,1,2,512,256,768,512,65536,4213,82388.0,1298.109705037362,1283.4544734465262,14.655231590835331,524.2447723826967,520.7134094374176,3.5313629452792052,0.008211804892428108,0.006776373379231594,0.4819551758011806,1.419678311183962
19,indoors,scene_00020,indoors/scene_00020/scan_00184,val/indoors/scene_00020/scan_00184/00020_00184_indoors_290_040.png,7,1,3,768,256,1024,512,65536,0,65536.0,976.7231681236535,975.1508944099282,1.5722737137252163,976.7231681236535,975.1508944099282,1.5722737137252163,0.006551146795628729,0.005642150543249127,0.2431440885222381,3.0764054462955333
19,indoors,scene_00020,indoors/scene_00020/scan_00184,val/indoors/scene_00020/scan_00184/00020_00184_indoors_290_040.png,8,2,0,0,512,256,768,65513,19601,143917.0,18525.311475028207,18558.722584133087,-33.411109104879614,4193.3195551034905,4198.431273267459,-5.111718163967755,0.016400443755844554,0.00832338190859995,0.20090141950993234,1.3533456417397995
19,indoors,scene_00020,indoors/scene_00020/scan_00184,val/indoors/scene_00020/scan_00184/00020_00184_indoors_290_040.png,9,2,1,256,512,512,768,65536,3076,77840.0,1730.5923689360925,1678.539612158803,52.0527567772894,528.2720759950882,499.03389575384904,29.238180241239107,0.009303148709169007,0.006827070307769624,0.703670378763925,0.7038035402405175
19,indoors,scene_00020,indoors/scene_00020/scan_00184,val/indoors/scene_00020/scan_00184/00020_00184_indoors_290_040.png,10,2,2,512,512,768,768,65536,5823,88828.0,1699.1251394062829,1708.227472894991,-9.102333488708117,679.793676930467,671.8872267981923,7.90645013227484,0.014080195316100875,0.007008384696998506,0.32553566246533344,2.8561241566090017
19,indoors,scene_00020,indoors/scene_00020/scan_00184,val/indoors/scene_00020/scan_00184/00020_00184_indoors_290_040.png,11,2,3,768,512,1024,768,65536,0,65536.0,1665.24373486249,1664.7475011809574,0.4962336815326988,1665.24373486249,1664.7475011809574,0.4962336815326988,0.007471384990233016,0.005431395807859639,0.27700505282537996,3.917118509134378
20,indoors,scene_00020,indoors/scene_00020/scan_00185,val/indoors/scene_00020/scan_00185/00020_00185_indoors_000_000.png,0,0,0,0,0,256,256,65344,8148,97936.0,12585.321144724818,11811.80676474445,773.5143799803691,3428.3612773103764,3196.4356872087187,231.92559010165792,0.016868639776076205,0.014533875493059827,0.29084452347765755,0.7409659025045721
20,indoors,scene_00020,indoors/scene_00020/scan_00185,val/indoors/scene_00020/scan_00185/00020_00185_indoors_000_000.png,1,0,1,256,0,512,256,63881,14994,123857.0,27573.61272917538,28017.03722317377,-443.4244939983882,7591.128725326971,7903.382612408431,-312.2538870814595,0.02266303642028112,0.029885023718799673,0.6628082830818249,0.363604866900047
20,indoors,scene_00020,indoors/scene_00020/scan_00185,val/indoors/scene_00020/scan_00185/00020_00185_indoors_000_000.png,2,0,2,512,0,768,256,64894,11911,112538.0,20745.08929638078,20751.916315655115,-6.827019274334756,8852.657914195668,8966.817539157793,-114.15962496212691,0.020664057222941883,0.02521548732811858,0.9569662815662788,-0.40601961451692403
20,indoors,scene_00020,indoors/scene_00020/scan_00185,val/indoors/scene_00020/scan_00185/00020_00185_indoors_000_000.png,3,0,3,768,0,1024,256,65424,5836,88768.0,14397.25844128083,14990.18300077772,-592.9245594968905,6926.71751314234,7464.8492892123,-538.1317760699601,0.013183768056436795,0.033848900651703345,1.2393012125301839,-0.9522364304206232
20,indoors,scene_00020,indoors/scene_00020/scan_00185,val/indoors/scene_00020/scan_00185/00020_00185_indoors_000_000.png,4,1,0,0,256,256,512,65526,5043,85698.0,8285.00287969186,8265.763794481241,19.23908521061738,2776.8453853418778,2773.599395853539,3.2459894883390206,0.012175206232018928,0.01460818076873089,0.3829840595799121,0.6356802040406396
20,indoors,scene_00020,indoors/scene_00020/scan_00185,val/indoors/scene_00020/scan_00185/00020_00185_indoors_000_000.png,5,1,1,256,256,512,512,64874,5328,86186.0,13387.90995079645,13202.764847917362,185.14510287908902,5611.743823014768,5577.565446368533,34.17837664623558,0.012825182775106369,0.015491143874305224,0.42787587946699945,1.0029810489431843
20,indoors,scene_00020,indoors/scene_00020/scan_00185,val/indoors/scene_00020/scan_00185/00020_00185_indoors_000_000.png,6,1,2,512,256,768,512,65203,6224,90099.0,12642.968101813898,12544.95950521754,98.00859659636086,4483.226043618157,4395.048456448781,88.17758716937638,0.018388823730473108,0.015717239631013964,0.7312887001447128,0.11220270064074925
20,indoors,scene_00020,indoors/scene_00020/scan_00185,val/indoors/scene_00020/scan_00185/00020_00185_indoors_000_000.png,7,1,3,768,256,1024,512,64568,7504,94584.0,14305.9701152999,14827.700662635301,-521.7305473354036,3857.2416505990727,4009.7062007201084,-152.46455012103567,0.02118088995474799,0.03484796260195707,0.8211931054213241,2.02828113749066
20,indoors,scene_00020,indoors/scene_00020/scan_00185,val/indoors/scene_00020/scan_00185/00020_00185_indoors_000_000.png,8,2,0,0,512,256,768,65504,4366,82968.0,8531.66988393631,8713.941927832631,-182.27204389631933,2516.7923041234053,2663.298840914278,-146.50653679087281,0.010684385714150294,0.022679081814414085,0.7427677482177267,0.2907914291434196
20,indoors,scene_00020,indoors/scene_00020/scan_00185,val/indoors/scene_00020/scan_00185/00020_00185_indoors_000_000.png,9,2,1,256,512,512,768,65465,1250,70465.0,5225.406204478405,5091.113333496983,134.29287098142197,2956.0854291966925,2876.5719313074114,79.51349788928087,0.009174956568570578,0.011458530574166223,0.5889672239575034,0.7642671105010614
20,indoors,scene_00020,indoors/scene_00020/scan_00185,val/indoors/scene_00020/scan_00185/00020_00185_indoors_000_000.png,10,2,2,512,512,768,768,65129,2007,73157.0,8026.796996254148,8108.626569779157,-81.82957352500645,4741.6284583379,4795.006036166012,-53.377577828111434,0.008585931503823304,0.017083213672411675,0.604403481464012,1.8352233557479365
20,indoors,scene_00020,indoors/scene_00020/scan_00185,val/indoors/scene_00020/scan_00185/00020_00185_indoors_000_000.png,11,2,3,768,512,1024,768,64671,5436,86415.0,14847.128719680895,14694.690305501232,152.43841417966388,5092.968435033532,4968.877753723442,124.09068131008988,0.010730228647356215,0.01653727334461876,0.6407964316415924,3.2828900867469573
21,indoors,scene_00020,indoors/scene_00020/scan_00185,val/indoors/scene_00020/scan_00185/00020_00185_indoors_010_030.png,0,0,0,0,0,256,256,65536,11426,111240.0,3641.5571748790667,3597.0541530615465,44.50302181752022,3015.9639204931127,2990.7223744828875,25.24154601022472,0.010273438218290612,0.007850784075404346,0.672001440255982,0.8737921055585353
21,indoors,scene_00020,indoors/scene_00020/scan_00185,val/indoors/scene_00020/scan_00185/00020_00185_indoors_010_030.png,1,0,1,256,0,512,256,65536,13457,119364.0,3036.565977039846,3023.183229981469,13.382747058377351,1852.2717158966402,1841.9659948980425,10.305720998597959,0.009892708669352653,0.007821866758939425,0.6318125928833415,-0.014318510098678256
21,indoors,scene_00020,indoors/scene_00020/scan_00185,val/indoors/scene_00020/scan_00185/00020_00185_indoors_010_030.png,2,0,2,512,0,768,256,65536,1494,71512.0,2824.103106956031,2792.9310845360446,31.172022419985986,2559.034540499827,2531.281946379093,27.75259412073386,0.00983690566251078,0.006851525976189623,0.387423433065474,1.0760750912090782
21,indoors,scene_00020,indoors/scene_00020/scan_00185,val/indoors/scene_00020/scan_00185/00020_00185_indoors_010_030.png,3,0,3,768,0,1024,256,65536,0,65536.0,2947.287502641278,2930.614095345856,16.673407295422063,2947.287502641278,2930.614095345856,16.673407295422063,0.009454840135603678,0.005685801928067524,0.1991199258545365,2.0075157987042775
21,indoors,scene_00020,indoors/scene_00020/scan_00185,val/indoors/scene_00020/scan_00185/00020_00185_indoors_010_030.png,4,1,0,0,256,256,512,65536,2501,75540.0,1362.4713325158664,1350.7692080935985,11.702124422267902,1137.326574726505,1129.6775445430915,7.649030183413645,0.008393091410867555,0.003213424718021709,0.22289899544250225,0.661360999406286
21,indoors,scene_00020,indoors/scene_00020/scan_00185,val/indoors/scene_00020/scan_00185/00020_00185_indoors_010_030.png,5,1,1,256,256,512,512,65536,10182,106264.0,4416.7417230393385,4419.204742748585,-2.4630197092464314,2485.862291785116,2485.2753112770993,0.5869805080164583,0.008139850941506314,0.0050418954030131274,0.4006282095418861,0.3051003819449927
21,indoors,scene_00020,indoors/scene_00020/scan_00185,val/indoors/scene_00020/scan_00185/00020_00185_indoors_010_030.png,6,1,2,512,256,768,512,65536,0,65536.0,1930.2898120866264,1932.5716441218801,-2.2818320352538706,1930.2898120866264,1932.5716441218801,-2.2818320352538706,0.007803253512130992,0.005160681121091897,0.5923704074941553,0.5394528156055377
21,indoors,scene_00020,indoors/scene_00020/scan_00185,val/indoors/scene_00020/scan_00185/00020_00185_indoors_010_030.png,7,1,3,768,256,1024,512,65536,0,65536.0,1279.2292127243581,1275.2349378099307,3.994274914427483,1279.2292127243581,1275.2349378099307,3.994274914427483,0.008494932404402238,0.005338786318142778,0.9582844718070831,0.16163316736976574
21,indoors,scene_00020,indoors/scene_00020/scan_00185,val/indoors/scene_00020/scan_00185/00020_00185_indoors_010_030.png,8,2,0,0,512,256,768,65510,445,67290.0,4421.510486935632,4438.70880835615,-17.198321420518223,3982.5549800407503,3995.886220188967,-13.331240148216553,0.008926183011016234,0.004450643345034359,0.3453479685501158,0.9416454403412801
21,indoors,scene_00020,indoors/scene_00020/scan_00185,val/indoors/scene_00020/scan_00185/00020_00185_indoors_010_030.png,9,2,1,256,512,512,768,65298,14651,123902.0,15975.733450592877,18704.42348615045,-2728.690035557573,4955.325845041215,6141.248017113154,-1185.92217207194,0.01500389362706097,0.039418781950524145,0.23705605888810088,1.2436670883952372
21,indoors,scene_00020,indoors/scene_00020/scan_00185,val/indoors/scene_00020/scan_00185/00020_00185_indoors_010_030.png,10,2,2,512,512,768,768,65393,10905,109013.0,12557.899855641042,13792.054463024382,-1234.15460738334,4338.297312259455,4845.302361033462,-507.00504877400704,0.013226832671348734,0.023031016528779175,0.8786334953809093,0.6752441155353478
21,indoors,scene_00020,indoors/scene_00020/scan_00185,val/indoors/scene_00020/scan_00185/00020_00185_indoors_010_030.png,11,2,3,768,512,1024,768,65307,13520,119387.0,20933.01220136731,22986.606748544305,-2053.594547176998,11923.428670627978,12643.599179424815,-720.1705087968364,0.015308577889919517,0.02634730247856027,1.4198827449042661,-1.7167418317856709
22,indoors,scene_00020,indoors/scene_00020/scan_00185,val/indoors/scene_00020/scan_00185/00020_00185_indoors_040_000.png,0,0,0,0,0,256,256,65536,0,65536.0,231.24144851961202,232.12916384896576,-0.8877153293537492,231.24144851961202,232.12916384896576,-0.8877153293537492,0.008335549396568942,0.0010803747326859176,0.19632824780993152,0.9262395665274097
22,indoors,scene_00020,indoors/scene_00020/scan_00185,val/indoors/scene_00020/scan_00185/00020_00185_indoors_040_000.png,1,0,1,256,0,512,256,65536,1142,70104.0,906.0387722930964,882.9179769493601,23.120795343736326,591.9634787749355,570.0561313515725,21.907347423362978,0.01012366838274851,0.0033023005574548364,0.13553355001593073,1.0216629686570622
22,indoors,scene_00020,indoors/scene_00020/scan_00185,val/indoors/scene_00020/scan_00185/00020_00185_indoors_040_000.png,2,0,2,512,0,768,256,65536,682,68264.0,607.4257799513971,587.4209360260658,20.004843925331297,449.73358649718585,438.9581955163609,10.775390980824971,0.008862874379401498,0.0021356652875412874,0.14848745442531527,0.8500744347165019
22,indoors,scene_00020,indoors/scene_00020/scan_00185,val/indoors/scene_00020/scan_00185/00020_00185_indoors_040_000.png,3,0,3,768,0,1024,256,65536,0,65536.0,116.81009476032855,116.94607204417713,-0.1359772838485504,116.81009476032855,116.94607204417713,-0.1359772838485504,0.007265871332646235,0.0010372118468791839,0.1183392341225459,0.6022755874804833
22,indoors,scene_00020,indoors/scene_00020/scan_00185,val/indoors/scene_00020/scan_00185/00020_00185_indoors_040_000.png,4,1,0,0,256,256,512,65392,9246,102376.0,7987.177074955776,7944.702696702187,42.47437825358883,2010.1546429873704,1985.797963024841,24.35667996252951,0.019581914173440736,0.013836082808496606,0.4705132711225983,0.817059726688108
22,indoors,scene_00020,indoors/scene_00020/scan_00185,val/indoors/scene_00020/scan_00185/00020_00185_indoors_040_000.png,5,1,1,256,256,512,512,62827,10431,104551.0,15546.311907353276,15576.13759641274,-29.825689059464246,3758.6063904935118,3761.395867605594,-2.789477112082176,0.01715544189653249,0.01798950126719456,0.6215671917466457,0.5643025279450891
22,indoors,scene_00020,indoors/scene_00020/scan_00185,val/indoors/scene_00020/scan_00185/00020_00185_indoors_040_000.png,6,1,2,512,256,768,512,65157,11151,109761.0,11946.900280381315,11939.160492835297,7.739787546017489,2848.1318342456316,2844.2156689776484,3.9161652679831818,0.015406592480548625,0.019881046484084168,0.4407904768977413,0.7087166787879785
22,indoors,scene_00020,indoors/scene_00020/scan_00185,val/indoors/scene_00020/scan_00185/00020_00185_indoors_040_000.png,7,1,3,768,256,1024,512,65399,8979,101315.0,9102.999746573687,9085.134133536747,17.865613036941564,2004.6787770817512,2003.7445963382193,0.9341807435321013,0.009795675766744512,0.010344446247193457,0.5106130374611708,0.46388190924580563
22,indoors,scene_00020,indoors/scene_00020/scan_00185,val/indoors/scene_00020/scan_00185/00020_00185_indoors_040_000.png,8,2,0,0,512,256,768,65495,7061,93739.0,6788.3810559665035,6968.781040768251,-180.3999848017472,2297.0792726882974,2406.2913792072336,-109.21210651893647,0.0124457460601545,0.023485267219212083,0.5905632094783968,0.6213252330656805
22,indoors,scene_00020,indoors/scene_00020/scan_00185,val/indoors/scene_00020/scan_00185/00020_00185_indoors_040_000.png,9,2,1,256,512,512,768,65495,9557,103723.0,9940.798877698671,10067.806086352695,-127.00720865402513,3166.162645201489,3284.5848302369636,-118.42218503547416,0.014020627100181999,0.03739431693147024,0.9031602461098822,0.6500409153580852
22,indoors,scene_00020,indoors/scene_00020/scan_00185,val/indoors/scene_00020/scan_00185/00020_00185_indoors_040_000.png,10,2,2,512,512,768,768,65287,10625,107787.0,18103.317578253875,17990.582575330063,112.7350029238123,6587.845894720624,6543.396545728035,44.449348992588526,0.015391765441946866,0.05145977591036921,0.5540626989410585,1.454945967981953
22,indoors,scene_00020,indoors/scene_00020/scan_00185,val/indoors/scene_00020/scan_00185/00020_00185_indoors_040_000.png,11,2,3,768,512,1024,768,65430,9388,102982.0,11777.786018940526,11419.730607520063,358.05541142046235,3496.315735310133,3439.383599087728,56.93213622240533,0.015075514647709837,0.021169273973349438,0.6485612228076424,0.5516909525529929
23,indoors,scene_00020,indoors/scene_00020/scan_00185,val/indoors/scene_00020/scan_00185/00020_00185_indoors_070_000.png,0,0,0,0,0,256,256,64703,3445,78483.0,4203.517215439939,4570.014140249968,-366.4969248100283,1445.1344241645952,1597.7975083139718,-152.66308414937654,0.011919608899317721,0.008789607151584842,0.18284391703650874,0.9877998947019158
23,indoors,scene_00020,indoors/scene_00020/scan_00185,val/indoors/scene_00020/scan_00185/00020_00185_indoors_070_000.png,1,0,1,256,0,512,256,65406,2904,77022.0,2642.1432630165073,2711.0741375894017,-68.93087457289454,1285.3629196333113,1315.3262058351952,-29.963286201883843,0.008903798430890765,0.007274810465548995,0.310971641061073,1.2740394437903781
23,indoors,scene_00020,indoors/scene_00020/scan_00185,val/indoors/scene_00020/scan_00185/00020_00185_indoors_070_000.png,2,0,2,512,0,768,256,65523,2512,75571.0,4189.663161342871,4393.065399323935,-203.40223798106416,1305.4824307038211,1378.5141645020299,-73.03173379820896,0.007701547400343951,0.005952610197681752,0.3897725966707711,1.361877584377588
23,indoors,scene_00020,indoors/scene_00020/scan_00185,val/indoors/scene_00020/scan_00185/00020_00185_indoors_070_000.png,3,0,3,768,0,1024,256,65536,0,65536.0,671.7134082645475,671.7065117225036,0.006896542043985654,671.7134082645475,671.7065117225036,0.006896542043985654,0.00867325038166424,0.0030440780662936285,0.5752613505939863,1.6158986226058898
23,indoors,scene_00020,indoors/scene_00020/scan_00185,val/indoors/scene_00020/scan_00185/00020_00185_indoors_070_000.png,4,1,0,0,256,256,512,65423,8958,101255.0,10286.339065417958,10577.188838302995,-290.84977288503643,2707.7798146672776,2789.912316900135,-82.13250223285786,0.017746139588405475,0.012155421322456885,0.3872073002714285,0.6834032118688215
23,indoors,scene_00020,indoors/scene_00020/scan_00185,val/indoors/scene_00020/scan_00185/00020_00185_indoors_070_000.png,5,1,1,256,256,512,512,65439,7710,96279.0,6808.508754238666,6816.1793256471865,-7.670571408520476,1685.33416616622,1679.7255520970791,5.608614069140686,0.018166333320523403,0.010888677074617867,0.3472640221947137,1.2386350964014132
23,indoors,scene_00020,indoors/scene_00020/scan_00185,val/indoors/scene_00020/scan_00185/00020_00185_indoors_070_000.png,6,1,2,512,256,768,512,65501,3621,79985.0,5409.734524706466,5562.281303632584,-152.54677892611824,1941.8877470997888,1953.1160274788176,-11.22828037902877,0.007482868538626821,0.009003673857060218,0.5641021625743725,0.9988433970083234
23,indoors,scene_00020,indoors/scene_00020/scan_00185,val/indoors/scene_00020/scan_00185/00020_00185_indoors_070_000.png,7,1,3,768,256,1024,512,64649,13843,120021.0,18012.35317797775,17889.199145463183,123.15403251456965,4133.497751623636,4077.0078371816003,56.48991444203475,0.023142741726861534,0.018599802025632637,0.47359070700186173,2.091282052020298
23,indoors,scene_00020,indoors/scene_00020/scan_00185,val/indoors/scene_00020/scan_00185/00020_00185_indoors_070_000.png,8,2,0,0,512,256,768,65465,4755,84485.0,3782.5540834032663,3743.8736549723653,38.68042843090117,1325.9174818313693,1318.5767872568088,7.340694574560428,0.021324861578201466,0.01140308177021582,0.3016244247618198,1.1842108193551455
23,indoors,scene_00020,indoors/scene_00020/scan_00185,val/indoors/scene_00020/scan_00185/00020_00185_indoors_070_000.png,9,2,1,256,512,512,768,65275,17233,134207.0,20357.98903039638,20215.914944279953,142.0740861164268,4555.786591885008,4511.129631233044,44.656960651965164,0.022091110914460917,0.0226668061969573,0.39761380263096346,1.2637416136891326
23,indoors,scene_00020,indoors/scene_00020/scan_00185,val/indoors/scene_00020/scan_00185/00020_00185_indoors_070_000.png,10,2,2,512,512,768,768,65508,7619,95984.0,8143.22485771715,8209.015931434584,-65.79107371743274,3251.7949058822837,3293.016018881216,-41.221112998932895,0.013267614243859815,0.02555484884439344,0.7956398111996993,0.7814367377450842
23,indoors,scene_00020,indoors/scene_00020/scan_00185,val/indoors/scene_00020/scan_00185/00020_00185_indoors_070_000.png,11,2,3,768,512,1024,768,65520,5795,88700.0,7446.080256812918,7436.408838934767,9.671417878152054,2814.9548288704564,2802.696508836279,12.258320034177032,0.013073472717693622,0.023164720942297903,0.711427728205295,1.47291647092603
24,indoors,scene_00020,indoors/scene_00020/scan_00185,val/indoors/scene_00020/scan_00185/00020_00185_indoors_080_010.png,0,0,0,0,0,256,256,65536,3959,81372.0,2180.876896318596,2127.6239435564435,53.25295276215277,653.690201689101,640.1599754559646,13.530226233136357,0.014746984848612112,0.0038181819184159166,0.2995856521853675,0.23853332615598621
24,indoors,scene_00020,indoors/scene_00020/scan_00185,val/indoors/scene_00020/scan_00185/00020_00185_indoors_080_010.png,1,0,1,256,0,512,256,65536,0,65536.0,129.31802997710327,129.5911920705203,-0.27316209341703734,129.31802997710327,129.5911920705203,-0.27316209341703734,0.005500224203561826,0.0033083468343967862,1.0477010945288587,-0.16936191228133565
24,indoors,scene_00020,indoors/scene_00020/scan_00185,val/indoors/scene_00020/scan_00185/00020_00185_indoors_080_010.png,2,0,2,512,0,768,256,65536,0,65536.0,92.92434747919827,92.41941555447171,0.504931924726567,92.92434747919827,92.41941555447171,0.504931924726567,0.0074898833799654455,0.003432151008181229,0.649791838432281,0.9809625514677567
24,indoors,scene_00020,indoors/scene_00020/scan_00185,val/indoors/scene_00020/scan_00185/00020_00185_indoors_080_010.png,3,0,3,768,0,1024,256,65536,0,65536.0,376.274001355939,376.7735567748774,-0.49955541893840805,376.274001355939,376.7735567748774,-0.49955541893840805,0.00882056382506392,0.0037527052627937207,0.4380986812217931,2.2463900970173865
24,indoors,scene_00020,indoors/scene_00020/scan_00185,val/indoors/scene_00020/scan_00185/00020_00185_indoors_080_010.png,4,1,0,0,256,256,512,65536,912,69184.0,442.70932699168617,459.86591180792647,-17.15658481624025,257.5834934523657,268.9129748832071,-11.329481430841362,0.005939919268916132,0.003774428421130747,0.49980508445292676,0.1768996273158618
24,indoors,scene_00020,indoors/scene_00020/scan_00185,val/indoors/scene_00020/scan_00185/00020_00185_indoors_080_010.png,5,1,1,256,256,512,512,64803,3722,79691.0,3771.6724332636754,3612.954661469458,158.71777179421701,988.1219044068179,960.9737306233427,27.148173783475254,0.012255687178261674,0.009517512335007361,0.419103367202848,1.3519192931305586
24,indoors,scene_00020,indoors/scene_00020/scan_00185,val/indoors/scene_00020/scan_00185/00020_00185_indoors_080_010.png,6,1,2,512,256,768,512,65456,5026,85560.0,3860.4573286127693,3916.244253460962,-55.786924848192996,946.3801470564856,968.2012311818518,-21.82108412536619,0.009875616778453491,0.007791408201653779,0.35356738564975626,2.373463925701791
24,indoors,scene_00020,indoors/scene_00020/scan_00185,val/indoors/scene_00020/scan_00185/00020_00185_indoors_080_010.png,7,1,3,768,256,1024,512,65533,1036,69677.0,2712.3593910835334,2705.544105807367,6.815285276166556,826.6189511821997,820.6697515466137,5.94919963558586,0.006872929506556491,0.007228937722329943,0.5838248568008413,2.5655342242063544
24,indoors,scene_00020,indoors/scene_00020/scan_00185,val/indoors/scene_00020/scan_00185/00020_00185_indoors_080_010.png,8,2,0,0,512,256,768,64974,19873,144466.0,34091.40256215786,34149.43875557992,-58.036193422055796,7255.125700385517,7350.2422863074335,-95.11658592191631,0.014381962162063425,0.026520610705195458,0.67608898323174,0.28923601807820143
24,indoors,scene_00020,indoors/scene_00020/scan_00185,val/indoors/scene_00020/scan_00185/00020_00185_indoors_080_010.png,9,2,1,256,512,512,768,65433,18515,139493.0,11303.61450794389,11531.811415426057,-228.1969074821651,2891.3984300729885,2954.37860995312,-62.98017988013153,0.018623451000448644,0.013057915052596385,0.6694143257388059,1.1720265425823593
24,indoors,scene_00020,indoors/scene_00020/scan_00185,val/indoors/scene_00020/scan_00185/00020_00185_indoors_080_010.png,10,2,2,512,512,768,768,65319,22247,154307.0,14399.339303341054,14555.900155538355,-156.56085219729744,3218.0725758941317,3246.5015324827573,-28.42895658862571,0.01909410060069797,0.01556503618544553,0.3788040213709226,2.6545141298010786
24,indoors,scene_00020,indoors/scene_00020/scan_00185,val/indoors/scene_00020/scan_00185/00020_00185_indoors_080_010.png,11,2,3,768,512,1024,768,65536,3185,78276.0,1487.5646341028414,1451.1232857855864,36.44134831725484,1045.6603593273799,1019.2080317489483,26.452327578431486,0.006254928043415807,0.006764431264474551,0.46345813067056374,2.4049807497135642
25,indoors,scene_00020,indoors/scene_00020/scan_00185,val/indoors/scene_00020/scan_00185/00020_00185_indoors_190_000.png,0,0,0,0,0,256,256,65536,0,65536.0,449.28744670522894,449.1528169347697,0.13462977045919722,449.28744670522894,449.1528169347697,0.13462977045919722,0.014379322670622113,0.004421860224956799,0.43352366780448026,3.478401684480148
25,indoors,scene_00020,indoors/scene_00020/scan_00185,val/indoors/scene_00020/scan_00185/00020_00185_indoors_190_000.png,1,0,1,256,0,512,256,65536,2278,74648.0,1180.2179057341766,1161.1923970974965,19.02550863668005,808.2089559560046,802.5719547992092,5.637001156795443,0.013921842954157937,0.005286617240760831,0.06727422325060757,3.600397244098394
25,indoors,scene_00020,indoors/scene_00020/scan_00185,val/indoors/scene_00020/scan_00185/00020_00185_indoors_190_000.png,2,0,2,512,0,768,256,65536,1483,71468.0,1497.8871001986363,1577.2475496365078,-79.3604494378711,1142.5609720044295,1163.6745319446104,-21.113559940180988,0.018672220544687583,0.005728041403900678,0.30964577061292115,1.900398547536623
25,indoors,scene_00020,indoors/scene_00020/scan_00185,val/indoors/scene_00020/scan_00185/00020_00185_indoors_190_000.png,3,0,3,768,0,1024,256,65536,1933,73268.0,1723.0217258835796,1808.1930567303189,-85.17133084673925,1279.2913167821453,1302.9096407407255,-23.61832395858036,0.012115034750754034,0.006028930357050417,0.22763957773953294,1.0305133993652258
25,indoors,scene_00020,indoors/scene_00020/scan_00185,val/indoors/scene_00020/scan_00185/00020_00185_indoors_190_000.png,4,1,0,0,256,256,512,65536,0,65536.0,1460.657537975574,1459.7482988082338,0.9092391673403095,1460.657537975574,1459.7482988082338,0.9092391673403095,0.01488391195734524,0.004386725595650678,0.4803537767825792,3.0625466107650885
25,indoors,scene_00020,indoors/scene_00020/scan_00185,val/indoors/scene_00020/scan_00185/00020_00185_indoors_190_000.png,5,1,1,256,256,512,512,65521,438,67273.0,1307.0165430382367,1313.1477198211117,-6.1311767828748485,1065.5646033030785,1070.7735604512877,-5.208957148209268,0.012625298355830691,0.004907530718048597,0.5603750632045602,2.1812845077378524
25,indoors,scene_00020,indoors/scene_00020/scan_00185,val/indoors/scene_00020/scan_00185/00020_00185_indoors_190_000.png,6,1,2,512,256,768,512,65477,2987,77425.0,2248.683343321004,2223.729227505332,24.95411581567218,936.3033203669333,930.5282643389367,5.775056027996725,0.015023716671740284,0.007144122706061655,0.41879549451644343,1.1955458751519905
25,indoors,scene_00020,indoors/scene_00020/scan_00185,val/indoors/scene_00020/scan_00185/00020_00185_indoors_190_000.png,7,1,3,768,256,1024,512,65476,11474,111372.0,5032.6404785167915,4974.974682056627,57.665796460164266,1371.7509811014233,1377.0991747873786,-5.348193685955385,0.014836491541150075,0.010536225815577487,0.5332607341032081,0.41172622608277204
25,indoors,scene_00020,indoors/scene_00020/scan_00185,val/indoors/scene_00020/scan_00185/00020_00185_indoors_190_000.png,8,2,0,0,512,256,768,65402,4564,83658.0,5789.722198328688,5820.970157392568,-31.247959063879293,2957.253407126246,2968.6639478741013,-11.410540747854345,0.015826757241931947,0.012787983450458972,0.4466650333368613,3.4341459221753095
25,indoors,scene_00020,indoors/scene_00020/scan_00185,val/indoors/scene_00020/scan_00185/00020_00185_indoors_190_000.png,9,2,1,256,512,512,768,65296,15445,127076.0,6495.8365054552105,6527.008983313458,-31.17247785824835,1987.5471860584055,2007.65508065917,-20.107894600764585,0.03437368280457389,0.013756828185300104,0.6700724838135657,2.077129088292039
25,indoors,scene_00020,indoors/scene_00020/scan_00185,val/indoors/scene_00020/scan_00185/00020_00185_indoors_190_000.png,10,2,2,512,512,768,768,65363,27856,176787.0,8923.049453530319,8958.643770180253,-35.5943166499342,2348.7377293196123,2364.986538041209,-16.248808721596422,0.03603891539186113,0.01526446833021176,0.7969514419616014,1.1324923687244197
25,indoors,scene_00020,indoors/scene_00020/scan_00185,val/indoors/scene_00020/scan_00185/00020_00185_indoors_190_000.png,11,2,3,768,512,1024,768,65524,10117,105992.0,8171.007438410213,8178.312706256751,-7.305267846538799,5312.905235913291,5306.324454894526,6.580781018764843,0.033322633856294546,0.007629256357924012,0.7648829603766081,0.358496216123983
26,indoors,scene_00020,indoors/scene_00020/scan_00185,val/indoors/scene_00020/scan_00185/00020_00185_indoors_300_010.png,0,0,0,0,0,256,256,65536,453,67348.0,1954.0778204634155,2572.722927470761,-618.6451070073457,1855.233294822961,2463.442476835888,-608.2091820129272,0.03840755364021268,0.0027244526685469253,2.1827130577681584,0.22104823407606133
26,indoors,scene_00020,indoors/scene_00020/scan_00185,val/indoors/scene_00020/scan_00185/00020_00185_indoors_300_010.png,1,0,1,256,0,512,256,65536,1192,70304.0,4676.124907218975,4728.283342996463,-52.15843577748808,4409.324058164724,4433.37498146986,-24.050923305136383,0.02294774725852684,0.003557835871927482,0.3712765097056331,3.6393078831651176
26,indoors,scene_00020,indoors/scene_00020/scan_00185,val/indoors/scene_00020/scan_00185/00020_00185_indoors_300_010.png,2,0,2,512,0,768,256,65535,12283,114667.0,38804.1810966731,34456.18680490872,4347.994291764377,17694.120908022927,16378.190517311654,1315.9303907112758,0.012728105056660121,0.024549425877060792,0.5175246643447007,0.6056420487301979
26,indoors,scene_00020,indoors/scene_00020/scan_00185,val/indoors/scene_00020/scan_00185/00020_00185_indoors_300_010.png,3,0,3,768,0,1024,256,65533,6262,90581.0,34135.82619345867,33279.95059301371,855.8756004449597,16223.753410027171,15552.593827404911,671.1595826222604,0.01903149823287047,0.010970324400631403,0.5425259513364755,0.5111003145318553
26,indoors,scene_00020,indoors/scene_00020/scan_00185,val/indoors/scene_00020/scan_00185/00020_00185_indoors_300_010.png,4,1,0,0,256,256,512,65536,10768,108608.0,5925.368623512771,5897.800586533409,27.568036979361644,3266.666444023485,3260.5665840079128,6.099860015572338,0.025081803527726317,0.004679508522989504,0.08858055118997862,5.00787750997584
26,indoors,scene_00020,indoors/scene_00020/scan_00185,val/indoors/scene_00020/scan_00185/00020_00185_indoors_300_010.png,5,1,1,256,256,512,512,65536,5003,85548.0,3899.03996859739,4192.328567804439,-293.28859920705077,3373.6445425844577,3562.6658063681807,-189.02126378372276,0.01784931315245282,0.003892146966968691,0.2860866676786606,3.8275519204042867
26,indoors,scene_00020,indoors/scene_00020/scan_00185,val/indoors/scene_00020/scan_00185/00020_00185_indoors_300_010.png,6,1,2,512,256,768,512,65535,11178,110247.0,34712.31708309707,32785.965925952856,1926.351157144216,16913.53442310149,16819.151274138305,94.383148963185,0.012432065991085157,0.024543748244953076,0.9512954783761188,-0.249652332479125
26,indoors,scene_00020,indoors/scene_00020/scan_00185,val/indoors/scene_00020/scan_00185/00020_00185_indoors_300_010.png,7,1,3,768,256,1024,512,65526,5113,85978.0,61835.08197678682,61702.99879521781,132.08318156901652,29479.025301732567,29033.969210904812,445.0560908277513,0.0178790074969193,0.012585503042586096,0.60628100199078,-0.07060030384424557
26,indoors,scene_00020,indoors/scene_00020/scan_00185,val/indoors/scene_00020/scan_00185/00020_00185_indoors_300_010.png,8,2,0,0,512,256,768,65536,6493,91508.0,4532.216989904944,6877.249626524543,-2345.0326366195986,2805.7602592512,3662.6515372780013,-856.8912780268016,0.011936442562972431,0.0035725051062516985,3.711978383374757,0.8960777225119894
26,indoors,scene_00020,indoors/scene_00020/scan_00185,val/indoors/scene_00020/scan_00185/00020_00185_indoors_300_010.png,9,2,1,256,512,512,768,65536,4165,82196.0,3933.028590081267,4681.162897298667,-748.1343072174,3197.9636699530665,3562.644131968359,-364.680462015292,0.010479531322596828,0.003172393729160894,1.8743313791672915,0.3645664655285141
26,indoors,scene_00020,indoors/scene_00020/scan_00185,val/indoors/scene_00020/scan_00185/00020_00185_indoors_300_010.png,10,2,2,512,512,768,768,65536,11057,109764.0,21895.432819476955,24096.7611688556,-2201.328349378644,11812.038738252668,13281.214254014885,-1469.175515762217,0.011309125405498416,0.020567264154028216,0.5293189210643319,1.4402574070705938
26,indoors,scene_00020,indoors/scene_00020/scan_00185,val/indoors/scene_00020/scan_00185/00020_00185_indoors_300_010.png,11,2,3,768,512,1024,768,65484,4670,84164.0,23554.974403759035,23863.925110043147,-308.95070628411275,13855.211411141292,13845.162634364855,10.04877677643671,0.010009059244824616,0.013356088154613649,0.553441502102126,0.6397428029533678
27,indoors,scene_00020,indoors/scene_00020/scan_00185,val/indoors/scene_00020/scan_00185/00020_00185_indoors_330_010.png,0,0,0,0,0,256,256,65421,8252,98429.0,33503.64676372745,34435.254251600076,-931.6074878726276,21029.680303925175,21492.070621608218,-462.3903176830416,0.012084585157898757,0.011229494604920627,0.24303180564209603,0.6435167897925534
27,indoors,scene_00020,indoors/scene_00020/scan_00185,val/indoors/scene_00020/scan_00185/00020_00185_indoors_330_010.png,1,0,1,256,0,512,256,65536,1495,71516.0,5490.784995973413,5561.908370703584,-71.12337473017038,4157.901994516496,4223.767084922726,-65.86509040622965,0.01346340230483499,0.0031023972643423126,0.6879798929081425,1.1355636755977652
27,indoors,scene_00020,indoors/scene_00020/scan_00185,val/indoors/scene_00020/scan_00185/00020_00185_indoors_330_010.png,2,0,2,512,0,768,256,65536,8,65568.0,800.5951370229088,830.1242435709635,-29.529106548054504,800.0534891094555,829.5899156519247,-29.536426542469194,0.03948603986479065,0.002413475981501883,0.29345753782031886,2.4804603467555926
27,indoors,scene_00020,indoors/scene_00020/scan_00185,val/indoors/scene_00020/scan_00185/00020_00185_indoors_330_010.png,3,0,3,768,0,1024,256,65536,376,67040.0,2500.639611219982,2490.953131394766,9.686479825215946,2406.7019855780745,2396.682264561615,10.019721016459759,0.04029862842332103,0.0024876859618084813,0.20286427851345323,3.0759792703449644
27,indoors,scene_00020,indoors/scene_00020/scan_00185,val/indoors/scene_00020/scan_00185/00020_00185_indoors_330_010.png,4,1,0,0,256,256,512,65368,8825,100668.0,34830.838339212496,35125.537073487896,-294.6987342754018,20644.667147590815,20825.201968547888,-180.53482095707233,0.014503404823194002,0.018841272589267266,0.5518079697211066,0.25270427465901557
27,indoors,scene_00020,indoors/scene_00020/scan_00185,val/indoors/scene_00020/scan_00185/00020_00185_indoors_330_010.png,5,1,1,256,256,512,512,65524,3380,79044.0,7227.702089632883,7225.706261765994,1.9958278668901563,4497.203422396216,4496.600771093908,0.6026513023080966,0.01197750080956906,0.003737495614351236,0.45995663200283304,1.4587959988899766
27,indoors,scene_00020,indoors/scene_00020/scan_00185,val/indoors/scene_00020/scan_00185/00020_00185_indoors_330_010.png,6,1,2,512,256,768,512,65536,7190,94296.0,5484.606471036078,5547.424910379873,-62.81843934379512,1687.0962770870296,1769.439165080694,-82.34288799366442,0.026091300607073986,0.004908056350886521,0.26380302010615414,2.586629252917559
27,indoors,scene_00020,indoors/scene_00020/scan_00185,val/indoors/scene_00020/scan_00185/00020_00185_indoors_330_010.png,7,1,3,768,256,1024,512,65536,3040,77696.0,4101.406930382582,4067.730686013136,33.676244369445286,2867.456661579417,2856.60603736084,10.850624218576572,0.02543076867756977,0.004493038204196869,0.17182665365415659,3.1988968921412932
27,indoors,scene_00020,indoors/scene_00020/scan_00185,val/indoors/scene_00020/scan_00185/00020_00185_indoors_330_010.png,8,2,0,0,512,256,768,65358,5059,85594.0,11384.41589827777,11422.682896762335,-38.26699848456357,5619.16865444886,5531.908055809516,87.26059863934472,0.01758491970966377,0.01816296000011573,0.43739925483392517,1.620018824303062
27,indoors,scene_00020,indoors/scene_00020/scan_00185,val/indoors/scene_00020/scan_00185/00020_00185_indoors_330_010.png,9,2,1,256,512,512,768,62306,26902,169914.0,44915.27781928521,45931.57143833369,-1016.2936190484717,11297.880702822735,11499.258179036238,-201.3774762135036,0.025330999998908067,0.08078194440476356,0.7913281339180528,2.1340022423117944
27,indoors,scene_00020,indoors/scene_00020/scan_00185,val/indoors/scene_00020/scan_00185/00020_00185_indoors_330_010.png,10,2,2,512,512,768,768,65429,10051,105633.0,12473.82514755664,12269.93268396188,203.8924635947582,3361.9719998297287,3240.7577900332158,121.21420979651285,0.01302014921474886,0.018732866225965327,0.40108917997961274,2.5495008351612127
27,indoors,scene_00020,indoors/scene_00020/scan_00185,val/indoors/scene_00020/scan_00185/00020_00185_indoors_330_010.png,11,2,3,768,512,1024,768,65536,3684,80272.0,3287.125744097035,3253.8285024346646,33.29724166236993,1771.0339824398152,1756.8630388557042,14.170943584110997,0.013185344800576215,0.0032918422425873115,0.24454689060757034,3.2248968896605765
28,indoors,scene_00020,indoors/scene_00020/scan_00185,val/indoors/scene_00020/scan_00185/00020_00185_indoors_340_020.png,0,0,0,0,0,256,256,65536,0,65536.0,13353.340038881672,13355.04341904459,-1.7033801629190108,13353.340038881672,13355.04341904459,-1.7033801629190108,0.008157310857351547,0.003345995197362022,0.1295504231769567,1.128919383650167
28,indoors,scene_00020,indoors/scene_00020/scan_00185,val/indoors/scene_00020/scan_00185/00020_00185_indoors_340_020.png,1,0,1,256,0,512,256,65536,0,65536.0,8401.559559397905,8398.912448247818,2.6471111500869053,8401.559559397905,8398.912448247818,2.6471111500869053,0.008737459324322367,0.003263616615869056,0.5099277997121039,0.23783047057802353
28,indoors,scene_00020,indoors/scene_00020/scan_00185,val/indoors/scene_00020/scan_00185/00020_00185_indoors_340_020.png,2,0,2,512,0,768,256,65536,1787,72684.0,4636.84129088404,4662.747882207228,-25.906591323187598,3479.8094671291647,3489.3216886139826,-9.512221484817587,0.015008606290800816,0.004029491116480338,0.3757766267591149,2.1373311332876943
28,indoors,scene_00020,indoors/scene_00020/scan_00185,val/indoors/scene_00020/scan_00185/00020_00185_indoors_340_020.png,3,0,3,768,0,1024,256,65536,16,65600.0,655.1108374729996,655.646531252464,-0.5356937794644718,654.6553268186774,654.9586824446937,-0.3033556260164527,0.03412304307933033,0.0033357781160936717,0.26647536746577954,2.847943452214835
28,indoors,scene_00020,indoors/scene_00020/scan_00185,val/indoors/scene_00020/scan_00185/00020_00185_indoors_340_020.png,4,1,0,0,256,256,512,65325,11778,112437.0,26754.95282949833,26605.77042606993,149.18240342840014,15614.081444273234,15527.255095158085,86.82634911514364,0.014523950576433494,0.014421753675490976,0.6199861585121236,0.8454473339155221
28,indoors,scene_00020,indoors/scene_00020/scan_00185,val/indoors/scene_00020/scan_00185/00020_00185_indoors_340_020.png,5,1,1,256,256,512,512,65438,11095,109818.0,28047.316015706558,29541.86351235568,-1494.5474966491286,16009.996669155576,16607.180621314797,-597.1839521592229,0.011831278988731108,0.01563752723531541,0.4764702217009606,0.19299230522099212
28,indoors,scene_00020,indoors/scene_00020/scan_00185,val/indoors/scene_00020/scan_00185/00020_00185_indoors_340_020.png,6,1,2,512,256,768,512,65536,1737,72484.0,3112.9862296048022,3155.0495551080953,-42.063325503293115,1969.4129515275408,2015.6649475096358,-46.25199598209497,0.016223442843291417,0.004355390168393287,0.46199933399871385,2.5037224627751007
28,indoors,scene_00020,indoors/scene_00020/scan_00185,val/indoors/scene_00020/scan_00185/00020_00185_indoors_340_020.png,7,1,3,768,256,1024,512,65536,50,65736.0,1420.4403974622933,1419.7786499166664,0.6617475456270334,1414.9597208583386,1414.2811387310912,0.678582127247612,0.039102026064071455,0.0031005597275457495,0.23729836174716296,3.588250350671836
28,indoors,scene_00020,indoors/scene_00020/scan_00185,val/indoors/scene_00020/scan_00185/00020_00185_indoors_340_020.png,8,2,0,0,512,256,768,64511,22523,154603.0,45632.71769427341,45448.31220477864,184.4054894947709,19387.895697397056,19367.22280474876,20.672892648297502,0.022310666657608582,0.025326607204275015,0.9479461086346552,0.8914081149216208
28,indoors,scene_00020,indoors/scene_00020/scan_00185,val/indoors/scene_00020/scan_00185/00020_00185_indoors_340_020.png,9,2,1,256,512,512,768,65395,8490,99355.0,25116.223469356693,25231.88816711858,-115.66469776189113,13908.538462238674,13990.327978995358,-81.78951675668353,0.01525382597108312,0.028197770652256857,0.5089188821687408,0.5233676593670473
28,indoors,scene_00020,indoors/scene_00020/scan_00185,val/indoors/scene_00020/scan_00185/00020_00185_indoors_340_020.png,10,2,2,512,512,768,768,65469,7866,96933.0,5680.248912357718,5749.086216582391,-68.83730422467276,1966.5481556177472,1977.6232834168864,-11.075127799138954,0.01354523355195262,0.006756770114729571,0.38552132941157446,3.056039240239705
28,indoors,scene_00020,indoors/scene_00020/scan_00185,val/indoors/scene_00020/scan_00185/00020_00185_indoors_340_020.png,11,2,3,768,512,1024,768,65536,13148,118128.0,8070.07238892466,11649.924959684184,-3579.8525707595236,3686.5936391786204,4975.03517639018,-1288.441537211559,0.022765813317375615,0.008741967414509081,1.984042917895111,0.11984873642360139
29,indoors,scene_00020,indoors/scene_00020/scan_00185,val/indoors/scene_00020/scan_00185/00020_00185_indoors_350_030.png,0,0,0,0,0,256,256,65536,24820,164816.0,4964.427437734497,4984.196356833456,-19.768919098958676,1851.3742472689523,1859.5681017714664,-8.193854502514338,0.010124782973241191,0.006079892482749848,0.29033152667487533,1.0566062945444896
29,indoors,scene_00020,indoors/scene_00020/scan_00185,val/indoors/scene_00020/scan_00185/00020_00185_indoors_350_030.png,1,0,1,256,0,512,256,65536,3840,80896.0,924.9757591527693,969.0957019033883,-44.11994275061901,735.1853041333751,762.3223128148152,-27.137008681440083,0.009481896251364749,0.004761404164068777,0.8462391702130937,-0.0896374590668902
29,indoors,scene_00020,indoors/scene_00020/scan_00185,val/indoors/scene_00020/scan_00185/00020_00185_indoors_350_030.png,2,0,2,512,0,768,256,65536,38,65688.0,1266.721359374757,1260.0253140496375,6.6960453251193,1265.680399478229,1258.976722838369,6.703676639859811,0.009000034521381161,0.003943417054253389,0.7910495431833147,0.601503063462683
29,indoors,scene_00020,indoors/scene_00020/scan_00185,val/indoors/scene_00020/scan_00185/00020_00185_indoors_350_030.png,3,0,3,768,0,1024,256,65536,859,68972.0,740.2898193924229,742.0290344666367,-1.7392150742138224,506.2629534383734,510.3412328500054,-4.0782794116319465,0.010361068845980124,0.004578528497357172,0.20746027143866375,3.4447925494607667
29,indoors,scene_00020,indoors/scene_00020/scan_00185,val/indoors/scene_00020/scan_00185/00020_00185_indoors_350_030.png,4,1,0,0,256,256,512,65536,0,65536.0,954.0533787511375,954.4841125015159,-0.43073375037837147,954.0533787511375,954.4841125015159,-0.43073375037837147,0.008092221829268949,0.0036182169107864073,0.4917900347085336,0.7326847435425127
29,indoors,scene_00020,indoors/scene_00020/scan_00185,val/indoors/scene_00020/scan_00185/00020_00185_indoors_350_030.png,5,1,1,256,256,512,512,65536,0,65536.0,526.4964638842905,526.9641500657723,-0.46768618148183716,526.4964638842905,526.9641500657723,-0.46768618148183716,0.008069359231503717,0.003496401690716535,0.3659899607354004,0.7525826410980557
29,indoors,scene_00020,indoors/scene_00020/scan_00185,val/indoors/scene_00020/scan_00185/00020_00185_indoors_350_030.png,6,1,2,512,256,768,512,65536,0,65536.0,910.977317367513,912.149303480878,-1.1719861133648406,910.977317367513,912.149303480878,-1.1719861133648406,0.008533449406255146,0.004108030282924152,0.7803260397360787,0.086713817457575
29,indoors,scene_00020,indoors/scene_00020/scan_00185,val/indoors/scene_00020/scan_00185/00020_00185_indoors_350_030.png,7,1,3,768,256,1024,512,65536,1686,72280.0,1481.4605933793327,1551.1989451457716,-69.7383517664388,496.3129025097705,515.8410317616347,-19.528129251864197,0.01841485439814516,0.004760908923693227,0.33982694671653907,3.2928666530246327
29,indoors,scene_00020,indoors/scene_00020/scan_00185,val/indoors/scene_00020/scan_00185/00020_00185_indoors_350_030.png,8,2,0,0,512,256,768,65355,13154,117971.0,16372.019913766775,16974.06062713321,-602.0407133664348,5444.702697752041,5496.327112871762,-51.62441511972117,0.013898752935205726,0.025999984526952787,1.1739156129923056,-0.4643635327292514
29,indoors,scene_00020,indoors/scene_00020/scan_00185,val/indoors/scene_00020/scan_00185/00020_00185_indoors_350_030.png,9,2,1,256,512,512,768,65312,19212,142160.0,20600.946548063737,23121.17734377323,-2520.2307957094918,7561.2526089771045,8552.646883964768,-991.3942749876619,0.015289938176004401,0.029994401118627115,0.4203254741063634,-0.006464899953243898
29,indoors,scene_00020,indoors/scene_00020/scan_00185,val/indoors/scene_00020/scan_00185/00020_00185_indoors_350_030.png,10,2,2,512,512,768,768,65436,12586,115780.0,20334.866650263328,21966.864305220683,-1631.997654957354,10297.67462178181,10936.525856612881,-638.8512348310691,0.011750916048993247,0.025092161178874386,0.7349633897949868,-0.9002741093179003
29,indoors,scene_00020,indoors/scene_00020/scan_00185,val/indoors/scene_00020/scan_00185/00020_00185_indoors_350_030.png,11,2,3,768,512,1024,768,65536,2399,75132.0,2322.7185472729834,2293.887463708619,28.83108356436474,1124.6256757961905,1105.5106079320265,19.115067864163954,0.016222812706446238,0.006217490180828961,0.30018729855688464,4.087944718028971
30,indoors,scene_00020,indoors/scene_00020/scan_00186,val/indoors/scene_00020/scan_00186/00020_00186_indoors_090_020.png,0,0,0,0,0,256,256,65536,422,67224.0,918.3397285634544,931.5381199680521,-13.198391404597835,627.6384219427421,646.2747007423277,-18.63627879958554,0.009431101235515053,0.008740234587058013,0.5221170222153139,0.04502876048596316
30,indoors,scene_00020,indoors/scene_00020/scan_00186,val/indoors/scene_00020/scan_00186/00020_00186_indoors_090_020.png,1,0,1,256,0,512,256,65536,0,65536.0,384.87945469400023,383.00284229408123,1.8766123999190012,384.87945469400023,383.00284229408123,1.8766123999190012,0.008761597412541696,0.002902836424057369,0.5441389294165695,0.345570422972723
30,indoors,scene_00020,indoors/scene_00020/scan_00186,val/indoors/scene_00020/scan_00186/00020_00186_indoors_090_020.png,2,0,2,512,0,768,256,65536,41,65700.0,171.24830187416057,171.1393482930815,0.1089535810790721,165.8413346140619,165.71803876035577,0.12329585370613949,0.010894626752104635,0.0028251140262329864,0.5981222458951108,0.9167295876664997
30,indoors,scene_00020,indoors/scene_00020/scan_00186,val/indoors/scene_00020/scan_00186/00020_00186_indoors_090_020.png,3,0,3,768,0,1024,256,65536,2936,77280.0,2515.8639071283815,2504.5989680528746,11.264939075507051,1096.5998718104424,1099.5150694079757,-2.9151975975332416,0.02210660050914598,0.0044664630764137715,0.23157403591409698,3.02475600582824
30,indoors,scene_00020,indoors/scene_00020/scan_00186,val/indoors/scene_00020/scan_00186/00020_00186_indoors_090_020.png,4,1,0,0,256,256,512,65523,2780,76643.0,3970.3895106107457,3982.0301018434648,-11.640591232718933,1223.37476753446,1233.7408525008855,-10.3660849664253,0.008986181686941354,0.009699687451612263,0.44640430761280386,0.6757907947055874
30,indoors,scene_00020,indoors/scene_00020/scan_00186,val/indoors/scene_00020/scan_00186/00020_00186_indoors_090_020.png,5,1,1,256,256,512,512,65509,3483,79441.0,5359.737874590658,5342.070665966325,17.66720862433344,1625.1412142246345,1620.8389830959736,4.3022311286611705,0.009449288349800907,0.009830687602216849,0.6280429013006827,0.3111457197943965
30,indoors,scene_00020,indoors/scene_00020/scan_00186,val/indoors/scene_00020/scan_00186/00020_00186_indoors_090_020.png,6,1,2,512,256,768,512,65517,4055,81737.0,5490.953195235719,5617.754276954925,-126.80108171920713,1439.6408129167598,1505.7399223051343,-66.09910938837459,0.010166526102750047,0.011766993816089144,0.9252344113992568,0.8289176905062504
30,indoors,scene_00020,indoors/scene_00020/scan_00186,val/indoors/scene_00020/scan_00186/00020_00186_indoors_090_020.png,7,1,3,768,256,1024,512,65067,7944,96843.0,10660.383922483004,10730.966439898039,-70.58251741503588,2540.8089601516017,2578.4677046694296,-37.65874451782771,0.01368066410716624,0.012800330822916924,0.46189325261372494,2.4569152339413596
30,indoors,scene_00020,indoors/scene_00020/scan_00186,val/indoors/scene_00020/scan_00186/00020_00186_indoors_090_020.png,8,2,0,0,512,256,768,65422,8778,100534.0,12084.313435050697,12006.703840510303,77.60959454039332,3422.091149955191,3427.720899680741,-5.6297497255492654,0.011152651942660956,0.016917138523727268,0.8808756456077441,0.18340148225024805
30,indoors,scene_00020,indoors/scene_00020/scan_00186,val/indoors/scene_00020/scan_00186/00020_00186_indoors_090_020.png,9,2,1,256,512,512,768,65125,5495,87105.0,9245.847168136504,9441.804379045743,-195.95721090923948,2223.6455227216857,2280.5182485784835,-56.87272585679836,0.008234750708442673,0.010729177995580777,0.6586734478397833,0.6127051133401256
30,indoors,scene_00020,indoors/scene_00020/scan_00186,val/indoors/scene_00020/scan_00186/00020_00186_indoors_090_020.png,10,2,2,512,512,768,768,65362,4276,82466.0,6675.061498627516,6661.758175800251,13.303322827266229,2167.76657580106,2140.489425518686,27.277150282374244,0.00948714003311267,0.015770257720186573,0.803076231368775,1.0958085701549118
30,indoors,scene_00020,indoors/scene_00020/scan_00186,val/indoors/scene_00020/scan_00186/00020_00186_indoors_090_020.png,11,2,3,768,512,1024,768,61743,37927,213451.0,77846.32384919815,77799.77849514913,46.5453540490049,16590.02408392788,16575.72933666544,14.294747262440698,0.006700800088527527,0.013022398710652357,0.8510280982901771,1.585261598790938
31,indoors,scene_00020,indoors/scene_00020/scan_00186,val/indoors/scene_00020/scan_00186/00020_00186_indoors_120_020.png,0,0,0,0,0,256,256,65528,1033,69660.0,4531.071901811224,5440.76116186215,-909.6892600509265,2970.6878254319686,3489.6484478028665,-518.9606223708977,0.008257187716871476,0.021208421202717424,0.9729902183927304,-0.07092830333645184
31,indoors,scene_00020,indoors/scene_00020/scan_00186,val/indoors/scene_00020/scan_00186/00020_00186_indoors_120_020.png,1,0,1,256,0,512,256,65536,91,65900.0,2305.1389009691434,2322.9600264686014,-17.82112549945801,2194.590250687984,2212.3539413143385,-17.76369062635456,0.007537740746169243,0.005418346101222358,0.961052795285488,-0.009991431560512076
31,indoors,scene_00020,indoors/scene_00020/scan_00186,val/indoors/scene_00020/scan_00186/00020_00186_indoors_120_020.png,2,0,2,512,0,768,256,65536,6,65560.0,4449.641783227125,4450.391897112741,-0.7501138856159608,4445.973835433882,4446.7250841526975,-0.7512487188145442,0.008251439649101818,0.003847608947929461,0.4065503939703226,0.45555566256487656
31,indoors,scene_00020,indoors/scene_00020/scan_00186,val/indoors/scene_00020/scan_00186/00020_00186_indoors_120_020.png,3,0,3,768,0,1024,256,65534,336,66878.0,3049.863420100021,3042.7289024935853,7.134517606436141,2644.6592537626475,2644.8158491752665,-0.15659541261909737,0.009963995735918333,0.003957867030599228,0.6462568398244679,0.12066800352800178
31,indoors,scene_00020,indoors/scene_00020/scan_00186,val/indoors/scene_00020/scan_00186/00020_00186_indoors_120_020.png,4,1,0,0,256,256,512,65160,8134,97696.0,17709.250891858235,18233.848434688356,-524.597542830121,8852.168058932788,9088.872658040573,-236.70459910778288,0.015122180942071375,0.02857278464842032,0.9919003956247439,-0.09302419504603802
31,indoors,scene_00020,indoors/scene_00020/scan_00186,val/indoors/scene_00020/scan_00186/00020_00186_indoors_120_020.png,5,1,1,256,256,512,512,65107,13900,120707.0,19631.297911658297,20422.286579154603,-790.988667496307,6617.770164290291,7075.815326797079,-458.04516250678756,0.021587248975603542,0.06322243275171266,0.9877876206512909,0.37347250965308687
31,indoors,scene_00020,indoors/scene_00020/scan_00186,val/indoors/scene_00020/scan_00186/00020_00186_indoors_120_020.png,6,1,2,512,256,768,512,65533,1227,70441.0,3113.2994112538026,2944.6505335947877,168.6488776590153,1815.4706270755705,1822.98939777908,-7.518770703509601,0.008431183422866848,0.010018742389715715,0.43339634865548565,0.6577060844623854
31,indoors,scene_00020,indoors/scene_00020/scan_00186,val/indoors/scene_00020/scan_00186/00020_00186_indoors_120_020.png,7,1,3,768,256,1024,512,65521,3537,79669.0,6642.121834776106,6641.801006742934,0.32082803317124764,2205.661163613142,2202.930763196532,2.7304004166093208,0.009937892701486777,0.006128434236725247,0.25503222125771713,1.234976380276577
31,indoors,scene_00020,indoors/scene_00020/scan_00186,val/indoors/scene_00020/scan_00186/00020_00186_indoors_120_020.png,8,2,0,0,512,256,768,64819,15631,127343.0,31522.821229870307,31942.945695776085,-420.1244659057742,10802.302195683957,10875.034522940368,-72.73232725641282,0.022433739539842144,0.0462766980629252,1.2911601801625832,-0.022185929790150303
31,indoors,scene_00020,indoors/scene_00020/scan_00186,val/indoors/scene_00020/scan_00186/00020_00186_indoors_120_020.png,9,2,1,256,512,512,768,64978,17163,133630.0,23266.46848863973,24135.907234582526,-869.4387459427917,7095.889081311356,7521.299478061662,-425.4103967503059,0.02912222195057349,0.04792861805089095,0.8427815570420525,0.6922959382787638
31,indoors,scene_00020,indoors/scene_00020/scan_00186,val/indoors/scene_00020/scan_00186/00020_00186_indoors_120_020.png,10,2,2,512,512,768,768,65400,10252,106408.0,14711.159705712686,14601.380679840284,109.77902587240007,5191.264915013248,5117.79413147121,73.47078354203869,0.016185716461141558,0.022002066583007237,0.6474227830960539,0.9522201209613216
31,indoors,scene_00020,indoors/scene_00020/scan_00186,val/indoors/scene_00020/scan_00186/00020_00186_indoors_120_020.png,11,2,3,768,512,1024,768,65400,7095,93780.0,13090.055905386018,12863.354588505425,226.70131688059328,3996.6525139784694,3949.0854750907956,47.56703888767439,0.011503459207253559,0.007128078240006314,0.2649390775081274,1.4737344421188145
32,indoors,scene_00020,indoors/scene_00020/scan_00186,val/indoors/scene_00020/scan_00186/00020_00186_indoors_140_000.png,0,0,0,0,0,256,256,65536,392,67104.0,4643.306956563705,4636.00063704581,7.306319517896651,4387.609572866362,4383.417167850965,4.19240501539756,0.007600159273812087,0.006218842830696006,1.3230931469061549,-0.02779895464486459
32,indoors,scene_00020,indoors/scene_00020/scan_00186,val/indoors/scene_00020/scan_00186/00020_00186_indoors_140_000.png,1,0,1,256,0,512,256,64895,13148,117487.0,27368.003674272375,28201.028661475255,-833.0249872028817,11392.69268976242,11643.966262419006,-251.27357265658387,0.019129555079165986,0.026960850247093746,0.7806049309814829,-0.24751187569173472
32,indoors,scene_00020,indoors/scene_00020/scan_00186,val/indoors/scene_00020/scan_00186/00020_00186_indoors_140_000.png,2,0,2,512,0,768,256,64833,14923,124525.0,30014.494690925174,29581.66316635604,432.8315245691333,9145.90278973932,9367.486701012169,-221.58391127284582,0.020961964160059927,0.029509843251599645,0.6527393076236568,0.13250414698011104
32,indoors,scene_00020,indoors/scene_00020/scan_00186,val/indoors/scene_00020/scan_00186/00020_00186_indoors_140_000.png,3,0,3,768,0,1024,256,65021,17304,134237.0,31783.964451418185,30992.02356137015,791.9408900480297,9127.37630074091,8577.907526749148,549.4687739917625,0.02557024411345259,0.04728568653345527,0.5038823161260519,0.3281594725881827
32,indoors,scene_00020,indoors/scene_00020/scan_00186,val/indoors/scene_00020/scan_00186/00020_00186_indoors_140_000.png,4,1,0,0,256,256,512,65398,7405,95018.0,16947.097274249907,17273.165160994933,-326.0678867450257,5697.158896050598,5801.108806363669,-103.94991031306981,0.009383332032896916,0.02423799713617835,0.7502050363174679,3.1764172726050144
32,indoors,scene_00020,indoors/scene_00020/scan_00186,val/indoors/scene_00020/scan_00186/00020_00186_indoors_140_000.png,5,1,1,256,256,512,512,65494,2445,75274.0,3323.495870296835,3277.2765067125597,46.21936358427526,1428.4676263908011,1409.4787922957116,18.988834095089654,0.013290623071551377,0.0058518162144021975,0.2700344297747325,2.4021498165306037
32,indoors,scene_00020,indoors/scene_00020/scan_00186,val/indoors/scene_00020/scan_00186/00020_00186_indoors_140_000.png,6,1,2,512,256,768,512,65450,4435,83190.0,7679.664975650781,7586.466893861324,93.1980817894583,2235.1480949932347,2198.6149469315383,36.5331480616967,0.01640249071042154,0.007297263057182227,0.3186719440087905,1.6583836807245733
32,indoors,scene_00020,indoors/scene_00020/scan_00186,val/indoors/scene_00020/scan_00186/00020_00186_indoors_140_000.png,7,1,3,768,256,1024,512,65382,5048,85574.0,11121.800277372637,11302.467464612431,-180.66718723979494,3594.595907210874,3625.1022923892533,-30.50638517837948,0.02230972481137939,0.007330975935306528,0.2853943449691758,1.4879926324631885
32,indoors,scene_00020,indoors/scene_00020/scan_00186,val/indoors/scene_00020/scan_00186/00020_00186_indoors_140_000.png,8,2,0,0,512,256,768,64661,13227,117569.0,35884.30064416481,37555.767648101355,-1671.4670039365492,11619.386339047502,11889.764747100564,-270.37840805306257,0.013153029124285428,0.04605054711156374,1.1601050127481143,2.2152393977698375
32,indoors,scene_00020,indoors/scene_00020/scan_00186,val/indoors/scene_00020/scan_00186/00020_00186_indoors_140_000.png,9,2,1,256,512,512,768,65536,0,65536.0,1984.8880758393343,1969.9222516855375,14.965824153797001,1984.8880758393343,1969.9222516855375,14.965824153797001,0.006409429566206212,0.0022587921348093455,0.7412945356672969,0.40653384005660476
32,indoors,scene_00020,indoors/scene_00020/scan_00186,val/indoors/scene_00020/scan_00186/00020_00186_indoors_140_000.png,10,2,2,512,512,768,768,65536,0,65536.0,3159.6971713726216,3164.1077888400664,-4.4106174674446486,3159.6971713726216,3164.1077888400664,-4.4106174674446486,0.005933266200647632,0.002073066995226719,0.8262314712814218,0.14795651853490654
32,indoors,scene_00020,indoors/scene_00020/scan_00186,val/indoors/scene_00020/scan_00186/00020_00186_indoors_140_000.png,11,2,3,768,512,1024,768,65536,0,65536.0,3993.991807571211,3980.72819184974,13.263615721471615,3993.991807571211,3980.72819184974,13.263615721471615,0.0056805105090409775,0.0021134470770195436,0.5946978122433915,0.19024727518257112
33,indoors,scene_00020,indoors/scene_00020/scan_00186,val/indoors/scene_00020/scan_00186/00020_00186_indoors_150_030.png,0,0,0,0,0,256,256,65534,2640,76094.0,8732.53818302026,8755.671307563973,-23.133124543710757,6180.911910906254,6191.809260807001,-10.897349900746235,0.013524150677976911,0.01185208512474702,0.7042543472307715,2.3712324037217867
33,indoors,scene_00020,indoors/scene_00020/scan_00186,val/indoors/scene_00020/scan_00186/00020_00186_indoors_150_030.png,1,0,1,256,0,512,256,65536,2812,76784.0,17767.956494179758,17259.914745752412,508.04174842734994,13368.189856494244,13082.14337530082,286.04648119342124,0.011499277977901826,0.008146235112754937,0.8522796713583148,0.45797484801647703
33,indoors,scene_00020,indoors/scene_00020/scan_00186,val/indoors/scene_00020/scan_00186/00020_00186_indoors_150_030.png,2,0,2,512,0,768,256,65536,0,65536.0,5180.700209182848,5179.026482842895,1.6737263399540974,5180.700209182848,5179.026482842895,1.6737263399540974,0.008788246744122983,0.002092414390478519,0.15469714923952935,1.6333795957587005
33,indoors,scene_00020,indoors/scene_00020/scan_00186,val/indoors/scene_00020/scan_00186/00020_00186_indoors_150_030.png,3,0,3,768,0,1024,256,65536,0,65536.0,5617.492606949349,5633.500974817006,-16.008367867657217,5617.492606949349,5633.500974817006,-16.008367867657217,0.006910567643577864,0.002035965169783854,0.5561852750515063,0.09163482224081376
33,indoors,scene_00020,indoors/scene_00020/scan_00186,val/indoors/scene_00020/scan_00186/00020_00186_indoors_150_030.png,4,1,0,0,256,256,512,65069,6358,90501.0,11714.77959326982,11383.040989475798,331.7386037940222,5656.828891207901,5537.135274777101,119.69361643079985,0.012658485685174315,0.018627921215330585,0.673511696025789,3.1162800651595233
33,indoors,scene_00020,indoors/scene_00020/scan_00186,val/indoors/scene_00020/scan_00186/00020_00186_indoors_150_030.png,5,1,1,256,256,512,512,65533,162,66181.0,15440.133000960937,15436.577889470174,3.555111490761792,15232.37848790508,15228.831042534746,3.5474453703338713,0.010140722289324949,0.0028207356741945153,0.6111670059272241,1.3908936682887654
33,indoors,scene_00020,indoors/scene_00020/scan_00186,val/indoors/scene_00020/scan_00186/00020_00186_indoors_150_030.png,6,1,2,512,256,768,512,65490,14467,123358.0,59598.51402756602,57623.934170700646,1974.5798568653763,16804.866118600003,16139.03055546699,665.8355631330126,0.009763142500110842,0.012167620546795583,0.5341182809617582,-0.09949252411773235
33,indoors,scene_00020,indoors/scene_00020/scan_00186,val/indoors/scene_00020/scan_00186/00020_00186_indoors_150_030.png,7,1,3,768,256,1024,512,65513,3332,78841.0,20451.067472378556,18242.865690506485,2208.201781872071,12083.137268570974,10556.607548546343,1526.5297200246305,0.008894640281574733,0.008690075474405874,0.6901108482929211,-0.03678229133390019
33,indoors,scene_00020,indoors/scene_00020/scan_00186,val/indoors/scene_00020/scan_00186/00020_00186_indoors_150_030.png,8,2,0,0,512,256,768,64964,6990,92924.0,13308.558994381574,12265.792368292348,1042.766626089225,6787.996835358983,6596.915302078825,191.08153328015766,0.014297562966504631,0.01889786864361038,0.9151015898119818,2.571367166389912
33,indoors,scene_00020,indoors/scene_00020/scan_00186,val/indoors/scene_00020/scan_00186/00020_00186_indoors_150_030.png,9,2,1,256,512,512,768,65536,0,65536.0,19388.55984692477,19379.76395842186,8.795888502908973,19388.55984692477,19379.76395842186,8.795888502908973,0.007834793498523713,0.0033791031239227727,0.7084830672138072,0.12051914975993075
33,indoors,scene_00020,indoors/scene_00020/scan_00186,val/indoors/scene_00020/scan_00186/00020_00186_indoors_150_030.png,10,2,2,512,512,768,768,65529,24311,162773.0,616607.4823300169,640538.7073835451,-23931.22505352832,219395.18623568345,227628.66356497767,-8233.47732929422,0.011291400865424576,0.013252519147327235,0.4808296323420596,-0.3147397313509045
33,indoors,scene_00020,indoors/scene_00020/scan_00186,val/indoors/scene_00020/scan_00186/00020_00186_indoors_150_030.png,11,2,3,768,512,1024,768,65011,17407,134639.0,75951.14842090366,80085.03946644164,-4133.891045537983,39451.70470625286,42011.05226723702,-2559.3475609841707,0.020199954351630585,0.014314861271856502,0.391850020802541,0.07853559939462712
34,indoors,scene_00020,indoors/scene_00020/scan_00186,val/indoors/scene_00020/scan_00186/00020_00186_indoors_190_050.png,0,0,0,0,0,256,256,65536,3819,80812.0,2217.462630236621,2192.8900713429775,24.572558893643595,1757.6024599136697,1734.8087148496315,22.79374506403811,0.006850844045648941,0.005094396949785696,0.5272442818493648,0.09783754473045658
34,indoors,scene_00020,indoors/scene_00020/scan_00186,val/indoors/scene_00020/scan_00186/00020_00186_indoors_190_050.png,1,0,1,256,0,512,256,65536,1805,72756.0,1578.3132305970496,1558.4955020515363,19.81772854551363,1306.4587776331546,1297.508537288837,8.950240344317173,0.006155660609930551,0.0029349675177818176,0.30068730344601324,0.4228031564523478
34,indoors,scene_00020,indoors/scene_00020/scan_00186,val/indoors/scene_00020/scan_00186/00020_00186_indoors_190_050.png,2,0,2,512,0,768,256,65460,1185,70200.0,5068.433843939421,5107.694461609746,-39.26061767032502,3264.524110661686,3292.4650300613785,-27.940919399692802,0.008827327503268152,0.005613883231571342,0.3788311896014646,0.4843271963572572
34,indoors,scene_00020,indoors/scene_00020/scan_00186,val/indoors/scene_00020/scan_00186/00020_00186_indoors_190_050.png,3,0,3,768,0,1024,256,65378,2200,74178.0,10727.237386407065,10852.372643136463,-125.13525672940028,6512.9940920563195,6554.588823273655,-41.59473121733644,0.017047206243563866,0.00828748840153748,0.4049178750133106,0.8091193197598259
34,indoors,scene_00020,indoors/scene_00020/scan_00186,val/indoors/scene_00020/scan_00186/00020_00186_indoors_190_050.png,4,1,0,0,256,256,512,65435,2025,73535.0,4813.757420077477,4788.263972646573,25.493447430903984,3743.395864011435,3726.939003767093,16.456860244341932,0.007082361894939571,0.0056634833117354955,0.4476242009229305,1.235086467405416
34,indoors,scene_00020,indoors/scene_00020/scan_00186,val/indoors/scene_00020/scan_00186/00020_00186_indoors_190_050.png,5,1,1,256,256,512,512,65144,19445,142924.0,8700.275811803373,9130.078204681893,-429.8023928785215,3232.2945754381844,3440.98877992459,-208.69420448640514,0.007245503898195475,0.010324455247798158,0.7556574941330204,-0.1229885276619672
34,indoors,scene_00020,indoors/scene_00020/scan_00186,val/indoors/scene_00020/scan_00186/00020_00186_indoors_190_050.png,6,1,2,512,256,768,512,63699,11989,111655.0,27700.709800747885,27351.767581711494,348.94221903639203,10336.126002809902,10213.392138676885,122.73386413301567,0.024869723180345586,0.023270981872828313,0.8135608387206127,0.21674125000753078
34,indoors,scene_00020,indoors/scene_00020/scan_00186,val/indoors/scene_00020/scan_00186/00020_00186_indoors_190_050.png,7,1,3,768,256,1024,512,64977,12207,113805.0,20076.63742027508,20063.537974412975,13.099445862105739,7822.47082972059,7924.701291206993,-102.23046148640387,0.024761101511255955,0.02507108067890986,0.9172072671305145,0.6570603209135376
34,indoors,scene_00020,indoors/scene_00020/scan_00186,val/indoors/scene_00020/scan_00186/00020_00186_indoors_190_050.png,8,2,0,0,512,256,768,61838,10240,102798.0,18622.16451941451,18666.89060843928,-44.72608902477248,5720.645017811366,5727.967616187638,-7.322598376271197,0.013167217792861383,0.0142868687756251,0.5088086167639126,2.3651450321141936
34,indoors,scene_00020,indoors/scene_00020/scan_00186,val/indoors/scene_00020/scan_00186/00020_00186_indoors_190_050.png,9,2,1,256,512,512,768,64764,8918,100436.0,14316.644435440425,14925.88053545202,-609.2361000115937,3860.243006773151,4041.706658671138,-181.46365189798715,0.01870951605229189,0.017809803109852338,0.9399900887220236,0.9533705659706985
34,indoors,scene_00020,indoors/scene_00020/scan_00186,val/indoors/scene_00020/scan_00186/00020_00186_indoors_190_050.png,10,2,2,512,512,768,768,65378,1379,70894.0,2161.760954651414,2232.5279359735737,-70.7669813221594,872.8598325835105,910.5791625230354,-37.71932993952496,0.017476012678161124,0.007793795250666455,0.7750053967502033,2.0174429746922424
34,indoors,scene_00020,indoors/scene_00020/scan_00186,val/indoors/scene_00020/scan_00186/00020_00186_indoors_190_050.png,11,2,3,768,512,1024,768,65519,2652,76127.0,1365.5419424669144,1343.7210442750602,21.820898191854212,914.6210616842607,926.228549844257,-11.607488159996445,0.016820146618074676,0.00613050226810169,0.831604031057788,2.8714411407288427
35,indoors,scene_00020,indoors/scene_00020/scan_00186,val/indoors/scene_00020/scan_00186/00020_00186_indoors_210_050.png,0,0,0,0,0,256,256,65528,2598,75920.0,2344.6259135478194,2668.535391270318,-323.90947772249905,1324.9479862859773,1488.9777392067044,-164.02975292072696,0.008311494034533826,0.008116096124288506,0.4424757035399097,0.7034349262486688
35,indoors,scene_00020,indoors/scene_00020/scan_00186,val/indoors/scene_00020/scan_00186/00020_00186_indoors_210_050.png,1,0,1,256,0,512,256,65536,991,69500.0,1318.8940677703854,1318.4904642868703,0.4036034835152366,1244.030053233971,1243.3926770367116,0.6373761972595499,0.0066625874131509034,0.004238887104794586,0.37350850533659036,0.4799569980508344
35,indoors,scene_00020,indoors/scene_00020/scan_00186,val/indoors/scene_00020/scan_00186/00020_00186_indoors_210_050.png,2,0,2,512,0,768,256,65536,1029,69652.0,2445.4247232824564,2423.58844433727,21.836278945186127,2298.9184997687457,2281.467837316425,17.450662452320465,0.006091912200904697,0.0030179649458201875,0.07659921274375739,1.1103246309125168
35,indoors,scene_00020,indoors/scene_00020/scan_00186,val/indoors/scene_00020/scan_00186/00020_00186_indoors_210_050.png,3,0,3,768,0,1024,256,65488,1453,71300.0,5141.4447821539525,5706.72492562445,-565.2801434704983,3193.901613696111,3432.644292750055,-238.74267905394393,0.008129330811175948,0.009237492052384227,0.18218309471574884,0.9000004149678251
35,indoors,scene_00020,indoors/scene_00020/scan_00186,val/indoors/scene_00020/scan_00186/00020_00186_indoors_210_050.png,4,1,0,0,256,256,512,65536,1040,69696.0,4244.112263729989,4223.069324176229,21.042939553759673,3753.712998605613,3737.036700659401,16.6762979462115,0.006328856688801001,0.004878240229240601,0.38191053099953126,0.5259682641111256
35,indoors,scene_00020,indoors/scene_00020/scan_00186,val/indoors/scene_00020/scan_00186/00020_00186_indoors_210_050.png,5,1,1,256,256,512,512,65533,5930,89253.0,3135.3452042559675,2815.124597951579,320.22060630438875,1654.0145024323263,1509.0830457526008,144.93145667972527,0.008899382738784838,0.008968336287891086,0.43866826899451244,0.5545979106603034
35,indoors,scene_00020,indoors/scene_00020/scan_00186,val/indoors/scene_00020/scan_00186/00020_00186_indoors_210_050.png,6,1,2,512,256,768,512,65493,4624,83989.0,2107.9300616227733,2139.4363969885317,-31.50633536575837,1230.7019051129064,1259.352473107095,-28.65056799418845,0.006642216281442272,0.00580561653416726,0.4984990381611825,0.4316123070089426
35,indoors,scene_00020,indoors/scene_00020/scan_00186,val/indoors/scene_00020/scan_00186/00020_00186_indoors_210_050.png,7,1,3,768,256,1024,512,62813,15649,125409.0,27839.39632634625,27524.039948497335,315.3563778489132,7989.916926391331,8094.072042569964,-104.15511617863167,0.01383751588964384,0.025298722861246264,1.1241912962479244,0.12560600812164568
35,indoors,scene_00020,indoors/scene_00020/scan_00186,val/indoors/scene_00020/scan_00186/00020_00186_indoors_210_050.png,8,2,0,0,512,256,768,65536,21012,149584.0,6997.058144425695,6969.533939171461,27.524205254233593,2825.5106149910193,2819.560724408557,5.949890582462892,0.009490062522435488,0.0025348477052461317,0.3125060300344726,-0.07961197947144545
35,indoors,scene_00020,indoors/scene_00020/scan_00186,val/indoors/scene_00020/scan_00186/00020_00186_indoors_210_050.png,9,2,1,256,512,512,768,65243,6880,92763.0,6232.585746505335,6695.411348877085,-462.82560237175045,2395.8326688239185,2605.1211916176944,-209.28852279377566,0.009750887364687872,0.019098642750178356,0.6809007355952145,0.9956833769456451
35,indoors,scene_00020,indoors/scene_00020/scan_00186,val/indoors/scene_00020/scan_00186/00020_00186_indoors_210_050.png,10,2,2,512,512,768,768,61975,13906,117599.0,26550.395233042687,26634.253679346664,-83.85844630397314,5974.0538938496475,5959.046272368839,15.007621480808126,0.016015885915973766,0.02126768835066852,0.8159659819837085,1.5275045707427888
35,indoors,scene_00020,indoors/scene_00020/scan_00186,val/indoors/scene_00020/scan_00186/00020_00186_indoors_210_050.png,11,2,3,768,512,1024,768,65288,2837,76636.0,6308.784834116906,6419.653924185794,-110.86909006888855,1861.385562441741,1848.6471408421905,12.738421599550973,0.019112221133496858,0.013850505823180858,1.1219664171874284,1.427972071626634
36,indoors,scene_00020,indoors/scene_00020/scan_00186,val/indoors/scene_00020/scan_00186/00020_00186_indoors_220_010.png,0,0,0,0,0,256,256,65536,16061,129780.0,17924.665767008966,17634.93177797603,289.7339890329341,7544.333474604303,7438.539142062792,105.7943325415109,0.011873810058441596,0.004712926304191895,0.3030752747477676,0.012416445658258736
36,indoors,scene_00020,indoors/scene_00020/scan_00186,val/indoors/scene_00020/scan_00186/00020_00186_indoors_220_010.png,1,0,1,256,0,512,256,65536,3255,78556.0,14423.863029183201,14685.46514288498,-261.60211370178104,10817.070031130661,11134.879895926531,-317.80986479586784,0.009537337304433397,0.009996235128376982,0.09492125928287612,1.64573728526512
36,indoors,scene_00020,indoors/scene_00020/scan_00186,val/indoors/scene_00020/scan_00186/00020_00186_indoors_220_010.png,2,0,2,512,0,768,256,65335,1853,72747.0,8532.125409427312,8716.564007619501,-184.4385981921895,5445.81441311657,5534.301031577795,-88.4866184612249,0.009823098547989979,0.009060342790793579,1.2167389962730033,0.8561118382666748
36,indoors,scene_00020,indoors/scene_00020/scan_00186,val/indoors/scene_00020/scan_00186/00020_00186_indoors_220_010.png,3,0,3,768,0,1024,256,65536,0,65536.0,1310.6155976714522,1313.0034381342614,-2.3878404628092227,1310.6155976714522,1313.0034381342614,-2.3878404628092227,0.014717981493954643,0.00829119329719688,0.7891696175341338,4.28848758631819
36,indoors,scene_00020,indoors/scene_00020/scan_00186,val/indoors/scene_00020/scan_00186/00020_00186_indoors_220_010.png,4,1,0,0,256,256,512,65434,15818,128706.0,26370.68934285043,26329.92090006613,40.76844278430163,10829.311747652724,10737.420797261228,91.89095039149649,0.009344379225713281,0.00454580031017833,0.1713572984380984,0.278427631325048
36,indoors,scene_00020,indoors/scene_00020/scan_00186,val/indoors/scene_00020/scan_00186/00020_00186_indoors_220_010.png,5,1,1,256,256,512,512,65536,3311,78780.0,15067.701950723513,15068.097149240097,-0.39519851658333316,10742.540774862307,10896.584750250644,-154.04397538833726,0.008808864531250836,0.009009641021863208,0.038465162934589084,1.7585382538902632
36,indoors,scene_00020,indoors/scene_00020/scan_00186,val/indoors/scene_00020/scan_00186/00020_00186_indoors_220_010.png,6,1,2,512,256,768,512,65305,1768,72377.0,9963.178149474803,10109.037120160672,-145.85897068586735,6913.3344340364665,6949.523618574332,-36.189184537865785,0.014082549369609634,0.00944437214117846,0.7529976824833551,1.7929439389436226
36,indoors,scene_00020,indoors/scene_00020/scan_00186,val/indoors/scene_00020/scan_00186/00020_00186_indoors_220_010.png,7,1,3,768,256,1024,512,65536,0,65536.0,1333.9979045819648,1327.624195311328,6.37370927063663,1333.9979045819648,1327.624195311328,6.37370927063663,0.01252568567299217,0.008407594939135175,0.6346493855630518,3.8794069892739893
36,indoors,scene_00020,indoors/scene_00020/scan_00186,val/indoors/scene_00020/scan_00186/00020_00186_indoors_220_010.png,8,2,0,0,512,256,768,65536,15635,128076.0,26140.444470920287,26601.756553871906,-461.31208295162253,11320.912849523702,11279.286297542192,41.62655198151083,0.009020636061669635,0.00414113781599133,0.29950793569688366,-0.11766145744063869
36,indoors,scene_00020,indoors/scene_00020/scan_00186,val/indoors/scene_00020/scan_00186/00020_00186_indoors_220_010.png,9,2,1,256,512,512,768,65536,3375,79036.0,12594.653928749602,12733.436788553305,-138.78285980370353,9031.277614084878,9204.859948602665,-173.5823345177856,0.008113400832485034,0.008902940903460773,0.7097535419694619,-0.23468618649945555
36,indoors,scene_00020,indoors/scene_00020/scan_00186,val/indoors/scene_00020/scan_00186/00020_00186_indoors_220_010.png,10,2,2,512,512,768,768,65340,8072,97628.0,17294.43007712455,17763.865072459448,-469.4349953348986,9019.44921335475,9093.859138630385,-74.40992527563549,0.011452225849297342,0.010761983203397885,0.6976594541373589,2.0286489829912644
36,indoors,scene_00020,indoors/scene_00020/scan_00186,val/indoors/scene_00020/scan_00186/00020_00186_indoors_220_010.png,11,2,3,768,512,1024,768,65443,9413,103095.0,5512.078570705941,5674.80559325883,-162.72702255288905,2055.734939198831,2099.99081047077,-44.25587127193963,0.01201439279516047,0.011190695897938524,0.571149640504319,4.236232843560135
37,indoors,scene_00020,indoors/scene_00020/scan_00186,val/indoors/scene_00020/scan_00186/00020_00186_indoors_230_030.png,0,0,0,0,0,256,256,65536,1958,73368.0,8161.764288607956,8237.212208413493,-75.44791980553897,7274.403087902034,7344.705254031131,-70.30216612909614,0.008863522193719331,0.013032586734251103,0.7249130358672977,0.06316658976087562
37,indoors,scene_00020,indoors/scene_00020/scan_00186,val/indoors/scene_00020/scan_00186/00020_00186_indoors_230_030.png,1,0,1,256,0,512,256,65536,309,66772.0,4203.165573499768,4176.446070910411,26.719502589355308,4178.278342457854,4151.349299875614,26.929042582240236,0.007830961342554529,0.006139144837243121,0.4247306538209249,0.5210431363651181
37,indoors,scene_00020,indoors/scene_00020/scan_00186,val/indoors/scene_00020/scan_00186/00020_00186_indoors_230_030.png,2,0,2,512,0,768,256,65535,1675,72235.0,10574.100428506594,9920.909458566814,653.1909699397816,8635.872142144637,8290.799091321693,345.07305082294425,0.009686239986753855,0.011996876448760579,0.4894492814408149,1.3822607873797121
37,indoors,scene_00020,indoors/scene_00020/scan_00186,val/indoors/scene_00020/scan_00186/00020_00186_indoors_230_030.png,3,0,3,768,0,1024,256,62164,8662,96812.0,25610.92126152291,25796.569136302936,-185.64787478002123,9987.907525005756,10048.37756233105,-60.47003732529498,0.011012130877262456,0.019540263337361592,0.8635982119499869,2.8272773461923952
37,indoors,scene_00020,indoors/scene_00020/scan_00186,val/indoors/scene_00020/scan_00186/00020_00186_indoors_230_030.png,4,1,0,0,256,256,512,65536,9736,104480.0,18025.84826069692,14073.273382530368,3952.5748781665516,9378.600124084758,8759.677344363656,618.9227797211033,0.010724623448988438,0.015777253953105145,0.591185073823139,-0.29623347366029035
37,indoors,scene_00020,indoors/scene_00020/scan_00186,val/indoors/scene_00020/scan_00186/00020_00186_indoors_230_030.png,5,1,1,256,256,512,512,65536,25390,167096.0,16101.448762423406,16073.450173916484,27.998588506920555,5856.517630153285,5845.086015297958,11.431614855326963,0.011792301648047345,0.004812339987586142,0.2479606427358053,0.10377980071416996
37,indoors,scene_00020,indoors/scene_00020/scan_00186,val/indoors/scene_00020/scan_00186/00020_00186_indoors_230_030.png,6,1,2,512,256,768,512,65441,3833,80773.0,12004.765003530669,13055.848882121147,-1051.0838785904791,8311.698489369373,9079.978477565859,-768.2799881964868,0.010318963586259552,0.014898274934343977,1.0590027910865303,-1.1358025887819327
37,indoors,scene_00020,indoors/scene_00020/scan_00186,val/indoors/scene_00020/scan_00186/00020_00186_indoors_230_030.png,7,1,3,768,256,1024,512,65413,1396,70997.0,4564.262637647326,4556.546740864896,7.7158967824313285,2357.6610888157957,2352.2397804862776,5.421308329517973,0.010611358534106968,0.015781244351507486,0.80939578756469,3.227681624163996
37,indoors,scene_00020,indoors/scene_00020/scan_00186,val/indoors/scene_00020/scan_00186/00020_00186_indoors_230_030.png,8,2,0,0,512,256,768,65536,3426,79240.0,12409.274904719914,8312.63521640082,4096.639688319092,5585.364258590175,4674.808501826037,910.5557567641373,0.008075702012043051,0.014983514783268363,0.6138868938838266,-0.8275622414148023
37,indoors,scene_00020,indoors/scene_00020/scan_00186,val/indoors/scene_00020/scan_00186/00020_00186_indoors_230_030.png,9,2,1,256,512,512,768,65536,16756,132560.0,7463.265426403857,7429.892204316772,33.37322208708563,3202.1341532478245,3203.4956635116782,-1.36151026385371,0.01114545930579861,0.003920834915317091,0.1950345500209364,0.22477895853824467
37,indoors,scene_00020,indoors/scene_00020/scan_00186,val/indoors/scene_00020/scan_00186/00020_00186_indoors_230_030.png,10,2,2,512,512,768,768,65536,3271,78620.0,12707.747782620303,13472.210747375395,-764.4629647550927,9766.73420935573,10139.254735087658,-372.52052573192555,0.00928374604345963,0.01391480910585473,3.252895813805985,-7.115300608081866
37,indoors,scene_00020,indoors/scene_00020/scan_00186,val/indoors/scene_00020/scan_00186/00020_00186_indoors_230_030.png,11,2,3,768,512,1024,768,65290,1847,72678.0,5327.200832791759,5461.227686490118,-134.02685369835967,2778.1093399390948,2887.9339026180123,-109.82456267891749,0.009762599818623919,0.016764496816723345,1.0000228876895472,4.6389755522011775
38,indoors,scene_00020,indoors/scene_00020/scan_00186,val/indoors/scene_00020/scan_00186/00020_00186_indoors_240_020.png,0,0,0,0,0,256,256,65536,1584,71872.0,4483.740586465542,4482.793515909074,0.947070556468069,3241.170799681648,3244.0842871676414,-2.913487485993139,0.007250886262952519,0.002831755029400096,0.7981762813177506,0.814228021325913
38,indoors,scene_00020,indoors/scene_00020/scan_00186,val/indoors/scene_00020/scan_00186/00020_00186_indoors_240_020.png,1,0,1,256,0,512,256,65536,4651,84140.0,6541.54085711426,5953.286336651186,588.2545204630745,2506.314363807345,2450.4081820064494,55.90618180089618,0.01114545803031588,0.0164635918941129,0.5873605080457325,0.16309655717028468
38,indoors,scene_00020,indoors/scene_00020/scan_00186,val/indoors/scene_00020/scan_00186/00020_00186_indoors_240_020.png,2,0,2,512,0,768,256,65536,11130,110056.0,1629.183350128087,1611.9849226289057,17.1984274991814,946.120010250276,937.7216072501151,8.39840300016093,0.011757247057466159,0.008105558971211525,0.3621941788499849,0.3539017599198107
38,indoors,scene_00020,indoors/scene_00020/scan_00186,val/indoors/scene_00020/scan_00186/00020_00186_indoors_240_020.png,3,0,3,768,0,1024,256,65261,4349,82657.0,31990.377124869305,31782.03659291537,208.34053195393594,18240.36854468446,18025.791022470396,214.57752221406514,0.009926768159321041,0.012721800399397097,1.0483531849159697,1.0585097214529913
38,indoors,scene_00020,indoors/scene_00020/scan_00186,val/indoors/scene_00020/scan_00186/00020_00186_indoors_240_020.png,4,1,0,0,256,256,512,65536,2334,74872.0,2748.9274813040074,2871.4695411487664,-122.54205984475881,1470.3311861317734,1595.7434549154914,-125.41226878371796,0.008782214849244852,0.0027844311356147846,0.7223076507643214,0.9071082441893099
38,indoors,scene_00020,indoors/scene_00020/scan_00186,val/indoors/scene_00020/scan_00186/00020_00186_indoors_240_020.png,5,1,1,256,256,512,512,65536,3775,80636.0,8078.317922908438,6444.298321785496,1634.019601122941,2161.884855170643,1892.641066845349,269.24378832529396,0.009036539785731471,0.015396727017135979,0.6674387825844427,-0.22011094111608823
38,indoors,scene_00020,indoors/scene_00020/scan_00186,val/indoors/scene_00020/scan_00186/00020_00186_indoors_240_020.png,6,1,2,512,256,768,512,65536,11638,112088.0,2407.0396338708506,2397.0084740210195,10.031159849830996,915.6671486543723,913.6751921558752,1.991956498497287,0.011368989273452344,0.006500907556970145,0.2944073200936974,0.377099493165526
38,indoors,scene_00020,indoors/scene_00020/scan_00186,val/indoors/scene_00020/scan_00186/00020_00186_indoors_240_020.png,7,1,3,768,256,1024,512,65516,3507,79544.0,19434.216358704783,19245.825940150033,188.3904185547525,13610.533082712725,13398.339035941419,212.19404677130683,0.009082686080707144,0.013255873495888248,1.0493680137644732,0.9674292427616205
38,indoors,scene_00020,indoors/scene_00020/scan_00186,val/indoors/scene_00020/scan_00186/00020_00186_indoors_240_020.png,8,2,0,0,512,256,768,63236,19746,142220.0,31820.98265837558,31848.04619644742,-27.063538071841165,6914.11783910944,6999.66997803838,-85.55213892893929,0.010197824020851287,0.003349438938606916,0.9233631955106825,0.8812976509355669
38,indoors,scene_00020,indoors/scene_00020/scan_00186,val/indoors/scene_00020/scan_00186/00020_00186_indoors_240_020.png,9,2,1,256,512,512,768,65288,2754,76304.0,4915.107777782434,4766.428499040731,148.67927874170192,1731.8427181296506,1734.138125617971,-2.2954074883204676,0.005568120378789684,0.016923501567455677,0.9136536124926954,-0.7268838069709445
38,indoors,scene_00020,indoors/scene_00020/scan_00186,val/indoors/scene_00020/scan_00186/00020_00186_indoors_240_020.png,10,2,2,512,512,768,768,65437,9402,103045.0,4237.569273134819,4171.785635608956,65.78363752586418,1688.6216792815082,1684.6315594784905,3.9901198030177483,0.009536542617939596,0.006146384596764347,0.2973249326810058,0.5525759037504653
38,indoors,scene_00020,indoors/scene_00020/scan_00186,val/indoors/scene_00020/scan_00186/00020_00186_indoors_240_020.png,11,2,3,768,512,1024,768,65536,3478,79448.0,15381.60179686558,15342.284024591258,39.31777227432178,9937.891024504084,9881.085785788575,56.805238715508196,0.009168796650639521,0.013882439421651474,1.0515732857547015,0.8177457374916093
39,indoors,scene_00020,indoors/scene_00020/scan_00186,val/indoors/scene_00020/scan_00186/00020_00186_indoors_240_040.png,0,0,0,0,0,256,256,65536,2025,73636.0,4247.944229519826,4245.498801924015,2.445427595810491,2869.0460732554357,2864.4075088427153,4.638564412720369,0.006932601485226935,0.004500612524999959,0.34815654784742683,1.6953228078760916
39,indoors,scene_00020,indoors/scene_00020/scan_00186,val/indoors/scene_00020/scan_00186/00020_00186_indoors_240_040.png,1,0,1,256,0,512,256,65498,3526,79602.0,5027.0384328029895,5087.3412801927725,-60.30284738978223,2728.4012110247777,2706.1990379190684,22.202173105708738,0.006687081507457088,0.010395448319119555,0.4232784976243924,1.4608619921026298
39,indoors,scene_00020,indoors/scene_00020/scan_00186,val/indoors/scene_00020/scan_00186/00020_00186_indoors_240_040.png,2,0,2,512,0,768,256,65522,1635,72062.0,3650.4040111069235,3896.3367480327424,-245.93273692581835,1938.937288011607,2087.5723964808276,-148.63510846922054,0.007093256901919429,0.014565963236244567,0.8958342778454415,0.8985049049689906
39,indoors,scene_00020,indoors/scene_00020/scan_00186,val/indoors/scene_00020/scan_00186/00020_00186_indoors_240_040.png,3,0,3,768,0,1024,256,65531,2904,77147.0,2352.2943292768086,2376.304490061025,-24.010160784216367,953.6673411802933,935.9615595949033,17.705781585390035,0.009235812133265181,0.01725907672388802,0.8778930276095867,1.913558190102625
39,indoors,scene_00020,indoors/scene_00020/scan_00186,val/indoors/scene_00020/scan_00186/00020_00186_indoors_240_040.png,4,1,0,0,256,256,512,65429,4306,82653.0,5567.741226676233,5575.322122037152,-7.580895360919472,3405.005789433254,3397.33992167701,7.665867756244364,0.008542369484460658,0.004197756565565041,0.7644124641371839,-0.17027618382903506
39,indoors,scene_00020,indoors/scene_00020/scan_00186,val/indoors/scene_00020/scan_00186/00020_00186_indoors_240_040.png,5,1,1,256,256,512,512,65536,2202,74344.0,2338.5176300458434,2051.121259812452,287.3963702333915,1192.0587575500758,1126.6787493715342,65.38000817854169,0.008304790112110506,0.008833407634601873,0.6551464702992528,-0.24180181881335105
39,indoors,scene_00020,indoors/scene_00020/scan_00186,val/indoors/scene_00020/scan_00186/00020_00186_indoors_240_040.png,6,1,2,512,256,768,512,65536,3731,80460.0,862.1718600209344,868.2624660846125,-6.090606063677967,720.4500421053231,726.3005336748736,-5.850491569550483,0.008533122829765465,0.004955713114931429,0.2926475728807866,0.2341021742633249
39,indoors,scene_00020,indoors/scene_00020/scan_00186,val/indoors/scene_00020/scan_00186/00020_00186_indoors_240_040.png,7,1,3,768,256,1024,512,65473,3634,80009.0,3716.6858531109865,3662.7666892343987,53.919163876588286,1730.2729447912457,1699.7002798460692,30.572664945176435,0.010334722227021611,0.02369873024740794,1.0226439096928157,0.8415587775454098
39,indoors,scene_00020,indoors/scene_00020/scan_00186,val/indoors/scene_00020/scan_00186/00020_00186_indoors_240_040.png,8,2,0,0,512,256,768,65536,1612,71984.0,7881.7108590667885,7899.641267228377,-17.930408161587742,7072.142837643334,7090.321867671233,-18.179030027897127,0.007585649791213069,0.004511582164692332,0.8117441712561002,0.34541560431577634
39,indoors,scene_00020,indoors/scene_00020/scan_00186,val/indoors/scene_00020/scan_00186/00020_00186_indoors_240_040.png,9,2,1,256,512,512,768,65536,11918,113208.0,7376.861529590431,5831.159387717367,1545.7021418730637,2564.3065103222157,2153.4289919504836,410.8775183717323,0.011690118580831419,0.012689449900566065,0.4795419466160504,-0.14977118557249422
39,indoors,scene_00020,indoors/scene_00020/scan_00186,val/indoors/scene_00020/scan_00186/00020_00186_indoors_240_040.png,10,2,2,512,512,768,768,65536,36512,211584.0,2603.5863770269675,2534.3766160090754,69.20976101789202,856.2110772083506,838.0139639271126,18.197113281237815,0.011913738425151426,0.004679322673263755,0.2100732840809489,0.03640248199558609
39,indoors,scene_00020,indoors/scene_00020/scan_00186,val/indoors/scene_00020/scan_00186/00020_00186_indoors_240_040.png,11,2,3,768,512,1024,768,65393,4602,83801.0,10621.639546888026,11811.096651934766,-1189.4571050467412,5676.231129270441,6647.935928734925,-971.7047994644838,0.009734672021527014,0.02058336136185104,1.026380067831329,-0.20709617359764668
40,indoors,scene_00020,indoors/scene_00020/scan_00187,val/indoors/scene_00020/scan_00187/00020_00187_indoors_010_030.png,0,0,0,0,0,256,256,65536,505,67556.0,1972.8369804886186,1966.186128747041,6.650851741577516,1213.2607958219025,1190.4800148645804,22.78078095732211,0.01098881554104231,0.012067815507828534,0.7579623207651559,1.3011965331747135
40,indoors,scene_00020,indoors/scene_00020/scan_00187,val/indoors/scene_00020/scan_00187/00020_00187_indoors_010_030.png,1,0,1,256,0,512,256,65536,0,65536.0,335.40260553633675,325.574765625999,9.827839910337685,335.40260553633675,325.574765625999,9.827839910337685,0.00791822348913521,0.012782080276350517,0.8805581075417759,0.8159542785157359
40,indoors,scene_00020,indoors/scene_00020/scan_00187,val/indoors/scene_00020/scan_00187/00020_00187_indoors_010_030.png,2,0,2,512,0,768,256,65536,0,65536.0,194.30249988865785,192.94065977504454,1.3618401136133103,194.30249988865785,192.94065977504454,1.3618401136133103,0.008921485165248136,0.012554399012190002,1.070371205888302,0.18355126673903363
40,indoors,scene_00020,indoors/scene_00020/scan_00187,val/indoors/scene_00020/scan_00187/00020_00187_indoors_010_030.png,3,0,3,768,0,1024,256,65536,0,65536.0,768.8269303793287,834.0047506700412,-65.17782029071246,768.8269303793287,834.0047506700412,-65.17782029071246,0.010194202472729546,0.012542355841021171,1.1635338049694608,0.7550952448346577
40,indoors,scene_00020,indoors/scene_00020/scan_00187,val/indoors/scene_00020/scan_00187/00020_00187_indoors_010_030.png,4,1,0,0,256,256,512,64553,26736,171497.0,87641.21627864169,87504.37787301937,136.8384056223062,22526.90781845908,22492.391168576345,34.516649882736814,0.016179526480170663,0.009655648543021183,0.4452742012128214,1.4380248436071323
40,indoors,scene_00020,indoors/scene_00020/scan_00187,val/indoors/scene_00020/scan_00187/00020_00187_indoors_010_030.png,5,1,1,256,256,512,512,65534,8265,98594.0,13129.589769571136,13145.797185645653,-16.20741607451929,3632.378502615859,3631.8846242472387,0.4938783686203645,0.0172672173872814,0.011214692080765278,0.46787244640388725,0.4595721428796729
40,indoors,scene_00020,indoors/scene_00020/scan_00187,val/indoors/scene_00020/scan_00187/00020_00187_indoors_010_030.png,6,1,2,512,256,768,512,65536,965,69396.0,1870.623560983568,1870.286053843477,0.33750714009055205,779.5232295765911,782.001812041391,-2.4785824647998194,0.010409248609249125,0.007849466332751064,0.5437561577508171,0.2637491114491949
40,indoors,scene_00020,indoors/scene_00020/scan_00187,val/indoors/scene_00020/scan_00187/00020_00187_indoors_010_030.png,7,1,3,768,256,1024,512,65536,340,66896.0,1466.595010783507,1463.3596229525153,3.2353878309914723,1257.4400129369335,1255.3795586645053,2.0604542724281285,0.011748115406522146,0.005551875971226127,0.4507789957940064,1.018017868765937
40,indoors,scene_00020,indoors/scene_00020/scan_00187,val/indoors/scene_00020/scan_00187/00020_00187_indoors_010_030.png,8,2,0,0,512,256,768,64226,25719,167102.0,72892.1039549642,72465.52407026966,426.57988469453153,18958.633783082114,18767.36307650732,191.27070657479473,0.016497489503775054,0.01182464911492406,0.9056475717908937,0.4347196014739842
40,indoors,scene_00020,indoors/scene_00020/scan_00187,val/indoors/scene_00020/scan_00187/00020_00187_indoors_010_030.png,9,2,1,256,512,512,768,65536,12874,117032.0,19371.241263359305,19551.609948659683,-180.36868530037685,5942.87187812818,6011.898448238358,-69.02657011017865,0.0207458929260472,0.019217618403506324,0.35562664024646506,0.9819560155143017
40,indoors,scene_00020,indoors/scene_00020/scan_00187,val/indoors/scene_00020/scan_00187/00020_00187_indoors_010_030.png,10,2,2,512,512,768,768,65536,2330,74856.0,6261.505259597063,6222.209601985857,39.295657611205826,2809.897345076166,2776.0800267991426,33.81731827702334,0.011164817550044772,0.006797824068875969,0.7340192558282321,0.3474794127871017
40,indoors,scene_00020,indoors/scene_00020/scan_00187,val/indoors/scene_00020/scan_00187/00020_00187_indoors_010_030.png,11,2,3,768,512,1024,768,65536,680,68256.0,1384.3088615286638,1383.8927399274294,0.41612160123407693,1002.3468836453052,999.1131110020337,3.2337726432715104,0.015599243597927318,0.005308328609629355,0.18994493123706702,2.6064773180027365
41,indoors,scene_00020,indoors/scene_00020/scan_00187,val/indoors/scene_00020/scan_00187/00020_00187_indoors_100_000.png,0,0,0,0,0,256,256,65455,760,68495.0,5266.090050824192,5302.141721217681,-36.051670393490404,4597.382110183222,4647.054172902937,-49.67206271971645,0.008656941958094312,0.013115593227182988,0.4332213983689184,2.894366801132217
41,indoors,scene_00020,indoors/scene_00020/scan_00187,val/indoors/scene_00020/scan_00187/00020_00187_indoors_100_000.png,1,0,1,256,0,512,256,65230,4127,81738.0,9914.12958433653,10309.008668130013,-394.8790837934849,4070.5517462765147,4147.928856647797,-77.37711037128346,0.013162838592081266,0.03634485975295868,0.8394049343231746,1.3702520341919295
41,indoors,scene_00020,indoors/scene_00020/scan_00187,val/indoors/scene_00020/scan_00187/00020_00187_indoors_100_000.png,2,0,2,512,0,768,256,65536,8007,97564.0,9760.790184153484,9540.825038762268,219.9651453912168,4605.767054461444,4540.243502748314,65.52355171312914,0.014266633467692535,0.014988848756596524,0.5648870532772237,0.8738381930441679
41,indoors,scene_00020,indoors/scene_00020/scan_00187,val/indoors/scene_00020/scan_00187/00020_00187_indoors_100_000.png,3,0,3,768,0,1024,256,65536,8915,101196.0,22468.976344866936,20513.31487997504,1955.6614648918953,9917.415685438973,8276.8764712212,1640.5392142177739,0.017935280112939607,0.04688919333031464,0.2648384861847955,1.4189160530179497
41,indoors,scene_00020,indoors/scene_00020/scan_00187,val/indoors/scene_00020/scan_00187/00020_00187_indoors_100_000.png,4,1,0,0,256,256,512,65536,0,65536.0,3385.8773727360885,3385.758919744377,0.11845299171128887,3385.8773727360885,3385.758919744377,0.11845299171128887,0.005601768111454376,0.005366558449338799,0.5520549620366443,1.3413917917067373
41,indoors,scene_00020,indoors/scene_00020/scan_00187,val/indoors/scene_00020/scan_00187/00020_00187_indoors_100_000.png,5,1,1,256,256,512,512,65349,8300,98549.0,16399.529708793158,19356.945666023,-2957.4159572298395,4558.680768321158,5861.139545292714,-1302.458776971555,0.018125283232447494,0.04470828933215432,0.4782693647999783,0.5050954753292436
41,indoors,scene_00020,indoors/scene_00020/scan_00187,val/indoors/scene_00020/scan_00187/00020_00187_indoors_100_000.png,6,1,2,512,256,768,512,65536,8080,97856.0,10069.602499698607,10484.002036449228,-414.39953675062065,3046.0189168239312,3143.7424732257605,-97.72355640182951,0.01407748439204632,0.012137097509601024,0.3599637785512887,0.18115914358095686
41,indoors,scene_00020,indoors/scene_00020/scan_00187,val/indoors/scene_00020/scan_00187/00020_00187_indoors_100_000.png,7,1,3,768,256,1024,512,61894,18739,136850.0,126525.09157533704,125392.85065997826,1132.2409153587942,29413.038101768143,29046.650846375414,366.3872553927288,0.020096504453712694,0.044952942839589144,0.4666196406110642,0.3892375208558012
41,indoors,scene_00020,indoors/scene_00020/scan_00187,val/indoors/scene_00020/scan_00187/00020_00187_indoors_100_000.png,8,2,0,0,512,256,768,65400,906,69024.0,4009.66614539668,4441.181223259106,-431.515077862427,2542.0703322781906,2865.0607786554237,-322.9904463772335,0.009058232375717502,0.01184829763703826,0.4688554802818557,0.841895319904277
41,indoors,scene_00020,indoors/scene_00020/scan_00187,val/indoors/scene_00020/scan_00187/00020_00187_indoors_100_000.png,9,2,1,256,512,512,768,65313,10212,106161.0,22018.49719379824,21437.74430548984,580.7528883084024,5798.990431770066,5594.520111963951,204.4703198061136,0.024123396759901883,0.03876239974436764,0.46909430757563486,0.9006083100722778
41,indoors,scene_00020,indoors/scene_00020/scan_00187,val/indoors/scene_00020/scan_00187/00020_00187_indoors_100_000.png,10,2,2,512,512,768,768,65241,7200,94041.0,22414.598992505093,22410.50800808117,4.090984423921938,10658.628360060336,10664.337712048284,-5.709351987946922,0.03137574870686934,0.01239165588709325,0.7056232669099978,0.10760885084998219
41,indoors,scene_00020,indoors/scene_00020/scan_00187,val/indoors/scene_00020/scan_00187/00020_00187_indoors_100_000.png,11,2,3,768,512,1024,768,65283,2882,76811.0,18930.800774192274,18911.622851083175,19.177923109098376,14143.095221033795,14120.478103350564,22.617117683227537,0.01774496048464321,0.012881090296719674,0.5263821950411894,0.8557758145981991
42,indoors,scene_00020,indoors/scene_00020/scan_00187,val/indoors/scene_00020/scan_00187/00020_00187_indoors_140_000.png,0,0,0,0,0,256,256,65536,1486,71480.0,2230.011333262819,2220.9926047569065,9.018728505912634,1993.461916884465,1994.9745311501429,-1.512614265677669,0.011725056822991712,0.0017619887308196682,0.06286687265373464,1.7075953338635563
42,indoors,scene_00020,indoors/scene_00020/scan_00187,val/indoors/scene_00020/scan_00187/00020_00187_indoors_140_000.png,1,0,1,256,0,512,256,65536,1705,72356.0,1755.5503454593168,1767.0307740158878,-11.480428556570793,1489.1629424557286,1489.658366264411,-0.49542380868223035,0.011000309901486063,0.0017954674062337446,0.06332437137624325,1.4182353376806576
42,indoors,scene_00020,indoors/scene_00020/scan_00187,val/indoors/scene_00020/scan_00187/00020_00187_indoors_140_000.png,2,0,2,512,0,768,256,65536,0,65536.0,681.3687501849556,681.1142493550296,0.25450082992598855,681.3687501849556,681.1142493550296,0.25450082992598855,0.009095761395022453,0.0013784610796421456,0.45005675140491463,0.0874523248459097
42,indoors,scene_00020,indoors/scene_00020/scan_00187,val/indoors/scene_00020/scan_00187/00020_00187_indoors_140_000.png,3,0,3,768,0,1024,256,65536,0,65536.0,410.27409303333343,409.47179292492774,0.8023001084057824,410.27409303333343,409.47179292492774,0.8023001084057824,0.009523265193450257,0.0015488695659467218,0.07429201151688539,0.7350095428100977
42,indoors,scene_00020,indoors/scene_00020/scan_00187,val/indoors/scene_00020/scan_00187/00020_00187_indoors_140_000.png,4,1,0,0,256,256,512,65531,2042,73699.0,1196.8416382637213,1167.4057545829573,29.435883680764242,702.5706903957756,699.6594877308464,2.9112026649292346,0.010094378340884523,0.0060225412567841,0.44764551237487005,1.0488955232772397
42,indoors,scene_00020,indoors/scene_00020/scan_00187,val/indoors/scene_00020/scan_00187/00020_00187_indoors_140_000.png,5,1,1,256,256,512,512,65531,2079,73847.0,1304.1876673117636,1291.4086027256176,12.779064586146179,700.2667595286256,702.8952412654859,-2.628481736860342,0.012196568277285852,0.005219591891589318,0.41516268917294197,0.8624454800181609
42,indoors,scene_00020,indoors/scene_00020/scan_00187,val/indoors/scene_00020/scan_00187/00020_00187_indoors_140_000.png,6,1,2,512,256,768,512,65425,4705,84245.0,2623.2892726362,2584.2719153060984,39.01735733010172,1101.13317613397,1089.6586539524126,11.474522181557543,0.013351884602988326,0.005815074736936513,0.40462507700361894,0.5234756234310493
42,indoors,scene_00020,indoors/scene_00020/scan_00187,val/indoors/scene_00020/scan_00187/00020_00187_indoors_140_000.png,7,1,3,768,256,1024,512,65530,450,67330.0,1922.423635447219,1906.4177206534282,16.005914793791085,1412.383966584294,1407.8906887249905,4.493277859303465,0.007408712530111017,0.002508368009311265,0.33996834999210934,0.29906718559113465
42,indoors,scene_00020,indoors/scene_00020/scan_00187,val/indoors/scene_00020/scan_00187/00020_00187_indoors_140_000.png,8,2,0,0,512,256,768,65350,16004,129366.0,2794.122545274121,2807.010585966549,-12.888040692428334,1197.399397353844,1192.1286725199407,5.27072483390339,0.057454052490044635,0.01124407499666125,0.5944586166972526,1.3674530806636462
42,indoors,scene_00020,indoors/scene_00020/scan_00187,val/indoors/scene_00020/scan_00187/00020_00187_indoors_140_000.png,9,2,1,256,512,512,768,65395,7918,97067.0,2652.2575696727818,2638.2103213991686,14.047248273613194,1035.4273846936853,1030.3116296718708,5.115755021814366,0.05685240470390217,0.008280528227725932,0.5499520696649093,1.044543637613888
42,indoors,scene_00020,indoors/scene_00020/scan_00187,val/indoors/scene_00020/scan_00187/00020_00187_indoors_140_000.png,10,2,2,512,512,768,768,65411,24710,164251.0,7943.685949457436,7772.895753851262,170.79019560617414,2151.6202269553205,2120.8533286423144,30.76689831300589,0.040795580960197426,0.019973668598071995,0.9377985490424094,0.025888091774730927
42,indoors,scene_00020,indoors/scene_00020/scan_00187,val/indoors/scene_00020/scan_00187/00020_00187_indoors_140_000.png,11,2,3,768,512,1024,768,65285,17462,135133.0,7685.388626451002,7426.487160478084,258.90146597291766,2933.3718137974297,2845.3577156770957,88.01409812033415,0.019750251833059063,0.032766913354895094,1.1603985586458236,-0.15317509501747947
43,indoors,scene_00020,indoors/scene_00020/scan_00187,val/indoors/scene_00020/scan_00187/00020_00187_indoors_220_030.png,0,0,0,0,0,256,256,65536,0,65536.0,600.8813912868934,612.5354238133233,-11.654032526429884,600.8813912868934,612.5354238133233,-11.654032526429884,0.007978346264334708,0.01338830364733367,1.1813013778903607,2.3765483561494825
43,indoors,scene_00020,indoors/scene_00020/scan_00187,val/indoors/scene_00020/scan_00187/00020_00187_indoors_220_030.png,1,0,1,256,0,512,256,65536,4,65552.0,277.78566367900345,276.0790092282667,1.706654450736718,277.770970690031,276.0643730151893,1.7065976748417526,0.011022582918785367,0.012734773536677013,0.8104628225234367,2.3701465755182087
43,indoors,scene_00020,indoors/scene_00020/scan_00187,val/indoors/scene_00020/scan_00187/00020_00187_indoors_220_030.png,2,0,2,512,0,768,256,65536,0,65536.0,802.9880690550301,799.2469487891996,3.7411202658304834,802.9880690550301,799.2469487891996,3.7411202658304834,0.01189319717029118,0.012387711459686392,0.8185668706420786,2.3528016509311804
43,indoors,scene_00020,indoors/scene_00020/scan_00187,val/indoors/scene_00020/scan_00187/00020_00187_indoors_220_030.png,3,0,3,768,0,1024,256,65536,2,65544.0,472.5411962856148,472.5937752787449,-0.05257899313008352,472.53258146465146,472.5854226206185,-0.05284115596704764,0.01063681946659174,0.012645353978775118,0.5413484056119332,3.6866516973482937
43,indoors,scene_00020,indoors/scene_00020/scan_00187,val/indoors/scene_00020/scan_00187/00020_00187_indoors_220_030.png,4,1,0,0,256,256,512,65536,136,66080.0,3946.5110884060928,3946.358124061051,0.15296434504191225,3922.827342829828,3919.094173048363,3.733169781465623,0.008846204115343662,0.006383550068844807,0.7802147513479458,0.9967179938125144
43,indoors,scene_00020,indoors/scene_00020/scan_00187,val/indoors/scene_00020/scan_00187/00020_00187_indoors_220_030.png,5,1,1,256,256,512,512,65536,15478,127448.0,4047.9067049632686,4185.308048084486,-137.40134312121694,2142.641987555305,2160.649678626586,-18.007691071281247,0.007896083663998469,0.011703958307277884,0.6967784170197974,0.17648675740108782
43,indoors,scene_00020,indoors/scene_00020/scan_00187,val/indoors/scene_00020/scan_00187/00020_00187_indoors_220_030.png,6,1,2,512,256,768,512,65536,31094,189912.0,3858.2168317056153,3697.023370949796,161.1934607558186,1409.4800492385493,1373.8191084835482,35.660940755001164,0.00785965134360847,0.012806606648363061,0.6456869479708847,0.12629812798335494
43,indoors,scene_00020,indoors/scene_00020/scan_00187,val/indoors/scene_00020/scan_00187/00020_00187_indoors_220_030.png,7,1,3,768,256,1024,512,65536,834,68872.0,1450.3081992748084,1440.33885206082,9.969347213988334,1393.3089984631404,1387.8310986712975,5.47789979184288,0.007776188024418967,0.00964115875784574,0.646444125617049,1.6537408600748738
43,indoors,scene_00020,indoors/scene_00020/scan_00187,val/indoors/scene_00020/scan_00187/00020_00187_indoors_220_030.png,8,2,0,0,512,256,768,65535,5162,86183.0,5115.343993163091,5085.917215152396,29.426778010694164,2688.5671739836866,2632.790623888737,55.776550094949386,0.033420641715577674,0.0031229251513235565,0.2536405971131875,2.4561536367446317
43,indoors,scene_00020,indoors/scene_00020/scan_00187,val/indoors/scene_00020/scan_00187/00020_00187_indoors_220_030.png,9,2,1,256,512,512,768,65536,10413,107188.0,3362.322832565365,3176.1278237469937,186.19500881837055,1507.2592153476426,1485.1816920387455,22.077523308897067,0.01176532696273978,0.014053371450343143,0.6483639321608146,-0.17458296007935545
43,indoors,scene_00020,indoors/scene_00020/scan_00187,val/indoors/scene_00020/scan_00187/00020_00187_indoors_220_030.png,10,2,2,512,512,768,768,65534,15520,127614.0,8076.438130454613,8174.990379474105,-98.55224901949182,3401.082643853186,3419.7096363741034,-18.626992520917685,0.01317897039003699,0.011431212740463454,0.31966197106304794,0.1979421789101973
43,indoors,scene_00020,indoors/scene_00020/scan_00187,val/indoors/scene_00020/scan_00187/00020_00187_indoors_220_030.png,11,2,3,768,512,1024,768,65536,0,65536.0,3764.768718668767,3760.2575027301136,4.511215938653353,3764.768718668767,3760.2575027301136,4.511215938653353,0.0072117186292014485,0.009971919765687967,0.8953762487046125,0.4575102121659131
44,indoors,scene_00020,indoors/scene_00020/scan_00187,val/indoors/scene_00020/scan_00187/00020_00187_indoors_230_000.png,0,0,0,0,0,256,256,65464,4335,82804.0,11544.98834090424,11874.524915481179,-329.53657457694055,6724.319327756645,6921.295242557337,-196.97591480069127,0.013130935949108212,0.013812785720095443,0.8986764632353199,0.5499357847190265
44,indoors,scene_00020,indoors/scene_00020/scan_00187,val/indoors/scene_00020/scan_00187/00020_00187_indoors_230_000.png,1,0,1,256,0,512,256,65486,10081,105810.0,15668.77135499828,15654.333810074044,14.437544924239113,4331.7766266035205,4328.074777077665,3.7018495258562547,0.032094801256778646,0.004392961893819006,0.18262427272654236,2.8041256752719605
44,indoors,scene_00020,indoors/scene_00020/scan_00187,val/indoors/scene_00020/scan_00187/00020_00187_indoors_230_000.png,2,0,2,512,0,768,256,65521,2330,74841.0,4070.520172155813,3938.4724801948387,132.04769196097456,2436.477396813217,2338.7183640590274,97.75903275418986,0.01068796440546623,0.011068078031108049,0.9613632768622994,-0.5547263312143158
44,indoors,scene_00020,indoors/scene_00020/scan_00187,val/indoors/scene_00020/scan_00187/00020_00187_indoors_230_000.png,3,0,3,768,0,1024,256,65536,4014,81592.0,4787.84523817111,5098.366150358555,-310.5209121874442,1852.872439967106,1983.349512446299,-130.4770724791932,0.013686671829155474,0.009055017211499544,0.584390875829093,-0.405602635691583
44,indoors,scene_00020,indoors/scene_00020/scan_00187,val/indoors/scene_00020/scan_00187/00020_00187_indoors_230_000.png,4,1,0,0,256,256,512,64565,8845,99945.0,26595.297053872095,26570.366533045075,24.930520827025017,8854.116240305162,8874.6618594355,-20.545619130337187,0.010794348927289067,0.017339464187070466,0.5277870199465226,2.509210878364897
44,indoors,scene_00020,indoors/scene_00020/scan_00187,val/indoors/scene_00020/scan_00187/00020_00187_indoors_230_000.png,5,1,1,256,256,512,512,65197,15492,127165.0,31089.524197867624,31094.627074533204,-5.102876665582087,8144.550016961575,8207.160986739771,-62.61096977819661,0.02307223226933571,0.023642636327511457,0.5282311290676761,2.408800834097639
44,indoors,scene_00020,indoors/scene_00020/scan_00187,val/indoors/scene_00020/scan_00187/00020_00187_indoors_230_000.png,6,1,2,512,256,768,512,65519,5997,89507.0,6043.935647783119,6119.873404476094,-75.93775669297511,2496.0776947076915,2532.6214815011976,-36.54378679350599,0.013812410062548304,0.020942922498293735,0.8036283321241613,-0.032021182655604684
44,indoors,scene_00020,indoors/scene_00020/scan_00187,val/indoors/scene_00020/scan_00187/00020_00187_indoors_230_000.png,7,1,3,768,256,1024,512,65536,4606,83960.0,5286.402823065622,5435.001042361213,-148.59821929559035,1750.7035947517647,1791.2621181893976,-40.55852343763272,0.012918338482598796,0.00996632114704192,0.32123733029960483,0.2875748201209996
44,indoors,scene_00020,indoors/scene_00020/scan_00187,val/indoors/scene_00020/scan_00187/00020_00187_indoors_230_000.png,8,2,0,0,512,256,768,65478,5784,88614.0,6388.591945598331,6490.369771572378,-101.77782597404658,3406.7182073021067,3452.976718588441,-46.258511286334205,0.012679726552889247,0.026578027513038317,0.4095443347590925,2.8610062436179735
44,indoors,scene_00020,indoors/scene_00020/scan_00187,val/indoors/scene_00020/scan_00187/00020_00187_indoors_230_000.png,9,2,1,256,512,512,768,65464,8979,101380.0,13851.973189624741,14005.538348709933,-153.56515908519245,4139.999375998024,4243.88153940962,-103.882163411596,0.015036627698318723,0.023764928975023785,0.33726152984234475,2.863899465293332
44,indoors,scene_00020,indoors/scene_00020/scan_00187,val/indoors/scene_00020/scan_00187/00020_00187_indoors_230_000.png,10,2,2,512,512,768,768,65501,6048,89693.0,5535.77375085657,5707.4306713676615,-171.6569205110927,1710.4399486933726,1723.495328598292,-13.05537990491953,0.015137563011201857,0.023882064906864436,0.716092494887406,0.7842236563644117
44,indoors,scene_00020,indoors/scene_00020/scan_00187,val/indoors/scene_00020/scan_00187/00020_00187_indoors_230_000.png,11,2,3,768,512,1024,768,65491,1964,73347.0,2403.3178523337783,2938.3849357266818,-535.0670833929034,872.4931357942261,1244.4744874012436,-371.9813516070176,0.016158880383575703,0.02406094872276257,0.5265229717891581,0.45914720388988944
45,indoors,scene_00020,indoors/scene_00020/scan_00187,val/indoors/scene_00020/scan_00187/00020_00187_indoors_240_010.png,0,0,0,0,0,256,256,65484,1717,72352.0,9051.393945747144,9061.432387413022,-10.038441665878057,6902.722171828958,6905.638781383754,-2.9166095547957287,0.006040224664366962,0.0026300888102102284,0.15945937442045033,1.68126224559606
45,indoors,scene_00020,indoors/scene_00020/scan_00187,val/indoors/scene_00020/scan_00187/00020_00187_indoors_240_010.png,1,0,1,256,0,512,256,65536,1513,71588.0,6144.660064301828,6227.2338342516205,-82.57376994979178,5010.110438610651,5066.371496689222,-56.261058078571224,0.007464408940612358,0.0021517411797009867,0.29048570473914953,1.71120891154589
45,indoors,scene_00020,indoors/scene_00020/scan_00187,val/indoors/scene_00020/scan_00187/00020_00187_indoors_240_010.png,2,0,2,512,0,768,256,65535,1668,72207.0,4109.5156818778,4112.078542976514,-2.562861098713891,3154.7952847777424,3154.0627362943387,0.7325484834038267,0.02730361176721345,0.0009841140940799445,0.06580146596120108,2.302811012437672
45,indoors,scene_00020,indoors/scene_00020/scan_00187,val/indoors/scene_00020/scan_00187/00020_00187_indoors_240_010.png,3,0,3,768,0,1024,256,65536,2768,76608.0,5537.610619774572,5515.6440085171835,21.966611257387953,4026.3010893635887,4065.516868383258,-39.21577901966906,0.008877392524964924,0.010397239810301922,0.5783011072714552,0.05010875027775514
45,indoors,scene_00020,indoors/scene_00020/scan_00187,val/indoors/scene_00020/scan_00187/00020_00187_indoors_240_010.png,4,1,0,0,256,256,512,64957,11936,112701.0,29073.00280136775,29088.02916647806,-15.026365110312412,13793.878722089958,13835.258105962568,-41.37938387260997,0.02695702952084125,0.013241321081436575,0.2640773483570609,1.6957723924267298
45,indoors,scene_00020,indoors/scene_00020/scan_00187,val/indoors/scene_00020/scan_00187/00020_00187_indoors_240_010.png,5,1,1,256,256,512,512,65462,7199,94258.0,18492.941247584167,18412.9663061981,79.97494138606503,10355.185472326018,10300.787223850119,54.39824847589851,0.014554269178210972,0.008644982344059193,0.36888961932066716,1.6813246827833492
45,indoors,scene_00020,indoors/scene_00020/scan_00187,val/indoors/scene_00020/scan_00187/00020_00187_indoors_240_010.png,6,1,2,512,256,768,512,65494,9962,105342.0,14135.570142703866,14152.416093363328,-16.845950659461707,4298.398187170666,4284.081320873124,14.316866297540727,0.02829917857470905,0.005532253103499294,0.23343178678220294,2.206561685062817
45,indoors,scene_00020,indoors/scene_00020/scan_00187,val/indoors/scene_00020/scan_00187/00020_00187_indoors_240_010.png,7,1,3,768,256,1024,512,65519,2606,75943.0,6220.501103335435,7063.901263333047,-843.4001599976109,4680.145849398735,5247.063616289596,-566.9177668908617,0.00872974723558825,0.00911631316799271,0.8538379630515628,-0.1430507195959777
45,indoors,scene_00020,indoors/scene_00020/scan_00187,val/indoors/scene_00020/scan_00187/00020_00187_indoors_240_010.png,8,2,0,0,512,256,768,65531,4029,81647.0,5204.216976440491,5336.224568638252,-132.00759219776066,2667.9057681381705,2847.022308143956,-179.1165400057852,0.010677448723250082,0.011004911204228581,0.46864073950016455,1.8849005746589202
45,indoors,scene_00020,indoors/scene_00020/scan_00187,val/indoors/scene_00020/scan_00187/00020_00187_indoors_240_010.png,9,2,1,256,512,512,768,64519,12135,113059.0,32124.756974659376,31957.497068781093,167.2599058782889,11637.128834678148,11607.617583189156,29.511251488992112,0.012200078731222424,0.019051068894448447,0.7339171502311779,1.8981857788021055
45,indoors,scene_00020,indoors/scene_00020/scan_00187,val/indoors/scene_00020/scan_00187/00020_00187_indoors_240_010.png,10,2,2,512,512,768,768,65218,15782,128346.0,24113.192086865798,23932.707882444112,180.484204421687,8913.277673582721,8845.035700085682,68.2419734970376,0.022370316415962505,0.026763803091826355,0.6741312441775987,1.9670330061776728
45,indoors,scene_00020,indoors/scene_00020/scan_00187,val/indoors/scene_00020/scan_00187/00020_00187_indoors_240_010.png,11,2,3,768,512,1024,768,65519,7115,93979.0,8952.17335059279,8883.477756599073,68.69559399371565,4958.312044029558,4887.5121711787815,70.79987285077567,0.014091640559281356,0.01777086726609152,0.6227942666524948,0.7043418281127192
46,indoors,scene_00020,indoors/scene_00020/scan_00187,val/indoors/scene_00020/scan_00187/00020_00187_indoors_250_000.png,0,0,0,0,0,256,256,65289,10279,106405.0,18351.513448779904,18340.976230092834,10.537218687068801,6464.431688854771,6461.132627230219,3.299061624551207,0.0201944751121979,0.018082912337708295,0.2230188849235557,1.3153456746349983
46,indoors,scene_00020,indoors/scene_00020/scan_00187,val/indoors/scene_00020/scan_00187/00020_00187_indoors_250_000.png,1,0,1,256,0,512,256,64973,8527,99081.0,28558.649739479086,28809.015879675135,-250.36614019604727,16498.166640254465,16634.633357378454,-136.46671712398862,0.025832028680414204,0.016401130991333845,0.2992528826993667,0.7640180161626657
46,indoors,scene_00020,indoors/scene_00020/scan_00187,val/indoors/scene_00020/scan_00187/00020_00187_indoors_250_000.png,2,0,2,512,0,768,256,65452,5816,88716.0,18764.609668032295,18837.015903456264,-72.4062354239667,10205.051632617115,10261.412407450483,-56.36077483336885,0.01537801885128287,0.008733355965642769,0.5964815543030935,0.3950250677014583
46,indoors,scene_00020,indoors/scene_00020/scan_00187,val/indoors/scene_00020/scan_00187/00020_00187_indoors_250_000.png,3,0,3,768,0,1024,256,65507,5410,87147.0,10357.242050188604,10342.083887768573,15.15816242003088,4006.4746995549904,4004.9591449114027,1.5155546435875988,0.030836805027068395,0.004008860962505683,0.17883068939796617,1.856063297701182
46,indoors,scene_00020,indoors/scene_00020/scan_00187,val/indoors/scene_00020/scan_00187/00020_00187_indoors_250_000.png,4,1,0,0,256,256,512,65534,2528,75646.0,4899.354011036921,4885.520993489721,13.833017547199894,2973.361543617184,2942.698995603992,30.662548013191785,0.024936267681175114,0.017969238165212943,0.5293600214776015,1.3716103170207576
46,indoors,scene_00020,indoors/scene_00020/scan_00187,val/indoors/scene_00020/scan_00187/00020_00187_indoors_250_000.png,5,1,1,256,256,512,512,65527,2798,76719.0,3694.858047098558,3663.9369595352946,30.921087563263082,1552.343936649658,1550.7615108705932,1.5824257790646612,0.01013616410056371,0.008328207136636413,0.4083422791321924,1.0829266396949289
46,indoors,scene_00020,indoors/scene_00020/scan_00187,val/indoors/scene_00020/scan_00187/00020_00187_indoors_250_000.png,6,1,2,512,256,768,512,49689,9826,88993.0,33510.1427567152,33454.45846869094,55.6842880242656,9256.20871451513,9241.198023397668,15.010691117464486,0.014315212006998427,0.022980766879837296,0.6115497970082276,1.1635221535893954
46,indoors,scene_00020,indoors/scene_00020/scan_00187,val/indoors/scene_00020/scan_00187/00020_00187_indoors_250_000.png,7,1,3,768,256,1024,512,53511,6194,78287.0,10341.809915072234,10378.69982488671,-36.889909814473555,3618.4220407338544,3640.0562362139817,-21.634195480126955,0.020834599270778378,0.02537341466713495,0.5453167146072401,1.537346111188761
46,indoors,scene_00020,indoors/scene_00020/scan_00187,val/indoors/scene_00020/scan_00187/00020_00187_indoors_250_000.png,8,2,0,0,512,256,768,65306,6348,90698.0,11822.503261737245,12008.470936641825,-185.9676749045778,4159.026521931171,4229.392898140763,-70.3663762095914,0.018986479268892815,0.025305913094542422,0.39922968563906286,3.9018735649272815
46,indoors,scene_00020,indoors/scene_00020/scan_00187,val/indoors/scene_00020/scan_00187/00020_00187_indoors_250_000.png,9,2,1,256,512,512,768,65430,6370,90910.0,8244.1227809922,8179.359763472096,64.76301752010444,2681.9379867829775,2620.586830725543,61.35115605743438,0.016038651392019904,0.025852436286317393,0.5710364149322129,1.195844041968989
46,indoors,scene_00020,indoors/scene_00020/scan_00187,val/indoors/scene_00020/scan_00187/00020_00187_indoors_250_000.png,10,2,2,512,512,768,768,55473,4879,74989.0,5264.812251467474,5375.397768144152,-110.58551667667808,1517.1383693000919,1616.4944159193628,-99.35604661927104,0.0142855113412621,0.024528973387664226,0.3784843987613712,1.5131146670423699
46,indoors,scene_00020,indoors/scene_00020/scan_00187,val/indoors/scene_00020/scan_00187/00020_00187_indoors_250_000.png,11,2,3,768,512,1024,768,47180,3912,62828.0,5744.429051202996,5714.651861111888,29.777190091108146,2274.3753881601842,2279.5494060382985,-5.1740178781142205,0.014700512052800513,0.02387678737235565,0.3146138622460736,1.8480724620331996
47,indoors,scene_00020,indoors/scene_00020/scan_00187,val/indoors/scene_00020/scan_00187/00020_00187_indoors_270_000.png,0,0,0,0,0,256,256,65440,1547,71628.0,6208.678950524391,6110.806018255819,97.87293226857372,2590.5062076809213,2598.1636100886276,-7.65740240770604,0.006794213173578386,0.007026841630714384,0.34836172369683377,2.087505070609703
47,indoors,scene_00020,indoors/scene_00020/scan_00187,val/indoors/scene_00020/scan_00187/00020_00187_indoors_270_000.png,1,0,1,256,0,512,256,65536,0,65536.0,677.1205141464926,693.606575946219,-16.486061799726343,677.1205141464926,693.606575946219,-16.486061799726343,0.005336148218233142,0.004896518114328144,0.06875872672166583,1.3816759951841793
47,indoors,scene_00020,indoors/scene_00020/scan_00187,val/indoors/scene_00020/scan_00187/00020_00187_indoors_270_000.png,2,0,2,512,0,768,256,65197,12567,115465.0,21500.891435419202,20928.899711153834,571.9917242653696,7275.34456615241,7052.72734238901,222.61722376339958,0.02314928016482833,0.019268537669561915,0.30985711062349897,1.0612148614505588
47,indoors,scene_00020,indoors/scene_00020/scan_00187,val/indoors/scene_00020/scan_00187/00020_00187_indoors_270_000.png,3,0,3,768,0,1024,256,65078,7562,95326.0,26802.47387878244,26878.883050842207,-76.40917205976756,16750.84753000643,16783.570575970974,-32.72304596454915,0.024173048738503455,0.019177935434814112,0.22240959475927533,1.4128863123258446
47,indoors,scene_00020,indoors/scene_00020/scan_00187,val/indoors/scene_00020/scan_00187/00020_00187_indoors_270_000.png,4,1,0,0,256,256,512,64267,8956,100091.0,20343.168333254784,20278.366937495983,64.80139575880374,5836.059706669124,5831.538400172309,4.5213064968155905,0.023794626082754157,0.018353969774166617,0.5213719296514786,2.008545612372718
47,indoors,scene_00020,indoors/scene_00020/scan_00187,val/indoors/scene_00020/scan_00187/00020_00187_indoors_270_000.png,5,1,1,256,256,512,512,57101,10276,98205.0,25975.277032195772,25992.092948830068,-16.815916634302972,7071.645122180236,7047.096461502626,24.548660677609853,0.026340433887731676,0.02137564641161676,0.7419448918801783,0.7271799717904651
47,indoors,scene_00020,indoors/scene_00020/scan_00187,val/indoors/scene_00020/scan_00187/00020_00187_indoors_270_000.png,6,1,2,512,256,768,512,65528,3764,80584.0,5989.12206319172,5938.2200167684805,50.90204642323984,2957.236459922342,2910.9661391911905,46.27032073115167,0.024441533951195134,0.017922330097556668,0.5671303690679127,1.0735628228479408
47,indoors,scene_00020,indoors/scene_00020/scan_00187,val/indoors/scene_00020/scan_00187/00020_00187_indoors_270_000.png,7,1,3,768,256,1024,512,65529,1734,72465.0,2234.3885366301956,2202.7925852610097,31.595951369185634,1188.425526150675,1162.6271075427221,25.79841860795304,0.00838864588820977,0.0067423962589774535,0.3125019752289718,1.722056069203887
47,indoors,scene_00020,indoors/scene_00020/scan_00187,val/indoors/scene_00020/scan_00187/00020_00187_indoors_270_000.png,8,2,0,0,512,256,768,65495,3401,79099.0,6701.66643729902,6916.748446179575,-215.0820088805553,3324.7621369080985,3373.8848159175905,-49.12267900949207,0.013557788728473252,0.02281660709121736,0.6357358344871566,2.0226724465429875
47,indoors,scene_00020,indoors/scene_00020/scan_00187,val/indoors/scene_00020/scan_00187/00020_00187_indoors_270_000.png,9,2,1,256,512,512,768,64762,11529,110878.0,23555.566301694627,23593.67797216216,-38.11167046753121,7282.924680496965,7330.3669933211,-47.44231282413558,0.014817530044339557,0.029533026305767325,0.8789624466756764,1.3187429914682258
47,indoors,scene_00020,indoors/scene_00020/scan_00187,val/indoors/scene_00020/scan_00187/00020_00187_indoors_270_000.png,10,2,2,512,512,768,768,65080,9305,102300.0,17899.757260652113,18064.128926575824,-164.37166592371065,6001.902430607011,6029.8494615594445,-27.947030952432968,0.023014926409784833,0.0264948677896021,0.6789128441763576,1.9099137444875158
47,indoors,scene_00020,indoors/scene_00020/scan_00187,val/indoors/scene_00020/scan_00187/00020_00187_indoors_270_000.png,11,2,3,768,512,1024,768,65442,6802,92650.0,7795.769259853852,7820.3992366906305,-24.62997683677974,2267.7488243504836,2322.502358771863,-54.75353442137927,0.013358188359299125,0.02441062037796838,0.3701250296321286,1.8185153242287109
48,indoors,scene_00020,indoors/scene_00020/scan_00187,val/indoors/scene_00020/scan_00187/00020_00187_indoors_270_020.png,0,0,0,0,0,256,256,65536,669,68212.0,2569.4261303274225,2591.6526849679167,-22.226554640494236,2500.312421256559,2520.861571923842,-20.549150667282866,0.00788841507288254,0.007634587509316787,0.7124343819550537,0.46058165290087993
48,indoors,scene_00020,indoors/scene_00020/scan_00187,val/indoors/scene_00020/scan_00187/00020_00187_indoors_270_020.png,1,0,1,256,0,512,256,65536,16777,132644.0,2132.7551450803408,2118.634076151825,14.121068928515577,1256.719406430227,1264.9147102071029,-8.19530377687581,0.0051342644134475856,0.010090120566941628,0.4165869682514171,0.5454358785725899
48,indoors,scene_00020,indoors/scene_00020/scan_00187,val/indoors/scene_00020/scan_00187/00020_00187_indoors_270_020.png,2,0,2,512,0,768,256,65536,13460,119376.0,1224.5562579938128,1200.0921975705749,24.46406042323793,780.9854688490219,769.7748966759568,11.210572173065062,0.0036434511042227648,0.009154445803896887,0.1737945276002157,1.4390727182477476
48,indoors,scene_00020,indoors/scene_00020/scan_00187,val/indoors/scene_00020/scan_00187/00020_00187_indoors_270_020.png,3,0,3,768,0,1024,256,65536,2340,74896.0,1249.689343590543,1276.7599057222922,-27.070562131749213,1118.024404703047,1137.9111712024198,-19.88676649937297,0.006356161643550905,0.007215565781253304,0.6028795219957446,0.6847851276276335
48,indoors,scene_00020,indoors/scene_00020/scan_00187,val/indoors/scene_00020/scan_00187/00020_00187_indoors_270_020.png,4,1,0,0,256,256,512,65536,0,65536.0,1191.12979622802,1194.7118714370497,-3.582075209029618,1191.12979622802,1194.7118714370497,-3.582075209029618,0.00628266438324598,0.005281375071794719,0.5098837058683664,1.2775564005264484
48,indoors,scene_00020,indoors/scene_00020/scan_00187,val/indoors/scene_00020/scan_00187/00020_00187_indoors_270_020.png,5,1,1,256,256,512,512,65536,0,65536.0,349.00037391246553,348.9508816194467,0.04949229301885377,349.00037391246553,348.9508816194467,0.04949229301885377,0.006304804975075578,0.005061754831368764,0.2759553995479962,0.44680089260498557
48,indoors,scene_00020,indoors/scene_00020/scan_00187,val/indoors/scene_00020/scan_00187/00020_00187_indoors_270_020.png,6,1,2,512,256,768,512,65425,7358,94857.0,8982.1075340514,9019.255089230011,-37.147555178610986,2670.411372948872,2692.741622403616,-22.330249454743864,0.008987023630282915,0.011357477002494478,0.38179664063572305,0.6719190579032669
48,indoors,scene_00020,indoors/scene_00020/scan_00187,val/indoors/scene_00020/scan_00187/00020_00187_indoors_270_020.png,7,1,3,768,256,1024,512,65536,2510,75576.0,10844.918127878462,10852.30050984164,-7.382381963179339,7918.918356137034,7922.110954968672,-3.192598831639861,0.006758566059046278,0.0029567312749452686,0.14687430606633292,1.647698585766008
48,indoors,scene_00020,indoors/scene_00020/scan_00187,val/indoors/scene_00020/scan_00187/00020_00187_indoors_270_020.png,8,2,0,0,512,256,768,65437,3140,77997.0,6261.208271856696,6128.453064614843,132.7552072418537,2618.5213506513624,2589.8471488206383,28.674201830723707,0.007247664806849929,0.010217672118427374,0.36842735538919297,2.4192100913788446
48,indoors,scene_00020,indoors/scene_00020/scan_00187,val/indoors/scene_00020/scan_00187/00020_00187_indoors_270_020.png,9,2,1,256,512,512,768,65245,1432,70973.0,4736.813868784868,4735.532009547001,1.281859237866863,2149.6486272582874,2139.0279683431004,10.620658915187022,0.0059483584420538015,0.0072470943351097515,0.5486866874689702,0.5702900602529972
48,indoors,scene_00020,indoors/scene_00020/scan_00187,val/indoors/scene_00020/scan_00187/00020_00187_indoors_270_020.png,10,2,2,512,512,768,768,65245,15543,127417.0,21422.403873141957,21433.943592837124,-11.539719695164553,7553.0370470518155,7584.332320269417,-31.295273217599746,0.019718260176085453,0.023447355926653556,0.4585282589650243,0.8505041220115388
48,indoors,scene_00020,indoors/scene_00020/scan_00187,val/indoors/scene_00020/scan_00187/00020_00187_indoors_270_020.png,11,2,3,768,512,1024,768,65045,15287,126193.0,31806.666164422924,31635.306142509922,171.36002191300707,16911.409689648608,16865.25378496537,46.15590468323916,0.023975887604422794,0.011667355509802971,0.17816838885243869,2.12760300441915
49,indoors,scene_00020,indoors/scene_00020/scan_00187,val/indoors/scene_00020/scan_00187/00020_00187_indoors_280_030.png,0,0,0,0,0,256,256,65536,8,65568.0,324.73707082644717,319.3203049363568,5.416765890090342,324.4118020377164,318.9952846587186,5.416517378997838,0.008492501375996794,0.014255834869880748,1.1261663449305173,2.1119911034005376
49,indoors,scene_00020,indoors/scene_00020/scan_00187,val/indoors/scene_00020/scan_00187/00020_00187_indoors_280_030.png,1,0,1,256,0,512,256,65536,72,65824.0,585.2768152130161,582.2849499334887,2.9918652795274054,581.8612905129867,578.8736454858177,2.9876450271689183,0.008821779609063664,0.013653371592246343,1.1405830002287112,1.5197518136122408
49,indoors,scene_00020,indoors/scene_00020/scan_00187,val/indoors/scene_00020/scan_00187/00020_00187_indoors_280_030.png,2,0,2,512,0,768,256,65536,126,66040.0,296.74265600108697,291.5503205703745,5.192335430712499,293.3835920885124,288.18417658012424,5.199415508388163,0.008341499340469766,0.01374270107168185,0.7995028162821414,2.62701363823751
49,indoors,scene_00020,indoors/scene_00020/scan_00187,val/indoors/scene_00020/scan_00187/00020_00187_indoors_280_030.png,3,0,3,768,0,1024,256,65536,202,66344.0,884.5778415077634,910.5822639033272,-26.004422395563648,872.1402943451919,897.8420433118781,-25.701748966686086,0.006597564647604409,0.013653531880178343,1.1076782217355954,2.096118084180144
49,indoors,scene_00020,indoors/scene_00020/scan_00187,val/indoors/scene_00020/scan_00187/00020_00187_indoors_280_030.png,4,1,0,0,256,256,512,65536,299,66732.0,1434.7743614624758,1407.004498555977,27.769862906498748,1422.0287742109308,1395.1544511132834,26.874323097647522,0.008332879803862273,0.0070581065129382186,0.48165343322901016,1.602701376461227
49,indoors,scene_00020,indoors/scene_00020/scan_00187,val/indoors/scene_00020/scan_00187/00020_00187_indoors_280_030.png,5,1,1,256,256,512,512,65536,11187,110284.0,722.4981696613023,723.9790318541183,-1.480862192815962,465.17367482791394,468.27937365521495,-3.1056988273010586,0.007843997201679236,0.009673814808771221,0.6576312034411451,0.6774793067621033
49,indoors,scene_00020,indoors/scene_00020/scan_00187,val/indoors/scene_00020/scan_00187/00020_00187_indoors_280_030.png,6,1,2,512,256,768,512,65536,32873,197028.0,1531.747015881922,1532.6414925287945,-0.894476646872552,419.98041286112186,416.6126115243646,3.367801336757285,0.004648915619574519,0.011310488291444373,0.49127746685031815,0.23648707000283728
49,indoors,scene_00020,indoors/scene_00020/scan_00187,val/indoors/scene_00020/scan_00187/00020_00187_indoors_280_030.png,7,1,3,768,256,1024,512,65536,23627,160044.0,1173.118833665183,1201.849869909658,-28.73103624447501,559.5066401108479,555.8897080482943,3.6169320625535377,0.004791922213568345,0.008959569818409781,0.49802001369414917,0.6237904733187176
49,indoors,scene_00020,indoors/scene_00020/scan_00187,val/indoors/scene_00020/scan_00187/00020_00187_indoors_280_030.png,8,2,0,0,512,256,768,65536,0,65536.0,715.7507558376112,714.2522886782583,1.4984671593529741,715.7507558376112,714.2522886782583,1.4984671593529741,0.007015641121402715,0.0061465597998871455,0.40689783886856196,2.4702830209803133
49,indoors,scene_00020,indoors/scene_00020/scan_00187,val/indoors/scene_00020/scan_00187/00020_00187_indoors_280_030.png,9,2,1,256,512,512,768,65536,0,65536.0,237.73568349270178,234.41703409188744,3.3186494008143637,237.73568349270178,234.41703409188744,3.3186494008143637,0.006302686967290769,0.006061245763175249,0.5538402161553899,1.4035566134939212
49,indoors,scene_00020,indoors/scene_00020/scan_00187,val/indoors/scene_00020/scan_00187/00020_00187_indoors_280_030.png,10,2,2,512,512,768,768,65536,0,65536.0,586.04758908768,587.5579479539412,-1.5103588662611314,586.04758908768,587.5579479539412,-1.5103588662611314,0.006223165804465108,0.005539778284006723,0.27325102069452933,0.47533103886107
49,indoors,scene_00020,indoors/scene_00020/scan_00187,val/indoors/scene_00020/scan_00187/00020_00187_indoors_280_030.png,11,2,3,768,512,1024,768,65381,10235,106321.0,14543.238359166935,14499.782783543209,43.45557562372813,4205.58311145772,4170.428525113975,35.154586343744995,0.01121651878075461,0.0063185103114604775,0.3708777618838375,0.8979692925525821
50,indoors,scene_00021,indoors/scene_00021/scan_00188,val/indoors/scene_00021/scan_00188/00021_00188_indoors_090_000.png,0,0,0,0,0,256,256,65226,16088,129578.0,49071.51910400562,48926.90914996581,144.60995403981136,23650.879599407126,23625.426901103827,25.452698303297083,0.00963715639175786,0.02509547815326215,0.9006239677828175,-0.3803459342889552
50,indoors,scene_00021,indoors/scene_00021/scan_00188,val/indoors/scene_00021/scan_00188/00021_00188_indoors_090_000.png,1,0,1,256,0,512,256,65477,4642,84045.0,17699.740449131692,18332.11308845383,-632.3726393221347,12621.357156458673,12839.77735878715,-218.42020232847833,0.014472850642778957,0.02756770866378688,0.9441536202903996,1.2618604959563753
50,indoors,scene_00021,indoors/scene_00021/scan_00188,val/indoors/scene_00021/scan_00188/00021_00188_indoors_090_000.png,2,0,2,512,0,768,256,65524,1365,70984.0,7961.609342013761,7989.6510505801,-28.041708566338883,5861.087443419935,5861.792379576218,-0.7049361562830749,0.004487215349485289,0.008689176090345573,0.5169382764556302,2.1244133851970783
50,indoors,scene_00021,indoors/scene_00021/scan_00188,val/indoors/scene_00021/scan_00188/00021_00188_indoors_090_000.png,3,0,3,768,0,1024,256,65536,0,65536.0,1220.6588097763206,1214.3675922432406,6.291217533079957,1220.6588097763206,1214.3675922432406,6.291217533079957,0.00676349974283383,0.008073989853808496,1.1277906796221921,2.1671814207192783
50,indoors,scene_00021,indoors/scene_00021/scan_00188,val/indoors/scene_00021/scan_00188/00021_00188_indoors_090_000.png,4,1,0,0,256,256,512,65536,16206,130360.0,25379.832305226017,25336.298844854617,43.533460371399734,13473.189574111368,13398.130444017204,75.05913009416328,0.006250081431809195,0.019977310990682284,1.0247555920128877,0.10608901238298249
50,indoors,scene_00021,indoors/scene_00021/scan_00188,val/indoors/scene_00021/scan_00188/00021_00188_indoors_090_000.png,5,1,1,256,256,512,512,65514,6637,92062.0,20889.587033995303,19743.399277047578,1146.1877569477247,12694.634511552842,12239.83378599718,454.80072555566073,0.007997619657312877,0.02511691986850989,0.6895154631909378,1.7028141041123042
50,indoors,scene_00021,indoors/scene_00021/scan_00188,val/indoors/scene_00021/scan_00188/00021_00188_indoors_090_000.png,6,1,2,512,256,768,512,65511,1386,71055.0,8709.990627100997,8773.126405376119,-63.13577827512088,6304.803717818288,6334.082112023358,-29.27839420507078,0.004739882221546158,0.008464797495171771,0.42582934351323454,2.278416148486142
50,indoors,scene_00021,indoors/scene_00021/scan_00188,val/indoors/scene_00021/scan_00188/00021_00188_indoors_090_000.png,7,1,3,768,256,1024,512,65536,0,65536.0,1761.8285833876735,1759.2906772329613,2.5379061547121036,1761.8285833876735,1759.2906772329613,2.5379061547121036,0.005281689909683257,0.0077588730024094835,0.545440913461121,3.677422732570559
50,indoors,scene_00021,indoors/scene_00021/scan_00188,val/indoors/scene_00021/scan_00188/00021_00188_indoors_090_000.png,8,2,0,0,512,256,768,65338,21982,153266.0,26341.752308662446,26084.53372097432,257.2185876881252,11297.568768110586,11206.122066020482,91.44670209010452,0.008657215681025896,0.02087233896997512,0.8964332301888315,0.3361085278428457
50,indoors,scene_00021,indoors/scene_00021/scan_00188,val/indoors/scene_00021/scan_00188/00021_00188_indoors_090_000.png,9,2,1,256,512,512,768,65328,9018,101400.0,24651.441279149753,24715.212483610077,-63.771204460322,13846.956357334064,13856.43052222376,-9.474164889697768,0.010023167677318045,0.028341990554076206,0.7960070193108042,1.721542700220291
50,indoors,scene_00021,indoors/scene_00021/scan_00188,val/indoors/scene_00021/scan_00188/00021_00188_indoors_090_000.png,10,2,2,512,512,768,768,65502,1234,70438.0,10398.122208356599,10439.104510076368,-40.98230171976759,7876.408183715863,7879.499855989805,-3.0916722739428764,0.004478661179088788,0.008121152262842867,0.6504986989917093,1.6514919083035744
50,indoors,scene_00021,indoors/scene_00021/scan_00188,val/indoors/scene_00021/scan_00188/00021_00188_indoors_090_000.png,11,2,3,768,512,1024,768,65536,0,65536.0,2953.0611838522746,2953.0807025177933,-0.01951866551848458,2953.0611838522746,2953.0807025177933,-0.01951866551848458,0.004811741319957464,0.007758620400364357,0.8695477191222474,2.4699139944742936
51,indoors,scene_00021,indoors/scene_00021/scan_00188,val/indoors/scene_00021/scan_00188/00021_00188_indoors_100_010.png,0,0,0,0,0,256,256,65536,4644,84112.0,22735.46414570897,21754.83241794862,980.6317277603498,15859.806769634142,14964.917014414867,894.889755219275,0.008724963595844308,0.01605358320777885,0.5093337455269505,-0.31160097605073245
51,indoors,scene_00021,indoors/scene_00021/scan_00188,val/indoors/scene_00021/scan_00188/00021_00188_indoors_100_010.png,1,0,1,256,0,512,256,64252,21863,151704.0,52703.8787009044,57973.53573390588,-5269.6570330014765,24291.041517169033,27054.039272993235,-2762.9977558242035,0.01270486695947029,0.032782163897985744,0.9134521765593759,-0.18571903362042133
51,indoors,scene_00021,indoors/scene_00021/scan_00188,val/indoors/scene_00021/scan_00188/00021_00188_indoors_100_010.png,2,0,2,512,0,768,256,65399,3459,79235.0,17988.85485660939,17781.874321724135,206.9805348852529,11611.133151662929,11504.534882421332,106.59826924159668,0.007830568958613246,0.022855173574771934,0.6843423160386362,2.5002616507541293
51,indoors,scene_00021,indoors/scene_00021/scan_00188,val/indoors/scene_00021/scan_00188/00021_00188_indoors_100_010.png,3,0,3,768,0,1024,256,65522,1301,70726.0,5090.688074035115,5051.213173779945,39.47490025516984,3112.5280729099813,3108.218556803501,4.309516106480649,0.0046972589783593165,0.007452666752159228,0.440645894557978,3.85434317097819
51,indoors,scene_00021,indoors/scene_00021/scan_00188,val/indoors/scene_00021/scan_00188/00021_00188_indoors_100_010.png,4,1,0,0,256,256,512,65323,6655,91943.0,17348.824696800995,17516.245605288295,-167.42090848729976,10880.408291195241,10570.367946597622,310.0403445976196,0.009197579617672508,0.009424375399244084,0.31178157942986556,0.10958538451375908
51,indoors,scene_00021,indoors/scene_00021/scan_00188,val/indoors/scene_00021/scan_00188/00021_00188_indoors_100_010.png,5,1,1,256,256,512,512,65363,10120,105843.0,32204.270981075428,10446509.419342998,-10414305.148361925,15829.487607404364,10109415.364007816,-10093585.87640041,0.009250180096153932,0.023184907793106977,0.726215190149693,0.08710892081261841
51,indoors,scene_00021,indoors/scene_00021/scan_00188,val/indoors/scene_00021/scan_00188/00021_00188_indoors_100_010.png,6,1,2,512,256,768,512,65473,3839,80829.0,13111.965888335591,12749.98324665209,361.9826416835029,7851.759005479712,7715.258862892932,136.5001425867808,0.013523489042688028,0.018238758723363585,0.6189300434771444,2.6793636116061723
51,indoors,scene_00021,indoors/scene_00021/scan_00188,val/indoors/scene_00021/scan_00188/00021_00188_indoors_100_010.png,7,1,3,768,256,1024,512,65503,1264,70559.0,5091.9921917514785,4897.158396604646,194.83379514683165,2952.327148671529,2862.471794666715,89.85535400481395,0.004592939150827608,0.007107791207271584,0.4759652960559481,3.779500663740147
51,indoors,scene_00021,indoors/scene_00021/scan_00188,val/indoors/scene_00021/scan_00188/00021_00188_indoors_100_010.png,8,2,0,0,512,256,768,65536,5628,88048.0,14363.831424368153,14651.2221051007,-287.39068073254697,9435.085266038539,9544.310249730283,-109.224983691743,0.008743129753883371,0.0071448848643203425,0.2164679906781351,0.6844093874972924
51,indoors,scene_00021,indoors/scene_00021/scan_00188,val/indoors/scene_00021/scan_00188/00021_00188_indoors_100_010.png,9,2,1,256,512,512,768,65536,12586,115880.0,19218.397648678874,21632.90407715142,-2414.5064284725436,13627.737273071696,14420.491521889233,-792.7542488175345,0.00584722936736025,0.015814457689563775,1.1094667206360884,-0.8701720479220787
51,indoors,scene_00021,indoors/scene_00021/scan_00188,val/indoors/scene_00021/scan_00188/00021_00188_indoors_100_010.png,10,2,2,512,512,768,768,65515,5825,88815.0,13686.689940231381,12789.913199382536,896.7767408488435,7069.67565852996,6727.855863369776,341.8197951601843,0.00794334691393372,0.015193107680460827,0.41151097300527084,3.4320321387361403
51,indoors,scene_00021,indoors/scene_00021/scan_00188,val/indoors/scene_00021/scan_00188/00021_00188_indoors_100_010.png,11,2,3,768,512,1024,768,65492,1261,70536.0,5251.458286728077,5174.339247335286,77.11903939279108,3064.2726820328653,3019.6145855905447,44.6580964423204,0.004576421850049483,0.006713282838560755,0.5169485519304962,3.7140222714614146
52,indoors,scene_00021,indoors/scene_00021/scan_00188,val/indoors/scene_00021/scan_00188/00021_00188_indoors_110_000.png,0,0,0,0,0,256,256,65484,6612,91932.0,21544.684499509225,22440.477591728362,-895.7930922191366,13225.47485495879,13592.872644059946,-367.3977891011588,0.008009153412823787,0.012062209111825564,0.5639711931820525,0.10494761436734619
52,indoors,scene_00021,indoors/scene_00021/scan_00188,val/indoors/scene_00021/scan_00188/00021_00188_indoors_110_000.png,1,0,1,256,0,512,256,65300,6498,91292.0,14464.51283408452,14359.285851225588,105.22698285892987,9401.635377363156,9324.98697077362,76.64840658953668,0.010141485533963998,0.010282858420998133,0.24438398252419885,-0.06402507476805537
52,indoors,scene_00021,indoors/scene_00021/scan_00188,val/indoors/scene_00021/scan_00188/00021_00188_indoors_110_000.png,2,0,2,512,0,768,256,65224,9848,104616.0,28206.274747756208,25927.9963470501,2278.2784007061086,13837.406627514778,13098.607127347233,738.7995001675449,0.009821197753623384,0.036373398675289506,1.1970339170108197,-0.48869612982118354
52,indoors,scene_00021,indoors/scene_00021/scan_00188,val/indoors/scene_00021/scan_00188/00021_00188_indoors_110_000.png,3,0,3,768,0,1024,256,65475,3672,80163.0,22888.623918360114,21703.658689677777,1184.9652286823389,14597.669573198451,13933.813692641339,663.8558805571126,0.01434553688318098,0.029331652649854902,0.7822712981545172,3.968996084616256
52,indoors,scene_00021,indoors/scene_00021/scan_00188,val/indoors/scene_00021/scan_00188/00021_00188_indoors_110_000.png,4,1,0,0,256,256,512,65524,4588,83876.0,19551.863049868898,20187.37598139476,-635.5129315258594,12836.274801640775,13121.69410301133,-285.4193013705551,0.008366038141094812,0.012377584684763349,0.488311263366813,0.10523499450468833
52,indoors,scene_00021,indoors/scene_00021/scan_00188,val/indoors/scene_00021/scan_00188/00021_00188_indoors_110_000.png,5,1,1,256,256,512,512,65518,4649,84114.0,11330.184489946525,11373.014651572641,-42.83016162611586,8494.436051028972,8511.830609614013,-17.394558585042954,0.00878885862215451,0.005762762065412016,0.21221327537918733,0.3902185649303351
52,indoors,scene_00021,indoors/scene_00021/scan_00188,val/indoors/scene_00021/scan_00188/00021_00188_indoors_110_000.png,6,1,2,512,256,768,512,65536,9163,102188.0,11371.542435319005,10279.187066818617,1092.3553685003874,6463.622531325896,6024.180448340102,439.44208298579366,0.006080403479690211,0.030253074434342508,1.937877395791689,-1.4383590779811875
52,indoors,scene_00021,indoors/scene_00021/scan_00188,val/indoors/scene_00021/scan_00188/00021_00188_indoors_110_000.png,7,1,3,768,256,1024,512,65505,5566,87769.0,31913.062668940795,30256.393083286337,1656.6695856544602,18044.647492377997,17339.77521422969,704.8722781483119,0.007776531761974272,0.025542762978829896,0.6343531475431188,4.139650431428598
52,indoors,scene_00021,indoors/scene_00021/scan_00188,val/indoors/scene_00021/scan_00188/00021_00188_indoors_110_000.png,8,2,0,0,512,256,768,65444,3938,81196.0,18874.36352846903,18171.701351688916,702.6621767801166,11263.515185105432,10985.636942826175,277.87824227925546,0.008920800399148804,0.010874359459919002,0.3717746544332249,0.6758745677238154
52,indoors,scene_00021,indoors/scene_00021/scan_00188,val/indoors/scene_00021/scan_00188/00021_00188_indoors_110_000.png,9,2,1,256,512,512,768,65536,2417,75204.0,9356.306000529774,9382.370141417388,-26.064140887614705,6363.155598958717,6369.440174687365,-6.284575728648436,0.010025877429831218,0.005392052700924067,0.267917040762253,0.5025705486914546
52,indoors,scene_00021,indoors/scene_00021/scan_00188,val/indoors/scene_00021/scan_00188/00021_00188_indoors_110_000.png,10,2,2,512,512,768,768,65226,17030,133346.0,25983.876827023832,24995.736812626576,988.1400143972578,8948.163635292878,8564.994558146449,383.1690771464273,0.010407498447570508,0.03276518268908228,1.0780070498422654,1.0149040191835248
52,indoors,scene_00021,indoors/scene_00021/scan_00188,val/indoors/scene_00021/scan_00188/00021_00188_indoors_110_000.png,11,2,3,768,512,1024,768,65437,4540,83597.0,30567.081336529856,30458.87206455061,108.20927197924334,19242.534663036146,19218.163766203565,24.370896832580783,0.007228977144692778,0.026763189327530735,1.1485400929611282,2.9839380662828536
53,indoors,scene_00021,indoors/scene_00021/scan_00188,val/indoors/scene_00021/scan_00188/00021_00188_indoors_120_010.png,0,0,0,0,0,256,256,65536,0,65536.0,2915.0440720011916,2918.810202751706,-3.7661307505141517,2915.0440720011916,2918.810202751706,-3.7661307505141517,0.005089395611854963,0.0004225157527663586,0.46926754326567227,2.3650787787896883
53,indoors,scene_00021,indoors/scene_00021/scan_00188,val/indoors/scene_00021/scan_00188/00021_00188_indoors_120_010.png,1,0,1,256,0,512,256,65423,5330,86743.0,11200.783503723553,11130.942897100082,69.84060662347026,5715.523544236559,5694.554949456295,20.968594780263814,0.009224174005664216,0.01702315669069294,0.532780516446411,0.9983027390774699
53,indoors,scene_00021,indoors/scene_00021/scan_00188,val/indoors/scene_00021/scan_00188/00021_00188_indoors_120_010.png,2,0,2,512,0,768,256,65487,6012,89535.0,12368.897628341636,12811.471510314666,-442.57388197302987,5500.932557362814,5949.072317217214,-448.13975985439964,0.010504191181718383,0.01943938434969299,0.6304878406194895,-0.09735233666347079
53,indoors,scene_00021,indoors/scene_00021/scan_00188,val/indoors/scene_00021/scan_00188/00021_00188_indoors_120_010.png,3,0,3,768,0,1024,256,64621,20807,147849.0,38001.753676085704,40577.90250493911,-2576.1488288534065,11108.578726429838,12225.931395410555,-1117.3526689807154,0.01110113517152347,0.03196318769086203,1.2200089454540668,-0.2609400349538469
53,indoors,scene_00021,indoors/scene_00021/scan_00188,val/indoors/scene_00021/scan_00188/00021_00188_indoors_120_010.png,4,1,0,0,256,256,512,65536,0,65536.0,3363.9816035128833,3366.9826137340915,-3.0010102212083014,3363.9816035128833,3366.9826137340915,-3.0010102212083014,0.004597139021838072,0.0005742760796074588,0.10556204078025166,3.68326140041091
53,indoors,scene_00021,indoors/scene_00021/scan_00188,val/indoors/scene_00021/scan_00188/00021_00188_indoors_120_010.png,5,1,1,256,256,512,512,65495,6659,92131.0,14240.665973547857,14893.871864003151,-653.2058904552953,6475.500441119182,6786.14109772166,-310.6406566024777,0.007977365304930078,0.011261951054456413,0.36313408314398327,0.7546527240404677
53,indoors,scene_00021,indoors/scene_00021/scan_00188,val/indoors/scene_00021/scan_00188/00021_00188_indoors_120_010.png,6,1,2,512,256,768,512,65311,7109,93747.0,13061.900935897713,13259.25670747931,-197.35577158159526,6761.9317321691915,6855.65249231109,-93.72076014189852,0.010187085553785013,0.011128502856051978,0.36028211206268307,0.012492047533717122
53,indoors,scene_00021,indoors/scene_00021/scan_00188,val/indoors/scene_00021/scan_00188/00021_00188_indoors_120_010.png,7,1,3,768,256,1024,512,65375,8872,100863.0,18377.964980546654,155192719.37569746,-155174341.41071692,7943.46254739068,52733410.80422364,-52725467.34167625,0.008486128012126363,0.02804283219278787,0.9601289437649639,-0.30649634890298044
53,indoors,scene_00021,indoors/scene_00021/scan_00188,val/indoors/scene_00021/scan_00188/00021_00188_indoors_120_010.png,8,2,0,0,512,256,768,65536,1390,71096.0,6933.614095719307,6706.903290469836,226.71080524947007,4756.364376603212,4699.794495201002,56.569881402210356,0.006047078400450151,0.003171404896461013,1.1265157037444011,0.007740880664834693
53,indoors,scene_00021,indoors/scene_00021/scan_00188,val/indoors/scene_00021/scan_00188/00021_00188_indoors_120_010.png,9,2,1,256,512,512,768,65524,4962,85372.0,13472.506555982112,13841.389222055373,-368.88266607326193,7001.630743737718,7181.4817716020725,-179.85102786435485,0.008600034121509597,0.012261631922403171,0.38615038845938826,0.6552219123563245
53,indoors,scene_00021,indoors/scene_00021/scan_00188,val/indoors/scene_00021/scan_00188/00021_00188_indoors_120_010.png,10,2,2,512,512,768,768,65536,5296,86720.0,13330.713391019286,13441.466946701776,-110.75355568248939,8489.954132531773,8570.508559815169,-80.55442728339612,0.008335792098026313,0.007953616596865363,0.2590825577102992,0.8172549506793083
53,indoors,scene_00021,indoors/scene_00021/scan_00188,val/indoors/scene_00021/scan_00188/00021_00188_indoors_120_010.png,11,2,3,768,512,1024,768,65536,12054,113752.0,15507.05647231001,18410.782104824648,-2903.7256325146363,8537.229182118266,9476.17678210235,-938.9475999840847,0.006207882063200965,0.020910268863405676,2.5225644222766124,0.8086895272282268
54,indoors,scene_00021,indoors/scene_00021/scan_00188,val/indoors/scene_00021/scan_00188/00021_00188_indoors_120_030.png,0,0,0,0,0,256,256,65536,0,65536.0,5335.5801705326385,5342.357525909652,-6.777355377013647,5335.5801705326385,5342.357525909652,-6.777355377013647,0.00644615164275487,0.0017192864607250193,0.6729857552845092,0.22209789195795804
54,indoors,scene_00021,indoors/scene_00021/scan_00188,val/indoors/scene_00021/scan_00188/00021_00188_indoors_120_030.png,1,0,1,256,0,512,256,65536,0,65536.0,5922.1956960438565,5920.31275202938,1.8829440144757679,5922.1956960438565,5920.31275202938,1.8829440144757679,0.006372065644247828,0.0019031559256961744,0.6393832563911696,0.2558394471229357
54,indoors,scene_00021,indoors/scene_00021/scan_00188,val/indoors/scene_00021/scan_00188/00021_00188_indoors_120_030.png,2,0,2,512,0,768,256,65536,0,65536.0,5883.121974160038,5887.263983634415,-4.142009474377247,5883.121974160038,5887.263983634415,-4.142009474377247,0.006415044628642799,0.0018507475590783776,0.6777741753117602,0.10273646409502091
54,indoors,scene_00021,indoors/scene_00021/scan_00188,val/indoors/scene_00021/scan_00188/00021_00188_indoors_120_030.png,3,0,3,768,0,1024,256,65536,0,65536.0,4724.00000172768,4632.617263087194,91.38273864048529,4724.00000172768,4632.617263087194,91.38273864048529,0.006658893632148423,0.007075404675928934,0.12385941974459583,2.07539709620241
54,indoors,scene_00021,indoors/scene_00021/scan_00188,val/indoors/scene_00021/scan_00188/00021_00188_indoors_120_030.png,4,1,0,0,256,256,512,65536,0,65536.0,1422.6309823013796,1422.0275751351608,0.603407166218866,1422.6309823013796,1422.0275751351608,0.603407166218866,0.005287895066707719,0.002439800174266236,1.4063240525423846,-1.3409947162617524
54,indoors,scene_00021,indoors/scene_00021/scan_00188,val/indoors/scene_00021/scan_00188/00021_00188_indoors_120_030.png,5,1,1,256,256,512,512,65536,985,69476.0,1678.6646330108388,1676.6523529629226,2.0122800479162795,1503.83521713184,1501.5014562489364,2.3337608829034755,0.006474621171931547,0.0026826832114614546,0.47327566300135016,0.8823962929873689
54,indoors,scene_00021,indoors/scene_00021/scan_00188,val/indoors/scene_00021/scan_00188/00021_00188_indoors_120_030.png,6,1,2,512,256,768,512,65536,935,69276.0,1619.142302537135,1609.5234448852898,9.618857651845598,1486.3444237570423,1476.1932235931804,10.151200163861752,0.006067327842445267,0.0026563285670053944,0.6672599237950468,0.25137260851264087
54,indoors,scene_00021,indoors/scene_00021/scan_00188,val/indoors/scene_00021/scan_00188/00021_00188_indoors_120_030.png,7,1,3,768,256,1024,512,63012,16074,127308.0,45663.13693927122,45781.20570275215,-118.0687634809286,9961.950422723734,9986.732423083593,-24.782000359859328,0.006992959100772746,0.01684931024454587,0.7002494465161462,1.4394286412120276
54,indoors,scene_00021,indoors/scene_00021/scan_00188,val/indoors/scene_00021/scan_00188/00021_00188_indoors_120_030.png,8,2,0,0,512,256,768,65536,0,65536.0,5721.962549905467,5712.108968647217,9.853581258250426,5721.962549905467,5712.108968647217,9.853581258250426,0.0050380695568446624,0.002840885784795213,1.0063923493089624,0.10719333209791815
54,indoors,scene_00021,indoors/scene_00021/scan_00188,val/indoors/scene_00021/scan_00188/00021_00188_indoors_120_030.png,9,2,1,256,512,512,768,65397,20263,146449.0,28004.97206058028,29346.984594686975,-1342.0125341067003,10681.11102552859,10826.111682043444,-145.00065651485457,0.009124781036018876,0.01983739533703248,0.7444766411014652,0.013237742354057095
54,indoors,scene_00021,indoors/scene_00021/scan_00188,val/indoors/scene_00021/scan_00188/00021_00188_indoors_120_030.png,10,2,2,512,512,768,768,65484,9736,104428.0,35254.62821120726,35382.61070924792,-127.98249804066585,20109.31173136471,20348.908102749254,-239.59637138454747,0.010620525600641927,0.017315608754286033,0.5261320020716405,-0.36718027733156466
54,indoors,scene_00021,indoors/scene_00021/scan_00188,val/indoors/scene_00021/scan_00188/00021_00188_indoors_120_030.png,11,2,3,768,512,1024,768,64922,30314,186178.0,53552.234056532114,52961.86341820222,590.3706383298924,21703.220815717737,21562.09720108102,141.1236146367219,0.011732539694882561,0.02938109560141349,1.0215995110588227,0.03625178705863908
55,indoors,scene_00021,indoors/scene_00021/scan_00188,val/indoors/scene_00021/scan_00188/00021_00188_indoors_130_020.png,0,0,0,0,0,256,256,65536,0,65536.0,745.544767602103,776.3915350866957,-30.846767484592647,745.544767602103,776.3915350866957,-30.846767484592647,0.006046164474144662,0.001314102218210868,1.3506570474083324,0.18946992473534863
55,indoors,scene_00021,indoors/scene_00021/scan_00188,val/indoors/scene_00021/scan_00188/00021_00188_indoors_130_020.png,1,0,1,256,0,512,256,65536,0,65536.0,1148.4948756974882,1148.5171313824385,-0.022255684950170274,1148.4948756974882,1148.5171313824385,-0.022255684950170274,0.005515998022286351,0.0011602610868102735,0.19932685060587088,3.2588139268811385
55,indoors,scene_00021,indoors/scene_00021/scan_00188,val/indoors/scene_00021/scan_00188/00021_00188_indoors_130_020.png,2,0,2,512,0,768,256,65536,0,65536.0,1137.444755840271,1139.4908149440357,-2.0460591037646783,1137.444755840271,1139.4908149440357,-2.0460591037646783,0.006265591690735058,0.0013591086806041216,0.22138343721998605,3.2587710379996495
55,indoors,scene_00021,indoors/scene_00021/scan_00188,val/indoors/scene_00021/scan_00188/00021_00188_indoors_130_020.png,3,0,3,768,0,1024,256,65536,0,65536.0,966.298854608084,990.8139399891948,-24.515085381110843,966.298854608084,990.8139399891948,-24.515085381110843,0.005819023205778068,0.001398180552052417,0.8924685238392622,0.7299603245561117
55,indoors,scene_00021,indoors/scene_00021/scan_00188,val/indoors/scene_00021/scan_00188/00021_00188_indoors_130_020.png,4,1,0,0,256,256,512,65536,0,65536.0,694.3962889372876,697.5595542666142,-3.163265329326565,694.3962889372876,697.5595542666142,-3.163265329326565,0.005654202884461696,0.0012094193243452926,1.114054024403368,0.3434985714406411
55,indoors,scene_00021,indoors/scene_00021/scan_00188,val/indoors/scene_00021/scan_00188/00021_00188_indoors_130_020.png,5,1,1,256,256,512,512,65536,0,65536.0,538.1804509604196,535.5842445455257,2.5962064148939445,538.1804509604196,535.5842445455257,2.5962064148939445,0.005507508215426825,0.0014516384028610864,0.44553469322134326,2.7649673230268546
55,indoors,scene_00021,indoors/scene_00021/scan_00188,val/indoors/scene_00021/scan_00188/00021_00188_indoors_130_020.png,6,1,2,512,256,768,512,65404,19823,144696.0,10930.662159655883,13479.398909145508,-2548.7367494896253,3418.818831364264,4091.350586067344,-672.5317547030802,0.008907586019343296,0.025512207977684626,0.7641619979854062,0.3138026340162401
55,indoors,scene_00021,indoors/scene_00021/scan_00188,val/indoors/scene_00021/scan_00188/00021_00188_indoors_130_020.png,7,1,3,768,256,1024,512,65473,12300,114673.0,21140.23150919786,21214.746010213734,-74.51450101588028,8768.071638495307,8733.2642058362,34.80743265910684,0.011324734143174756,0.026571076938348454,0.9938184550481169,-1.199773351908538
55,indoors,scene_00021,indoors/scene_00021/scan_00188,val/indoors/scene_00021/scan_00188/00021_00188_indoors_130_020.png,8,2,0,0,512,256,768,65529,2269,74605.0,3969.3072217148083,4116.683488547161,-147.37626683235274,1962.6548790217794,2066.8273000482573,-104.17242102647774,0.006912491770899755,0.006932439043473392,0.16201738520039627,4.160331949984529
55,indoors,scene_00021,indoors/scene_00021/scan_00188,val/indoors/scene_00021/scan_00188/00021_00188_indoors_130_020.png,9,2,1,256,512,512,768,65536,0,65536.0,1898.4937005264046,1901.109028414107,-2.6153278877022164,1898.4937005264046,1901.109028414107,-2.6153278877022164,0.005147134713602967,0.0014594555547580747,1.0906010473205445,0.11497297427838848
55,indoors,scene_00021,indoors/scene_00021/scan_00188,val/indoors/scene_00021/scan_00188/00021_00188_indoors_130_020.png,10,2,2,512,512,768,768,65493,22584,155829.0,10206.902977934953,15719.187493086669,-5512.284515151718,3171.4595349096458,4361.992704250537,-1190.5331693408916,0.007242397502487421,0.016511895561093278,0.6003237304065916,0.024235467790352388
55,indoors,scene_00021,indoors/scene_00021/scan_00188,val/indoors/scene_00021/scan_00188/00021_00188_indoors_130_020.png,11,2,3,768,512,1024,768,65299,21619,151775.0,20122.063977127276,19999.11585650085,122.94812062642376,7322.4947035354235,7084.69694190805,237.79776162737434,0.010267335710504755,0.016571849165287585,0.5359503266547646,-0.25617133923727553
56,indoors,scene_00021,indoors/scene_00021/scan_00188,val/indoors/scene_00021/scan_00188/00021_00188_indoors_150_000.png,0,0,0,0,0,256,256,65536,3787,80684.0,474.51564391653557,475.84179526453124,-1.3261513479955862,368.0363596258343,368.935413474333,-0.8990538484987953,0.005222547809783687,0.002635076032570559,0.14093520704294238,0.5215620400027718
56,indoors,scene_00021,indoors/scene_00021/scan_00188,val/indoors/scene_00021/scan_00188/00021_00188_indoors_150_000.png,1,0,1,256,0,512,256,65536,355,66956.0,916.7824913685882,917.5169952634026,-0.7345038948142175,903.2227728472509,903.924050386014,-0.7012775387629069,0.005023501005397756,0.0025863184091643307,0.21148919751757395,1.094196143988608
56,indoors,scene_00021,indoors/scene_00021/scan_00188,val/indoors/scene_00021/scan_00188/00021_00188_indoors_150_000.png,2,0,2,512,0,768,256,65534,1572,71822.0,3051.364456412989,3074.196910740459,-22.832454327469886,1991.866162183911,1990.5655545025493,1.3006076813619998,0.006065300412094797,0.005576810569975201,0.45781466250972525,1.8821582335405778
56,indoors,scene_00021,indoors/scene_00021/scan_00188,val/indoors/scene_00021/scan_00188/00021_00188_indoors_150_000.png,3,0,3,768,0,1024,256,65536,1281,70660.0,2279.247237770056,2261.3563799971143,17.890857772942425,2104.383821436096,2106.1426570416206,-1.7588356055247703,0.005086267955646565,0.003639633365827908,0.3142510181738283,2.064496418308175
56,indoors,scene_00021,indoors/scene_00021/scan_00188,val/indoors/scene_00021/scan_00188/00021_00188_indoors_150_000.png,4,1,0,0,256,256,512,65536,9856,104960.0,2650.9152936777673,2652.1967239944047,-1.2814303166379046,1526.323211427175,1526.5626461340157,-0.23943470684088852,0.004841945360371927,0.0024859269942268847,0.443283263243674,0.2887962987499893
56,indoors,scene_00021,indoors/scene_00021/scan_00188,val/indoors/scene_00021/scan_00188/00021_00188_indoors_150_000.png,5,1,1,256,256,512,512,65536,6209,90372.0,2108.9465925342092,2058.3537504483093,50.59284208589991,980.9908037664088,962.7698485979681,18.220955168440618,0.008724711897444316,0.012938062020942151,0.6546149800192255,0.5140967949329158
56,indoors,scene_00021,indoors/scene_00021/scan_00188,val/indoors/scene_00021/scan_00188/00021_00188_indoors_150_000.png,6,1,2,512,256,768,512,65535,9977,105443.0,5550.919030913252,5734.981572451707,-184.06254153845475,1749.7782757563812,1789.869739511,-40.09146375461873,0.02071312277843799,0.02315758361551656,0.6019903006701735,1.4079702563580243
56,indoors,scene_00021,indoors/scene_00021/scan_00188,val/indoors/scene_00021/scan_00188/00021_00188_indoors_150_000.png,7,1,3,768,256,1024,512,65536,3122,78024.0,1686.0127647653403,1656.587649424438,29.42511534090244,1319.4155849993117,1317.0752254984732,2.3403595008386975,0.005857429574033537,0.003558151464125578,0.20309202318949077,2.200299217417586
56,indoors,scene_00021,indoors/scene_00021/scan_00188,val/indoors/scene_00021/scan_00188/00021_00188_indoors_150_000.png,8,2,0,0,512,256,768,65459,24404,163075.0,13660.178757459877,14217.405136300484,-557.2263788406057,4345.543911939079,4518.737220213599,-173.19330827452015,0.005711861426834467,0.014167942497068702,0.41792616420673645,0.3509967576444154
56,indoors,scene_00021,indoors/scene_00021/scan_00188,val/indoors/scene_00021/scan_00188/00021_00188_indoors_150_000.png,9,2,1,256,512,512,768,65525,7831,96849.0,4145.7621856364985,4263.734376704281,-117.97219106778188,2341.099124060922,2360.328001238451,-19.228877177529075,0.00604758763701699,0.01575781242563885,0.8228082547658208,0.12827962488340347
56,indoors,scene_00021,indoors/scene_00021/scan_00188,val/indoors/scene_00021/scan_00188/00021_00188_indoors_150_000.png,10,2,2,512,512,768,768,65522,4828,84834.0,3261.3052197470315,3224.208465276204,37.0967544708277,1408.2248844430987,1491.722961332217,-83.49807688911835,0.011222135296659946,0.017852648442434227,0.9709115864247121,0.06780818740719484
56,indoors,scene_00021,indoors/scene_00021/scan_00188,val/indoors/scene_00021/scan_00188/00021_00188_indoors_150_000.png,11,2,3,768,512,1024,768,65451,5403,87063.0,5098.298850478042,5075.241891267055,23.056959210987113,1334.3624857737493,1323.9935370278595,10.368948745889718,0.005943494649800053,0.0036180903498996084,0.809097142323681,-0.4908119864126936
57,indoors,scene_00021,indoors/scene_00021/scan_00188,val/indoors/scene_00021/scan_00188/00021_00188_indoors_210_030.png,0,0,0,0,0,256,256,65531,15161,126175.0,6842.8956669583995,6096.008234212381,746.8874327460196,2251.9066053666656,2045.7688959464626,206.13770942020295,0.010686481342262674,0.025071978604690563,1.2195429208776634,0.25426427347145636
57,indoors,scene_00021,indoors/scene_00021/scan_00188,val/indoors/scene_00021/scan_00188/00021_00188_indoors_210_030.png,1,0,1,256,0,512,256,65536,14818,124808.0,10735.79933182052,11580.021019296477,-844.2216874759549,3299.908826818064,3714.4039779458817,-414.4951511278175,0.009491875528421883,0.02457092783453445,0.4657688970191617,1.1959126271630018
57,indoors,scene_00021,indoors/scene_00021/scan_00188,val/indoors/scene_00021/scan_00188/00021_00188_indoors_210_030.png,2,0,2,512,0,768,256,65536,15061,125780.0,10692.7109192592,11495.9060261379,-803.1951068786983,3491.04556990271,3874.405821914214,-383.36025201150335,0.009528193182291443,0.024851085842394448,0.21427232662257553,2.901707061228585
57,indoors,scene_00021,indoors/scene_00021/scan_00188,val/indoors/scene_00021/scan_00188/00021_00188_indoors_210_030.png,3,0,3,768,0,1024,256,65530,18462,139378.0,9315.351467332188,9298.547844529636,16.803622802553555,3123.857461588892,3134.8271573871048,-10.969695798212609,0.012335623853784554,0.025577481555811056,0.6019052887447229,2.0258945428279587
57,indoors,scene_00021,indoors/scene_00021/scan_00188,val/indoors/scene_00021/scan_00188/00021_00188_indoors_210_030.png,4,1,0,0,256,256,512,65536,4572,83824.0,2559.2369069004303,2642.6547988645843,-83.41789196415381,1226.6661625252673,1257.105093895544,-30.438931370276677,0.005860184560337901,0.0093540641916614,0.8212452376491173,-0.19964417296698345
57,indoors,scene_00021,indoors/scene_00021/scan_00188,val/indoors/scene_00021/scan_00188/00021_00188_indoors_210_030.png,5,1,1,256,256,512,512,65535,3951,81339.0,4538.318160654204,4713.16880538394,-174.85064472973608,1807.824048986367,1918.8461548345979,-111.022105848231,0.006405322861630184,0.012581928694965463,1.6284714766090023,-2.825614275527674
57,indoors,scene_00021,indoors/scene_00021/scan_00188,val/indoors/scene_00021/scan_00188/00021_00188_indoors_210_030.png,6,1,2,512,256,768,512,65536,3426,79240.0,4386.43648840346,4567.72561470537,-181.2891263019102,2037.2185551471844,2151.6411141935237,-114.42255904633923,0.0058647544803983095,0.011505665979701873,3.8452933559595124,-9.497831890172916
57,indoors,scene_00021,indoors/scene_00021/scan_00188,val/indoors/scene_00021/scan_00188/00021_00188_indoors_210_030.png,7,1,3,768,256,1024,512,65536,3119,78012.0,3163.5784077999497,3199.7452390365906,-36.16683123664048,2087.727307021065,2107.59325288303,-19.865945861965177,0.005944939289033912,0.007789198436859484,0.8181552995253013,-0.3685538469863056
57,indoors,scene_00021,indoors/scene_00021/scan_00188,val/indoors/scene_00021/scan_00188/00021_00188_indoors_210_030.png,8,2,0,0,512,256,768,65536,0,65536.0,2133.116593493889,2133.7745298137606,-0.657936319871363,2133.116593493889,2133.7745298137606,-0.657936319871363,0.003847964355641684,0.0010012600438241968,0.2195912432124074,0.10658157265708218
57,indoors,scene_00021,indoors/scene_00021/scan_00188,val/indoors/scene_00021/scan_00188/00021_00188_indoors_210_030.png,9,2,1,256,512,512,768,65536,0,65536.0,2027.3002345659006,2029.373749257877,-2.073514691976741,2027.3002345659006,2029.373749257877,-2.073514691976741,0.004728475925897255,0.0008561074953078284,0.2804820907271394,0.03841466718023295
57,indoors,scene_00021,indoors/scene_00021/scan_00188,val/indoors/scene_00021/scan_00188/00021_00188_indoors_210_030.png,10,2,2,512,512,768,768,65536,0,65536.0,1739.044436188905,1745.0312764060495,-5.986840217145025,1739.044436188905,1745.0312764060495,-5.986840217145025,0.004046230609126742,0.0008193792252631858,0.30849884626098173,0.09220258096764511
57,indoors,scene_00021,indoors/scene_00021/scan_00188,val/indoors/scene_00021/scan_00188/00021_00188_indoors_210_030.png,11,2,3,768,512,1024,768,65536,73,65828.0,1324.8201811680367,1324.447596376893,0.3725847911438458,1290.358246684812,1289.9845792639894,0.373667420822584,0.004284433897956742,0.0009742336317411051,0.25752644457737706,0.04297961412094048
58,indoors,scene_00021,indoors/scene_00021/scan_00188,val/indoors/scene_00021/scan_00188/00021_00188_indoors_230_020.png,0,0,0,0,0,256,256,65536,17897,137124.0,6206.400972649989,6238.533111272099,-32.13213862211067,2929.9767590275524,2940.743490074433,-10.766731046880524,0.008334010272167314,0.006585842994738955,0.4347698178171995,0.12759480406679458
58,indoors,scene_00021,indoors/scene_00021/scan_00188,val/indoors/scene_00021/scan_00188/00021_00188_indoors_230_020.png,1,0,1,256,0,512,256,65536,21233,150468.0,2683.2112482442462,2706.8508913763253,-23.63964313207887,1134.029663813031,1138.909893507621,-4.880229694589944,0.006717526902112081,0.0048910035086781834,0.25948035230948546,0.43025270601170057
58,indoors,scene_00021,indoors/scene_00021/scan_00188,val/indoors/scene_00021/scan_00188/00021_00188_indoors_230_020.png,2,0,2,512,0,768,256,65535,8224,98431.0,13959.428428457803,14379.304933897582,-419.8765054397812,3988.5763512908666,4104.174655950686,-115.59830465981925,0.006894419457213712,0.008696756512425753,0.6097906186724575,0.4167490320269906
58,indoors,scene_00021,indoors/scene_00021/scan_00188,val/indoors/scene_00021/scan_00188/00021_00188_indoors_230_020.png,3,0,3,768,0,1024,256,65536,2541,75700.0,4354.85468331504,4367.476969131864,-12.622285816823965,1298.8734773417102,1311.6260518264226,-12.752574484712296,0.005644236841106176,0.003414643315691868,0.7332107278908168,0.2183384033856739
58,indoors,scene_00021,indoors/scene_00021/scan_00188,val/indoors/scene_00021/scan_00188/00021_00188_indoors_230_020.png,4,1,0,0,256,256,512,65536,7034,93672.0,4249.625944766614,4261.671288832496,-12.045344065880906,2525.847911448725,2531.2222897099564,-5.374378261231114,0.008125444795581237,0.006249958939699384,0.6466142391697703,-0.20707139546601644
58,indoors,scene_00021,indoors/scene_00021/scan_00188,val/indoors/scene_00021/scan_00188/00021_00188_indoors_230_020.png,5,1,1,256,256,512,512,65536,0,65536.0,902.4369249569783,902.1444289528854,0.2924960040929029,902.4369249569783,902.1444289528854,0.2924960040929029,0.005474962883914819,0.002359082245270176,0.2273576318198253,0.42719541648026155
58,indoors,scene_00021,indoors/scene_00021/scan_00188,val/indoors/scene_00021/scan_00188/00021_00188_indoors_230_020.png,6,1,2,512,256,768,512,65536,0,65536.0,216.55659620353265,217.05373815708754,-0.49714195355489094,216.55659620353265,217.05373815708754,-0.49714195355489094,0.003870176785817768,0.002635690623302869,0.388042382119116,0.3023718563495893
58,indoors,scene_00021,indoors/scene_00021/scan_00188,val/indoors/scene_00021/scan_00188/00021_00188_indoors_230_020.png,7,1,3,768,256,1024,512,65536,0,65536.0,252.28045100387175,251.72094344138964,0.5595075624821212,252.28045100387175,251.72094344138964,0.5595075624821212,0.00488503237523879,0.0028033790882715844,0.10392392538992676,1.8270504794829912
58,indoors,scene_00021,indoors/scene_00021/scan_00188,val/indoors/scene_00021/scan_00188/00021_00188_indoors_230_020.png,8,2,0,0,512,256,768,65417,10600,107817.0,10572.737083706501,10552.715704291331,20.021379415171445,3297.0011449155695,3297.022430784183,-0.02128586861380022,0.011099016000431634,0.00835863933188245,0.432362350871719,1.002668465050769
58,indoors,scene_00021,indoors/scene_00021/scan_00188,val/indoors/scene_00021/scan_00188/00021_00188_indoors_230_020.png,9,2,1,256,512,512,768,65341,3231,78265.0,9779.219603193855,9949.119048889486,-169.89944569563107,2819.052450864162,2835.5504787633517,-16.498027899190802,0.009005629915627523,0.009631565977382829,0.86937233226643,0.1238774332943172
58,indoors,scene_00021,indoors/scene_00021/scan_00188,val/indoors/scene_00021/scan_00188/00021_00188_indoors_230_020.png,10,2,2,512,512,768,768,65452,4791,84616.0,10665.459305102999,10566.648623375864,98.81068172713495,3087.9922699713575,3047.7396345172438,40.25263545411327,0.008865314480827722,0.011432927215792652,0.5869477760162461,1.4949397913120883
58,indoors,scene_00021,indoors/scene_00021/scan_00188,val/indoors/scene_00021/scan_00188/00021_00188_indoors_230_020.png,11,2,3,768,512,1024,768,65489,3048,77681.0,6492.048656554501,6132.182444680086,359.8662118744155,1766.7876804391337,1678.9037337985465,87.88394664058771,0.006101984362307246,0.009091404578935685,0.6514681255152991,1.5329722541765214
59,indoors,scene_00021,indoors/scene_00021/scan_00188,val/indoors/scene_00021/scan_00188/00021_00188_indoors_240_040.png,0,0,0,0,0,256,256,65536,1887,73084.0,410.0243808992906,418.96554475268226,-8.941163853391643,384.3709106047711,391.737704003153,-7.366793398381864,0.008536630896786338,0.00886290474188452,0.7299283466543571,2.5383631548102015
59,indoors,scene_00021,indoors/scene_00021/scan_00188,val/indoors/scene_00021/scan_00188/00021_00188_indoors_240_040.png,1,0,1,256,0,512,256,65536,1341,70900.0,165.47940626929466,166.61212729911605,-1.132721029821385,152.4864477494371,153.52205734766088,-1.0356095982237528,0.01177178902726538,0.008747376392112342,0.788491045232892,1.636007964606702
59,indoors,scene_00021,indoors/scene_00021/scan_00188,val/indoors/scene_00021/scan_00188/00021_00188_indoors_240_040.png,2,0,2,512,0,768,256,65536,1396,71120.0,210.08177383847146,206.8848972485032,3.1968765899682623,180.76715320030107,178.73482381351226,2.0323293867887986,0.0104724431694287,0.008777496097676757,0.6487449214336258,2.0680093174153544
59,indoors,scene_00021,indoors/scene_00021/scan_00188,val/indoors/scene_00021/scan_00188/00021_00188_indoors_240_040.png,3,0,3,768,0,1024,256,65536,1626,72040.0,620.3513786379922,612.1223811406425,8.228997497349667,556.3042774366827,550.2000778111517,6.104199625531105,0.01140490152781657,0.008620154526126318,0.7022121461179007,2.409468440993527
59,indoors,scene_00021,indoors/scene_00021/scan_00188,val/indoors/scene_00021/scan_00188/00021_00188_indoors_240_040.png,4,1,0,0,256,256,512,65536,6850,92936.0,2217.52086365563,2322.5093839613455,-104.98852030571555,1039.606107805041,1071.4833280807738,-31.87722027573273,0.008751064282327968,0.008636267509252744,0.7956261329327589,0.5514122171873824
59,indoors,scene_00021,indoors/scene_00021/scan_00188,val/indoors/scene_00021/scan_00188/00021_00188_indoors_240_040.png,5,1,1,256,256,512,512,65536,13468,119408.0,1639.8776135436553,1647.611592750154,-7.73397920649872,688.5401651469988,689.1191743887161,-0.5790092417173045,0.008880945544214657,0.008888057114339671,0.6278410028697844,0.1403817245141614
59,indoors,scene_00021,indoors/scene_00021/scan_00188,val/indoors/scene_00021/scan_00188/00021_00188_indoors_240_040.png,6,1,2,512,256,768,512,65536,15588,127888.0,1869.5658513094022,2033.4112863324622,-163.84543502306,909.4810649037506,956.8347885750153,-47.35372367126462,0.00930498271989649,0.012020047735748298,0.7866320057320197,0.13152553000630182
59,indoors,scene_00021,indoors/scene_00021/scan_00188,val/indoors/scene_00021/scan_00188/00021_00188_indoors_240_040.png,7,1,3,768,256,1024,512,65531,12025,113631.0,13234.258339542701,13866.931363025345,-632.6730234826426,3944.897024816591,4164.1217285729945,-219.2247037564027,0.012577997082174866,0.024664943036652336,0.9216737590009072,0.1601181253074052
59,indoors,scene_00021,indoors/scene_00021/scan_00188,val/indoors/scene_00021/scan_00188/00021_00188_indoors_240_040.png,8,2,0,0,512,256,768,65536,1643,72108.0,1518.4372119048985,1512.2241067142131,6.213105190685543,662.5847362450618,657.3428177085727,5.241918536489003,0.014913274691970662,0.007763978233669534,0.588603327519906,1.1023661563488971
59,indoors,scene_00021,indoors/scene_00021/scan_00188,val/indoors/scene_00021/scan_00188/00021_00188_indoors_240_040.png,9,2,1,256,512,512,768,65536,14073,121828.0,2534.753528478527,2504.5725618982933,30.18096658023368,901.929341277837,888.1818549678892,13.747486309947913,0.007959569380418112,0.006363149738624419,0.3519863549068062,0.39172108137496814
59,indoors,scene_00021,indoors/scene_00021/scan_00188,val/indoors/scene_00021/scan_00188/00021_00188_indoors_240_040.png,10,2,2,512,512,768,768,65536,8609,99972.0,626.2727110867916,610.8554295314589,15.417281555332828,431.36152266908243,425.5534644542987,5.808058214783761,0.006508030490261595,0.004103827946096529,0.2921522322034224,0.46370359640740666
59,indoors,scene_00021,indoors/scene_00021/scan_00188,val/indoors/scene_00021/scan_00188/00021_00188_indoors_240_040.png,11,2,3,768,512,1024,768,65536,138,66088.0,912.3200767263767,920.3433235163011,-8.023246789924453,897.6701047116629,905.8740279561937,-8.203923244530802,0.004387680943545568,0.0035348633554681654,0.5636385844885069,0.42226779491895317
60,indoors,scene_00021,indoors/scene_00021/scan_00189,val/indoors/scene_00021/scan_00189/00021_00189_indoors_000_040.png,0,0,0,0,0,256,256,65536,7282,94664.0,5486.41638382575,5381.685560143279,104.73082368247128,2130.414112584157,2080.7769284113538,49.63718417280376,0.020583763618773267,0.005743944076945445,0.22046712975343224,1.6757992804478241
60,indoors,scene_00021,indoors/scene_00021/scan_00189,val/indoors/scene_00021/scan_00189/00021_00189_indoors_000_040.png,1,0,1,256,0,512,256,65536,1777,72644.0,1842.6089873324363,1843.6147227096394,-1.0057353772029884,1731.5062337968484,1729.1876220671197,2.318611729728965,0.011931759848881144,0.006436437360207883,0.49029294478992697,0.7561078097368136
60,indoors,scene_00021,indoors/scene_00021/scan_00189,val/indoors/scene_00021/scan_00189/00021_00189_indoors_000_040.png,2,0,2,512,0,768,256,65536,7033,93668.0,1774.1292872289803,1775.2136004256772,-1.084313196697197,1439.4189218115098,1440.9156191925524,-1.496697381042484,0.007514075240841036,0.006861811861365463,0.44621416042753514,1.2267720355168334
60,indoors,scene_00021,indoors/scene_00021/scan_00189,val/indoors/scene_00021/scan_00189/00021_00189_indoors_000_040.png,3,0,3,768,0,1024,256,65536,141,66100.0,946.3581353077591,940.114057923508,6.244077384251124,942.6373803436938,936.3118274531033,6.325552890590551,0.004790054398046524,0.008794244681867612,1.3299430642660033,0.6069328435950687
60,indoors,scene_00021,indoors/scene_00021/scan_00189,val/indoors/scene_00021/scan_00189/00021_00189_indoors_000_040.png,4,1,0,0,256,256,512,65536,0,65536.0,1046.359806026881,1044.563128400998,1.7966776258827146,1046.359806026881,1044.563128400998,1.7966776258827146,0.004564490079218277,0.0038560552040574477,0.2452030906918522,1.3318341960639675
60,indoors,scene_00021,indoors/scene_00021/scan_00189,val/indoors/scene_00021/scan_00189/00021_00189_indoors_000_040.png,5,1,1,256,256,512,512,65536,612,67984.0,2640.4476808198215,2635.0601872449265,5.387493574894876,2032.616035824124,2034.7033048298772,-2.0872690057529097,0.005962606051892992,0.0037029510453795173,0.35970168246326023,1.1812145203289592
60,indoors,scene_00021,indoors/scene_00021/scan_00189,val/indoors/scene_00021/scan_00189/00021_00189_indoors_000_040.png,6,1,2,512,256,768,512,65524,17780,136644.0,4756.6041935838875,4891.722786028498,-135.11859244460945,2138.354314055403,2157.5719425131447,-19.217628457742165,0.005257746217580118,0.008423242743793437,0.7331851787176826,0.9700021360117282
60,indoors,scene_00021,indoors/scene_00021/scan_00189,val/indoors/scene_00021/scan_00189/00021_00189_indoors_000_040.png,7,1,3,768,256,1024,512,65536,214,66392.0,532.7889376681323,516.9770765483631,15.811861119769373,478.0911606508718,462.94565639047255,15.145504260399278,0.00422515479907379,0.009000486363378888,1.5766059811807427,-0.9325611048549047
60,indoors,scene_00021,indoors/scene_00021/scan_00189,val/indoors/scene_00021/scan_00189/00021_00189_indoors_000_040.png,8,2,0,0,512,256,768,65536,0,65536.0,3676.569923144854,3671.7938127274456,4.776110417407853,3676.569923144854,3671.7938127274456,4.776110417407853,0.004591437815451213,0.004562709358585498,0.8321316323491713,0.570938197999783
60,indoors,scene_00021,indoors/scene_00021/scan_00189,val/indoors/scene_00021/scan_00189/00021_00189_indoors_000_040.png,9,2,1,256,512,512,768,65536,1642,72104.0,10880.875460623309,10756.193474909656,124.68198571365305,6548.441719193515,6478.277746363545,70.16397282997013,0.006873450274629952,0.005372728230627715,0.2578018894275621,2.0998478204474815
60,indoors,scene_00021,indoors/scene_00021/scan_00189,val/indoors/scene_00021/scan_00189/00021_00189_indoors_000_040.png,10,2,2,512,512,768,768,65498,13365,118958.0,24586.987486670536,24645.064577624515,-58.07709095397965,11801.448730224593,11772.56628063821,28.88244958638333,0.009434832142880012,0.011228969575927117,0.45636522033377397,2.124931436912013
60,indoors,scene_00021,indoors/scene_00021/scan_00189,val/indoors/scene_00021/scan_00189/00021_00189_indoors_000_040.png,11,2,3,768,512,1024,768,65398,28780,180518.0,46758.75808111299,49579.83519349858,-2821.0771123855834,11518.476638964155,12093.87876943392,-575.402130469764,0.01534729735384534,0.02580956047169168,1.3660351256057464,-1.1991661599357204
61,indoors,scene_00021,indoors/scene_00021/scan_00189,val/indoors/scene_00021/scan_00189/00021_00189_indoors_010_030.png,0,0,0,0,0,256,256,65536,0,65536.0,786.4026859536648,780.0988267889733,6.303859164691583,786.4026859536648,780.0988267889733,6.303859164691583,0.005060941001184483,0.0028742663403120297,0.17968593857606474,2.540090440617409
61,indoors,scene_00021,indoors/scene_00021/scan_00189,val/indoors/scene_00021/scan_00189/00021_00189_indoors_010_030.png,1,0,1,256,0,512,256,65536,4,65552.0,476.7397715817436,490.6375863746066,-13.897814792863088,476.3658336907791,490.2636483820478,-13.897814691268819,0.004891575602438323,0.002883624065896916,0.7407396653620799,0.32786293749590767
61,indoors,scene_00021,indoors/scene_00021/scan_00189,val/indoors/scene_00021/scan_00189/00021_00189_indoors_010_030.png,2,0,2,512,0,768,256,65526,9783,104658.0,4491.654791213039,4494.949049257131,-3.29425804409202,2108.1136006794113,2105.5424104290814,2.571190250330173,0.006589087177762597,0.004191143428970314,0.2730350360293162,1.8129525217949685
61,indoors,scene_00021,indoors/scene_00021/scan_00189,val/indoors/scene_00021/scan_00189/00021_00189_indoors_010_030.png,3,0,3,768,0,1024,256,65536,18687,140284.0,11603.553058732829,11642.010458766375,-38.45740003354538,6541.018777187322,6551.070392383416,-10.051615196094298,0.004637416529390796,0.007677896138267646,1.0256781140365672,1.4052162378588342
61,indoors,scene_00021,indoors/scene_00021/scan_00189,val/indoors/scene_00021/scan_00189/00021_00189_indoors_010_030.png,4,1,0,0,256,256,512,65536,0,65536.0,1844.615458642479,1842.1234859725237,2.491972669955217,1844.615458642479,1842.1234859725237,2.491972669955217,0.0049329955300794325,0.002954746397108886,1.039938083786422,0.49434939805977396
61,indoors,scene_00021,indoors/scene_00021/scan_00189,val/indoors/scene_00021/scan_00189/00021_00189_indoors_010_030.png,5,1,1,256,256,512,512,65536,0,65536.0,1119.1238934706491,1123.4118675226491,-4.28797405199998,1119.1238934706491,1123.4118675226491,-4.28797405199998,0.004708032491034275,0.003012980460318565,0.8363321023134807,0.4795916203863597
61,indoors,scene_00021,indoors/scene_00021/scan_00189,val/indoors/scene_00021/scan_00189/00021_00189_indoors_010_030.png,6,1,2,512,256,768,512,65536,1754,72552.0,18548.909544831964,18548.6833562241,0.2261886078663768,13489.798617007977,13494.273702388247,-4.475085380270947,0.008682254242064832,0.0046091712087434214,0.2121349763790912,2.3685326711022787
61,indoors,scene_00021,indoors/scene_00021/scan_00189,val/indoors/scene_00021/scan_00189/00021_00189_indoors_010_030.png,7,1,3,768,256,1024,512,65477,20970,149357.0,28823.675645658037,29529.22225593639,-705.546610278357,9908.535118991118,10071.96961380941,-163.4344948182924,0.008066041735980157,0.013372480949856623,0.8464860773593308,0.9421785630250079
61,indoors,scene_00021,indoors/scene_00021/scan_00189,val/indoors/scene_00021/scan_00189/00021_00189_indoors_010_030.png,8,2,0,0,512,256,768,65536,0,65536.0,3056.056319110733,3048.622268209107,7.434050901626062,3056.056319110733,3048.622268209107,7.434050901626062,0.005712811344735003,0.00307528384130513,1.4615085957160443,0.1423812221531766
61,indoors,scene_00021,indoors/scene_00021/scan_00189,val/indoors/scene_00021/scan_00189/00021_00189_indoors_010_030.png,9,2,1,256,512,512,768,65536,0,65536.0,2793.559020907103,2790.9524390395704,2.606581867532305,2793.559020907103,2790.9524390395704,2.606581867532305,0.004188578215885708,0.003054800771347496,1.0014063604803118,0.5902265462083882
61,indoors,scene_00021,indoors/scene_00021/scan_00189,val/indoors/scene_00021/scan_00189/00021_00189_indoors_010_030.png,10,2,2,512,512,768,768,65536,1829,72852.0,17194.063527595274,17303.50391794495,-109.44039034967011,11757.504186941209,11826.794982840795,-69.2907958995856,0.00676813466168157,0.00524541162018529,0.08216481813223525,3.3994299862792516
61,indoors,scene_00021,indoors/scene_00021/scan_00189,val/indoors/scene_00021/scan_00189/00021_00189_indoors_010_030.png,11,2,3,768,512,1024,768,64966,25554,167182.0,74662.20987925917,74911.16890455759,-248.95902529842746,28462.68955124126,28543.662522897343,-80.9729716560866,0.021492277470429172,0.02139666213316229,0.8175371156141796,-0.17021806297514738
62,indoors,scene_00021,indoors/scene_00021/scan_00189,val/indoors/scene_00021/scan_00189/00021_00189_indoors_160_020.png,0,0,0,0,0,256,256,65536,0,65536.0,2277.485168875944,2295.7977687224,-18.312599846456592,2277.485168875944,2295.7977687224,-18.312599846456592,0.007283054105261974,0.0048778628221382144,0.8938198508143465,0.572024438179211
62,indoors,scene_00021,indoors/scene_00021/scan_00189,val/indoors/scene_00021/scan_00189/00021_00189_indoors_160_020.png,1,0,1,256,0,512,256,65536,609,67972.0,1006.697255907828,1023.8275285199593,-17.130272612131392,983.4035352719533,1000.2051552241352,-16.801619952181866,0.0055863704255783245,0.004660202028161801,0.46234269161063873,0.7841552361555846
62,indoors,scene_00021,indoors/scene_00021/scan_00189,val/indoors/scene_00021/scan_00189/00021_00189_indoors_160_020.png,2,0,2,512,0,768,256,65536,17454,135352.0,1553.1816722543379,1554.463270115899,-1.2815978615607406,659.6457573105263,651.7969449618008,7.848812348725397,0.005978259160765507,0.007436925176124686,0.3337113471857832,0.42006623682017014
62,indoors,scene_00021,indoors/scene_00021/scan_00189,val/indoors/scene_00021/scan_00189/00021_00189_indoors_160_020.png,3,0,3,768,0,1024,256,65536,0,65536.0,1162.2700271438348,1162.6807613097121,-0.4107341658772097,1162.2700271438348,1162.6807613097121,-0.4107341658772097,0.004478832504088329,0.005236545090214733,0.44778780299615195,0.1517323903773341
62,indoors,scene_00021,indoors/scene_00021/scan_00189,val/indoors/scene_00021/scan_00189/00021_00189_indoors_160_020.png,4,1,0,0,256,256,512,65536,0,65536.0,1703.1231933698568,1702.9650267081868,0.15816666167037052,1703.1231933698568,1702.9650267081868,0.15816666167037052,0.007075932479127786,0.004893446082281063,1.0834732352156324,0.39370376021636777
62,indoors,scene_00021,indoors/scene_00021/scan_00189,val/indoors/scene_00021/scan_00189/00021_00189_indoors_160_020.png,5,1,1,256,256,512,512,65536,225,66436.0,551.8640501549404,551.2839549424075,0.5800952125329412,550.0690277777119,549.4798862804138,0.5891414972980373,0.004870100995727853,0.004663095639136683,0.3660304146815035,1.1624921424390309
62,indoors,scene_00021,indoors/scene_00021/scan_00189,val/indoors/scene_00021/scan_00189/00021_00189_indoors_160_020.png,6,1,2,512,256,768,512,65536,8854,100952.0,426.0297266340924,412.8337599089362,13.1959667251562,316.85499385734715,309.40433046706,7.4506633902871435,0.004734767372262236,0.005098748859339916,0.375961942193034,0.07534134835542707
62,indoors,scene_00021,indoors/scene_00021/scan_00189,val/indoors/scene_00021/scan_00189/00021_00189_indoors_160_020.png,7,1,3,768,256,1024,512,65536,0,65536.0,2128.2802611735347,2130.289103156897,-2.0088419833623314,2128.2802611735347,2130.289103156897,-2.0088419833623314,0.004589851842898563,0.005232973004543581,0.5995745601930266,0.18560522124662304
62,indoors,scene_00021,indoors/scene_00021/scan_00189,val/indoors/scene_00021/scan_00189/00021_00189_indoors_160_020.png,8,2,0,0,512,256,768,65524,23552,159732.0,5689.0806512369345,5654.427487131791,34.65316410514297,1978.5931098270157,1990.2442365390953,-11.651126712079385,0.008695270191656286,0.013250587762174039,0.44465251243255116,3.110648551289342
62,indoors,scene_00021,indoors/scene_00021/scan_00189,val/indoors/scene_00021/scan_00189/00021_00189_indoors_160_020.png,9,2,1,256,512,512,768,65536,4398,83128.0,5222.7308125809395,4854.322847273021,368.40796530791965,2331.2883730271196,2227.3503934505716,103.9379795765481,0.009235032084698539,0.013989353023726576,1.5115220172243664,0.6036132962294303
62,indoors,scene_00021,indoors/scene_00021/scan_00189,val/indoors/scene_00021/scan_00189/00021_00189_indoors_160_020.png,10,2,2,512,512,768,768,65499,17406,135123.0,8575.532892814976,8455.230665330506,120.30222748446802,3326.3864615029006,3282.0646736155377,44.32178788736306,0.009287073039144606,0.013880576815931744,0.6808580217027161,0.506733028038381
62,indoors,scene_00021,indoors/scene_00021/scan_00189,val/indoors/scene_00021/scan_00189/00021_00189_indoors_160_020.png,11,2,3,768,512,1024,768,65528,6141,90092.0,4227.023887023294,4271.415191412808,-44.391304389513756,2824.4136873495363,2819.9446029624323,4.469084387104469,0.005337572455881019,0.00721625431893228,0.5390265876844775,0.805788236249847
63,indoors,scene_00021,indoors/scene_00021/scan_00189,val/indoors/scene_00021/scan_00189/00021_00189_indoors_210_000.png,0,0,0,0,0,256,256,65075,14108,121507.0,27475.820418030322,27643.487089111193,-167.66667108087182,6632.349373639077,6682.232529001762,-49.883155362683894,0.010870432101590806,0.021595697535283367,0.48661158027156526,0.9296141421698003
63,indoors,scene_00021,indoors/scene_00021/scan_00189,val/indoors/scene_00021/scan_00189/00021_00189_indoors_210_000.png,1,0,1,256,0,512,256,65397,17201,134201.0,27923.084264518053,27978.043778554555,-54.95951403650121,6326.634231540885,6341.875261534515,-15.241029993631086,0.012793803915408498,0.014954039168685653,0.4379661285432847,1.1396522508652476
63,indoors,scene_00021,indoors/scene_00021/scan_00189,val/indoors/scene_00021/scan_00189/00021_00189_indoors_210_000.png,2,0,2,512,0,768,256,65485,9528,103597.0,16761.58312163723,17590.34976495739,-828.7666433201588,4201.959823571741,4589.537015667514,-387.57719209577306,0.009249790714859082,0.018018929066026226,0.060358959722165886,1.5482262296338591
63,indoors,scene_00021,indoors/scene_00021/scan_00189,val/indoors/scene_00021/scan_00189/00021_00189_indoors_210_000.png,3,0,3,768,0,1024,256,65536,0,65536.0,1262.1058214201455,1261.5360314075679,0.5697900125777441,1262.1058214201455,1261.5360314075679,0.5697900125777441,0.007513905578382194,0.0008588611116209264,0.05206860543476939,1.1896334335720875
63,indoors,scene_00021,indoors/scene_00021/scan_00189,val/indoors/scene_00021/scan_00189/00021_00189_indoors_210_000.png,4,1,0,0,256,256,512,65398,10778,108510.0,19387.034387427877,19229.52736916288,157.50701826499778,4792.767400951582,4617.784763384755,174.982637566827,0.011821644689042114,0.026683976445847617,1.123096375944778,0.4753723563689118
63,indoors,scene_00021,indoors/scene_00021/scan_00189,val/indoors/scene_00021/scan_00189/00021_00189_indoors_210_000.png,5,1,1,256,256,512,512,65526,8762,100574.0,10883.510877574157,10579.68282288003,303.8280546941277,2790.9380606447535,2689.636312196241,101.30174844851243,0.014016322806238327,0.026399408957425565,1.0852609735174141,0.889287639541262
63,indoors,scene_00021,indoors/scene_00021/scan_00189,val/indoors/scene_00021/scan_00189/00021_00189_indoors_210_000.png,6,1,2,512,256,768,512,65515,5835,88855.0,7407.13963710066,7282.26854401249,124.87109308817097,2425.7880826511214,2389.644460745958,36.14362190516378,0.009995508503650179,0.028195956707451075,0.8058821906893059,0.7901231293228267
63,indoors,scene_00021,indoors/scene_00021/scan_00189,val/indoors/scene_00021/scan_00189/00021_00189_indoors_210_000.png,7,1,3,768,256,1024,512,65536,361,66980.0,550.8484750143954,549.5894005947376,1.259074419657694,389.9434425638754,389.1015792429994,0.8418633208760024,0.004603848124314009,0.0013256156680303605,0.32258045826254633,0.6909757608791605
63,indoors,scene_00021,indoors/scene_00021/scan_00189,val/indoors/scene_00021/scan_00189/00021_00189_indoors_210_000.png,8,2,0,0,512,256,768,65536,0,65536.0,931.4834880824418,930.4236301599161,1.0598579225257314,931.4834880824418,930.4236301599161,1.0598579225257314,0.015318563729852536,0.0008835091371998131,1.950145731543558,0.185845428712339
63,indoors,scene_00021,indoors/scene_00021/scan_00189,val/indoors/scene_00021/scan_00189/00021_00189_indoors_210_000.png,9,2,1,256,512,512,768,65536,0,65536.0,199.07899550357462,206.23036199153427,-7.151366487959667,199.07899550357462,206.23036199153427,-7.151366487959667,0.016309366165893097,0.0007290785389361426,1.7147745312440275,0.21041534581165067
63,indoors,scene_00021,indoors/scene_00021/scan_00189,val/indoors/scene_00021/scan_00189/00021_00189_indoors_210_000.png,10,2,2,512,512,768,768,65536,1738,72488.0,3105.9077319016214,2594.785498896744,511.1222330048773,1492.0097057373341,1379.6332270266125,112.37647871072181,0.007415476708994536,0.017871720461078395,0.900567436034821,0.5880571945016266
63,indoors,scene_00021,indoors/scene_00021/scan_00189,val/indoors/scene_00021/scan_00189/00021_00189_indoors_210_000.png,11,2,3,768,512,1024,768,65466,10243,106438.0,13040.177585509857,12904.872006479347,135.30557903051152,3331.705105107374,3296.838502935047,34.86660217232724,0.008266706396912054,0.01273753433010279,0.5122617983105123,0.552289181703415
64,indoors,scene_00021,indoors/scene_00021/scan_00189,val/indoors/scene_00021/scan_00189/00021_00189_indoors_210_020.png,0,0,0,0,0,256,256,65536,9810,104776.0,1538.5202171949484,1553.6494074587226,-15.129190263774387,862.8027214572741,876.9198223101905,-14.11710085291634,0.005387302680270789,0.005164712062302654,0.05374604849855734,0.8217412863659963
64,indoors,scene_00021,indoors/scene_00021/scan_00189,val/indoors/scene_00021/scan_00189/00021_00189_indoors_210_020.png,1,0,1,256,0,512,256,65536,0,65536.0,190.37659690857748,185.607376296666,4.769220611911489,190.37659690857748,185.607376296666,4.769220611911489,0.004613560840311324,0.0010148869565266066,0.29248006125725634,0.05019701674678506
64,indoors,scene_00021,indoors/scene_00021/scan_00189,val/indoors/scene_00021/scan_00189/00021_00189_indoors_210_020.png,2,0,2,512,0,768,256,65536,0,65536.0,207.87893259459258,207.81863972290566,0.060292871686945027,207.87893259459258,207.81863972290566,0.060292871686945027,0.004729883326597755,0.0010920263120698021,0.06170271062423745,0.7635820340589808
64,indoors,scene_00021,indoors/scene_00021/scan_00189,val/indoors/scene_00021/scan_00189/00021_00189_indoors_210_020.png,3,0,3,768,0,1024,256,65536,0,65536.0,238.31258650940254,242.17199377486045,-3.8594072654579383,238.31258650940254,242.17199377486045,-3.8594072654579383,0.008095931689682754,0.0011926112319862894,0.37964876493161925,0.030827169037032063
64,indoors,scene_00021,indoors/scene_00021/scan_00189,val/indoors/scene_00021/scan_00189/00021_00189_indoors_210_020.png,4,1,0,0,256,256,512,65330,9904,104946.0,9952.536850124121,10018.596992264811,-66.06014214069408,2463.4604331002456,2502.5320772449804,-39.0716441447355,0.00600907705182424,0.01644028169840243,0.5860739773585489,0.3648195883433239
64,indoors,scene_00021,indoors/scene_00021/scan_00189,val/indoors/scene_00021/scan_00189/00021_00189_indoors_210_020.png,5,1,1,256,256,512,512,64910,6742,91878.0,14183.940802412297,14771.102122027227,-587.1613196149274,3016.545940431228,3342.438522976319,-325.89258254509093,0.0068785633919867875,0.0164657552078977,0.45633930659577404,-0.3781341631205646
64,indoors,scene_00021,indoors/scene_00021/scan_00189,val/indoors/scene_00021/scan_00189/00021_00189_indoors_210_020.png,6,1,2,512,256,768,512,65334,3559,79570.0,6579.716823021931,6807.508088076184,-227.7912650542528,1497.0867654874924,1617.3810239144268,-120.29425842693439,0.005808135594694139,0.011495254425607244,0.3894861749114594,0.9008323644553148
64,indoors,scene_00021,indoors/scene_00021/scan_00189,val/indoors/scene_00021/scan_00189/00021_00189_indoors_210_020.png,7,1,3,768,256,1024,512,65536,0,65536.0,449.0913113334914,444.6178677089774,4.473443624513926,449.0913113334914,444.6178677089774,4.473443624513926,0.007899543822722387,0.0012098197402768357,0.4285243982700597,0.14162549890992304
64,indoors,scene_00021,indoors/scene_00021/scan_00189,val/indoors/scene_00021/scan_00189/00021_00189_indoors_210_020.png,8,2,0,0,512,256,768,65310,20005,145330.0,24709.22348169241,24757.151972883505,-47.92849119109945,6001.22264446621,6028.379709611835,-27.15706514562462,0.012663776087211795,0.0236868909102394,0.7756710493490571,0.2506772994667663
64,indoors,scene_00021,indoors/scene_00021/scan_00189,val/indoors/scene_00021/scan_00189/00021_00189_indoors_210_020.png,9,2,1,256,512,512,768,65442,19034,141578.0,18492.532097771553,18477.172641643854,15.359456127697085,4583.4228441200485,4612.80232417287,-29.379480052821243,0.016369560435922664,0.01759016066617937,0.9888581357216217,0.21764452771028162
64,indoors,scene_00021,indoors/scene_00021/scan_00189,val/indoors/scene_00021/scan_00189/00021_00189_indoors_210_020.png,10,2,2,512,512,768,768,65464,9447,103252.0,8812.27751265571,8805.941132927304,6.336379728405099,2332.361061211261,2364.9966162949268,-32.635555083666105,0.010674838344645568,0.024224718434032733,0.8062884104177303,1.17232158893797
64,indoors,scene_00021,indoors/scene_00021/scan_00189,val/indoors/scene_00021/scan_00189/00021_00189_indoors_210_020.png,11,2,3,768,512,1024,768,65536,0,65536.0,202.18629016296242,199.60144818758496,2.5848419753774357,202.18629016296242,199.60144818758496,2.5848419753774357,0.006958220939096656,0.0016683304711682953,0.6147579070728506,0.17362098639881607
65,indoors,scene_00021,indoors/scene_00021/scan_00189,val/indoors/scene_00021/scan_00189/00021_00189_indoors_220_010.png,0,0,0,0,0,256,256,65536,20,65616.0,1966.6114813771649,1968.024535209996,-1.4130538328310478,1965.524065327896,1966.9336702088754,-1.4096048809793842,0.004684347061131,0.012069713134141553,1.490928919424985,-0.04673803343989768
65,indoors,scene_00021,indoors/scene_00021/scan_00189,val/indoors/scene_00021/scan_00189/00021_00189_indoors_220_010.png,1,0,1,256,0,512,256,65309,4725,84209.0,1294.7091215660464,1330.832414932902,-36.12329336685562,536.2534792677789,549.5612044621786,-13.307725194399765,0.0054779528637045535,0.00686942439389258,0.49528982584186065,0.2321403480582417
65,indoors,scene_00021,indoors/scene_00021/scan_00189,val/indoors/scene_00021/scan_00189/00021_00189_indoors_220_010.png,2,0,2,512,0,768,256,64907,2931,76631.0,3443.2067725527068,3642.117301114594,-198.91052856188676,1590.2640505794511,1669.7919003521033,-79.52784977265223,0.006470166699741861,0.008717207803762426,0.38199480466755303,-0.19385929963857917
65,indoors,scene_00021,indoors/scene_00021/scan_00189,val/indoors/scene_00021/scan_00189/00021_00189_indoors_220_010.png,3,0,3,768,0,1024,256,65375,1452,71183.0,2077.650298678138,2086.8057859689216,-9.155487290783805,927.9643006576961,926.3817075654056,1.5825930922903861,0.005468056226276906,0.0064149066775455905,0.3400100622615435,1.2173545088497433
65,indoors,scene_00021,indoors/scene_00021/scan_00189,val/indoors/scene_00021/scan_00189/00021_00189_indoors_220_010.png,4,1,0,0,256,256,512,65536,2218,74408.0,3447.770567377381,3768.3654778152113,-320.5949104378299,2632.4963049017992,2855.7322654388176,-223.23596053701837,0.006453512830503407,0.012965672679963416,1.4602891107932243,-0.34442631388653644
65,indoors,scene_00021,indoors/scene_00021/scan_00189,val/indoors/scene_00021/scan_00189/00021_00189_indoors_220_010.png,5,1,1,256,256,512,512,65332,19627,143840.0,29068.07443716494,29123.08330317285,-55.00886600791219,6912.111493942384,6914.632912789122,-2.521418846737955,0.012853898555044789,0.01998017242512071,0.4824935299232552,0.5057303654453948
65,indoors,scene_00021,indoors/scene_00021/scan_00189,val/indoors/scene_00021/scan_00189/00021_00189_indoors_220_010.png,6,1,2,512,256,768,512,65467,19262,142515.0,25628.23393908563,25561.509219219966,66.724719865663,6305.394251295935,6309.637687242269,-4.243435946334149,0.01564470900712247,0.01367294448436947,0.5188543230445456,0.7514272358112639
65,indoors,scene_00021,indoors/scene_00021/scan_00189,val/indoors/scene_00021/scan_00189/00021_00189_indoors_220_010.png,7,1,3,768,256,1024,512,65469,9385,103009.0,12576.395887864644,12428.483309280917,147.91257858372552,3003.6604682495645,3006.5748379990755,-2.9143697495114536,0.009456285931414768,0.01756335802358383,0.4742069866152002,1.1784272182275264
65,indoors,scene_00021,indoors/scene_00021/scan_00189,val/indoors/scene_00021/scan_00189/00021_00189_indoors_220_010.png,8,2,0,0,512,256,768,65535,2126,74039.0,5013.045684401959,4790.957000147475,222.08868425448446,3749.309274436423,3611.081339960716,138.22793447570712,0.006768618857182868,0.015768730138070508,0.406235106444316,2.000025621497255
65,indoors,scene_00021,indoors/scene_00021/scan_00189,val/indoors/scene_00021/scan_00189/00021_00189_indoors_220_010.png,9,2,1,256,512,512,768,65435,6862,92883.0,11111.225853121927,11176.119209931705,-64.89335680977788,4971.361083109634,4987.610330817219,-16.249247707584264,0.010513698337243324,0.019637759924668985,0.5715879663524146,1.0575675863971552
65,indoors,scene_00021,indoors/scene_00021/scan_00189,val/indoors/scene_00021/scan_00189/00021_00189_indoors_220_010.png,10,2,2,512,512,768,768,65524,4906,85148.0,6936.9152788757065,6974.263901292451,-37.34862241674439,3549.6365862719517,3594.080848399057,-44.44426212710488,0.010254987018203715,0.02166015195839092,0.8129441089345074,1.4442026930142529
65,indoors,scene_00021,indoors/scene_00021/scan_00189,val/indoors/scene_00021/scan_00189/00021_00189_indoors_220_010.png,11,2,3,768,512,1024,768,65523,4982,85451.0,5255.355122333536,5354.442107774834,-99.08698544129834,2109.4645995293595,2180.872736454457,-71.40813692509715,0.008539592699448737,0.023882283710316303,0.6421089863065904,1.3637573307040531
66,indoors,scene_00021,indoors/scene_00021/scan_00189,val/indoors/scene_00021/scan_00189/00021_00189_indoors_240_030.png,0,0,0,0,0,256,256,65536,0,65536.0,1002.794387344057,1011.1630975123439,-8.36871016828684,1002.794387344057,1011.1630975123439,-8.36871016828684,0.0061244012745833906,0.00872005585620303,1.1501185013277995,1.9089356121233418
66,indoors,scene_00021,indoors/scene_00021/scan_00189,val/indoors/scene_00021/scan_00189/00021_00189_indoors_240_030.png,1,0,1,256,0,512,256,65536,54,65752.0,1557.5328360550404,1578.6162088591107,-21.083372804070144,1551.038580884524,1572.0960016663612,-21.05742078183725,0.005425664985208436,0.008010189533087374,0.943693411085755,0.6259455894460718
66,indoors,scene_00021,indoors/scene_00021/scan_00189,val/indoors/scene_00021/scan_00189/00021_00189_indoors_240_030.png,2,0,2,512,0,768,256,65536,29115,181996.0,2016.3177048638327,2105.4587266855633,-89.14102182173045,883.2725174761262,915.1667916885206,-31.894274212394436,0.006461799706901939,0.007003892770002099,0.6653386714392932,-0.38284775062083765
66,indoors,scene_00021,indoors/scene_00021/scan_00189,val/indoors/scene_00021/scan_00189/00021_00189_indoors_240_030.png,3,0,3,768,0,1024,256,65536,1701,72340.0,1459.183748557089,1449.1961432447563,9.987605312332727,1297.3517542777745,1295.833309549518,1.518444728256573,0.007655267633578721,0.0026599899222007114,0.20146455300811897,0.1273546202995342
66,indoors,scene_00021,indoors/scene_00021/scan_00189,val/indoors/scene_00021/scan_00189/00021_00189_indoors_240_030.png,4,1,0,0,256,256,512,65536,69,65812.0,390.33453471814585,397.30727139647627,-6.972736678330358,388.02054057272596,394.5832748726399,-6.562734299913869,0.006638499197595548,0.008363850296749586,1.180967216002768,2.561912952033141
66,indoors,scene_00021,indoors/scene_00021/scan_00189,val/indoors/scene_00021/scan_00189/00021_00189_indoors_240_030.png,5,1,1,256,256,512,512,65536,9,65572.0,319.0732642882242,321.67884211316095,-2.605577824936745,318.9515365809354,321.5582039349185,-2.6066673539830547,0.005459464855033061,0.007742786696418768,1.33785410583339,0.01698117729858728
66,indoors,scene_00021,indoors/scene_00021/scan_00189,val/indoors/scene_00021/scan_00189/00021_00189_indoors_240_030.png,6,1,2,512,256,768,512,65536,23513,159588.0,2224.0677742052158,2196.149587051973,27.918187153242712,894.5174145098636,888.0187287325496,6.4986857773139155,0.00519035378946711,0.008040443851601287,0.4261911664200112,0.7308296121366132
66,indoors,scene_00021,indoors/scene_00021/scan_00189,val/indoors/scene_00021/scan_00189/00021_00189_indoors_240_030.png,7,1,3,768,256,1024,512,65536,1440,71296.0,517.5279092375035,528.3250208801143,-10.797111642610705,405.6625436988967,415.236557846189,-9.574014147292262,0.005129618567682769,0.002655738585990071,0.02911250196126493,0.80406798261759
66,indoors,scene_00021,indoors/scene_00021/scan_00189,val/indoors/scene_00021/scan_00189/00021_00189_indoors_240_030.png,8,2,0,0,512,256,768,65536,0,65536.0,300.4009021603074,300.3013191606443,0.09958299966315431,300.4009021603074,300.3013191606443,0.09958299966315431,0.006702177373041988,0.008503029047993363,0.7826855796149282,3.8341891336851552
66,indoors,scene_00021,indoors/scene_00021/scan_00189,val/indoors/scene_00021/scan_00189/00021_00189_indoors_240_030.png,9,2,1,256,512,512,768,65536,0,65536.0,812.9198975480218,805.7418825367151,7.178015011306635,812.9198975480218,805.7418825367151,7.178015011306635,0.004882458348536482,0.007572689950538041,1.3997868177533603,1.2195037842914547
66,indoors,scene_00021,indoors/scene_00021/scan_00189,val/indoors/scene_00021/scan_00189/00021_00189_indoors_240_030.png,10,2,2,512,512,768,768,65527,10121,106011.0,3751.529032881749,3713.2650846825436,38.26394819920598,2171.877477743487,2156.3780783805237,15.499399362963318,0.0050977544170176465,0.008416748393346272,0.7954998896422182,0.5333696488518023
66,indoors,scene_00021,indoors/scene_00021/scan_00189,val/indoors/scene_00021/scan_00189/00021_00189_indoors_240_030.png,11,2,3,768,512,1024,768,65184,12586,115528.0,15657.924858123994,15738.547793227213,-80.62293510321754,4214.895171025532,4257.222829595932,-42.3276585704,0.006337631273446159,0.011297392581486976,0.43549826377362283,0.83423225022425
67,indoors,scene_00021,indoors/scene_00021/scan_00189,val/indoors/scene_00021/scan_00189/00021_00189_indoors_340_000.png,0,0,0,0,0,256,256,64011,14673,122703.0,46944.1603654302,97311392.95635742,-97264448.79599202,23030.755684339267,43736212.368995324,-43713181.61331097,0.016713511027264316,0.02234797584119223,1.5556738477733274,-0.7496400199872938
67,indoors,scene_00021,indoors/scene_00021/scan_00189,val/indoors/scene_00021/scan_00189/00021_00189_indoors_340_000.png,1,0,1,256,0,512,256,65536,3201,78340.0,25312.155714605815,23125.170123858778,2186.9855907470383,18585.633698488422,18066.28247027928,519.3512282091436,0.017261272187714834,0.005578382242363758,0.20268793644271588,0.09847227172955948
67,indoors,scene_00021,indoors/scene_00021/scan_00189,val/indoors/scene_00021/scan_00189/00021_00189_indoors_340_000.png,2,0,2,512,0,768,256,65261,3490,79221.0,11988.073927466594,12866.4098082617,-878.3358807951063,7301.4017466744535,7976.091107972248,-674.6893612977944,0.012500923518827391,0.019999233675930886,1.0220641492468754,0.03123912221939541
67,indoors,scene_00021,indoors/scene_00021/scan_00189,val/indoors/scene_00021/scan_00189/00021_00189_indoors_340_000.png,3,0,3,768,0,1024,256,65536,0,65536.0,2063.671442787082,2061.359696120783,2.3117466662985633,2063.671442787082,2061.359696120783,2.3117466662985633,0.005321830309569226,0.004302069109948219,0.38763836664643486,4.560393865001055
67,indoors,scene_00021,indoors/scene_00021/scan_00189,val/indoors/scene_00021/scan_00189/00021_00189_indoors_340_000.png,4,1,0,0,256,256,512,65463,11724,112359.0,32864.573727207884,34905.36810543391,-2040.794378226026,16047.530671881701,16197.070985578588,-149.54031369688954,0.010054252544250184,0.01967564628221831,1.714472321602596,-1.3606309650914907
67,indoors,scene_00021,indoors/scene_00021/scan_00189,val/indoors/scene_00021/scan_00189/00021_00189_indoors_340_000.png,5,1,1,256,256,512,512,65536,910,69176.0,5907.840963696797,6197.901133987313,-290.06017029051475,5097.912298651632,5236.450001516661,-138.53770286502927,0.007923116883707027,0.0026993531164280354,0.2521653096619595,0.13729202353149222
67,indoors,scene_00021,indoors/scene_00021/scan_00189,val/indoors/scene_00021/scan_00189/00021_00189_indoors_340_000.png,6,1,2,512,256,768,512,65536,2097,73924.0,8306.470769616515,9444.106246733236,-1137.6354771167203,5247.733589824946,6024.796724708662,-777.0631348837167,0.006892802390195368,0.014730636644909964,0.7806164731836321,0.7169576711023528
67,indoors,scene_00021,indoors/scene_00021/scan_00189,val/indoors/scene_00021/scan_00189/00021_00189_indoors_340_000.png,7,1,3,768,256,1024,512,65536,0,65536.0,1377.5571705868897,1377.739871543035,-0.1827009561455363,1377.5571705868897,1377.739871543035,-0.1827009561455363,0.00545545589242668,0.0043209130248034406,0.33905416701855984,4.510733830743186
67,indoors,scene_00021,indoors/scene_00021/scan_00189,val/indoors/scene_00021/scan_00189/00021_00189_indoors_340_000.png,8,2,0,0,512,256,768,65449,19628,143961.0,33085.69963146549,33575.58686303884,-489.8872315733606,16049.162782924635,16147.930110954056,-98.76732802941993,0.010540371525954467,0.01779978456764543,0.7118266847991921,0.5467862849606179
67,indoors,scene_00021,indoors/scene_00021/scan_00189,val/indoors/scene_00021/scan_00189/00021_00189_indoors_340_000.png,9,2,1,256,512,512,768,65536,19266,142600.0,14228.04587557193,14186.80842881931,41.23744675261929,5687.143949778688,5681.136467400158,6.007482378529693,0.00934301787300891,0.003644074082605585,0.1883060434983677,0.6068165974987427
67,indoors,scene_00021,indoors/scene_00021/scan_00189,val/indoors/scene_00021/scan_00189/00021_00189_indoors_340_000.png,10,2,2,512,512,768,768,65498,3454,79314.0,8736.961239934371,10219.201206886522,-1482.2399669521492,4850.128813667643,5384.590557673726,-534.4617440060829,0.006873249747687198,0.014315931252090805,0.7120577509284243,0.7078298925639182
67,indoors,scene_00021,indoors/scene_00021/scan_00189,val/indoors/scene_00021/scan_00189/00021_00189_indoors_340_000.png,11,2,3,768,512,1024,768,65536,0,65536.0,797.125696433658,796.4399898010565,0.6857066326016346,797.125696433658,796.4399898010565,0.6857066326016346,0.0062017217592338384,0.004211664527297316,0.3241000040612516,4.403937946554293
68,indoors,scene_00021,indoors/scene_00021/scan_00189,val/indoors/scene_00021/scan_00189/00021_00189_indoors_350_010.png,0,0,0,0,0,256,256,65536,1347,70924.0,11378.161816782987,11382.704791249287,-4.542974466299679,8293.303716584376,8297.66759539455,-4.363878810174752,0.005665334282260303,0.0018735007843708833,0.060327722409687985,3.9553604557193913
68,indoors,scene_00021,indoors/scene_00021/scan_00189,val/indoors/scene_00021/scan_00189/00021_00189_indoors_350_010.png,1,0,1,256,0,512,256,65079,15625,127579.0,102065.51113432729,95936.12355408916,6129.387580238117,41868.00659760189,40402.41330250575,1465.5932950961358,0.0184493693930786,0.01966022316189143,0.7149216390819207,0.0423297572893337
68,indoors,scene_00021,indoors/scene_00021/scan_00189,val/indoors/scene_00021/scan_00189/00021_00189_indoors_350_010.png,2,0,2,512,0,768,256,64635,20034,144771.0,182409.36504524853,184939.8003408905,-2530.435295641985,76293.03271555924,77603.2512846289,-1310.2185690696695,0.027203960165775195,0.008675577291505225,0.38736743421734326,-0.2664113020692037
68,indoors,scene_00021,indoors/scene_00021/scan_00189,val/indoors/scene_00021/scan_00189/00021_00189_indoors_350_010.png,3,0,3,768,0,1024,256,65022,6822,92310.0,49175.06592377353,57069.61666064159,-7894.55073686806,21948.812648207408,23762.27599440584,-1813.4633461984308,0.012662847963086504,0.024619052869311354,0.8628264785614694,-0.26453461849908383
68,indoors,scene_00021,indoors/scene_00021/scan_00189,val/indoors/scene_00021/scan_00189/00021_00189_indoors_350_010.png,4,1,0,0,256,256,512,65536,3382,79064.0,15092.012751692953,15099.218407813156,-7.20565612020191,9881.171009516802,9900.743936001303,-19.5729264845029,0.0055675853963326576,0.002980132548478254,0.03496679942950438,4.109041779492793
68,indoors,scene_00021,indoors/scene_00021/scan_00189,val/indoors/scene_00021/scan_00189/00021_00189_indoors_350_010.png,5,1,1,256,256,512,512,64266,13726,119170.0,76006.54906213169,76431.21021411302,-424.66115198133286,39789.73643710247,40031.572258242886,-241.83582114041855,0.017256490223170846,0.017851022895930692,0.7511023092954063,-0.1629767398296001
68,indoors,scene_00021,indoors/scene_00021/scan_00189,val/indoors/scene_00021/scan_00189/00021_00189_indoors_350_010.png,6,1,2,512,256,768,512,65536,2949,77332.0,74633.61321150637,73034.76371723329,1598.8494942730706,62939.592621502,62438.79614958975,500.7964719122578,0.016502449031283974,0.008565927712726866,0.37187561104013256,-0.27073626238966686
68,indoors,scene_00021,indoors/scene_00021/scan_00189,val/indoors/scene_00021/scan_00189/00021_00189_indoors_350_010.png,7,1,3,768,256,1024,512,65288,2758,76320.0,24226.250468844988,25805.64595362138,-1579.3954847763957,16121.404107530403,18056.411217243472,-1935.007109713069,0.010890547085408233,0.02279821438256273,0.96370032208012,0.029947894235138092
68,indoors,scene_00021,indoors/scene_00021/scan_00189,val/indoors/scene_00021/scan_00189/00021_00189_indoors_350_010.png,8,2,0,0,512,256,768,65536,1845,72916.0,16487.960948640524,15998.513427704303,489.44752093621867,12103.370535595808,11617.408086304305,485.96244929150174,0.005303011767348626,0.0025506982650484737,1.7241098449870582,2.3519669248178405
68,indoors,scene_00021,indoors/scene_00021/scan_00189,val/indoors/scene_00021/scan_00189/00021_00189_indoors_350_010.png,9,2,1,256,512,512,768,65487,7359,94923.0,26110.921857227724,26424.481153488487,-313.5592962607633,16465.415760246193,16802.535318078044,-337.1195578318492,0.008621221451311088,0.013036037954297175,1.067954708197111,0.1431559864695224
68,indoors,scene_00021,indoors/scene_00021/scan_00189,val/indoors/scene_00021/scan_00189/00021_00189_indoors_350_010.png,10,2,2,512,512,768,768,65536,438,67288.0,14867.942797298783,14876.34768800786,-8.404890709075286,14681.764768736419,14682.518757214253,-0.7539884778342993,0.007839219670449617,0.003247351629155262,0.2764301039129706,0.7113452490809347
68,indoors,scene_00021,indoors/scene_00021/scan_00189,val/indoors/scene_00021/scan_00189/00021_00189_indoors_350_010.png,11,2,3,768,512,1024,768,65536,2014,73592.0,15594.441677232086,16399.105942750917,-804.6642655188302,11477.010839318675,11838.478755491375,-361.4679161727015,0.006448240755039376,0.01651395468153405,0.8803832941209874,1.2262256949977854
69,indoors,scene_00021,indoors/scene_00021/scan_00189,val/indoors/scene_00021/scan_00189/00021_00189_indoors_350_030.png,0,0,0,0,0,256,256,65536,107,65964.0,7861.994893261783,7851.6535000261465,10.34139323563638,7813.048484468214,7802.755580097266,10.292904370948756,0.0059165505315624594,0.0019135586388935948,0.17455185929866568,1.604657479980399
69,indoors,scene_00021,indoors/scene_00021/scan_00189,val/indoors/scene_00021/scan_00189/00021_00189_indoors_350_030.png,1,0,1,256,0,512,256,65528,694,68304.0,8310.207611443779,8337.423046587246,-27.21543514346643,7233.871950691252,7283.227430038192,-49.35547934693986,0.005602442084894331,0.005660322009115544,0.3666320916690596,1.6166713091275464
69,indoors,scene_00021,indoors/scene_00021/scan_00189,val/indoors/scene_00021/scan_00189/00021_00189_indoors_350_030.png,2,0,2,512,0,768,256,65536,0,65536.0,3400.3545700917466,3386.1706581344233,14.18391195732304,3400.3545700917466,3386.1706581344233,14.18391195732304,0.004278893780415517,0.005198586715884843,0.9570611775849909,0.6227148990434628
69,indoors,scene_00021,indoors/scene_00021/scan_00189,val/indoors/scene_00021/scan_00189/00021_00189_indoors_350_030.png,3,0,3,768,0,1024,256,65536,0,65536.0,1202.772824621055,1199.6470171358378,3.1258074852170226,1202.772824621055,1199.6470171358378,3.1258074852170226,0.004700364651928476,0.006005392675458515,0.4230736043359096,3.161962479425208
69,indoors,scene_00021,indoors/scene_00021/scan_00189,val/indoors/scene_00021/scan_00189/00021_00189_indoors_350_030.png,4,1,0,0,256,256,512,65536,0,65536.0,2655.7829795841685,2643.7760552188065,12.006924365362263,2655.7829795841685,2643.7760552188065,12.006924365362263,0.0056769673880014354,0.002733759600992608,0.07289775978616665,2.2265458908939757
69,indoors,scene_00021,indoors/scene_00021/scan_00189,val/indoors/scene_00021/scan_00189/00021_00189_indoors_350_030.png,5,1,1,256,256,512,512,65501,7955,97321.0,26264.58509025922,26230.404465678545,34.180624580675946,14550.181795975655,14547.564894129544,2.6169018461084788,0.009324152450866782,0.010135576405973134,0.4122073910054336,1.6964888632709492
69,indoors,scene_00021,indoors/scene_00021/scan_00189,val/indoors/scene_00021/scan_00189/00021_00189_indoors_350_030.png,6,1,2,512,256,768,512,65427,18494,139403.0,24530.542753020272,24414.794846106262,115.74790691400867,5904.896754289475,5884.3757215131245,20.521032776349976,0.012443788550482532,0.01971589159121541,0.7091341004225193,0.4106609632945108
69,indoors,scene_00021,indoors/scene_00021/scan_00189,val/indoors/scene_00021/scan_00189/00021_00189_indoors_350_030.png,7,1,3,768,256,1024,512,65493,5688,88245.0,11301.820849189091,11466.926710908923,-165.1058617198327,3955.48960253814,3990.4496605875256,-34.96005804938573,0.00973902281081716,0.01671711195882184,0.9456656004388779,0.743834421823491
69,indoors,scene_00021,indoors/scene_00021/scan_00189,val/indoors/scene_00021/scan_00189/00021_00189_indoors_350_030.png,8,2,0,0,512,256,768,65536,1298,70728.0,7916.810781983145,7933.573525248208,-16.762743265062877,5122.684665898883,5126.203576900325,-3.5189110014410896,0.005429992069146455,0.005613251210874868,0.9807059955248357,0.24871571422047056
69,indoors,scene_00021,indoors/scene_00021/scan_00189,val/indoors/scene_00021/scan_00189/00021_00189_indoors_350_030.png,9,2,1,256,512,512,768,65079,20860,148519.0,47409.5766284119,47628.6970857087,-219.12045729679986,21700.581818983857,21695.77202325192,4.809795731938015,0.019787844074108305,0.019861009364827598,0.7066987696481808,-0.03339261827954813
69,indoors,scene_00021,indoors/scene_00021/scan_00189,val/indoors/scene_00021/scan_00189/00021_00189_indoors_350_030.png,10,2,2,512,512,768,768,64655,17027,132763.0,37585.575990913014,37485.31876878177,100.2572221312509,18997.33484806662,18976.628428906366,20.706419160255493,0.025315504201172255,0.0029366236477117373,0.35034354170271503,-0.2112261873905345
69,indoors,scene_00021,indoors/scene_00021/scan_00189,val/indoors/scene_00021/scan_00189/00021_00189_indoors_350_030.png,11,2,3,768,512,1024,768,64988,6312,90236.0,21032.812223246172,22163.4894226573,-1130.677199411131,11743.300729422124,12359.929373368996,-616.6286439468706,0.012578052670119967,0.025164372163365145,0.9073018913208049,0.03883686916166363
70,indoors,scene_00021,indoors/scene_00021/scan_00190,val/indoors/scene_00021/scan_00190/00021_00190_indoors_050_000.png,0,0,0,0,0,256,256,65422,6747,92410.0,19892.4157512664,19986.877834123545,-94.4620828571398,5342.614705659759,5390.709393787925,-48.09468812816651,0.01158974084085641,0.0105255195465705,0.376915025504461,1.1933638287462338
70,indoors,scene_00021,indoors/scene_00021/scan_00190,val/indoors/scene_00021/scan_00190/00021_00190_indoors_050_000.png,1,0,1,256,0,512,256,65524,2164,74180.0,4944.094720235113,4886.460062350419,57.63465788469421,1569.3466898052404,1545.304151768036,24.042538037204345,0.007604723207214558,0.011880900977446813,0.47138763989605387,0.856129140718986
70,indoors,scene_00021,indoors/scene_00021/scan_00190,val/indoors/scene_00021/scan_00190/00021_00190_indoors_050_000.png,2,0,2,512,0,768,256,65536,0,65536.0,364.23835161297075,367.049186805971,-2.810835193000221,364.23835161297075,367.049186805971,-2.810835193000221,0.004791837368122046,0.010335078737160913,0.58512707600679,2.237874632613567
70,indoors,scene_00021,indoors/scene_00021/scan_00190,val/indoors/scene_00021/scan_00190/00021_00190_indoors_050_000.png,3,0,3,768,0,1024,256,65536,0,65536.0,583.6062712504724,585.4117112689869,-1.8054400185143864,583.6062712504724,585.4117112689869,-1.8054400185143864,0.0067003502039523245,0.01129678162987199,0.9776667763000181,3.2518698122916034
70,indoors,scene_00021,indoors/scene_00021/scan_00190,val/indoors/scene_00021/scan_00190/00021_00190_indoors_050_000.png,4,1,0,0,256,256,512,64639,20410,146279.0,38609.1023697901,38435.42134697548,173.68102281461162,8523.67045240461,8433.455108457483,90.21534394712967,0.021439072117061687,0.028935039201103796,0.6365086456707414,0.4660469022607344
70,indoors,scene_00021,indoors/scene_00021/scan_00190,val/indoors/scene_00021/scan_00190/00021_00190_indoors_050_000.png,5,1,1,256,256,512,512,65207,5324,86503.0,9577.395010532528,9561.947593759498,15.44741677302882,2384.684870432481,2361.428672419146,23.25619801333512,0.012363657387221503,0.017259466688096553,0.569729382366047,0.43411996556101573
70,indoors,scene_00021,indoors/scene_00021/scan_00190,val/indoors/scene_00021/scan_00190/00021_00190_indoors_050_000.png,6,1,2,512,256,768,512,65536,0,65536.0,162.0156966062754,160.7067933760693,1.3089032302060843,162.0156966062754,160.7067933760693,1.3089032302060843,0.0047066220003463225,0.010172119992282876,0.7137456498730036,1.584997314720595
70,indoors,scene_00021,indoors/scene_00021/scan_00190,val/indoors/scene_00021/scan_00190/00021_00190_indoors_050_000.png,7,1,3,768,256,1024,512,65536,0,65536.0,261.6925805791165,260.74731817430416,0.9452624048123224,261.6925805791165,260.74731817430416,0.9452624048123224,0.006613123738582305,0.011002894498309504,0.9462160822189722,3.446811586649443
70,indoors,scene_00021,indoors/scene_00021/scan_00190,val/indoors/scene_00021/scan_00190/00021_00190_indoors_050_000.png,8,2,0,0,512,256,768,63752,32473,193644.0,146398.79051550847,146486.0812656443,-87.29075013580082,30099.129540355396,30138.6468997318,-39.51735937640613,0.01177137721502421,0.023071830745926808,0.5560909137163224,0.6256472948297789
70,indoors,scene_00021,indoors/scene_00021/scan_00190,val/indoors/scene_00021/scan_00190/00021_00190_indoors_050_000.png,9,2,1,256,512,512,768,65445,11202,110253.0,18022.86496803986,18056.669228416536,-33.80426037667865,4333.29407679307,4325.683251182767,7.61082561030277,0.013327548587366395,0.014056230219037517,0.5196275603894747,0.47614770682396135
70,indoors,scene_00021,indoors/scene_00021/scan_00190,val/indoors/scene_00021/scan_00190/00021_00190_indoors_050_000.png,10,2,2,512,512,768,768,65536,0,65536.0,648.5112712830031,648.4293780206947,0.08189326230832357,648.5112712830031,648.4293780206947,0.08189326230832357,0.004679624551853712,0.010114891261291156,0.6810688673291677,1.5862607494295433
70,indoors,scene_00021,indoors/scene_00021/scan_00190,val/indoors/scene_00021/scan_00190/00021_00190_indoors_050_000.png,11,2,3,768,512,1024,768,65536,0,65536.0,667.50899496477,670.0491751040998,-2.540180139329912,667.50899496477,670.0491751040998,-2.540180139329912,0.0064545382326831775,0.010791307842015607,0.8265967147436835,3.6349673856761435
71,indoors,scene_00021,indoors/scene_00021/scan_00190,val/indoors/scene_00021/scan_00190/00021_00190_indoors_090_030.png,0,0,0,0,0,256,256,65536,0,65536.0,425.04987377640504,423.61170397150653,1.43816980489854,425.04987377640504,423.61170397150653,1.43816980489854,0.006711101836516394,0.0017749135496961887,0.15867785015412736,-0.05000898775026058
71,indoors,scene_00021,indoors/scene_00021/scan_00190,val/indoors/scene_00021/scan_00190/00021_00190_indoors_090_030.png,1,0,1,256,0,512,256,65516,1023,69608.0,2534.271636655946,2552.912994636318,-18.641357980371772,1441.8520836676762,1445.734627121862,-3.882543454185548,0.008048926941139714,0.008220987538537254,0.01489254725953333,0.3408954825363612
71,indoors,scene_00021,indoors/scene_00021/scan_00190,val/indoors/scene_00021/scan_00190/00021_00190_indoors_090_030.png,2,0,2,512,0,768,256,64748,2073,73040.0,5564.182946654191,6179.793276973654,-615.6103303194627,3163.9740860020624,3333.4493755870362,-169.47528958497367,0.006179523169265731,0.01183509682627519,0.336449432749045,-0.14461860299038534
71,indoors,scene_00021,indoors/scene_00021/scan_00190,val/indoors/scene_00021/scan_00190/00021_00190_indoors_090_030.png,3,0,3,768,0,1024,256,64045,1071,68329.0,4422.804551375873,4470.167513285947,-47.36296191007415,3416.2596596832823,3441.452242384012,-25.192582700730256,0.004773020109242041,0.009104590976702956,0.6286385022262022,0.0358170756394831
71,indoors,scene_00021,indoors/scene_00021/scan_00190,val/indoors/scene_00021/scan_00190/00021_00190_indoors_090_030.png,4,1,0,0,256,256,512,65536,0,65536.0,1392.4223258084157,1390.7695758603486,1.6527499480669494,1392.4223258084157,1390.7695758603486,1.6527499480669494,0.007006596070668954,0.0022922866896373183,0.18521191666474518,0.4706186304766095
71,indoors,scene_00021,indoors/scene_00021/scan_00190,val/indoors/scene_00021/scan_00190/00021_00190_indoors_090_030.png,5,1,1,256,256,512,512,65536,527,67644.0,1575.8431512972818,1627.2160087174154,-51.37285742013351,948.8396881507872,1002.7794677579791,-53.939779607191895,0.006474991552663078,0.009915914268485508,0.6454868095358267,-0.09680018351802065
71,indoors,scene_00021,indoors/scene_00021/scan_00190,val/indoors/scene_00021/scan_00190/00021_00190_indoors_090_030.png,6,1,2,512,256,768,512,52019,12272,101107.0,23122.394790907394,22697.25873161094,425.1360592964554,6773.08861720594,6677.943020693595,95.14559651234453,0.012520847093071932,0.033833331156830626,0.6832780061252065,0.474738620891909
71,indoors,scene_00021,indoors/scene_00021/scan_00190,val/indoors/scene_00021/scan_00190/00021_00190_indoors_090_030.png,7,1,3,768,256,1024,512,34512,6942,62280.0,8513.035937892653,8513.493543312448,-0.4576054197961952,2894.625005209963,2936.7982631286322,-42.17325791866864,0.011508575575037058,0.02991539332994538,0.6584461023985773,0.721326510821017
71,indoors,scene_00021,indoors/scene_00021/scan_00190,val/indoors/scene_00021/scan_00190/00021_00190_indoors_090_030.png,8,2,0,0,512,256,768,65536,0,65536.0,3714.1676755067033,3712.293972498891,1.8737030078122698,3714.1676755067033,3712.293972498891,1.8737030078122698,0.00752090294166934,0.0028532081260188424,0.13723769419194243,1.1729857008878313
71,indoors,scene_00021,indoors/scene_00021/scan_00190,val/indoors/scene_00021/scan_00190/00021_00190_indoors_090_030.png,9,2,1,256,512,512,768,65421,1116,69885.0,3889.2697954639966,3773.452165700406,115.8176297635905,2896.4442142401517,2877.2952929245675,19.148921315584154,0.0064699783697837205,0.008200244439137819,0.5710390045304701,1.2234781053937607
71,indoors,scene_00021,indoors/scene_00021/scan_00190,val/indoors/scene_00021/scan_00190/00021_00190_indoors_090_030.png,10,2,2,512,512,768,768,60018,24671,158702.0,41067.66136299074,40916.77403658477,150.88732640596157,10020.264572409136,9964.704717392724,55.559855016414105,0.01222119332920316,0.0445129647794165,0.683439774991817,1.2720842174758045
71,indoors,scene_00021,indoors/scene_00021/scan_00190,val/indoors/scene_00021/scan_00190/00021_00190_indoors_090_030.png,11,2,3,768,512,1024,768,56098,22757,147126.0,34695.347171850895,35816.40418168811,-1121.0570098372073,8378.437738498094,8884.234144573053,-505.7964060749581,0.011411959582501728,0.04037276140894058,0.2941682556426809,1.9351864764339974
72,indoors,scene_00021,indoors/scene_00021/scan_00190,val/indoors/scene_00021/scan_00190/00021_00190_indoors_100_010.png,0,0,0,0,0,256,256,65536,0,65536.0,621.7188625889465,615.6542407736347,6.064621815311735,621.7188625889465,615.6542407736347,6.064621815311735,0.005381898852002497,0.0011147627072012934,0.3309457402801026,0.05340352515028762
72,indoors,scene_00021,indoors/scene_00021/scan_00190,val/indoors/scene_00021/scan_00190/00021_00190_indoors_100_010.png,1,0,1,256,0,512,256,65536,0,65536.0,457.4780745728054,456.7424063655604,0.7356682072450236,457.4780745728054,456.7424063655604,0.7356682072450236,0.007143685382512105,0.0009557133792051467,0.07800520383734444,0.916675507692021
72,indoors,scene_00021,indoors/scene_00021/scan_00190,val/indoors/scene_00021/scan_00190/00021_00190_indoors_100_010.png,2,0,2,512,0,768,256,65400,1499,71396.0,3205.3623312208474,3232.8895432486343,-27.52721202778644,1502.0722453614148,1513.2296674628951,-11.1574221014802,0.007229967801887088,0.009846677000363117,0.4861897052895356,0.9769719366550988
72,indoors,scene_00021,indoors/scene_00021/scan_00190,val/indoors/scene_00021/scan_00190/00021_00190_indoors_100_010.png,3,0,3,768,0,1024,256,63484,25244,164460.0,49556.46864743256,50010.92974365064,-454.46109621807636,11207.512882730167,11340.551366537908,-133.03848380774104,0.012745536450255683,0.041223427972755945,0.4967673862324485,1.658242353541203
72,indoors,scene_00021,indoors/scene_00021/scan_00190,val/indoors/scene_00021/scan_00190/00021_00190_indoors_100_010.png,4,1,0,0,256,256,512,65535,258,66567.0,1138.6145099354228,1149.1337020896208,-10.519192154197968,1054.901811233031,1065.4017559849335,-10.499944751902781,0.00620082118740008,0.0018457908643884587,0.14397938987444597,0.7969968151720231
72,indoors,scene_00021,indoors/scene_00021/scan_00190,val/indoors/scene_00021/scan_00190/00021_00190_indoors_100_010.png,5,1,1,256,256,512,512,65536,461,67380.0,468.75458178255656,468.5431608369738,0.21142094558265545,310.29366956869995,310.36361019644113,-0.06994062774124027,0.007550945284243108,0.0010051861978031668,0.08356149147126135,0.9035074660687291
72,indoors,scene_00021,indoors/scene_00021/scan_00190,val/indoors/scene_00021/scan_00190/00021_00190_indoors_100_010.png,6,1,2,512,256,768,512,65216,6984,93152.0,12120.534635323194,12180.29489249849,-59.760257175294896,2982.4787051328376,3031.01372854286,-48.535023410022085,0.007463817439162907,0.014981407505324503,0.5586505538682497,0.949404158573926
72,indoors,scene_00021,indoors/scene_00021/scan_00190,val/indoors/scene_00021/scan_00190/00021_00190_indoors_100_010.png,7,1,3,768,256,1024,512,64696,6378,90208.0,11597.340252577957,11476.588807750191,120.75144482776477,4435.411729028954,4350.888478271856,84.52325075709891,0.013459927254225179,0.01530745273576673,0.7003602975446648,0.8284102691157068
72,indoors,scene_00021,indoors/scene_00021/scan_00190,val/indoors/scene_00021/scan_00190/00021_00190_indoors_100_010.png,8,2,0,0,512,256,768,63533,11661,110177.0,69860.41761426596,69562.71970673892,297.69790752704523,14789.214634422078,14719.228275408754,69.986359013324,0.007277443844773224,0.007014679394196743,0.28608801283642454,0.6951312278760743
72,indoors,scene_00021,indoors/scene_00021/scan_00190,val/indoors/scene_00021/scan_00190/00021_00190_indoors_100_010.png,9,2,1,256,512,512,768,65536,12,65584.0,443.4989692606322,442.51573609095885,0.9832331696733667,439.1755017943431,438.1922691753689,0.9832326189743033,0.00607867299496809,0.001097506541041341,0.17394159654780242,0.8236492074919878
72,indoors,scene_00021,indoors/scene_00021/scan_00190,val/indoors/scene_00021/scan_00190/00021_00190_indoors_100_010.png,10,2,2,512,512,768,768,65383,3487,79331.0,4488.1877504128215,4951.707454270023,-463.5197038572011,1542.8488885331546,1721.8505974292545,-179.00170889610013,0.007624436264131866,0.014115194555196922,0.6642340872169746,-0.36012413859274994
72,indoors,scene_00021,indoors/scene_00021/scan_00190,val/indoors/scene_00021/scan_00190/00021_00190_indoors_100_010.png,11,2,3,768,512,1024,768,64142,21969,152018.0,35687.88119934087,35531.121921569196,156.7592777716706,8942.176266797807,8878.480173553336,63.69609324447038,0.023497307840531098,0.027648847994775492,0.6320120961423924,1.6644587219808136
73,indoors,scene_00021,indoors/scene_00021/scan_00190,val/indoors/scene_00021/scan_00190/00021_00190_indoors_110_050.png,0,0,0,0,0,256,256,65055,19595,143435.0,23041.577802499633,23067.101766657128,-25.523964157492486,7511.225466907794,7512.656852791223,-1.4313858834294706,0.009087870963846086,0.019155701530715906,0.4070123745175129,4.529594248337365
73,indoors,scene_00021,indoors/scene_00021/scan_00190,val/indoors/scene_00021/scan_00190/00021_00190_indoors_110_050.png,1,0,1,256,0,512,256,65446,14181,122170.0,8593.241922016117,8370.544528122997,222.69739389312173,3245.710806383313,3187.8428183512415,57.867988032071324,0.012209894974157528,0.025568953469474368,0.9608114389560842,1.7475473483844157
73,indoors,scene_00021,indoors/scene_00021/scan_00190,val/indoors/scene_00021/scan_00190/00021_00190_indoors_110_050.png,2,0,2,512,0,768,256,65536,1515,71596.0,1744.561866646072,1739.0664914208583,5.495375225213909,1581.0492796793774,1573.952592891043,7.096686788334544,0.016474241055535077,0.005627200099644552,0.8781740920176722,1.0162487451722215
73,indoors,scene_00021,indoors/scene_00021/scan_00190,val/indoors/scene_00021/scan_00190/00021_00190_indoors_110_050.png,3,0,3,768,0,1024,256,65536,656,68160.0,767.6437887780723,760.8975791059404,6.746209672131933,736.6291528411011,729.9176620073137,6.711490833787431,0.012818058217275479,0.005705425729686141,0.6763273107947848,0.7903869341017671
73,indoors,scene_00021,indoors/scene_00021/scan_00190,val/indoors/scene_00021/scan_00190/00021_00190_indoors_110_050.png,4,1,0,0,256,256,512,65496,13877,121004.0,10643.495533554227,11023.400767779098,-379.9052342248702,5673.624061782228,5810.716430556764,-137.09236877453696,0.011554540540403689,0.013217526207359524,0.9291602357341417,-0.8138034643238643
73,indoors,scene_00021,indoors/scene_00021/scan_00190,val/indoors/scene_00021/scan_00190/00021_00190_indoors_110_050.png,5,1,1,256,256,512,512,65536,5332,86864.0,3651.3869409931276,3648.267508567382,3.119432425746063,2856.474633138931,2858.1543670766177,-1.679733937686545,0.015497316123961533,0.006399748062013173,0.6194619604380603,0.15007992308031534
73,indoors,scene_00021,indoors/scene_00021/scan_00190,val/indoors/scene_00021/scan_00190/00021_00190_indoors_110_050.png,6,1,2,512,256,768,512,65536,2623,76028.0,1300.0364153410428,1297.9676950715882,2.0687202694545714,1164.8983535798457,1165.1145522409593,-0.2161986611139552,0.013466866408204273,0.0049783937967409035,0.40022685714874096,0.36289746145578805
73,indoors,scene_00021,indoors/scene_00021/scan_00190,val/indoors/scene_00021/scan_00190/00021_00190_indoors_110_050.png,7,1,3,768,256,1024,512,65536,2376,75040.0,1904.262687823143,1892.9402590852333,11.322428737909805,1858.7674824033793,1854.2849259137768,4.48255648960262,0.01104402199754763,0.003849119027034065,0.3868289266267759,1.0485676373326536
73,indoors,scene_00021,indoors/scene_00021/scan_00190,val/indoors/scene_00021/scan_00190/00021_00190_indoors_110_050.png,8,2,0,0,512,256,768,65536,8326,98840.0,4079.9594442962357,4083.688047016357,-3.7286027201212915,1964.6055533273413,1965.319960730284,-0.7144074029424512,0.008540371952800632,0.0037037910077452173,0.22685533127571444,0.23002813339976394
73,indoors,scene_00021,indoors/scene_00021/scan_00190,val/indoors/scene_00021/scan_00190/00021_00190_indoors_110_050.png,9,2,1,256,512,512,768,65536,386,67080.0,1663.3194601608302,1661.5947724364366,1.7246877243936742,1600.629291035104,1598.9788146411297,1.6504763939745475,0.006257197543181723,0.002686146984621128,0.24083980708320263,0.46412416603043205
73,indoors,scene_00021,indoors/scene_00021/scan_00190,val/indoors/scene_00021/scan_00190/00021_00190_indoors_110_050.png,10,2,2,512,512,768,768,65536,0,65536.0,3448.737177414722,3446.915587967848,1.8215894468741547,3448.737177414722,3446.915587967848,1.8215894468741547,0.007250713744771524,0.002867694315669527,0.22313690558537355,0.9062187337990032
73,indoors,scene_00021,indoors/scene_00021/scan_00190,val/indoors/scene_00021/scan_00190/00021_00190_indoors_110_050.png,11,2,3,768,512,1024,768,65457,9709,104293.0,36486.58463930655,36508.967339718576,-22.38270041203006,12350.621705878786,12347.280161428658,3.3415444501272287,0.009180729480333214,0.005172902374977959,0.15856738385782362,1.6834785320233232
74,indoors,scene_00021,indoors/scene_00021/scan_00190,val/indoors/scene_00021/scan_00190/00021_00190_indoors_120_020.png,0,0,0,0,0,256,256,65536,20456,147360.0,3270.826929231786,3286.097615567615,-15.270686335828481,1077.2118228593113,1082.2377632382108,-5.025940378899527,0.004161211547133563,0.0027435683880451165,0.15174327233238394,0.012082983499233091
74,indoors,scene_00021,indoors/scene_00021/scan_00190,val/indoors/scene_00021/scan_00190/00021_00190_indoors_120_020.png,1,0,1,256,0,512,256,65536,271,66620.0,735.9148861000899,742.2903593555179,-6.375473255427953,729.0563209683964,735.3313558138254,-6.275034845428882,0.006568311473190444,0.0033006997863578936,0.37573086074899315,0.10148379153697906
74,indoors,scene_00021,indoors/scene_00021/scan_00190,val/indoors/scene_00021/scan_00190/00021_00190_indoors_120_020.png,2,0,2,512,0,768,256,65536,0,65536.0,1188.465794777916,1186.9441715354633,1.5216232424527134,1188.465794777916,1186.9441715354633,1.5216232424527134,0.006496051170388614,0.0035019489675236393,0.0007096352723642891,2.0734033829832996
74,indoors,scene_00021,indoors/scene_00021/scan_00190,val/indoors/scene_00021/scan_00190/00021_00190_indoors_120_020.png,3,0,3,768,0,1024,256,65536,0,65536.0,862.3967358528182,864.8785502959378,-2.4818144431194558,862.3967358528182,864.8785502959378,-2.4818144431194558,0.007469133141987748,0.004050949985156747,0.26953592196980813,2.1444025563161464
74,indoors,scene_00021,indoors/scene_00021/scan_00190,val/indoors/scene_00021/scan_00190/00021_00190_indoors_120_020.png,4,1,0,0,256,256,512,65536,10726,108440.0,1968.684584275534,1970.6512099835359,-1.9666257080018124,1016.1226668937004,1016.8775320081411,-0.7548651144407765,0.004586017097426203,0.00463200725893085,0.6651046439205051,0.08900546438867996
74,indoors,scene_00021,indoors/scene_00021/scan_00190,val/indoors/scene_00021/scan_00190/00021_00190_indoors_120_020.png,5,1,1,256,256,512,512,65536,66,65800.0,318.69316154322075,318.39791651289795,0.2952450303227552,317.8438737632402,317.5609077048318,0.2829660584083953,0.005514739155399564,0.0033748630448845896,0.45842428026533577,0.7613747164626663
74,indoors,scene_00021,indoors/scene_00021/scan_00190,val/indoors/scene_00021/scan_00190/00021_00190_indoors_120_020.png,6,1,2,512,256,768,512,65536,0,65536.0,453.2365648956853,454.5551758431396,-1.318610947454264,453.2365648956853,454.5551758431396,-1.318610947454264,0.005272702324644157,0.00366568231966713,0.3224407157860429,1.4748471991419883
74,indoors,scene_00021,indoors/scene_00021/scan_00190,val/indoors/scene_00021/scan_00190/00021_00190_indoors_120_020.png,7,1,3,768,256,1024,512,65536,210,66376.0,268.3603819887926,266.9133080251337,1.4470739636589145,265.30735602859386,263.95476118834733,1.3525948402465817,0.007401942786489668,0.003957090640714883,0.27376161386587006,2.3149973567921456
74,indoors,scene_00021,indoors/scene_00021/scan_00190,val/indoors/scene_00021/scan_00190/00021_00190_indoors_120_020.png,8,2,0,0,512,256,768,65103,16195,129883.0,20408.842437379848,20269.424193430845,139.41824394899987,9182.150276913133,9144.780808498565,37.369468414569056,0.018425033204865833,0.02514581777415715,0.684297512141388,0.48443113494900225
74,indoors,scene_00021,indoors/scene_00021/scan_00190,val/indoors/scene_00021/scan_00190/00021_00190_indoors_120_020.png,9,2,1,256,512,512,768,64940,27668,175612.0,16043.729985352464,16354.937793003206,-311.2078076507428,4989.312552217518,5083.828746502664,-94.516194285147,0.011231914731840667,0.016410053107422697,0.6413739441973314,0.9600172794136811
74,indoors,scene_00021,indoors/scene_00021/scan_00190,val/indoors/scene_00021/scan_00190/00021_00190_indoors_120_020.png,10,2,2,512,512,768,768,65536,2727,76444.0,675.0611188302026,732.139266806884,-57.07814797668127,332.37487796071264,373.07428185385703,-40.699403893144385,0.006927417099653111,0.0046066695442408545,0.8383275088163097,1.4885825914570956
74,indoors,scene_00021,indoors/scene_00021/scan_00190,val/indoors/scene_00021/scan_00190/00021_00190_indoors_120_020.png,11,2,3,768,512,1024,768,65536,223,66428.0,470.4726223517018,469.1267341795842,1.345888172117603,468.45790165231426,467.1126624064283,1.3452392458859574,0.007115012222407459,0.00391969290845316,0.23290865171555217,2.65471186430995
75,indoors,scene_00021,indoors/scene_00021/scan_00190,val/indoors/scene_00021/scan_00190/00021_00190_indoors_130_030.png,0,0,0,0,0,256,256,65480,34672,204168.0,22471.23580670766,24492.76511673437,-2021.5293100267072,6276.617200041923,6760.424430821972,-483.80723078004826,0.009867368595775779,0.017169562355121726,0.8250925951348712,0.4822099984115126
75,indoors,scene_00021,indoors/scene_00021/scan_00190,val/indoors/scene_00021/scan_00190/00021_00190_indoors_130_030.png,1,0,1,256,0,512,256,65536,32635,196076.0,3373.1389270212676,3417.4557439917407,-44.31681697047235,1165.6986087905907,1191.9828171277916,-26.284208337200837,0.010224249659094459,0.009466152991744949,0.47016262014765775,0.5551487790324108
75,indoors,scene_00021,indoors/scene_00021/scan_00190,val/indoors/scene_00021/scan_00190/00021_00190_indoors_130_030.png,2,0,2,512,0,768,256,65536,7374,95032.0,1344.354912334248,1326.89738159333,17.45753074091821,1080.0862161831624,1072.2560657814506,7.830150401711659,0.010687939882050138,0.005801714899744778,0.5727575072404595,0.8082273721242901
75,indoors,scene_00021,indoors/scene_00021/scan_00190,val/indoors/scene_00021/scan_00190/00021_00190_indoors_130_030.png,3,0,3,768,0,1024,256,65536,104,65952.0,1932.9254680532395,1973.3787999021506,-40.45333184891156,1920.6909903994035,1961.1277283856718,-40.43673798626863,0.006462042972077861,0.005004686760606998,1.2828962727188509,0.14327429243146406
75,indoors,scene_00021,indoors/scene_00021/scan_00190,val/indoors/scene_00021/scan_00190/00021_00190_indoors_130_030.png,4,1,0,0,256,256,512,65536,182,66264.0,1122.1246091514479,1132.2390517069662,-10.114442555518277,1099.5824050318547,1109.240445049479,-9.658040017624286,0.0044010164007023695,0.003843520444809171,0.4242770489729921,0.23643656227181004
75,indoors,scene_00021,indoors/scene_00021/scan_00190,val/indoors/scene_00021/scan_00190/00021_00190_indoors_130_030.png,5,1,1,256,256,512,512,65536,248,66528.0,796.7631142353068,798.346368203247,-1.5832539679401734,746.6455319183638,748.3084986575557,-1.6629667391920038,0.0044157089946038845,0.005506459566621909,0.39058132543038854,0.3100764697335554
75,indoors,scene_00021,indoors/scene_00021/scan_00190,val/indoors/scene_00021/scan_00190/00021_00190_indoors_130_030.png,6,1,2,512,256,768,512,65536,0,65536.0,453.4095462105189,461.4613957298217,-8.051849519302841,453.4095462105189,461.4613957298217,-8.051849519302841,0.006755680856276097,0.004936474682520701,0.6041242784586108,0.9994338915881598
75,indoors,scene_00021,indoors/scene_00021/scan_00190,val/indoors/scene_00021/scan_00190/00021_00190_indoors_130_030.png,7,1,3,768,256,1024,512,65536,0,65536.0,644.469888830163,665.5361860388988,-21.06629720873572,644.469888830163,665.5361860388988,-21.06629720873572,0.006433861057874751,0.005309264949400854,0.6832772631166815,1.8924592954094266
75,indoors,scene_00021,indoors/scene_00021/scan_00190,val/indoors/scene_00021/scan_00190/00021_00190_indoors_130_030.png,8,2,0,0,512,256,768,65360,2237,74308.0,4686.752302270791,4755.889678074444,-69.13737580365279,2825.1401157991577,2898.8321529772843,-73.69203717812658,0.006683208012221579,0.013180219171785844,0.5361703309310858,0.8164714653027466
75,indoors,scene_00021,indoors/scene_00021/scan_00190,val/indoors/scene_00021/scan_00190/00021_00190_indoors_130_030.png,9,2,1,256,512,512,768,65530,1169,70206.0,2602.4007334581092,2592.669194389504,9.731539068605208,1853.9794982098772,1833.0598444409163,20.919653768960732,0.005493244494071867,0.010680213195306897,0.838531577130673,0.553532845455074
75,indoors,scene_00021,indoors/scene_00021/scan_00190,val/indoors/scene_00021/scan_00190/00021_00190_indoors_130_030.png,10,2,2,512,512,768,768,65536,0,65536.0,1183.9783551341052,1183.5860219460947,0.39233318801042,1183.9783551341052,1183.5860219460947,0.39233318801042,0.0054754515205008274,0.00499252786027784,0.506695585174628,1.6946260779775986
75,indoors,scene_00021,indoors/scene_00021/scan_00190,val/indoors/scene_00021/scan_00190/00021_00190_indoors_130_030.png,11,2,3,768,512,1024,768,65536,0,65536.0,586.8750128680032,584.5867128175292,2.288300050473901,586.8750128680032,584.5867128175292,2.288300050473901,0.005317045154314973,0.0051961066445216295,0.5296517108909754,2.8261165026049224
76,indoors,scene_00021,indoors/scene_00021/scan_00190,val/indoors/scene_00021/scan_00190/00021_00190_indoors_150_030.png,0,0,0,0,0,256,256,65484,6193,90256.0,5835.688611060736,5870.704562915413,-35.01595185467824,2209.4457340285635,2223.637843145625,-14.192109117061907,0.017593901711991284,0.008365956293907894,0.4502447324189137,1.1134860090987007
76,indoors,scene_00021,indoors/scene_00021/scan_00190,val/indoors/scene_00021/scan_00190/00021_00190_indoors_150_030.png,1,0,1,256,0,512,256,65516,12964,117372.0,10569.588685869987,10547.389072324768,22.19961354521609,4534.782602142207,4523.245548486446,11.53705365576145,0.008985644758536564,0.017483346231743534,0.5824619856581554,0.9648206336008056
76,indoors,scene_00021,indoors/scene_00021/scan_00190,val/indoors/scene_00021/scan_00190/00021_00190_indoors_150_030.png,2,0,2,512,0,768,256,65453,33918,201125.0,20615.53579196222,20986.738360824806,-371.20256886258744,5318.2431817300185,5384.287632771437,-66.04445104141813,0.010562093494702026,0.018476515306871742,0.6092450298690149,0.6359500257643224
76,indoors,scene_00021,indoors/scene_00021/scan_00190,val/indoors/scene_00021/scan_00190/00021_00190_indoors_150_030.png,3,0,3,768,0,1024,256,65536,6657,92164.0,3591.881375053117,3532.081544647397,59.7998304057199,2591.6580592793416,2566.0857460369907,25.57231324235123,0.010264385009139768,0.007898474803135132,0.20299402410278972,1.8350403853393455
76,indoors,scene_00021,indoors/scene_00021/scan_00190,val/indoors/scene_00021/scan_00190/00021_00190_indoors_150_030.png,4,1,0,0,256,256,512,65511,5439,87267.0,11179.684283121904,11138.65172629904,41.032556822863604,3057.795338774822,3053.781766321378,4.013572453443585,0.023914705348195342,0.003390761066402297,0.33390175189123283,0.8244568358461757
76,indoors,scene_00021,indoors/scene_00021/scan_00190,val/indoors/scene_00021/scan_00190/00021_00190_indoors_150_030.png,5,1,1,256,256,512,512,65536,287,66684.0,804.9343262473318,803.9538771061891,0.980449141142695,799.8107823231071,798.8642278819732,0.9465544411339311,0.004426610169210548,0.0031039797000561023,0.3309596163430446,0.780571618113559
76,indoors,scene_00021,indoors/scene_00021/scan_00190,val/indoors/scene_00021/scan_00190/00021_00190_indoors_150_030.png,6,1,2,512,256,768,512,65536,3320,78816.0,1315.0199154318411,1314.2520550579832,0.7678603738581222,974.2392706315301,974.2910729029692,-0.05180227143902938,0.00426254260449715,0.00443438805732431,0.35091541378421676,0.423028402780256
76,indoors,scene_00021,indoors/scene_00021/scan_00190,val/indoors/scene_00021/scan_00190/00021_00190_indoors_150_030.png,7,1,3,768,256,1024,512,65536,27,65644.0,1176.6059720555809,1176.5405043736728,0.06546768190780528,1173.7625945541017,1173.6908288233647,0.07176573073691772,0.005031432974193108,0.007804528476608022,0.6346433456625679,0.5130752100175607
76,indoors,scene_00021,indoors/scene_00021/scan_00190,val/indoors/scene_00021/scan_00190/00021_00190_indoors_150_030.png,8,2,0,0,512,256,768,65527,5724,88423.0,13266.909553131129,13198.594254238178,68.3152988929527,5109.868882165729,5075.34246143641,34.52642072931822,0.01764727338150641,0.003054345171295283,0.8550250437176926,0.23513028037000727
76,indoors,scene_00021,indoors/scene_00021/scan_00190,val/indoors/scene_00021/scan_00190/00021_00190_indoors_150_030.png,9,2,1,256,512,512,768,65536,0,65536.0,3121.6146871348274,3114.96200639011,6.652680744717006,3121.6146871348274,3114.96200639011,6.652680744717006,0.0043466995626410985,0.003238621144001143,0.478573691790629,0.40091575214966413
76,indoors,scene_00021,indoors/scene_00021/scan_00190,val/indoors/scene_00021/scan_00190/00021_00190_indoors_150_030.png,10,2,2,512,512,768,768,65470,2801,76674.0,3134.006603669305,3197.570134785046,-63.5635311157407,1776.5614536742164,1837.8786318181344,-61.317178143917715,0.006459055319799786,0.013236230250106118,0.4667786268972429,0.8992368214209292
76,indoors,scene_00021,indoors/scene_00021/scan_00190,val/indoors/scene_00021/scan_00190/00021_00190_indoors_150_030.png,11,2,3,768,512,1024,768,65521,1287,70669.0,2197.6697369086237,2151.765661754732,45.90407515389193,1579.3556139781904,1529.9156984720235,49.439915506167104,0.005857285204235561,0.013536759972260733,1.3500152798151415,0.6804394580160859
77,indoors,scene_00021,indoors/scene_00021/scan_00190,val/indoors/scene_00021/scan_00190/00021_00190_indoors_150_050.png,0,0,0,0,0,256,256,65536,913,69188.0,1390.019494502174,1383.3590398813508,6.660454620823385,1308.3541634201829,1301.8639629995887,6.490200420594352,0.012427333161303965,0.005623685899265,0.2962516542812284,3.196581842967739
77,indoors,scene_00021,indoors/scene_00021/scan_00190,val/indoors/scene_00021/scan_00190/00021_00190_indoors_150_050.png,1,0,1,256,0,512,256,65536,449,67332.0,543.4272880564757,531.7370635752322,11.690224481243533,530.2136989966089,519.2425390037632,10.971159992845632,0.005323732763347702,0.005534435931817215,1.1613469237293206,0.3422520275980092
77,indoors,scene_00021,indoors/scene_00021/scan_00190,val/indoors/scene_00021/scan_00190/00021_00190_indoors_150_050.png,2,0,2,512,0,768,256,65502,2726,76406.0,4500.602999094609,5164.276999819088,-663.6740007244789,1564.7896317494378,2051.942309460168,-487.1526777107302,0.004414271013070709,0.017306496746387085,0.20427683427264484,3.794741997722323
77,indoors,scene_00021,indoors/scene_00021/scan_00190,val/indoors/scene_00021/scan_00190/00021_00190_indoors_150_050.png,3,0,3,768,0,1024,256,65162,15406,126786.0,35291.5876118281,36000.512944456656,-708.9253326285512,10135.974839559014,10255.925687742218,-119.95084818320552,0.01048472070026428,0.03030251206601173,1.037724021963954,2.840601749950767
77,indoors,scene_00021,indoors/scene_00021/scan_00190,val/indoors/scene_00021/scan_00190/00021_00190_indoors_150_050.png,4,1,0,0,256,256,512,65536,1094,69912.0,803.1936341900287,803.4994064649917,-0.3057722749628944,781.8521158029345,780.5817973437216,1.2703184592127796,0.010192433932895572,0.006148010158388145,0.6249297278633543,0.4361472195604574
77,indoors,scene_00021,indoors/scene_00021/scan_00190,val/indoors/scene_00021/scan_00190/00021_00190_indoors_150_050.png,5,1,1,256,256,512,512,65533,3853,80945.0,2523.1439062015666,2511.2286295339736,11.915276667592437,1141.7845149929021,1138.0055361531015,3.7789788398005237,0.01114485281828574,0.008672010129575861,0.6627932522005765,0.9579475174811877
77,indoors,scene_00021,indoors/scene_00021/scan_00190,val/indoors/scene_00021/scan_00190/00021_00190_indoors_150_050.png,6,1,2,512,256,768,512,64909,21292,150077.0,46798.47726248138,47312.735436760355,-514.2581742789846,10951.372836204731,11141.853534722926,-190.48069851819326,0.010304917565527894,0.032197634728186944,0.8053818845678369,1.102485027444583
77,indoors,scene_00021,indoors/scene_00021/scan_00190,val/indoors/scene_00021/scan_00190/00021_00190_indoors_150_050.png,7,1,3,768,256,1024,512,65513,6008,89545.0,6815.763885191184,6848.861699454165,-33.097814262981125,2208.216872366402,2273.3377286274167,-65.12085626101447,0.011175673684099155,0.013279804506266112,0.7742385115875878,1.1364065737748557
77,indoors,scene_00021,indoors/scene_00021/scan_00190,val/indoors/scene_00021/scan_00190/00021_00190_indoors_150_050.png,8,2,0,0,512,256,768,65480,5142,86048.0,7865.362333436687,7857.15677537544,8.205558061247288,2645.2772580640894,2645.6712898266683,-0.3940317625783991,0.020170938619197627,0.005800777761904963,0.28114374234858,0.5567771977460818
77,indoors,scene_00021,indoors/scene_00021/scan_00190,val/indoors/scene_00021/scan_00190/00021_00190_indoors_150_050.png,9,2,1,256,512,512,768,65519,6036,89663.0,4888.172861205165,4555.8890799460805,332.28378125908506,1969.5989419778505,1905.1460924766993,64.4528495011514,0.007570428766887992,0.015096734286907366,0.478238256679744,0.5622744444442044
77,indoors,scene_00021,indoors/scene_00021/scan_00190,val/indoors/scene_00021/scan_00190/00021_00190_indoors_150_050.png,10,2,2,512,512,768,768,65497,13437,119245.0,7183.994793634827,7489.450752692159,-305.45595905733245,2006.2352283198743,2140.297103246183,-134.06187492630832,0.00951934101667882,0.013819037919781917,0.48158805416241435,0.4070379187922734
77,indoors,scene_00021,indoors/scene_00021/scan_00190,val/indoors/scene_00021/scan_00190/00021_00190_indoors_150_050.png,11,2,3,768,512,1024,768,65536,2170,74216.0,1327.0325674405603,1310.9392142666802,16.09335317388011,1263.1677826674213,1252.8702051448813,10.297577522540038,0.009067318739756686,0.005264764221391334,0.3070172271492755,0.7213383773389327
78,indoors,scene_00021,indoors/scene_00021/scan_00190,val/indoors/scene_00021/scan_00190/00021_00190_indoors_190_000.png,0,0,0,0,0,256,256,65536,0,65536.0,1233.5651433077858,1236.6630016064714,-3.097858298685781,1233.5651433077858,1236.6630016064714,-3.097858298685781,0.004696613328257942,0.0034872960867230324,0.017730468304282487,1.3592596317396186
78,indoors,scene_00021,indoors/scene_00021/scan_00190,val/indoors/scene_00021/scan_00190/00021_00190_indoors_190_000.png,1,0,1,256,0,512,256,65536,679,68252.0,860.2379942211194,865.9820792298707,-5.744085008751211,503.25810370431077,509.0067109199564,-5.748607215645596,0.005636222283630375,0.0027489824719964993,0.1849997406609612,1.3543077479442238
78,indoors,scene_00021,indoors/scene_00021/scan_00190,val/indoors/scene_00021/scan_00190/00021_00190_indoors_190_000.png,2,0,2,512,0,768,256,65536,2498,75528.0,3122.8853184613945,3159.185607425833,-36.300288964438906,1622.2848738117193,1649.7088666401405,-27.4239928284212,0.012730399162645218,0.0025710613610299615,0.888796138568991,0.17079266912727675
78,indoors,scene_00021,indoors/scene_00021/scan_00190,val/indoors/scene_00021/scan_00190/00021_00190_indoors_190_000.png,3,0,3,768,0,1024,256,65326,2101,73730.0,5821.661778448088,5827.118733421373,-5.456954973284603,2911.3168997189086,2915.638054551852,-4.321154832942662,0.012436794644178215,0.0024026657427619093,0.7244546922182005,0.46091594800930913
78,indoors,scene_00021,indoors/scene_00021/scan_00190,val/indoors/scene_00021/scan_00190/00021_00190_indoors_190_000.png,4,1,0,0,256,256,512,48638,11083,92970.0,12935.667406478511,12928.331174940919,7.336231537594912,3034.6360550255326,3047.117142879113,-12.481087853580059,0.010513337564523221,0.021579779162794327,0.49671611109236913,0.5977103176368219
78,indoors,scene_00021,indoors/scene_00021/scan_00190,val/indoors/scene_00021/scan_00190/00021_00190_indoors_190_000.png,5,1,1,256,256,512,512,63903,23796,159087.0,54404.47362177256,54501.47726610329,-97.00364433073418,11886.686857687375,11918.544510790589,-31.857653103214233,0.013147317891572505,0.021635094148462892,0.6222459469206495,0.7764855272292159
78,indoors,scene_00021,indoors/scene_00021/scan_00190,val/indoors/scene_00021/scan_00190/00021_00190_indoors_190_000.png,6,1,2,512,256,768,512,65389,12733,116321.0,37581.331933365305,37550.2556642882,31.076269077114787,8681.304957462875,8678.92519763611,2.379759826763072,0.012236230368888797,0.01332492081169105,0.5794904055939187,0.985289026006069
78,indoors,scene_00021,indoors/scene_00021/scan_00190,val/indoors/scene_00021/scan_00190/00021_00190_indoors_190_000.png,7,1,3,768,256,1024,512,65515,2106,73939.0,3395.0383224379066,3411.869461932528,-16.831139494621556,2071.911044374354,2073.0206954831456,-1.1096511087914385,0.009787657390842384,0.003412102580802838,0.31331432646801877,1.642709306133919
78,indoors,scene_00021,indoors/scene_00021/scan_00190,val/indoors/scene_00021/scan_00190/00021_00190_indoors_190_000.png,8,2,0,0,512,256,768,65438,4833,84770.0,8816.019102757855,8853.697515295462,-37.67841253760657,4382.175442565009,4402.04308179547,-19.867639230461055,0.011259678398517249,0.019370341760499368,0.7030826518377794,0.4612321696816188
78,indoors,scene_00021,indoors/scene_00021/scan_00190,val/indoors/scene_00021/scan_00190/00021_00190_indoors_190_000.png,9,2,1,256,512,512,768,65512,6323,90804.0,10401.366330247654,11029.67910561836,-628.3127753707047,4136.484176255731,4381.292016555944,-244.80784030021323,0.020941596171874334,0.02616546608684911,0.7596340451162815,1.124041507148256
78,indoors,scene_00021,indoors/scene_00021/scan_00190,val/indoors/scene_00021/scan_00190/00021_00190_indoors_190_000.png,10,2,2,512,512,768,768,65477,9129,101993.0,9487.49506787305,9904.636936446484,-417.1418685734357,3087.212558935829,3277.6135203050767,-190.4009613692478,0.014625660587742367,0.03836361941001879,0.6509920832918253,1.5227679769223967
78,indoors,scene_00021,indoors/scene_00021/scan_00190,val/indoors/scene_00021/scan_00190/00021_00190_indoors_190_000.png,11,2,3,768,512,1024,768,65536,1452,71344.0,1785.2000713997047,1797.2812140405972,-12.081142640892434,1215.0685128517239,1226.4159272210527,-11.34741436932876,0.011738593511536553,0.018146442283271134,0.5750721870331702,1.370780678598554
79,indoors,scene_00021,indoors/scene_00021/scan_00190,val/indoors/scene_00021/scan_00190/00021_00190_indoors_270_010.png,0,0,0,0,0,256,256,65226,33020,197306.0,49289.063221323115,50108.87833891522,-819.8151175921224,15785.054636485474,15906.49901559098,-121.44437910550874,0.016540161311600195,0.030653023676480172,0.8625166999741655,-0.019364262955836677
79,indoors,scene_00021,indoors/scene_00021/scan_00190,val/indoors/scene_00021/scan_00190/00021_00190_indoors_270_010.png,1,0,1,256,0,512,256,65485,1642,72053.0,2084.566276961881,2066.327091361532,18.239185600349085,1423.7102404552684,1421.2149668685097,2.495273586758754,0.01082234348661935,0.0027063077558087353,0.14645445138718505,3.5587047505028826
79,indoors,scene_00021,indoors/scene_00021/scan_00190,val/indoors/scene_00021/scan_00190/00021_00190_indoors_270_010.png,2,0,2,512,0,768,256,65439,1138,69991.0,988.2241730886236,1193.1414907152584,-204.91731762663483,554.0588827836084,689.628871885975,-135.5699891023667,0.013288247152486676,0.002874931108632304,1.2569241019108948,0.9465972826945452
79,indoors,scene_00021,indoors/scene_00021/scan_00190,val/indoors/scene_00021/scan_00190/00021_00190_indoors_270_010.png,3,0,3,768,0,1024,256,65520,1447,71308.0,2061.4171014270955,2430.806331360341,-369.3892299332456,1188.3820660114309,1383.4337619167832,-195.05169590535235,0.0095871411183415,0.003636057146128977,0.056036429717919126,4.100627980097204
79,indoors,scene_00021,indoors/scene_00021/scan_00190,val/indoors/scene_00021/scan_00190/00021_00190_indoors_270_010.png,4,1,0,0,256,256,512,65499,16403,131111.0,26275.439140042727,26280.099984906366,-4.660844863636839,13273.509408794444,13322.46425902569,-48.95485023124775,0.01000815111791516,0.022460314807585664,0.6076644722202043,0.18807821934362806
79,indoors,scene_00021,indoors/scene_00021/scan_00190,val/indoors/scene_00021/scan_00190/00021_00190_indoors_270_010.png,5,1,1,256,256,512,512,65536,0,65536.0,660.6717284761228,655.4550205317453,5.216707944377552,660.6717284761228,655.4550205317453,5.216707944377552,0.016381257237178728,0.000971038141620641,0.42174634518537096,2.832110401207987
79,indoors,scene_00021,indoors/scene_00021/scan_00190,val/indoors/scene_00021/scan_00190/00021_00190_indoors_270_010.png,6,1,2,512,256,768,512,63078,3653,77690.0,7389.8580700447865,7362.223106981373,27.634963063413736,1741.8715514732464,1724.8786490032037,16.992902470042864,0.018861084466987567,0.0008758191718017678,1.0626336020231022,-0.10736612210196839
79,indoors,scene_00021,indoors/scene_00021/scan_00190,val/indoors/scene_00021/scan_00190/00021_00190_indoors_270_010.png,7,1,3,768,256,1024,512,63360,3015,75420.0,4469.573591077668,4703.518152984096,-233.94456190642796,1391.872954484575,1512.5341185483094,-120.66116406373396,0.008544444572405262,0.0030951353971501163,0.17600363256226026,3.870802948922643
79,indoors,scene_00021,indoors/scene_00021/scan_00190,val/indoors/scene_00021/scan_00190/00021_00190_indoors_270_010.png,8,2,0,0,512,256,768,65536,15501,127540.0,19297.916807058937,20967.482409473232,-1669.5656024142947,10900.28935768856,11240.678294019754,-340.38893633119295,0.008592189383648042,0.01777117059602917,0.5272392329651705,1.1365904817688275
79,indoors,scene_00021,indoors/scene_00021/scan_00190,val/indoors/scene_00021/scan_00190/00021_00190_indoors_270_010.png,9,2,1,256,512,512,768,65536,719,68412.0,1081.8535891063655,1080.9390834012847,0.9145057050806394,497.6212498231654,496.9167777527032,0.7044720704622243,0.015311994360554321,0.0014095049031076408,0.2501403873475893,3.3434946298537493
79,indoors,scene_00021,indoors/scene_00021/scan_00190,val/indoors/scene_00021/scan_00190/00021_00190_indoors_270_010.png,10,2,2,512,512,768,768,65536,0,65536.0,196.30623032966014,185.74613155935157,10.560098770308578,196.30623032966014,185.74613155935157,10.560098770308578,0.019274076366343415,0.0009998462653668405,1.4866587140563112,0.017833812538316174
79,indoors,scene_00021,indoors/scene_00021/scan_00190,val/indoors/scene_00021/scan_00190/00021_00190_indoors_270_010.png,11,2,3,768,512,1024,768,65536,1590,71896.0,2139.252981899926,2159.881496187694,-20.628514287768226,1074.5579941140438,1094.6309281582953,-20.072934044251554,0.008868053015161042,0.003121254998741568,0.09630440918495005,4.0969181433728314
80,indoors,scene_00021,indoors/scene_00021/scan_00191,val/indoors/scene_00021/scan_00191/00021_00191_indoors_020_040.png,0,0,0,0,0,256,256,65536,2121,74020.0,1810.1869180753024,1787.5538792313403,22.633038843962062,1649.3620674724932,1627.2702473857387,22.091820086754428,0.006841272775974893,0.005973216973595324,0.21635580167168836,3.0378723140552664
80,indoors,scene_00021,indoors/scene_00021/scan_00191,val/indoors/scene_00021/scan_00191/00021_00191_indoors_020_040.png,1,0,1,256,0,512,256,65536,6630,92056.0,2712.9600422259236,2704.7967656291444,8.163276596779212,2257.836567399943,2247.410939027742,10.425628372200642,0.009593214703206005,0.00926151713086863,0.5073162141368641,1.6137015388168796
80,indoors,scene_00021,indoors/scene_00021/scan_00191,val/indoors/scene_00021/scan_00191/00021_00191_indoors_020_040.png,2,0,2,512,0,768,256,65536,11053,109748.0,6242.980994063864,6269.723998078931,-26.743004015066568,4481.692652800488,4482.240118542171,-0.5474657416834141,0.00938902059683914,0.011120419216265243,0.8483503284590127,0.6222825096405192
80,indoors,scene_00021,indoors/scene_00021/scan_00191,val/indoors/scene_00021/scan_00191/00021_00191_indoors_020_040.png,3,0,3,768,0,1024,256,65536,7184,94272.0,8308.880356070656,8296.876193251717,12.004162818938855,6264.777976106996,6257.598661801932,7.179314305063449,0.006479476574279677,0.009806210678537639,0.8761327656698488,0.6620934868888394
80,indoors,scene_00021,indoors/scene_00021/scan_00191,val/indoors/scene_00021/scan_00191/00021_00191_indoors_020_040.png,4,1,0,0,256,256,512,65536,0,65536.0,1316.468664258823,1337.8996553782283,-21.430991119405192,1316.468664258823,1337.8996553782283,-21.430991119405192,0.005469086260219091,0.005762756590028215,1.2655386485656002,1.9811865397122281
80,indoors,scene_00021,indoors/scene_00021/scan_00191,val/indoors/scene_00021/scan_00191/00021_00191_indoors_020_040.png,5,1,1,256,256,512,512,65536,0,65536.0,1250.2483937405625,1249.5870176217509,0.6613761188119559,1250.2483937405625,1249.5870176217509,0.6613761188119559,0.004980015087445038,0.005769043180776784,0.7187773318584819,1.2712988092612214
80,indoors,scene_00021,indoors/scene_00021/scan_00191,val/indoors/scene_00021/scan_00191/00021_00191_indoors_020_040.png,6,1,2,512,256,768,512,65536,5461,87380.0,1634.7575498659635,1634.0355185509281,0.7220313150354384,1383.6226224936672,1382.0814152644134,1.5412072292535233,0.008053405991745928,0.006233676755857603,0.4606158113297042,0.7171124117906507
80,indoors,scene_00021,indoors/scene_00021/scan_00191,val/indoors/scene_00021/scan_00191/00021_00191_indoors_020_040.png,7,1,3,768,256,1024,512,65536,34792,204704.0,5377.977270767049,5357.130356941492,20.84691382555724,1803.9479683529412,1807.2116256527597,-3.2636572998185,0.011390499745137249,0.008358989636610694,0.6256765185350975,-0.08608225945973506
80,indoors,scene_00021,indoors/scene_00021/scan_00191,val/indoors/scene_00021/scan_00191/00021_00191_indoors_020_040.png,8,2,0,0,512,256,768,65521,6477,91429.0,788.2226772292547,999.0926040326581,-210.86992680340336,571.1879344009589,663.499553815202,-92.31161941424328,0.024757681180787475,0.00818434269672149,0.38936653168715313,4.2297418112261695
80,indoors,scene_00021,indoors/scene_00021/scan_00191,val/indoors/scene_00021/scan_00191/00021_00191_indoors_020_040.png,9,2,1,256,512,512,768,65535,2176,74239.0,838.2211332059625,812.7436629565797,25.477470249382748,596.4626445926156,586.2218735144779,10.240771078137723,0.00893100648113411,0.007305400344402667,0.24327804382187482,3.5409602557653574
80,indoors,scene_00021,indoors/scene_00021/scan_00191,val/indoors/scene_00021/scan_00191/00021_00191_indoors_020_040.png,10,2,2,512,512,768,768,65536,0,65536.0,662.3302814868778,663.3063685069874,-0.9760870201096372,662.3302814868778,663.3063685069874,-0.9760870201096372,0.005567144033990219,0.006077645797904014,0.6768110503803608,0.3278598678466826
80,indoors,scene_00021,indoors/scene_00021/scan_00191,val/indoors/scene_00021/scan_00191/00021_00191_indoors_020_040.png,11,2,3,768,512,1024,768,65536,2749,76532.0,1932.6649652881626,1909.6881359506392,22.976829337523075,1498.3843626095884,1483.1746090812999,15.209753528288479,0.00800095051972245,0.007493017522297461,0.4470329561808664,0.33745798693706563
81,indoors,scene_00021,indoors/scene_00021/scan_00191,val/indoors/scene_00021/scan_00191/00021_00191_indoors_060_050.png,0,0,0,0,0,256,256,65536,29139,182092.0,7189.959781843534,7176.367156971846,13.592624871687903,2288.2212669298897,2290.097618995715,-1.8763520658256956,0.006916583292756554,0.018728944797072117,0.7427102881424648,0.6995504802542691
81,indoors,scene_00021,indoors/scene_00021/scan_00191,val/indoors/scene_00021/scan_00191/00021_00191_indoors_060_050.png,1,0,1,256,0,512,256,65536,383,67068.0,677.2310333845545,677.5077469726854,-0.276713588130862,651.8522433506823,653.1560186291568,-1.3037752784745147,0.007343996456408742,0.008120617564789911,0.7867925656580281,-0.6123403835086455
81,indoors,scene_00021,indoors/scene_00021/scan_00191,val/indoors/scene_00021/scan_00191/00021_00191_indoors_060_050.png,2,0,2,512,0,768,256,65536,634,68072.0,937.9576204044863,933.0382586070193,4.91936179746703,881.1029835448716,879.3537884872039,1.7491950576675281,0.0062871512266499925,0.008036332157609958,1.3215565604676816,-2.077639448865125
81,indoors,scene_00021,indoors/scene_00021/scan_00191,val/indoors/scene_00021/scan_00191/00021_00191_indoors_060_050.png,3,0,3,768,0,1024,256,65536,2685,76276.0,1439.9904289898755,1446.2658090811383,-6.275380091262699,1304.6317325989326,1309.240086865879,-4.60835426694653,0.007843759348019804,0.00809494251684105,0.724274117232231,0.30058825552457696
81,indoors,scene_00021,indoors/scene_00021/scan_00191,val/indoors/scene_00021/scan_00191/00021_00191_indoors_060_050.png,4,1,0,0,256,256,512,65536,30639,188092.0,4171.501286358976,4191.601707069203,-20.10042071022596,1504.6314074866045,1513.085784485505,-8.45437699890054,0.005099483213509349,0.019755584652721866,0.6769975455344359,0.9891170083702494
81,indoors,scene_00021,indoors/scene_00021/scan_00191,val/indoors/scene_00021/scan_00191/00021_00191_indoors_060_050.png,5,1,1,256,256,512,512,65536,703,68348.0,708.3626457607878,707.82383204578,0.5388137150077031,663.0834782591578,662.7376144954442,0.34586376371360417,0.005645518142052899,0.008373298246816615,0.4374587383107628,0.41877530622235587
81,indoors,scene_00021,indoors/scene_00021/scan_00191,val/indoors/scene_00021/scan_00191/00021_00191_indoors_060_050.png,6,1,2,512,256,768,512,65536,683,68268.0,281.9705555865215,269.07834192283434,12.89221366368716,252.98175611392355,230.81340337810434,22.168352735819205,0.005658800834853687,0.008177934995041571,0.5375781666707584,0.4869377308718037
81,indoors,scene_00021,indoors/scene_00021/scan_00191,val/indoors/scene_00021/scan_00191/00021_00191_indoors_060_050.png,7,1,3,768,256,1024,512,65536,706,68360.0,226.270845575625,234.7423180371731,-8.471472461548089,202.8355741727746,212.36237545932417,-9.526801286549585,0.0062020087327291145,0.007963462435543613,0.389630511160279,0.1160099793438136
81,indoors,scene_00021,indoors/scene_00021/scan_00191,val/indoors/scene_00021/scan_00191/00021_00191_indoors_060_050.png,8,2,0,0,512,256,768,65536,12993,117508.0,1448.3151922205038,1416.8804928255408,31.434699394962813,835.1019384467761,820.8694344624334,14.23250398434254,0.0053282574387570145,0.015439670608555306,1.14956861242171,1.3856752039561997
81,indoors,scene_00021,indoors/scene_00021/scan_00191,val/indoors/scene_00021/scan_00191/00021_00191_indoors_060_050.png,9,2,1,256,512,512,768,65536,0,65536.0,674.5808244220202,669.9136660020465,4.667158419973758,674.5808244220202,669.9136660020465,4.667158419973758,0.005827373212754009,0.008786191521477426,0.6418086132944429,2.0633138501376886
81,indoors,scene_00021,indoors/scene_00021/scan_00191,val/indoors/scene_00021/scan_00191/00021_00191_indoors_060_050.png,10,2,2,512,512,768,768,65536,0,65536.0,126.35389524268155,127.15849236887745,-0.8045971261958997,126.35389524268155,127.15849236887745,-0.8045971261958997,0.007718941971566364,0.008580129281626866,1.3236163865959378,0.668995891760718
81,indoors,scene_00021,indoors/scene_00021/scan_00191,val/indoors/scene_00021/scan_00191/00021_00191_indoors_060_050.png,11,2,3,768,512,1024,768,65536,79,65852.0,183.04860651092548,188.32174746624924,-5.273140955323727,180.09491606160339,185.38195674572358,-5.28704068412018,0.00606055305134493,0.008852072415102882,0.9939889902101919,1.3472093960511315
82,indoors,scene_00021,indoors/scene_00021/scan_00191,val/indoors/scene_00021/scan_00191/00021_00191_indoors_220_000.png,0,0,0,0,0,256,256,65531,902,69139.0,14868.476080594817,14696.996438135327,171.47964245948936,14397.239044045411,14319.370803562188,77.8682404832237,0.01422543055702126,0.01204269090953562,0.6052630133691548,0.5392529546926312
82,indoors,scene_00021,indoors/scene_00021/scan_00191,val/indoors/scene_00021/scan_00191/00021_00191_indoors_220_000.png,1,0,1,256,0,512,256,65518,21456,151342.0,7242.031088787133,7169.957768366576,72.07332042055671,3127.5017978082515,3120.3364652896353,7.165332518616255,0.00485066624829363,0.008469315393442409,0.5337827681095755,0.5712091502796132
82,indoors,scene_00021,indoors/scene_00021/scan_00191,val/indoors/scene_00021/scan_00191/00021_00191_indoors_220_000.png,2,0,2,512,0,768,256,65536,1309,70772.0,2033.7742698225427,3505.288429225873,-1471.5141594033305,1865.8687699925053,2651.976624812469,-786.1078548199632,0.008389593639193421,0.011212155105835753,1.3115208130299414,2.015290588488188
82,indoors,scene_00021,indoors/scene_00021/scan_00191,val/indoors/scene_00021/scan_00191/00021_00191_indoors_220_000.png,3,0,3,768,0,1024,256,65536,0,65536.0,1107.6394504588488,1113.7178776487074,-6.078427189858473,1107.6394504588488,1113.7178776487074,-6.078427189858473,0.00787805762298116,0.012265007794623146,1.455034861341084,3.7140177251597604
82,indoors,scene_00021,indoors/scene_00021/scan_00191,val/indoors/scene_00021/scan_00191/00021_00191_indoors_220_000.png,4,1,0,0,256,256,512,65536,748,68528.0,14769.909579953088,14712.336429301027,57.573150652060505,14285.484479569455,14245.659312223486,39.8251673459696,0.016658846867263356,0.010297244859264806,0.6193220251918788,0.5450533522632217
82,indoors,scene_00021,indoors/scene_00021/scan_00191,val/indoors/scene_00021/scan_00191/00021_00191_indoors_220_000.png,5,1,1,256,256,512,512,65536,23822,160824.0,12757.055314797042,12643.917587539589,113.13772725745352,5731.87051621176,5725.844235839032,6.0262803727282455,0.003851371053558734,0.009384375712870818,0.5185026398017075,0.31830101498341534
82,indoors,scene_00021,indoors/scene_00021/scan_00191,val/indoors/scene_00021/scan_00191/00021_00191_indoors_220_000.png,6,1,2,512,256,768,512,65536,1378,71048.0,3017.298508481921,3072.7870803089027,-55.48857182698182,2706.22468472679,2750.732139031068,-44.5074543042781,0.007523024134333673,0.011846836466075298,1.4938049280947012,-0.34186316313578796
82,indoors,scene_00021,indoors/scene_00021/scan_00191,val/indoors/scene_00021/scan_00191/00021_00191_indoors_220_000.png,7,1,3,768,256,1024,512,65536,0,65536.0,856.5552520631836,853.505499488796,3.0497525743875546,856.5552520631836,853.505499488796,3.0497525743875546,0.008138181660827599,0.012359189464452006,2.6122397409588056,0.19693655851168623
82,indoors,scene_00021,indoors/scene_00021/scan_00191,val/indoors/scene_00021/scan_00191/00021_00191_indoors_220_000.png,8,2,0,0,512,256,768,65444,765,68504.0,13178.828308068936,13237.345107517865,-58.5167994489291,12537.073749890344,12535.307308707626,1.7664411827170095,0.018857854991277172,0.0030362146063241235,0.713657075704584,0.14287757011082278
82,indoors,scene_00021,indoors/scene_00021/scan_00191,val/indoors/scene_00021/scan_00191/00021_00191_indoors_220_000.png,9,2,1,256,512,512,768,65499,26427,171207.0,17485.225983202425,17040.64111824844,444.5848649539823,7648.760586703065,7458.766479869824,189.9941068332413,0.004498214327291517,0.016626091782235133,0.8146931426864809,-0.3291512965874794
82,indoors,scene_00021,indoors/scene_00021/scan_00191,val/indoors/scene_00021/scan_00191/00021_00191_indoors_220_000.png,10,2,2,512,512,768,768,65523,1820,72803.0,3756.4800568433193,3743.7362860597896,12.743770783530152,3306.6422789521926,3269.6831177655367,36.9591611866559,0.007634269429518531,0.012044812370566772,1.0539888521824399,0.9792435399013137
82,indoors,scene_00021,indoors/scene_00021/scan_00191,val/indoors/scene_00021/scan_00191/00021_00191_indoors_220_000.png,11,2,3,768,512,1024,768,65536,0,65536.0,974.2461952116018,986.968213925545,-12.722018713943257,974.2461952116018,986.968213925545,-12.722018713943257,0.007745110027373893,0.01237415170466103,2.0666205370472754,1.5412030255106521
83,indoors,scene_00021,indoors/scene_00021/scan_00191,val/indoors/scene_00021/scan_00191/00021_00191_indoors_220_020.png,0,0,0,0,0,256,256,65536,0,65536.0,2621.2793971970023,2616.395594385652,4.883802811349581,2621.2793971970023,2616.395594385652,4.883802811349581,0.006220964072024853,0.00088707426717014,0.3723932684856238,0.07309734330538616
83,indoors,scene_00021,indoors/scene_00021/scan_00191,val/indoors/scene_00021/scan_00191/00021_00191_indoors_220_020.png,1,0,1,256,0,512,256,65536,25372,167024.0,4303.268977056982,4295.419795501144,7.849181555838504,1702.2994127087934,1722.4858706844193,-20.1864579756257,0.005642829457919137,0.008390418257901218,0.5918246978258743,-0.17893420311216504
83,indoors,scene_00021,indoors/scene_00021/scan_00191,val/indoors/scene_00021/scan_00191/00021_00191_indoors_220_020.png,2,0,2,512,0,768,256,65536,2578,75848.0,1404.4840835420623,1362.2841021192544,42.199981422807724,1214.0823997676607,1191.9229909314063,22.159408836254602,0.010504766563912119,0.013709203569763129,0.7810912527862186,0.5418386570898852
83,indoors,scene_00021,indoors/scene_00021/scan_00191,val/indoors/scene_00021/scan_00191/00021_00191_indoors_220_020.png,3,0,3,768,0,1024,256,65536,0,65536.0,748.4148659332468,748.8790618456162,-0.46419591236948987,748.4148659332468,748.8790618456162,-0.46419591236948987,0.007576826983101905,0.013683352828174723,2.1027132580560703,0.6261917261543508
83,indoors,scene_00021,indoors/scene_00021/scan_00191,val/indoors/scene_00021/scan_00191/00021_00191_indoors_220_020.png,4,1,0,0,256,256,512,65514,1331,70838.0,8350.620985643862,8396.0295408895,-45.40855524563905,7924.423566341483,7953.744922624015,-29.321356282532783,0.010922138059647434,0.018441560279646014,0.6596773442304872,0.20120699555565286
83,indoors,scene_00021,indoors/scene_00021/scan_00191,val/indoors/scene_00021/scan_00191/00021_00191_indoors_220_020.png,5,1,1,256,256,512,512,65536,23352,158944.0,1382.3748434779059,1326.77121402128,55.6036294566257,681.3064939235043,669.7682855161296,11.538208407374645,0.004271751502079948,0.00860590880473977,0.41628158435444984,0.35043336538579895
83,indoors,scene_00021,indoors/scene_00021/scan_00191,val/indoors/scene_00021/scan_00191/00021_00191_indoors_220_020.png,6,1,2,512,256,768,512,65536,1513,71588.0,548.9797885050086,529.3646222189118,19.61516628609683,451.9907869069285,438.43125424358243,13.55953266334603,0.00874795905414527,0.013208420606368159,1.2449549192186349,-1.3674777469227517
83,indoors,scene_00021,indoors/scene_00021/scan_00191,val/indoors/scene_00021/scan_00191/00021_00191_indoors_220_020.png,7,1,3,768,256,1024,512,65536,0,65536.0,244.02388884723683,245.88814203826587,-1.8642531910290505,244.02388884723683,245.88814203826587,-1.8642531910290505,0.007496423402393023,0.013627514637899095,1.426897286688975,4.136757492157606
83,indoors,scene_00021,indoors/scene_00021/scan_00191,val/indoors/scene_00021/scan_00191/00021_00191_indoors_220_020.png,8,2,0,0,512,256,768,65535,951,69339.0,10522.623970798872,10518.139139259776,4.4848315390976365,10226.866056166215,10189.04436139878,37.82169476743422,0.014606617369861321,0.01310896611787187,0.5033055663070747,0.3880028372134625
83,indoors,scene_00021,indoors/scene_00021/scan_00191,val/indoors/scene_00021/scan_00191/00021_00191_indoors_220_020.png,9,2,1,256,512,512,768,65513,22243,154485.0,1561.8975220291961,1582.1502145283298,-20.252692499133737,674.9211941211094,672.3072288212077,2.6139652999017065,0.004797224031454536,0.008666117554538647,0.45781045390107933,0.46152919042459645
83,indoors,scene_00021,indoors/scene_00021/scan_00191,val/indoors/scene_00021/scan_00191/00021_00191_indoors_220_020.png,10,2,2,512,512,768,768,65536,1299,70732.0,546.9189959282959,1513.7015356258762,-966.7825396975803,481.3940211705183,995.5329078930586,-514.1388867225403,0.008262544746120197,0.013180797850194652,1.4571505531504338,1.7116012411420234
83,indoors,scene_00021,indoors/scene_00021/scan_00191,val/indoors/scene_00021/scan_00191/00021_00191_indoors_220_020.png,11,2,3,768,512,1024,768,65536,0,65536.0,257.809436112841,248.92119638763387,8.888239725207104,257.809436112841,248.92119638763387,8.888239725207104,0.008049679356399976,0.013449116125530226,3.157806031561213,0.5150622997540948
84,indoors,scene_00021,indoors/scene_00021/scan_00191,val/indoors/scene_00021/scan_00191/00021_00191_indoors_220_040.png,0,0,0,0,0,256,256,64812,2788,75964.0,2318.682079711758,2289.9093009733106,28.772778738447816,1860.644530081668,1837.4149501370614,23.229579944606858,0.009422495815924057,0.005332152233743514,0.5240475091661636,-0.05062583896093199
84,indoors,scene_00021,indoors/scene_00021/scan_00191,val/indoors/scene_00021/scan_00191/00021_00191_indoors_220_040.png,1,0,1,256,0,512,256,65532,10745,108512.0,1903.4649763852951,1875.034644343032,28.430332042263238,1410.2894133103773,1402.8945781999632,7.394835110414288,0.009016718307728908,0.005983594978601372,0.45174092639444036,0.2628375239436533
84,indoors,scene_00021,indoors/scene_00021/scan_00191,val/indoors/scene_00021/scan_00191/00021_00191_indoors_220_040.png,2,0,2,512,0,768,256,65536,4088,81888.0,3545.2452885334465,3557.2339923821964,-11.988703848750156,3042.1325489230317,3061.485994082355,-19.35344515932318,0.005758008446526431,0.009963874449789228,0.8693338870308499,0.6434344805913189
84,indoors,scene_00021,indoors/scene_00021/scan_00191,val/indoors/scene_00021/scan_00191/00021_00191_indoors_220_040.png,3,0,3,768,0,1024,256,65535,3269,78611.0,5414.539682479941,5435.93942916267,-21.399746682730214,4372.948534157717,4372.86121529121,0.08731886650763343,0.01003659614886867,0.013293591322752419,1.4439965628816291,1.204248693095773
84,indoors,scene_00021,indoors/scene_00021/scan_00191,val/indoors/scene_00021/scan_00191/00021_00191_indoors_220_040.png,4,1,0,0,256,256,512,65536,425,67236.0,1726.1112511956403,1703.9829792047497,22.12827199089039,1657.331106169331,1643.6333154342763,13.697790735054541,0.007208856816203044,0.0029291563805038372,0.1662017100470316,0.4396645775640139
84,indoors,scene_00021,indoors/scene_00021/scan_00191,val/indoors/scene_00021/scan_00191/00021_00191_indoors_220_040.png,5,1,1,256,256,512,512,65536,26753,172548.0,1885.671945702123,1901.9844705008777,-16.312524798754723,981.4787289780708,989.7224650499885,-8.243736071917798,0.005749125752826633,0.00797919411790774,0.36423501973526,0.20688652039850897
84,indoors,scene_00021,indoors/scene_00021/scan_00191,val/indoors/scene_00021/scan_00191/00021_00191_indoors_220_040.png,6,1,2,512,256,768,512,65536,1058,69768.0,1036.6376765307125,1033.334621834165,3.3030546965473597,984.5563075682542,982.672159210165,1.8841483580891563,0.00855915876767114,0.011558854981757941,0.8472924827142825,1.0920264522507452
84,indoors,scene_00021,indoors/scene_00021/scan_00191,val/indoors/scene_00021/scan_00191/00021_00191_indoors_220_040.png,7,1,3,768,256,1024,512,65536,1835,72876.0,1724.5841440981662,1755.1447223046423,-30.560578206476073,1543.1812669844978,1555.6460253884866,-12.46475840398866,0.015292459652040917,0.013638411665377282,1.195902360858345,2.839997299977061
84,indoors,scene_00021,indoors/scene_00021/scan_00191,val/indoors/scene_00021/scan_00191/00021_00191_indoors_220_040.png,8,2,0,0,512,256,768,65523,641,68087.0,1868.5693688798165,1707.7780944092858,160.79127447053025,1634.854803583478,1483.4340439937616,151.4207595897164,0.0074081762525689335,0.005457331416235298,0.4831916814628428,0.5531415476295386
84,indoors,scene_00021,indoors/scene_00021/scan_00191,val/indoors/scene_00021/scan_00191/00021_00191_indoors_220_040.png,9,2,1,256,512,512,768,65536,24567,163804.0,3716.5910812116726,3682.6988792522297,33.89220195944336,1441.6853593691562,1430.4919522678256,11.193407101330513,0.005599181556262141,0.008387752495804793,0.3894577975162728,0.7600940579419708
84,indoors,scene_00021,indoors/scene_00021/scan_00191,val/indoors/scene_00021/scan_00191/00021_00191_indoors_220_040.png,10,2,2,512,512,768,768,65536,2401,75140.0,1887.2484186940576,1880.4797748475132,6.768643846544423,1660.8051722262853,1648.7680821856247,12.037090040660441,0.010082909824710683,0.013417500795199096,0.7157095680813957,1.4920848843892773
84,indoors,scene_00021,indoors/scene_00021/scan_00191,val/indoors/scene_00021/scan_00191/00021_00191_indoors_220_040.png,11,2,3,768,512,1024,768,65536,0,65536.0,2301.141625802274,2298.1430284331477,2.9985973691264283,2301.141625802274,2298.1430284331477,2.9985973691264283,0.007414234125642373,0.013634781926530004,0.9638927491040431,3.9827468380913627
85,indoors,scene_00021,indoors/scene_00021/scan_00191,val/indoors/scene_00021/scan_00191/00021_00191_indoors_230_010.png,0,0,0,0,0,256,256,65502,493,67474.0,9198.259374968657,8708.304870702832,489.95450426582556,8683.178675957233,8307.933971942026,375.24470401520773,0.01053117922876045,0.011598100296700978,0.8754664336114052,-0.6705122812059563
85,indoors,scene_00021,indoors/scene_00021/scan_00191,val/indoors/scene_00021/scan_00191/00021_00191_indoors_230_010.png,1,0,1,256,0,512,256,65511,1182,70239.0,7608.73752186656,7484.325255611339,124.41226625522116,6942.609028041271,6844.4238417760025,98.1851862652678,0.009495829368389176,0.018993637932988913,0.7227133589046512,0.841665883240803
85,indoors,scene_00021,indoors/scene_00021/scan_00191,val/indoors/scene_00021/scan_00191/00021_00191_indoors_230_010.png,2,0,2,512,0,768,256,65536,24410,163176.0,13099.831585804093,13022.813100810661,77.01848499343227,5372.83726357399,5356.860244752185,15.977018821804602,0.005257850145789739,0.015295331515476046,0.9689804055123616,0.6420760666248247
85,indoors,scene_00021,indoors/scene_00021/scan_00191,val/indoors/scene_00021/scan_00191/00021_00191_indoors_230_010.png,3,0,3,768,0,1024,256,65536,197,66324.0,2766.273649331263,2752.093047227644,14.180602103618824,2738.8523487059333,2724.7066085108454,14.145740195087969,0.008465415619302086,0.010875658156607808,1.8414774404626664,1.8664754572296693
85,indoors,scene_00021,indoors/scene_00021/scan_00191,val/indoors/scene_00021/scan_00191/00021_00191_indoors_230_010.png,4,1,0,0,256,256,512,65536,0,65536.0,2593.786102331444,2584.103770922702,9.682331408742318,2593.786102331444,2584.103770922702,9.682331408742318,0.01044027603870438,0.0038711698013971867,0.5713347674585791,1.2353893396091618
85,indoors,scene_00021,indoors/scene_00021/scan_00191,val/indoors/scene_00021/scan_00191/00021_00191_indoors_230_010.png,5,1,1,256,256,512,512,65511,1093,69883.0,6449.94215685833,6594.960067472284,-145.01791061395477,6144.597181882053,6199.82901270378,-55.23183082172692,0.014603646215150857,0.012479668566311913,0.5214340652688432,0.6023553673111822
85,indoors,scene_00021,indoors/scene_00021/scan_00191,val/indoors/scene_00021/scan_00191/00021_00191_indoors_230_010.png,6,1,2,512,256,768,512,65536,24142,162104.0,11992.983757354701,11932.921922915528,60.06183443917365,5291.22090739952,5271.983657895754,19.237249503766147,0.004174673075156492,0.014766882200692227,0.8279851970121451,0.5965927290750904
85,indoors,scene_00021,indoors/scene_00021/scan_00191,val/indoors/scene_00021/scan_00191/00021_00191_indoors_230_010.png,7,1,3,768,256,1024,512,65536,887,69084.0,2088.675865049277,2067.821194771126,20.854670278151097,1981.3247043349545,1963.1002910567804,18.224413278174133,0.008705444058398787,0.011700508799861148,1.5951420197509487,1.8017407683678675
85,indoors,scene_00021,indoors/scene_00021/scan_00191,val/indoors/scene_00021/scan_00191/00021_00191_indoors_230_010.png,8,2,0,0,512,256,768,65536,0,65536.0,2506.540686184128,2499.996493239092,6.544192945035391,2506.540686184128,2499.996493239092,6.544192945035391,0.01302025283560462,0.004134912692829002,0.3344961809495479,1.721085512962603
85,indoors,scene_00021,indoors/scene_00021/scan_00191,val/indoors/scene_00021/scan_00191/00021_00191_indoors_230_010.png,9,2,1,256,512,512,768,65536,844,68912.0,6503.291145452908,6536.937662546639,-33.64651709373157,6298.187417361922,6318.129598088957,-19.942180727035392,0.01574280076528034,0.012996648515226134,0.9887089781652236,-0.2897269500617467
85,indoors,scene_00021,indoors/scene_00021/scan_00191,val/indoors/scene_00021/scan_00191/00021_00191_indoors_230_010.png,10,2,2,512,512,768,768,65536,24030,161656.0,11773.258683289041,11864.552118186253,-91.29343489721282,5270.599058001481,5314.454783789198,-43.855725787716445,0.0036988262912887766,0.013433125487849354,0.868439601670196,0.4746856195949357
85,indoors,scene_00021,indoors/scene_00021/scan_00191,val/indoors/scene_00021/scan_00191/00021_00191_indoors_230_010.png,11,2,3,768,512,1024,768,65536,1357,70964.0,2280.4193295657915,2309.351478960065,-28.93214939427346,2165.924184853909,2195.6422635688086,-29.718078714899832,0.007944818010168985,0.012680890240916275,1.9645596085750394,1.2435250747151674
86,indoors,scene_00021,indoors/scene_00021/scan_00191,val/indoors/scene_00021/scan_00191/00021_00191_indoors_230_030.png,0,0,0,0,0,256,256,65536,743,68508.0,1325.5384437903838,1296.012237646008,29.526206144375667,1271.285801162341,1250.2348092928212,21.050991869519912,0.009591295797457704,0.0032771602189602574,0.05101890863370366,0.651847088599083
86,indoors,scene_00021,indoors/scene_00021/scan_00191,val/indoors/scene_00021/scan_00191/00021_00191_indoors_230_030.png,1,0,1,256,0,512,256,65536,615,67996.0,540.298999289509,525.7672513641019,14.531747925407146,520.2427463732172,508.7205164472204,11.522229925996763,0.008030704482627861,0.003360342458841539,0.0910544724921631,0.46192909407230337
86,indoors,scene_00021,indoors/scene_00021/scan_00191,val/indoors/scene_00021/scan_00191/00021_00191_indoors_230_030.png,2,0,2,512,0,768,256,65536,24571,163820.0,7928.413206003047,7903.10866846236,25.304537540687775,3529.028549486808,3528.8759352728734,0.1526142139348181,0.00577195323450751,0.011224831682285458,0.4690952558696759,0.2020130765499183
86,indoors,scene_00021,indoors/scene_00021/scan_00191,val/indoors/scene_00021/scan_00191/00021_00191_indoors_230_030.png,3,0,3,768,0,1024,256,65536,1123,70028.0,9970.373613421783,9913.445078093191,56.92853532859119,9406.124930581373,9387.853841021268,18.271089560105704,0.01024062079542846,0.018041228117251135,1.5776156586220027,0.5732491681794963
86,indoors,scene_00021,indoors/scene_00021/scan_00191,val/indoors/scene_00021/scan_00191/00021_00191_indoors_230_030.png,4,1,0,0,256,256,512,65498,896,69082.0,1271.6405797739333,1280.696644166103,-9.05606439216954,826.2957030047787,832.777809447115,-6.482106442336244,0.007089484814025933,0.002539763943048918,0.10146070925690528,0.7175604006275142
86,indoors,scene_00021,indoors/scene_00021/scan_00191,val/indoors/scene_00021/scan_00191/00021_00191_indoors_230_030.png,5,1,1,256,256,512,512,65534,339,66890.0,871.7664042386704,848.4359318138416,23.330472424828677,773.8875913826213,758.6617937508145,15.225797631806794,0.006444390336645438,0.007179110357402469,0.6628252887632725,0.40683579180467083
86,indoors,scene_00021,indoors/scene_00021/scan_00191,val/indoors/scene_00021/scan_00191/00021_00191_indoors_230_030.png,6,1,2,512,256,768,512,65536,26022,169624.0,3931.2315816621585,3907.732207208972,23.49937445318623,1883.2468667938413,1874.3506286171655,8.896238176675727,0.007100600233575656,0.012679988793284117,0.720385590918167,0.3709438564424913
86,indoors,scene_00021,indoors/scene_00021/scan_00191,val/indoors/scene_00021/scan_00191/00021_00191_indoors_230_030.png,7,1,3,768,256,1024,512,65536,1040,69696.0,2312.1112550859934,2292.6093045925372,19.50195049345568,2052.029415133802,2047.9783736097816,4.051041524020167,0.009126103590665962,0.022243667077514014,1.1110753305633194,1.4010085420765712
86,indoors,scene_00021,indoors/scene_00021/scan_00191,val/indoors/scene_00021/scan_00191/00021_00191_indoors_230_030.png,8,2,0,0,512,256,768,65515,546,67699.0,10703.2888016122,10718.238212656364,-14.949411044164147,10604.855255563292,10584.865007415325,19.99024814796669,0.011308732922119775,0.012254684526145308,0.6412885265776592,1.2900048763162981
86,indoors,scene_00021,indoors/scene_00021/scan_00191,val/indoors/scene_00021/scan_00191/00021_00191_indoors_230_030.png,9,2,1,256,512,512,768,65519,952,69327.0,10140.917511853162,10148.560517410404,-7.643005557242079,9910.936423779414,9891.771522762918,19.164901016497126,0.010168063909128732,0.01911544895090727,0.8878031883592777,0.6903969571056361
86,indoors,scene_00021,indoors/scene_00021/scan_00191,val/indoors/scene_00021/scan_00191/00021_00191_indoors_230_030.png,10,2,2,512,512,768,768,65536,21216,150400.0,3281.206335046876,3268.6477739719658,12.55856107491049,1748.0140180176018,1725.724087560359,22.289930457242708,0.004642618800344562,0.012822362492873794,0.7389379224389412,0.6754845688185647
86,indoors,scene_00021,indoors/scene_00021/scan_00191,val/indoors/scene_00021/scan_00191/00021_00191_indoors_230_030.png,11,2,3,768,512,1024,768,65536,573,67828.0,1047.9545756205475,1125.5390911295854,-77.5845155090379,1014.3480586229066,1081.5843998993164,-67.23634127640965,0.008893326094446917,0.022042629080985983,2.4611058765287996,1.9047315196517123
87,indoors,scene_00021,indoors/scene_00021/scan_00191,val/indoors/scene_00021/scan_00191/00021_00191_indoors_330_030.png,0,0,0,0,0,256,256,65536,969,69412.0,561.2274062846184,562.1083408595182,-0.8809345748997051,537.4948390199954,542.5966371208002,-5.1017981008048565,0.006356160320749515,0.011839019828079162,1.0166271189963705,2.1443272159647715
87,indoors,scene_00021,indoors/scene_00021/scan_00191,val/indoors/scene_00021/scan_00191/00021_00191_indoors_330_030.png,1,0,1,256,0,512,256,65536,739,68492.0,195.46299930386863,197.16846366997078,-1.7054643661021371,187.55502999971932,190.0350558184511,-2.480025818731758,0.006629625073368088,0.01175070494028287,0.8717163042647185,1.672406436415028
87,indoors,scene_00021,indoors/scene_00021/scan_00191,val/indoors/scene_00021/scan_00191/00021_00191_indoors_330_030.png,2,0,2,512,0,768,256,65536,2025,73636.0,1642.0374562023649,1711.7297265872787,-69.69227038491387,1445.279159280413,1509.4083371263212,-64.12917784590823,0.008452385031480294,0.01154869254031413,0.5149701017834941,4.098192036778674
87,indoors,scene_00021,indoors/scene_00021/scan_00191,val/indoors/scene_00021/scan_00191/00021_00191_indoors_330_030.png,3,0,3,768,0,1024,256,65536,1348,70928.0,1176.6883932047801,1150.4625787887799,26.225814416000333,1016.6758294015465,1005.4980203215389,11.177809080007467,0.009172578053913315,0.0105962246644446,0.5339143070637316,4.25512249501725
87,indoors,scene_00021,indoors/scene_00021/scan_00191,val/indoors/scene_00021/scan_00191/00021_00191_indoors_330_030.png,4,1,0,0,256,256,512,65536,10827,108844.0,1586.641220853116,1600.631169192936,-13.98994833982005,877.3373400281223,885.9039850613502,-8.566645033227985,0.007807031722779384,0.012635327149739169,0.7587596732794316,0.20219419028532212
87,indoors,scene_00021,indoors/scene_00021/scan_00191,val/indoors/scene_00021/scan_00191/00021_00191_indoors_330_030.png,5,1,1,256,256,512,512,65488,11358,110920.0,634.5934740934541,623.0495225982239,11.543951495230255,226.5771225668275,221.64209308134963,4.93502948547788,0.008053992565276603,0.01221732828459168,0.757390186296482,-0.08425816678598175
87,indoors,scene_00021,indoors/scene_00021/scan_00191,val/indoors/scene_00021/scan_00191/00021_00191_indoors_330_030.png,6,1,2,512,256,768,512,65527,11512,111575.0,1730.968606523832,1729.5466371834414,1.4219693403905134,1268.234775675221,1269.3967567476966,-1.1619810724754487,0.00902086500717544,0.012261375513624606,0.6317638232884755,0.29729132331720304
87,indoors,scene_00021,indoors/scene_00021/scan_00191,val/indoors/scene_00021/scan_00191/00021_00191_indoors_330_030.png,7,1,3,768,256,1024,512,65522,13134,118058.0,1623.612236515901,1618.078524761643,5.533711754257983,837.3226339500794,837.2164501726672,0.10618377741228002,0.009279322463214605,0.012802033235948323,0.5916404002048539,0.4437158243826715
87,indoors,scene_00021,indoors/scene_00021/scan_00191,val/indoors/scene_00021/scan_00191/00021_00191_indoors_330_030.png,8,2,0,0,512,256,768,65536,19538,143688.0,4153.237812249496,4154.164387405654,-0.9265751561591689,1971.731574691673,1966.3505413024009,5.38103338927198,0.005136603458901479,0.010393463007146688,0.3788572714135305,0.7170687409928811
87,indoors,scene_00021,indoors/scene_00021/scan_00191,val/indoors/scene_00021/scan_00191/00021_00191_indoors_330_030.png,9,2,1,256,512,512,768,65536,2702,76344.0,1884.023532547861,1877.5507473692578,6.472785178603225,1707.7134480811214,1701.217929338829,6.495518742292363,0.005631798766595211,0.00352322691925468,0.3280643142699465,0.28615939332941315
87,indoors,scene_00021,indoors/scene_00021/scan_00191,val/indoors/scene_00021/scan_00191/00021_00191_indoors_330_030.png,10,2,2,512,512,768,768,65536,2951,77340.0,1824.7889585151547,1791.1354205431953,33.65353797195979,1631.2447625586865,1608.1838085740217,23.06095398466493,0.009932973028533063,0.003988685486047846,0.286496306552769,0.5203619717814129
87,indoors,scene_00021,indoors/scene_00021/scan_00191,val/indoors/scene_00021/scan_00191/00021_00191_indoors_330_030.png,11,2,3,768,512,1024,768,65536,1534,71672.0,1511.551717279633,1494.3708994805595,17.180817799073594,1321.1017465306086,1310.1499143805772,10.95183215003117,0.014807222347362443,0.0028792735506399715,0.13625061883134154,0.8054411262610861
88,indoors,scene_00021,indoors/scene_00021/scan_00191,val/indoors/scene_00021/scan_00191/00021_00191_indoors_340_040.png,0,0,0,0,0,256,256,65536,641,68100.0,466.5235085151508,481.7205250459358,-15.197016530784882,457.58255595991443,472.96563976756767,-15.383083807653215,0.006808141804400848,0.0074311821729936105,1.0255880944751252,2.010068517133186
88,indoors,scene_00021,indoors/scene_00021/scan_00191,val/indoors/scene_00021/scan_00191/00021_00191_indoors_340_040.png,1,0,1,256,0,512,256,65536,797,68724.0,192.00636038973863,193.3034468919008,-1.2970865021621552,182.8241683315224,185.3104354219463,-2.4862670904238806,0.007372240793538166,0.007480433220268066,0.7921978388072456,2.826401796616845
88,indoors,scene_00021,indoors/scene_00021/scan_00191,val/indoors/scene_00021/scan_00191/00021_00191_indoors_340_040.png,2,0,2,512,0,768,256,65536,778,68648.0,167.1599630609702,162.54525518712717,4.6147078738430185,153.66146779646348,144.7189060603576,8.942561736105873,0.006461424131969731,0.007675322634059291,0.9993694290597448,1.951468445236682
88,indoors,scene_00021,indoors/scene_00021/scan_00191,val/indoors/scene_00021/scan_00191/00021_00191_indoors_340_040.png,3,0,3,768,0,1024,256,65536,2372,75024.0,1152.0375984753152,1148.903141891381,3.1344565839343774,937.4751580918856,921.2612501897937,16.213907902092036,0.00817750826089798,0.010382836480637404,0.2561688572831639,4.291512504890595
88,indoors,scene_00021,indoors/scene_00021/scan_00191,val/indoors/scene_00021/scan_00191/00021_00191_indoors_340_040.png,4,1,0,0,256,256,512,65536,5445,87316.0,626.958376735532,621.3913949290899,5.566981806442102,462.52983050606383,457.3805006115298,5.149329894534014,0.010331458843298447,0.007791117705065537,0.5552434279270664,1.6492016702605943
88,indoors,scene_00021,indoors/scene_00021/scan_00191,val/indoors/scene_00021/scan_00191/00021_00191_indoors_340_040.png,5,1,1,256,256,512,512,65536,1159,70172.0,559.0206167940731,560.005121825132,-0.9845050310589023,509.30438872678155,510.2118687849685,-0.9074800581869292,0.006622170489076623,0.0073315599730550286,0.6149971228722205,1.0620750976976654
88,indoors,scene_00021,indoors/scene_00021/scan_00191,val/indoors/scene_00021/scan_00191/00021_00191_indoors_340_040.png,6,1,2,512,256,768,512,65536,1698,72328.0,322.7087090231248,326.0290404105017,-3.3203313873769136,276.51883019651393,279.609365945895,-3.0905357493810084,0.006710218647615614,0.007535404292381658,0.7139943706314419,0.8215709433515757
88,indoors,scene_00021,indoors/scene_00021/scan_00191,val/indoors/scene_00021/scan_00191/00021_00191_indoors_340_040.png,7,1,3,768,256,1024,512,65536,2712,76384.0,2032.4546112638077,2128.107251435345,-95.65264017153774,1800.7760186754736,1877.8127226004704,-77.0367039249967,0.007841527929890861,0.007639093001920292,1.11788590729146,0.19644987857137375
88,indoors,scene_00021,indoors/scene_00021/scan_00191,val/indoors/scene_00021/scan_00191/00021_00191_indoors_340_040.png,8,2,0,0,512,256,768,65536,9452,103344.0,2738.223742956114,2721.254115030196,16.969627925917706,1967.1439162383595,1958.009002048949,9.134914189410537,0.008610815227011463,0.008884043034721317,0.4751631290144034,1.3393712650018412
88,indoors,scene_00021,indoors/scene_00021/scan_00191,val/indoors/scene_00021/scan_00191/00021_00191_indoors_340_040.png,9,2,1,256,512,512,768,65536,22061,153780.0,1751.4609837923788,1750.9353495766077,0.5256342157710261,717.1065060213318,711.8182238663617,5.288282154970293,0.007808360173172901,0.008420458662388712,0.5360774030118334,0.12112243177110006
88,indoors,scene_00021,indoors/scene_00021/scan_00191,val/indoors/scene_00021/scan_00191/00021_00191_indoors_340_040.png,10,2,2,512,512,768,768,65484,17746,136468.0,2288.256562266737,2277.2201307714276,11.036431495309696,734.3086653584317,729.8224707066587,4.486194651773024,0.008052512398604059,0.008078562652378817,0.5446374932515154,-0.24087088961292205
88,indoors,scene_00021,indoors/scene_00021/scan_00191,val/indoors/scene_00021/scan_00191/00021_00191_indoors_340_040.png,11,2,3,768,512,1024,768,65527,13777,120635.0,3800.8879201115133,3809.884157600221,-8.996237488706997,1738.8993299475214,1731.8091902204633,7.09013972705825,0.010528827593442883,0.007679726866557551,0.653238542307106,-0.5285523675013977
89,indoors,scene_00021,indoors/scene_00021/scan_00191,val/indoors/scene_00021/scan_00191/00021_00191_indoors_350_030.png,0,0,0,0,0,256,256,65536,4342,82904.0,2952.2294771269103,2947.650355296807,4.579121830103631,2411.6127446959963,2406.531024278261,5.081720417735272,0.010524710245589819,0.009722229406151759,0.6418940193281125,2.6510578976948134
89,indoors,scene_00021,indoors/scene_00021/scan_00191,val/indoors/scene_00021/scan_00191/00021_00191_indoors_350_030.png,1,0,1,256,0,512,256,65536,3342,78904.0,1022.6226227655172,1010.8879078687569,11.734714896760305,790.6966746263506,780.5861673349697,10.110507291380854,0.009023668803986045,0.010153828078277244,0.7347680463613201,1.3666085218994888
89,indoors,scene_00021,indoors/scene_00021/scan_00191,val/indoors/scene_00021/scan_00191/00021_00191_indoors_350_030.png,2,0,2,512,0,768,256,65536,870,69016.0,936.3351702718312,935.0298593629309,1.3053109089003005,882.5020118756613,880.840599368777,1.661412506884327,0.006890440759649901,0.009340494687318672,0.7756238501018371,0.8318715070123196
89,indoors,scene_00021,indoors/scene_00021/scan_00191,val/indoors/scene_00021/scan_00191/00021_00191_indoors_350_030.png,3,0,3,768,0,1024,256,65536,1370,71016.0,746.3352742814519,744.4956919483941,1.839582333057761,684.247774245189,682.2198137963774,2.027960448811564,0.00615327246714396,0.009349937102682882,0.7779186302767528,1.3374215812290318
89,indoors,scene_00021,indoors/scene_00021/scan_00191,val/indoors/scene_00021/scan_00191/00021_00191_indoors_350_030.png,4,1,0,0,256,256,512,65536,1168,70208.0,1388.9612825045078,1424.3823881969352,-35.42110569242708,1295.5326613141901,1313.018504273418,-17.485842959227767,0.007799062816022063,0.010300899395399314,0.7138282023802782,2.190931489507381
89,indoors,scene_00021,indoors/scene_00021/scan_00191,val/indoors/scene_00021/scan_00191/00021_00191_indoors_350_030.png,5,1,1,256,256,512,512,65536,6701,92340.0,1866.5785853090597,1855.6443194610417,10.93426584801819,1274.2336934271043,1274.5232541523528,-0.2895607252485295,0.009418384086046984,0.008583600252242418,0.549314815986252,0.8120246030536838
89,indoors,scene_00021,indoors/scene_00021/scan_00191,val/indoors/scene_00021/scan_00191/00021_00191_indoors_350_030.png,6,1,2,512,256,768,512,65513,16688,132265.0,1395.4926609087825,1397.9783700622563,-2.4857091534736897,578.6540014867406,580.8805983634753,-2.226596876734684,0.008064215082484574,0.009713637642595217,0.5622887827063371,0.010869899509673398
89,indoors,scene_00021,indoors/scene_00021/scan_00191,val/indoors/scene_00021/scan_00191/00021_00191_indoors_350_030.png,7,1,3,768,256,1024,512,65502,15005,125522.0,1080.9119212115306,1066.1678487831732,14.744072428357473,483.9636918310432,476.68704590917105,7.2766459218722135,0.007923282132369877,0.009410338921227161,0.5894219305917245,-0.1131225247632275
89,indoors,scene_00021,indoors/scene_00021/scan_00191,val/indoors/scene_00021/scan_00191/00021_00191_indoors_350_030.png,8,2,0,0,512,256,768,65536,1449,71332.0,627.5210299876715,714.4021992704124,-86.88116928274115,529.9569424445637,572.4918659665817,-42.53492352201807,0.0072425229172177474,0.010570908758055836,0.42765890749606367,3.4100717445230138
89,indoors,scene_00021,indoors/scene_00021/scan_00191,val/indoors/scene_00021/scan_00191/00021_00191_indoors_350_030.png,9,2,1,256,512,512,768,65536,2516,75600.0,561.5745617881148,577.9563057662275,-16.38174397811271,471.58164634599177,478.9329308828947,-7.351284536902981,0.008095684593913953,0.008507422541941308,0.5122584311828952,0.9511466225411973
89,indoors,scene_00021,indoors/scene_00021/scan_00191,val/indoors/scene_00021/scan_00191/00021_00191_indoors_350_030.png,10,2,2,512,512,768,768,65536,24530,163656.0,1928.0661770789513,1924.8144398844238,3.25173719452747,845.509094039616,841.7222107278217,3.7868833117941985,0.005321982017993447,0.006014735012857832,0.2970831440603853,0.29356763531769425
89,indoors,scene_00021,indoors/scene_00021/scan_00191,val/indoors/scene_00021/scan_00191/00021_00191_indoors_350_030.png,11,2,3,768,512,1024,768,65536,658,68168.0,1419.3043435620148,1413.9212198896303,5.383123672384283,1379.3240270524775,1373.8914794162092,5.432547636267945,0.005149522561315682,0.0023953292830561665,0.25323214372755554,0.18862670417236316
90,indoors,scene_00021,indoors/scene_00021/scan_00192,val/indoors/scene_00021/scan_00192/00021_00192_indoors_030_010.png,0,0,0,0,0,256,256,65536,1180,70256.0,120.53700971089248,123.14810789970547,-2.611098188812984,112.88307405330437,114.12124296671224,-1.238168913407872,0.0051386799283696764,0.004951949575297314,0.040920640363674,3.214904302572999
90,indoors,scene_00021,indoors/scene_00021/scan_00192,val/indoors/scene_00021/scan_00192/00021_00192_indoors_030_010.png,1,0,1,256,0,512,256,65536,82,65864.0,128.54254080227804,134.01388372247135,-5.471342920193309,128.22407584392,133.67819502125613,-5.454119177336133,0.005328574614081562,0.0045592983990696894,0.5172834465805001,0.9644006045277859
90,indoors,scene_00021,indoors/scene_00021/scan_00192,val/indoors/scene_00021/scan_00192/00021_00192_indoors_030_010.png,2,0,2,512,0,768,256,65536,13897,121124.0,2500.1794035185944,2397.2572525059213,102.92215101267297,847.717929318528,821.6767713630693,26.041157955458694,0.00829358004821325,0.011991166241195566,0.5003196610090725,0.4684431562186633
90,indoors,scene_00021,indoors/scene_00021/scan_00192,val/indoors/scene_00021/scan_00192/00021_00192_indoors_030_010.png,3,0,3,768,0,1024,256,65536,8405,99156.0,2794.003227947541,2852.6354345041264,-58.632206556585956,1753.9358101477194,1776.838049102932,-22.9022389552127,0.014342351047281054,0.013689974492879294,0.5098289993743532,0.8273757393262888
90,indoors,scene_00021,indoors/scene_00021/scan_00192,val/indoors/scene_00021/scan_00192/00021_00192_indoors_030_010.png,4,1,0,0,256,256,512,65536,1189,70292.0,193.46573531991402,199.8927579471414,-6.427022627227365,181.16017690377242,183.05992399545872,-1.899747091686284,0.004948007106544097,0.004952507794793642,0.18270451607894295,2.8327211566774366
90,indoors,scene_00021,indoors/scene_00021/scan_00192,val/indoors/scene_00021/scan_00192/00021_00192_indoors_030_010.png,5,1,1,256,256,512,512,65536,295,66716.0,418.0445036145229,416.39567479973516,1.6488288147877905,241.27762054529842,240.7602098363824,0.5174107089160196,0.005349439057008731,0.0044412555594118466,0.2771290349703218,1.3008505328768356
90,indoors,scene_00021,indoors/scene_00021/scan_00192,val/indoors/scene_00021/scan_00192/00021_00192_indoors_030_010.png,6,1,2,512,256,768,512,65492,20872,148980.0,6881.303953895045,6791.60677836819,89.69717552685644,2397.644121953218,2365.991849378787,31.65227257443086,0.008993154006109583,0.010674435123244112,0.6101989741571215,0.22360445399627835
90,indoors,scene_00021,indoors/scene_00021/scan_00192,val/indoors/scene_00021/scan_00192/00021_00192_indoors_030_010.png,7,1,3,768,256,1024,512,65536,9850,104936.0,2086.213067753296,2091.328973413556,-5.115905660260401,978.9764300100555,979.8736294258312,-0.8971994157757353,0.015083287347424777,0.0062691725514906526,0.235461034659349,2.495939915541024
90,indoors,scene_00021,indoors/scene_00021/scan_00192,val/indoors/scene_00021/scan_00192/00021_00192_indoors_030_010.png,8,2,0,0,512,256,768,65536,1563,71788.0,604.4941651955897,621.3462484712454,-16.85208327565563,507.4310756964793,526.3631344926855,-18.93205879620621,0.004962145052753436,0.005000222079010916,0.23993949974747023,2.74939366837509
90,indoors,scene_00021,indoors/scene_00021/scan_00192,val/indoors/scene_00021/scan_00192/00021_00192_indoors_030_010.png,9,2,1,256,512,512,768,65529,1081,69853.0,2235.3673909862796,2274.3197344920213,-38.95234350574168,1503.555552970914,1550.477949093807,-46.922396122893204,0.006225965067408596,0.014866916914698132,0.5091697233375614,1.258092203919861
90,indoors,scene_00021,indoors/scene_00021/scan_00192,val/indoors/scene_00021/scan_00192/00021_00192_indoors_030_010.png,10,2,2,512,512,768,768,65435,14502,123443.0,9398.544133429412,9498.797579175876,-100.25344574646498,4198.607617035604,4232.213508024024,-33.60589098842078,0.011373803788255183,0.02958292293495412,1.2798149039276654,-0.1076793795902373
90,indoors,scene_00021,indoors/scene_00021/scan_00192,val/indoors/scene_00021/scan_00192/00021_00192_indoors_030_010.png,11,2,3,768,512,1024,768,65433,5703,88245.0,2397.1202971922967,2400.4973855249796,-3.377088332682572,1144.0538373713703,1146.9838104195544,-2.9299730481840296,0.01428338490530464,0.004425773628641637,0.4097061969398032,1.831244908748251
91,indoors,scene_00021,indoors/scene_00021/scan_00192,val/indoors/scene_00021/scan_00192/00021_00192_indoors_040_000.png,0,0,0,0,0,256,256,40586,11546,86770.0,18306.874636126726,18329.788251296384,-22.913615169658538,4296.742805005882,4297.759147112264,-1.0163421063828788,0.01394846350083827,0.003896271591059204,0.02317788014205592,2.503085984543747
91,indoors,scene_00021,indoors/scene_00021/scan_00192,val/indoors/scene_00021/scan_00192/00021_00192_indoors_040_000.png,1,0,1,256,0,512,256,65536,1019,69612.0,661.6974248227497,698.622841683343,-36.925416860593465,554.4076586581089,574.8124900284699,-20.404831370360995,0.005033938569831968,0.003624951532486614,0.6689626943700447,0.49301831864435386
91,indoors,scene_00021,indoors/scene_00021/scan_00192,val/indoors/scene_00021/scan_00192/00021_00192_indoors_040_000.png,2,0,2,512,0,768,256,65536,434,67272.0,809.7552746070874,810.6530897608619,-0.8978151537746455,406.2141092130872,406.85436003937724,-0.6402508262900364,0.00551888150263982,0.0038093415558970705,0.23564789840824737,0.8714101018629585
91,indoors,scene_00021,indoors/scene_00021/scan_00192,val/indoors/scene_00021/scan_00192/00021_00192_indoors_040_000.png,3,0,3,768,0,1024,256,65481,6652,92089.0,6416.016470145047,6423.839809512148,-7.82333936710155,2442.700841161543,2456.1910249416874,-13.490183780144207,0.009179269183628644,0.00954794415340205,0.42530599936242336,0.4114872890505759
91,indoors,scene_00021,indoors/scene_00021/scan_00192,val/indoors/scene_00021/scan_00192/00021_00192_indoors_040_000.png,4,1,0,0,256,256,512,51943,12256,100967.0,11040.336810778905,10992.72291091533,47.613899863575014,3140.275747211359,3128.408560680191,11.86718653116873,0.017389294885759174,0.00606245885890249,0.37203425625440567,1.3740455008382193
91,indoors,scene_00021,indoors/scene_00021/scan_00192,val/indoors/scene_00021/scan_00192/00021_00192_indoors_040_000.png,5,1,1,256,256,512,512,65536,1329,70852.0,663.8267697288884,679.6241574991075,-15.797387770219164,522.9901877222578,537.6089927813032,-14.61880505904535,0.004950552470638881,0.003546869856400292,0.47069098133926895,0.7113743481007511
91,indoors,scene_00021,indoors/scene_00021/scan_00192,val/indoors/scene_00021/scan_00192/00021_00192_indoors_040_000.png,6,1,2,512,256,768,512,65528,1336,70872.0,1555.2222771558013,1594.5808988149975,-39.35862165919605,977.2702063842901,972.936714458103,4.333491926187,0.006555827835242777,0.007980911135962351,0.5007505686235386,0.7221457028149214
91,indoors,scene_00021,indoors/scene_00021/scan_00192,val/indoors/scene_00021/scan_00192/00021_00192_indoors_040_000.png,7,1,3,768,256,1024,512,65419,5921,89103.0,3289.636267413839,3298.017787753483,-8.381520339643753,1687.9327783681501,1675.2802779444678,12.65250042368221,0.009626951719374567,0.010227302073571826,0.6189430608456338,0.43483563316960483
91,indoors,scene_00021,indoors/scene_00021/scan_00192,val/indoors/scene_00021/scan_00192/00021_00192_indoors_040_000.png,8,2,0,0,512,256,768,65536,7568,95808.0,5427.027067393305,5417.049138471641,9.977928921664649,3223.8395372539608,3210.9602444109005,12.879292843060455,0.009003467587042645,0.013166665728578126,0.5420001438814737,1.4950067420483395
91,indoors,scene_00021,indoors/scene_00021/scan_00192,val/indoors/scene_00021/scan_00192/00021_00192_indoors_040_000.png,9,2,1,256,512,512,768,65535,10252,106543.0,7159.418352882659,7104.696535076615,54.721817806045536,3377.603517957678,3348.3253846524312,29.27813330524711,0.01113556822763885,0.015015679573945968,0.8917834904993757,1.1652339559789906
91,indoors,scene_00021,indoors/scene_00021/scan_00192,val/indoors/scene_00021/scan_00192/00021_00192_indoors_040_000.png,10,2,2,512,512,768,768,65465,9759,104501.0,13893.177105375788,14378.790492282953,-485.6133869071677,3671.247566836112,3835.773322413709,-164.52575557759775,0.010969960836289209,0.029045721401157996,0.7068492864536929,1.0265058160311438
91,indoors,scene_00021,indoors/scene_00021/scan_00192,val/indoors/scene_00021/scan_00192/00021_00192_indoors_040_000.png,11,2,3,768,512,1024,768,65535,6693,92307.0,5708.102516866019,5845.917745573574,-137.815228707556,2365.886193371619,2452.138059744874,-86.25186637325574,0.013368054008368185,0.02504636507960822,0.9384847029305771,0.39431729385259995
92,indoors,scene_00021,indoors/scene_00021/scan_00192,val/indoors/scene_00021/scan_00192/00021_00192_indoors_220_000.png,0,0,0,0,0,256,256,64985,25490,166945.0,33978.32040131773,34046.43519621176,-68.1147948940316,11370.13929649822,11406.619757746881,-36.4804612486599,0.02958025098163608,0.028367718546891414,0.9081581028823436,0.4032489952681574
92,indoors,scene_00021,indoors/scene_00021/scan_00192,val/indoors/scene_00021/scan_00192/00021_00192_indoors_220_000.png,1,0,1,256,0,512,256,65341,9085,101681.0,14257.129686080603,14131.788542820494,125.34114326010769,5897.569968138655,5900.012000962964,-2.44203282430864,0.01746032939071015,0.01743833319532177,0.6733392063844933,0.8360156851887214
92,indoors,scene_00021,indoors/scene_00021/scan_00192,val/indoors/scene_00021/scan_00192/00021_00192_indoors_220_000.png,2,0,2,512,0,768,256,65520,941,69284.0,2512.2404127305967,2508.12506993595,4.11534279464673,1743.3243942071565,1740.8731300975844,2.4512641095720458,0.011274401442083803,0.007627964836220162,0.46639930258014,1.8168823232155238
92,indoors,scene_00021,indoors/scene_00021/scan_00192,val/indoors/scene_00021/scan_00192/00021_00192_indoors_220_000.png,3,0,3,768,0,1024,256,65536,40,65696.0,3777.833484530819,3783.1126334136698,-5.279148882850578,3767.914478881369,3772.7746622762947,-4.8601833949257625,0.0112690660387075,0.007995745010712152,0.5732771848862172,3.2584997481012676
92,indoors,scene_00021,indoors/scene_00021/scan_00192,val/indoors/scene_00021/scan_00192/00021_00192_indoors_220_000.png,4,1,0,0,256,256,512,65536,20038,145688.0,9280.324251653265,9188.401737221597,91.92251443166933,3956.743699147006,3935.9354226054566,20.80827654154909,0.008938848937742407,0.0105955771932204,0.58128975063369,2.175062148362682
92,indoors,scene_00021,indoors/scene_00021/scan_00192,val/indoors/scene_00021/scan_00192/00021_00192_indoors_220_000.png,5,1,1,256,256,512,512,65536,0,65536.0,3886.1112795359995,3881.527367682952,4.583911853047395,3886.1112795359995,3881.527367682952,4.583911853047395,0.0077481820232988205,0.004667832674593254,0.6156338428457465,1.556889608929909
92,indoors,scene_00021,indoors/scene_00021/scan_00192,val/indoors/scene_00021/scan_00192/00021_00192_indoors_220_000.png,6,1,2,512,256,768,512,65536,1005,69556.0,3305.5090812825647,3418.209710509488,-112.70062922692345,3202.2785356583545,3271.180437275254,-68.90190161690018,0.0124472049509754,0.009025906487715627,0.3746466757757047,1.9194516776360013
92,indoors,scene_00021,indoors/scene_00021/scan_00192,val/indoors/scene_00021/scan_00192/00021_00192_indoors_220_000.png,7,1,3,768,256,1024,512,65536,153,66148.0,4822.4485677436705,4820.91152165689,1.5370460867806184,4779.328309043049,4781.979027575235,-2.65071853218598,0.013803251604122244,0.008264619931830426,0.7834621231396578,2.1779086927895697
92,indoors,scene_00021,indoors/scene_00021/scan_00192,val/indoors/scene_00021/scan_00192/00021_00192_indoors_220_000.png,8,2,0,0,512,256,768,65366,20782,148494.0,10586.656431229656,10536.04675627346,50.609674956195306,3596.638753966511,3598.5224558053987,-1.8837018388874789,0.011635084454207639,0.011536556082952872,0.4685454603153754,2.44357825027598
92,indoors,scene_00021,indoors/scene_00021/scan_00192,val/indoors/scene_00021/scan_00192/00021_00192_indoors_220_000.png,9,2,1,256,512,512,768,65536,0,65536.0,3071.851842794819,3068.335531601487,3.516311193331482,3071.851842794819,3068.335531601487,3.516311193331482,0.00745230941551118,0.0045030366548217855,1.1334620713298287,0.08045261509026291
92,indoors,scene_00021,indoors/scene_00021/scan_00192,val/indoors/scene_00021/scan_00192/00021_00192_indoors_220_000.png,10,2,2,512,512,768,768,65536,1016,69600.0,4347.325075737268,4078.7232623508053,268.60181338646237,4239.462918616737,4048.581253234465,190.88166538227148,0.0132821774951969,0.009383011061312055,0.1745433578714052,2.328600491398684
92,indoors,scene_00021,indoors/scene_00021/scan_00192,val/indoors/scene_00021/scan_00192/00021_00192_indoors_220_000.png,11,2,3,768,512,1024,768,65536,0,65536.0,6292.031646011146,6289.380865245567,2.650780765578862,6292.031646011146,6289.380865245567,2.650780765578862,0.01113548791347721,0.007241688147904714,0.843316973399397,0.6159691489903125
93,indoors,scene_00021,indoors/scene_00021/scan_00192,val/indoors/scene_00021/scan_00192/00021_00192_indoors_240_000.png,0,0,0,0,0,256,256,65396,2147,73984.0,7227.739020399498,7232.943844830188,-5.204824430690551,3320.4008318410406,3316.174613883967,4.226217957073299,0.0072313687413692014,0.0006619146633743638,0.2331463400596305,-0.02946370487042227
93,indoors,scene_00021,indoors/scene_00021/scan_00192,val/indoors/scene_00021/scan_00192/00021_00192_indoors_240_000.png,1,0,1,256,0,512,256,64148,11466,110012.0,24730.145944074593,25535.685890939127,-805.539946864534,8106.7677312624055,8483.897710245215,-377.129978982809,0.008787327671104425,0.02562288888100081,0.8414440870442988,-0.0538689613674479
93,indoors,scene_00021,indoors/scene_00021/scan_00192,val/indoors/scene_00021/scan_00192/00021_00192_indoors_240_000.png,2,0,2,512,0,768,256,65255,8647,99843.0,21704.873448659437,21870.31119573502,-165.43774707558063,8128.1164195097135,8218.72485837209,-90.60843886237572,0.030312992204280305,0.027707509113378024,0.948447305010776,1.6822484160686744
93,indoors,scene_00021,indoors/scene_00021/scan_00192,val/indoors/scene_00021/scan_00192/00021_00192_indoors_240_000.png,3,0,3,768,0,1024,256,65369,4303,82581.0,14808.95120165882,14889.014141541764,-80.06293988294483,7138.9579066088045,7195.177207930495,-56.21930132169099,0.015135850098263357,0.017545870267433147,0.6858725890503228,3.538548757288383
93,indoors,scene_00021,indoors/scene_00021/scan_00192,val/indoors/scene_00021/scan_00192/00021_00192_indoors_240_000.png,4,1,0,0,256,256,512,65388,4524,83484.0,9263.145295781498,9246.191566608533,16.95372917296551,3761.828184184898,3760.8192266883584,1.0089574965397805,0.01237494655108126,0.002784142106030896,0.22296124972748635,0.03715264558986625
93,indoors,scene_00021,indoors/scene_00021/scan_00192,val/indoors/scene_00021/scan_00192/00021_00192_indoors_240_000.png,5,1,1,256,256,512,512,65189,22607,155617.0,43447.13685800733,43452.103326951925,-4.966468944598086,13098.704481344725,13049.827291355545,48.87718998918099,0.01201530185609747,0.02458573339097271,0.7421395360015499,0.14813895656474985
93,indoors,scene_00021,indoors/scene_00021/scan_00192,val/indoors/scene_00021/scan_00192/00021_00192_indoors_240_000.png,6,1,2,512,256,768,512,65536,289,66692.0,3289.8039806906254,3279.9635775450515,9.84040314557367,3197.0075255645575,3187.369692697366,9.63783286719158,0.009213727223809033,0.008562029501148784,0.6345830399349695,3.5738493693151687
93,indoors,scene_00021,indoors/scene_00021/scan_00192,val/indoors/scene_00021/scan_00192/00021_00192_indoors_240_000.png,7,1,3,768,256,1024,512,65536,0,65536.0,1585.3073849059613,1584.0751251506395,1.2322597553219101,1585.3073849059613,1584.0751251506395,1.2322597553219101,0.008078504287910886,0.003618892507954324,0.5738350827235799,4.451394721422653
93,indoors,scene_00021,indoors/scene_00021/scan_00192,val/indoors/scene_00021/scan_00192/00021_00192_indoors_240_000.png,8,2,0,0,512,256,768,65536,0,65536.0,9563.476228923042,9550.215823321903,13.260405601138135,9563.476228923042,9550.215823321903,13.260405601138135,0.015830798046628833,0.005198291822869817,0.32634373942559364,0.3322372379233397
93,indoors,scene_00021,indoors/scene_00021/scan_00192,val/indoors/scene_00021/scan_00192/00021_00192_indoors_240_000.png,9,2,1,256,512,512,768,65448,22819,156724.0,38047.87666684531,38248.200817865334,-200.32415102002278,12556.103086520172,12633.994488636135,-77.89140211596322,0.013874859562745841,0.019836742959335112,0.7516273681498777,0.5663079512982445
93,indoors,scene_00021,indoors/scene_00021/scan_00192,val/indoors/scene_00021/scan_00192/00021_00192_indoors_240_000.png,10,2,2,512,512,768,768,65446,1577,71754.0,4406.522536015362,4410.650262328623,-4.127726313261685,2791.6927469602642,2775.0629767965856,16.629770163678657,0.01127969419842985,0.008921178175471896,0.488195859922936,4.715919650690575
93,indoors,scene_00021,indoors/scene_00021/scan_00192,val/indoors/scene_00021/scan_00192/00021_00192_indoors_240_000.png,11,2,3,768,512,1024,768,65536,0,65536.0,4486.033223573071,4479.547434544184,6.485789028886656,4486.033223573071,4479.547434544184,6.485789028886656,0.007818534860242653,0.0034603412843446186,1.7525575326582488,0.5069255240235044
94,indoors,scene_00021,indoors/scene_00021/scan_00192,val/indoors/scene_00021/scan_00192/00021_00192_indoors_240_020.png,0,0,0,0,0,256,256,65456,1345,70836.0,7128.704894220355,7180.729473982186,-52.024579761831575,4433.235344838671,4452.475304708978,-19.239959870307132,0.007394250844958131,0.00697741886268809,0.5641292815112733,0.1810784585343715
94,indoors,scene_00021,indoors/scene_00021/scan_00192,val/indoors/scene_00021/scan_00192/00021_00192_indoors_240_020.png,1,0,1,256,0,512,256,65533,795,68713.0,2917.603640881623,2871.7475935861603,45.856047295462886,2625.4005681444387,2580.3749265613374,45.025641583101205,0.006631171134003997,0.007368067330835817,0.5082050830775982,0.5114374937996155
94,indoors,scene_00021,indoors/scene_00021/scan_00192,val/indoors/scene_00021/scan_00192/00021_00192_indoors_240_020.png,2,0,2,512,0,768,256,65536,0,65536.0,716.7460749561399,763.5921958951435,-46.8461209390036,716.7460749561399,763.5921958951435,-46.8461209390036,0.006234665292565963,0.007933435443435404,1.6820641215943972,-1.247700239983783
94,indoors,scene_00021,indoors/scene_00021/scan_00192,val/indoors/scene_00021/scan_00192/00021_00192_indoors_240_020.png,3,0,3,768,0,1024,256,65536,0,65536.0,2340.663261693492,2332.2756277198596,8.387633973632406,2340.663261693492,2332.2756277198596,8.387633973632406,0.006530153748323848,0.008304072413611856,0.7826613627604595,2.2337249778185604
94,indoors,scene_00021,indoors/scene_00021/scan_00192,val/indoors/scene_00021/scan_00192/00021_00192_indoors_240_020.png,4,1,0,0,256,256,512,65517,8094,97893.0,6750.679480136219,6790.610260400918,-39.93078026469845,3389.7926825739814,3379.2723408727447,10.520341701236545,0.008329298540289071,0.005504036294070855,0.18836551103282168,0.08315604430399245
94,indoors,scene_00021,indoors/scene_00021/scan_00192,val/indoors/scene_00021/scan_00192/00021_00192_indoors_240_020.png,5,1,1,256,256,512,512,65534,10502,107542.0,11636.037744587209,11608.883468438838,27.154276148370556,4571.639857505357,4551.659121504233,19.98073600112465,0.00603081225917124,0.007649125285058754,0.37020710035907034,0.08055653307395408
94,indoors,scene_00021,indoors/scene_00021/scan_00192,val/indoors/scene_00021/scan_00192/00021_00192_indoors_240_020.png,6,1,2,512,256,768,512,65536,0,65536.0,1282.4937311268293,1262.694564278132,19.799166848697443,1282.4937311268293,1262.694564278132,19.799166848697443,0.005733194844292575,0.00841106696834076,1.090112162228682,1.2350019230699663
94,indoors,scene_00021,indoors/scene_00021/scan_00192,val/indoors/scene_00021/scan_00192/00021_00192_indoors_240_020.png,7,1,3,768,256,1024,512,65536,0,65536.0,724.2766133790974,710.6764308221548,13.600182556942695,724.2766133790974,710.6764308221548,13.600182556942695,0.006057880862600325,0.008549148489036982,0.5316455278237917,3.220707163164401
94,indoors,scene_00021,indoors/scene_00021/scan_00192,val/indoors/scene_00021/scan_00192/00021_00192_indoors_240_020.png,8,2,0,0,512,256,768,65402,3323,78694.0,7682.866408777059,7842.449107729803,-159.58269895274333,2614.355316897722,2657.0325123657776,-42.67719546805593,0.007574947898905668,0.0005739859000307268,0.3228622341291873,-0.1220939181616508
94,indoors,scene_00021,indoors/scene_00021/scan_00192,val/indoors/scene_00021/scan_00192/00021_00192_indoors_240_020.png,9,2,1,256,512,512,768,63968,32590,194328.0,53745.379084716194,53894.98510789126,-149.60602317507448,11653.702588078462,11666.04719287801,-12.344604799548996,0.009643101300017214,0.02822204734184684,0.8260447899706324,0.0817292052392507
94,indoors,scene_00021,indoors/scene_00021/scan_00192,val/indoors/scene_00021/scan_00192/00021_00192_indoors_240_020.png,10,2,2,512,512,768,768,65263,14768,124335.0,23135.37537386817,22424.144160323878,711.2312135442908,5722.899283402967,5498.6609304956255,224.2383529073398,0.031053537881562787,0.024917010272725273,0.912662854688375,2.2969980913774517
94,indoors,scene_00021,indoors/scene_00021/scan_00192,val/indoors/scene_00021/scan_00192/00021_00192_indoors_240_020.png,11,2,3,768,512,1024,768,65351,7000,93351.0,11374.631244764789,10923.268301018627,451.3629437461624,3385.542579687114,3279.04932570065,106.49325398646481,0.015593579222387926,0.014469776006185172,0.6511327674087581,4.2768813031984605
95,indoors,scene_00021,indoors/scene_00021/scan_00192,val/indoors/scene_00021/scan_00192/00021_00192_indoors_300_020.png,0,0,0,0,0,256,256,65516,1345,70896.0,5271.748347926296,5322.0693523215605,-50.32100439526416,3456.2187818744655,3481.264097432905,-25.045315558439476,0.006523479140265879,0.009091459801283753,0.6721140049011467,2.4891352079862124
95,indoors,scene_00021,indoors/scene_00021/scan_00192,val/indoors/scene_00021/scan_00192/00021_00192_indoors_300_020.png,1,0,1,256,0,512,256,65469,2220,74349.0,6338.268374825255,6383.057490520683,-44.789115695428826,4109.0234150699835,4129.049999281156,-20.026584211171958,0.006805135762261569,0.011930408959498026,0.8316916813115546,1.0661075645039477
95,indoors,scene_00021,indoors/scene_00021/scan_00192,val/indoors/scene_00021/scan_00192/00021_00192_indoors_300_020.png,2,0,2,512,0,768,256,65536,89,65892.0,2713.049068289223,2701.439542993853,11.609525295370403,2684.1926636720364,2673.113823034411,11.078840637625387,0.006289751879932402,0.0110789498126465,0.7146713965708144,0.7371628981491375
95,indoors,scene_00021,indoors/scene_00021/scan_00192,val/indoors/scene_00021/scan_00192/00021_00192_indoors_300_020.png,3,0,3,768,0,1024,256,65516,679,68232.0,3489.996751305335,3471.359312398349,18.63743890698629,2399.4338811841462,2380.635925994111,18.79795519003564,0.006603438980567793,0.010239651725580388,0.5614301877996909,1.6320471035704067
95,indoors,scene_00021,indoors/scene_00021/scan_00192,val/indoors/scene_00021/scan_00192/00021_00192_indoors_300_020.png,4,1,0,0,256,256,512,65523,1590,71883.0,3862.720826172599,3907.782617194107,-45.06179102150827,2055.4934859985506,2091.85713284431,-36.36364684575895,0.0060596467228255044,0.013637051070422007,1.0834987489282257,0.019235678815398515
95,indoors,scene_00021,indoors/scene_00021/scan_00192,val/indoors/scene_00021/scan_00192/00021_00192_indoors_300_020.png,5,1,1,256,256,512,512,64980,25063,165232.0,46801.61127933959,45540.88112189315,1260.7301574464416,15225.270186126207,14667.472803064597,557.7973830616122,0.028333389138098818,0.01264970541887088,0.6450804321462089,-0.20883864118603926
95,indoors,scene_00021,indoors/scene_00021/scan_00192,val/indoors/scene_00021/scan_00192/00021_00192_indoors_300_020.png,6,1,2,512,256,768,512,65054,12423,114746.0,34198.94327833501,33477.050447793175,721.8928305418361,14571.898333358695,14278.488995158485,293.40933820021246,0.025454427710834816,0.012512590320343941,0.35207273361048247,0.2275939071353779
95,indoors,scene_00021,indoors/scene_00021/scan_00192,val/indoors/scene_00021/scan_00192/00021_00192_indoors_300_020.png,7,1,3,768,256,1024,512,65517,10102,105925.0,12602.165149390821,12425.358119792902,176.80702959791802,7351.726012523566,7302.00490284032,49.72110968324627,0.018114330903742464,0.008518431838938465,0.3231493975552411,0.6541472714713353
95,indoors,scene_00021,indoors/scene_00021/scan_00192,val/indoors/scene_00021/scan_00192/00021_00192_indoors_300_020.png,8,2,0,0,512,256,768,65507,4710,84347.0,7566.34794013481,7566.193061568931,0.15487856587862048,5338.674293798931,5322.319749031742,16.354544767189168,0.013995784191637915,0.013323245983366825,0.734716955236915,1.9695675812235525
95,indoors,scene_00021,indoors/scene_00021/scan_00192,val/indoors/scene_00021/scan_00192/00021_00192_indoors_300_020.png,9,2,1,256,512,512,768,65397,8599,99793.0,26350.97504908739,24409.857261333746,1941.1177877536438,16584.508841454975,15551.794117517973,1032.714723937003,0.021971733873377804,0.025917407952908263,0.7354338230934896,-0.3501550404340832
95,indoors,scene_00021,indoors/scene_00021/scan_00192,val/indoors/scene_00021/scan_00192/00021_00192_indoors_300_020.png,10,2,2,512,512,768,768,65294,4795,84474.0,20246.5002361953,19557.679985300885,688.8202508944146,14869.535379474491,14441.90147557257,427.63390390192325,0.01903642792656505,0.012540916067549214,0.6563266189923989,-0.045208479779717
95,indoors,scene_00021,indoors/scene_00021/scan_00192,val/indoors/scene_00021/scan_00192/00021_00192_indoors_300_020.png,11,2,3,768,512,1024,768,65327,6850,92727.0,19323.46906807903,19331.69753765312,-8.228469574087697,13428.392160417978,13484.16590116895,-55.77374075097245,0.02096314419169759,0.013506816288795208,0.7307564608619053,0.0020790344004849143
96,indoors,scene_00021,indoors/scene_00021/scan_00192,val/indoors/scene_00021/scan_00192/00021_00192_indoors_310_010.png,0,0,0,0,0,256,256,65536,1074,69832.0,10765.774970705581,10796.262555629533,-30.487584923952497,9607.254070492352,9615.13766696976,-7.883596477409634,0.006671678492806061,0.004752201687411463,0.38201347132670926,3.509188530872743
96,indoors,scene_00021,indoors/scene_00021/scan_00192,val/indoors/scene_00021/scan_00192/00021_00192_indoors_310_010.png,1,0,1,256,0,512,256,65458,3635,79998.0,16673.926695851034,16751.535430575543,-77.60873472450902,11962.683943512122,11987.200219924343,-24.51627641222163,0.0075915434180184585,0.01174448050543358,0.6721362116673799,0.01281645971457846
96,indoors,scene_00021,indoors/scene_00021/scan_00192,val/indoors/scene_00021/scan_00192/00021_00192_indoors_310_010.png,2,0,2,512,0,768,256,64966,26333,170298.0,51711.58432693053,51793.80459811674,-82.22027118620468,16724.541951670697,16625.99700495205,98.54494671864929,0.026877645714377174,0.013496629530905056,0.3567289071305691,0.20770226061027022
96,indoors,scene_00021,indoors/scene_00021/scan_00192,val/indoors/scene_00021/scan_00192/00021_00192_indoors_310_010.png,3,0,3,768,0,1024,256,65074,17413,134726.0,45318.02598592724,45167.316292113115,150.7096938141218,18220.098229886316,18127.43777910504,92.66045078127578,0.02372357281692467,0.012272730080032478,0.2527889384897596,0.21706494683903346
96,indoors,scene_00021,indoors/scene_00021/scan_00192,val/indoors/scene_00021/scan_00192/00021_00192_indoors_310_010.png,4,1,0,0,256,256,512,65494,4306,82718.0,5563.740585442632,5565.066038949248,-1.3254535066157072,3419.859319579678,3439.4988549320874,-19.63953535241005,0.018338375297768793,0.0096752035270027,0.5110940832646849,3.463407026631674
96,indoors,scene_00021,indoors/scene_00021/scan_00192,val/indoors/scene_00021/scan_00192/00021_00192_indoors_310_010.png,5,1,1,256,256,512,512,65506,5102,85914.0,8675.381704612035,8866.207548773233,-190.82584416119843,4848.692547532468,4963.424853731279,-114.73230619881073,0.014976877433333164,0.02263842012509048,0.7173854228039208,1.332698889423895
96,indoors,scene_00021,indoors/scene_00021/scan_00192,val/indoors/scene_00021/scan_00192/00021_00192_indoors_310_010.png,6,1,2,512,256,768,512,65396,8296,98580.0,28051.818829447813,25901.382435966214,2150.4363934815974,17594.642313260483,16577.74222928648,1016.9000839740077,0.02327019564843561,0.017127014676314473,0.8645907621115456,-0.4644783400418007
96,indoors,scene_00021,indoors/scene_00021/scan_00192,val/indoors/scene_00021/scan_00192/00021_00192_indoors_310_010.png,7,1,3,768,256,1024,512,65493,4385,83033.0,20746.19500114661,19462.229872131087,1283.9651290155252,15876.876419042686,14954.323070814335,922.5533482283529,0.019356451938946615,0.01528920380377919,0.7072526755911231,-0.3806438549925604
96,indoors,scene_00021,indoors/scene_00021/scan_00192,val/indoors/scene_00021/scan_00192/00021_00192_indoors_310_010.png,8,2,0,0,512,256,768,65469,2327,74777.0,4122.3575991907655,4129.236022453152,-6.878423262386389,2936.082330134507,2939.1693338071123,-3.0870036726050296,0.016197251706857037,0.0036266283273015277,0.39864251920758953,4.51610383920845
96,indoors,scene_00021,indoors/scene_00021/scan_00192,val/indoors/scene_00021/scan_00192/00021_00192_indoors_310_010.png,9,2,1,256,512,512,768,65260,2919,76936.0,2753.610768450952,2765.1013072034093,-11.490538752457054,1850.0882499223985,1853.6512031502537,-3.562953227855049,0.009389883978221988,0.003921941643962303,0.709016901005376,1.9295781323373555
96,indoors,scene_00021,indoors/scene_00021/scan_00192,val/indoors/scene_00021/scan_00192/00021_00192_indoors_310_010.png,10,2,2,512,512,768,768,65536,1897,73124.0,19516.80217600444,19476.400328360454,40.40184764398547,17923.036567665764,17904.377943586183,18.658624079578242,0.008091818699337469,0.01395214433174917,0.5804514416331791,1.5507198373104636
96,indoors,scene_00021,indoors/scene_00021/scan_00192,val/indoors/scene_00021/scan_00192/00021_00192_indoors_310_010.png,11,2,3,768,512,1024,768,65307,764,68363.0,20070.6482011681,20070.01709500161,0.6311061664921767,19282.81790966093,19282.004392910894,0.8135167500356808,0.008391750827578478,0.004269291737325762,0.27706340514155486,2.7201732812143957
97,indoors,scene_00021,indoors/scene_00021/scan_00192,val/indoors/scene_00021/scan_00192/00021_00192_indoors_320_020.png,0,0,0,0,0,256,256,65519,948,69311.0,5728.455994361753,5719.651835557417,8.804158804336689,5162.438864684735,5152.537418051635,9.901446633100486,0.006250537215714899,0.007282979645091721,0.2610236137029484,3.057531060794596
97,indoors,scene_00021,indoors/scene_00021/scan_00192,val/indoors/scene_00021/scan_00192/00021_00192_indoors_320_020.png,1,0,1,256,0,512,256,65536,826,68840.0,4856.40435451465,4883.999373086951,-27.595018572300653,4612.077064924639,4640.511227188434,-28.434162263795397,0.006642315856950138,0.008024456270734025,0.4778846533825301,2.5170157058677183
97,indoors,scene_00021,indoors/scene_00021/scan_00192,val/indoors/scene_00021/scan_00192/00021_00192_indoors_320_020.png,2,0,2,512,0,768,256,65444,4844,84820.0,9559.000401277712,9653.308622628767,-94.30822135105291,4886.2673330954385,4907.177581798738,-20.910248703299636,0.007276339318749642,0.009609460556794649,0.7588780966522016,1.0739313097173628
97,indoors,scene_00021,indoors/scene_00021/scan_00192,val/indoors/scene_00021/scan_00192/00021_00192_indoors_320_020.png,3,0,3,768,0,1024,256,65536,4510,83576.0,5368.693451148235,5359.943336500361,8.750114647874259,4329.834199397099,4331.306141198667,-1.471941801567505,0.006152498996125009,0.009975189504030538,0.6997458220351607,0.3976105415561496
97,indoors,scene_00021,indoors/scene_00021/scan_00192,val/indoors/scene_00021/scan_00192/00021_00192_indoors_320_020.png,4,1,0,0,256,256,512,65529,6923,93221.0,8333.050813929449,8339.735806145776,-6.684992216327515,3265.19365574299,3288.5246815061846,-23.331025763194013,0.010083366197876076,0.009720484235220261,0.3922269630449975,3.249673273771946
97,indoors,scene_00021,indoors/scene_00021/scan_00192,val/indoors/scene_00021/scan_00192/00021_00192_indoors_320_020.png,5,1,1,256,256,512,512,65535,1088,69887.0,2707.642255794358,2688.0012638215894,19.64099197276798,2099.1777379747127,2103.7233142184496,-4.545576243737141,0.006574036920765741,0.005246082820321717,0.44683346177870314,2.6576113625313114
97,indoors,scene_00021,indoors/scene_00021/scan_00192,val/indoors/scene_00021/scan_00192/00021_00192_indoors_320_020.png,6,1,2,512,256,768,512,65444,5882,88972.0,11054.121976431745,11180.139959194077,-126.01798276233305,4963.888842549262,5057.644580095873,-93.7557375466098,0.009541356974722373,0.011316219066655855,0.7906000788728166,-0.15061208958379818
97,indoors,scene_00021,indoors/scene_00021/scan_00192,val/indoors/scene_00021/scan_00192/00021_00192_indoors_320_020.png,7,1,3,768,256,1024,512,64945,29390,182505.0,57546.28106459743,57117.3977324376,428.8833321598211,21803.65848090638,21723.847945177906,79.81053572847097,0.029829768332175554,0.009873678995029108,0.43365299082327,-0.02890495449864845
97,indoors,scene_00021,indoors/scene_00021/scan_00192,val/indoors/scene_00021/scan_00192/00021_00192_indoors_320_020.png,8,2,0,0,512,256,768,65363,6416,91027.0,7443.333694865864,7791.585605446333,-348.2519105804674,4407.37525659001,4521.680401244857,-114.30514465484791,0.020847009549742477,0.0062157452278189034,1.7662780100494118,0.17709984625053554
97,indoors,scene_00021,indoors/scene_00021/scan_00192,val/indoors/scene_00021/scan_00192/00021_00192_indoors_320_020.png,9,2,1,256,512,512,768,65492,4192,82260.0,6150.617911545176,6135.510529875016,15.107381670159455,4527.640351876464,4549.329498903557,-21.689147027092364,0.018251338217177754,0.008856729523099547,0.5433814927250177,2.9691304474719318
97,indoors,scene_00021,indoors/scene_00021/scan_00192,val/indoors/scene_00021/scan_00192/00021_00192_indoors_320_020.png,10,2,2,512,512,768,768,65497,5708,88329.0,10319.896266990036,10495.872265812864,-175.97599882282717,6626.781199287339,6761.084591477556,-134.30339219021715,0.01627913203214138,0.026199843541949902,0.8823881294850278,0.17408444462830122
97,indoors,scene_00021,indoors/scene_00021/scan_00192,val/indoors/scene_00021/scan_00192/00021_00192_indoors_320_020.png,11,2,3,768,512,1024,768,65378,7796,96562.0,46794.605202113504,46876.93062322917,-82.32542111566784,29822.80167431941,29883.369528779644,-60.56785446023402,0.020539605697439615,0.013397631340086657,0.6384091462962125,-0.2155201558857803
98,indoors,scene_00021,indoors/scene_00021/scan_00192,val/indoors/scene_00021/scan_00192/00021_00192_indoors_340_000.png,0,0,0,0,0,256,256,65482,5170,86162.0,3765.651845008788,3912.858557171351,-147.2067121625633,1335.3154001495507,1373.2995750961336,-37.98417494658297,0.015643441842378984,0.02058432321317964,0.8143288494510473,0.4467097910481148
98,indoors,scene_00021,indoors/scene_00021/scan_00192,val/indoors/scene_00021/scan_00192/00021_00192_indoors_340_000.png,1,0,1,256,0,512,256,65344,13630,119864.0,10385.252483388245,10331.963705495313,53.288777892933304,3034.720300381604,2989.0940020942094,45.62629828739442,0.026005073139307167,0.017481422497411456,0.6397163678592328,0.7292806906420807
98,indoors,scene_00021,indoors/scene_00021/scan_00192,val/indoors/scene_00021/scan_00192/00021_00192_indoors_340_000.png,2,0,2,512,0,768,256,65364,8481,99288.0,6338.489860977794,6350.753669285856,-12.263808308061186,2266.944260675708,2235.3727049732197,31.571555702488137,0.021970859742983486,0.01025421815168491,0.7160576374420082,0.5841180109387787
98,indoors,scene_00021,indoors/scene_00021/scan_00192,val/indoors/scene_00021/scan_00192/00021_00192_indoors_340_000.png,3,0,3,768,0,1024,256,65487,6501,91491.0,3748.0886754841176,3816.460221447064,-68.37154596294764,1324.390793941278,1374.707779144401,-50.31698520312328,0.017173933949723913,0.01867032029766035,0.6993179046111374,0.5070306557273655
98,indoors,scene_00021,indoors/scene_00021/scan_00192,val/indoors/scene_00021/scan_00192/00021_00192_indoors_340_000.png,4,1,0,0,256,256,512,65397,6613,91849.0,1049.0283207737282,1099.136321821002,-50.10800104727375,271.82824954217307,288.40842205421427,-16.580172512041287,0.01732273053366742,0.002953076035132083,0.7796630480312081,0.44184128424159325
98,indoors,scene_00021,indoors/scene_00021/scan_00192,val/indoors/scene_00021/scan_00192/00021_00192_indoors_340_000.png,5,1,1,256,256,512,512,65534,5481,87458.0,1133.904692943631,1126.5204521345518,7.384240809079442,444.1862453342527,443.82607691695387,0.3601684172988475,0.010359367527472433,0.0030319941668298356,0.6050992471035133,1.1640512806841576
98,indoors,scene_00021,indoors/scene_00021/scan_00192,val/indoors/scene_00021/scan_00192/00021_00192_indoors_340_000.png,6,1,2,512,256,768,512,65425,5962,89273.0,1542.1141803707346,1554.0061357793043,-11.891955408569855,620.2288914001963,624.4113807125519,-4.182489312355506,0.014289000369130044,0.0027420135944713807,0.6150143472147077,1.168904466371992
98,indoors,scene_00021,indoors/scene_00021/scan_00192,val/indoors/scene_00021/scan_00192/00021_00192_indoors_340_000.png,7,1,3,768,256,1024,512,65392,5473,87284.0,2323.875014394753,2320.4296983945665,3.445316000186584,967.985468865302,963.5355613883182,4.4499074769836975,0.010694254756943569,0.0028778625754127627,0.8534133783245877,0.0411579844599832
98,indoors,scene_00021,indoors/scene_00021/scan_00192,val/indoors/scene_00021/scan_00192/00021_00192_indoors_340_000.png,8,2,0,0,512,256,768,65486,4113,81938.0,896.5993213348319,899.9150476431178,-3.3157263082860755,356.1520288759398,356.73927499768877,-0.5872461217489533,0.014197307799557073,0.0030007973831946986,0.5540090626126207,0.9389724025688093
98,indoors,scene_00021,indoors/scene_00021/scan_00192,val/indoors/scene_00021/scan_00192/00021_00192_indoors_340_000.png,9,2,1,256,512,512,768,65536,2918,77208.0,165.6480846781117,158.48361135834344,7.164473319768254,133.1538762867898,130.53958804247128,2.6142882443185247,0.00968926555742934,0.0027851665874232363,0.3843773993617685,1.6037442119854597
98,indoors,scene_00021,indoors/scene_00021/scan_00192,val/indoors/scene_00021/scan_00192/00021_00192_indoors_340_000.png,10,2,2,512,512,768,768,65536,3765,80596.0,437.3625431311893,432.8477904301292,4.514752701060102,335.42066734142327,334.5936683505828,0.8269989908404343,0.013731081325182954,0.0025292865079320965,0.28538111741409106,1.897244471866669
98,indoors,scene_00021,indoors/scene_00021/scan_00192,val/indoors/scene_00021/scan_00192/00021_00192_indoors_340_000.png,11,2,3,768,512,1024,768,65308,10423,107000.0,2902.477429882399,3525.88979989126,-623.412370008861,862.6126918410923,1098.9809973843933,-236.36830554330083,0.01466383800632295,0.016548692853001007,1.6099043479423618,-2.5950049639131505
99,indoors,scene_00021,indoors/scene_00021/scan_00192,val/indoors/scene_00021/scan_00192/00021_00192_indoors_350_030.png,0,0,0,0,0,256,256,65536,6,65560.0,579.2252050902024,580.9320622951584,-1.706857204955965,578.9065392778682,580.5833044086232,-1.676765130754999,0.009885215031331449,0.013623231051407447,0.9577745937157299,1.4120996828055743
99,indoors,scene_00021,indoors/scene_00021/scan_00192,val/indoors/scene_00021/scan_00192/00021_00192_indoors_350_030.png,1,0,1,256,0,512,256,65536,9,65572.0,225.46362630927888,233.97451865406245,-8.510892344783569,225.26327337355133,233.77366775184458,-8.510394378293254,0.007261847443385287,0.013853666549415935,1.0610506259288883,0.8762312233521488
99,indoors,scene_00021,indoors/scene_00021/scan_00192,val/indoors/scene_00021/scan_00192/00021_00192_indoors_350_030.png,2,0,2,512,0,768,256,65536,293,66708.0,216.03326492037942,216.64538261067187,-0.6121176902924961,207.51468370760716,207.95426301346984,-0.43957930586272576,0.007841207945663838,0.013598335179971634,1.6076041898357483,-0.9032413608952954
99,indoors,scene_00021,indoors/scene_00021/scan_00192,val/indoors/scene_00021/scan_00192/00021_00192_indoors_350_030.png,3,0,3,768,0,1024,256,65536,1077,69844.0,401.67164813070167,410.42246392528034,-8.750815794578628,365.88901177650683,371.5116086758585,-5.622596899351667,0.007271937014566715,0.013514731182960121,1.2483454009599626,0.3967826691586991
99,indoors,scene_00021,indoors/scene_00021/scan_00192,val/indoors/scene_00021/scan_00192/00021_00192_indoors_350_030.png,4,1,0,0,256,256,512,65536,19728,144448.0,1136.9236670911064,1081.2871362617782,55.63653082932827,594.2501231647398,578.7164716501684,15.533651514571481,0.005346068797323237,0.011528865021579146,0.6919317833946655,0.10376503021928454
99,indoors,scene_00021,indoors/scene_00021/scan_00192,val/indoors/scene_00021/scan_00192/00021_00192_indoors_350_030.png,5,1,1,256,256,512,512,65536,18117,138004.0,654.4311161953041,689.1254158145668,-34.6942996192628,358.610153097821,371.3419160317824,-12.731762933961296,0.005367928739952052,0.01055879253172391,0.7193963322498215,-0.10300971719899835
99,indoors,scene_00021,indoors/scene_00021/scan_00192,val/indoors/scene_00021/scan_00192/00021_00192_indoors_350_030.png,6,1,2,512,256,768,512,65522,14834,124858.0,1387.8700145567288,1425.9409619305893,-38.07094737386025,630.9423914543925,650.2946480167047,-19.352256562312323,0.005619816467065185,0.01018161744163929,0.9816597859797814,-0.9082139020180915
99,indoors,scene_00021,indoors/scene_00021/scan_00192,val/indoors/scene_00021/scan_00192/00021_00192_indoors_350_030.png,7,1,3,768,256,1024,512,65536,10474,107432.0,925.0584231953529,963.461851634178,-38.403428438824946,593.5346707011709,602.4644733154589,-8.929802614287961,0.005763516823318959,0.009981397696698495,0.8002529680344297,-0.2528815558960451
99,indoors,scene_00021,indoors/scene_00021/scan_00192,val/indoors/scene_00021/scan_00192/00021_00192_indoors_350_030.png,8,2,0,0,512,256,768,65536,3309,78772.0,1440.313157293513,1524.0029613153974,-83.68980402188441,1033.7871363469392,1055.4712434615553,-21.68410711461604,0.005404928301356897,0.00884682174886952,0.47363956855384454,0.517093698980246
99,indoors,scene_00021,indoors/scene_00021/scan_00192,val/indoors/scene_00021/scan_00192/00021_00192_indoors_350_030.png,9,2,1,256,512,512,768,65536,0,65536.0,771.4733573352238,768.7225376236404,2.7508197115832798,771.4733573352238,768.7225376236404,2.7508197115832798,0.005685992994244718,0.0028965676298069692,0.3803050929786139,0.9835520514243757
99,indoors,scene_00021,indoors/scene_00021/scan_00192,val/indoors/scene_00021/scan_00192/00021_00192_indoors_350_030.png,10,2,2,512,512,768,768,65530,6378,91042.0,5219.242001655282,4895.897151491462,323.344850163821,1373.0081894228936,1259.3299244273737,113.67826499551957,0.010311265171375372,0.014313126085869836,0.42413603468098765,1.2717263154885792
99,indoors,scene_00021,indoors/scene_00021/scan_00192,val/indoors/scene_00021/scan_00192/00021_00192_indoors_350_030.png,11,2,3,768,512,1024,768,65532,4416,83196.0,5531.814230942452,5359.921058757589,171.89317218486227,1490.4713779684052,1453.555247371854,36.91613059655128,0.010783749143573645,0.011322960669719983,0.6469480043135457,1.2714957884795415
100,outdoor,scene_00022,outdoor/scene_00022/scan_00193,val/outdoor/scene_00022/scan_00193/00022_00193_outdoor_000_000.png,0,0,0,0,0,256,256,61837,16791,129001.0,129532.40642764844,130926.7806878378,-1394.3742601893598,37779.344609954685,38398.0862441779,-618.7416342232233,0.036721892378146076,0.01958919052311249,0.9553511181595178,-0.3953403346426586
100,outdoor,scene_00022,outdoor/scene_00022/scan_00193,val/outdoor/scene_00022/scan_00193/00022_00193_outdoor_000_000.png,1,0,1,256,0,512,256,60530,13819,115806.0,179506.21019866568,181687.60396102554,-2181.393762359822,46829.77590097715,47481.40411834307,-651.6282173659239,0.03886766055385109,0.015971958194690383,0.6965028998139304,0.17019606175313834
100,outdoor,scene_00022,outdoor/scene_00022/scan_00193,val/outdoor/scene_00022/scan_00193/00022_00193_outdoor_000_000.png,2,0,2,512,0,768,256,62244,3796,77428.0,20683.228935407144,20734.014213875613,-50.78527846846728,11833.349130073733,11879.235191789845,-45.88606171611076,0.033736189520054236,0.005017411791706521,0.286838938049064,0.17325578114327161
100,outdoor,scene_00022,outdoor/scene_00022/scan_00193,val/outdoor/scene_00022/scan_00193/00022_00193_outdoor_000_000.png,3,0,3,768,0,1024,256,51498,20382,133026.0,98942.67967915616,99588.76671925842,-646.0870401022642,33561.80144708989,33765.08926565834,-203.28781856844404,0.055054786865224165,0.011508633628686813,0.3596802523722297,0.07047855006442967
100,outdoor,scene_00022,outdoor/scene_00022/scan_00193,val/outdoor/scene_00022/scan_00193/00022_00193_outdoor_000_000.png,4,1,0,0,256,256,512,65480,1620,71960.0,11474.137473143915,11516.096442966686,-41.95896982276924,4604.757616014129,4635.75438116854,-30.99676515441066,0.020599170163807405,0.005621781119944709,0.6805016637343807,2.5348728803025953
100,outdoor,scene_00022,outdoor/scene_00022/scan_00193,val/outdoor/scene_00022/scan_00193/00022_00193_outdoor_000_000.png,5,1,1,256,256,512,512,65418,1317,70686.0,12912.4305203674,12918.476430470153,-6.0459101027536555,4393.140815593496,4398.819965900808,-5.679150307312047,0.02474282612615051,0.01991045144923999,0.7765926292866604,1.0991575550635158
100,outdoor,scene_00022,outdoor/scene_00022/scan_00193,val/outdoor/scene_00022/scan_00193/00022_00193_outdoor_000_000.png,6,1,2,512,256,768,512,65536,313,66788.0,5073.531721130934,5073.2058686191085,0.32585251182643815,4511.418343813623,4509.943681228575,1.4746625850483341,0.02263012964972119,0.010717528598179277,0.594964161531072,0.4273216466791188
100,outdoor,scene_00022,outdoor/scene_00022/scan_00193,val/outdoor/scene_00022/scan_00193/00022_00193_outdoor_000_000.png,7,1,3,768,256,1024,512,61681,16128,126193.0,109810.74092359285,109937.2970052382,-126.55608164535177,33976.84578522716,34021.24299838272,-44.39721315555206,0.020874605607924465,0.014307811202446955,0.7489904832137656,0.3572722772346235
100,outdoor,scene_00022,outdoor/scene_00022/scan_00193,val/outdoor/scene_00022/scan_00193/00022_00193_outdoor_000_000.png,8,2,0,0,512,256,768,65536,47,65724.0,1976.7949146060787,1947.356373339563,29.4385412665156,1877.6148122245104,1849.0171936055585,28.597618618951806,0.015430400470636998,0.005537355121344144,0.11956243374465435,5.473399853182419
100,outdoor,scene_00022,outdoor/scene_00022/scan_00193,val/outdoor/scene_00022/scan_00193/00022_00193_outdoor_000_000.png,9,2,1,256,512,512,768,65536,83,65868.0,975.0081306517214,976.6868563136143,-1.6787256618927442,845.7858543726975,847.2132556239137,-1.4274012512162555,0.02149653284703876,0.009722341589703396,0.6037555114923283,3.000116053071334
100,outdoor,scene_00022,outdoor/scene_00022/scan_00193,val/outdoor/scene_00022/scan_00193/00022_00193_outdoor_000_000.png,10,2,2,512,512,768,768,65536,446,67320.0,2024.1159144718401,2027.8113573913247,-3.6954429194845,1157.668557330272,1162.1267844126064,-4.458227082334431,0.01990471903939353,0.010584011059444776,0.675345096846129,2.3302163671706255
100,outdoor,scene_00022,outdoor/scene_00022/scan_00193,val/outdoor/scene_00022/scan_00193/00022_00193_outdoor_000_000.png,11,2,3,768,512,1024,768,65495,863,68947.0,6723.349576859016,7004.465094499599,-281.1155176405823,3794.0280016126944,3950.1250970570836,-156.09709544438942,0.014102237353845868,0.013365306029868598,0.8014373038087904,2.3978315674975
101,outdoor,scene_00022,outdoor/scene_00022/scan_00193,val/outdoor/scene_00022/scan_00193/00022_00193_outdoor_040_000.png,0,0,0,0,0,256,256,25085,1556,31309.0,3938.8124603533643,3985.1303266746195,-46.31786632125563,1528.2549365398477,1636.7225649518327,-108.46762841198503,0.02659340949750641,0.012984796447263771,0.41101424072312037,0.2869445515060826
101,outdoor,scene_00022,outdoor/scene_00022/scan_00193,val/outdoor/scene_00022/scan_00193/00022_00193_outdoor_040_000.png,1,0,1,256,0,512,256,35407,3255,48427.0,18217.558367419773,18541.01302409701,-323.4546566772354,4618.624985400298,4688.982895791998,-70.35791039169962,0.021500288694011476,0.010628250318408566,0.5722895562920434,-0.17605026961814457
101,outdoor,scene_00022,outdoor/scene_00022/scan_00193,val/outdoor/scene_00022/scan_00193/00022_00193_outdoor_040_000.png,2,0,2,512,0,768,256,34070,17870,105550.0,70580.9333782725,70502.91962759566,78.01375067682359,15712.320561044637,15676.297697641137,36.02286340350128,0.033304070562742885,0.014693663614041006,0.7237427109982559,-0.10189322700768542
101,outdoor,scene_00022,outdoor/scene_00022/scan_00193,val/outdoor/scene_00022/scan_00193/00022_00193_outdoor_040_000.png,3,0,3,768,0,1024,256,44308,24528,142420.0,61162.15510237803,61210.275547971905,-48.12044559387832,19269.777364946593,19283.363864502884,-13.586499556296747,0.03202737656402144,0.016915369116920213,0.7827932467645428,-0.12147349931877484
101,outdoor,scene_00022,outdoor/scene_00022/scan_00193,val/outdoor/scene_00022/scan_00193/00022_00193_outdoor_040_000.png,4,1,0,0,256,256,512,65534,6977,93442.0,10292.909097021346,10333.743283401393,-40.83418638004729,4164.21886517251,4167.34990953265,-3.131044360140134,0.020422230194915084,0.018320277211195547,0.7473850788494214,0.6773820636351399
101,outdoor,scene_00022,outdoor/scene_00022/scan_00193,val/outdoor/scene_00022/scan_00193/00022_00193_outdoor_040_000.png,5,1,1,256,256,512,512,65534,6729,92450.0,8454.55751320485,8448.03367063427,6.52384257058177,2868.633615098633,2889.9159937053682,-21.28237860673544,0.013725619346911626,0.011159706130263536,0.6935081842609782,1.1199342300741868
101,outdoor,scene_00022,outdoor/scene_00022/scan_00193,val/outdoor/scene_00022/scan_00193/00022_00193_outdoor_040_000.png,6,1,2,512,256,768,512,65536,1157,70164.0,1925.9567707999192,1932.462308473755,-6.505537673835757,1062.6140217093343,1064.1573199648217,-1.5432982554872148,0.01011776007781936,0.008179001460899307,0.5525421771676078,1.795595853674614
101,outdoor,scene_00022,outdoor/scene_00022/scan_00193,val/outdoor/scene_00022/scan_00193/00022_00193_outdoor_040_000.png,7,1,3,768,256,1024,512,65530,3947,81318.0,8547.786327696647,8559.183096577355,-11.396768880708654,3624.2393810163962,3627.068651397997,-2.82927038160094,0.014193841696526242,0.005914435552366266,0.5578741703016715,2.163359197851702
101,outdoor,scene_00022,outdoor/scene_00022/scan_00193,val/outdoor/scene_00022/scan_00193/00022_00193_outdoor_040_000.png,8,2,0,0,512,256,768,65536,8,65568.0,506.2006208511869,499.4802826991144,6.7203381520725,502.94123603235766,496.2553734143425,6.685862618015104,0.01684798879947684,0.011312954569285058,0.8379712367320565,4.198982137087943
101,outdoor,scene_00022,outdoor/scene_00022/scan_00193,val/outdoor/scene_00022/scan_00193/00022_00193_outdoor_040_000.png,9,2,1,256,512,512,768,65536,111,65980.0,643.287802141125,628.1985676947354,15.089234446389671,576.4924270908373,560.9852369238793,15.50719016695815,0.013971874799078804,0.011860348084567839,0.602135629841389,3.753613830022165
101,outdoor,scene_00022,outdoor/scene_00022/scan_00193,val/outdoor/scene_00022/scan_00193/00022_00193_outdoor_040_000.png,10,2,2,512,512,768,768,65536,0,65536.0,516.412448858635,508.60840041301185,7.804048445623112,516.412448858635,508.60840041301185,7.804048445623112,0.013931860864489979,0.010936462491088454,0.7392269767352873,3.066508602100617
101,outdoor,scene_00022,outdoor/scene_00022/scan_00193,val/outdoor/scene_00022/scan_00193/00022_00193_outdoor_040_000.png,11,2,3,768,512,1024,768,65536,171,66220.0,1057.9825177429097,1048.2035149606259,9.779002782283904,962.6210724523075,952.5997703404826,10.021302111824905,0.013015666554143608,0.00892325325919308,0.5211647391862811,3.486560893402481
102,outdoor,scene_00022,outdoor/scene_00022/scan_00193,val/outdoor/scene_00022/scan_00193/00022_00193_outdoor_050_010.png,0,0,0,0,0,256,256,65237,648,67829.0,2754.770661108418,2744.058745085037,10.711916023380592,1982.0502755723464,1970.7427860933801,11.3074894789662,0.05775453186042169,0.003407102882167106,0.36699484912774694,0.3470721937220545
102,outdoor,scene_00022,outdoor/scene_00022/scan_00193,val/outdoor/scene_00022/scan_00193/00022_00193_outdoor_050_010.png,1,0,1,256,0,512,256,44482,9595,82862.0,29111.418588863817,29253.77430305603,-142.35571419221168,10706.88606227132,10808.810972676089,-101.92491040477066,0.03927404728906872,0.007958776845537053,0.28934004104875266,0.4192099317732336
102,outdoor,scene_00022,outdoor/scene_00022/scan_00193,val/outdoor/scene_00022/scan_00193/00022_00193_outdoor_050_010.png,2,0,2,512,0,768,256,52275,11243,97247.0,111152.1397856544,111083.09260605038,69.04717960402456,28319.786392017126,28313.768733369758,6.01765864736698,0.03770137890568005,0.004977658965783282,0.19781168666048354,0.3233843693388136
102,outdoor,scene_00022,outdoor/scene_00022/scan_00193,val/outdoor/scene_00022/scan_00193/00022_00193_outdoor_050_010.png,3,0,3,768,0,1024,256,59197,15462,121045.0,47025.56818848101,46886.12375310761,139.444435373392,15308.230849847409,15259.878241659097,48.352608188311365,0.032688383684603445,0.0046223046922123975,0.13492448118977787,0.34078588733136556
102,outdoor,scene_00022,outdoor/scene_00022/scan_00193,val/outdoor/scene_00022/scan_00193/00022_00193_outdoor_050_010.png,4,1,0,0,256,256,512,64779,1515,70839.0,5485.222819769384,5485.0605682569785,0.16225151240625735,3173.1952189979947,3150.656013342903,22.539205655091877,0.04782895787535617,0.01722001275335689,0.6973364179481993,0.7932097532835125
102,outdoor,scene_00022,outdoor/scene_00022/scan_00193,val/outdoor/scene_00022/scan_00193/00022_00193_outdoor_050_010.png,5,1,1,256,256,512,512,32151,1507,38179.0,7313.105738220141,7031.918122510985,281.18761570915547,3524.2445211001655,3453.2552559128158,70.9892651873504,0.026862977158652337,0.018367121649099774,0.6278191393807375,0.8170906093595601
102,outdoor,scene_00022,outdoor/scene_00022/scan_00193,val/outdoor/scene_00022/scan_00193/00022_00193_outdoor_050_010.png,6,1,2,512,256,768,512,42086,3396,55670.0,31350.55691172079,31623.30015167815,-272.7432399573655,8945.923344076262,9000.938085683694,-55.01474160743383,0.020712317622320012,0.013421952127037683,0.8217735791218111,0.16618421428746946
102,outdoor,scene_00022,outdoor/scene_00022/scan_00193,val/outdoor/scene_00022/scan_00193/00022_00193_outdoor_050_010.png,7,1,3,768,256,1024,512,40699,14792,99867.0,80757.44146101939,80878.6194145731,-121.17795355368594,19856.977214863673,19987.882931767843,-130.90571690416945,0.03360308802353997,0.018551522091394417,0.9405128693553184,-0.00044743726391576876
102,outdoor,scene_00022,outdoor/scene_00022/scan_00193,val/outdoor/scene_00022/scan_00193/00022_00193_outdoor_050_010.png,8,2,0,0,512,256,768,65535,2902,77143.0,7821.535716478804,7718.951853204284,102.58386327451984,4497.303737322054,4427.872341616206,69.43139570584853,0.021616518407089228,0.0244871523074416,0.6693840074484204,3.191337902392262
102,outdoor,scene_00022,outdoor/scene_00022/scan_00193,val/outdoor/scene_00022/scan_00193/00022_00193_outdoor_050_010.png,9,2,1,256,512,512,768,65536,2045,73716.0,6002.9534837014635,5996.475936094887,6.477547606575101,3714.385789860029,3704.048824524948,10.336965335080345,0.01890167936750669,0.017645574029606977,0.7967469396127778,1.8704292932649764
102,outdoor,scene_00022,outdoor/scene_00022/scan_00193,val/outdoor/scene_00022/scan_00193/00022_00193_outdoor_050_010.png,10,2,2,512,512,768,768,65533,2740,76493.0,6013.992439979753,5976.187426058889,37.80501392086358,3172.032330697265,3135.4461490909334,36.586181606331586,0.013616845772282208,0.013931767091785695,0.7751667210522105,2.7901489813063964
102,outdoor,scene_00022,outdoor/scene_00022/scan_00193,val/outdoor/scene_00022/scan_00193/00022_00193_outdoor_050_010.png,11,2,3,768,512,1024,768,65536,450,67336.0,1327.906450076558,1335.808893651201,-7.902443574643055,871.4098891270417,876.6893152299917,-5.279426102950156,0.009858565966799139,0.009048141422790573,0.5231657806021552,3.7673088232591443
103,outdoor,scene_00022,outdoor/scene_00022/scan_00193,val/outdoor/scene_00022/scan_00193/00022_00193_outdoor_060_040.png,0,0,0,0,0,256,256,58032,9127,94540.0,60288.19533896966,60314.80343157222,-26.608092602566558,16639.09700544359,16644.86003981971,-5.763034376120462,0.04792749877157964,0.004207184332632543,0.37467221064738876,2.549262399631229
103,outdoor,scene_00022,outdoor/scene_00022/scan_00193,val/outdoor/scene_00022/scan_00193/00022_00193_outdoor_060_040.png,1,0,1,256,0,512,256,64025,1855,71445.0,36383418.98043043,29021938.8968405,7361480.083589931,7883993.31003393,6333379.064113175,1550614.245920755,0.04770730731100521,0.014686197540285205,0.8688434666911714,0.1152910330898783
103,outdoor,scene_00022,outdoor/scene_00022/scan_00193,val/outdoor/scene_00022/scan_00193/00022_00193_outdoor_060_040.png,2,0,2,512,0,768,256,182,66,446.0,14490619.922449153,13563381.557016734,927238.3654324152,3198144.6184301185,2860432.2646307186,337712.35379940015,0.007037155514923513,0.0019219291359059932,0.8801218167297924,2.943865573433196e-05
103,outdoor,scene_00022,outdoor/scene_00022/scan_00193,val/outdoor/scene_00022/scan_00193/00022_00193_outdoor_060_040.png,3,0,3,768,0,1024,256,0,0,0.0,0.0,0.0,0.0,0.0,0.0,0.0,0.00732757928431451,0.0,1e-06,-2.8486346006393433e-06
103,outdoor,scene_00022,outdoor/scene_00022/scan_00193,val/outdoor/scene_00022/scan_00193/00022_00193_outdoor_060_040.png,4,1,0,0,256,256,512,59800,9867,99268.0,83140.05802287199,83253.00123461762,-112.94321174563552,20353.76398078189,20371.19387014899,-17.429889367097466,0.041645431319465125,0.004657516095834693,0.4180148882330858,2.8921735466048912
103,outdoor,scene_00022,outdoor/scene_00022/scan_00193,val/outdoor/scene_00022/scan_00193/00022_00193_outdoor_060_040.png,5,1,1,256,256,512,512,64918,1498,70910.0,23593046.31780415,23590191.830607533,2854.4871966170012,4854154.5986915445,4853647.7849606685,506.81373087643215,0.05768442138835509,0.011346951719980021,0.8721668481625092,0.10876758736310115
103,outdoor,scene_00022,outdoor/scene_00022/scan_00193,val/outdoor/scene_00022/scan_00193/00022_00193_outdoor_060_040.png,6,1,2,512,256,768,512,40019,8241,72983.0,69953965.32663982,68554926.47091757,1399038.8557222495,16390772.297597239,15546288.933264654,844483.3643325842,0.040000454528713314,0.011021422051004004,0.7706395826437704,-0.005208059756266428
103,outdoor,scene_00022,outdoor/scene_00022/scan_00193,val/outdoor/scene_00022/scan_00193/00022_00193_outdoor_060_040.png,7,1,3,768,256,1024,512,25559,6290,50719.0,25197066.916537907,9457822.39718237,15739244.519355536,5042713.396053786,1894873.7065055333,3147839.689548253,0.02480903087434846,0.009401268912245735,0.5781256525922951,0.0037615658618170345
103,outdoor,scene_00022,outdoor/scene_00022/scan_00193,val/outdoor/scene_00022/scan_00193/00022_00193_outdoor_060_040.png,8,2,0,0,512,256,768,64293,3925,79993.0,30000.279032911334,30091.440918918837,-91.16188600750374,8449.770765820738,8482.551800794288,-32.781034973550504,0.05245397224475248,0.008118238008890735,0.4696899216134077,3.5165688812102593
103,outdoor,scene_00022,outdoor/scene_00022/scan_00193,val/outdoor/scene_00022/scan_00193/00022_00193_outdoor_060_040.png,9,2,1,256,512,512,768,65375,2037,73523.0,5588.327404128623,5659.974727356813,-71.64732322818955,3042.8681598941794,3147.9571652317372,-105.08900533755818,0.054248945480602544,0.010028115239171418,0.5927904056016053,2.6859430598114398
103,outdoor,scene_00022,outdoor/scene_00022/scan_00193,val/outdoor/scene_00022/scan_00193/00022_00193_outdoor_060_040.png,10,2,2,512,512,768,768,62733,7610,93173.0,27265.173213801783,26926.405223232683,338.76799056909863,12900.37233457523,12782.638733744958,117.73360083027141,0.06324909687830325,0.025042620764706057,0.6681180948384317,1.5162860126427562
103,outdoor,scene_00022,outdoor/scene_00022/scan_00193,val/outdoor/scene_00022/scan_00193/00022_00193_outdoor_060_040.png,11,2,3,768,512,1024,768,64011,6376,89515.0,47280.01910022505,47416.75720118932,-136.73810096427383,15776.292845675785,15805.09875761995,-28.80591194416442,0.051356578386368194,0.003269178747624727,0.3506473096336306,1.182831373278424
104,outdoor,scene_00022,outdoor/scene_00022/scan_00193,val/outdoor/scene_00022/scan_00193/00022_00193_outdoor_150_010.png,0,0,0,0,0,256,256,62050,4744,81026.0,14678.183929337885,14547.8943945994,130.28953473848452,7006.993674777139,6865.293722061995,141.6999527151445,0.044649069223275745,0.002350006228937033,0.16218105176358283,0.25787157181106146
104,outdoor,scene_00022,outdoor/scene_00022/scan_00193,val/outdoor/scene_00022/scan_00193/00022_00193_outdoor_150_010.png,1,0,1,256,0,512,256,58789,3946,74573.0,16787.66891268862,16671.531763021365,116.1371496672558,6233.436716586157,6186.46571889874,46.97099768741522,0.04391593454464926,0.0010479248954556304,0.047612275082039475,0.4261683444285085
104,outdoor,scene_00022,outdoor/scene_00022/scan_00193,val/outdoor/scene_00022/scan_00193/00022_00193_outdoor_150_010.png,2,0,2,512,0,768,256,65486,5766,88550.0,11850.597584237936,11739.440952132654,111.15663210528157,6143.855427747045,6114.515472096009,29.339955651037315,0.04129519711574811,0.0050344327603177854,0.32259737315169557,0.1616790675369051
104,outdoor,scene_00022,outdoor/scene_00022/scan_00193,val/outdoor/scene_00022/scan_00193/00022_00193_outdoor_150_010.png,3,0,3,768,0,1024,256,65532,2313,74784.0,8070.759107236641,8010.3582660412085,60.400841195433365,6798.780445352864,6767.904615644626,30.875829708238875,0.043031572963579165,0.0030482241920219066,0.2390325685464337,1.1209633920417257
104,outdoor,scene_00022,outdoor/scene_00022/scan_00193,val/outdoor/scene_00022/scan_00193/00022_00193_outdoor_150_010.png,4,1,0,0,256,256,512,56635,11587,102983.0,85554.05617528764,85203.38763498366,350.66854030398133,34748.047951358356,34696.753171536315,51.29477982204918,0.021703857677772668,0.008966048578472904,0.49555504546433715,0.10028715883015203
104,outdoor,scene_00022,outdoor/scene_00022/scan_00193,val/outdoor/scene_00022/scan_00193/00022_00193_outdoor_150_010.png,5,1,1,256,256,512,512,61293,18775,136393.0,150937.04166086979,150713.267920837,223.77374003277026,35539.1673201025,35346.598574055926,192.5687460465744,0.03129676556859639,0.027308164173598076,0.5154356321356598,0.22897297224120827
104,outdoor,scene_00022,outdoor/scene_00022/scan_00193,val/outdoor/scene_00022/scan_00193/00022_00193_outdoor_150_010.png,6,1,2,512,256,768,512,64295,9700,103095.0,95163.16520875442,97563.79281022627,-2400.6276014718596,27213.998140781594,27839.845210412925,-625.8470696313327,0.02826519820384438,0.04749709509247703,0.817895623212589,0.22972656799645222
104,outdoor,scene_00022,outdoor/scene_00022/scan_00193,val/outdoor/scene_00022/scan_00193/00022_00193_outdoor_150_010.png,7,1,3,768,256,1024,512,64954,4027,81062.0,12721.550709661886,14795.630998310122,-2074.080288648235,6983.372029761273,7965.887092334371,-982.5150625730992,0.035039957938656566,0.04031464791948628,0.6158760712166691,1.1791569837019074
104,outdoor,scene_00022,outdoor/scene_00022/scan_00193,val/outdoor/scene_00022/scan_00193/00022_00193_outdoor_150_010.png,8,2,0,0,512,256,768,65526,4703,84338.0,18459.599739706333,19401.214863348367,-941.6151236420375,10785.34196549782,11252.62169392306,-467.2797284252395,0.013431861563554403,0.02542716664148789,0.754586768975707,1.8446975636605576
104,outdoor,scene_00022,outdoor/scene_00022/scan_00193,val/outdoor/scene_00022/scan_00193/00022_00193_outdoor_150_010.png,9,2,1,256,512,512,768,65284,4098,81676.0,11424.47773968441,11453.550201204122,-29.072461519711393,5180.730961877156,5156.205188255734,24.525773621421685,0.02032148548292288,0.0313932413675092,0.895309895053346,1.6202115872317082
104,outdoor,scene_00022,outdoor/scene_00022/scan_00193,val/outdoor/scene_00022/scan_00193/00022_00193_outdoor_150_010.png,10,2,2,512,512,768,768,65530,4675,84230.0,8091.924912887099,8196.689421128389,-104.76450824128909,2864.072597328256,2905.3000676886704,-41.22747036041438,0.029333621780310456,0.016895357887468737,0.9356346616568156,2.193778131943935
104,outdoor,scene_00022,outdoor/scene_00022/scan_00193,val/outdoor/scene_00022/scan_00193/00022_00193_outdoor_150_010.png,11,2,3,768,512,1024,768,65536,1736,72480.0,4339.164402610344,4333.87348965669,5.290912953654413,2975.614642190162,2982.049592814118,-6.434950623956347,0.028703006904637438,0.014245793900002152,0.869036590561055,2.333701208719789
105,outdoor,scene_00022,outdoor/scene_00022/scan_00193,val/outdoor/scene_00022/scan_00193/00022_00193_outdoor_210_000.png,0,0,0,0,0,256,256,57655,18289,130811.0,227592.14181156305,228667.46151863615,-1075.3197070731255,61145.34414566716,61379.95588071997,-234.61173505280877,0.019989676204962392,0.00411284019971806,0.0927773520416518,0.3035311457876092
105,outdoor,scene_00022,outdoor/scene_00022/scan_00193,val/outdoor/scene_00022/scan_00193/00022_00193_outdoor_210_000.png,1,0,1,256,0,512,256,54055,20940,137815.0,205346.0995212625,219361.86612582032,-14015.766604557804,52654.49880907175,55799.432530426675,-3144.9337213549143,0.043120614634820184,0.19525417269671524,1.4361142425018723,-0.35331450436699435
105,outdoor,scene_00022,outdoor/scene_00022/scan_00193,val/outdoor/scene_00022/scan_00193/00022_00193_outdoor_210_000.png,2,0,2,512,0,768,256,51754,12962,103602.0,112851.37570917528,112709.89077516658,141.48493400870052,37719.10485335409,37644.82796916762,74.27688418647074,0.03959019126133493,0.212620461264066,1.6100527910494684,-0.28335425278832976
105,outdoor,scene_00022,outdoor/scene_00022/scan_00193,val/outdoor/scene_00022/scan_00193/00022_00193_outdoor_210_000.png,3,0,3,768,0,1024,256,44282,11960,92122.0,126599.48388218888,122718.94977713592,3880.5341050529782,41055.66734714985,39861.83712335887,1193.8302237909804,0.02860111684226964,0.022663425372216457,0.17512343628990365,-0.06862375858057489
105,outdoor,scene_00022,outdoor/scene_00022/scan_00193,val/outdoor/scene_00022/scan_00193/00022_00193_outdoor_210_000.png,4,1,0,0,256,256,512,65524,536,67668.0,6943.337906967334,6940.737671042761,2.6002359245732416,4834.6766336342225,4832.305448796722,2.371184837499883,0.011672285759159146,0.007366311398743185,0.2575386676129813,0.41752281161620586
105,outdoor,scene_00022,outdoor/scene_00022/scan_00193,val/outdoor/scene_00022/scan_00193/00022_00193_outdoor_210_000.png,5,1,1,256,256,512,512,65535,917,69203.0,5207.681039085359,5293.182477575114,-85.5014384897554,3727.5343514332553,3778.2396770803416,-50.70532564708685,0.01384658626730792,0.023135222634691272,0.5796659080094788,0.40127010388172485
105,outdoor,scene_00022,outdoor/scene_00022/scan_00193,val/outdoor/scene_00022/scan_00193/00022_00193_outdoor_210_000.png,6,1,2,512,256,768,512,65139,2543,75311.0,17927.38407000858,17584.761837203136,342.62223280544083,10314.65069624124,10204.651282622626,109.99941361861457,0.012667561514084347,0.02103282442847506,0.6384523602663713,0.2622632910915068
105,outdoor,scene_00022,outdoor/scene_00022/scan_00193,val/outdoor/scene_00022/scan_00193/00022_00193_outdoor_210_000.png,7,1,3,768,256,1024,512,65212,4217,82080.0,35247.860080958606,35282.95400367446,-35.09392271585564,12324.979719003846,12339.474626270852,-14.494907267005704,0.010719789503165347,0.007280601693025332,0.2947721336485673,0.17222557850911902
105,outdoor,scene_00022,outdoor/scene_00022/scan_00193,val/outdoor/scene_00022/scan_00193/00022_00193_outdoor_210_000.png,8,2,0,0,512,256,768,65536,0,65536.0,1195.364579446247,1190.5058964691027,4.858682977144197,1195.364579446247,1190.5058964691027,4.858682977144197,0.019476636416826752,0.008279074180345347,0.3642807578231293,1.8697274342225016
105,outdoor,scene_00022,outdoor/scene_00022/scan_00193,val/outdoor/scene_00022/scan_00193/00022_00193_outdoor_210_000.png,9,2,1,256,512,512,768,65536,428,67248.0,1333.1684411932183,1684.3624853542465,-351.19404416102816,977.9693329149113,1347.210653045317,-369.2413201304055,0.031206780185744375,0.012610548862451528,0.6380257547638719,2.0308000513835416
105,outdoor,scene_00022,outdoor/scene_00022/scan_00193,val/outdoor/scene_00022/scan_00193/00022_00193_outdoor_210_000.png,10,2,2,512,512,768,768,65536,274,66632.0,1551.1482763940544,1971.634603352215,-420.4863269581607,1040.6860306017693,1344.5490369466852,-303.86300634491573,0.022727261385675452,0.012813847078430949,0.618001151546691,2.0358413639017225
105,outdoor,scene_00022,outdoor/scene_00022/scan_00193,val/outdoor/scene_00022/scan_00193/00022_00193_outdoor_210_000.png,11,2,3,768,512,1024,768,65536,0,65536.0,1381.5590877116942,1386.06121474745,-4.502127035755841,1381.5590877116942,1386.06121474745,-4.502127035755841,0.02004939635192463,0.008062870302251477,0.39681850108464717,1.907266196727368
106,outdoor,scene_00022,outdoor/scene_00022/scan_00193,val/outdoor/scene_00022/scan_00193/00022_00193_outdoor_220_030.png,0,0,0,0,0,256,256,27298,188,28050.0,350095641.0060898,364373241.14492726,-14277600.138837365,306630231.2441556,318851887.7611399,-12221656.51698439,0.015952592283423432,0.00905716843957713,0.360890378840862,0.003580146130841567
106,outdoor,scene_00022,outdoor/scene_00022/scan_00193,val/outdoor/scene_00022/scan_00193/00022_00193_outdoor_220_030.png,1,0,1,256,0,512,256,9413,2889,20969.0,3866113303.0030265,4216843762.351109,-350730459.34808207,1497158301.6798835,1630602798.951192,-133444497.27130832,0.017873170913199024,0.012331100902665815,0.4333911682407333,-0.0013495397178401283
106,outdoor,scene_00022,outdoor/scene_00022/scan_00193,val/outdoor/scene_00022/scan_00193/00022_00193_outdoor_220_030.png,2,0,2,512,0,768,256,35663,1751,42667.0,3576467400.3003483,3577637462.2644143,-1170061.9640660286,2271580943.848732,2519667319.5138955,-248086375.66516387,0.05262738253410093,0.12607307535595913,1.1409461461750876,0.0250910832944372
106,outdoor,scene_00022,outdoor/scene_00022/scan_00193,val/outdoor/scene_00022/scan_00193/00022_00193_outdoor_220_030.png,3,0,3,768,0,1024,256,17941,115,18401.0,2350858188.6791553,2483039077.3630576,-132180888.68390216,2281435564.5774703,2419207113.0135493,-137771548.43607923,0.027823188741747856,0.08366563717944465,1.0438889429380223,0.007959069964022604
106,outdoor,scene_00022,outdoor/scene_00022/scan_00193,val/outdoor/scene_00022/scan_00193/00022_00193_outdoor_220_030.png,4,1,0,0,256,256,512,62904,1452,68712.0,2378728.240249648,2378778.0798537084,-49.83960405937907,672432.944572413,672467.2419272367,-34.29735482363826,0.03069523390247472,0.002882263627164195,0.2631518675165816,0.2719898604888793
106,outdoor,scene_00022,outdoor/scene_00022/scan_00193,val/outdoor/scene_00022/scan_00193/00022_00193_outdoor_220_030.png,5,1,1,256,256,512,512,48345,8484,82281.0,706245212.0516164,752457423.5152704,-46212211.4636538,221646867.1871073,240782932.9477005,-19136065.76059323,0.025656844373459296,0.013983932910478843,0.500351162770703,0.04319886476989368
106,outdoor,scene_00022,outdoor/scene_00022/scan_00193,val/outdoor/scene_00022/scan_00193/00022_00193_outdoor_220_030.png,6,1,2,512,256,768,512,48995,5336,70339.0,4068142613.5873356,4385070576.132891,-316927962.54555595,2098982140.7130961,2444931277.1828794,-345949136.4697835,0.06113954156589014,0.12811008909584276,1.0372100382228677,0.13367772382958065
106,outdoor,scene_00022,outdoor/scene_00022/scan_00193,val/outdoor/scene_00022/scan_00193/00022_00193_outdoor_220_030.png,7,1,3,768,256,1024,512,36616,2020,44696.0,4524083169.133519,4811462023.031929,-287378853.89840925,3687014171.116549,4033482131.553759,-346467960.43721014,0.04538548115835202,0.11183901615018897,0.9504274826724286,0.11667734863333756
106,outdoor,scene_00022,outdoor/scene_00022/scan_00193,val/outdoor/scene_00022/scan_00193/00022_00193_outdoor_220_030.png,8,2,0,0,512,256,768,57485,4140,74045.0,44876.64128767581,44887.66744290176,-11.026155225946297,36828.75263201194,36859.15395736583,-30.401325353888648,0.04017230835250166,0.007065922813397249,0.31550523611585457,0.7325865275422037
106,outdoor,scene_00022,outdoor/scene_00022/scan_00193,val/outdoor/scene_00022/scan_00193/00022_00193_outdoor_220_030.png,9,2,1,256,512,512,768,51756,9673,90448.0,114596.64915855872,115097.93841688655,-501.2892583278245,46962.583654339716,47066.138814224265,-103.55515988454252,0.02831537981760926,0.01103532493635734,0.3202915829489192,0.6682417863832818
106,outdoor,scene_00022,outdoor/scene_00022/scan_00193,val/outdoor/scene_00022/scan_00193/00022_00193_outdoor_220_030.png,10,2,2,512,512,768,768,52190,9924,91886.0,121872.4670877531,129749.15120657274,-7876.684118819659,48425.90898290227,50385.152438385456,-1959.243455483183,0.06014699105481912,0.09177961882123543,0.774845138210891,0.734318249642916
106,outdoor,scene_00022,outdoor/scene_00022/scan_00193,val/outdoor/scene_00022/scan_00193/00022_00193_outdoor_220_030.png,11,2,3,768,512,1024,768,43436,3125,55936.0,82256.65133526975,74856.94133243496,7399.710002834788,57448.48084192329,55081.19355129222,2367.287290631068,0.05634944004439457,0.05957946445536698,0.5849994897911736,0.708221759119415
107,outdoor,scene_00022,outdoor/scene_00022/scan_00193,val/outdoor/scene_00022/scan_00193/00022_00193_outdoor_320_020.png,0,0,0,0,0,256,256,932,362,2380.0,17807.738807198482,17579.4312255452,228.30758165328393,4521.5471974736965,4452.269539276624,69.27765819707284,0.010190279163416492,0.0013457024336346176,0.09896404766788576,0.0
107,outdoor,scene_00022,outdoor/scene_00022/scan_00193,val/outdoor/scene_00022/scan_00193/00022_00193_outdoor_320_020.png,1,0,1,256,0,512,256,22817,3793,37989.0,79288.17683947709,79140.22093736492,147.95590211216177,32329.530700563308,31803.037379267647,526.4933212956646,0.050907120542570065,0.05880441362555942,0.9019678006459708,-0.005461728480064384
107,outdoor,scene_00022,outdoor/scene_00022/scan_00193,val/outdoor/scene_00022/scan_00193/00022_00193_outdoor_320_020.png,2,0,2,512,0,768,256,46273,1681,52997.0,38989.30488006852,37483.91036871712,1505.3945113514012,32768.79761256887,31735.238049713756,1033.5595628551182,0.07789522698573312,0.11450704734281426,0.5988981768562587,0.8180485498346078
107,outdoor,scene_00022,outdoor/scene_00022/scan_00193,val/outdoor/scene_00022/scan_00193/00022_00193_outdoor_320_020.png,3,0,3,768,0,1024,256,42585,5852,65993.0,73591.75204959142,73944.06521049187,-352.3131609004372,40030.28838805936,40372.89860616496,-342.6102181056038,0.06660328921960568,0.05769396493135651,0.42780629020102556,0.765853091932267
107,outdoor,scene_00022,outdoor/scene_00022/scan_00193,val/outdoor/scene_00022/scan_00193/00022_00193_outdoor_320_020.png,4,1,0,0,256,256,512,18923,3483,32855.0,61715.91171120248,61654.453869038276,61.4578421642135,25172.808468736708,25142.730108551685,30.078360185019537,0.037416324129860595,0.005490383772251878,0.16738968091548437,0.0030906728649382985
107,outdoor,scene_00022,outdoor/scene_00022/scan_00193,val/outdoor/scene_00022/scan_00193/00022_00193_outdoor_320_020.png,5,1,1,256,256,512,512,29327,5504,51343.0,147927.38406570704,143716.4234293511,4210.960636355952,55987.3834036488,53934.814153606705,2052.5692500420923,0.05646720940417903,0.06577263048309605,0.7302364223258289,-0.040201691611866035
107,outdoor,scene_00022,outdoor/scene_00022/scan_00193,val/outdoor/scene_00022/scan_00193/00022_00193_outdoor_320_020.png,6,1,2,512,256,768,512,48141,1112,52589.0,63395.84599468866,55039.11698952562,8356.72900516304,56647.961275636204,49308.52821989748,7339.433055738722,0.07196611854266094,0.14393595515026872,1.090030790803982,0.1455244870659133
107,outdoor,scene_00022,outdoor/scene_00022/scan_00193,val/outdoor/scene_00022/scan_00193/00022_00193_outdoor_320_020.png,7,1,3,768,256,1024,512,43680,6312,68928.0,123595.79867555454,121594.32201628992,2001.476659264637,62978.38979606181,60288.82269871254,2689.567097349267,0.07849722342436576,0.08377363585226691,0.807782224549078,0.3802819203322591
107,outdoor,scene_00022,outdoor/scene_00022/scan_00193,val/outdoor/scene_00022/scan_00193/00022_00193_outdoor_320_020.png,8,2,0,0,512,256,768,41124,5810,64364.0,77147.04042837315,76873.77883269588,273.2615956772781,38611.033982507186,38544.29994256351,66.73403994367547,0.0437540323730627,0.00953090592806704,0.19701317947726918,0.16481033396790729
107,outdoor,scene_00022,outdoor/scene_00022/scan_00193,val/outdoor/scene_00022/scan_00193/00022_00193_outdoor_320_020.png,9,2,1,256,512,512,768,47374,4632,65902.0,59757.57474638753,59724.89838985013,32.6763565373986,36853.092531066024,36873.19078567748,-20.098254611457797,0.043841032512626915,0.030563392567571547,0.37712292782941775,0.17240500714869308
107,outdoor,scene_00022,outdoor/scene_00022/scan_00193,val/outdoor/scene_00022/scan_00193/00022_00193_outdoor_320_020.png,10,2,2,512,512,768,768,49604,1592,55972.0,39642.7473269155,38935.30085822662,707.4464686888768,32718.089984902297,32199.670115654328,518.4198692479744,0.04868904675127685,0.06526627870774374,0.7026552264404804,0.21516142426711046
107,outdoor,scene_00022,outdoor/scene_00022/scan_00193,val/outdoor/scene_00022/scan_00193/00022_00193_outdoor_320_020.png,11,2,3,768,512,1024,768,45492,3213,58344.0,48760.000236260516,49582.35879498941,-822.3585587288945,33527.48267569486,33584.06117980473,-56.57850410986933,0.0378494125689477,0.0825853619513385,0.7625364416519697,0.09704182981609917
108,outdoor,scene_00022,outdoor/scene_00022/scan_00193,val/outdoor/scene_00022/scan_00193/00022_00193_outdoor_350_010.png,0,0,0,0,0,256,256,63645,1396,69229.0,25879.117369764914,25856.20779643178,22.909573333132847,17285.309378119033,17275.221867915316,10.087510203717457,0.04207936681404126,0.000480384920888587,0.019842669226801436,1.1701116764299675
108,outdoor,scene_00022,outdoor/scene_00022/scan_00193,val/outdoor/scene_00022/scan_00193/00022_00193_outdoor_350_010.png,1,0,1,256,0,512,256,61322,1207,66150.0,20803.342942254465,20887.117117559497,-83.77417530503298,15829.22575174213,15882.828740927765,-53.60298918563505,0.03512139616337614,0.004691550718520808,0.27231359702717645,0.027919542593604334
108,outdoor,scene_00022,outdoor/scene_00022/scan_00193,val/outdoor/scene_00022/scan_00193/00022_00193_outdoor_350_010.png,2,0,2,512,0,768,256,22051,2908,33683.0,38879.04399047375,35523.19671294671,3355.847277527039,17258.435093538617,16314.494340310755,943.9407532278626,0.040866923954624615,0.02296037215964171,0.37286709220009656,0.044925431691476
108,outdoor,scene_00022,outdoor/scene_00022/scan_00193,val/outdoor/scene_00022/scan_00193/00022_00193_outdoor_350_010.png,3,0,3,768,0,1024,256,15506,7755,46526.0,753556.0028987423,756529.014517288,-2973.0116185455736,229199.68045282643,229752.14613170974,-552.4656788833393,0.03783713729224988,0.0037035138304581643,0.3281045825656367,0.05337958282990571
108,outdoor,scene_00022,outdoor/scene_00022/scan_00193,val/outdoor/scene_00022/scan_00193/00022_00193_outdoor_350_010.png,4,1,0,0,256,256,512,60561,9212,97409.0,173304.24430455384,174775.57517206046,-1471.3308675066514,48646.68668849352,49149.447504522905,-502.7608160293728,0.039077785162901106,0.022504397552637338,0.8311728819916006,0.8125178071393024
108,outdoor,scene_00022,outdoor/scene_00022/scan_00193,val/outdoor/scene_00022/scan_00193/00022_00193_outdoor_350_010.png,5,1,1,256,256,512,512,62927,1632,69455.0,22241.53833604441,22244.84052082849,-3.3021847840786327,15955.075812765008,15942.188158643823,12.887654121187877,0.03144888012550417,0.0094458766930787,0.5449939929559707,0.39496617153502944
108,outdoor,scene_00022,outdoor/scene_00022/scan_00193,val/outdoor/scene_00022/scan_00193/00022_00193_outdoor_350_010.png,6,1,2,512,256,768,512,51495,6339,76851.0,51325.50489552351,51621.39794997433,-295.8930544508079,29109.894007694646,29261.101760200974,-151.20775250632855,0.052582228144392645,0.022674461590593786,0.5122546813958346,0.2916666465907494
108,outdoor,scene_00022,outdoor/scene_00022/scan_00193,val/outdoor/scene_00022/scan_00193/00022_00193_outdoor_350_010.png,7,1,3,768,256,1024,512,38466,11871,85950.0,405555.7892943749,412357.9442745866,-6802.154980211725,121594.50988029463,123284.94257088496,-1690.4326905903354,0.041932692022710105,0.022045928916443407,0.5443559388472622,0.006715215894559842
108,outdoor,scene_00022,outdoor/scene_00022/scan_00193,val/outdoor/scene_00022/scan_00193/00022_00193_outdoor_350_010.png,8,2,0,0,512,256,768,65490,257,66518.0,7665.189680286145,7651.120650110988,14.06903017515734,4115.920086560569,4102.6913217586225,13.228764801947442,0.02310772244854844,0.019549789434200382,0.7855489169980184,3.1635252941612153
108,outdoor,scene_00022,outdoor/scene_00022/scan_00193,val/outdoor/scene_00022/scan_00193/00022_00193_outdoor_350_010.png,9,2,1,256,512,512,768,65529,59,65765.0,10147.39357045976,10128.75050640426,18.64306405550103,9858.108322990327,9837.782273989256,20.326049001071308,0.022886913533997837,0.01576274766726359,0.839852288237212,1.392146898698114
108,outdoor,scene_00022,outdoor/scene_00022/scan_00193,val/outdoor/scene_00022/scan_00193/00022_00193_outdoor_350_010.png,10,2,2,512,512,768,768,63294,4361,80738.0,47673.53986304045,47555.1223352367,118.41752780375334,25127.967497910406,25063.31162847511,64.65586943529814,0.018846879556987703,0.018704261071911806,0.8728651208380396,1.1248589187046591
108,outdoor,scene_00022,outdoor/scene_00022/scan_00193,val/outdoor/scene_00022/scan_00193/00022_00193_outdoor_350_010.png,11,2,3,768,512,1024,768,56567,15546,118751.0,321583.3364268345,321698.7877808999,-115.45135406544782,92089.51171361694,92139.35969425335,-49.84798063642684,0.03357842173416159,0.019883239998458795,1.1639026563820503,0.22321967773743182
109,outdoor,scene_00022,outdoor/scene_00022/scan_00193,val/outdoor/scene_00022/scan_00193/00022_00193_outdoor_350_030.png,0,0,0,0,0,256,256,34468,1008,38500.0,162852376.95607617,198825375.7531741,-35972998.79709791,35759953.76367173,44141596.20234597,-8381642.438674226,0.015611554721755537,0.01729024224170149,0.730325176339753,0.008727584616946768
109,outdoor,scene_00022,outdoor/scene_00022/scan_00193,val/outdoor/scene_00022/scan_00193/00022_00193_outdoor_350_030.png,1,0,1,256,0,512,256,43916,1894,51492.0,87791255.06105082,83220259.89810492,4570995.162945899,20345400.87183593,18012932.78775296,2332468.084082961,0.016486980649213202,0.020308925501807584,0.7703210792604974,0.004680477462229393
109,outdoor,scene_00022,outdoor/scene_00022/scan_00193,val/outdoor/scene_00022/scan_00193/00022_00193_outdoor_350_030.png,2,0,2,512,0,768,256,0,0,0.0,0.0,0.0,0.0,0.0,0.0,0.0,0.005918296614045555,0.0,0.704771389153708,0.0
109,outdoor,scene_00022,outdoor/scene_00022/scan_00193,val/outdoor/scene_00022/scan_00193/00022_00193_outdoor_350_030.png,3,0,3,768,0,1024,256,26,12,74.0,33446145.563976064,33446145.563976064,0.0,8896227.728184674,8896227.728184674,0.0,0.009223246341055123,1.4224830071443753e-05,0.0010479069632230692,-1.30747929731852e-05
109,outdoor,scene_00022,outdoor/scene_00022/scan_00193,val/outdoor/scene_00022/scan_00193/00022_00193_outdoor_350_030.png,4,1,0,0,256,256,512,63020,2869,74496.0,27151.24941153227,27321.286041268424,-170.03662973615582,8857.970552885805,8948.836926216487,-90.86637333068089,0.03578259722091277,0.0038091710416805423,0.6584084799587637,0.06736869317432992
109,outdoor,scene_00022,outdoor/scene_00022/scan_00193,val/outdoor/scene_00022/scan_00193/00022_00193_outdoor_350_030.png,5,1,1,256,256,512,512,58429,3156,71053.0,39682569.52401751,30999218.55430152,8683350.969715986,10440372.82536266,8137556.704871195,2302816.120491465,0.033029862179862216,0.014270843263368471,0.7262328288307929,0.008092587249465774
109,outdoor,scene_00022,outdoor/scene_00022/scan_00193,val/outdoor/scene_00022/scan_00193/00022_00193_outdoor_350_030.png,6,1,2,512,256,768,512,0,0,0.0,0.0,0.0,0.0,0.0,0.0,0.0,0.00702520573232121,0.0,0.8376946492342686,-2.578162425420273e-06
109,outdoor,scene_00022,outdoor/scene_00022/scan_00193,val/outdoor/scene_00022/scan_00193/00022_00193_outdoor_350_030.png,7,1,3,768,256,1024,512,3609,2540,13769.0,7909210952.269299,7695360760.92402,213850191.3452783,2038546503.9508228,1990825781.2031996,47720722.74762311,0.01656851726344466,0.008633977928469766,0.3392723918240177,7.069093063645394e-05
109,outdoor,scene_00022,outdoor/scene_00022/scan_00193,val/outdoor/scene_00022/scan_00193/00022_00193_outdoor_350_030.png,8,2,0,0,512,256,768,64448,1828,71760.0,20040.797044206778,20278.24574773499,-237.4487035282133,10088.683733026699,10173.398400614557,-84.714667587858,0.03893015989093553,0.0028788201562391243,0.6877353724927345,1.7524085295037408
109,outdoor,scene_00022,outdoor/scene_00022/scan_00193,val/outdoor/scene_00022/scan_00193/00022_00193_outdoor_350_030.png,9,2,1,256,512,512,768,62749,1595,69129.0,24273273.20710858,24152665.587445505,120607.61966307143,6194275.426257992,6009831.065397011,184444.36086098102,0.03394611966916638,0.01413352142151941,0.7812760604447248,0.060385734425425705
109,outdoor,scene_00022,outdoor/scene_00022/scan_00193,val/outdoor/scene_00022/scan_00193/00022_00193_outdoor_350_030.png,10,2,2,512,512,768,768,31339,11456,77163.0,568680005.0829024,494729987.8340283,73950017.24887414,169830312.6836241,160213653.77738154,9616658.906242581,0.05209204678500386,0.03171307667497864,1.19749021738935,0.024861511630669398
109,outdoor,scene_00022,outdoor/scene_00022/scan_00193,val/outdoor/scene_00022/scan_00193/00022_00193_outdoor_350_030.png,11,2,3,768,512,1024,768,18881,11637,65429.0,7630733696.457009,7395340382.549548,235393313.9074609,2147792675.2153955,2073606094.2113032,74186581.00409217,0.04164123663361119,0.012894278369718409,0.7470106947517159,-0.013284681330814908
110,outdoor,scene_00022,outdoor/scene_00022/scan_00194,val/outdoor/scene_00022/scan_00194/00022_00194_outdoor_010_040.png,0,0,0,0,0,256,256,0,0,0.0,0.0,0.0,0.0,0.0,0.0,0.0,0.007308381064667654,0.0,1e-06,-2.982622385025024e-06
110,outdoor,scene_00022,outdoor/scene_00022/scan_00194,val/outdoor/scene_00022/scan_00194/00022_00194_outdoor_010_040.png,1,0,1,256,0,512,256,0,0,0.0,0.0,0.0,0.0,0.0,0.0,0.0,0.006910610909790299,0.0,0.3868950194601561,0.0
110,outdoor,scene_00022,outdoor/scene_00022/scan_00194,val/outdoor/scene_00022/scan_00194/00022_00194_outdoor_010_040.png,2,0,2,512,0,768,256,9506,225,10406.0,835461190.2664219,434433740.7865101,401027449.479912,730896320.5640384,360829677.6423045,370066642.92173404,0.018129519963839977,0.03779406124351122,0.6503766091843859,0.0004339479495878056
110,outdoor,scene_00022,outdoor/scene_00022/scan_00194,val/outdoor/scene_00022/scan_00194/00022_00194_outdoor_010_040.png,3,0,3,768,0,1024,256,354,56,578.0,162563243.34703505,143852308.96505615,18710934.381978862,85383680.09995918,78023580.94652154,7360099.153437627,0.009959891074780017,0.0023660833359011356,0.5204637300269038,0.0
110,outdoor,scene_00022,outdoor/scene_00022/scan_00194,val/outdoor/scene_00022/scan_00194/00022_00194_outdoor_010_040.png,4,1,0,0,256,256,512,0,0,0.0,0.0,0.0,0.0,0.0,0.0,0.0,0.007653633139702608,0.0,0.0869112024069404,0.0
110,outdoor,scene_00022,outdoor/scene_00022/scan_00194,val/outdoor/scene_00022/scan_00194/00022_00194_outdoor_010_040.png,5,1,1,256,256,512,512,13345,1759,20381.0,1114684501.9192364,1018020510.0634072,96663991.8558292,390901809.0280293,343442959.69644535,47458849.331583954,0.01394072609303185,0.01677596334948397,0.5905744126068315,0.0030561552391657185
110,outdoor,scene_00022,outdoor/scene_00022/scan_00194,val/outdoor/scene_00022/scan_00194/00022_00194_outdoor_010_040.png,6,1,2,512,256,768,512,42653,2873,54145.0,2285729059.611273,773556119.062951,1512172940.5483222,2026700178.2210696,633254882.5439309,1393445295.6771388,0.055265509206532636,0.12455521462843733,0.8672172165354765,0.07587233327051114
110,outdoor,scene_00022,outdoor/scene_00022/scan_00194,val/outdoor/scene_00022/scan_00194/00022_00194_outdoor_010_040.png,7,1,3,768,256,1024,512,15106,1953,22918.0,2955201290.71231,3066429407.1177154,-111228116.40540552,1844251537.1616752,1771998315.225308,72253221.93636712,0.028176105006260204,0.08636920181874072,0.8272807922571909,0.003112171976184038
110,outdoor,scene_00022,outdoor/scene_00022/scan_00194,val/outdoor/scene_00022/scan_00194/00022_00194_outdoor_010_040.png,8,2,0,0,512,256,768,38169,980,42089.0,16532167.575422054,11186675.423228255,5345492.152193796,7825737.420415117,5380367.566847375,2445369.8535677427,0.021997273960128627,0.0036321464520803117,0.21433097863021894,0.006033953962376749
110,outdoor,scene_00022,outdoor/scene_00022/scan_00194,val/outdoor/scene_00022/scan_00194/00022_00194_outdoor_010_040.png,9,2,1,256,512,512,768,54216,7116,82680.0,117497395.68430403,81975007.49013855,35522388.194165476,28229974.326172333,19441387.496042226,8788586.830130108,0.034500071424040546,0.033263917811799604,0.5097541643312598,0.08621532977584738
110,outdoor,scene_00022,outdoor/scene_00022/scan_00194,val/outdoor/scene_00022/scan_00194/00022_00194_outdoor_010_040.png,10,2,2,512,512,768,768,53217,7453,83029.0,1268868083.898468,99466444.13546261,1169401639.7630053,1115946010.8819733,89444118.18017629,1026501892.7017969,0.06746108994917391,0.0923251893120323,0.7152383097955617,0.3584108786177654
110,outdoor,scene_00022,outdoor/scene_00022/scan_00194,val/outdoor/scene_00022/scan_00194/00022_00194_outdoor_010_040.png,11,2,3,768,512,1024,768,31073,3339,44429.0,4522937184.358284,1056604784.8821504,3466332399.4761343,2375900184.520321,531501194.6889686,1844398989.8313522,0.049705270100521635,0.10990714612177604,0.9195415599652609,0.027255445949688442
111,outdoor,scene_00022,outdoor/scene_00022/scan_00194,val/outdoor/scene_00022/scan_00194/00022_00194_outdoor_020_010.png,0,0,0,0,0,256,256,64358,1376,69862.0,16071.718214955263,16207.128759883812,-135.4105449285496,12935.464862387824,13056.160864017453,-120.69600162963022,0.03839581535703883,0.0018693634677425714,0.2282749641211341,0.006071934411899883
111,outdoor,scene_00022,outdoor/scene_00022/scan_00194,val/outdoor/scene_00022/scan_00194/00022_00194_outdoor_020_010.png,1,0,1,256,0,512,256,57234,11984,105170.0,229996.45637374237,231071.7515035643,-1075.2951298219655,73584.78528114068,73248.09814470509,336.68713643560864,0.04515159062716073,0.014717864706432684,0.2885602334344663,0.005846365544496231
111,outdoor,scene_00022,outdoor/scene_00022/scan_00194,val/outdoor/scene_00022/scan_00194/00022_00194_outdoor_020_010.png,2,0,2,512,0,768,256,59121,10019,99197.0,284948.8733931412,268806.28356075165,16142.589832389573,85793.3875131162,79993.65312172694,5799.734391389258,0.047058235556978044,0.08741316063987026,0.9032626492726963,-0.20463408177743503
111,outdoor,scene_00022,outdoor/scene_00022/scan_00194,val/outdoor/scene_00022/scan_00194/00022_00194_outdoor_020_010.png,3,0,3,768,0,1024,256,56252,9296,93436.0,836280.985472486,524125.6977738654,312155.2876986206,421166.168225999,247717.74497451136,173448.4232514876,0.06952753920458485,0.13354454390445553,1.3341172083381427,0.17454310192987663
111,outdoor,scene_00022,outdoor/scene_00022/scan_00194,val/outdoor/scene_00022/scan_00194/00022_00194_outdoor_020_010.png,4,1,0,0,256,256,512,59377,2348,68769.0,29465.939663757177,29586.945018647413,-121.00535489023741,23075.798602997296,23142.05143982797,-66.25283683067735,0.030208403276193514,0.008139697469737351,0.2898057254760144,0.2808114026821347
111,outdoor,scene_00022,outdoor/scene_00022/scan_00194,val/outdoor/scene_00022/scan_00194/00022_00194_outdoor_020_010.png,5,1,1,256,256,512,512,53641,10415,95301.0,121332.51388650018,120915.65399161057,416.8598948896047,39075.07487480513,38784.12832169274,290.9465531123875,0.05066933563508519,0.026371300616664407,0.3629134970111689,0.20024469756847205
111,outdoor,scene_00022,outdoor/scene_00022/scan_00194,val/outdoor/scene_00022/scan_00194/00022_00194_outdoor_020_010.png,6,1,2,512,256,768,512,55900,9458,93732.0,194991.47480736487,190588.54031206074,4402.934495304124,61576.86054658947,60191.7159954757,1385.1445511137708,0.037329945748372374,0.025426726504766656,0.48329077878274573,0.17384468151758484
111,outdoor,scene_00022,outdoor/scene_00022/scan_00194,val/outdoor/scene_00022/scan_00194/00022_00194_outdoor_020_010.png,7,1,3,768,256,1024,512,53412,8820,88692.0,209752.78926410267,193638.28061911493,16114.508644987754,107623.39747022986,99138.73283116131,8484.664639068542,0.05720058352369485,0.11510242174544344,1.1460985373587274,0.36285746091209103
111,outdoor,scene_00022,outdoor/scene_00022/scan_00194,val/outdoor/scene_00022/scan_00194/00022_00194_outdoor_020_010.png,8,2,0,0,512,256,768,65519,47,65707.0,19753.946360754948,19747.23580619823,6.710554556720762,19678.720919007297,19671.98857810731,6.732340899985668,0.02452178792736032,0.008172704131808442,0.3176567455639855,1.0296145956277132
111,outdoor,scene_00022,outdoor/scene_00022/scan_00194,val/outdoor/scene_00022/scan_00194/00022_00194_outdoor_020_010.png,9,2,1,256,512,512,768,65449,976,69353.0,29003.25349227616,28925.406968572875,77.84652370328506,19616.691326694672,19557.393337185276,59.29798950940035,0.029110087143877094,0.011847900885542748,0.3996419495229936,0.6987298358231648
111,outdoor,scene_00022,outdoor/scene_00022/scan_00194,val/outdoor/scene_00022/scan_00194/00022_00194_outdoor_020_010.png,10,2,2,512,512,768,768,64689,4832,84017.0,59330.32445287736,59318.70810250228,11.616350375081606,24923.17495567243,24895.237153735703,27.937801936725727,0.03466138891212703,0.008414324955015217,0.43185577985147916,0.2949956837501213
111,outdoor,scene_00022,outdoor/scene_00022/scan_00194,val/outdoor/scene_00022/scan_00194/00022_00194_outdoor_020_010.png,11,2,3,768,512,1024,768,61292,2001,69296.0,27439.751167406655,28255.076609857762,-815.3254424511016,20622.39725023922,20485.167396601762,137.22985363745798,0.03861601476908184,0.030629493530229375,0.5965485491056349,1.2403805454529049
112,outdoor,scene_00022,outdoor/scene_00022/scan_00194,val/outdoor/scene_00022/scan_00194/00022_00194_outdoor_020_030.png,0,0,0,0,0,256,256,124,0,124.0,5267511.477093179,5267511.477093179,0.0,5267511.477093179,5267511.477093179,0.0,0.00847627022369866,0.00020507076339462796,0.20401050041173638,0.0
112,outdoor,scene_00022,outdoor/scene_00022/scan_00194,val/outdoor/scene_00022/scan_00194/00022_00194_outdoor_020_030.png,1,0,1,256,0,512,256,0,0,0.0,0.0,0.0,0.0,0.0,0.0,0.0,0.007196059212647615,0.0,0.22391651555214254,0.0
112,outdoor,scene_00022,outdoor/scene_00022/scan_00194,val/outdoor/scene_00022/scan_00194/00022_00194_outdoor_020_030.png,2,0,2,512,0,768,256,17716,2921,29400.0,3396405885.104661,3581834769.4618435,-185428884.35718247,1319053644.120795,1334625456.0021842,-15571811.881389294,0.01885763458119617,0.05192831178986508,0.7994503622481691,0.008088967758249783
112,outdoor,scene_00022,outdoor/scene_00022/scan_00194,val/outdoor/scene_00022/scan_00194/00022_00194_outdoor_020_030.png,3,0,3,768,0,1024,256,42851,3290,56011.0,4283945973.4997234,2582792648.2355537,1701153325.2641702,3452718042.5392046,1886617863.4334612,1566100179.1057434,0.05597180533070979,0.17488239874282518,1.0866355903481133,0.44300799882948505
112,outdoor,scene_00022,outdoor/scene_00022/scan_00194,val/outdoor/scene_00022/scan_00194/00022_00194_outdoor_020_030.png,4,1,0,0,256,256,512,41627,167,42295.0,258461308.03102955,273726913.62420046,-15265605.593170872,245719324.36602506,260858747.26828963,-15139422.902264591,0.03645893633445908,0.006164625938017473,0.24442998700188065,0.0023405237475613875
112,outdoor,scene_00022,outdoor/scene_00022/scan_00194,val/outdoor/scene_00022/scan_00194/00022_00194_outdoor_020_030.png,5,1,1,256,256,512,512,30013,1048,34205.0,293154920.13584924,299694722.5618896,-6539802.426040357,225964038.1946787,232503860.95211408,-6539822.757435368,0.01903407528702608,0.004223656791141269,0.2614750543724807,0.0013840488999818813
112,outdoor,scene_00022,outdoor/scene_00022/scan_00194,val/outdoor/scene_00022/scan_00194/00022_00194_outdoor_020_030.png,6,1,2,512,256,768,512,54478,9167,91146.0,248820007.04842025,402032340.3284774,-153212333.2800572,81812716.50141086,125369345.58064492,-43556629.07923407,0.037394741423020586,0.06228342572070424,0.7650756513965384,0.0817935754032555
112,outdoor,scene_00022,outdoor/scene_00022/scan_00194,val/outdoor/scene_00022/scan_00194/00022_00194_outdoor_020_030.png,7,1,3,768,256,1024,512,53235,7813,84487.0,4094856724.0752473,2380795828.697938,1714060895.3773093,2910624158.704098,1623309891.111509,1287314267.5925894,0.06855986275056153,0.12588327140767414,0.9599583897776822,0.5803214855370834
112,outdoor,scene_00022,outdoor/scene_00022/scan_00194,val/outdoor/scene_00022/scan_00194/00022_00194_outdoor_020_030.png,8,2,0,0,512,256,768,60064,654,62680.0,32978.97740919575,32833.902905710565,145.0745034851905,31608.706395291414,31508.54483710309,100.16155818832547,0.03536394912067296,0.0030978180807616842,0.225667262708887,0.5286258705051072
112,outdoor,scene_00022,outdoor/scene_00022/scan_00194,val/outdoor/scene_00022/scan_00194/00022_00194_outdoor_020_030.png,9,2,1,256,512,512,768,55852,9338,93204.0,87404.34825976242,85487.7744035998,1916.573856162616,41369.52472613868,39865.91633270853,1503.608393430138,0.04939312142766243,0.007159012656408237,0.24472322808797256,0.521822792091937
112,outdoor,scene_00022,outdoor/scene_00022/scan_00194,val/outdoor/scene_00022/scan_00194/00022_00194_outdoor_020_030.png,10,2,2,512,512,768,768,59500,6821,86784.0,116528.17881189604,118513.29563993576,-1985.1168280397367,56488.37418288199,56270.00181006349,218.37237281850537,0.04536073918668171,0.0394575070758361,0.5894116142997052,0.5635757341010872
112,outdoor,scene_00022,outdoor/scene_00022/scan_00194,val/outdoor/scene_00022/scan_00194/00022_00194_outdoor_020_030.png,11,2,3,768,512,1024,768,55783,5871,79267.0,2204835918.640254,1458968765.4092474,745867153.2310066,1422550821.971333,909377200.1560185,513173621.8153148,0.06815003655161395,0.07039793299639623,0.8130691706311118,0.6804990524336841
113,outdoor,scene_00022,outdoor/scene_00022/scan_00194,val/outdoor/scene_00022/scan_00194/00022_00194_outdoor_050_000.png,0,0,0,0,0,256,256,58499,9035,94639.0,39211.662534256786,38888.59122253038,323.0713117264174,14092.524143266854,13975.182983629213,117.34115963763932,0.0451359312930536,0.010200841093941126,0.2913227048451837,0.8302759391535313
113,outdoor,scene_00022,outdoor/scene_00022/scan_00194,val/outdoor/scene_00022/scan_00194/00022_00194_outdoor_050_000.png,1,0,1,256,0,512,256,53187,27752,164195.0,320032.15275369957,320351.0409367907,-318.88818309116357,74849.5814479966,75621.3248162153,-771.7433682186957,0.06204716169526815,0.12564088767265208,0.5947923555275009,0.45617907694377385
113,outdoor,scene_00022,outdoor/scene_00022/scan_00194,val/outdoor/scene_00022/scan_00194/00022_00194_outdoor_050_000.png,2,0,2,512,0,768,256,51230,14472,109118.0,103292.4898999909,103218.20240057685,74.28749941405522,30707.084182742627,30675.80528883217,31.27889391045334,0.02764724851030189,0.006459539308140265,0.3114110026470736,0.27924208217556706
113,outdoor,scene_00022,outdoor/scene_00022/scan_00194,val/outdoor/scene_00022/scan_00194/00022_00194_outdoor_050_000.png,3,0,3,768,0,1024,256,57713,16633,124245.0,90982.93216645649,90640.54562630598,342.38654015051486,31555.993299083384,31398.288877137813,157.70442194556426,0.03537020029950539,0.007924076335514525,0.3471417037715092,-0.045103135183339665
113,outdoor,scene_00022,outdoor/scene_00022/scan_00194,val/outdoor/scene_00022/scan_00194/00022_00194_outdoor_050_000.png,4,1,0,0,256,256,512,65536,596,67920.0,4017.9075015680382,4025.5504622152653,-7.642960647226452,3413.40447369581,3419.236387970739,-5.831914274929357,0.01700221846096571,0.008484343038515278,0.4725832820085196,0.8204430584864281
113,outdoor,scene_00022,outdoor/scene_00022/scan_00194,val/outdoor/scene_00022/scan_00194/00022_00194_outdoor_050_000.png,5,1,1,256,256,512,512,65536,2722,76424.0,6597.262930879489,6852.2131328079,-254.95020192841093,3386.2740353193876,3468.9664956179013,-82.69246029851337,0.024374544982651843,0.025536017256313107,0.7441107658289399,0.7330992614477456
113,outdoor,scene_00022,outdoor/scene_00022/scan_00194,val/outdoor/scene_00022/scan_00194/00022_00194_outdoor_050_000.png,6,1,2,512,256,768,512,65514,1960,73354.0,6884.706218972725,6871.825143915301,12.8810750574244,3535.2081694287344,3531.752077599778,3.4560918289563007,0.02436465334068757,0.009903009851091864,0.45473299113372684,0.5052069470075954
113,outdoor,scene_00022,outdoor/scene_00022/scan_00194,val/outdoor/scene_00022/scan_00194/00022_00194_outdoor_050_000.png,7,1,3,768,256,1024,512,65529,809,68765.0,5361.090947110641,5365.664751032464,-4.573803921822775,4078.221906802214,4081.9050527526497,-3.683145950435385,0.026102440558197142,0.00957511011198943,0.4319685275125391,0.5991511409160177
113,outdoor,scene_00022,outdoor/scene_00022/scan_00194,val/outdoor/scene_00022/scan_00194/00022_00194_outdoor_050_000.png,8,2,0,0,512,256,768,65536,12,65584.0,1565.8240194072955,1560.065864386098,5.758155021197464,1556.7010998468695,1550.9277552982148,5.773344548654364,0.019023364758353534,0.014938531595518485,0.7009909096364688,2.837376209221192
113,outdoor,scene_00022,outdoor/scene_00022/scan_00194,val/outdoor/scene_00022/scan_00194/00022_00194_outdoor_050_000.png,9,2,1,256,512,512,768,65535,449,67331.0,1429.5378384461383,1437.3719026613032,-7.834064215164755,799.4958449468677,799.6728608276408,-0.1770158807730038,0.02638567049530275,0.014778593476174188,0.7639247289009099,2.610581459867327
113,outdoor,scene_00022,outdoor/scene_00022/scan_00194,val/outdoor/scene_00022/scan_00194/00022_00194_outdoor_050_000.png,10,2,2,512,512,768,768,65536,17,65604.0,395.5661469833004,390.8618563230114,4.704290660289063,379.79332263249626,375.0756276602864,4.717694972209873,0.01643708190056194,0.014370595439831022,0.6814963838757339,2.5724424097425893
113,outdoor,scene_00022,outdoor/scene_00022/scan_00194,val/outdoor/scene_00022/scan_00194/00022_00194_outdoor_050_000.png,11,2,3,768,512,1024,768,65536,0,65536.0,654.363588962748,661.1096255358178,-6.7460365730698,654.363588962748,661.1096255358178,-6.7460365730698,0.01849076149522262,0.014212090822577322,0.6266173827594878,2.4709835210518376
114,outdoor,scene_00022,outdoor/scene_00022/scan_00194,val/outdoor/scene_00022/scan_00194/00022_00194_outdoor_060_040.png,0,0,0,0,0,256,256,4824,636,7368.0,14952.365847345329,14180.856137313605,771.509710031724,3861.9759438166025,3672.4615138099707,189.51443000663156,0.009837530851914977,0.010133623721709265,0.7952027094371593,0.0002387412613117269
114,outdoor,scene_00022,outdoor/scene_00022/scan_00194,val/outdoor/scene_00022/scan_00194/00022_00194_outdoor_060_040.png,1,0,1,256,0,512,256,4045,686,6789.0,6629.409183203857,6203.762016256156,425.6471669477005,2470.2301617226126,2381.2024665453823,89.02769517723033,0.00856176307796027,0.007417165372487174,0.7089795775240375,0.0002823689375537888
114,outdoor,scene_00022,outdoor/scene_00022/scan_00194,val/outdoor/scene_00022/scan_00194/00022_00194_outdoor_060_040.png,2,0,2,512,0,768,256,0,0,0.0,0.0,0.0,0.0,0.0,0.0,0.0,0.006618022024359222,0.0,0.5868929486943109,0.0
114,outdoor,scene_00022,outdoor/scene_00022/scan_00194,val/outdoor/scene_00022/scan_00194/00022_00194_outdoor_060_040.png,3,0,3,768,0,1024,256,0,0,0.0,0.0,0.0,0.0,0.0,0.0,0.0,0.007616722433767166,0.0,1e-06,-3.159874320030212e-06
114,outdoor,scene_00022,outdoor/scene_00022/scan_00194,val/outdoor/scene_00022/scan_00194/00022_00194_outdoor_060_040.png,4,1,0,0,256,256,512,65401,1687,72149.0,10657.189423607242,10707.13489027799,-49.94546667074971,4666.009999156986,4684.618038575227,-18.608039418240867,0.04516995773506303,0.00711666806098355,0.7893687919694703,0.049450407292089174
114,outdoor,scene_00022,outdoor/scene_00022/scan_00194,val/outdoor/scene_00022/scan_00194/00022_00194_outdoor_060_040.png,5,1,1,256,256,512,512,62599,4137,79147.0,19376.038457746094,19440.846964234308,-64.80850648821301,7309.426582500749,7319.343347416115,-9.916764915367109,0.04660471986814567,0.008480758806762403,0.7076638851718912,0.014897068236629417
114,outdoor,scene_00022,outdoor/scene_00022/scan_00194,val/outdoor/scene_00022/scan_00194/00022_00194_outdoor_060_040.png,6,1,2,512,256,768,512,25438,1110,29878.0,15598.567222029824,15475.541339879474,123.02588215035088,4525.911586330107,4496.405999903805,29.505586426299853,0.023197197274504252,0.014574791612215584,0.7651656415000907,0.000973964166166374
114,outdoor,scene_00022,outdoor/scene_00022/scan_00194,val/outdoor/scene_00022/scan_00194/00022_00194_outdoor_060_040.png,7,1,3,768,256,1024,512,38,2,46.0,90.09332202808726,90.07238523591212,0.020936792175122954,75.54011496587293,75.50087358589047,0.0392413799824774,0.008485929421030103,0.00014699872847044935,0.45015124686831987,0.0
114,outdoor,scene_00022,outdoor/scene_00022/scan_00194,val/outdoor/scene_00022/scan_00194/00022_00194_outdoor_060_040.png,8,2,0,0,512,256,768,65533,1677,72241.0,7026.972701068253,7060.1057531477545,-33.13305207950086,2838.160691898206,2848.4377735603402,-10.277081662134066,0.046429827549305136,0.0040945725669282,0.4905721837658762,2.138503255722676
114,outdoor,scene_00022,outdoor/scene_00022/scan_00194,val/outdoor/scene_00022/scan_00194/00022_00194_outdoor_060_040.png,9,2,1,256,512,512,768,58392,5159,79028.0,19639.84250785684,19699.64335665876,-59.80084880191693,6417.4781409282605,6441.685074175054,-24.20693324679339,0.04186252902954301,0.004290856973735566,0.42378366949785146,2.2209516467029076
114,outdoor,scene_00022,outdoor/scene_00022/scan_00194,val/outdoor/scene_00022/scan_00194/00022_00194_outdoor_060_040.png,10,2,2,512,512,768,768,61150,19946,140934.0,302537.8326891133,305240.5581740813,-2702.725484968026,77145.79731197232,78200.56536995675,-1054.7680579844277,0.061675251313973514,0.047451384624299084,0.8583452888140176,0.020682597930301187
114,outdoor,scene_00022,outdoor/scene_00022/scan_00194,val/outdoor/scene_00022/scan_00194/00022_00194_outdoor_060_040.png,11,2,3,768,512,1024,768,54824,5179,75540.0,42464.42807439719,42251.19445706651,213.23361733068901,15596.65537256896,15550.940673058252,45.71469951070653,0.04580090560674907,0.011921371037268093,0.6009090598807285,0.020661912370687093
115,outdoor,scene_00022,outdoor/scene_00022/scan_00194,val/outdoor/scene_00022/scan_00194/00022_00194_outdoor_070_030.png,0,0,0,0,0,256,256,61206,1102,65614.0,9987.323293090985,10005.727421215222,-18.404128124237467,5526.068184244724,5521.96970674131,4.0984775034142285,0.04786857573694908,0.008051674302253597,0.7756170197788452,0.12502262036681927
115,outdoor,scene_00022,outdoor/scene_00022/scan_00194,val/outdoor/scene_00022/scan_00194/00022_00194_outdoor_070_030.png,1,0,1,256,0,512,256,58937,1118,63409.0,18080.447727522725,18007.095248382604,73.35247914012474,6802.862311165811,6861.9935714494995,-59.131260283689116,0.040405224483615415,0.015623948750932233,0.7499066332330427,0.128831768554308
115,outdoor,scene_00022,outdoor/scene_00022/scan_00194,val/outdoor/scene_00022/scan_00194/00022_00194_outdoor_070_030.png,2,0,2,512,0,768,256,59176,1295,64356.0,9288.268575287573,9322.49513845129,-34.22656316371706,5244.662385137192,5320.354415429019,-75.69203029182715,0.04443865783720795,0.011493259934371915,0.7549480195440521,0.03899064390788702
115,outdoor,scene_00022,outdoor/scene_00022/scan_00194,val/outdoor/scene_00022/scan_00194/00022_00194_outdoor_070_030.png,3,0,3,768,0,1024,256,16680,387,18228.0,7859.214511405686,7902.9631573651695,-43.74864595948429,2238.8574852295,2208.1906721701725,30.66681305932743,0.01817634059517801,0.011890902784854197,0.7477696928803789,0.0015638852423149122
115,outdoor,scene_00022,outdoor/scene_00022/scan_00194,val/outdoor/scene_00022/scan_00194/00022_00194_outdoor_070_030.png,4,1,0,0,256,256,512,53744,4637,72292.0,34382.738422704846,34434.163785061515,-51.425362356665744,12554.13960233751,12581.41054586619,-27.27094352868129,0.031244722617307062,0.0032439550644329635,0.34994777929182125,2.295340429860468
115,outdoor,scene_00022,outdoor/scene_00022/scan_00194,val/outdoor/scene_00022/scan_00194/00022_00194_outdoor_070_030.png,5,1,1,256,256,512,512,65528,1374,71024.0,7837.583342286042,7850.293935831022,-12.710593544979037,3692.3614935810774,3692.724037507798,-0.3625439267208685,0.044524897643300615,0.0035144472476373117,0.3819847574181648,2.0826394374941852
115,outdoor,scene_00022,outdoor/scene_00022/scan_00194,val/outdoor/scene_00022/scan_00194/00022_00194_outdoor_070_030.png,6,1,2,512,256,768,512,58665,3420,72345.0,21490.17605341624,21484.77368303811,5.402370378127543,9161.837400114733,9157.128398304058,4.709001810674801,0.04463795457174253,0.008708562529231804,0.5451968782070921,2.234522801915044
115,outdoor,scene_00022,outdoor/scene_00022/scan_00194,val/outdoor/scene_00022/scan_00194/00022_00194_outdoor_070_030.png,7,1,3,768,256,1024,512,60457,13054,112673.0,249540.60318634825,249105.8214548588,434.7817314894785,72880.94297161177,72493.78398006252,387.1589915492409,0.060922779587567456,0.06041603026646447,1.266340050031329,0.01684255199199803
115,outdoor,scene_00022,outdoor/scene_00022/scan_00194,val/outdoor/scene_00022/scan_00194/00022_00194_outdoor_070_030.png,8,2,0,0,512,256,768,50487,10766,93551.0,76329.57879709455,76370.81933430168,-41.24053720711585,28326.249553181256,28337.62615400889,-11.376600827633872,0.020428996086575838,0.0024321045128066253,0.6148659108346155,2.2869467269440285
115,outdoor,scene_00022,outdoor/scene_00022/scan_00194,val/outdoor/scene_00022/scan_00194/00022_00194_outdoor_070_030.png,9,2,1,256,512,512,768,65438,1161,70082.0,13019.166418713536,12956.407615690601,62.758803022934885,5734.686276338009,5719.752918093442,14.933358244567184,0.05003717125784994,0.004134591208383783,0.4717780378187505,2.2099406525340823
115,outdoor,scene_00022,outdoor/scene_00022/scan_00194,val/outdoor/scene_00022/scan_00194/00022_00194_outdoor_070_030.png,10,2,2,512,512,768,768,59154,5939,82910.0,58867.2829906003,58752.90239872727,114.38059187304076,22676.43803284639,22638.393862625344,38.04417022104727,0.056547264265889005,0.014147555809678317,0.53919018674049,2.7979433317054228
115,outdoor,scene_00022,outdoor/scene_00022/scan_00194,val/outdoor/scene_00022/scan_00194/00022_00194_outdoor_070_030.png,11,2,3,768,512,1024,768,53781,22035,141921.0,584758.5334415943,586264.5319624633,-1505.9985208689627,163461.88924253616,164000.39808248298,-538.508839946815,0.07166688821901791,0.0631717706368337,1.1020808484618565,1.7639836917969571
116,outdoor,scene_00022,outdoor/scene_00022/scan_00194,val/outdoor/scene_00022/scan_00194/00022_00194_outdoor_130_020.png,0,0,0,0,0,256,256,29236,6209,54072.0,906291370.0050076,883671671.9945798,22619698.010427855,313696914.32815176,294057004.1884935,19639910.13965826,0.03242477867132236,0.026427807021573744,0.9418845616418049,0.014485038486105205
116,outdoor,scene_00022,outdoor/scene_00022/scan_00194,val/outdoor/scene_00022/scan_00194/00022_00194_outdoor_130_020.png,1,0,1,256,0,512,256,27067,2128,35579.0,80179381.5974212,72904858.0274556,7274523.569965616,26725264.070194237,25252779.428355277,1472484.6418389592,0.027686945376969474,0.012743788673082911,0.53040499089013,0.006436848590529355
116,outdoor,scene_00022,outdoor/scene_00022/scan_00194,val/outdoor/scene_00022/scan_00194/00022_00194_outdoor_130_020.png,2,0,2,512,0,768,256,46903,1765,53963.0,21350312.692960538,19828613.750644967,1521698.942315576,6433273.190689167,5742682.528503976,690590.6621851906,0.04314721060051482,0.011738161985800936,0.6226990291970029,0.09711231173445697
116,outdoor,scene_00022,outdoor/scene_00022/scan_00194,val/outdoor/scene_00022/scan_00194/00022_00194_outdoor_130_020.png,3,0,3,768,0,1024,256,64834,4318,82106.0,35975.59961006689,36196.880269106885,-221.2806590399921,11890.052627374644,11931.384906608371,-41.332279233728954,0.041805673307818106,0.0026121656835302216,0.2873357141546225,1.8728309905629312
116,outdoor,scene_00022,outdoor/scene_00022/scan_00194,val/outdoor/scene_00022/scan_00194/00022_00194_outdoor_130_020.png,4,1,0,0,256,256,512,53713,7843,85085.0,109491.674875101,110689.02037620067,-1197.3455010996609,34533.15360707596,34830.05726015778,-296.90365308181947,0.051420518536019394,0.009696216129639588,0.43046941158034513,1.0321633636850671
116,outdoor,scene_00022,outdoor/scene_00022/scan_00194,val/outdoor/scene_00022/scan_00194/00022_00194_outdoor_130_020.png,5,1,1,256,256,512,512,64609,1952,72417.0,18600.46379311413,18662.87641782334,-62.41262470921184,7942.0129237756,7925.720540020397,16.2923837552032,0.039636469852013384,0.0022235641484536026,0.2532438485388976,0.9098014261381692
116,outdoor,scene_00022,outdoor/scene_00022/scan_00194,val/outdoor/scene_00022/scan_00194/00022_00194_outdoor_130_020.png,6,1,2,512,256,768,512,62201,2117,70669.0,12117.861609409305,12049.437878969731,68.42373043957421,8221.215188728162,8169.3727837414335,51.842404986729235,0.04779798922873186,0.004481033905946055,0.3560408416371843,1.1803283169624654
116,outdoor,scene_00022,outdoor/scene_00022/scan_00194,val/outdoor/scene_00022/scan_00194/00022_00194_outdoor_130_020.png,7,1,3,768,256,1024,512,63509,4381,81033.0,43413.47712269338,43644.98837225756,-231.51124956417897,15156.960659681305,15221.818366220006,-64.85770653870226,0.03868041128264113,0.0028410333095996946,0.32781948343837425,1.9038999329690174
116,outdoor,scene_00022,outdoor/scene_00022/scan_00194,val/outdoor/scene_00022/scan_00194/00022_00194_outdoor_130_020.png,8,2,0,0,512,256,768,57513,14419,115189.0,176197.37271976363,175855.65836332476,341.71435643889197,52939.216638122525,52732.635801649056,206.58083647347382,0.02207564059818968,0.013680753130385161,0.7241160262630189,1.259939316180641
116,outdoor,scene_00022,outdoor/scene_00022/scan_00194,val/outdoor/scene_00022/scan_00194/00022_00194_outdoor_130_020.png,9,2,1,256,512,512,768,62170,11428,107882.0,286423.2836830091,285261.0676484371,1162.2160345719817,72018.64038879462,71675.66375747956,342.97663131505544,0.029746428244775476,0.016648232226772905,0.8534333154444457,1.0373673641936565
116,outdoor,scene_00022,outdoor/scene_00022/scan_00194,val/outdoor/scene_00022/scan_00194/00022_00194_outdoor_130_020.png,10,2,2,512,512,768,768,63468,5313,84720.0,35457.66143713952,35162.56200341647,295.0994337230536,17219.721371974643,17086.933046597023,132.78832537761554,0.03279014056063365,0.015061276887837266,0.6864819352342316,1.4667427894929421
116,outdoor,scene_00022,outdoor/scene_00022/scan_00194,val/outdoor/scene_00022/scan_00194/00022_00194_outdoor_130_020.png,11,2,3,768,512,1024,768,63071,3924,78767.0,36566.45190719578,36745.318257596555,-178.86635040078164,14455.481991126388,14444.32596945587,11.156021670516928,0.025174600764368334,0.015282832837917882,0.6628327338324914,2.347435566632246
117,outdoor,scene_00022,outdoor/scene_00022/scan_00194,val/outdoor/scene_00022/scan_00194/00022_00194_outdoor_150_000.png,0,0,0,0,0,256,256,45369,18947,121157.0,353811.6328637998,352347.21741522395,1464.4154485758781,99413.28986689559,99392.47504261535,20.814824280248047,0.03755096310639444,0.05866439692362299,0.4591255868732791,0.24837411878237664
117,outdoor,scene_00022,outdoor/scene_00022/scan_00194,val/outdoor/scene_00022/scan_00194/00022_00194_outdoor_150_000.png,1,0,1,256,0,512,256,46750,9970,86630.0,67249.60732603501,66597.2144188052,652.3929072298117,33686.35927203481,33490.25696253949,196.1023094953232,0.027874895843561568,0.038721838102007855,0.7490469135755201,0.3498494599538911
117,outdoor,scene_00022,outdoor/scene_00022/scan_00194,val/outdoor/scene_00022/scan_00194/00022_00194_outdoor_150_000.png,2,0,2,512,0,768,256,56616,15907,120244.0,201279.61203089711,200628.74818672833,650.8638441687727,59548.01642018833,59378.083355047536,169.93306514079512,0.02881669927424857,0.011415871483595515,0.5588541450920581,-0.12151793125984438
117,outdoor,scene_00022,outdoor/scene_00022/scan_00194,val/outdoor/scene_00022/scan_00194/00022_00194_outdoor_150_000.png,3,0,3,768,0,1024,256,62814,10341,104178.0,114477.09808467564,115432.59975021724,-955.5016655415985,39949.18227352615,40240.681075895576,-291.4988023694191,0.03553222029374776,0.01385589394459092,0.7731260890593594,-0.5689558527618352
117,outdoor,scene_00022,outdoor/scene_00022/scan_00194,val/outdoor/scene_00022/scan_00194/00022_00194_outdoor_150_000.png,4,1,0,0,256,256,512,64897,12257,113925.0,98771.00782498269,99068.78171351884,-297.7738885361373,26910.601656029132,27009.148163346228,-98.54650731709647,0.020349080592532348,0.022725609280098636,0.7155144492046702,0.4964503610834714
117,outdoor,scene_00022,outdoor/scene_00022/scan_00194,val/outdoor/scene_00022/scan_00194/00022_00194_outdoor_150_000.png,5,1,1,256,256,512,512,65512,3828,80824.0,21737.42332090884,21764.9246604627,-27.501339553857374,11195.574738874637,11219.325391042641,-23.75065216800579,0.018382530766010416,0.0115853374202895,0.5681835356610871,1.1364634201921455
117,outdoor,scene_00022,outdoor/scene_00022/scan_00194,val/outdoor/scene_00022/scan_00194/00022_00194_outdoor_150_000.png,6,1,2,512,256,768,512,65533,594,67909.0,4030.237701358139,4028.850582779214,1.3871185789247167,2661.524050391084,2659.0075029947975,2.5165473962869225,0.013667955897234366,0.009246387380586994,0.4436113317217773,1.7286355952824877
117,outdoor,scene_00022,outdoor/scene_00022/scan_00194,val/outdoor/scene_00022/scan_00194/00022_00194_outdoor_150_000.png,7,1,3,768,256,1024,512,65536,60,65776.0,1751.7492605979305,1742.0756889055897,9.67357169234079,1680.0119088027109,1670.3096603422691,9.702248460441844,0.010890604908545473,0.00702929780144922,0.3834586496343388,2.382418879911468
117,outdoor,scene_00022,outdoor/scene_00022/scan_00194,val/outdoor/scene_00022/scan_00194/00022_00194_outdoor_150_000.png,8,2,0,0,512,256,768,65529,1402,71137.0,8723.002620302277,8705.493304396514,17.5093159057638,3817.741550411251,3803.288375457935,14.453174953315791,0.016959235630494156,0.015973454920681987,0.8242751118091178,3.2776587456311512
117,outdoor,scene_00022,outdoor/scene_00022/scan_00194,val/outdoor/scene_00022/scan_00194/00022_00194_outdoor_150_000.png,9,2,1,256,512,512,768,65536,141,66100.0,1837.24339582262,1835.9894755938105,1.2539202288096805,1354.394965372429,1353.135612746753,1.259352625676165,0.016619338476367297,0.01628860499818982,0.710454880816646,3.3815288200984255
117,outdoor,scene_00022,outdoor/scene_00022/scan_00194,val/outdoor/scene_00022/scan_00194/00022_00194_outdoor_150_000.png,10,2,2,512,512,768,768,65536,0,65536.0,1013.72106773225,1009.9865948577709,3.734472874479194,1013.72106773225,1009.9865948577709,3.734472874479194,0.013280907432843107,0.016339261018025,0.6667896220525814,3.246344595134875
117,outdoor,scene_00022,outdoor/scene_00022/scan_00194,val/outdoor/scene_00022/scan_00194/00022_00194_outdoor_150_000.png,11,2,3,768,512,1024,768,65536,0,65536.0,1210.8602785965072,1203.99342364638,6.86685495012712,1210.8602785965072,1203.99342364638,6.86685495012712,0.012090662729819691,0.016279465029355344,0.6391315909735877,3.4668245661004855
118,outdoor,scene_00022,outdoor/scene_00022/scan_00194,val/outdoor/scene_00022/scan_00194/00022_00194_outdoor_260_030.png,0,0,0,0,0,256,256,50812,5565,73072.0,69865.87119544047,71043.23495437163,-1177.3637589311663,23275.491469099277,23551.203604160448,-275.7121350611735,0.02771894644573918,0.03686974107950625,0.8964859013556356,0.008472055440322155
118,outdoor,scene_00022,outdoor/scene_00022/scan_00194,val/outdoor/scene_00022/scan_00194/00022_00194_outdoor_260_030.png,1,0,1,256,0,512,256,55103,3570,69383.0,21526.539886018618,21557.37991583848,-30.840029819865393,9748.333682414657,9784.784828734908,-36.45114632025088,0.028107686868674445,0.01697967300478099,0.7703351585560146,0.1542181607937048
118,outdoor,scene_00022,outdoor/scene_00022/scan_00194,val/outdoor/scene_00022/scan_00194/00022_00194_outdoor_260_030.png,2,0,2,512,0,768,256,65191,1330,70511.0,9641.919430331087,9630.476393479066,11.443036852020679,5666.370496593972,5658.564397845303,7.80609874866906,0.03334611757233046,0.003936101643445011,0.4879751590711409,1.5133749046188671
118,outdoor,scene_00022,outdoor/scene_00022/scan_00194,val/outdoor/scene_00022/scan_00194/00022_00194_outdoor_260_030.png,3,0,3,768,0,1024,256,62969,1322,68257.0,17163.660777354613,15172.434356013764,1991.2264213408478,8005.317561850561,7461.314494926407,544.0030669241542,0.03236130621851924,0.00715604049983879,0.3603634776912493,2.1805262328486035
118,outdoor,scene_00022,outdoor/scene_00022/scan_00194,val/outdoor/scene_00022/scan_00194/00022_00194_outdoor_260_030.png,4,1,0,0,256,256,512,64543,4737,83491.0,28349.317823174468,28337.29383781561,12.023985358857148,11943.679526688604,11942.020394738778,1.6591319498245207,0.03538042291579384,0.002412429754715422,0.5297258959474017,2.5743896860394098
118,outdoor,scene_00022,outdoor/scene_00022/scan_00194,val/outdoor/scene_00022/scan_00194/00022_00194_outdoor_260_030.png,5,1,1,256,256,512,512,64615,3941,80379.0,30660.603968032283,30704.686248463848,-44.08228043156667,12205.668215481699,12224.90405003307,-19.235834551370615,0.03896786251288181,0.0028996395519722425,0.34101301092492664,2.8963505010471344
118,outdoor,scene_00022,outdoor/scene_00022/scan_00194,val/outdoor/scene_00022/scan_00194/00022_00194_outdoor_260_030.png,6,1,2,512,256,768,512,64657,2844,76033.0,18113.414863517384,18148.75773561732,-35.34287209993746,8885.03582101145,8900.46895437519,-15.433133363740367,0.037490680439245985,0.002951734345083551,0.4258943459865139,2.7174540732065857
118,outdoor,scene_00022,outdoor/scene_00022/scan_00194,val/outdoor/scene_00022/scan_00194/00022_00194_outdoor_260_030.png,7,1,3,768,256,1024,512,65089,1757,72117.0,9510.131832629515,9525.131976511058,-15.00014388154479,6737.681884014892,6745.40334531527,-7.721461300379106,0.036347284968745425,0.002914951078616814,0.3591249523117233,2.8070872186153917
118,outdoor,scene_00022,outdoor/scene_00022/scan_00194,val/outdoor/scene_00022/scan_00194/00022_00194_outdoor_260_030.png,8,2,0,0,512,256,768,53817,9964,93673.0,75648.67331129099,75672.27883954589,-23.60552825490959,34702.98203321631,34721.20040782726,-18.21837461095121,0.03399362277119427,0.0080161789373949,0.7198099997630744,3.2197542306585327
118,outdoor,scene_00022,outdoor/scene_00022/scan_00194,val/outdoor/scene_00022/scan_00194/00022_00194_outdoor_260_030.png,9,2,1,256,512,512,768,52759,16986,120703.0,189678.30652338392,189877.14116861028,-198.83464522637257,57460.4741857061,57587.320959840275,-126.84677413417012,0.039380675593234715,0.014946242450120193,0.5338150452857733,3.498469433555159
118,outdoor,scene_00022,outdoor/scene_00022/scan_00194,val/outdoor/scene_00022/scan_00194/00022_00194_outdoor_260_030.png,10,2,2,512,512,768,768,42905,15285,104045.0,282753.2997499399,282579.30234676704,173.99740317286634,80152.18798046163,80109.73312471334,42.454855748288864,0.04233442048914943,0.006381654540901313,0.4270361343163291,3.6345997442763878
118,outdoor,scene_00022,outdoor/scene_00022/scan_00194,val/outdoor/scene_00022/scan_00194/00022_00194_outdoor_260_030.png,11,2,3,768,512,1024,768,62759,3146,75343.0,20337.82188782421,20349.270559827888,-11.448672003675005,11768.682820915668,11777.852389518594,-9.169568602924171,0.028921226436757107,0.003551265823370137,0.4721567764078565,3.2545842123463586
119,outdoor,scene_00022,outdoor/scene_00022/scan_00194,val/outdoor/scene_00022/scan_00194/00022_00194_outdoor_280_030.png,0,0,0,0,0,256,256,1914,833,5246.0,726834752.2028515,662591041.1699374,64243711.03291421,209987189.37354657,189305074.1066294,20682115.26691719,0.011193134912065208,0.018542024542774878,0.893207880283217,1.0122570700301806e-05
119,outdoor,scene_00022,outdoor/scene_00022/scan_00194,val/outdoor/scene_00022/scan_00194/00022_00194_outdoor_280_030.png,1,0,1,256,0,512,256,27209,6465,53069.0,6811255920.946793,6613557406.982317,197698513.964475,1864368837.281479,1813624879.5332277,50743957.74825116,0.042743138658654964,0.1441032065441934,1.1637084878049944,0.015357801657156871
119,outdoor,scene_00022,outdoor/scene_00022/scan_00194,val/outdoor/scene_00022/scan_00194/00022_00194_outdoor_280_030.png,2,0,2,512,0,768,256,52194,927,55902.0,86910973.79310328,84543043.82305083,2367929.9700524597,49030688.555618994,47483007.76340984,1547680.7922091496,0.025760174363366337,0.012622745438714915,0.5854458605285532,0.022010840894025902
119,outdoor,scene_00022,outdoor/scene_00022/scan_00194,val/outdoor/scene_00022/scan_00194/00022_00194_outdoor_280_030.png,3,0,3,768,0,1024,256,63179,870,66659.0,38993834.05419131,36978677.795011796,2015156.2591795148,12400706.15607794,10928718.219547704,1471987.936530235,0.034269199508201384,0.007448429649310798,0.32767111333633,0.9364079620926914
119,outdoor,scene_00022,outdoor/scene_00022/scan_00194,val/outdoor/scene_00022/scan_00194/00022_00194_outdoor_280_030.png,4,1,0,0,256,256,512,13688,1475,19588.0,1545741947.2920265,1436126399.0015852,109615548.2904413,752240488.5929707,708640319.7621558,43600168.83081506,0.03087217563914048,0.024586892983408704,1.4711229227584264,0.013750913589252255
119,outdoor,scene_00022,outdoor/scene_00022/scan_00194,val/outdoor/scene_00022/scan_00194/00022_00194_outdoor_280_030.png,5,1,1,256,256,512,512,37785,7713,68637.0,8617796314.275429,8675103376.125973,-57307061.85054606,2234739894.486253,2246389579.836952,-11649685.350699462,0.05507281493833782,0.14250288374028477,1.0845192981212066,0.02314525548998292
119,outdoor,scene_00022,outdoor/scene_00022/scan_00194,val/outdoor/scene_00022/scan_00194/00022_00194_outdoor_280_030.png,6,1,2,512,256,768,512,64471,1528,70583.0,17250.300338552515,17236.36678348497,13.933555067546006,11891.96747014101,11883.913771693627,8.05369844738266,0.036598854696240676,0.002410694238748421,0.3980858755774331,1.3329032097331421
119,outdoor,scene_00022,outdoor/scene_00022/scan_00194,val/outdoor/scene_00022/scan_00194/00022_00194_outdoor_280_030.png,7,1,3,768,256,1024,512,64916,1756,71940.0,25000.994394610636,25095.36054116382,-94.3661465531863,14904.612149079585,14946.647819638118,-42.03567055853232,0.03780388198910645,0.0033955877721738455,0.5087127113649952,1.4306719332334592
119,outdoor,scene_00022,outdoor/scene_00022/scan_00194,val/outdoor/scene_00022/scan_00194/00022_00194_outdoor_280_030.png,8,2,0,0,512,256,768,29708,5697,52496.0,2283513460.707467,2351831283.0226727,-68317822.31520581,778418342.3618773,802087255.1898723,-23668912.82799495,0.07292098467634722,0.01775461947493143,0.7703604214385796,0.3253105503393862
119,outdoor,scene_00022,outdoor/scene_00022/scan_00194,val/outdoor/scene_00022/scan_00194/00022_00194_outdoor_280_030.png,9,2,1,256,512,512,768,37706,6899,65302.0,8151283807.206459,7736390500.891078,414893306.31538206,2525459389.118953,2414440975.876602,111018413.24235107,0.05023827806291891,0.09062524977173954,1.0584223378057909,0.04160145095947013
119,outdoor,scene_00022,outdoor/scene_00022/scan_00194,val/outdoor/scene_00022/scan_00194/00022_00194_outdoor_280_030.png,10,2,2,512,512,768,768,51458,4097,67846.0,47082.97628110515,47089.49572190715,-6.5194408019969226,31570.116473076112,31597.12617012879,-27.009697052681087,0.03714222535390028,0.010173973879681482,0.556699679940208,1.7867644776601923
119,outdoor,scene_00022,outdoor/scene_00022/scan_00194,val/outdoor/scene_00022/scan_00194/00022_00194_outdoor_280_030.png,11,2,3,768,512,1024,768,54560,11448,100352.0,136016.25219686923,136602.17919968482,-585.9270028155529,45278.42465210607,45665.77304317952,-387.3483910734569,0.03659011503773578,0.014067580629567127,0.3310546206723531,2.389278252631117
120,outdoor,scene_00022,outdoor/scene_00022/scan_00195,val/outdoor/scene_00022/scan_00195/00022_00195_outdoor_160_000.png,0,0,0,0,0,256,256,44232,5596,66616.0,10401.111037659331,10398.887167795736,2.2238698635960485,2951.0652038064245,2938.7978679582484,12.26733584817584,0.021942530488713936,0.005037486914195875,0.27503616452192103,2.226964917726409
120,outdoor,scene_00022,outdoor/scene_00022/scan_00195,val/outdoor/scene_00022/scan_00195/00022_00195_outdoor_160_000.png,1,0,1,256,0,512,256,65531,3788,80683.0,5162.560204548842,5306.879979023407,-144.3197744745647,3552.1066643175045,3596.3330641608527,-44.22639984334822,0.01855055078290668,0.012449229467876546,0.5447323565046592,2.6364938836035217
120,outdoor,scene_00022,outdoor/scene_00022/scan_00195,val/outdoor/scene_00022/scan_00195/00022_00195_outdoor_160_000.png,2,0,2,512,0,768,256,65536,7157,94164.0,4223.128713354655,4469.371657281685,-246.24294392702967,2055.6612975586954,2179.625794496669,-123.96449693797342,0.017414534189075695,0.017566601780286163,0.7459359186264403,2.6984922469240664
120,outdoor,scene_00022,outdoor/scene_00022/scan_00195,val/outdoor/scene_00022/scan_00195/00022_00195_outdoor_160_000.png,3,0,3,768,0,1024,256,64550,6119,89026.0,17263.88338215947,15919.22171427693,1344.6616678825415,4499.538688276029,4763.676412919529,-264.1377246434991,0.021186992646637978,0.02375608461950942,0.7576613724852685,2.130472241959857
120,outdoor,scene_00022,outdoor/scene_00022/scan_00195,val/outdoor/scene_00022/scan_00195/00022_00195_outdoor_160_000.png,4,1,0,0,256,256,512,65536,2774,76632.0,3423.4261529904734,3245.9882452340003,177.4379077564736,1740.772978976876,1699.647261616382,41.12571736049415,0.02017991544654533,0.006888941533466687,0.3095748780342316,2.5154159778583023
120,outdoor,scene_00022,outdoor/scene_00022/scan_00195,val/outdoor/scene_00022/scan_00195/00022_00195_outdoor_160_000.png,5,1,1,256,256,512,512,65536,1116,70000.0,1579.5196681197385,1581.4003562623775,-1.8806881426390485,1241.1246213122686,1241.2443691670724,-0.11974785480393613,0.010691583968747745,0.006990805609334499,0.680556214459489,2.214261097313409
120,outdoor,scene_00022,outdoor/scene_00022/scan_00195,val/outdoor/scene_00022/scan_00195/00022_00195_outdoor_160_000.png,6,1,2,512,256,768,512,65536,1207,70364.0,794.4026383319926,793.1300528944893,1.2725854375034575,578.5554443980755,578.0487240999721,0.5067202981034715,0.01718067099315405,0.0037653210231433083,0.6120251533726929,3.1318545217658573
120,outdoor,scene_00022,outdoor/scene_00022/scan_00195,val/outdoor/scene_00022/scan_00195/00022_00195_outdoor_160_000.png,7,1,3,768,256,1024,512,65529,10869,109005.0,9917.346657015602,10755.040289425837,-837.6936324102338,2507.014801138835,2680.1668534134487,-173.15205227461374,0.020606082801907337,0.02047104271947246,0.9682237579843196,-0.06871528296376776
120,outdoor,scene_00022,outdoor/scene_00022/scan_00195,val/outdoor/scene_00022/scan_00195/00022_00195_outdoor_160_000.png,8,2,0,0,512,256,768,65536,18823,140828.0,2655.6917317786456,2638.3259920511555,17.365739727490006,859.2442697095349,852.7473018343139,6.496967875221104,0.012752407255442667,0.010978678753834965,0.5306549387719897,2.6647431924879705
120,outdoor,scene_00022,outdoor/scene_00022/scan_00195,val/outdoor/scene_00022/scan_00195/00022_00195_outdoor_160_000.png,9,2,1,256,512,512,768,65536,1056,69760.0,552.3053584480328,551.2458912105376,1.0594672374952205,527.7549960448487,526.7547156810142,1.0002803638343991,0.01636708826254252,0.0077399481949884785,0.42789611991793813,3.6997417454864814
120,outdoor,scene_00022,outdoor/scene_00022/scan_00195,val/outdoor/scene_00022/scan_00195/00022_00195_outdoor_160_000.png,10,2,2,512,512,768,768,65536,57,65764.0,384.75809590848695,369.99062908211806,14.767466826368942,383.4898853351492,368.9428111260832,14.547074209066047,0.014937382113815144,0.005078329329548338,0.3739832208741143,4.053451018195588
120,outdoor,scene_00022,outdoor/scene_00022/scan_00195,val/outdoor/scene_00022/scan_00195/00022_00195_outdoor_160_000.png,11,2,3,768,512,1024,768,65536,17850,136936.0,5979.671156724869,5931.485489349432,48.18566737543824,2050.2050640408565,2049.6454002276737,0.559663813182835,0.016986561552188084,0.01288353102702747,0.5919466249008157,2.3311441762600515
121,outdoor,scene_00022,outdoor/scene_00022/scan_00195,val/outdoor/scene_00022/scan_00195/00022_00195_outdoor_170_030.png,0,0,0,0,0,256,256,57384,8256,90408.0,13650.177725783284,13664.57087663361,-14.393150850326148,4075.431530628946,4060.4619745615028,14.969556067443559,0.02009286111751425,0.00525926097450077,0.34823553106520533,0.5642713442262375
121,outdoor,scene_00022,outdoor/scene_00022/scan_00195,val/outdoor/scene_00022/scan_00195/00022_00195_outdoor_170_030.png,1,0,1,256,0,512,256,39952,9797,79140.0,12627.112916843871,12564.031977402543,63.080939441327345,3330.704694366343,3317.0985237699274,13.606170596415929,0.02179456682349091,0.007464409126379882,0.38642397198665646,0.8210494480260512
121,outdoor,scene_00022,outdoor/scene_00022/scan_00195,val/outdoor/scene_00022/scan_00195/00022_00195_outdoor_170_030.png,2,0,2,512,0,768,256,65532,4411,83176.0,5003.646673793149,4994.536263501109,9.110410292039884,2679.8190706126848,2677.8541578957256,1.9649127169589278,0.03859596497133321,0.010506338853479794,0.6054230169250681,0.9658434203686881
121,outdoor,scene_00022,outdoor/scene_00022/scan_00195,val/outdoor/scene_00022/scan_00195/00022_00195_outdoor_170_030.png,3,0,3,768,0,1024,256,65515,1760,72555.0,1421.194538749147,1420.3611056173427,0.8334331318044121,907.4408434475806,913.4476837561378,-6.0068403085573205,0.028248831989933398,0.0058858741926507184,0.9123049069880393,1.0167413235583802
121,outdoor,scene_00022,outdoor/scene_00022/scan_00195,val/outdoor/scene_00022/scan_00195/00022_00195_outdoor_170_030.png,4,1,0,0,256,256,512,64631,5030,84751.0,5380.457294953414,5377.365145823979,3.092149129434454,1835.3779232761995,1829.9798725900457,5.398050686153763,0.03169405968147481,0.004538813718288456,0.4191168320886986,0.8006878781384508
121,outdoor,scene_00022,outdoor/scene_00022/scan_00195,val/outdoor/scene_00022/scan_00195/00022_00195_outdoor_170_030.png,5,1,1,256,256,512,512,65523,3630,80043.0,4759.571713866679,4771.339940387994,-11.768226521315446,1651.712703599545,1649.0553279906271,2.657375608917769,0.03497857960695074,0.0038813170261264023,0.39560766391511876,1.2667743140252614
121,outdoor,scene_00022,outdoor/scene_00022/scan_00195,val/outdoor/scene_00022/scan_00195/00022_00195_outdoor_170_030.png,6,1,2,512,256,768,512,65529,7366,94993.0,7936.0745118740215,7986.2000693193495,-50.1255574453281,2982.8971988876983,3002.197703599664,-19.300504711965495,0.025740354004809105,0.01305557025984084,0.5466382526273053,1.865297509184295
121,outdoor,scene_00022,outdoor/scene_00022/scan_00195,val/outdoor/scene_00022/scan_00195/00022_00195_outdoor_170_030.png,7,1,3,768,256,1024,512,65532,9427,103240.0,12944.592416820962,12866.267035095407,78.32538172555599,5852.221656160796,5789.908015988251,62.31364017254547,0.024251567478638734,0.016960036596307255,0.6231193650773023,2.872866574966905
121,outdoor,scene_00022,outdoor/scene_00022/scan_00195,val/outdoor/scene_00022/scan_00195/00022_00195_outdoor_170_030.png,8,2,0,0,512,256,768,56402,5808,79634.0,5709.382834129251,5702.582757709318,6.800076419932714,2887.5626369324805,2889.3960611642888,-1.8334242318080198,0.019995629493343214,0.006220044256588016,0.32497336254217546,1.7491597405622186
121,outdoor,scene_00022,outdoor/scene_00022/scan_00195,val/outdoor/scene_00022/scan_00195/00022_00195_outdoor_170_030.png,9,2,1,256,512,512,768,45052,3481,58976.0,7636.339083955114,7647.53247090131,-11.193386946196089,3002.910508886156,3016.5410285744583,-13.630519688302616,0.022311209917646044,0.00744629432342968,0.32519553995546474,2.0297530606275775
121,outdoor,scene_00022,outdoor/scene_00022/scan_00195,val/outdoor/scene_00022/scan_00195/00022_00195_outdoor_170_030.png,10,2,2,512,512,768,768,65536,2142,74104.0,3181.678610202598,3087.223427618861,94.45518258373737,1943.200134528421,1900.696108886392,42.504025642029205,0.02164723497921518,0.007893051061202696,0.524585254278149,2.3065040614525385
121,outdoor,scene_00022,outdoor/scene_00022/scan_00195,val/outdoor/scene_00022/scan_00195/00022_00195_outdoor_170_030.png,11,2,3,768,512,1024,768,65534,11104,109950.0,8050.585392826697,7891.160470050763,159.42492277593416,3373.243340019166,3312.987810730265,60.25552928890065,0.009637040057233636,0.020453465364992304,0.9529621036475792,2.766142258735832
122,outdoor,scene_00022,outdoor/scene_00022/scan_00195,val/outdoor/scene_00022/scan_00195/00022_00195_outdoor_250_000.png,0,0,0,0,0,256,256,46864,1535,53004.0,10861.895350841814,10935.977102708792,-74.08175186697738,4745.660994989495,4775.844273368168,-30.183278378673958,0.04013054408949359,0.004583556104960073,0.19733242580424218,1.133462361181287
122,outdoor,scene_00022,outdoor/scene_00022/scan_00195,val/outdoor/scene_00022/scan_00195/00022_00195_outdoor_250_000.png,1,0,1,256,0,512,256,28939,2342,38307.0,19552.29053150894,19547.571223617608,4.719307891336808,6039.535869286388,6043.875449950766,-4.339580664377899,0.04744694771185601,0.004700756641874041,0.21635376140305138,1.2155431557097232
122,outdoor,scene_00022,outdoor/scene_00022/scan_00195,val/outdoor/scene_00022/scan_00195/00022_00195_outdoor_250_000.png,2,0,2,512,0,768,256,56043,1685,62783.0,12702.14797656972,12709.09897890068,-6.951002330959686,6104.251569818168,6113.296306529848,-9.044736711680978,0.04735302802539176,0.004150173691495672,0.4055008514056007,1.071958776423804
122,outdoor,scene_00022,outdoor/scene_00022/scan_00195,val/outdoor/scene_00022/scan_00195/00022_00195_outdoor_250_000.png,3,0,3,768,0,1024,256,25027,2197,33815.0,10051.276389598032,10121.456142224975,-70.17975262694321,4063.052466610724,4093.453079576996,-30.40061296627145,0.04435814361692607,0.004114405563052635,1.0395941973014196,0.19587976474633395
122,outdoor,scene_00022,outdoor/scene_00022/scan_00195,val/outdoor/scene_00022/scan_00195/00022_00195_outdoor_250_000.png,4,1,0,0,256,256,512,55088,15075,115388.0,247092.4223394525,247086.33266465552,6.089674796926147,59986.191163579555,59992.86593455316,-6.674770973608155,0.045013835138487876,0.010402140662686795,0.6459634186965025,0.23394186070471162
122,outdoor,scene_00022,outdoor/scene_00022/scan_00195,val/outdoor/scene_00022/scan_00195/00022_00195_outdoor_250_000.png,5,1,1,256,256,512,512,41809,16920,109489.0,292755.43167903664,292990.8048735791,-235.37319454245596,73129.16417195673,73200.28663039778,-71.1224584410611,0.04841349156075517,0.010786429694962248,0.5958698652455572,0.5032939320822204
122,outdoor,scene_00022,outdoor/scene_00022/scan_00195,val/outdoor/scene_00022/scan_00195/00022_00195_outdoor_250_000.png,6,1,2,512,256,768,512,59481,11301,104685.0,92696.50804495724,92838.40804502834,-141.90000007109165,23306.24940028132,23351.48747168897,-45.23807140765716,0.05414605462535113,0.009379111539421801,0.5847516931445291,0.6951809410664758
122,outdoor,scene_00022,outdoor/scene_00022/scan_00195,val/outdoor/scene_00022/scan_00195/00022_00195_outdoor_250_000.png,7,1,3,768,256,1024,512,43106,10778,86218.0,65029.0045561856,64934.96127482556,94.04328136004764,19045.056820441412,19013.54280670689,31.514013734520915,0.05115362400740996,0.008754538098258534,0.5901278308732832,1.0337553442077132
122,outdoor,scene_00022,outdoor/scene_00022/scan_00195,val/outdoor/scene_00022/scan_00195/00022_00195_outdoor_250_000.png,8,2,0,0,512,256,768,65536,0,65536.0,182.32524068807737,182.36458105858776,-0.03934037051038752,182.32524068807737,182.36458105858776,-0.03934037051038752,0.015769811750273584,0.01981139766366316,0.8853455057668974,2.146202567124592
122,outdoor,scene_00022,outdoor/scene_00022/scan_00195,val/outdoor/scene_00022/scan_00195/00022_00195_outdoor_250_000.png,9,2,1,256,512,512,768,65536,0,65536.0,203.81475662539148,205.6447204422284,-1.8299638168369392,203.81475662539148,205.6447204422284,-1.8299638168369392,0.017081478216014242,0.019795027787564576,0.9128830402588294,2.136809251747706
122,outdoor,scene_00022,outdoor/scene_00022/scan_00195,val/outdoor/scene_00022/scan_00195/00022_00195_outdoor_250_000.png,10,2,2,512,512,768,768,65536,0,65536.0,197.2275275449291,196.29704753601303,0.9304800089161005,197.2275275449291,196.29704753601303,0.9304800089161005,0.015199122081533033,0.020060443790957803,0.9403528248906953,2.0530654243721247
122,outdoor,scene_00022,outdoor/scene_00022/scan_00195,val/outdoor/scene_00022/scan_00195/00022_00195_outdoor_250_000.png,11,2,3,768,512,1024,768,65536,0,65536.0,292.6288088358935,293.4676242468846,-0.838815410991131,292.6288088358935,293.4676242468846,-0.838815410991131,0.016233079182878408,0.019842668858744937,0.9797181086002551,2.5495804539106777
123,outdoor,scene_00022,outdoor/scene_00022/scan_00195,val/outdoor/scene_00022/scan_00195/00022_00195_outdoor_290_020.png,0,0,0,0,0,256,256,65536,1590,71896.0,3648.7909874002494,3632.211818521757,16.579168878492613,2258.8862664584294,2265.7800154358083,-6.893748977378669,0.04971380324865237,0.005116276192348493,0.31161744746425,0.8458923550726143
123,outdoor,scene_00022,outdoor/scene_00022/scan_00195,val/outdoor/scene_00022/scan_00195/00022_00195_outdoor_290_020.png,1,0,1,256,0,512,256,63194,7354,92610.0,21582.633634774713,21616.18017310893,-33.54653833421897,6063.937504374626,6073.0695798267,-9.13207545207352,0.059982641393669905,0.005203733517692511,0.427915438057539,1.0560811879053509
123,outdoor,scene_00022,outdoor/scene_00022/scan_00195,val/outdoor/scene_00022/scan_00195/00022_00195_outdoor_290_020.png,2,0,2,512,0,768,256,63584,6685,90324.0,24177.561187459854,24282.45046551363,-104.8892780537767,6900.554848048562,6898.756639185888,1.7982088626747004,0.051607100075054035,0.0061524777665658385,0.44359762317480705,1.9417076348839502
123,outdoor,scene_00022,outdoor/scene_00022/scan_00195,val/outdoor/scene_00022/scan_00195/00022_00195_outdoor_290_020.png,3,0,3,768,0,1024,256,65534,734,68470.0,3168.8265091845988,3179.5882536579747,-10.761744473376693,2477.675888629232,2477.819672115128,-0.1437834858957614,0.0446674170200034,0.006205664676506747,0.5584383728144627,2.7216305604311777
123,outdoor,scene_00022,outdoor/scene_00022/scan_00195,val/outdoor/scene_00022/scan_00195/00022_00195_outdoor_290_020.png,4,1,0,0,256,256,512,65504,1315,70764.0,3968.8175424382266,3962.7023323915437,6.115210046682887,2630.594903045916,2609.3677365235258,21.22716652239008,0.046745222852423704,0.007043782792590892,0.5145544650595391,0.5768133579064448
123,outdoor,scene_00022,outdoor/scene_00022/scan_00195,val/outdoor/scene_00022/scan_00195/00022_00195_outdoor_290_020.png,5,1,1,256,256,512,512,65452,4838,84804.0,9946.635099652405,9929.272607028295,17.362492624109024,3033.507063268861,3019.8593372309547,13.64772603790614,0.06188423132608206,0.006244773846013343,0.5667286200647131,1.0211271068812027
123,outdoor,scene_00022,outdoor/scene_00022/scan_00195,val/outdoor/scene_00022/scan_00195/00022_00195_outdoor_290_020.png,6,1,2,512,256,768,512,65360,3235,78300.0,6797.885825047864,6813.8104154547855,-15.924590406922771,2247.02689632051,2242.418797963485,4.608098357025364,0.06062605139482107,0.006495625538762654,0.5910019973176718,1.988401716455064
123,outdoor,scene_00022,outdoor/scene_00022/scan_00195,val/outdoor/scene_00022/scan_00195/00022_00195_outdoor_290_020.png,7,1,3,768,256,1024,512,65444,4417,83112.0,12466.139741522584,12550.658078026743,-84.51833650415935,3175.2734884157517,3211.959075084111,-36.685586668359065,0.06332580613283191,0.006886341196727236,0.7733484115099509,2.340648426589515
123,outdoor,scene_00022,outdoor/scene_00022/scan_00195,val/outdoor/scene_00022/scan_00195/00022_00195_outdoor_290_020.png,8,2,0,0,512,256,768,56350,7215,85210.0,13114.733919656985,12974.715459392377,140.01846026460828,4889.0315512741745,4853.708234137991,35.323317136184585,0.03072162719970429,0.008164958072689955,0.08341621684719464,2.3792363680401016
123,outdoor,scene_00022,outdoor/scene_00022/scan_00195,val/outdoor/scene_00022/scan_00195/00022_00195_outdoor_290_020.png,9,2,1,256,512,512,768,62403,11210,107243.0,31053.406469883717,31132.087096332434,-78.68062644871574,9861.045727070163,9888.312006264285,-27.266279194122244,0.05052925669498392,0.00861433501357303,0.5973134058202446,1.6530846607061307
123,outdoor,scene_00022,outdoor/scene_00022/scan_00195,val/outdoor/scene_00022/scan_00195/00022_00195_outdoor_290_020.png,10,2,2,512,512,768,768,50090,13517,104158.0,57083.25138094002,56938.40784028559,144.84354065443262,15009.505705529626,15050.546263330963,-41.04055780133893,0.043682835536105455,0.007680232650423655,0.6226644108241333,2.3887142238726606
123,outdoor,scene_00022,outdoor/scene_00022/scan_00195,val/outdoor/scene_00022/scan_00195/00022_00195_outdoor_290_020.png,11,2,3,768,512,1024,768,48193,11540,94353.0,75507.3234348879,75513.71100159903,-6.387566711103884,19024.686142216546,19027.68220817601,-2.9960659594670096,0.03836531606132696,0.006990957033374294,0.39575453078334866,4.17769524849204
124,outdoor,scene_00022,outdoor/scene_00022/scan_00195,val/outdoor/scene_00022/scan_00195/00022_00195_outdoor_300_010.png,0,0,0,0,0,256,256,63335,1630,69855.0,6420.642770054053,6406.635500728367,14.007269325685789,4440.243124278209,4428.171572808145,12.071551470063154,0.040008340768541574,0.00570207162316745,0.4105939500440957,0.7192054622001267
124,outdoor,scene_00022,outdoor/scene_00022/scan_00195,val/outdoor/scene_00022/scan_00195/00022_00195_outdoor_300_010.png,1,0,1,256,0,512,256,65534,1175,70234.0,2780.119989003405,2764.584031131175,15.535957872230355,1916.0505645934923,1903.9080805477383,12.142484045754212,0.04987456828206649,0.004243371644920625,0.283659841792012,0.8289996987643632
124,outdoor,scene_00022,outdoor/scene_00022/scan_00195,val/outdoor/scene_00022/scan_00195/00022_00195_outdoor_300_010.png,2,0,2,512,0,768,256,65448,4047,81636.0,9129.60369864037,9166.81242384026,-37.20872519988861,2455.543494009009,2445.350546400432,10.192947608577075,0.058426627247043963,0.005377827701480339,0.44123451301463923,0.8841255793622533
124,outdoor,scene_00022,outdoor/scene_00022/scan_00195,val/outdoor/scene_00022/scan_00195/00022_00195_outdoor_300_010.png,3,0,3,768,0,1024,256,65356,1860,72796.0,4560.218486173102,4557.675973581754,2.54251259134832,1393.4493644264678,1386.3156473450713,7.133717081396457,0.05833179573768818,0.005845055078573346,0.5403472146763244,1.7287716272904208
124,outdoor,scene_00022,outdoor/scene_00022/scan_00195,val/outdoor/scene_00022/scan_00195/00022_00195_outdoor_300_010.png,4,1,0,0,256,256,512,46447,5785,69587.0,17621.446851599558,18268.880247510482,-647.4333959109205,5335.75326164944,5680.6611088856,-344.9078472361597,0.027100887563304563,0.00511156433819604,0.49433602464438603,0.5490134949080152
124,outdoor,scene_00022,outdoor/scene_00022/scan_00195,val/outdoor/scene_00022/scan_00195/00022_00195_outdoor_300_010.png,5,1,1,256,256,512,512,49718,4295,66898.0,8103.802219743853,7972.250542489221,131.5516772546327,2710.544623407118,2663.661765359332,46.88285804778586,0.03653692219580395,0.00698458558178865,0.3714717076777229,0.847699940898478
124,outdoor,scene_00022,outdoor/scene_00022/scan_00195,val/outdoor/scene_00022/scan_00195/00022_00195_outdoor_300_010.png,6,1,2,512,256,768,512,62829,9863,102281.0,27503.806330182437,27556.351336594686,-52.5450064122471,7927.642425679791,7920.411536093639,7.230889586152578,0.053117324435544844,0.005951534418613728,0.4711893371182148,0.8518145591341327
124,outdoor,scene_00022,outdoor/scene_00022/scan_00195,val/outdoor/scene_00022/scan_00195/00022_00195_outdoor_300_010.png,7,1,3,768,256,1024,512,47871,9116,84335.0,42009.54562588577,42168.039793356416,-158.49416747064387,11283.349191957848,11390.93632187138,-107.5871299135326,0.042072132635030256,0.005840520901079443,0.6845414692258086,1.2333919171145835
124,outdoor,scene_00022,outdoor/scene_00022/scan_00195,val/outdoor/scene_00022/scan_00195/00022_00195_outdoor_300_010.png,8,2,0,0,512,256,768,65275,5120,85755.0,15867.635497107218,15917.832241118838,-50.19674401162352,5751.337759716591,5759.573194518498,-8.235434801905765,0.012689051408749786,0.02828036137986183,0.9824171732063433,1.4475378620814907
124,outdoor,scene_00022,outdoor/scene_00022/scan_00195,val/outdoor/scene_00022/scan_00195/00022_00195_outdoor_300_010.png,9,2,1,256,512,512,768,65521,1360,70961.0,4704.856634127831,4699.12676204771,5.729872080120984,2853.7368459393265,2846.4953594873823,7.241486451944065,0.014274971920697785,0.029768344533798487,0.9568178129442556,1.1768859593550236
124,outdoor,scene_00022,outdoor/scene_00022/scan_00195,val/outdoor/scene_00022/scan_00195/00022_00195_outdoor_300_010.png,10,2,2,512,512,768,768,64058,10150,104658.0,47187.727328088804,47249.51396012923,-61.786632040431144,13694.105059663385,13707.84202082362,-13.736961160234927,0.01924669317117758,0.027810081239550265,0.975092391594998,1.297418822024443
124,outdoor,scene_00022,outdoor/scene_00022/scan_00195,val/outdoor/scene_00022/scan_00195/00022_00195_outdoor_300_010.png,11,2,3,768,512,1024,768,60609,17782,131737.0,102593.62548877073,102535.86431353813,57.76117523261449,25376.66400568274,25371.766293364068,4.897712318673351,0.03287562369284807,0.023987202282970188,1.006838571189577,2.21671491978997
125,outdoor,scene_00022,outdoor/scene_00022/scan_00195,val/outdoor/scene_00022/scan_00195/00022_00195_outdoor_310_000.png,0,0,0,0,0,256,256,62619,16660,129259.0,66749.09110511179,66948.92654555256,-199.83544044076612,17145.712329577564,17204.9080302575,-59.19570067993269,0.025195756547547785,0.0017611862854422418,0.17424429965399799,0.9513969422089651
125,outdoor,scene_00022,outdoor/scene_00022/scan_00195,val/outdoor/scene_00022/scan_00195/00022_00195_outdoor_310_000.png,1,0,1,256,0,512,256,47554,5588,69906.0,14161.890699729534,14265.97400509566,-104.08330536612706,4582.975079684204,4670.74533057745,-87.77025089324655,0.030631197258995532,0.0018631540861324286,0.1252037710963781,0.7901509878292415
125,outdoor,scene_00022,outdoor/scene_00022/scan_00195,val/outdoor/scene_00022/scan_00195/00022_00195_outdoor_310_000.png,2,0,2,512,0,768,256,50159,4599,68555.0,7567.250406825619,7564.898677907016,2.351728918604434,2866.699921507884,2871.000807347208,-4.300885839323582,0.03835460562016661,0.0035422385755214158,0.18454687551821178,0.5312821777242442
125,outdoor,scene_00022,outdoor/scene_00022/scan_00195,val/outdoor/scene_00022/scan_00195/00022_00195_outdoor_310_000.png,3,0,3,768,0,1024,256,63570,9372,101058.0,20514.25545277824,20629.181687703407,-114.92623492517188,6357.559635667087,6390.281472885736,-32.721837218647224,0.05349218993329502,0.003947480105668957,0.29607937567360154,0.4901431028358808
125,outdoor,scene_00022,outdoor/scene_00022/scan_00195,val/outdoor/scene_00022/scan_00195/00022_00195_outdoor_310_000.png,4,1,0,0,256,256,512,64172,13544,118348.0,60894.148937345046,60928.07877291158,-33.92983556653984,15056.894067203815,15066.676089993678,-9.782022789863786,0.013528407854279058,0.017087003601403458,0.7067141783278577,0.6975255787470528
125,outdoor,scene_00022,outdoor/scene_00022/scan_00195,val/outdoor/scene_00022/scan_00195/00022_00195_outdoor_310_000.png,5,1,1,256,256,512,512,65236,7188,93988.0,18461.46631810688,18475.180721856443,-13.714403749562873,5716.923900112482,5720.628609323243,-3.7047092107611084,0.013659951983877676,0.017942128989527822,0.6653803984254913,0.3827442792998112
125,outdoor,scene_00022,outdoor/scene_00022/scan_00195,val/outdoor/scene_00022/scan_00195/00022_00195_outdoor_310_000.png,6,1,2,512,256,768,512,65037,2926,76741.0,7030.539427766131,7026.316205326532,4.223222439598803,3130.3637215425324,3126.8845321932495,3.4791893492825743,0.016060082567959957,0.01937805706471669,0.6107600753714681,0.34135872625744573
125,outdoor,scene_00022,outdoor/scene_00022/scan_00195,val/outdoor/scene_00022/scan_00195/00022_00195_outdoor_310_000.png,7,1,3,768,256,1024,512,62685,14386,120229.0,64801.67590518817,64786.82800308009,14.847902108073342,17792.872273123274,17792.91148917954,-0.03921605626655422,0.02300252169395446,0.017496705172098705,0.6433425122045192,0.540579386477101
125,outdoor,scene_00022,outdoor/scene_00022/scan_00195,val/outdoor/scene_00022/scan_00195/00022_00195_outdoor_310_000.png,8,2,0,0,512,256,768,65536,6,65560.0,219.79785423552602,213.66014904073836,6.13770519478764,217.60448624029374,211.46678794862822,6.13769829166554,0.017435846010674463,0.02076471594216323,1.0251796018101489,3.7839207060714144
125,outdoor,scene_00022,outdoor/scene_00022/scan_00195,val/outdoor/scene_00022/scan_00195/00022_00195_outdoor_310_000.png,9,2,1,256,512,512,768,65536,14,65592.0,216.2652014714876,214.08124418338986,2.183957288097711,210.8915617743731,208.70276371128705,2.188798063086025,0.017178164399927177,0.02055917248999794,0.9447378851953947,3.7822284198411595
125,outdoor,scene_00022,outdoor/scene_00022/scan_00195,val/outdoor/scene_00022/scan_00195/00022_00195_outdoor_310_000.png,10,2,2,512,512,768,768,65536,15,65596.0,182.1223289555411,178.22266783741898,3.8996611181221055,176.19330206686084,172.29411289167575,3.899189175185084,0.014543910740587328,0.02064323909607377,0.9305230298618996,3.872252916746958
125,outdoor,scene_00022,outdoor/scene_00022/scan_00195,val/outdoor/scene_00022/scan_00195/00022_00195_outdoor_310_000.png,11,2,3,768,512,1024,768,65536,8,65568.0,345.08869548606197,337.45759993065144,7.631095555410529,341.96102408996455,334.3273414192918,7.633682670672728,0.01568151696581252,0.02061323279231795,0.9804344349890887,4.070703605514236
126,outdoor,scene_00022,outdoor/scene_00022/scan_00195,val/outdoor/scene_00022/scan_00195/00022_00195_outdoor_320_010.png,0,0,0,0,0,256,256,64713,2324,74009.0,9896.092564381506,9836.762323152816,59.33024122868925,4781.172871704273,4736.1631619881,45.00970971617324,0.03416838503084921,0.006560895660142422,0.5091626798243144,0.6745786557708386
126,outdoor,scene_00022,outdoor/scene_00022/scan_00195,val/outdoor/scene_00022/scan_00195/00022_00195_outdoor_320_010.png,1,0,1,256,0,512,256,63316,1625,69816.0,6192.166827247256,6109.904162338791,82.26266490846487,3104.8063949810876,3039.7455687261954,65.06082625489196,0.04161644216952451,0.006677496460501384,0.4891282322689776,0.6003237188679766
126,outdoor,scene_00022,outdoor/scene_00022/scan_00195,val/outdoor/scene_00022/scan_00195/00022_00195_outdoor_320_010.png,2,0,2,512,0,768,256,62734,2014,70790.0,7378.5049101686745,7238.580992269322,139.92391789935405,3658.1136837973163,3538.4509114915586,119.66277230575749,0.042237257487331606,0.006244821826300837,0.44523878987680326,0.46250911821692525
126,outdoor,scene_00022,outdoor/scene_00022/scan_00195,val/outdoor/scene_00022/scan_00195/00022_00195_outdoor_320_010.png,3,0,3,768,0,1024,256,65536,839,68892.0,2133.9045048073476,2078.4561121121897,55.44839269515817,1316.643745479856,1261.71732170823,54.926423771625956,0.04993139722250352,0.004488347064819612,0.35087075454762523,0.8710088138175321
126,outdoor,scene_00022,outdoor/scene_00022/scan_00195,val/outdoor/scene_00022/scan_00195/00022_00195_outdoor_320_010.png,4,1,0,0,256,256,512,47495,14209,104331.0,92778.15559223993,92670.46795743567,107.68763480425133,21919.22576379123,21888.39003656862,30.83572722260736,0.02312606389947768,0.005136146194048397,0.4098802641589292,1.7400877850343799
126,outdoor,scene_00022,outdoor/scene_00022/scan_00195,val/outdoor/scene_00022/scan_00195/00022_00195_outdoor_320_010.png,5,1,1,256,256,512,512,62083,18778,137195.0,90584.78315885205,91726.9246036578,-1142.141444805743,22012.449534658124,22443.17701062906,-430.72747597093564,0.02509634646144034,0.0036173205848304534,0.390064618494537,1.1829548653713748
126,outdoor,scene_00022,outdoor/scene_00022/scan_00195,val/outdoor/scene_00022/scan_00195/00022_00195_outdoor_320_010.png,6,1,2,512,256,768,512,48209,5035,68349.0,11384.471136433755,11642.073691453332,-257.60255501957744,3391.004905262297,3610.0588735601355,-219.0539682978382,0.028918517918821905,0.0035232994224331324,0.43789905620154246,0.7884443956529626
126,outdoor,scene_00022,outdoor/scene_00022/scan_00195,val/outdoor/scene_00022/scan_00195/00022_00195_outdoor_320_010.png,7,1,3,768,256,1024,512,48563,3091,60927.0,6852.094006733316,6799.872335072367,52.22167166094911,2386.543969626635,2365.5324659645757,21.01150366205943,0.03605748993403058,0.00552905590894051,0.31622493064113744,1.3323140938880242
126,outdoor,scene_00022,outdoor/scene_00022/scan_00195,val/outdoor/scene_00022/scan_00195/00022_00195_outdoor_320_010.png,8,2,0,0,512,256,768,64288,11816,111552.0,100673.301048437,100806.37680148997,-133.07575305296933,23786.71856105311,23813.75027959772,-27.03171854460612,0.014157057382792989,0.027378985795025235,1.1702489646597496,2.1508240217832237
126,outdoor,scene_00022,outdoor/scene_00022/scan_00195,val/outdoor/scene_00022/scan_00195/00022_00195_outdoor_320_010.png,9,2,1,256,512,512,768,65051,7155,93671.0,32305.144817689386,32377.944366887885,-72.79954919849705,8841.068930320902,8854.18421240523,-13.11528208432841,0.014677704004046308,0.028050448214626468,1.1217823444618336,1.55571525143365
126,outdoor,scene_00022,outdoor/scene_00022/scan_00195,val/outdoor/scene_00022/scan_00195/00022_00195_outdoor_320_010.png,10,2,2,512,512,768,768,65362,3952,81170.0,12535.45844456608,12575.484276779713,-40.025832213632064,4617.036812134577,4623.468988004297,-6.43217586971955,0.012530338442009226,0.028981531385598603,1.0077414708431895,1.2595886521806172
126,outdoor,scene_00022,outdoor/scene_00022/scan_00195,val/outdoor/scene_00022/scan_00195/00022_00195_outdoor_320_010.png,11,2,3,768,512,1024,768,65454,1430,71174.0,6193.423663611957,6186.289019399099,7.134644212858468,3295.314725306195,3289.2917858184137,6.0229394877814775,0.015212181959012383,0.02993693411945157,0.8886198102722751,1.52241248957793
127,outdoor,scene_00022,outdoor/scene_00022/scan_00195,val/outdoor/scene_00022/scan_00195/00022_00195_outdoor_340_040.png,0,0,0,0,0,256,256,0,0,0.0,0.0,0.0,0.0,0.0,0.0,0.0,0.006919936450464449,0.0,0.3739774687101004,0.0
127,outdoor,scene_00022,outdoor/scene_00022/scan_00195,val/outdoor/scene_00022/scan_00195/00022_00195_outdoor_340_040.png,1,0,1,256,0,512,256,2012,332,3340.0,1593.7212151626093,1661.0454163595768,-67.32420119696741,508.0892732446422,538.7534771964663,-30.664203951823986,0.009971375198086649,0.0038335223102096893,0.5816993276769714,7.991314501753897e-06
127,outdoor,scene_00022,outdoor/scene_00022/scan_00195,val/outdoor/scene_00022/scan_00195/00022_00195_outdoor_340_040.png,2,0,2,512,0,768,256,9502,2366,18966.0,20892.08253249136,15267.234481112151,5624.848051379207,4839.135602033379,3798.533724201438,1040.6018778319417,0.014611911167862045,0.009316977378652431,0.6087584112829797,0.00024351108291387772
127,outdoor,scene_00022,outdoor/scene_00022/scan_00195,val/outdoor/scene_00022/scan_00195/00022_00195_outdoor_340_040.png,3,0,3,768,0,1024,256,0,0,0.0,0.0,0.0,0.0,0.0,0.0,0.0,0.007622386799780006,0.0,0.5523994959619002,4.894725423110057e-07
127,outdoor,scene_00022,outdoor/scene_00022/scan_00195,val/outdoor/scene_00022/scan_00195/00022_00195_outdoor_340_040.png,4,1,0,0,256,256,512,14981,1021,19065.0,51465.228496902535,47434.6852729564,4030.5432239461406,11196.855120397302,10394.054290439664,802.8008299576379,0.011498997285772335,0.010390510643343174,0.731717561564945,0.005818179701856756
127,outdoor,scene_00022,outdoor/scene_00022/scan_00195,val/outdoor/scene_00022/scan_00195/00022_00195_outdoor_340_040.png,5,1,1,256,256,512,512,49408,4266,66472.0,48524.28922270055,45022.59453351704,3501.6946891835205,15278.366193684005,14509.478125611084,768.88806807292,0.03264942020718008,0.013476861456644812,0.6133971729203105,0.013121205642602891
127,outdoor,scene_00022,outdoor/scene_00022/scan_00195,val/outdoor/scene_00022/scan_00195/00022_00195_outdoor_340_040.png,6,1,2,512,256,768,512,57192,5190,77952.0,25632.505824958043,24975.105338297613,657.400486660426,10726.390171981864,10559.675054615665,166.7151173661991,0.03582060066897288,0.011527960129696181,0.6302694700046293,0.010427820297459077
127,outdoor,scene_00022,outdoor/scene_00022/scan_00195,val/outdoor/scene_00022/scan_00195/00022_00195_outdoor_340_040.png,7,1,3,768,256,1024,512,59176,4086,75520.0,21030.851299119604,20844.562809811952,186.28848930765125,10793.965153383111,10718.308495865293,75.65665751781715,0.04266939010648402,0.01327966943014211,0.6560744007567183,0.00296430354638872
127,outdoor,scene_00022,outdoor/scene_00022/scan_00195,val/outdoor/scene_00022/scan_00195/00022_00195_outdoor_340_040.png,8,2,0,0,512,256,768,61229,12630,111749.0,76122.4626089776,79251.38465524951,-3128.922046271901,22133.373586200138,22369.765179989772,-236.39159378963257,0.02883167515751058,0.040229142831980536,1.5696833471326497,-0.19237730675596065
127,outdoor,scene_00022,outdoor/scene_00022/scan_00195,val/outdoor/scene_00022/scan_00195/00022_00195_outdoor_340_040.png,9,2,1,256,512,512,768,57370,3474,71266.0,38596.52537246478,38717.78625805209,-121.26088558730322,14046.32045366693,14082.405263642475,-36.08480997554415,0.03789893615836341,0.010216157887786468,0.5803378874484477,1.8606879918650279
127,outdoor,scene_00022,outdoor/scene_00022/scan_00195,val/outdoor/scene_00022/scan_00195/00022_00195_outdoor_340_040.png,10,2,2,512,512,768,768,50685,5004,70701.0,42863.55133465542,42889.061492350476,-25.510157695055703,13275.6411437715,13290.884222527022,-15.243078755520763,0.03766989006129341,0.004173565891231831,0.36585639610703113,2.2974709753715183
127,outdoor,scene_00022,outdoor/scene_00022/scan_00195,val/outdoor/scene_00022/scan_00195/00022_00195_outdoor_340_040.png,11,2,3,768,512,1024,768,50578,2827,61886.0,19032.13352777081,19137.497255562746,-105.36372779193263,7916.73322185142,7963.329732427856,-46.59651057643643,0.04166923276628137,0.003167032159248086,0.3263526569026184,2.2739213291538456
128,outdoor,scene_00022,outdoor/scene_00022/scan_00195,val/outdoor/scene_00022/scan_00195/00022_00195_outdoor_350_010.png,0,0,0,0,0,256,256,65536,0,65536.0,1741.5824705211019,1728.2523513758995,13.330119145202495,1741.5824705211019,1728.2523513758995,13.330119145202495,0.02903907250867148,0.0038679545586012385,0.21577819567366138,3.2031644415428233
128,outdoor,scene_00022,outdoor/scene_00022/scan_00195,val/outdoor/scene_00022/scan_00195/00022_00195_outdoor_350_010.png,1,0,1,256,0,512,256,65440,3455,79260.0,22000.351819300457,21969.283017996855,31.0688013036018,7402.554574405702,7354.448244455655,48.10632995004803,0.03262035261361447,0.009135601547156993,0.48715031090721017,1.4179331362711913
128,outdoor,scene_00022,outdoor/scene_00022/scan_00195,val/outdoor/scene_00022/scan_00195/00022_00195_outdoor_350_010.png,2,0,2,512,0,768,256,65240,2339,74596.0,21783.532031886927,21909.19678359991,-125.66475171298023,8126.05584913703,8124.861128468051,1.1947206689791905,0.03831515881378073,0.006252923456889112,0.3601066800645345,0.3659585602232651
128,outdoor,scene_00022,outdoor/scene_00022/scan_00195,val/outdoor/scene_00022/scan_00195/00022_00195_outdoor_350_010.png,3,0,3,768,0,1024,256,64534,845,67914.0,11158.727877248748,11036.318676485493,122.40920076325555,6314.386745578943,6194.208677293814,120.1780682851285,0.034445936508734724,0.0041050116280486135,0.25924145130596904,0.3322420704606382
128,outdoor,scene_00022,outdoor/scene_00022/scan_00195,val/outdoor/scene_00022/scan_00195/00022_00195_outdoor_350_010.png,4,1,0,0,256,256,512,65536,349,66932.0,2811.1359912094185,2648.340678554112,162.79531265530687,2016.5410499286638,1943.9903486474038,72.55070128125999,0.02897898790362801,0.006456723074895634,0.5620877054663512,2.6526430739062854
128,outdoor,scene_00022,outdoor/scene_00022/scan_00195,val/outdoor/scene_00022/scan_00195/00022_00195_outdoor_350_010.png,5,1,1,256,256,512,512,64065,8105,96485.0,74896.12818227222,74933.4811862923,-37.35300402006922,18180.163335854584,18085.00411918536,95.15921666922341,0.037228209638890584,0.043938525303738686,1.0604079991198976,1.6861524540626207
128,outdoor,scene_00022,outdoor/scene_00022/scan_00195,val/outdoor/scene_00022/scan_00195/00022_00195_outdoor_350_010.png,6,1,2,512,256,768,512,62170,17642,132738.0,196579.91273449495,192774.53156338393,3805.381171111019,46094.18415552634,44666.532767917735,1427.6513876086099,0.03980964974889416,0.05225327168862853,0.7647182102254256,0.9116452062224284
128,outdoor,scene_00022,outdoor/scene_00022/scan_00195,val/outdoor/scene_00022/scan_00195/00022_00195_outdoor_350_010.png,7,1,3,768,256,1024,512,47685,6797,74873.0,63547.77590761249,63273.48837701989,274.28753059260197,16902.755884118826,16848.9452242668,53.81065985202387,0.021416139376812172,0.0053141475575532796,0.27715167268923296,0.8187233748681494
128,outdoor,scene_00022,outdoor/scene_00022/scan_00195,val/outdoor/scene_00022/scan_00195/00022_00195_outdoor_350_010.png,8,2,0,0,512,256,768,65502,444,67278.0,4435.839723540668,4343.809630567607,92.03009297306066,3228.8213631731783,3184.6953129791464,44.12605019403239,0.03237527635661915,0.009261619927193938,0.42887734806227695,3.4385087554634537
128,outdoor,scene_00022,outdoor/scene_00022/scan_00195,val/outdoor/scene_00022/scan_00195/00022_00195_outdoor_350_010.png,9,2,1,256,512,512,768,64482,11232,109410.0,84090.18610641272,83565.96384806425,524.2222583484719,20654.519969882756,20397.938890145688,256.58107973706996,0.03430119827358218,0.03318934013605522,0.6675126175803102,2.4402771306583744
128,outdoor,scene_00022,outdoor/scene_00022/scan_00195,val/outdoor/scene_00022/scan_00195/00022_00195_outdoor_350_010.png,10,2,2,512,512,768,768,61989,18792,137157.0,258399.45475250878,258414.24903355865,-14.79428104988449,60693.653264403336,60600.23167773467,93.42158666866436,0.026086003861439767,0.027821352247465528,0.9346013020552736,1.0637067625900936
128,outdoor,scene_00022,outdoor/scene_00022/scan_00195,val/outdoor/scene_00022/scan_00195/00022_00195_outdoor_350_010.png,11,2,3,768,512,1024,768,64866,5699,87662.0,54533.25045349162,54582.02892955805,-48.77847606642059,14194.182738671745,14203.453668805072,-9.270930133324962,0.013086906636251134,0.014153818792170963,0.5801123030140095,0.9764652978933697
129,outdoor,scene_00022,outdoor/scene_00022/scan_00195,val/outdoor/scene_00022/scan_00195/00022_00195_outdoor_350_050.png,0,0,0,0,0,256,256,0,0,0.0,0.0,0.0,0.0,0.0,0.0,0.0,0.007839943250533303,0.0,1e-06,-2.237377405166626e-06
129,outdoor,scene_00022,outdoor/scene_00022/scan_00195,val/outdoor/scene_00022/scan_00195/00022_00195_outdoor_350_050.png,1,0,1,256,0,512,256,0,0,0.0,0.0,0.0,0.0,0.0,0.0,0.0,0.009488447657692169,0.0,1e-06,-2.0903238058090206e-06
129,outdoor,scene_00022,outdoor/scene_00022/scan_00195,val/outdoor/scene_00022/scan_00195/00022_00195_outdoor_350_050.png,2,0,2,512,0,768,256,71,61,315.0,1134.0427044082182,1133.3790606283835,0.663643779834832,259.03011444402773,258.9407583306309,0.0893561133968454,0.00909743573456038,0.00022509467480252553,0.4499963766737368,0.0
129,outdoor,scene_00022,outdoor/scene_00022/scan_00195,val/outdoor/scene_00022/scan_00195/00022_00195_outdoor_350_050.png,3,0,3,768,0,1024,256,0,0,0.0,0.0,0.0,0.0,0.0,0.0,0.0,0.009439627414613128,0.0,0.275253745235759,0.0
129,outdoor,scene_00022,outdoor/scene_00022/scan_00195,val/outdoor/scene_00022/scan_00195/00022_00195_outdoor_350_050.png,4,1,0,0,256,256,512,0,0,0.0,0.0,0.0,0.0,0.0,0.0,0.0,0.007257709656637103,0.0,1.0874733929099587,0.0
129,outdoor,scene_00022,outdoor/scene_00022/scan_00195,val/outdoor/scene_00022/scan_00195/00022_00195_outdoor_350_050.png,5,1,1,256,256,512,512,0,0,0.0,0.0,0.0,0.0,0.0,0.0,0.0,0.006833836762035699,0.0,0.5515160188860344,0.0
129,outdoor,scene_00022,outdoor/scene_00022/scan_00195,val/outdoor/scene_00022/scan_00195/00022_00195_outdoor_350_050.png,6,1,2,512,256,768,512,14179,3364,27635.0,12427.130807367168,12027.221174044716,399.909633322454,3973.2658572558207,3893.4888728807673,79.77698437505339,0.018539331197010737,0.013667066629414033,0.7057531212038248,0.0005383841814542736
129,outdoor,scene_00022,outdoor/scene_00022/scan_00195,val/outdoor/scene_00022/scan_00195/00022_00195_outdoor_350_050.png,7,1,3,768,256,1024,512,4550,999,8546.0,4037.8850839000615,3971.335908623104,66.54917527695802,1361.0011987918774,1337.3736149889285,23.62758380294901,0.010706513912532299,0.009810010466402942,0.6839388738280758,-5.0558967708141924e-05
129,outdoor,scene_00022,outdoor/scene_00022/scan_00195,val/outdoor/scene_00022/scan_00195/00022_00195_outdoor_350_050.png,8,2,0,0,512,256,768,23027,681,25751.0,41920.74359297568,40916.02797518076,1004.7156177949214,29578.416281907168,29301.30018207098,277.11609983618644,0.014794293171596088,0.023670231246276888,1.1629080552427355,0.001392930658835532
129,outdoor,scene_00022,outdoor/scene_00022/scan_00195,val/outdoor/scene_00022/scan_00195/00022_00195_outdoor_350_050.png,9,2,1,256,512,512,768,25173,2277,34281.0,24954.946171338415,24279.554925263797,675.3912460746137,7805.837327774953,7626.836705632742,179.000622142209,0.01673794092068693,0.015479903637931313,0.8445393312413098,0.0035515895167922526
129,outdoor,scene_00022,outdoor/scene_00022/scan_00195,val/outdoor/scene_00022/scan_00195/00022_00195_outdoor_350_050.png,10,2,2,512,512,768,768,56090,5538,78242.0,19222.162064089345,19205.727049124092,16.435014965253803,9278.596812973192,9270.016324177184,8.58048879601086,0.03534912405148683,0.0134543821455255,0.7775243850913477,0.023732858024576732
129,outdoor,scene_00022,outdoor/scene_00022/scan_00195,val/outdoor/scene_00022/scan_00195/00022_00195_outdoor_350_050.png,11,2,3,768,512,1024,768,63019,5691,85783.0,18353.86935090089,18381.593653399043,-27.7243024981506,9680.589586273778,9680.450335775822,0.1392504979553273,0.040425229644070276,0.010379534955849461,0.8215599249397062,-0.04188199871717935
130,outdoor,scene_00022,outdoor/scene_00022/scan_00196,val/outdoor/scene_00022/scan_00196/00022_00196_outdoor_000_010.png,0,0,0,0,0,256,256,63343,3934,79079.0,25080.715986262654,25482.505329029194,-401.7893427665366,19108.971152555667,19605.62311228817,-496.65195973249934,0.029383464456091257,0.02265710273542594,0.14008512712489313,0.6692906452586037
130,outdoor,scene_00022,outdoor/scene_00022/scan_00196,val/outdoor/scene_00022/scan_00196/00022_00196_outdoor_000_010.png,1,0,1,256,0,512,256,46094,6046,70278.0,41795.234657343346,41787.45036033323,7.784297010128427,22300.067896275265,22320.96306026902,-20.89516399375421,0.061475756247746,0.009914271077199454,0.29405481436434106,0.2333398469943994
130,outdoor,scene_00022,outdoor/scene_00022/scan_00196,val/outdoor/scene_00022/scan_00196/00022_00196_outdoor_000_010.png,2,0,2,512,0,768,256,27586,4341,44950.0,33598.94546826207,32192.920226166498,1406.0252420955694,21164.486765061003,20060.745058267894,1103.7417067931087,0.0630311467539543,0.022952714754394872,0.20845820534557088,0.4626071183273651
130,outdoor,scene_00022,outdoor/scene_00022/scan_00196,val/outdoor/scene_00022/scan_00196/00022_00196_outdoor_000_010.png,3,0,3,768,0,1024,256,27129,5076,47433.0,28999.639055079948,28507.796900245572,491.8421548343751,17454.061950575386,17130.831472668662,323.2304779067226,0.07690909329051351,0.04048936886839182,0.5390569817656148,0.639700183655837
130,outdoor,scene_00022,outdoor/scene_00022/scan_00196,val/outdoor/scene_00022/scan_00196/00022_00196_outdoor_000_010.png,4,1,0,0,256,256,512,56008,4878,75520.0,27949.54665321506,27818.78699563999,130.7596575750726,19593.747492608236,19534.49270028934,59.25479231890039,0.0317641419315472,0.020084308351459294,0.5675943898422575,0.5528797914874127
130,outdoor,scene_00022,outdoor/scene_00022/scan_00196,val/outdoor/scene_00022/scan_00196/00022_00196_outdoor_000_010.png,5,1,1,256,256,512,512,59223,5999,83219.0,27252.506866588003,27170.293607240597,82.21325934740517,17509.70185528889,17369.429540318335,140.2723149705572,0.04443163350121976,0.018863012708599886,0.5151256394615575,0.33336453809865774
130,outdoor,scene_00022,outdoor/scene_00022/scan_00196,val/outdoor/scene_00022/scan_00196/00022_00196_outdoor_000_010.png,6,1,2,512,256,768,512,58035,5270,79115.0,21716.307652171687,21634.010574438653,82.29707773303502,14803.719612206662,14789.118687269987,14.600924936673977,0.06321433307589273,0.01662024277467352,0.6260162577507062,0.16159770185987793
130,outdoor,scene_00022,outdoor/scene_00022/scan_00196,val/outdoor/scene_00022/scan_00196/00022_00196_outdoor_000_010.png,7,1,3,768,256,1024,512,58158,4533,76290.0,26141.120392731173,26461.23762625819,-320.11723352701654,19065.051705586375,19248.18015529991,-183.12844971353684,0.06271148161329747,0.029356856199617906,0.729457314608581,0.3601243548220958
130,outdoor,scene_00022,outdoor/scene_00022/scan_00196,val/outdoor/scene_00022/scan_00196/00022_00196_outdoor_000_010.png,8,2,0,0,512,256,768,64879,7670,95559.0,29439.03256709958,29486.939027028227,-47.90645992864987,16760.092238485264,16813.479819498632,-53.38758101336973,0.04543963154294665,0.022575219980691556,1.1031961480500845,1.2290067763154844
130,outdoor,scene_00022,outdoor/scene_00022/scan_00196,val/outdoor/scene_00022/scan_00196/00022_00196_outdoor_000_010.png,9,2,1,256,512,512,768,64449,7312,93697.0,25030.212456155747,25030.48507376729,-0.2726176115411989,16157.160464256303,16157.411389106142,-0.2509248498379588,0.04317809622626707,0.0194683553388489,0.9991514496592296,0.97039036063448
130,outdoor,scene_00022,outdoor/scene_00022/scan_00196,val/outdoor/scene_00022/scan_00196/00022_00196_outdoor_000_010.png,10,2,2,512,512,768,768,63967,5352,85375.0,19434.846718280798,19443.91743325963,-9.07071497883014,14169.178227802186,14178.83810970864,-9.65988190645395,0.05025444252512001,0.01915650374691506,1.0514953710562533,1.113298614099793
130,outdoor,scene_00022,outdoor/scene_00022/scan_00196,val/outdoor/scene_00022/scan_00196/00022_00196_outdoor_000_010.png,11,2,3,768,512,1024,768,63752,4678,82464.0,18439.831725892218,18458.376937280944,-18.545211388722855,14085.800248986345,14102.979554003094,-17.179305016751144,0.05501936526268945,0.019138385991713674,1.1279171544395408,1.5264468448843465
131,outdoor,scene_00022,outdoor/scene_00022/scan_00196,val/outdoor/scene_00022/scan_00196/00022_00196_outdoor_020_030.png,0,0,0,0,0,256,256,41393,4509,59429.0,33812.50083685971,33773.54475935409,38.95607750562067,10878.64061508,10934.613201547629,-55.972586467627224,0.031148227978275746,0.011848664527276651,0.2768618273473657,1.2887917179121502
131,outdoor,scene_00022,outdoor/scene_00022/scan_00196,val/outdoor/scene_00022/scan_00196/00022_00196_outdoor_020_030.png,1,0,1,256,0,512,256,46202,7571,76486.0,97232.99508922608,95348.7930961143,1884.2019931117818,33045.13583204601,32431.713292533634,613.4225395123779,0.0380739660790846,0.088782973866494,1.1246344548584903,0.04872473347261922
131,outdoor,scene_00022,outdoor/scene_00022/scan_00196,val/outdoor/scene_00022/scan_00196/00022_00196_outdoor_020_030.png,2,0,2,512,0,768,256,19226,3237,32174.0,76911.32400578956,69749.18380824498,7162.140197544577,31262.605332654053,29185.992708644106,2076.6126240099493,0.029774288849631035,0.084063734068659,0.8297016503591036,0.0039850596130668586
131,outdoor,scene_00022,outdoor/scene_00022/scan_00196,val/outdoor/scene_00022/scan_00196/00022_00196_outdoor_020_030.png,3,0,3,768,0,1024,256,5794,325,7094.0,17793.057891739256,17776.850821793723,16.207069945533057,14009.426883210717,14002.555783284613,6.871099926104636,0.012642636796078447,0.002398238542122442,0.41987681108545055,-0.0018512531131266883
131,outdoor,scene_00022,outdoor/scene_00022/scan_00196,val/outdoor/scene_00022/scan_00196/00022_00196_outdoor_020_030.png,4,1,0,0,256,256,512,57599,4199,74395.0,37590.88594091497,37643.93196320176,-53.046022286776164,15191.435791614866,15202.876178419596,-11.44038680472858,0.035321212763672866,0.004505839257065116,0.273224527176338,1.3032196577111717
131,outdoor,scene_00022,outdoor/scene_00022/scan_00196,val/outdoor/scene_00022/scan_00196/00022_00196_outdoor_020_030.png,5,1,1,256,256,512,512,60746,2327,70054.0,49367.81545374273,49736.73670469728,-368.92125095454116,25700.940599929767,26058.085072687376,-357.1444727576131,0.03105423614236378,0.029917046087410196,0.6987451630924951,-0.016824467570055537
131,outdoor,scene_00022,outdoor/scene_00022/scan_00196,val/outdoor/scene_00022/scan_00196/00022_00196_outdoor_020_030.png,6,1,2,512,256,768,512,64691,4607,83119.0,31673.555316828322,31258.224229605035,415.3310872232849,14622.710405651946,14624.7014831032,-1.9910774512509093,0.04462861123816129,0.02176020583321612,0.6451325896970219,-0.19638441069060603
131,outdoor,scene_00022,outdoor/scene_00022/scan_00196,val/outdoor/scene_00022/scan_00196/00022_00196_outdoor_020_030.png,7,1,3,768,256,1024,512,52267,5124,72763.0,33407.172781549525,33415.0384388199,-7.865657270384595,19790.48445195819,19768.945267315987,21.539184642200855,0.057699549042548696,0.0053080853864951195,0.3811900751052486,0.04949292697662307
131,outdoor,scene_00022,outdoor/scene_00022/scan_00196,val/outdoor/scene_00022/scan_00196/00022_00196_outdoor_020_030.png,8,2,0,0,512,256,768,51093,8501,85097.0,62602.383380185114,62711.39545420137,-109.01207401625166,21969.38633933602,22008.24126039147,-38.854921055453175,0.03882750793435355,0.0072807973168754715,0.2891331018689922,1.6639203696745661
131,outdoor,scene_00022,outdoor/scene_00022/scan_00196,val/outdoor/scene_00022/scan_00196/00022_00196_outdoor_020_030.png,9,2,1,256,512,512,768,62275,4556,80499.0,31248.27228316951,32968.800105818584,-1720.5278226490764,17453.392145605212,18336.965412090605,-883.5732664853938,0.03313459370463098,0.032632553762741975,0.6382117657329331,0.6799631022572907
131,outdoor,scene_00022,outdoor/scene_00022/scan_00196,val/outdoor/scene_00022/scan_00196/00022_00196_outdoor_020_030.png,10,2,2,512,512,768,768,57775,4221,74659.0,25625.281263896606,25681.023211648975,-55.74194775236475,16374.152006699533,16389.212202240276,-15.060195540747708,0.03456516537819341,0.004204967767580547,0.5750534907220175,0.5041581653998971
131,outdoor,scene_00022,outdoor/scene_00022/scan_00196,val/outdoor/scene_00022/scan_00196/00022_00196_outdoor_020_030.png,11,2,3,768,512,1024,768,39559,6567,65827.0,54104.97102894493,54123.2378458262,-18.266816881273048,29181.251339727496,29215.836699348736,-34.58535962123746,0.059753296675140226,0.0046011043714953995,0.2226980918240197,1.104425577351593
132,outdoor,scene_00022,outdoor/scene_00022/scan_00196,val/outdoor/scene_00022/scan_00196/00022_00196_outdoor_040_030.png,0,0,0,0,0,256,256,62776,8177,95484.0,92205.89811706264,90615.84691869226,1590.051198370395,26646.92799167339,26056.609354223816,590.3186374495735,0.030642572284499767,0.03572606853929149,0.5917191002072956,1.4868786361984303
132,outdoor,scene_00022,outdoor/scene_00022/scan_00196,val/outdoor/scene_00022/scan_00196/00022_00196_outdoor_040_030.png,1,0,1,256,0,512,256,43227,7432,72955.0,71604.73986319665,70500.91650136153,1103.8233618351285,17845.443928611345,17636.413014983358,209.03091362798597,0.03315184888948935,0.03061227733723747,0.4548916967122551,1.150967928627551
132,outdoor,scene_00022,outdoor/scene_00022/scan_00196,val/outdoor/scene_00022/scan_00196/00022_00196_outdoor_040_030.png,2,0,2,512,0,768,256,43026,6018,67098.0,36163.57768915825,34327.53203522212,1836.0456539361353,10190.156172540244,9920.64907366393,269.5070988763139,0.03703067725744943,0.03256936373539856,0.6222665396924205,0.9734356819716312
132,outdoor,scene_00022,outdoor/scene_00022/scan_00196,val/outdoor/scene_00022/scan_00196/00022_00196_outdoor_040_030.png,3,0,3,768,0,1024,256,33671,8304,66887.0,246996.08678290228,237999.486547363,8996.600235539268,81716.46647423573,78244.63971835877,3471.8267558769576,0.03703181286535581,0.10812120825978627,1.4398783884328739,-0.04233011532862442
132,outdoor,scene_00022,outdoor/scene_00022/scan_00196,val/outdoor/scene_00022/scan_00196/00022_00196_outdoor_040_030.png,4,1,0,0,256,256,512,65509,884,69045.0,7914.833987163372,7981.904395413215,-67.07040824984375,4449.131999835615,4505.618605763307,-56.48660592769244,0.022390155276514168,0.005237487308107641,0.37324371981203375,1.3915816127675076
132,outdoor,scene_00022,outdoor/scene_00022/scan_00196,val/outdoor/scene_00022/scan_00196/00022_00196_outdoor_040_030.png,5,1,1,256,256,512,512,58259,6267,83327.0,51509.56206926031,51520.888356859294,-11.32628759898983,16095.059032675788,16094.49290566439,0.5661270113984251,0.023369341641671943,0.0035191338634183024,0.25530048217937545,1.5279321117684237
132,outdoor,scene_00022,outdoor/scene_00022/scan_00196,val/outdoor/scene_00022/scan_00196/00022_00196_outdoor_040_030.png,6,1,2,512,256,768,512,62150,3104,74566.0,18608.45889382126,18712.659353855186,-104.20046003392919,7106.605222525913,7133.7033121382465,-27.098089612333787,0.030196564265400995,0.0041552207198051255,0.36875094763321115,1.1009267418225674
132,outdoor,scene_00022,outdoor/scene_00022/scan_00196,val/outdoor/scene_00022/scan_00196/00022_00196_outdoor_040_030.png,7,1,3,768,256,1024,512,61798,3537,75946.0,74657.78927568518,73403.0119463325,1254.777329352667,32845.11616174916,32693.449826002194,151.66633574696903,0.03399351205909136,0.04744628850050721,0.9418261850888509,-0.1379765663945114
132,outdoor,scene_00022,outdoor/scene_00022/scan_00196,val/outdoor/scene_00022/scan_00196/00022_00196_outdoor_040_030.png,8,2,0,0,512,256,768,65475,922,69163.0,6798.3555757155755,6898.387312453622,-100.03173673804702,3707.9092385782133,3802.7840978482777,-94.87485927006479,0.021591035064622732,0.0060485138469609555,0.3961004804279561,1.7775337241720695
132,outdoor,scene_00022,outdoor/scene_00022/scan_00196,val/outdoor/scene_00022/scan_00196/00022_00196_outdoor_040_030.png,9,2,1,256,512,512,768,62284,7200,91084.0,43240.21845813788,43285.14669140143,-44.92823326355001,15132.888503465627,15128.8903006297,3.998202835924374,0.016936062378350405,0.005074330174813274,0.27040174616646656,1.7097913994067273
132,outdoor,scene_00022,outdoor/scene_00022/scan_00196,val/outdoor/scene_00022/scan_00196/00022_00196_outdoor_040_030.png,10,2,2,512,512,768,768,49902,11158,94534.0,71329.47400287527,71316.57087116016,12.903131715112403,22322.726867468544,22316.687032476002,6.039834992540586,0.04183543966909133,0.009600416849804142,0.3583662033226678,1.6053838347373326
132,outdoor,scene_00022,outdoor/scene_00022/scan_00196,val/outdoor/scene_00022/scan_00196/00022_00196_outdoor_040_030.png,11,2,3,768,512,1024,768,64176,4163,80828.0,26682.176032272233,27796.269658745616,-1114.0936264733841,15439.328384316643,15879.172935141247,-439.8445508246044,0.031073692050644707,0.038178784245368025,0.8596938536373938,0.7456048776142913
133,outdoor,scene_00022,outdoor/scene_00022/scan_00196,val/outdoor/scene_00022/scan_00196/00022_00196_outdoor_100_030.png,0,0,0,0,0,256,256,32396,8680,67116.0,171149.3966336885,169057.72737717215,2091.669256516354,53007.32516286016,52342.07641884722,665.248744012943,0.05129419933829864,0.06763215352019843,0.6504250033146982,0.03648507276345501
133,outdoor,scene_00022,outdoor/scene_00022/scan_00196,val/outdoor/scene_00022/scan_00196/00022_00196_outdoor_100_030.png,1,0,1,256,0,512,256,48757,4066,65021.0,102072.18435956477,97388.66380469163,4683.520554873134,30730.520235959706,29610.436694576598,1120.0835413831064,0.03163949293163856,0.05474698871752947,0.6133438965765127,0.09035584821777996
133,outdoor,scene_00022,outdoor/scene_00022/scan_00196,val/outdoor/scene_00022/scan_00196/00022_00196_outdoor_100_030.png,2,0,2,512,0,768,256,58767,7852,90175.0,100628.43721568729,100194.39384323488,434.0433724524328,25328.266982980047,25161.192200228,167.0747827520473,0.03559469375188668,0.07370633565689004,1.052316245430784,1.1006158098648378
133,outdoor,scene_00022,outdoor/scene_00022/scan_00196,val/outdoor/scene_00022/scan_00196/00022_00196_outdoor_100_030.png,3,0,3,768,0,1024,256,61418,3062,73666.0,49527.78385519123,49289.36238359646,238.42147159475638,13534.46364869453,13385.792994205578,148.67065448895002,0.025170012486189712,0.05160980694608511,0.9343725391169779,1.6410032818807316
133,outdoor,scene_00022,outdoor/scene_00022/scan_00196,val/outdoor/scene_00022/scan_00196/00022_00196_outdoor_100_030.png,4,1,0,0,256,256,512,50694,12239,99650.0,160718.3312337523,160436.66592541948,281.6653083328132,52701.9734798389,52518.92546226573,183.04801757317136,0.03490744391242671,0.014427525783958168,0.4483738834381555,0.278618840836801
133,outdoor,scene_00022,outdoor/scene_00022/scan_00196,val/outdoor/scene_00022/scan_00196/00022_00196_outdoor_100_030.png,5,1,1,256,256,512,512,60501,5763,83553.0,60235.66826140272,60150.42519892394,85.24306247878047,18933.583855446737,18888.38539568772,45.198459759015805,0.03186926451404225,0.0035785065121538154,0.2825221329959506,0.8563538879480322
133,outdoor,scene_00022,outdoor/scene_00022/scan_00196,val/outdoor/scene_00022/scan_00196/00022_00196_outdoor_100_030.png,6,1,2,512,256,768,512,65103,303,66315.0,4062.873451119007,4077.6817347566302,-14.808283637623735,2639.0201458517945,2647.6357187712624,-8.615572919467681,0.028385590489860474,0.0050959715661367255,0.2748910484244336,1.370116280305683
133,outdoor,scene_00022,outdoor/scene_00022/scan_00196,val/outdoor/scene_00022/scan_00196/00022_00196_outdoor_100_030.png,7,1,3,768,256,1024,512,59426,972,63314.0,13680.146285479841,13681.880346169182,-1.7340606893415966,4488.024660499341,4482.931781494413,5.092879004927046,0.021120588219453198,0.0030395611206501037,0.2801118086196094,1.6877027429749332
133,outdoor,scene_00022,outdoor/scene_00022/scan_00196,val/outdoor/scene_00022/scan_00196/00022_00196_outdoor_100_030.png,8,2,0,0,512,256,768,39346,16586,105690.0,256904.0190407163,257020.24948154364,-116.2304408273338,74789.70546609286,74834.11027239905,-44.40480630618495,0.0160576406884348,0.005470544697017428,0.13675075328825181,1.4425663539687053
133,outdoor,scene_00022,outdoor/scene_00022/scan_00196,val/outdoor/scene_00022/scan_00196/00022_00196_outdoor_100_030.png,9,2,1,256,512,512,768,56898,5028,77010.0,58771.72040603519,58727.75696676089,43.96343927429361,18774.67213403944,18751.652203231894,23.01993080754637,0.019466010633226977,0.009175786771377613,0.3204423211281077,1.2167692493847868
133,outdoor,scene_00022,outdoor/scene_00022/scan_00196,val/outdoor/scene_00022/scan_00196/00022_00196_outdoor_100_030.png,10,2,2,512,512,768,768,57356,114,57812.0,2890.3312917895837,2877.434309968282,12.896981821301225,2398.716214812301,2386.5523669824315,12.16384782986938,0.02429902133638923,0.0036566248385943084,0.281873752159535,1.5523991381824023
133,outdoor,scene_00022,outdoor/scene_00022/scan_00196,val/outdoor/scene_00022/scan_00196/00022_00196_outdoor_100_030.png,11,2,3,768,512,1024,768,57151,19,57227.0,1107.6644999491452,1101.4479589456844,6.216541003461,1069.9187135600089,1063.6284533980952,6.290260161913885,0.0193661605279916,0.0029520298212130924,0.3725932978878254,1.6498973723446795
134,outdoor,scene_00022,outdoor/scene_00022/scan_00196,val/outdoor/scene_00022/scan_00196/00022_00196_outdoor_180_000.png,0,0,0,0,0,256,256,64371,4423,82063.0,29620.128215951117,29526.915576312997,93.21263963811685,23886.90037399807,23828.020633016407,58.879740981659936,0.02849606518549903,0.010394861758516406,0.40218981863656333,0.2511050330216613
134,outdoor,scene_00022,outdoor/scene_00022/scan_00196,val/outdoor/scene_00022/scan_00196/00022_00196_outdoor_180_000.png,1,0,1,256,0,512,256,57592,5341,78956.0,26316.056647085807,26343.84359280195,-27.78694571614449,20881.3081583705,20895.32960678501,-14.021448414514959,0.02386739054158489,0.008535760308595233,0.31186014737173284,0.05195441129943072
134,outdoor,scene_00022,outdoor/scene_00022/scan_00196,val/outdoor/scene_00022/scan_00196/00022_00196_outdoor_180_000.png,2,0,2,512,0,768,256,54188,3897,69776.0,22727.848575928176,22487.386794922837,240.4617810053357,17721.461273826215,17615.809071139098,105.65220268711666,0.012778640823578699,0.01288584132870214,0.37363100201315874,0.045986013947783816
134,outdoor,scene_00022,outdoor/scene_00022/scan_00196,val/outdoor/scene_00022/scan_00196/00022_00196_outdoor_180_000.png,3,0,3,768,0,1024,256,55750,4362,73198.0,22763.74107504011,22802.28447072045,-38.543395680338726,18809.865106148965,18880.452820029077,-70.58771388011408,0.01367575521883807,0.005820395021843318,0.28225915649586203,-0.004526659538752775
134,outdoor,scene_00022,outdoor/scene_00022/scan_00196,val/outdoor/scene_00022/scan_00196/00022_00196_outdoor_180_000.png,4,1,0,0,256,256,512,64843,9639,103399.0,36191.60235024357,36207.355898151916,-15.753547908343522,17853.303749444272,17856.955941670734,-3.6521922264607714,0.02415512675439317,0.014642347989607956,0.6390770277130724,0.9255897042542972
134,outdoor,scene_00022,outdoor/scene_00022/scan_00196,val/outdoor/scene_00022/scan_00196/00022_00196_outdoor_180_000.png,5,1,1,256,256,512,512,64881,8715,99741.0,30334.272913620072,30394.16255721775,-59.88964359768226,17011.56006916031,17039.673582134594,-28.11351297427979,0.028547035266527236,0.014861362130406938,0.6337619603523271,0.8729225044791535
134,outdoor,scene_00022,outdoor/scene_00022/scan_00196,val/outdoor/scene_00022/scan_00196/00022_00196_outdoor_180_000.png,6,1,2,512,256,768,512,64925,8701,99729.0,30384.685797420163,30408.65588061177,-23.970083191603322,17983.10913045949,17995.74267065787,-12.633540198377077,0.020272243132625135,0.014900266431333936,0.6644754805584163,0.6438424799935338
134,outdoor,scene_00022,outdoor/scene_00022/scan_00196,val/outdoor/scene_00022/scan_00196/00022_00196_outdoor_180_000.png,7,1,3,768,256,1024,512,64978,7977,96886.0,31378.03886098717,31363.90066073122,14.138200255949144,18804.636490173973,18796.535173795244,8.101316378730846,0.026513714040406804,0.015235049646423957,0.698636360482915,0.48225489337273364
134,outdoor,scene_00022,outdoor/scene_00022/scan_00196,val/outdoor/scene_00022/scan_00196/00022_00196_outdoor_180_000.png,8,2,0,0,512,256,768,65500,6595,91880.0,23243.954029568074,23237.888113462788,6.065916105288116,11562.023359465882,11556.436232325634,5.587127140250078,0.042012729415287484,0.015996459050041413,1.0432396925420777,4.361022916439735
134,outdoor,scene_00022,outdoor/scene_00022/scan_00196,val/outdoor/scene_00022/scan_00196/00022_00196_outdoor_180_000.png,9,2,1,256,512,512,768,65498,6394,91074.0,22510.88125467246,22501.137826293743,9.74342837871377,11611.741183213559,11605.314075526248,6.427107687309133,0.04363510642842156,0.016103083920033442,1.0090866950529893,3.963498814178514
134,outdoor,scene_00022,outdoor/scene_00022/scan_00196,val/outdoor/scene_00022/scan_00196/00022_00196_outdoor_180_000.png,10,2,2,512,512,768,768,65517,4789,84673.0,17982.145029401203,17977.534134775407,4.610894625794566,10372.462156457243,10367.351357761472,5.110798695771382,0.0335926789840026,0.0157537788568175,1.0270257961233944,3.9580508852265246
134,outdoor,scene_00022,outdoor/scene_00022/scan_00196,val/outdoor/scene_00022/scan_00196/00022_00196_outdoor_180_000.png,11,2,3,768,512,1024,768,65506,4475,83406.0,18494.537187972805,18499.443045958767,-4.905857985960952,10913.484643813295,10914.958797870197,-1.4741540569020395,0.037974866045797584,0.01598849463733416,1.2356519537194282,4.185528379990407
135,outdoor,scene_00022,outdoor/scene_00022/scan_00196,val/outdoor/scene_00022/scan_00196/00022_00196_outdoor_180_020.png,0,0,0,0,0,256,256,52757,5905,76377.0,44505.60366113783,46121.92196907137,-1616.3183079335402,22866.687777707688,23289.50518738615,-422.81740967846054,0.0392596597091718,0.060184272695562466,1.0075961147460253,0.4517541895051939
135,outdoor,scene_00022,outdoor/scene_00022/scan_00196,val/outdoor/scene_00022/scan_00196/00022_00196_outdoor_180_020.png,1,0,1,256,0,512,256,37638,6338,62990.0,62227.628764425855,58218.594561117716,4009.0342033081283,33777.63084183491,31290.470770954387,2487.1600708805177,0.053316261083747526,0.09132010815228014,0.8648292124490055,0.10047000277979098
135,outdoor,scene_00022,outdoor/scene_00022/scan_00196,val/outdoor/scene_00022/scan_00196/00022_00196_outdoor_180_020.png,2,0,2,512,0,768,256,43116,5544,65292.0,43818.22405540924,38914.348810528536,4903.875244880706,25133.39246012275,21415.072692160968,3718.3197679617797,0.04446107681614615,0.09733671416249425,0.9087265009701871,0.11099565044727773
135,outdoor,scene_00022,outdoor/scene_00022/scan_00196,val/outdoor/scene_00022/scan_00196/00022_00196_outdoor_180_020.png,3,0,3,768,0,1024,256,34451,7255,63471.0,56749.366153211966,54985.88398718678,1763.4821660251848,34145.19082730342,32606.315148442016,1538.8756788614105,0.043892925682378105,0.08566677600327442,0.9213756979008758,0.046338352336460234
135,outdoor,scene_00022,outdoor/scene_00022/scan_00196,val/outdoor/scene_00022/scan_00196/00022_00196_outdoor_180_020.png,4,1,0,0,256,256,512,64888,2202,73696.0,17400.69005860712,17335.88153495939,64.80852364773092,14103.60913605918,14136.611792697984,-33.00265663880277,0.02888870617937996,0.019541132421165047,0.8677671178581081,0.5838527915075948
135,outdoor,scene_00022,outdoor/scene_00022/scan_00196,val/outdoor/scene_00022/scan_00196/00022_00196_outdoor_180_020.png,5,1,1,256,256,512,512,57929,7649,88525.0,27086.577164699724,27126.93896361511,-40.36179891538367,16287.893497782075,16333.005701355347,-45.11220357327111,0.03453396010117843,0.023306074231434222,0.42235173541430004,0.4458152408808175
135,outdoor,scene_00022,outdoor/scene_00022/scan_00196,val/outdoor/scene_00022/scan_00196/00022_00196_outdoor_180_020.png,6,1,2,512,256,768,512,56539,6014,80595.0,26338.95260726127,25841.46048091018,497.4921263510946,15576.598771451509,15269.050545599337,307.54822585217414,0.015960557096044097,0.02840998771928436,0.6671940897807113,0.21511390468024097
135,outdoor,scene_00022,outdoor/scene_00022/scan_00196,val/outdoor/scene_00022/scan_00196/00022_00196_outdoor_180_020.png,7,1,3,768,256,1024,512,58919,4999,78915.0,23939.431386039163,24093.402775390532,-153.97138935136752,17509.123583545384,17590.551870674437,-81.4282871290543,0.015598131104150256,0.00553187793740738,0.4577140408656371,0.04033997249131362
135,outdoor,scene_00022,outdoor/scene_00022/scan_00196,val/outdoor/scene_00022/scan_00196/00022_00196_outdoor_180_020.png,8,2,0,0,512,256,768,63900,5055,84120.0,39907.70139075621,40356.289152242935,-448.5877614867277,26040.202437407705,26268.396113896262,-228.19367648855265,0.027304158077703252,0.0216351774441253,0.6288321510215119,1.2041968434909318
135,outdoor,scene_00022,outdoor/scene_00022/scan_00196,val/outdoor/scene_00022/scan_00196/00022_00196_outdoor_180_020.png,9,2,1,256,512,512,768,57502,5242,78470.0,42674.875308050105,42589.269278241816,85.60602980827942,31341.05285786364,31301.243034056788,39.80982380685518,0.022467814671028964,0.018604658693351265,0.6011923147133474,0.44510409055110295
135,outdoor,scene_00022,outdoor/scene_00022/scan_00196,val/outdoor/scene_00022/scan_00196/00022_00196_outdoor_180_020.png,10,2,2,512,512,768,768,55306,4031,71430.0,33369.29676912442,33328.10622987244,41.19053925197661,24559.720602017194,24486.48686777139,73.23373424580178,0.013698260180313625,0.02328876875677713,0.7331701600079428,0.4969512643018313
135,outdoor,scene_00022,outdoor/scene_00022/scan_00196,val/outdoor/scene_00022/scan_00196/00022_00196_outdoor_180_020.png,11,2,3,768,512,1024,768,56535,3508,70567.0,29429.959577481863,29445.048276345988,-15.088698864120637,25103.52161980681,25116.355653036615,-12.834033229807348,0.013886980424107857,0.01556517813723153,0.6014334926174184,0.3853442059655258
136,outdoor,scene_00022,outdoor/scene_00022/scan_00196,val/outdoor/scene_00022/scan_00196/00022_00196_outdoor_200_000.png,0,0,0,0,0,256,256,64742,4875,84242.0,30357.804469813327,30337.738785742284,20.065684071044792,20319.51007935947,20327.252714447815,-7.742635088342352,0.02778298768125785,0.0044623442881701995,0.2833688453751597,0.14305420227508342
136,outdoor,scene_00022,outdoor/scene_00022/scan_00196,val/outdoor/scene_00022/scan_00196/00022_00196_outdoor_200_000.png,1,0,1,256,0,512,256,64870,4719,83746.0,29790.1655592133,29714.680161726537,75.48539748676231,21204.08126576092,21192.115657625392,11.965608135528454,0.029199159218911756,0.016794404398352284,0.39424574181351196,0.15392494497116985
136,outdoor,scene_00022,outdoor/scene_00022/scan_00196,val/outdoor/scene_00022/scan_00196/00022_00196_outdoor_200_000.png,2,0,2,512,0,768,256,64160,3976,80064.0,28884.45657783631,28772.367101018797,112.08947681751098,23225.76692278546,23189.62530164571,36.141621139755536,0.02902454024031957,0.010971264111456132,0.4045144361525028,-0.0021327223371952345
136,outdoor,scene_00022,outdoor/scene_00022/scan_00196,val/outdoor/scene_00022/scan_00196/00022_00196_outdoor_200_000.png,3,0,3,768,0,1024,256,56303,3889,71859.0,23747.992383981826,23794.736540230107,-46.744156248277264,19639.082395725618,19664.51065489858,-25.42825917295985,0.022437313670639076,0.00880986680010864,0.3271271246945549,-0.023615197889186257
136,outdoor,scene_00022,outdoor/scene_00022/scan_00196,val/outdoor/scene_00022/scan_00196/00022_00196_outdoor_200_000.png,4,1,0,0,256,256,512,64352,15371,125836.0,91062.39342620093,91082.26660471108,-19.873178510155675,28856.480211539652,28861.631219545434,-5.15100800577735,0.034124985325359534,0.01580790855174205,0.6839972864191073,0.44229949723367684
136,outdoor,scene_00022,outdoor/scene_00022/scan_00196,val/outdoor/scene_00022/scan_00196/00022_00196_outdoor_200_000.png,5,1,1,256,256,512,512,64428,11631,110952.0,55391.60652070139,55404.76578583748,-13.159265136091644,21145.68569906785,21150.670707329722,-4.985008261871352,0.032584841493145174,0.01553287492251763,0.6678787549130778,0.5863183944546442
136,outdoor,scene_00022,outdoor/scene_00022/scan_00196,val/outdoor/scene_00022/scan_00196/00022_00196_outdoor_200_000.png,6,1,2,512,256,768,512,64894,7760,95934.0,34758.398874651866,34794.825309569336,-36.426434917474424,18773.420948256393,18791.09172296618,-17.670774709782865,0.026864955588330377,0.01580410590813751,0.6679295218826039,0.6760555022696801
136,outdoor,scene_00022,outdoor/scene_00022/scan_00196,val/outdoor/scene_00022/scan_00196/00022_00196_outdoor_200_000.png,7,1,3,768,256,1024,512,64752,5647,87340.0,26309.296144147487,26370.727706779813,-61.43156263232543,17356.220690224654,17392.183216747067,-35.96252652241059,0.02603872357303612,0.016111900366871892,0.7736452553869517,0.7447235194994115
136,outdoor,scene_00022,outdoor/scene_00022/scan_00196,val/outdoor/scene_00022/scan_00196/00022_00196_outdoor_200_000.png,8,2,0,0,512,256,768,65500,5436,87244.0,25532.425546398263,25526.316150010163,6.10939638809651,12148.413764431552,12143.074810358848,5.3389540727014175,0.04400504903275507,0.016792749694604075,1.0895382228536552,4.264176755091545
136,outdoor,scene_00022,outdoor/scene_00022/scan_00196,val/outdoor/scene_00022/scan_00196/00022_00196_outdoor_200_000.png,9,2,1,256,512,512,768,65506,4960,85346.0,21840.747119410647,21825.954681669526,14.792437741125294,11206.44503391879,11198.538702864636,7.906331054154608,0.046114895872536095,0.016875313215415633,1.0644198896035544,4.014106460956317
136,outdoor,scene_00022,outdoor/scene_00022/scan_00196,val/outdoor/scene_00022/scan_00196/00022_00196_outdoor_200_000.png,10,2,2,512,512,768,768,65488,5133,86020.0,21794.95051410705,21795.320644040814,-0.3701299337615249,11932.986282705873,11934.102683578836,-1.1164008729613268,0.04484833856089693,0.016831682366203075,1.0698311727286838,4.0453108955728645
136,outdoor,scene_00022,outdoor/scene_00022/scan_00196,val/outdoor/scene_00022/scan_00196/00022_00196_outdoor_200_000.png,11,2,3,768,512,1024,768,65500,3636,80044.0,17766.078061286782,17756.173543856134,9.904517430645704,11371.560815770124,11361.813138299462,9.747677470663422,0.03932853213175277,0.016807598842104574,1.0505514072001176,4.467369969795603
137,outdoor,scene_00022,outdoor/scene_00022/scan_00196,val/outdoor/scene_00022/scan_00196/00022_00196_outdoor_220_000.png,0,0,0,0,0,256,256,62866,8113,95318.0,93148.32185482694,92930.72169885517,217.60015597177005,35558.45864085975,35485.3677242383,73.0909166214492,0.025510293675353117,0.0038505953641038283,0.27895799073433475,0.11735699045344247
137,outdoor,scene_00022,outdoor/scene_00022/scan_00196,val/outdoor/scene_00022/scan_00196/00022_00196_outdoor_220_000.png,1,0,1,256,0,512,256,64411,5891,87975.0,46014.85635065097,46008.266940337024,6.589410313934611,23748.930823280465,23735.228914470652,13.701908809814103,0.03526640472669781,0.008540815612093303,0.3087040676537044,0.024590345238219954
137,outdoor,scene_00022,outdoor/scene_00022/scan_00196,val/outdoor/scene_00022/scan_00196/00022_00196_outdoor_220_000.png,2,0,2,512,0,768,256,64763,3859,80199.0,28483.84333736398,28473.380274269424,10.463063094552279,19864.310132678147,19883.059490726715,-18.749358048569327,0.027857357383555284,0.009518032030425408,0.31936289729107925,0.03869340130171734
137,outdoor,scene_00022,outdoor/scene_00022/scan_00196,val/outdoor/scene_00022/scan_00196/00022_00196_outdoor_220_000.png,3,0,3,768,0,1024,256,64987,2086,73331.0,24380.291157668093,24187.98524279282,192.30591487527587,20191.718798836097,20168.544495646376,23.17430318972208,0.028873776403779257,0.016000360655038095,0.466129578738315,0.11655488741401178
137,outdoor,scene_00022,outdoor/scene_00022/scan_00196,val/outdoor/scene_00022/scan_00196/00022_00196_outdoor_220_000.png,4,1,0,0,256,256,512,64087,16965,131947.0,178931.5458256444,179126.42808507645,-194.882259432108,47946.56491079426,47991.54449290253,-44.979582108277434,0.03815082846800602,0.01723048404832754,0.7001109964920634,0.4942140449744513
137,outdoor,scene_00022,outdoor/scene_00022/scan_00196,val/outdoor/scene_00022/scan_00196/00022_00196_outdoor_220_000.png,5,1,1,256,256,512,512,64425,13570,118705.0,105152.28537602969,105206.40526565793,-54.11988962824185,32224.375949300018,32244.708515159546,-20.332565859527918,0.033966197648995194,0.016989651380892968,0.6883475651726754,0.48170677028511266
137,outdoor,scene_00022,outdoor/scene_00022/scan_00196,val/outdoor/scene_00022/scan_00196/00022_00196_outdoor_220_000.png,6,1,2,512,256,768,512,64316,10429,106032.0,70502.78229199318,70532.75551774925,-29.97322575606477,26917.493771773778,26929.701959692306,-12.208187918521599,0.03582881288340576,0.016761092085002052,0.6850560958532254,0.46003155568301113
137,outdoor,scene_00022,outdoor/scene_00022/scan_00196,val/outdoor/scene_00022/scan_00196/00022_00196_outdoor_220_000.png,7,1,3,768,256,1024,512,64633,5781,87757.0,37798.18771373131,37809.46742510702,-11.27971137570336,20029.263153237465,20033.67783264788,-4.414679410416734,0.029059268807199255,0.016477811216181807,0.7253194487881022,0.7614338929313954
137,outdoor,scene_00022,outdoor/scene_00022/scan_00196,val/outdoor/scene_00022/scan_00196/00022_00196_outdoor_220_000.png,8,2,0,0,512,256,768,65529,2769,76605.0,20974.81305224291,20963.303140152704,11.509912090209632,11364.758171732594,11357.532151101463,7.226020631132908,0.04019468511708592,0.0173577463418549,1.2472002076263708,4.225498930719331
137,outdoor,scene_00022,outdoor/scene_00022/scan_00196,val/outdoor/scene_00022/scan_00196/00022_00196_outdoor_220_000.png,9,2,1,256,512,512,768,65482,3192,78250.0,22798.99827291797,22789.46027728047,9.53799563750432,11704.774711718499,11699.828802781552,4.945908936947296,0.04244447578948292,0.01723455629975573,1.1651024896768454,4.1031575063792305
137,outdoor,scene_00022,outdoor/scene_00022/scan_00196,val/outdoor/scene_00022/scan_00196/00022_00196_outdoor_220_000.png,10,2,2,512,512,768,768,65507,2819,76783.0,19811.642278844713,19817.398357776543,-5.756078931831585,11669.187430160362,11671.7190355697,-2.5316054093383342,0.0482661245056652,0.017455483185303537,1.1607083494148978,4.345810645834957
137,outdoor,scene_00022,outdoor/scene_00022/scan_00196,val/outdoor/scene_00022/scan_00196/00022_00196_outdoor_220_000.png,11,2,3,768,512,1024,768,65508,2173,74200.0,17185.125040748175,17173.506488625935,11.618552122239695,11604.864311762147,11596.765926051783,8.098385710364482,0.0418785539611958,0.01761880119010114,1.085758616658642,4.64103171750912
138,outdoor,scene_00022,outdoor/scene_00022/scan_00196,val/outdoor/scene_00022/scan_00196/00022_00196_outdoor_320_000.png,0,0,0,0,0,256,256,57919,4318,75191.0,31219.5695047575,30967.168106379355,252.40139837814272,23567.159622224157,23463.951468591367,103.20815363278767,0.0573892803242598,0.036433927436423805,0.4937751005588404,0.2715789891801156
138,outdoor,scene_00022,outdoor/scene_00022/scan_00196,val/outdoor/scene_00022/scan_00196/00022_00196_outdoor_320_000.png,1,0,1,256,0,512,256,52781,6294,77957.0,32106.632533911667,32181.796415801015,-75.16388188935082,23404.634309899157,23463.926686167455,-59.29237626830064,0.06577309268616598,0.008744714978679322,0.4498787427091704,0.13771471476214606
138,outdoor,scene_00022,outdoor/scene_00022/scan_00196,val/outdoor/scene_00022/scan_00196/00022_00196_outdoor_320_000.png,2,0,2,512,0,768,256,59940,5239,80896.0,34976.18028361732,34967.74808071737,8.43220289995044,28102.638502821927,28113.215494717057,-10.576991895126513,0.05225499378320684,0.012639447081451578,0.31349389800497174,0.1753213107198955
138,outdoor,scene_00022,outdoor/scene_00022/scan_00196,val/outdoor/scene_00022/scan_00196/00022_00196_outdoor_320_000.png,3,0,3,768,0,1024,256,50252,12132,98780.0,51990.12658379855,51995.64329971248,-5.516715913933581,25094.37973636552,25106.318926115302,-11.93918974978012,0.061606568969402024,0.00701172245984926,0.2767827122701304,0.19100751644203415
138,outdoor,scene_00022,outdoor/scene_00022/scan_00196,val/outdoor/scene_00022/scan_00196/00022_00196_outdoor_320_000.png,4,1,0,0,256,256,512,62941,3271,76025.0,22876.39128520119,22917.301878054048,-40.91059285285941,18574.479002498236,18604.317618172703,-29.838615674470695,0.05024864648257382,0.015510311129205579,0.7313223731721739,0.8159470042856043
138,outdoor,scene_00022,outdoor/scene_00022/scan_00196,val/outdoor/scene_00022/scan_00196/00022_00196_outdoor_320_000.png,5,1,1,256,256,512,512,60979,5429,82695.0,30500.517999088304,30518.688312479615,-18.170313391308387,21432.209147160873,21448.58241395451,-16.373266793638148,0.04783445403380412,0.012909368490937611,0.7349460348439069,0.5832776409458987
138,outdoor,scene_00022,outdoor/scene_00022/scan_00196,val/outdoor/scene_00022/scan_00196/00022_00196_outdoor_320_000.png,6,1,2,512,256,768,512,60408,9874,99904.0,49248.237015860344,49263.03344422653,-14.79642836618094,25312.26726931066,25324.6910081525,-12.423738841839134,0.05564155697764649,0.013460738379513408,0.6374017343754379,0.5418461239085294
138,outdoor,scene_00022,outdoor/scene_00022/scan_00196,val/outdoor/scene_00022/scan_00196/00022_00196_outdoor_320_000.png,7,1,3,768,256,1024,512,60098,16409,125734.0,87099.91580460347,87135.27209516455,-35.35629056108737,31836.10260580523,31848.73067549714,-12.62806969191017,0.04976621982033589,0.013527082027677339,0.6987602827247692,0.38031761321870056
138,outdoor,scene_00022,outdoor/scene_00022/scan_00196,val/outdoor/scene_00022/scan_00196/00022_00196_outdoor_320_000.png,8,2,0,0,512,256,768,65498,1194,70274.0,13495.558586647985,13482.999337781748,12.559248866236874,11602.948983652757,11590.942257284163,12.006726368595574,0.062202448136724174,0.013744629658178777,1.4032425661117816,3.6352740680183797
138,outdoor,scene_00022,outdoor/scene_00022/scan_00196,val/outdoor/scene_00022/scan_00196/00022_00196_outdoor_320_000.png,9,2,1,256,512,512,768,65505,1906,73129.0,15382.87332522954,15389.52825272621,-6.654927496665488,11904.903153301286,11913.914797862542,-9.011644561256583,0.0676345754270226,0.01358657736309168,0.9703247833499714,3.3105448238842587
138,outdoor,scene_00022,outdoor/scene_00022/scan_00196,val/outdoor/scene_00022/scan_00196/00022_00196_outdoor_320_000.png,10,2,2,512,512,768,768,65501,2950,77301.0,18397.03413662692,18408.054721330347,-11.02058470343053,12327.140621681232,12338.415938675915,-11.275316994682935,0.061972221798543746,0.013533616034146566,0.9565219529216151,3.3440561581561723
138,outdoor,scene_00022,outdoor/scene_00022/scan_00196,val/outdoor/scene_00022/scan_00196/00022_00196_outdoor_320_000.png,11,2,3,768,512,1024,768,65491,3647,80079.0,22691.286817798617,22681.665618066036,9.621199732581655,12970.172795296807,12961.425174374517,8.747620922288984,0.06510668113993917,0.013791596671687065,0.9624317199264955,3.87330685081423
139,outdoor,scene_00022,outdoor/scene_00022/scan_00196,val/outdoor/scene_00022/scan_00196/00022_00196_outdoor_340_000.png,0,0,0,0,0,256,256,57725,6139,82281.0,23185.278968276172,23146.276171297886,39.002796978284834,17209.198083395044,17197.88674687188,11.311336523161255,0.05925706628816953,0.009508211510467745,0.3343745981025408,0.19958490958301647
139,outdoor,scene_00022,outdoor/scene_00022/scan_00196,val/outdoor/scene_00022/scan_00196/00022_00196_outdoor_340_000.png,1,0,1,256,0,512,256,53647,5514,75703.0,29620.803255760507,29556.629813174004,64.17344258650994,21482.70712241362,21444.93789315013,37.76922926349151,0.0697112942902817,0.015357885693804026,0.3837064354251241,0.2548105142585005
139,outdoor,scene_00022,outdoor/scene_00022/scan_00196,val/outdoor/scene_00022/scan_00196/00022_00196_outdoor_340_000.png,2,0,2,512,0,768,256,57116,6621,83600.0,34130.720100987106,33861.127193628665,269.5929073584448,23089.123552688845,23015.90042275063,73.22312993821485,0.057578551622178925,0.03953706165166527,0.4954568964793457,0.1966047340525685
139,outdoor,scene_00022,outdoor/scene_00022/scan_00196,val/outdoor/scene_00022/scan_00196/00022_00196_outdoor_340_000.png,3,0,3,768,0,1024,256,52976,8788,88128.0,33692.741716450364,33746.593915036225,-53.852198585858545,22632.829203888818,22678.08882732448,-45.25962343565659,0.06589583220974973,0.004298454786041232,0.369265174724158,0.20894525251218968
139,outdoor,scene_00022,outdoor/scene_00022/scan_00196,val/outdoor/scene_00022/scan_00196/00022_00196_outdoor_340_000.png,4,1,0,0,256,256,512,63275,7083,91607.0,23841.251603341778,23863.52535430467,-22.273750962891476,16096.782160375238,16113.51427888043,-16.732118505192517,0.047784563921427874,0.013093721449538468,0.6789936887768594,0.6381106280521973
139,outdoor,scene_00022,outdoor/scene_00022/scan_00196,val/outdoor/scene_00022/scan_00196/00022_00196_outdoor_340_000.png,5,1,1,256,256,512,512,63598,7051,91802.0,23828.31220126017,23862.489104105625,-34.17690284545518,16336.592312833362,16364.302966859621,-27.710654026259885,0.05502786984181757,0.01286379857376326,0.710940007295006,0.5852163044556458
139,outdoor,scene_00022,outdoor/scene_00022/scan_00196,val/outdoor/scene_00022/scan_00196/00022_00196_outdoor_340_000.png,6,1,2,512,256,768,512,62689,8074,94985.0,29784.18444295326,29863.594467346527,-79.41002439326162,19359.662418184518,19412.562033348433,-52.89961516391618,0.050816266365905284,0.016070153661767627,0.7338221969746032,0.7430483676739273
139,outdoor,scene_00022,outdoor/scene_00022/scan_00196,val/outdoor/scene_00022/scan_00196/00022_00196_outdoor_340_000.png,7,1,3,768,256,1024,512,60659,10166,101323.0,41093.20435929366,41150.64932451476,-57.44496522109351,23172.214542028345,23208.73756996391,-36.52302793556681,0.04777679293844598,0.012834277315069966,0.7286792426059279,0.7410635096545118
139,outdoor,scene_00022,outdoor/scene_00022/scan_00196,val/outdoor/scene_00022/scan_00196/00022_00196_outdoor_340_000.png,8,2,0,0,512,256,768,65515,3022,77603.0,15632.405724648754,15628.738746386338,3.666978262415757,11139.798230666831,11134.132394467792,5.66583619903966,0.06464463446072215,0.013480339530627555,0.9987707578718736,3.8531690807082524
139,outdoor,scene_00022,outdoor/scene_00022/scan_00196,val/outdoor/scene_00022/scan_00196/00022_00196_outdoor_340_000.png,9,2,1,256,512,512,768,65508,2936,77252.0,15185.913895023179,15172.803593668632,13.11030135454884,10822.713647916813,10813.196148888364,9.517499028451146,0.0717795472802061,0.013430716836419896,0.9863309007725535,3.362296835612276
139,outdoor,scene_00022,outdoor/scene_00022/scan_00196,val/outdoor/scene_00022/scan_00196/00022_00196_outdoor_340_000.png,10,2,2,512,512,768,768,65489,3715,80349.0,17246.49176601001,17252.033472900795,-5.541706890791089,11459.959430399802,11467.453002778188,-7.493572378385956,0.06195856095320214,0.013202249956897309,1.068523949435642,3.2868510215647286
139,outdoor,scene_00022,outdoor/scene_00022/scan_00196,val/outdoor/scene_00022/scan_00196/00022_00196_outdoor_340_000.png,11,2,3,768,512,1024,768,65510,4204,82326.0,20000.633610275763,19992.934297190724,7.6993130850384075,12483.296631194738,12477.93295059319,5.363680601548288,0.06375935302665912,0.012977479000999992,0.9971458059978844,3.6981480203185835
140,outdoor,scene_00022,outdoor/scene_00022/scan_00197,val/outdoor/scene_00022/scan_00197/00022_00197_outdoor_050_010.png,0,0,0,0,0,256,256,56841,6548,83033.0,294736.90945974627,290676.22527005203,4060.6841896942433,86481.95923181194,85637.87472890399,844.0845029079368,0.01773308813353341,0.039392657626332844,0.8643001239741473,-0.1165741527509756
140,outdoor,scene_00022,outdoor/scene_00022/scan_00197,val/outdoor/scene_00022/scan_00197/00022_00197_outdoor_050_010.png,1,0,1,256,0,512,256,34078,6994,62054.0,356744.7187946552,378868.41562577826,-22123.696831123023,116698.91842335196,125009.14894105046,-8310.230517698506,0.0378174193538122,0.02873985741937693,0.779737204665864,0.035965617269790404
140,outdoor,scene_00022,outdoor/scene_00022/scan_00197,val/outdoor/scene_00022/scan_00197/00022_00197_outdoor_050_010.png,2,0,2,512,0,768,256,54428,6266,79492.0,39241.675426400354,38192.891484892214,1048.7839415081382,20924.691603493844,20152.462499622983,772.2291038708574,0.03901395563340652,0.0269115091925571,0.47142066712143244,0.451740592430308
140,outdoor,scene_00022,outdoor/scene_00022/scan_00197,val/outdoor/scene_00022/scan_00197/00022_00197_outdoor_050_010.png,3,0,3,768,0,1024,256,62813,2827,74121.0,21479.646900232863,21414.04358021009,65.6033200227771,17134.80892430354,17141.693343075924,-6.884418772386856,0.042689600035897224,0.012345170105720945,0.3077385932394622,0.6007298311767886
140,outdoor,scene_00022,outdoor/scene_00022/scan_00197,val/outdoor/scene_00022/scan_00197/00022_00197_outdoor_050_010.png,4,1,0,0,256,256,512,56099,9846,95483.0,121064.47326559524,120823.15324680757,241.32001878765374,37912.947006442344,37765.40102709621,147.54597934613946,0.020938785594447656,0.024443051844832205,0.7137088664605667,0.3858861692008106
140,outdoor,scene_00022,outdoor/scene_00022/scan_00197,val/outdoor/scene_00022/scan_00197/00022_00197_outdoor_050_010.png,5,1,1,256,256,512,512,41667,9554,79883.0,99549.40309016572,99368.97040373628,180.4326864294298,35526.298025060634,35400.49552808658,125.80249697405054,0.0473066971713687,0.01898439120840513,0.627999484064549,0.2100584367219064
140,outdoor,scene_00022,outdoor/scene_00022/scan_00197,val/outdoor/scene_00022/scan_00197/00022_00197_outdoor_050_010.png,6,1,2,512,256,768,512,57272,4805,76492.0,32019.329922424426,31734.51241396254,284.8175084618845,20454.168643589983,20262.631726299427,191.53691729055785,0.040132044807979314,0.027230683716437727,0.5134395876263838,0.417186344444873
140,outdoor,scene_00022,outdoor/scene_00022/scan_00197,val/outdoor/scene_00022/scan_00197/00022_00197_outdoor_050_010.png,7,1,3,768,256,1024,512,61626,2118,70098.0,21998.6482452673,21797.21227491924,201.43597034806294,19473.555333993136,19336.653251597265,136.90208239587253,0.04277877762440811,0.010167645991652392,0.41941509517909276,0.4223513676436741
140,outdoor,scene_00022,outdoor/scene_00022/scan_00197,val/outdoor/scene_00022/scan_00197/00022_00197_outdoor_050_010.png,8,2,0,0,512,256,768,64967,11287,110115.0,84501.18031300003,84455.1333365113,46.046976488752065,24634.444079656016,24616.394453395238,18.049626260772648,0.0458043616291428,0.02541092925716245,1.2153019209873996,1.1673551000331128
140,outdoor,scene_00022,outdoor/scene_00022/scan_00197,val/outdoor/scene_00022/scan_00197/00022_00197_outdoor_050_010.png,9,2,1,256,512,512,768,65407,4048,81599.0,25742.930606185888,25735.56010784787,7.370498338021908,11829.002065832441,11826.514127061178,2.4879387712609544,0.03317912116204311,0.02610671483743524,1.0734484281124943,1.0323108184078895
140,outdoor,scene_00022,outdoor/scene_00022/scan_00197,val/outdoor/scene_00022/scan_00197/00022_00197_outdoor_050_010.png,10,2,2,512,512,768,768,65373,1144,69949.0,13726.885685502075,13749.598593963845,-22.712908461769544,11095.100721504032,11111.171816313601,-16.071094809567906,0.02196134931001478,0.025970824063341245,0.9647780620744016,1.3306246269773019
140,outdoor,scene_00022,outdoor/scene_00022/scan_00197,val/outdoor/scene_00022/scan_00197/00022_00197_outdoor_050_010.png,11,2,3,768,512,1024,768,64740,2980,76660.0,25327.784518064436,25357.458944766666,-29.67442670223323,19199.806791390423,19223.164668772813,-23.35787738239112,0.0338246512558214,0.02625959342997896,1.060450017682422,1.2330679771027673
141,outdoor,scene_00022,outdoor/scene_00022/scan_00197,val/outdoor/scene_00022/scan_00197/00022_00197_outdoor_140_040.png,0,0,0,0,0,256,256,41786,2187,50534.0,19531.944612449573,19555.157852623794,-23.213240174217372,7301.011919117029,7345.45990020903,-44.4479810920007,0.03445120590231452,0.003646343867831893,0.18379140071940975,1.0259210649256119
141,outdoor,scene_00022,outdoor/scene_00022/scan_00197,val/outdoor/scene_00022/scan_00197/00022_00197_outdoor_140_040.png,1,0,1,256,0,512,256,59790,639,62346.0,2373.467675581776,2392.773508476789,-19.305832895013,1656.2671622725811,1676.5821325853472,-20.314970312765798,0.019764286276777555,0.003631371147013858,0.2560594378359509,0.9821908810043817
141,outdoor,scene_00022,outdoor/scene_00022/scan_00197,val/outdoor/scene_00022/scan_00197/00022_00197_outdoor_140_040.png,2,0,2,512,0,768,256,61713,807,64941.0,4632.05313936766,4587.578478030515,44.47466133714521,1964.1872000300393,1936.9316902128694,27.255509817169713,0.025308229587402694,0.005549232493746425,0.39337612774129505,0.08291444798832177
141,outdoor,scene_00022,outdoor/scene_00022/scan_00197,val/outdoor/scene_00022/scan_00197/00022_00197_outdoor_140_040.png,3,0,3,768,0,1024,256,44629,11461,90473.0,80203.0100907521,77997.07562332456,2205.934467427526,25904.768698022464,25121.70068734338,783.0680106790871,0.052888859237298115,0.10068824731067445,0.7270025991855756,0.03287904313401752
141,outdoor,scene_00022,outdoor/scene_00022/scan_00197,val/outdoor/scene_00022/scan_00197/00022_00197_outdoor_140_040.png,4,1,0,0,256,256,512,64659,3162,77307.0,14074.274950762225,14012.759638592783,61.515312169441856,7411.906466888854,7387.998175064108,23.908291824746495,0.024376343646899345,0.00480816236731783,0.27588382568695424,1.3638015024662944
141,outdoor,scene_00022,outdoor/scene_00022/scan_00197,val/outdoor/scene_00022/scan_00197/00022_00197_outdoor_140_040.png,5,1,1,256,256,512,512,63946,1486,69890.0,4358.385035288815,4364.284032384402,-5.898997095587543,2198.9348199537576,2204.510762813461,-5.575942859703331,0.025856976084184934,0.004792813840861463,0.2985525775826416,1.230814035864337
141,outdoor,scene_00022,outdoor/scene_00022/scan_00197,val/outdoor/scene_00022/scan_00197/00022_00197_outdoor_140_040.png,6,1,2,512,256,768,512,64811,1546,70995.0,5329.789452034095,5426.866553697056,-97.07710166295999,2278.5640294763552,2338.0723667319576,-59.50833725560264,0.029786985035719204,0.00500130137073628,0.31496101464794085,0.8159001903816061
141,outdoor,scene_00022,outdoor/scene_00022/scan_00197,val/outdoor/scene_00022/scan_00197/00022_00197_outdoor_140_040.png,7,1,3,768,256,1024,512,46576,15044,106752.0,82035.42999200313,81065.51051234611,969.9194796570409,28161.29780262744,27918.706314744384,242.59148788306044,0.05069761704276893,0.046964156941730284,0.47082357789210316,0.887585584414233
141,outdoor,scene_00022,outdoor/scene_00022/scan_00197,val/outdoor/scene_00022/scan_00197/00022_00197_outdoor_140_040.png,8,2,0,0,512,256,768,65518,1428,71230.0,7241.794226624266,7230.970442115464,10.823784508801547,5450.164942838094,5443.3304297911545,6.834513046939644,0.017533689481141423,0.004799239869301223,0.35905481087633406,1.648024611723446
141,outdoor,scene_00022,outdoor/scene_00022/scan_00197,val/outdoor/scene_00022/scan_00197/00022_00197_outdoor_140_040.png,9,2,1,256,512,512,768,63743,6475,89643.0,71773.54541451907,71542.77779223607,230.76762228300248,19741.286876246286,19906.685909536354,-165.39903329006395,0.028450983722470118,0.016283048209608665,0.4006652956754897,1.6173867920629985
141,outdoor,scene_00022,outdoor/scene_00022/scan_00197,val/outdoor/scene_00022/scan_00197/00022_00197_outdoor_140_040.png,10,2,2,512,512,768,768,51438,10804,94654.0,74514.06026181777,77304.3123156568,-2790.2520538390345,23077.652730488982,23985.246711580352,-907.5939810913699,0.023327733520815915,0.029769065346004122,0.6248084954717986,1.145246241751221
141,outdoor,scene_00022,outdoor/scene_00022/scan_00197,val/outdoor/scene_00022/scan_00197/00022_00197_outdoor_140_040.png,11,2,3,768,512,1024,768,26281,10342,67649.0,158054.0608929828,160076.484255719,-2022.4233627361948,61044.31359282485,62030.30776369959,-985.99417087474,0.043531828156902555,0.0462145086427497,0.46481567655908856,1.4725505671592962
142,outdoor,scene_00022,outdoor/scene_00022/scan_00197,val/outdoor/scene_00022/scan_00197/00022_00197_outdoor_180_040.png,0,0,0,0,0,256,256,60639,14489,118595.0,127845.40149619264,124692.13279514112,3153.2687010515256,38761.19142512671,38283.38626218017,477.80516294653887,0.05073969617617625,0.12377721889070888,0.8107819003110597,0.32621471911071726
142,outdoor,scene_00022,outdoor/scene_00022/scan_00197,val/outdoor/scene_00022/scan_00197/00022_00197_outdoor_180_040.png,1,0,1,256,0,512,256,53299,8590,87659.0,75180.65437555416,74235.50754633907,945.1468292150904,19860.434856731237,19500.64690196172,359.7879547695141,0.03395640707358416,0.04134563361612045,0.5348533593738614,0.6950563318851454
142,outdoor,scene_00022,outdoor/scene_00022/scan_00197,val/outdoor/scene_00022/scan_00197/00022_00197_outdoor_180_040.png,2,0,2,512,0,768,256,51943,4696,70727.0,23470.559737521955,23488.252002212852,-17.69226469089551,6715.626913864639,6721.2101243935995,-5.583210528960218,0.027852343780187586,0.004163204108271472,0.23285909179487702,1.2095328575534254
142,outdoor,scene_00022,outdoor/scene_00022/scan_00197,val/outdoor/scene_00022/scan_00197/00022_00197_outdoor_180_040.png,3,0,3,768,0,1024,256,46608,3778,61720.0,18777.700402449424,18804.928608114584,-27.228205665161557,6679.037083376628,6689.468755382351,-10.431672005723318,0.03102887886281159,0.0038956252944604202,0.2189861905690414,1.5712748584792675
142,outdoor,scene_00022,outdoor/scene_00022/scan_00197,val/outdoor/scene_00022/scan_00197/00022_00197_outdoor_180_040.png,4,1,0,0,256,256,512,65395,4354,82811.0,14103.493581359913,14268.718565102052,-165.22498374213995,6208.538990435958,6306.612862919499,-98.07387248353982,0.03243153336315538,0.010568995948204799,0.4372857039742895,0.643997983482084
142,outdoor,scene_00022,outdoor/scene_00022/scan_00197,val/outdoor/scene_00022/scan_00197/00022_00197_outdoor_180_040.png,5,1,1,256,256,512,512,58401,3115,70861.0,6281.645438404511,6278.308831899289,3.3366065052226723,2692.9454957428584,2695.1121057982295,-2.166610055371394,0.024758682251611576,0.0040426183219029275,0.4026948970063657,1.167369299654419
142,outdoor,scene_00022,outdoor/scene_00022/scan_00197,val/outdoor/scene_00022/scan_00197/00022_00197_outdoor_180_040.png,6,1,2,512,256,768,512,60879,5966,84743.0,11302.47547466374,11448.86753270698,-146.39205804323908,3399.3482670654957,3495.3608957861397,-96.01262872064417,0.026582586586453186,0.005768930889722745,0.43458621286156696,1.2190407170163973
142,outdoor,scene_00022,outdoor/scene_00022/scan_00197,val/outdoor/scene_00022/scan_00197/00022_00197_outdoor_180_040.png,7,1,3,768,256,1024,512,61550,5666,84214.0,11463.842227950223,11486.081441628527,-22.239213678304253,3265.6621794453567,3269.091627274467,-3.4294478291104333,0.027708134344172082,0.0043762340694006,0.4590859798162976,1.3377394500088924
142,outdoor,scene_00022,outdoor/scene_00022/scan_00197,val/outdoor/scene_00022/scan_00197/00022_00197_outdoor_180_040.png,8,2,0,0,512,256,768,65513,2838,76865.0,7265.828467593343,7276.8121153233515,-10.983647730009809,4543.984076735518,4603.778945842172,-59.79486910665321,0.02232249099019449,0.011721487937868025,0.4497137428912567,0.9957902792620145
142,outdoor,scene_00022,outdoor/scene_00022/scan_00197,val/outdoor/scene_00022/scan_00197/00022_00197_outdoor_180_040.png,9,2,1,256,512,512,768,65427,6166,90091.0,14166.393442528184,14192.182950582639,-25.789508054453457,3935.239191896185,3947.812914912337,-12.573723016151389,0.022660420055032316,0.0037622215304001076,0.3535615236022375,1.7690806713101943
142,outdoor,scene_00022,outdoor/scene_00022/scan_00197,val/outdoor/scene_00022/scan_00197/00022_00197_outdoor_180_040.png,10,2,2,512,512,768,768,65519,4601,83923.0,9602.982259317097,9638.233727549534,-35.2514682324349,3229.614363104445,3246.3361721409424,-16.721809036497266,0.022160874854657283,0.006030611141735622,0.34684892986701127,2.0146235576423317
142,outdoor,scene_00022,outdoor/scene_00022/scan_00197,val/outdoor/scene_00022/scan_00197/00022_00197_outdoor_180_040.png,11,2,3,768,512,1024,768,65487,7804,96703.0,19765.997896028777,19815.589158471077,-49.59126244229596,5364.435272713877,5382.590547226682,-18.15527451280554,0.023948123282275968,0.003507974543136565,0.45942669225179134,1.918937764768014
143,outdoor,scene_00022,outdoor/scene_00022/scan_00197,val/outdoor/scene_00022/scan_00197/00022_00197_outdoor_190_010.png,0,0,0,0,0,256,256,65289,1773,72381.0,14530.073608951932,14844.93472003099,-314.8611110790588,12079.180101813989,12260.039310522247,-180.85920870825817,0.027531511404326324,0.0028252163131097883,0.7143346982026124,-0.4822259389691136
143,outdoor,scene_00022,outdoor/scene_00022/scan_00197,val/outdoor/scene_00022/scan_00197/00022_00197_outdoor_190_010.png,1,0,1,256,0,512,256,65427,1091,69791.0,6356.48866670274,6334.327947435924,22.16071926681668,4374.031806132706,4379.3516155699335,-5.3198094372266995,0.020054920245901733,0.006129886126097063,0.29589750621492283,0.4007037209243152
143,outdoor,scene_00022,outdoor/scene_00022/scan_00197,val/outdoor/scene_00022/scan_00197/00022_00197_outdoor_190_010.png,2,0,2,512,0,768,256,43460,273,44552.0,4803.919987192198,4793.13115665107,10.788830541127506,3965.210246675309,3964.2820768564725,0.9281698188367267,0.02445400425191989,0.002271837748813725,0.14710140831805443,1.1174503348650717
143,outdoor,scene_00022,outdoor/scene_00022/scan_00197,val/outdoor/scene_00022/scan_00197/00022_00197_outdoor_190_010.png,3,0,3,768,0,1024,256,61543,3132,74071.0,65621.99043717707,65610.05999400945,11.930443167610793,20758.932143800488,20748.579896835858,10.35224696463271,0.021703234016745565,0.0023347956672178406,0.17340764443745357,1.2958840296041318
143,outdoor,scene_00022,outdoor/scene_00022/scan_00197,val/outdoor/scene_00022/scan_00197/00022_00197_outdoor_190_010.png,4,1,0,0,256,256,512,58689,10132,99217.0,49095.392868604,49157.16723931694,-61.77437071294284,24741.839970947753,24931.61441595178,-189.77444500402794,0.024183060154181223,0.023018272054806287,1.0925266084795358,0.4179732680787413
143,outdoor,scene_00022,outdoor/scene_00022/scan_00197,val/outdoor/scene_00022/scan_00197/00022_00197_outdoor_190_010.png,5,1,1,256,256,512,512,63154,8783,98286.0,49868.10469996369,49576.99909479914,291.105605164547,18405.606543586444,18390.148534000567,15.458009585875736,0.02329175132453127,0.022350671060584595,0.6511134788313973,0.4794568048922207
143,outdoor,scene_00022,outdoor/scene_00022/scan_00197,val/outdoor/scene_00022/scan_00197/00022_00197_outdoor_190_010.png,6,1,2,512,256,768,512,63836,7707,94664.0,76509.35305213249,76242.83372358786,266.5193285446038,21352.599927923373,21261.155304978252,91.44462294512036,0.02530626974141375,0.007873174727978013,0.39154840425231136,0.9173882310880961
143,outdoor,scene_00022,outdoor/scene_00022/scan_00197,val/outdoor/scene_00022/scan_00197/00022_00197_outdoor_190_010.png,7,1,3,768,256,1024,512,61792,12011,109836.0,233567.6675220533,233559.4633505953,8.204171458001257,58692.13690635708,58689.502285646784,2.6346207102933583,0.025175631350860272,0.006568370719980251,0.43167150395488463,0.9566509665938115
143,outdoor,scene_00022,outdoor/scene_00022/scan_00197,val/outdoor/scene_00022/scan_00197/00022_00197_outdoor_190_010.png,8,2,0,0,512,256,768,64167,6714,91023.0,26533.270975794854,26555.317136262085,-22.046160467228148,13688.007728559329,13701.49783728848,-13.490108729151057,0.046155206070623185,0.0217328299619503,1.2616236076959169,3.015848953294877
143,outdoor,scene_00022,outdoor/scene_00022/scan_00197,val/outdoor/scene_00022/scan_00197/00022_00197_outdoor_190_010.png,9,2,1,256,512,512,768,64906,9236,101850.0,42633.226672553224,42590.49243402795,42.734238525286486,16522.250570796088,16503.5271799137,18.723390882387605,0.042620566998107484,0.023565447643715515,1.191640661153067,1.375031145813003
143,outdoor,scene_00022,outdoor/scene_00022/scan_00197,val/outdoor/scene_00022/scan_00197/00022_00197_outdoor_190_010.png,10,2,2,512,512,768,768,65264,7722,96152.0,40413.35363200463,40395.43491645959,17.918715545047174,14297.638576208043,14288.989760254044,8.648815953997424,0.043889149529802905,0.024165494865486754,1.0002527433689792,1.5980058094831417
143,outdoor,scene_00022,outdoor/scene_00022/scan_00197,val/outdoor/scene_00022/scan_00197/00022_00197_outdoor_190_010.png,11,2,3,768,512,1024,768,65270,5695,88050.0,36803.852834899975,36790.304427540264,13.548407359703138,13047.047400472267,13040.687683639613,6.359716832654838,0.03758066044783225,0.023332064819805588,0.9400675828801396,2.102581698981809
144,outdoor,scene_00022,outdoor/scene_00022/scan_00197,val/outdoor/scene_00022/scan_00197/00022_00197_outdoor_220_040.png,0,0,0,0,0,256,256,63441,6938,91193.0,55016.11418104654,55168.017226547876,-151.90304550132996,16621.795912413778,16621.380672717773,0.4152396960032121,0.03244147599790534,0.009867381630579725,0.29314948502005417,0.9798531324075958
144,outdoor,scene_00022,outdoor/scene_00022/scan_00197,val/outdoor/scene_00022/scan_00197/00022_00197_outdoor_220_040.png,1,0,1,256,0,512,256,54800,11433,100532.0,115587.84939671753,107692.80986862749,7895.039528090008,38416.613305165825,36033.35169611282,2383.261609053006,0.04635576691849347,0.08961444009287475,0.8056647277077633,0.06335771618012767
144,outdoor,scene_00022,outdoor/scene_00022/scan_00197,val/outdoor/scene_00022/scan_00197/00022_00197_outdoor_220_040.png,2,0,2,512,0,768,256,43441,8935,79181.0,156623.0603755977,152398.88273052912,4224.177645068594,61264.71342316519,59507.6480640878,1757.0653590773825,0.05563311359645365,0.09994631508477567,1.1760252549429904,-0.06948440299519329
144,outdoor,scene_00022,outdoor/scene_00022/scan_00197,val/outdoor/scene_00022/scan_00197/00022_00197_outdoor_220_040.png,3,0,3,768,0,1024,256,60408,9823,99700.0,106953.41216854929,100591.80836490612,6361.603803643175,36871.72505270677,34929.381717744356,1942.3433349624167,0.046826846539066116,0.0740833484572497,0.7331231779551468,0.09793458969466744
144,outdoor,scene_00022,outdoor/scene_00022/scan_00197,val/outdoor/scene_00022/scan_00197/00022_00197_outdoor_220_040.png,4,1,0,0,256,256,512,65123,3007,77151.0,12422.484111506134,12427.78736460161,-5.30325309547531,4169.896137820979,4160.399544750484,9.49659307049472,0.04056650629555955,0.0033573169420363686,0.21727118979188145,1.2552959684091034
144,outdoor,scene_00022,outdoor/scene_00022/scan_00197,val/outdoor/scene_00022/scan_00197/00022_00197_outdoor_220_040.png,5,1,1,256,256,512,512,46982,9812,86230.0,63364.61399597798,61831.5220546793,1533.0919412986807,18844.67327533941,18404.140712950204,440.53256238920505,0.04685373269610701,0.05380984278610119,0.40870970747967106,0.9726204667599027
144,outdoor,scene_00022,outdoor/scene_00022/scan_00197,val/outdoor/scene_00022/scan_00197/00022_00197_outdoor_220_040.png,6,1,2,512,256,768,512,63540,8089,95896.0,49188.33775272647,47471.126616143636,1717.2111365828357,15369.63201176501,14944.477834064073,425.1541777009351,0.052732819565419004,0.024013625014485427,0.36373660481467796,0.6090376092297418
144,outdoor,scene_00022,outdoor/scene_00022/scan_00197,val/outdoor/scene_00022/scan_00197/00022_00197_outdoor_220_040.png,7,1,3,768,256,1024,512,65094,3763,80146.0,24608.647644663808,24680.03525505272,-71.38761038891576,9477.59123233013,9591.633174161374,-114.04194183124108,0.04441303264282401,0.011806118807549738,0.26750548905291743,0.459244796381216
144,outdoor,scene_00022,outdoor/scene_00022/scan_00197,val/outdoor/scene_00022/scan_00197/00022_00197_outdoor_220_040.png,8,2,0,0,512,256,768,55388,747,58376.0,5882.264670940749,5886.422761919648,-4.158090978898771,3482.435308242094,3486.743276276336,-4.307968034242339,0.040468216556891326,0.0025571382128378953,0.22332455326398357,1.4277216376258104
144,outdoor,scene_00022,outdoor/scene_00022/scan_00197,val/outdoor/scene_00022/scan_00197/00022_00197_outdoor_220_040.png,9,2,1,256,512,512,768,36135,917,39803.0,4394.7908409941065,4409.254238170424,-14.463397176317955,2102.786121254715,2108.5149152012373,-5.7287939465217566,0.03568854647160237,0.0023422411558790277,0.18934566928956628,1.3620035015915646
144,outdoor,scene_00022,outdoor/scene_00022/scan_00197,val/outdoor/scene_00022/scan_00197/00022_00197_outdoor_220_040.png,10,2,2,512,512,768,768,52130,1917,59798.0,8437.94807041391,8482.088243987027,-44.14017357311855,4928.067796515201,4953.116129447745,-25.048332932543914,0.03927776689036573,0.002296499183672709,0.1795099420230168,0.8646171431167575
144,outdoor,scene_00022,outdoor/scene_00022/scan_00197,val/outdoor/scene_00022/scan_00197/00022_00197_outdoor_220_040.png,11,2,3,768,512,1024,768,65473,1802,72681.0,9767.069052175271,9750.05698569952,17.012066475747645,6118.112519874858,6104.714503594707,13.398016280151664,0.03365749954233486,0.0021931920084422582,0.17335805191127407,0.670014426121709
145,outdoor,scene_00022,outdoor/scene_00022/scan_00197,val/outdoor/scene_00022/scan_00197/00022_00197_outdoor_230_010.png,0,0,0,0,0,256,256,65279,2027,73387.0,19016.52214604581,19226.492904907856,-209.9707588620476,13625.30681252924,13740.86472159236,-115.55790906312089,0.025594329867500168,0.007547708196236404,0.41670908046319527,0.676345600865916
145,outdoor,scene_00022,outdoor/scene_00022/scan_00197,val/outdoor/scene_00022/scan_00197/00022_00197_outdoor_230_010.png,1,0,1,256,0,512,256,65394,714,68250.0,12176.668738851484,12220.691016165008,-44.0222773135252,10299.686873941848,10340.804806496375,-41.117932554527876,0.03777735536315878,0.0013469087962404078,0.2687245483674795,0.514644346000095
145,outdoor,scene_00022,outdoor/scene_00022/scan_00197,val/outdoor/scene_00022/scan_00197/00022_00197_outdoor_230_010.png,2,0,2,512,0,768,256,65224,1904,72840.0,10812.470873285798,11309.469020619155,-496.9981473333553,7171.528576145045,7448.96265228598,-277.43407614093394,0.03410913290601259,0.001413614325053348,0.8867769506311822,-0.9562823637837969
145,outdoor,scene_00022,outdoor/scene_00022/scan_00197,val/outdoor/scene_00022/scan_00197/00022_00197_outdoor_230_010.png,3,0,3,768,0,1024,256,64954,1458,70786.0,10605.785374782336,11093.782219395815,-487.9968446134771,7215.117040901579,7562.952803520642,-347.8357626190652,0.035689589650112576,0.0014448342640858887,0.7135790592999185,-0.8532024996275185
145,outdoor,scene_00022,outdoor/scene_00022/scan_00197,val/outdoor/scene_00022/scan_00197/00022_00197_outdoor_230_010.png,4,1,0,0,256,256,512,63135,8241,96099.0,68611.81816384505,68513.67065772714,98.14750611790507,23266.735037821643,23478.517931079798,-211.782893258152,0.01999490478231778,0.021874990700070922,0.5667470386162629,0.8349529821587766
145,outdoor,scene_00022,outdoor/scene_00022/scan_00197,val/outdoor/scene_00022/scan_00197/00022_00197_outdoor_230_010.png,5,1,1,256,256,512,512,57890,18880,133410.0,123124.12849724237,122982.03921677048,142.08928047189056,37703.78619466761,37712.03861584007,-8.25242117245466,0.02823979176536901,0.032791769807955166,0.9402777080430026,0.871030022377742
145,outdoor,scene_00022,outdoor/scene_00022/scan_00197,val/outdoor/scene_00022/scan_00197/00022_00197_outdoor_230_010.png,6,1,2,512,256,768,512,58686,10035,98826.0,54045.34587671655,54197.23716105112,-151.89128433456048,27589.96017825254,27745.345038874184,-155.38486062164392,0.028001801892534282,0.02374653370176096,0.9480834661582516,0.5688997679121268
145,outdoor,scene_00022,outdoor/scene_00022/scan_00197,val/outdoor/scene_00022/scan_00197/00022_00197_outdoor_230_010.png,7,1,3,768,256,1024,512,58241,5139,78797.0,32441.51008195245,32275.45604584279,166.0540361096537,21521.86846296095,21523.097772075787,-1.2293091148360382,0.02767752015477776,0.02327750469866604,0.9400684917945176,0.27003454680486133
145,outdoor,scene_00022,outdoor/scene_00022/scan_00197,val/outdoor/scene_00022/scan_00197/00022_00197_outdoor_230_010.png,8,2,0,0,512,256,768,64679,5186,85423.0,49004.363218568964,48936.48469476646,67.87852380250624,17628.793987991405,17613.419826109963,15.37416188144455,0.027774510659456228,0.019917709630994138,0.7476541638126117,1.5841978368440794
145,outdoor,scene_00022,outdoor/scene_00022/scan_00197,val/outdoor/scene_00022/scan_00197/00022_00197_outdoor_230_010.png,9,2,1,256,512,512,768,61997,11101,106401.0,61042.88313461376,61290.914160930246,-248.03102631648437,20298.929851387853,20372.93241292792,-74.00256154007003,0.03742374855687003,0.0247572879080139,0.7308362351070541,2.507108392509755
145,outdoor,scene_00022,outdoor/scene_00022/scan_00197,val/outdoor/scene_00022/scan_00197/00022_00197_outdoor_230_010.png,10,2,2,512,512,768,768,62653,6826,89957.0,29529.866878335535,29535.113939559036,-5.247061223503273,14909.977572710737,14914.145687439817,-4.168114729078437,0.040030705696921624,0.019142122717507083,0.7071272111182618,2.784493395589229
145,outdoor,scene_00022,outdoor/scene_00022/scan_00197,val/outdoor/scene_00022/scan_00197/00022_00197_outdoor_230_010.png,11,2,3,768,512,1024,768,63451,3621,77935.0,17555.06111080944,17543.187923786027,11.8731870234177,12270.915238979644,12257.57049095256,13.344748027083224,0.04429260562932725,0.01745305661973007,0.7777981602921272,2.750029799371266
146,outdoor,scene_00022,outdoor/scene_00022/scan_00197,val/outdoor/scene_00022/scan_00197/00022_00197_outdoor_270_000.png,0,0,0,0,0,256,256,65536,0,65536.0,3094.6931990796056,3095.5738043312094,-0.8806052516043348,3094.6931990796056,3095.5738043312094,-0.8806052516043348,0.010797217693757263,0.0020018323658601454,0.40282159514430826,0.33051494455084707
146,outdoor,scene_00022,outdoor/scene_00022/scan_00197,val/outdoor/scene_00022/scan_00197/00022_00197_outdoor_270_000.png,1,0,1,256,0,512,256,65417,3363,78869.0,9737.850502316342,9573.159937993938,164.69056432240308,5104.4257700287535,5073.531911482252,30.89385854650026,0.010883380950561725,0.006473960660007705,0.28799692788923537,0.13333752144607164
146,outdoor,scene_00022,outdoor/scene_00022/scan_00197,val/outdoor/scene_00022/scan_00197/00022_00197_outdoor_270_000.png,2,0,2,512,0,768,256,65115,5715,87975.0,20633.23281176181,20907.369984327976,-274.13717256617264,5495.094302181586,5563.736574160757,-68.64227197917177,0.019669764668758104,0.00816594152841374,0.43202112847503543,0.1051985928651292
146,outdoor,scene_00022,outdoor/scene_00022/scan_00197,val/outdoor/scene_00022/scan_00197/00022_00197_outdoor_270_000.png,3,0,3,768,0,1024,256,65459,2410,75099.0,6683.4934434451225,6638.291221177713,45.20222226741058,3401.2856116283065,3426.57003489961,-25.28442327130375,0.014327863630342197,0.002844990081691658,0.06646980733948943,2.0749173625997233
146,outdoor,scene_00022,outdoor/scene_00022/scan_00197,val/outdoor/scene_00022/scan_00197/00022_00197_outdoor_270_000.png,4,1,0,0,256,256,512,65410,11163,110062.0,25499.03104992201,25488.89443894472,10.136610977293016,7480.087536916477,7481.128379016927,-1.0408421004499702,0.019088439216163933,0.013764867035858535,0.6133575834381014,0.8610540037513588
146,outdoor,scene_00022,outdoor/scene_00022/scan_00197,val/outdoor/scene_00022/scan_00197/00022_00197_outdoor_270_000.png,5,1,1,256,256,512,512,65536,6188,90288.0,8662.355537165804,8662.39778116768,-0.04224400187582633,3155.6220129734484,3153.215879471594,2.406133501855126,0.015496950974507427,0.01737974168949457,0.6331385758690915,0.27257351125298857
146,outdoor,scene_00022,outdoor/scene_00022/scan_00197,val/outdoor/scene_00022/scan_00197/00022_00197_outdoor_270_000.png,6,1,2,512,256,768,512,64728,16612,131176.0,85207.50920574584,85346.0245038405,-138.51529809466797,18750.515909055164,18778.7715223667,-28.25561331153062,0.024333764239917854,0.015374706850176879,0.716787172904854,0.4335802163672969
146,outdoor,scene_00022,outdoor/scene_00022/scan_00197,val/outdoor/scene_00022/scan_00197/00022_00197_outdoor_270_000.png,7,1,3,768,256,1024,512,64891,20578,147203.0,73565.20976689861,73618.67054286724,-53.46077596865936,16692.501786074863,16708.11007745478,-15.608291379916428,0.02998485968921022,0.013806896013432027,0.5598198897601929,1.8909901163493006
146,outdoor,scene_00022,outdoor/scene_00022/scan_00197,val/outdoor/scene_00022/scan_00197/00022_00197_outdoor_270_000.png,8,2,0,0,512,256,768,65536,43,65708.0,405.5458474290888,401.6877636586177,3.858083770471038,382.6864756789212,378.95821505780305,3.7282606211181726,0.017888586348022782,0.018329180171376833,0.9572677372248541,3.786634650245842
146,outdoor,scene_00022,outdoor/scene_00022/scan_00197,val/outdoor/scene_00022/scan_00197/00022_00197_outdoor_270_000.png,9,2,1,256,512,512,768,65536,1136,70080.0,1713.791957544278,1711.0579219137826,2.7340356304954367,998.9380407489714,995.5812932442878,3.356747504683582,0.04253757180393939,0.019326416746409263,0.9524923585510775,3.6512154125448606
146,outdoor,scene_00022,outdoor/scene_00022/scan_00197,val/outdoor/scene_00022/scan_00197/00022_00197_outdoor_270_000.png,10,2,2,512,512,768,768,65530,5526,87634.0,6926.599554676437,6914.614641981891,11.984912694546647,2408.9130882268637,2400.8783872452163,8.034700981647035,0.050245938266006464,0.019509308665164714,0.9857715001559341,3.6716415574605197
146,outdoor,scene_00022,outdoor/scene_00022/scan_00197,val/outdoor/scene_00022/scan_00197/00022_00197_outdoor_270_000.png,11,2,3,768,512,1024,768,65536,5689,88292.0,7082.61723501451,7077.132755171015,5.48447984349467,2453.473501949776,2448.740054226103,4.733447723672983,0.04924669495135801,0.01953421157849194,0.9571399546051748,4.009757911461583
147,outdoor,scene_00022,outdoor/scene_00022/scan_00197,val/outdoor/scene_00022/scan_00197/00022_00197_outdoor_280_010.png,0,0,0,0,0,256,256,65496,5264,86552.0,8109.394248444989,8158.0844360812835,-48.690187636293544,4346.091355450431,4410.502786400055,-64.41143094962278,0.020512318309727634,0.009783276231480429,0.4773695232314025,0.5580042142849626
147,outdoor,scene_00022,outdoor/scene_00022/scan_00197,val/outdoor/scene_00022/scan_00197/00022_00197_outdoor_280_010.png,1,0,1,256,0,512,256,65536,565,67796.0,976.4952849961961,959.3928764182768,17.102408577919206,694.1099265242005,678.3512073276062,15.758719196594356,0.01523013850268791,0.0032758426683772547,0.4438026580481647,1.2526938208812668
147,outdoor,scene_00022,outdoor/scene_00022/scan_00197,val/outdoor/scene_00022/scan_00197/00022_00197_outdoor_280_010.png,2,0,2,512,0,768,256,65466,5214,86322.0,16564.8686342144,16431.046238360574,133.82239585382405,4554.784692033175,4482.115613206452,72.66907882672336,0.013574660466188052,0.011883276353806954,0.6068558727361509,0.6415912081038133
147,outdoor,scene_00022,outdoor/scene_00022/scan_00197,val/outdoor/scene_00022/scan_00197/00022_00197_outdoor_280_010.png,3,0,3,768,0,1024,256,65469,4303,82681.0,14351.720795062309,14470.422389196243,-118.70159413393174,4225.750283899252,4258.592055899069,-32.84177199981733,0.017009651589094395,0.011700254680465183,0.6241423261229649,0.9976021920207716
147,outdoor,scene_00022,outdoor/scene_00022/scan_00197,val/outdoor/scene_00022/scan_00197/00022_00197_outdoor_280_010.png,4,1,0,0,256,256,512,64955,8106,97379.0,13245.233953534756,13143.279325219482,101.95462831527522,4939.483534302297,4937.858334034573,1.6252002677234758,0.01972095961241506,0.016964594660593732,0.5100215712643121,0.737474655348209
147,outdoor,scene_00022,outdoor/scene_00022/scan_00197,val/outdoor/scene_00022/scan_00197/00022_00197_outdoor_280_010.png,5,1,1,256,256,512,512,65534,445,67314.0,1157.383024193639,1151.9320595383983,5.450964655240476,556.9115112168993,550.5408246198384,6.370686597060853,0.012040135757443365,0.0035044214145194944,0.55931449746312,0.7531913517712368
147,outdoor,scene_00022,outdoor/scene_00022/scan_00197,val/outdoor/scene_00022/scan_00197/00022_00197_outdoor_280_010.png,6,1,2,512,256,768,512,65414,5205,86234.0,13906.897523010495,13740.890978497515,166.0065445129802,4137.068093132633,4098.006646071307,39.06144706132666,0.011320845506337432,0.010407776997223391,0.4656801557046716,0.539462590651265
147,outdoor,scene_00022,outdoor/scene_00022/scan_00197,val/outdoor/scene_00022/scan_00197/00022_00197_outdoor_280_010.png,7,1,3,768,256,1024,512,65121,4636,83665.0,20288.630218392624,20991.976087052226,-703.3458686596086,5210.160438996675,5362.14472230815,-151.98428331147525,0.019096834630327846,0.012994914219964645,0.6950865735277424,0.5784881012412366
147,outdoor,scene_00022,outdoor/scene_00022/scan_00197,val/outdoor/scene_00022/scan_00197/00022_00197_outdoor_280_010.png,8,2,0,0,512,256,768,64947,9613,103399.0,20760.00750783179,20754.564961186792,5.442546645003299,6888.90999178972,6881.671392077059,7.238599712660769,0.019539552117322508,0.026786493172693375,1.043211421429993,1.330658055709505
147,outdoor,scene_00022,outdoor/scene_00022/scan_00197,val/outdoor/scene_00022/scan_00197/00022_00197_outdoor_280_010.png,9,2,1,256,512,512,768,65423,11146,110007.0,24112.059627357798,24168.08991438572,-56.03028702792308,6922.856033072849,6933.423376540286,-10.567343467437475,0.01867019576184215,0.023131802146624147,0.9100358874563652,1.7043534000221903
147,outdoor,scene_00022,outdoor/scene_00022/scan_00197,val/outdoor/scene_00022/scan_00197/00022_00197_outdoor_280_010.png,10,2,2,512,512,768,768,65536,6205,90356.0,9161.651212791468,9159.067816391092,2.583396400375135,3459.63719526967,3452.6729978536982,6.9641974159711495,0.01624508376048201,0.02607097462855083,0.93927407903782,1.2881442581938194
147,outdoor,scene_00022,outdoor/scene_00022/scan_00197,val/outdoor/scene_00022/scan_00197/00022_00197_outdoor_280_010.png,11,2,3,768,512,1024,768,64578,17645,135158.0,93592.86446270763,93626.48354230181,-33.619079594165264,20684.387807758525,20686.908879607046,-2.5210718485213075,0.02525420575684756,0.02293488872830205,1.103724091154607,1.610803462983437
148,outdoor,scene_00022,outdoor/scene_00022/scan_00197,val/outdoor/scene_00022/scan_00197/00022_00197_outdoor_310_020.png,0,0,0,0,0,256,256,29167,10814,72423.0,404946.85796151025,411930.37468786107,-6983.516726350794,141310.31777235804,144562.72367325515,-3252.405900897085,0.0509419354045792,0.07143382971725054,0.8072368194922805,-0.02084681162935517
148,outdoor,scene_00022,outdoor/scene_00022/scan_00197,val/outdoor/scene_00022/scan_00197/00022_00197_outdoor_310_020.png,1,0,1,256,0,512,256,46027,5909,69663.0,134548.58358223358,133022.0695079891,1526.5140742444828,55950.71952947816,55290.95193149707,659.7675979810983,0.03196945954927903,0.014991347833807138,0.5894009447632224,-0.025970317178519442
148,outdoor,scene_00022,outdoor/scene_00022/scan_00197,val/outdoor/scene_00022/scan_00197/00022_00197_outdoor_310_020.png,2,0,2,512,0,768,256,65291,2616,75755.0,11199.534050531565,11235.455763048933,-35.92171251736549,7484.187825325836,7508.5049121724205,-24.317086846585106,0.0320649992487572,0.0025591900261431504,0.26606544993656794,1.6381477463532175
148,outdoor,scene_00022,outdoor/scene_00022/scan_00197,val/outdoor/scene_00022/scan_00197/00022_00197_outdoor_310_020.png,3,0,3,768,0,1024,256,65471,572,67759.0,5694.048750820351,5630.290456991157,63.75829382919574,4942.692251423297,4878.188875427888,64.50337599540964,0.01670458598749858,0.009135161573117398,0.5441505456266267,1.7650422809434212
148,outdoor,scene_00022,outdoor/scene_00022/scan_00197,val/outdoor/scene_00022/scan_00197/00022_00197_outdoor_310_020.png,4,1,0,0,256,256,512,50537,12381,100061.0,110311.83606458711,110116.55475044728,195.28131413983442,34873.33475272267,34787.294405433604,86.04034728906441,0.02868615983562166,0.01789426460418925,0.5177004642413091,0.6024326435176378
148,outdoor,scene_00022,outdoor/scene_00022/scan_00197,val/outdoor/scene_00022/scan_00197/00022_00197_outdoor_310_020.png,5,1,1,256,256,512,512,54855,4660,73495.0,48344.503530481874,48182.17658040063,162.3269500812402,24352.042042718338,24288.449241838724,63.59280087961753,0.027496292797230842,0.00909946480474329,0.4569822830332434,0.3981778346804191
148,outdoor,scene_00022,outdoor/scene_00022/scan_00197,val/outdoor/scene_00022/scan_00197/00022_00197_outdoor_310_020.png,6,1,2,512,256,768,512,65235,1575,71535.0,10745.708983373452,10792.485573683269,-46.77659030981778,8681.954925721158,8706.002500782171,-24.047575061015422,0.028664761309767854,0.00359019983895799,0.3518566946463085,1.3094444577659827
148,outdoor,scene_00022,outdoor/scene_00022/scan_00197,val/outdoor/scene_00022/scan_00197/00022_00197_outdoor_310_020.png,7,1,3,768,256,1024,512,65488,504,67504.0,4744.269975555142,4746.922828153765,-2.6528525986225215,4136.458322498716,4135.998339039714,0.45998345900227466,0.017500217898799523,0.01095035370212033,0.624386589531677,1.5154620268294157
148,outdoor,scene_00022,outdoor/scene_00022/scan_00197,val/outdoor/scene_00022/scan_00197/00022_00197_outdoor_310_020.png,8,2,0,0,512,256,768,46039,13212,98887.0,120618.70556053444,120959.56702545789,-340.86146492345006,41983.06134379305,42040.1781412782,-57.11679748515334,0.02991312579736486,0.02095848909876338,0.7608753043813601,0.823739029480166
148,outdoor,scene_00022,outdoor/scene_00022/scan_00197,val/outdoor/scene_00022/scan_00197/00022_00197_outdoor_310_020.png,9,2,1,256,512,512,768,52505,7584,82841.0,64939.084114121826,65243.25786104333,-304.17374692150344,34987.929937264766,35223.16252425428,-235.2325869895162,0.024476476124155648,0.03323248237869357,0.7905121352033099,0.8030415317398175
148,outdoor,scene_00022,outdoor/scene_00022/scan_00197,val/outdoor/scene_00022/scan_00197/00022_00197_outdoor_310_020.png,10,2,2,512,512,768,768,62428,5864,85884.0,26786.780757076187,26708.807424441333,77.97333263485373,16784.744864079377,16709.40656943657,75.33829464280566,0.03551935005970602,0.03550919993489382,0.5298254947885829,2.2291611202141994
148,outdoor,scene_00022,outdoor/scene_00022/scan_00197,val/outdoor/scene_00022/scan_00197/00022_00197_outdoor_310_020.png,11,2,3,768,512,1024,768,65193,971,69077.0,6888.188196346641,6825.805219491993,62.382976854648504,5827.892889627958,5768.150660048203,59.74222957975422,0.015932985934731032,0.01472471256270681,0.906575400998518,2.0972208621450448
149,outdoor,scene_00022,outdoor/scene_00022/scan_00197,val/outdoor/scene_00022/scan_00197/00022_00197_outdoor_350_020.png,0,0,0,0,0,256,256,61439,1793,68611.0,28069.33256940484,27990.778130801787,78.55443860305459,15306.288054528082,15433.887361850264,-127.5993073221818,0.04425399650361635,0.05925327796551468,1.2505256223936423,0.751169445501894
149,outdoor,scene_00022,outdoor/scene_00022/scan_00197,val/outdoor/scene_00022/scan_00197/00022_00197_outdoor_350_020.png,1,0,1,256,0,512,256,41000,8968,76872.0,372606.52230665425,365723.1427529525,6883.379553701693,119895.6277116939,117265.64917170588,2629.978539987997,0.06882166204099081,0.07896885715972456,0.9526747110412948,0.2654549168269222
149,outdoor,scene_00022,outdoor/scene_00022/scan_00197,val/outdoor/scene_00022/scan_00197/00022_00197_outdoor_350_020.png,2,0,2,512,0,768,256,31254,7893,62826.0,591748.3449393112,591255.1819402678,493.16299904327605,179135.87628343666,178649.85777463287,486.0185088037698,0.05473699809657653,0.03560780170972261,0.602611117436532,0.019639579624279375
149,outdoor,scene_00022,outdoor/scene_00022/scan_00197,val/outdoor/scene_00022/scan_00197/00022_00197_outdoor_350_020.png,3,0,3,768,0,1024,256,35926,6374,61422.0,159781.994929777,158998.7146810187,783.2802487583085,69627.37388091093,69706.15198903537,-78.7781081244332,0.05039639771724476,0.06067913825479135,0.6003397869039914,-0.016459921237588607
149,outdoor,scene_00022,outdoor/scene_00022/scan_00197,val/outdoor/scene_00022/scan_00197/00022_00197_outdoor_350_020.png,4,1,0,0,256,256,512,64983,602,67391.0,16832.35301958937,17085.58649421429,-253.23347462491918,13840.870639700566,13986.439906624677,-145.5692669241115,0.03458258080521428,0.025711589853336003,0.8176928538207425,0.4374263687719189
149,outdoor,scene_00022,outdoor/scene_00022/scan_00197,val/outdoor/scene_00022/scan_00197/00022_00197_outdoor_350_020.png,5,1,1,256,256,512,512,59546,5124,80042.0,188216.51258698036,187207.7204407408,1008.7921462395296,56908.310965392884,56663.658089781646,244.65287561123893,0.04732884999664065,0.014522069561123126,0.3659946858830229,0.4793585189596975
149,outdoor,scene_00022,outdoor/scene_00022/scan_00197,val/outdoor/scene_00022/scan_00197/00022_00197_outdoor_350_020.png,6,1,2,512,256,768,512,54964,3857,70392.0,233654.92001923913,233719.7916409744,-64.87162173527086,66948.72000006062,66964.30401144642,-15.584011385800682,0.04039280892920215,0.0010840091188896567,0.13573303100446577,0.5587975460852845
149,outdoor,scene_00022,outdoor/scene_00022/scan_00197,val/outdoor/scene_00022/scan_00197/00022_00197_outdoor_350_020.png,7,1,3,768,256,1024,512,50659,5714,73515.0,98543.55259197504,97571.15915488714,972.3934370879028,39323.846971667415,39042.89519909168,280.95177257572976,0.03342812879216778,0.03015564178701582,0.5284731423230498,0.35675675913683225
149,outdoor,scene_00022,outdoor/scene_00022/scan_00197,val/outdoor/scene_00022/scan_00197/00022_00197_outdoor_350_020.png,8,2,0,0,512,256,768,63404,2824,74700.0,61866.63994929819,61797.30838158189,69.33156771630297,35181.8727188792,35139.11084109182,42.761877787395285,0.03368947705191106,0.00663215001673067,0.2872071897129065,0.47967065612552784
149,outdoor,scene_00022,outdoor/scene_00022/scan_00197,val/outdoor/scene_00022/scan_00197/00022_00197_outdoor_350_020.png,9,2,1,256,512,512,768,62986,7888,94538.0,280799.1187659647,281019.5914696057,-220.47270364092972,77943.8009079977,78017.77124112728,-73.97033312957609,0.03329711371278263,0.006813421649958828,0.21911574423410038,0.5794635457066414
149,outdoor,scene_00022,outdoor/scene_00022/scan_00197,val/outdoor/scene_00022/scan_00197/00022_00197_outdoor_350_020.png,10,2,2,512,512,768,768,56757,7761,87801.0,304479.8395243776,304053.0644691726,426.7750552049733,89900.11594998783,89811.65544754047,88.46050244735599,0.03591117004670636,0.006884774680388958,0.21138887062329767,0.6060407127528091
149,outdoor,scene_00022,outdoor/scene_00022/scan_00197,val/outdoor/scene_00022/scan_00197/00022_00197_outdoor_350_020.png,11,2,3,768,512,1024,768,52323,4524,70419.0,98288.9014952162,98475.7496076616,-186.84811244540134,48789.92201348049,48843.099942184475,-53.177928703982474,0.027276221535370924,0.023247994762740518,0.38740394460373195,0.6924021232829131
150,outdoor,scene_00023,outdoor/scene_00023/scan_00198,val/outdoor/scene_00023/scan_00198/00023_00198_outdoor_000_020.png,0,0,0,0,0,256,256,0,0,0.0,0.0,0.0,0.0,0.0,0.0,0.0,0.006569091820487876,0.0,1e-06,-1.8138793110847473e-06
150,outdoor,scene_00023,outdoor/scene_00023/scan_00198,val/outdoor/scene_00023/scan_00198/00023_00198_outdoor_000_020.png,1,0,1,256,0,512,256,1668,0,1668.0,1307.0045337097108,1306.5330112951922,0.47152241451872845,1307.0045337097108,1306.5330112951922,0.47152241451872845,0.008464445463939126,0.0031382305514764744,0.26422162968778323,-0.0006143673829976062
150,outdoor,scene_00023,outdoor/scene_00023/scan_00198,val/outdoor/scene_00023/scan_00198/00023_00198_outdoor_000_020.png,2,0,2,512,0,768,256,270,0,270.0,210.49762238025477,210.45666701326212,0.040955366992631026,210.49762238025477,210.45666701326212,0.040955366992631026,0.006534323898998249,0.0007692163422356015,0.23835055528308263,0.0
150,outdoor,scene_00023,outdoor/scene_00023/scan_00198,val/outdoor/scene_00023/scan_00198/00023_00198_outdoor_000_020.png,3,0,3,768,0,1024,256,0,0,0.0,0.0,0.0,0.0,0.0,0.0,0.0,0.006176972194489301,0.0,1e-06,-1.6451225876808165e-06
150,outdoor,scene_00023,outdoor/scene_00023/scan_00198,val/outdoor/scene_00023/scan_00198/00023_00198_outdoor_000_020.png,4,1,0,0,256,256,512,20792,2426,30496.0,9736.3035576224,9746.371415162983,-10.067857540583567,7709.508916003819,7723.569391133469,-14.060475129651216,0.01774752161420126,0.02768779245981226,0.7507070306093805,-0.013393057235801538
150,outdoor,scene_00023,outdoor/scene_00023/scan_00198,val/outdoor/scene_00023/scan_00198/00023_00198_outdoor_000_020.png,5,1,1,256,256,512,512,15520,781,18644.0,5278.779970909541,5113.492298027722,165.28767288181794,4211.277048249002,4039.9095151123774,171.36753313662538,0.03571546040399904,0.117972475918174,0.7481273141865432,0.020567462200387285
150,outdoor,scene_00023,outdoor/scene_00023/scan_00198,val/outdoor/scene_00023/scan_00198/00023_00198_outdoor_000_020.png,6,1,2,512,256,768,512,12629,28,12741.0,4001.505538407138,3672.109971214269,329.3955671928683,3951.4907696404325,3623.133237463613,328.35753217681923,0.035786365870065506,0.07946145868029554,0.6006316097647794,-0.014939140911860863
150,outdoor,scene_00023,outdoor/scene_00023/scan_00198,val/outdoor/scene_00023/scan_00198/00023_00198_outdoor_000_020.png,7,1,3,768,256,1024,512,12028,2,12036.0,2728.7664649690983,2790.3627008649946,-61.596235895895866,2724.6159144345593,2786.0737349069614,-61.457820472401224,0.034463076868028644,0.1266803024849454,0.7338640333746878,0.010049085792597444
150,outdoor,scene_00023,outdoor/scene_00023/scan_00198,val/outdoor/scene_00023/scan_00198/00023_00198_outdoor_000_020.png,8,2,0,0,512,256,768,36498,3251,49502.0,13306.933627516271,13306.6703034425,0.2633240737698799,10523.033107681176,10527.40725988819,-4.3741522070139425,0.03335776484335888,0.023205980858823912,0.758371092637333,0.29724579801674406
150,outdoor,scene_00023,outdoor/scene_00023/scan_00198,val/outdoor/scene_00023/scan_00198/00023_00198_outdoor_000_020.png,9,2,1,256,512,512,768,46902,10647,89490.0,22557.88587325409,22408.18989001076,149.69598324333074,11672.866845521545,11539.167722143251,133.69912337829294,0.034352739134050354,0.10828798225057515,0.7979464524249107,0.4974462436155868
150,outdoor,scene_00023,outdoor/scene_00023/scan_00198,val/outdoor/scene_00023/scan_00198/00023_00198_outdoor_000_020.png,10,2,2,512,512,768,768,35277,3773,50369.0,9762.81928384514,9773.28319951837,-10.463915673229394,7308.754712914433,7061.006265624555,247.74844728987733,0.041520497856977485,0.1673488301382571,0.8749163307773957,0.38747488642475747
150,outdoor,scene_00023,outdoor/scene_00023/scan_00198,val/outdoor/scene_00023/scan_00198/00023_00198_outdoor_000_020.png,11,2,3,768,512,1024,768,34101,620,36581.0,4611.367957778839,5053.2019179991075,-441.8339602202683,4285.679914988709,4726.866906076992,-441.18699108828235,0.03989852264560187,0.16214210988535974,0.870693983768273,0.39150365318815306
151,outdoor,scene_00023,outdoor/scene_00023/scan_00198,val/outdoor/scene_00023/scan_00198/00023_00198_outdoor_070_020.png,0,0,0,0,0,256,256,10405,1142,14973.0,1712.756904374421,2260.1115087518156,-547.3546043773947,1541.1701993829292,2082.295968307103,-541.1257689241738,0.017381160708884576,0.03684767607690609,0.9861278387231034,0.0028280377822092017
151,outdoor,scene_00023,outdoor/scene_00023/scan_00198,val/outdoor/scene_00023/scan_00198/00023_00198_outdoor_070_020.png,1,0,1,256,0,512,256,40091,1640,46651.0,2400.717104762136,2735.459972304723,-334.7428675425871,1854.8326868058502,2059.6397073538596,-204.80702054800955,0.016699405053649887,0.016835635083506748,0.7790538861411529,0.010522108494622283
151,outdoor,scene_00023,outdoor/scene_00023/scan_00198,val/outdoor/scene_00023/scan_00198/00023_00198_outdoor_070_020.png,2,0,2,512,0,768,256,35362,508,37394.0,1897.4970040862997,1877.6354111750818,19.86159291121794,1811.2956709250325,1791.9823976870034,19.313273238029055,0.014147475600114435,0.008658586386642013,0.5026132323801699,0.00248057556282356
151,outdoor,scene_00023,outdoor/scene_00023/scan_00198,val/outdoor/scene_00023/scan_00198/00023_00198_outdoor_070_020.png,3,0,3,768,0,1024,256,25292,357,26720.0,1111.7265123490765,1129.2809971524152,-17.55448480333887,1076.6319888451521,1093.6486716750387,-17.01668282988645,0.013600083855906489,0.007642013414137268,0.5070454169472076,0.001357719009529782
151,outdoor,scene_00023,outdoor/scene_00023/scan_00198,val/outdoor/scene_00023/scan_00198/00023_00198_outdoor_070_020.png,4,1,0,0,256,256,512,40574,11315,85834.0,6753.607967975303,6952.975601635922,-199.3676336606199,3318.7005000921354,3345.202089176182,-26.501589084046863,0.029834833479368904,0.0381991777631563,0.8159714585033969,0.08803217370089031
151,outdoor,scene_00023,outdoor/scene_00023/scan_00198,val/outdoor/scene_00023/scan_00198/00023_00198_outdoor_070_020.png,5,1,1,256,256,512,512,65329,2931,77053.0,2119.492969246992,2036.804019878442,82.68894936855003,1390.3909097256455,1324.3363210261095,66.05458869953605,0.019631496924822175,0.00995043575451961,0.5108226906409868,0.8902554433392463
151,outdoor,scene_00023,outdoor/scene_00023/scan_00198,val/outdoor/scene_00023/scan_00198/00023_00198_outdoor_070_020.png,6,1,2,512,256,768,512,65389,301,66593.0,1119.1905895889047,1167.1484987720837,-47.9579091831789,1065.3512173861445,1113.3700921691395,-48.01887478299515,0.022976846467100714,0.004401907761689326,0.37596187341262977,1.2882827203131404
151,outdoor,scene_00023,outdoor/scene_00023/scan_00198,val/outdoor/scene_00023/scan_00198/00023_00198_outdoor_070_020.png,7,1,3,768,256,1024,512,65452,620,67932.0,881.7217360332716,906.6525531062796,-24.930817073008004,785.7005828143781,806.0822459807052,-20.381663166327037,0.022705679806263875,0.004017070955179258,0.3072431507477334,1.2670352669768634
151,outdoor,scene_00023,outdoor/scene_00023/scan_00198,val/outdoor/scene_00023/scan_00198/00023_00198_outdoor_070_020.png,8,2,0,0,512,256,768,54091,15141,114655.0,10499.690305073984,10586.986218247719,-87.29591317373445,4451.858228401459,4499.93172247294,-48.07349407148114,0.015191532495002873,0.025590176250458896,0.8913353417942482,0.48020353839694924
151,outdoor,scene_00023,outdoor/scene_00023/scan_00198,val/outdoor/scene_00023/scan_00198/00023_00198_outdoor_070_020.png,9,2,1,256,512,512,768,63918,8865,99378.0,5487.607809150062,5440.683985188614,46.923823961447255,3340.579975027135,3283.4206898182174,57.15928520891713,0.01944735020936456,0.020517668474937238,0.5471282677929536,1.730509835071053
151,outdoor,scene_00023,outdoor/scene_00023/scan_00198,val/outdoor/scene_00023/scan_00198/00023_00198_outdoor_070_020.png,10,2,2,512,512,768,768,61425,6688,88177.0,3598.417966250531,3669.2995137577723,-70.88154750724148,2576.2200310218095,2618.4205475123763,-42.2005164905666,0.01834738860511207,0.017171327367511806,0.48470633092427495,1.8199934878483033
151,outdoor,scene_00023,outdoor/scene_00023/scan_00198,val/outdoor/scene_00023/scan_00198/00023_00198_outdoor_070_020.png,11,2,3,768,512,1024,768,59992,9206,96816.0,3534.716234438998,3605.621298891645,-70.90506445264671,2401.4093482994117,2430.5843942357724,-29.175045936360576,0.020512773953242063,0.018083343464823036,0.4927425620644325,1.7164747586363662
152,outdoor,scene_00023,outdoor/scene_00023/scan_00198,val/outdoor/scene_00023/scan_00198/00023_00198_outdoor_190_020.png,0,0,0,0,0,256,256,65536,0,65536.0,379.59210139606546,400.8771543380909,-21.285052942025395,379.59210139606546,400.8771543380909,-21.285052942025395,0.00821908214242503,0.0008185735616072854,0.31598294826087,0.9746610608033649
152,outdoor,scene_00023,outdoor/scene_00023/scan_00198,val/outdoor/scene_00023/scan_00198/00023_00198_outdoor_190_020.png,1,0,1,256,0,512,256,65536,0,65536.0,254.36988891195915,252.81733690585193,1.5525520061072118,254.36988891195915,252.81733690585193,1.5525520061072118,0.008249629254475034,0.0007615014481373917,0.11064724529279404,1.7598275092712277
152,outdoor,scene_00023,outdoor/scene_00023/scan_00198,val/outdoor/scene_00023/scan_00198/00023_00198_outdoor_190_020.png,2,0,2,512,0,768,256,65536,0,65536.0,181.83913353496297,179.98396709764717,1.8551664373158256,181.83913353496297,179.98396709764717,1.8551664373158256,0.006929140878667899,0.0006634059524939817,0.043175334511015254,2.070812607817745
152,outdoor,scene_00023,outdoor/scene_00023/scan_00198,val/outdoor/scene_00023/scan_00198/00023_00198_outdoor_190_020.png,3,0,3,768,0,1024,256,50249,1736,57193.0,4658.565454525293,4806.887609352239,-148.32215482694622,3160.4983507957604,3264.923379386058,-104.42502859029707,0.03163924514866691,0.010487937910786256,0.41567049591709776,0.29403072560801397
152,outdoor,scene_00023,outdoor/scene_00023/scan_00198,val/outdoor/scene_00023/scan_00198/00023_00198_outdoor_190_020.png,4,1,0,0,256,256,512,65536,5457,87364.0,659.0129631358786,569.6052770753831,89.40768606049552,456.2135944858749,420.91119587529454,35.30239861058038,0.008135781567138836,0.002431125216703063,0.10420415800054392,1.6869612782723844
152,outdoor,scene_00023,outdoor/scene_00023/scan_00198,val/outdoor/scene_00023/scan_00198/00023_00198_outdoor_190_020.png,5,1,1,256,256,512,512,65536,5598,87928.0,725.9536304116606,679.4190275851225,46.53460282653807,613.8819518863302,599.6375534028004,14.244398483529697,0.008527147700176842,0.002334018073951214,0.08990507118224064,1.7945494316398178
152,outdoor,scene_00023,outdoor/scene_00023/scan_00198,val/outdoor/scene_00023/scan_00198/00023_00198_outdoor_190_020.png,6,1,2,512,256,768,512,65536,5626,88040.0,872.9362101221456,879.2298740713509,-6.2936639492052215,692.7043592871859,695.8536085816695,-3.149249294483567,0.007968826829869187,0.0025447130738133995,0.3035840479564174,0.8913176516819604
152,outdoor,scene_00023,outdoor/scene_00023/scan_00198,val/outdoor/scene_00023/scan_00198/00023_00198_outdoor_190_020.png,7,1,3,768,256,1024,512,54384,15622,116872.0,9619.817939351486,10509.675536481347,-889.8575971298617,4407.3369073777485,4693.620329281143,-286.28342190339396,0.033145292472142436,0.018236863072011437,0.5276789418577283,0.010330497674528557
152,outdoor,scene_00023,outdoor/scene_00023/scan_00198,val/outdoor/scene_00023/scan_00198/00023_00198_outdoor_190_020.png,8,2,0,0,512,256,768,61072,3903,76684.0,3713.973020290019,3881.036044007197,-167.06302371717769,2148.9887812096754,2285.269232472331,-136.28045126265587,0.011471095489980107,0.025646149051069846,1.129223066273236,1.4265291097248838
152,outdoor,scene_00023,outdoor/scene_00023/scan_00198,val/outdoor/scene_00023/scan_00198/00023_00198_outdoor_190_020.png,9,2,1,256,512,512,768,64190,5378,85702.0,12368.579414416814,12313.310019695184,55.26939472162921,6514.998968749547,6481.274480886323,33.72448786322575,0.008516755675317048,0.026660834655383072,0.9977535649009911,1.7984868665733784
152,outdoor,scene_00023,outdoor/scene_00023/scan_00198,val/outdoor/scene_00023/scan_00198/00023_00198_outdoor_190_020.png,10,2,2,512,512,768,768,63129,7724,94025.0,20980.31883688227,22058.102635117866,-1077.7837982355954,10291.011162356988,10683.823703537182,-392.8125411801948,0.00895853054276429,0.027404050853582194,1.1812956137056918,0.5501019319764147
152,outdoor,scene_00023,outdoor/scene_00023/scan_00198,val/outdoor/scene_00023/scan_00198/00023_00198_outdoor_190_020.png,11,2,3,768,512,1024,768,53444,22900,145044.0,39623.419411184135,39148.071867399645,475.3475437844893,13723.403354584992,13739.795856769964,-16.392502184973893,0.023191000172580706,0.03650104668167428,0.9463907064270709,-0.19098792981578527
153,outdoor,scene_00023,outdoor/scene_00023/scan_00198,val/outdoor/scene_00023/scan_00198/00023_00198_outdoor_220_010.png,0,0,0,0,0,256,256,65536,30,65656.0,2941.1903785062027,2928.031489761798,13.158888744404269,2939.0754084203404,2925.9165087915153,13.158899628825612,0.008801147487878094,0.0011223511057856825,0.12269981697331564,0.23824915065596047
153,outdoor,scene_00023,outdoor/scene_00023/scan_00198,val/outdoor/scene_00023/scan_00198/00023_00198_outdoor_220_010.png,1,0,1,256,0,512,256,65536,3814,80792.0,1602.887295902577,1627.5167787724163,-24.629482869839237,1433.7136860343862,1446.8604716754935,-13.146785641107222,0.008552905494186051,0.001838793006239326,0.14156848441213124,0.32505104919263295
153,outdoor,scene_00023,outdoor/scene_00023/scan_00198,val/outdoor/scene_00023/scan_00198/00023_00198_outdoor_220_010.png,2,0,2,512,0,768,256,65536,5350,86936.0,1367.5171576165726,1364.9407930197467,2.576364596826152,733.3470880175341,744.8705554888547,-11.523467471320556,0.008911729515388912,0.0020854943457513254,0.14362635667724555,0.5400880623858922
153,outdoor,scene_00023,outdoor/scene_00023/scan_00198,val/outdoor/scene_00023/scan_00198/00023_00198_outdoor_220_010.png,3,0,3,768,0,1024,256,65536,5991,89500.0,2923.657480876029,2891.5880541768493,32.069426699179225,1876.4813542728582,1876.9655530331506,-0.4841987602925464,0.007857067863597397,0.0023060217608604386,0.16173541229074892,0.7047158977483396
153,outdoor,scene_00023,outdoor/scene_00023/scan_00198,val/outdoor/scene_00023/scan_00198/00023_00198_outdoor_220_010.png,4,1,0,0,256,256,512,62700,12870,114180.0,5021.758735340698,4891.893836043029,129.86489929766847,2148.5716557903684,2217.1686395261854,-68.5969837358168,0.01385900216759383,0.01701273109375104,0.5463864345030032,0.08460100424110734
153,outdoor,scene_00023,outdoor/scene_00023/scan_00198,val/outdoor/scene_00023/scan_00198/00023_00198_outdoor_220_010.png,5,1,1,256,256,512,512,61870,4794,81046.0,2859.3047678643406,3237.7023905172628,-378.3976226529223,1720.924844374939,1978.1081664357466,-257.1833220608076,0.009567807428567447,0.014602442862442484,0.6185734102652866,0.22849066095672046
153,outdoor,scene_00023,outdoor/scene_00023/scan_00198,val/outdoor/scene_00023/scan_00198/00023_00198_outdoor_220_010.png,6,1,2,512,256,768,512,57424,7177,86132.0,2755.3620108821133,2718.9619305139245,36.400080368188405,1848.133729454009,1831.3093772143288,16.824352239680067,0.009729156610795408,0.018571350564680247,0.6187873710332822,0.36331743134831473
153,outdoor,scene_00023,outdoor/scene_00023/scan_00198,val/outdoor/scene_00023/scan_00198/00023_00198_outdoor_220_010.png,7,1,3,768,256,1024,512,61820,3889,77376.0,5086.186264576638,5251.949680100943,-165.7634155243038,3503.7559659179374,3663.3320548280485,-159.5760889101112,0.00998926638437362,0.015353908233923168,0.6226247327013797,0.7391382829879355
153,outdoor,scene_00023,outdoor/scene_00023/scan_00198,val/outdoor/scene_00023/scan_00198/00023_00198_outdoor_220_010.png,8,2,0,0,512,256,768,62527,7556,92751.0,3624.8726990980836,3629.3762447250356,-4.503545626952237,2231.403824110249,2240.284683326123,-8.880859215873302,0.018580100033534483,0.009788502330892903,0.5728559693836506,2.2341114902094064
153,outdoor,scene_00023,outdoor/scene_00023/scan_00198,val/outdoor/scene_00023/scan_00198/00023_00198_outdoor_220_010.png,9,2,1,256,512,512,768,58964,5997,82952.0,1720.1101411925365,1711.6255561040462,8.484585088490817,1059.8321307624465,1067.5089739634695,-7.6768432010230985,0.01853736613954861,0.012738218409764045,0.7030859635004781,2.0523191319600365
153,outdoor,scene_00023,outdoor/scene_00023/scan_00198,val/outdoor/scene_00023/scan_00198/00023_00198_outdoor_220_010.png,10,2,2,512,512,768,768,54570,4512,72618.0,1496.4608913990533,1485.2612018466582,11.199689552395444,1003.2241331446974,994.0374184967998,9.186714647897666,0.01545952649416556,0.007213336753495991,0.6215978204092815,2.850174682709597
153,outdoor,scene_00023,outdoor/scene_00023/scan_00198,val/outdoor/scene_00023/scan_00198/00023_00198_outdoor_220_010.png,11,2,3,768,512,1024,768,64721,12682,115449.0,10477.31649435075,10780.257150841748,-302.9406564909949,4620.102133072238,4752.630243419531,-132.52811034729302,0.013891045014753056,0.03422677156535196,1.0576406669426528,1.4758009169834023
154,outdoor,scene_00023,outdoor/scene_00023/scan_00198,val/outdoor/scene_00023/scan_00198/00023_00198_outdoor_230_000.png,0,0,0,0,0,256,256,63366,5909,87002.0,4345.402493375086,3915.469171578326,429.9333217967593,2949.956334834445,2695.523560859927,254.43277397451808,0.01121531768993027,0.012367406004471573,0.44120838576017196,0.23984144851011316
154,outdoor,scene_00023,outdoor/scene_00023/scan_00198,val/outdoor/scene_00023/scan_00198/00023_00198_outdoor_230_000.png,1,0,1,256,0,512,256,63942,10974,107838.0,4398.807868927314,4306.611694615187,92.1961743121277,2441.8140290078723,2351.397877474703,90.41615153316924,0.013423862101068117,0.01503845877791231,0.43311243541597155,0.3763545213307128
154,outdoor,scene_00023,outdoor/scene_00023/scan_00198,val/outdoor/scene_00023/scan_00198/00023_00198_outdoor_230_000.png,2,0,2,512,0,768,256,63115,5445,84895.0,2948.953356140479,3174.118924837472,-225.16556869699332,1742.995819173116,1913.1256387715976,-170.12981959848167,0.008643999184087096,0.012581809165415958,0.5654546889561716,0.5210871386744813
154,outdoor,scene_00023,outdoor/scene_00023/scan_00198,val/outdoor/scene_00023/scan_00198/00023_00198_outdoor_230_000.png,3,0,3,768,0,1024,256,62540,5909,86176.0,5040.251336027997,4892.036001046885,148.21533498111188,2926.37151792313,3058.391942075922,-132.02042415279254,0.00844238454535368,0.017596059365583817,0.6064645466295044,1.0384365157071196
154,outdoor,scene_00023,outdoor/scene_00023/scan_00198,val/outdoor/scene_00023/scan_00198/00023_00198_outdoor_230_000.png,4,1,0,0,256,256,512,63186,10699,105982.0,3910.197485934573,4224.017546261529,-313.8200603269553,2217.2157377118738,2374.3825986309453,-157.1668609190718,0.020032981629639512,0.012151245235434495,0.6470850539267388,0.7876771541877842
154,outdoor,scene_00023,outdoor/scene_00023/scan_00198,val/outdoor/scene_00023/scan_00198/00023_00198_outdoor_230_000.png,5,1,1,256,256,512,512,61712,7440,91472.0,3000.5112980764466,3059.995072287031,-59.48377421058423,1744.4710946219952,1756.6946819389452,-12.223587316950042,0.01951407278573567,0.010776085025366186,0.7041844884417161,0.8133249531442835
154,outdoor,scene_00023,outdoor/scene_00023/scan_00198,val/outdoor/scene_00023/scan_00198/00023_00198_outdoor_230_000.png,6,1,2,512,256,768,512,56011,5878,79523.0,2461.955371614786,2378.6816395399055,83.27373207488043,1600.5141176934176,1557.0379581717402,43.476159521677324,0.016363584293073462,0.013651036342633803,0.7156575654497334,1.483595963576948
154,outdoor,scene_00023,outdoor/scene_00023/scan_00198,val/outdoor/scene_00023/scan_00198/00023_00198_outdoor_230_000.png,7,1,3,768,256,1024,512,49970,3591,64334.0,3768.2228860605805,3756.4629237332892,11.75996232729087,2658.437030704972,2650.0373048530037,8.399725851968402,0.014612075592413221,0.007158542832750585,0.5208642098637281,3.31510277314792
154,outdoor,scene_00023,outdoor/scene_00023/scan_00198,val/outdoor/scene_00023/scan_00198/00023_00198_outdoor_230_000.png,8,2,0,0,512,256,768,65487,6755,92507.0,1127.6588301231684,1331.367034717213,-203.7082045940446,583.0237831360962,625.4827116241011,-42.4589284880048,0.022177828302623156,0.013386208001693404,0.6128747858554651,2.8537740853419504
154,outdoor,scene_00023,outdoor/scene_00023/scan_00198,val/outdoor/scene_00023/scan_00198/00023_00198_outdoor_230_000.png,9,2,1,256,512,512,768,64749,5820,88029.0,2055.9469476124254,2123.2718487911493,-67.3249011787238,1120.4113278277214,1139.452579300479,-19.041251472757722,0.02391761771294626,0.014468606793127264,0.707486717553681,2.699285511473218
154,outdoor,scene_00023,outdoor/scene_00023/scan_00198,val/outdoor/scene_00023/scan_00198/00023_00198_outdoor_230_000.png,10,2,2,512,512,768,768,62814,2705,73634.0,1362.0047344794632,1361.2723733285707,0.732361150892352,900.9618825500793,907.2901659397842,-6.328283389704769,0.021529497794356766,0.011018952319611296,0.4730022213666679,4.275635052659906
154,outdoor,scene_00023,outdoor/scene_00023/scan_00198,val/outdoor/scene_00023/scan_00198/00023_00198_outdoor_230_000.png,11,2,3,768,512,1024,768,65468,3098,77860.0,1418.9670739180192,1416.446388206857,2.5206857111625514,1141.9478532922028,1141.6628103098171,0.2850429823856109,0.01969672827310973,0.011966703435489258,0.4254168304224072,4.517779770050119
155,outdoor,scene_00023,outdoor/scene_00023/scan_00198,val/outdoor/scene_00023/scan_00198/00023_00198_outdoor_250_030.png,0,0,0,0,0,256,256,124,0,124.0,1956.0830425539475,1956.0830409995317,1.5544158813440845e-06,1956.0830425539475,1956.0830409995317,1.5544158813440845e-06,0.006828674872337279,0.0,1e-06,-3.698933482170105e-06
155,outdoor,scene_00023,outdoor/scene_00023/scan_00198,val/outdoor/scene_00023/scan_00198/00023_00198_outdoor_250_030.png,1,0,1,256,0,512,256,2188,6,2212.0,42530.66188017384,42530.1131295075,0.5487506663269084,42015.80672163259,42015.25761748588,0.5491041467087694,0.013374900132002076,0.0,0.0012408012005588448,-0.003813932090753031
155,outdoor,scene_00023,outdoor/scene_00023/scan_00198,val/outdoor/scene_00023/scan_00198/00023_00198_outdoor_250_030.png,2,0,2,512,0,768,256,16524,451,18328.0,48853.55641671852,50143.527372906115,-1289.9709561876125,46625.87883008196,47880.59188220017,-1254.7130521182066,0.015184905741819861,0.018794738928384035,0.6618982612661461,-1.1558630460035126
155,outdoor,scene_00023,outdoor/scene_00023/scan_00198,val/outdoor/scene_00023/scan_00198/00023_00198_outdoor_250_030.png,3,0,3,768,0,1024,256,61354,2824,72650.0,14553.856473382464,17424.645135592298,-2870.788662209833,7864.854666232162,8266.24031404586,-401.38564781369604,0.013137356771259245,0.04798774269037576,0.5997572116746394,0.7063373473909813
155,outdoor,scene_00023,outdoor/scene_00023/scan_00198,val/outdoor/scene_00023/scan_00198/00023_00198_outdoor_250_030.png,4,1,0,0,256,256,512,178,14,234.0,3254.7504520664615,3254.7263951653085,0.024056901152945898,2484.511355720863,2484.495691671127,0.015664049736230368,0.00944506009144384,0.0,0.0014486789945570694,-0.003972600030313126
155,outdoor,scene_00023,outdoor/scene_00023/scan_00198,val/outdoor/scene_00023/scan_00198/00023_00198_outdoor_250_030.png,5,1,1,256,256,512,512,17007,3222,29895.0,21560.80122938892,28201.84479161361,-6641.043562224691,17803.912658018577,23606.669860521222,-5802.757202502642,0.016886375032011812,0.01827832218992959,0.7471464705836188,0.0034592911450667804
155,outdoor,scene_00023,outdoor/scene_00023/scan_00198,val/outdoor/scene_00023/scan_00198/00023_00198_outdoor_250_030.png,6,1,2,512,256,768,512,61460,1472,67348.0,4642.590730097323,4112.001118445099,530.5896116522244,3370.0996348049925,2793.06737536225,577.0322594427427,0.01291357762509785,0.03820436474606235,0.5380288497413256,0.1643037608084664
155,outdoor,scene_00023,outdoor/scene_00023/scan_00198,val/outdoor/scene_00023/scan_00198/00023_00198_outdoor_250_030.png,7,1,3,768,256,1024,512,65536,50,65736.0,1198.6379143823992,1197.0089499913524,1.628964391046864,1194.0690619416982,1192.4666060864615,1.6024558552368693,0.008617665415916366,0.004239469906278166,0.2460188432116026,2.2000768025648942
155,outdoor,scene_00023,outdoor/scene_00023/scan_00198,val/outdoor/scene_00023/scan_00198/00023_00198_outdoor_250_030.png,8,2,0,0,512,256,768,10293,3990,26253.0,14798.27858200937,15232.423155545323,-434.1445735359511,7875.241935177474,7955.583444175424,-80.3415089979502,0.02249380516280949,0.013640908319907325,0.5797559779617084,-0.0027923507772071336
155,outdoor,scene_00023,outdoor/scene_00023/scan_00198,val/outdoor/scene_00023/scan_00198/00023_00198_outdoor_250_030.png,9,2,1,256,512,512,768,61948,25124,162444.0,9528.84077562671,9325.837480733135,203.00329489357577,3833.322895083996,3783.6047856874866,49.7181093965096,0.010761983805502402,0.016155080118268796,0.539099037509525,0.17196602275502243
155,outdoor,scene_00023,outdoor/scene_00023/scan_00198,val/outdoor/scene_00023/scan_00198/00023_00198_outdoor_250_030.png,10,2,2,512,512,768,768,65536,1184,70272.0,2722.8322086368,2722.565387406719,0.26682123008101005,2490.9510333894486,2490.098787187543,0.8522462019052486,0.007738780854442826,0.004314727973134045,0.2747611140466102,1.4962122144966548
155,outdoor,scene_00023,outdoor/scene_00023/scan_00198,val/outdoor/scene_00023/scan_00198/00023_00198_outdoor_250_030.png,11,2,3,768,512,1024,768,65536,4413,83188.0,2718.465879908113,2669.6841759743807,48.78170393373291,1774.760039657603,1790.8459269134898,-16.085887255887016,0.009142748209737865,0.005437697470448925,0.27508354277509767,2.3930765275961448
156,outdoor,scene_00023,outdoor/scene_00023/scan_00198,val/outdoor/scene_00023/scan_00198/00023_00198_outdoor_270_010.png,0,0,0,0,0,256,256,846,131,1370.0,8165363.866599013,5396344.248358303,2769019.61824071,6087106.8240869185,4072314.3257353776,2014792.4983515413,0.008749494752123898,0.002298477746143268,0.17060656034099722,-7.072180405487723e-05
156,outdoor,scene_00023,outdoor/scene_00023/scan_00198,val/outdoor/scene_00023/scan_00198/00023_00198_outdoor_270_010.png,1,0,1,256,0,512,256,2158,489,4114.0,26424987.623565465,24184641.158445757,2240346.4651197125,17070731.16846105,15652155.949164188,1418575.2192968656,0.012497518098813316,0.0035532994426384673,0.4245329766139935,-0.00038036138367876927
156,outdoor,scene_00023,outdoor/scene_00023/scan_00198,val/outdoor/scene_00023/scan_00198/00023_00198_outdoor_270_010.png,2,0,2,512,0,768,256,11208,1012,15256.0,11513123.229646802,5822697.841070571,5690425.38857623,8084160.75127205,3832740.8403882706,4251419.91088378,0.018531040370249975,0.01849446414198061,0.5052895290493825,0.01686375795378173
156,outdoor,scene_00023,outdoor/scene_00023/scan_00198,val/outdoor/scene_00023/scan_00198/00023_00198_outdoor_270_010.png,3,0,3,768,0,1024,256,62699,152,63307.0,3294.523975730451,3990.585948179267,-696.0619724488154,3056.8715541442716,3801.5227961705273,-744.6512420262557,0.010816149414849253,0.031073169684866626,0.2962739189604042,0.6477953045840036
156,outdoor,scene_00023,outdoor/scene_00023/scan_00198,val/outdoor/scene_00023/scan_00198/00023_00198_outdoor_270_010.png,4,1,0,0,256,256,512,32218,6327,57526.0,4619528.60934198,3720628.2678924603,898900.3414495199,3387625.8987456136,2725610.4170358507,662015.4817097622,0.02799221452309069,0.021018248741089634,0.6555727446265265,0.05123362394914918
156,outdoor,scene_00023,outdoor/scene_00023/scan_00198,val/outdoor/scene_00023/scan_00198/00023_00198_outdoor_270_010.png,5,1,1,256,256,512,512,36095,14758,95127.0,2159825.8290525023,2325352.068140647,-165526.23908814503,1203454.3037813357,1350320.7352364063,-146866.43145507106,0.037613467633320775,0.014544837439918055,0.4508012647042934,0.028293058927087413
156,outdoor,scene_00023,outdoor/scene_00023/scan_00198,val/outdoor/scene_00023/scan_00198/00023_00198_outdoor_270_010.png,6,1,2,512,256,768,512,38611,7644,69187.0,451486.2301029921,468913.0631415478,-17426.833038555596,436118.11437343305,456084.4285578633,-19966.31418443027,0.033039487968613016,0.02026070682974301,0.6142500406040431,0.11802416641881906
156,outdoor,scene_00023,outdoor/scene_00023/scan_00198,val/outdoor/scene_00023/scan_00198/00023_00198_outdoor_270_010.png,7,1,3,768,256,1024,512,54718,4448,72510.0,4320.321269502111,4124.737177437511,195.58409206460095,2969.107270182266,2860.6059322890214,108.50133789324452,0.019193948532743994,0.015584275214015265,0.6527710869755858,0.7105319254370784
156,outdoor,scene_00023,outdoor/scene_00023/scan_00198,val/outdoor/scene_00023/scan_00198/00023_00198_outdoor_270_010.png,8,2,0,0,512,256,768,65284,3137,77832.0,2696.6467308629462,2669.766490249473,26.880240613473493,1876.259221617398,1870.2382527392488,6.020968878149681,0.012950600462673302,0.019706816041884172,0.8192044652631109,1.4783659970095877
156,outdoor,scene_00023,outdoor/scene_00023/scan_00198,val/outdoor/scene_00023/scan_00198/00023_00198_outdoor_270_010.png,9,2,1,256,512,512,768,65536,5480,87456.0,3078.359681209771,3074.3710437915975,3.9886374181737816,1863.456101331733,1861.595223021349,1.8608783103838498,0.012505894120939566,0.021287506671934547,0.7291799362710607,1.1311682286750175
156,outdoor,scene_00023,outdoor/scene_00023/scan_00198,val/outdoor/scene_00023/scan_00198/00023_00198_outdoor_270_010.png,10,2,2,512,512,768,768,65023,3567,79291.0,1656.7849404176238,1682.0862730096565,-25.30133259203225,1222.2228320293336,1206.8593248838447,15.363507145488759,0.016506938464224102,0.01879535595944406,0.8789267412698109,1.3437875370517671
156,outdoor,scene_00023,outdoor/scene_00023/scan_00198,val/outdoor/scene_00023/scan_00198/00023_00198_outdoor_270_010.png,11,2,3,768,512,1024,768,64055,2614,74511.0,2682.9304845255688,2824.8741561302995,-141.94367160473092,2125.454358003441,2243.2561325712422,-117.801774567801,0.023659923994419886,0.022337548488471894,0.7714685172408403,3.55760536866891
157,outdoor,scene_00023,outdoor/scene_00023/scan_00198,val/outdoor/scene_00023/scan_00198/00023_00198_outdoor_300_010.png,0,0,0,0,0,256,256,1108,17,1176.0,690.6809783778331,696.5717671563046,-5.890788778471551,661.4029733571117,665.6394032029433,-4.236429845831635,0.01611987095270921,0.030519476824695038,1.029007008635765,0.006585135439458278
157,outdoor,scene_00023,outdoor/scene_00023/scan_00198,val/outdoor/scene_00023/scan_00198/00023_00198_outdoor_300_010.png,1,0,1,256,0,512,256,373,16,437.0,59.832338922843796,52.54480426945809,7.28753465338572,49.82300031738319,44.54227206341421,5.280728253968985,0.00855065978062269,0.0013276922506525017,0.9133366140818843,-0.0040074601253121634
157,outdoor,scene_00023,outdoor/scene_00023/scan_00198,val/outdoor/scene_00023/scan_00198/00023_00198_outdoor_300_010.png,2,0,2,512,0,768,256,0,0,0.0,0.0,0.0,0.0,0.0,0.0,0.0,0.005770018746451819,0.0,0.48490556645710453,0.0
157,outdoor,scene_00023,outdoor/scene_00023/scan_00198,val/outdoor/scene_00023/scan_00198/00023_00198_outdoor_300_010.png,3,0,3,768,0,1024,256,1092,209,1928.0,4003.148587006464,3771.5860561453464,231.5625308611177,2483.3362470076736,2300.5550462217225,182.78120078595157,0.010363805697458876,0.0026942712785333277,0.21087803879574882,-5.6709288702056106e-05
157,outdoor,scene_00023,outdoor/scene_00023/scan_00198,val/outdoor/scene_00023/scan_00198/00023_00198_outdoor_300_010.png,4,1,0,0,256,256,512,30501,3877,46009.0,10868.042002850678,10563.14525800828,304.896744842398,5069.2380249049465,4875.043564050032,194.1944608549141,0.046200180989463234,0.03805110674239521,0.6930982097144199,1.0179981793668578
157,outdoor,scene_00023,outdoor/scene_00023/scan_00198,val/outdoor/scene_00023/scan_00198/00023_00198_outdoor_300_010.png,5,1,1,256,256,512,512,21911,2008,29943.0,4494.352678151825,4611.642748687022,-117.29007053519574,2977.189396059187,3067.8885991626616,-90.69920310347436,0.041836900595043865,0.020442884075580117,0.6792225355065067,0.37011216796641233
157,outdoor,scene_00023,outdoor/scene_00023/scan_00198,val/outdoor/scene_00023/scan_00198/00023_00198_outdoor_300_010.png,6,1,2,512,256,768,512,27121,2982,39049.0,4003.4352947109937,3962.6099033594246,40.825391351568925,2691.066347231343,2710.5539459321803,-19.487598700837246,0.024336685054445657,0.02038279996389864,0.6752763252329841,0.07374153769508207
157,outdoor,scene_00023,outdoor/scene_00023/scan_00198,val/outdoor/scene_00023/scan_00198/00023_00198_outdoor_300_010.png,7,1,3,768,256,1024,512,35804,9479,73720.0,24337.43800956592,23635.86598676399,701.572022801929,10971.732028730952,10681.957849916695,289.7741788142552,0.03154641344593051,0.01708164896210316,0.5910409739975833,0.05742646705380775
157,outdoor,scene_00023,outdoor/scene_00023/scan_00198,val/outdoor/scene_00023/scan_00198/00023_00198_outdoor_300_010.png,8,2,0,0,512,256,768,65472,1616,71936.0,1865.7550492155765,1886.8293450551112,-21.074295839534642,1650.6432264224713,1652.1328942620905,-1.4896678396191234,0.018075230557553737,0.015360526881104017,0.5703279796274858,3.6561099904590204
157,outdoor,scene_00023,outdoor/scene_00023/scan_00198,val/outdoor/scene_00023/scan_00198/00023_00198_outdoor_300_010.png,9,2,1,256,512,512,768,65432,1965,73292.0,1251.2915626411339,1331.258638488554,-79.96707584742003,967.5262733204161,998.7469652227144,-31.22069190229822,0.013121616259579777,0.018088476644780707,0.7242360432228316,2.3012720365132306
157,outdoor,scene_00023,outdoor/scene_00023/scan_00198,val/outdoor/scene_00023/scan_00198/00023_00198_outdoor_300_010.png,10,2,2,512,512,768,768,64441,2730,75361.0,2183.456019549789,2159.8935561453663,23.56246340442263,1692.1510045701134,1694.3263595489311,-2.175354978817662,0.014799326866021055,0.016757836871735772,0.7340815551005139,2.1216511200728165
157,outdoor,scene_00023,outdoor/scene_00023/scan_00198,val/outdoor/scene_00023/scan_00198/00023_00198_outdoor_300_010.png,11,2,3,768,512,1024,768,65520,12882,117048.0,4533.996999880366,4485.338707285026,48.65829259533987,2545.4521701038975,2526.0466113618213,19.40555874207656,0.012901335554200078,0.020459656290723088,0.7287996415013421,1.4942629808001961
158,outdoor,scene_00023,outdoor/scene_00023/scan_00198,val/outdoor/scene_00023/scan_00198/00023_00198_outdoor_310_020.png,0,0,0,0,0,256,256,174,0,174.0,143.559863105874,143.61358140100972,-0.053718295135719796,143.559863105874,143.61358140100972,-0.053718295135719796,0.007267158296295628,0.0019474865623429825,0.31243758178295955,-0.0005308038596457103
158,outdoor,scene_00023,outdoor/scene_00023/scan_00198,val/outdoor/scene_00023/scan_00198/00023_00198_outdoor_310_020.png,1,0,1,256,0,512,256,10,0,10.0,8.364789732599958,8.364784146124535,5.586475421814896e-06,8.364789732599958,8.364784146124535,5.586475421814896e-06,0.007891129539615079,0.0042797538853874,0.26540557630978534,-0.0025521677038099237
158,outdoor,scene_00023,outdoor/scene_00023/scan_00198,val/outdoor/scene_00023/scan_00198/00023_00198_outdoor_310_020.png,2,0,2,512,0,768,256,0,0,0.0,0.0,0.0,0.0,0.0,0.0,0.0,0.007060763100288286,0.0,8.044393739229729e-06,-6.6569467756502025e-06
158,outdoor,scene_00023,outdoor/scene_00023/scan_00198,val/outdoor/scene_00023/scan_00198/00023_00198_outdoor_310_020.png,3,0,3,768,0,1024,256,0,0,0.0,0.0,0.0,0.0,0.0,0.0,0.0,0.007321302705082203,0.0,1e-06,-1.902986228466034e-06
158,outdoor,scene_00023,outdoor/scene_00023/scan_00198,val/outdoor/scene_00023/scan_00198/00023_00198_outdoor_310_020.png,4,1,0,0,256,256,512,3536,0,3536.0,2288.1628035541426,2173.2300419644394,114.93276158970319,2288.1628035541426,2173.2300419644394,114.93276158970319,0.02898929479635838,0.10662080546958158,0.9923145273243721,0.006159974403407802
158,outdoor,scene_00023,outdoor/scene_00023/scan_00198,val/outdoor/scene_00023/scan_00198/00023_00198_outdoor_310_020.png,5,1,1,256,256,512,512,1353,0,1353.0,918.6840838830078,856.5989978108505,62.085086072157274,918.6840838830078,856.5989978108505,62.085086072157274,0.021193716042505147,0.0355132483553603,0.8185839355370452,0.02316564466225159
158,outdoor,scene_00023,outdoor/scene_00023/scan_00198,val/outdoor/scene_00023/scan_00198/00023_00198_outdoor_310_020.png,6,1,2,512,256,768,512,598,0,598.0,356.7270104301597,353.6858504370323,3.0411599931272897,356.7270104301597,353.6858504370323,3.0411599931272897,0.011002765673676279,0.004071279508332849,0.7285893037789292,-4.948624309688603e-05
158,outdoor,scene_00023,outdoor/scene_00023/scan_00198,val/outdoor/scene_00023/scan_00198/00023_00198_outdoor_310_020.png,7,1,3,768,256,1024,512,0,0,0.0,0.0,0.0,0.0,0.0,0.0,0.0,0.005917235401563783,0.00011795988794951073,0.43165314390380033,0.0
158,outdoor,scene_00023,outdoor/scene_00023/scan_00198,val/outdoor/scene_00023/scan_00198/00023_00198_outdoor_310_020.png,8,2,0,0,512,256,768,40976,10676,83680.0,35264.70998592856,31079.98780558294,4184.722180345617,14990.896449069292,13256.040459592019,1734.8559894772725,0.05202901275389908,0.1989099284333566,1.1247275945389044,0.20594538373710902
158,outdoor,scene_00023,outdoor/scene_00023/scan_00198,val/outdoor/scene_00023/scan_00198/00023_00198_outdoor_310_020.png,9,2,1,256,512,512,768,34413,2084,42749.0,9324.586946340523,8862.663005401198,461.92394093932353,4713.386370448772,4503.32583803733,210.06053241144332,0.042624671197948986,0.04738888468606784,0.7821688600253943,0.4941368298673921
158,outdoor,scene_00023,outdoor/scene_00023/scan_00198,val/outdoor/scene_00023/scan_00198/00023_00198_outdoor_310_020.png,10,2,2,512,512,768,768,27450,851,30854.0,4325.647702582099,4266.8105827597865,58.83711982231246,3322.484599033265,3259.0911920298627,63.39340700340209,0.03948545464245748,0.024058948478434754,0.83563912756702,0.1887087930733226
158,outdoor,scene_00023,outdoor/scene_00023/scan_00198,val/outdoor/scene_00023/scan_00198/00023_00198_outdoor_310_020.png,11,2,3,768,512,1024,768,32236,380,33756.0,2209.1997396693782,2135.7891593327145,73.41058033666334,1992.9611084497317,1936.416491007623,56.54461744210855,0.024697241056930344,0.0229960613108843,0.8263007351086862,0.08383347244764154
159,outdoor,scene_00023,outdoor/scene_00023/scan_00198,val/outdoor/scene_00023/scan_00198/00023_00198_outdoor_320_010.png,0,0,0,0,0,256,256,5967,2,5975.0,2952.6251772628048,3155.826012439506,-203.20083517670147,2950.610981056454,3153.418250113165,-202.80726905671145,0.02452051164269307,0.10751891779301642,1.020050098458752,0.0018561158209514132
159,outdoor,scene_00023,outdoor/scene_00023/scan_00198,val/outdoor/scene_00023/scan_00198/00023_00198_outdoor_320_010.png,1,0,1,256,0,512,256,2921,123,3413.0,2082.8293573262645,2055.2071157831615,27.62224154310319,1658.9270714044592,1631.9721443646738,26.954927039785353,0.025101063408897707,0.06254674344813191,0.8836399517263681,0.002246689037312916
159,outdoor,scene_00023,outdoor/scene_00023/scan_00198,val/outdoor/scene_00023/scan_00198/00023_00198_outdoor_320_010.png,2,0,2,512,0,768,256,845,24,941.0,536.9319592883344,559.877063148336,-22.945103860001606,471.9241458294349,492.72350747210527,-20.799361642670338,0.011556136390077743,0.012806356437310092,0.8344396288259487,-0.0009361866247830556
159,outdoor,scene_00023,outdoor/scene_00023/scan_00198,val/outdoor/scene_00023/scan_00198/00023_00198_outdoor_320_010.png,3,0,3,768,0,1024,256,409,25,509.0,346.0658123436382,345.19227819062644,0.873534153011701,277.23564707984826,276.60581910551844,0.629827974329814,0.008912635276807825,0.0009432274310697542,0.6616870966648964,-0.0038950983992306473
159,outdoor,scene_00023,outdoor/scene_00023/scan_00198,val/outdoor/scene_00023/scan_00198/00023_00198_outdoor_320_010.png,4,1,0,0,256,256,512,29371,3603,43783.0,13473.249173124572,13312.521901959455,160.7272711651144,10574.194875175415,10324.482258949858,249.71261622555906,0.042974088769177805,0.23062971168737345,0.9439231363498274,0.21296935482466653
159,outdoor,scene_00023,outdoor/scene_00023/scan_00198,val/outdoor/scene_00023/scan_00198/00023_00198_outdoor_320_010.png,5,1,1,256,256,512,512,35347,16071,99631.0,36930.69935376663,34430.25964183466,2500.439711931971,12618.976059279676,11652.8726058654,966.1034534142751,0.05857630300923192,0.20816487490709323,0.7687614430706631,0.17474884287028836
159,outdoor,scene_00023,outdoor/scene_00023/scan_00198,val/outdoor/scene_00023/scan_00198/00023_00198_outdoor_320_010.png,6,1,2,512,256,768,512,27956,3533,42088.0,7437.205623133973,7160.466978129538,276.7386450044358,3363.08146185944,3224.5199767511604,138.56148510827921,0.04752362523182026,0.052064298838088455,0.6512623581996243,0.34930556165216536
159,outdoor,scene_00023,outdoor/scene_00023/scan_00198,val/outdoor/scene_00023/scan_00198/00023_00198_outdoor_320_010.png,7,1,3,768,256,1024,512,22617,2601,33021.0,4245.660122804781,4209.191809685306,36.46831311947547,2329.0248798219172,2306.33709848518,22.687781336737014,0.04011603203019232,0.020505029419447863,0.6441448949259475,0.08788849967169392
159,outdoor,scene_00023,outdoor/scene_00023/scan_00198,val/outdoor/scene_00023/scan_00198/00023_00198_outdoor_320_010.png,8,2,0,0,512,256,768,64875,1320,70155.0,1918.4096615484839,1908.8996665433779,9.509995005106063,1674.4453876945415,1677.8879880657223,-3.442600371180582,0.011210557041450372,0.010884787157639728,0.5241855874553886,3.635515703650882
159,outdoor,scene_00023,outdoor/scene_00023/scan_00198,val/outdoor/scene_00023/scan_00198/00023_00198_outdoor_320_010.png,9,2,1,256,512,512,768,65073,4082,81401.0,2485.3557081447816,2504.704872171861,-19.34916402707973,1779.7502526486103,1798.778767932388,-19.028515283777665,0.019612761559026658,0.019493370476530405,0.7410789572595446,1.8804610569643956
159,outdoor,scene_00023,outdoor/scene_00023/scan_00198,val/outdoor/scene_00023/scan_00198/00023_00198_outdoor_320_010.png,10,2,2,512,512,768,768,65493,2195,74273.0,1867.127925546933,1815.2254967508443,51.90242879608879,1504.4837930424117,1480.4712146556135,24.01257838679833,0.01718434200863976,0.014046152749256522,0.563659271645887,2.5862413827668855
159,outdoor,scene_00023,outdoor/scene_00023/scan_00198,val/outdoor/scene_00023/scan_00198/00023_00198_outdoor_320_010.png,11,2,3,768,512,1024,768,65312,4961,85156.0,5365.360281733611,5304.454156856091,60.906124877521194,3720.4563780996687,3705.128540868136,15.327837231532632,0.013937427699087604,0.01568217389196971,0.5979190414522698,2.0111013704562435
160,outdoor,scene_00023,outdoor/scene_00023/scan_00199,val/outdoor/scene_00023/scan_00199/00023_00199_outdoor_010_000.png,0,0,0,0,0,256,256,48456,8061,80700.0,28948.917620283413,29164.570809523517,-215.6531892401033,17319.4946914687,17372.97240546686,-53.47771399816072,0.03273141886882931,0.03761181803616023,0.5315995098064044,0.12080390592061441
160,outdoor,scene_00023,outdoor/scene_00023/scan_00199,val/outdoor/scene_00023/scan_00199/00023_00199_outdoor_010_000.png,1,0,1,256,0,512,256,42266,8556,76490.0,24900.691746741068,26027.18778588405,-1126.4960391429822,13849.443294785284,14431.345124879048,-581.9018300937634,0.03638813352119678,0.0473757632497733,0.5468397228181127,-0.167300190956159
160,outdoor,scene_00023,outdoor/scene_00023/scan_00199,val/outdoor/scene_00023/scan_00199/00023_00199_outdoor_010_000.png,2,0,2,512,0,768,256,40873,6985,68813.0,16019.436659268145,16033.967668120322,-14.531008852177088,9413.433574962546,9347.337889441906,66.09568552064057,0.02890981769734488,0.028415124696733303,0.5203325111387124,-0.03523761756959421
160,outdoor,scene_00023,outdoor/scene_00023/scan_00199,val/outdoor/scene_00023/scan_00199/00023_00199_outdoor_010_000.png,3,0,3,768,0,1024,256,54572,11339,99928.0,26274.429598694376,26184.443198857956,89.98639983641593,14694.092451070032,14653.950085235676,40.14236583435617,0.023090998150316375,0.010467966901517356,0.28899889965804465,0.8007781934663881
160,outdoor,scene_00023,outdoor/scene_00023/scan_00199,val/outdoor/scene_00023/scan_00199/00023_00199_outdoor_010_000.png,4,1,0,0,256,256,512,64352,5247,85340.0,6271.5868269759885,6421.285476527952,-149.69864955196303,4948.3707477145945,5046.058060767244,-97.68731305264895,0.028015695720888797,0.013417515531940124,0.7339343385866794,0.7171204988535969
160,outdoor,scene_00023,outdoor/scene_00023/scan_00199,val/outdoor/scene_00023/scan_00199/00023_00199_outdoor_010_000.png,5,1,1,256,256,512,512,64332,7938,96084.0,3615.4545831723103,3736.825698922713,-121.37111575040275,2267.1935732406923,2342.857222797774,-75.66364955708191,0.030108613853033664,0.013571129000502558,0.6780630799777623,0.5920784196045402
160,outdoor,scene_00023,outdoor/scene_00023/scan_00199,val/outdoor/scene_00023/scan_00199/00023_00199_outdoor_010_000.png,6,1,2,512,256,768,512,63180,9103,99592.0,3981.7657573928855,4033.989408849838,-52.22365145695271,2572.9550337750115,2595.8404925512987,-22.885458776287173,0.029658967446765265,0.013779205047929892,0.5853388493751107,0.871240597319567
160,outdoor,scene_00023,outdoor/scene_00023/scan_00199,val/outdoor/scene_00023/scan_00199/00023_00199_outdoor_010_000.png,7,1,3,768,256,1024,512,63894,9688,102646.0,8766.686946459251,8746.998274117836,19.688672341417245,5895.465923869301,5883.103425594918,12.362498274383261,0.032578620186606976,0.012696120691881464,0.5946148670398321,1.0214329458109057
160,outdoor,scene_00023,outdoor/scene_00023/scan_00199,val/outdoor/scene_00023/scan_00199/00023_00199_outdoor_010_000.png,8,2,0,0,512,256,768,65464,734,68400.0,3597.021955339185,3606.6939671038963,-9.672011764711293,3447.00325188829,3456.0142075893136,-9.010955701023551,0.03293704701556444,0.015918888580953916,1.2590517803484789,3.9158168620746157
160,outdoor,scene_00023,outdoor/scene_00023/scan_00199,val/outdoor/scene_00023/scan_00199/00023_00199_outdoor_010_000.png,9,2,1,256,512,512,768,65515,398,67107.0,1262.9635908279681,1271.5351844229856,-8.571593595017465,1241.09172244926,1249.4857598312396,-8.394037381979517,0.03512860662848741,0.015958152365006608,2.157235061768908,1.655775453342797
160,outdoor,scene_00023,outdoor/scene_00023/scan_00199,val/outdoor/scene_00023/scan_00199/00023_00199_outdoor_010_000.png,10,2,2,512,512,768,768,65445,965,69305.0,2196.8248803731244,2198.77345862778,-1.9485782546560373,2040.672217875707,2042.4642480246844,-1.7920301489772659,0.04434679506547155,0.01583759114624781,1.0424349984644787,2.98358043800675
160,outdoor,scene_00023,outdoor/scene_00023/scan_00199,val/outdoor/scene_00023/scan_00199/00023_00199_outdoor_010_000.png,11,2,3,768,512,1024,768,65486,1304,70702.0,5432.971134743352,5432.415317172585,0.555817570767204,4965.876916698237,4965.031505097647,0.8454116005907817,0.0425745332094947,0.015629479930967815,1.0272942895020487,2.9033803563393983
161,outdoor,scene_00023,outdoor/scene_00023/scan_00199,val/outdoor/scene_00023/scan_00199/00023_00199_outdoor_020_010.png,0,0,0,0,0,256,256,24511,3290,37671.0,17097.617459175017,17594.546569370857,-496.92911019584153,10511.687371619508,10801.36318346715,-289.6758118476414,0.04301944935170407,0.07712413679154467,0.8719754167650244,0.12738772144613206
161,outdoor,scene_00023,outdoor/scene_00023/scan_00199,val/outdoor/scene_00023/scan_00199/00023_00199_outdoor_020_010.png,1,0,1,256,0,512,256,32967,7545,63147.0,16919.672343163336,17179.41748748246,-259.745144319121,9121.843439429767,9110.126444968191,11.71699446157782,0.06485887923983912,0.12722995083243724,0.8851461213526136,0.10831928130389974
161,outdoor,scene_00023,outdoor/scene_00023/scan_00199,val/outdoor/scene_00023/scan_00199/00023_00199_outdoor_020_010.png,2,0,2,512,0,768,256,37889,7814,69145.0,16050.07358283293,16839.55825604292,-789.4846732099936,9349.91520494254,9567.094178832285,-217.17897388974586,0.06624009536664721,0.15024038647828974,1.0306605963296145,0.1241986258165896
161,outdoor,scene_00023,outdoor/scene_00023/scan_00199,val/outdoor/scene_00023/scan_00199/00023_00199_outdoor_020_010.png,3,0,3,768,0,1024,256,39716,7152,68324.0,22999.208248921896,23163.232893237182,-164.02464431528912,13572.704758206026,13751.696722485336,-178.99196427930872,0.04304049605284684,0.06263012049048955,0.6098804242209176,0.1485923781593101
161,outdoor,scene_00023,outdoor/scene_00023/scan_00199,val/outdoor/scene_00023/scan_00199/00023_00199_outdoor_020_010.png,4,1,0,0,256,256,512,45116,5435,66856.0,18834.595895040555,18754.72763606531,79.86825897524551,11715.17373530074,11581.399989979021,133.7737453217162,0.03520260016385306,0.026264737184902846,0.7770784942134118,0.2757732151220745
161,outdoor,scene_00023,outdoor/scene_00023/scan_00199,val/outdoor/scene_00023/scan_00199/00023_00199_outdoor_020_010.png,5,1,1,256,256,512,512,48513,4917,68181.0,12347.0275593113,12252.407126390637,94.6204329206622,7531.260599168058,7401.419485019919,129.84111414813867,0.03343978218370774,0.022312113400933593,0.6898238248730005,0.25441353333165584
161,outdoor,scene_00023,outdoor/scene_00023/scan_00199,val/outdoor/scene_00023/scan_00199/00023_00199_outdoor_020_010.png,6,1,2,512,256,768,512,43912,6601,70316.0,13476.391504216772,13767.666375850695,-291.2748716339242,7503.574976137413,7690.72154436573,-187.14656822831685,0.0370938465786615,0.029492760962501353,0.6799466077019652,0.09588859232176504
161,outdoor,scene_00023,outdoor/scene_00023/scan_00199,val/outdoor/scene_00023/scan_00199/00023_00199_outdoor_020_010.png,7,1,3,768,256,1024,512,42831,5611,65275.0,12847.900459920304,12824.006771889735,23.89368803056688,8652.531840491252,8575.453620626176,77.07821986507345,0.026567165760948853,0.026951523480135096,0.6553579802356786,0.20754337179939406
161,outdoor,scene_00023,outdoor/scene_00023/scan_00199,val/outdoor/scene_00023/scan_00199/00023_00199_outdoor_020_010.png,8,2,0,0,512,256,768,63102,1456,68926.0,4794.159572352621,4809.90413766719,-15.744565314569261,4501.064874415191,4507.398036082989,-6.3331616677983185,0.02810457487249896,0.016725741491532577,0.9927038350293448,1.2654337376436988
161,outdoor,scene_00023,outdoor/scene_00023/scan_00199,val/outdoor/scene_00023/scan_00199/00023_00199_outdoor_020_010.png,9,2,1,256,512,512,768,64533,1410,70173.0,3812.3557493506682,3842.9872575488953,-30.631508198226697,3462.984177172611,3485.96997247543,-22.985795302818467,0.029630326741796935,0.016471232806003124,0.909039604102376,1.3627141306804997
161,outdoor,scene_00023,outdoor/scene_00023/scan_00199,val/outdoor/scene_00023/scan_00199/00023_00199_outdoor_020_010.png,10,2,2,512,512,768,768,64722,2558,74954.0,3601.75900805222,3674.7513859039445,-72.99237785172451,2932.0342781302115,2986.079041210015,-54.044763079803424,0.030836477707987815,0.016412016273376556,0.8830754150547832,0.9373466037165183
161,outdoor,scene_00023,outdoor/scene_00023/scan_00199,val/outdoor/scene_00023/scan_00199/00023_00199_outdoor_020_010.png,11,2,3,768,512,1024,768,64391,3288,77543.0,7088.1760696981655,7093.705073913889,-5.529004215722738,5905.318162996949,5898.248477735238,7.069685261709848,0.029089627287443007,0.01670657239954898,0.7861223589407206,1.4570401382179623
162,outdoor,scene_00023,outdoor/scene_00023/scan_00199,val/outdoor/scene_00023/scan_00199/00023_00199_outdoor_120_010.png,0,0,0,0,0,256,256,13423,345,14803.0,6020.1314900896095,6965.414745331756,-945.2832552421461,4943.8978087279265,5903.049113274338,-959.1513045464112,0.05449258198393185,0.17106164050598885,1.5455948414763785,-1.4950425565675178
162,outdoor,scene_00023,outdoor/scene_00023/scan_00199,val/outdoor/scene_00023/scan_00199/00023_00199_outdoor_120_010.png,1,0,1,256,0,512,256,18773,215,19633.0,7147.277637815028,7301.38505944652,-154.1074216314917,6611.986870977513,6766.236690030377,-154.24981905286378,0.05831031037398409,0.199388936932488,0.8037845121911804,0.08390663706814648
162,outdoor,scene_00023,outdoor/scene_00023/scan_00199,val/outdoor/scene_00023/scan_00199/00023_00199_outdoor_120_010.png,2,0,2,512,0,768,256,23457,3033,35589.0,13861.678209588925,13777.552056853066,84.12615273585811,12111.69288390842,12129.107098770188,-17.41421486176761,0.051923847963293385,0.11694305417877199,0.6022834472932784,0.06307691168572767
162,outdoor,scene_00023,outdoor/scene_00023/scan_00199,val/outdoor/scene_00023/scan_00199/00023_00199_outdoor_120_010.png,3,0,3,768,0,1024,256,20799,1639,27355.0,9493.615219864543,9983.1933452275,-489.5781253629567,8058.473227870041,8623.925886847783,-565.4526589777412,0.053924680347101676,0.17044169424350702,0.6462443952881073,0.14448234150653447
162,outdoor,scene_00023,outdoor/scene_00023/scan_00199,val/outdoor/scene_00023/scan_00199/00023_00199_outdoor_120_010.png,4,1,0,0,256,256,512,47699,16601,114103.0,5620.872117634473,5337.4367944228015,283.4353232116721,2401.048244508045,2297.763680522734,103.28456398531084,0.026729637630019582,0.0708246430578382,0.7645671332990182,0.2215971951941071
162,outdoor,scene_00023,outdoor/scene_00023/scan_00199,val/outdoor/scene_00023/scan_00199/00023_00199_outdoor_120_010.png,5,1,1,256,256,512,512,55086,9527,93194.0,5393.005798031372,4904.361838273374,488.6439597579979,2978.925738136194,2811.0884754965673,167.83726263962703,0.02209688498580507,0.04831567292701017,0.7499504555257506,0.15974356305255594
162,outdoor,scene_00023,outdoor/scene_00023/scan_00199,val/outdoor/scene_00023/scan_00199/00023_00199_outdoor_120_010.png,6,1,2,512,256,768,512,61022,4225,77922.0,3342.6963354598543,3350.3749689315036,-7.678633471649622,2278.328885911211,2287.4450999481487,-9.116214036937823,0.016493253071685855,0.004329758384853566,0.7974663929314438,0.04839143359344132
162,outdoor,scene_00023,outdoor/scene_00023/scan_00199,val/outdoor/scene_00023/scan_00199/00023_00199_outdoor_120_010.png,7,1,3,768,256,1024,512,57182,4007,73210.0,6757.511803684627,6771.146246162817,-13.634442478189424,3434.991203367354,3456.9618443759764,-21.9706410086223,0.019137740843025813,0.018195976722660403,0.8772396682639154,0.11846675746807439
162,outdoor,scene_00023,outdoor/scene_00023/scan_00199,val/outdoor/scene_00023/scan_00199/00023_00199_outdoor_120_010.png,8,2,0,0,512,256,768,65536,8655,100156.0,2051.620107422088,2053.9069395733804,-2.286832151292232,996.3900610261394,1002.6474912907188,-6.257430264579382,0.013976149092531701,0.014997093945513301,0.8394018160260963,2.2665614056368963
162,outdoor,scene_00023,outdoor/scene_00023/scan_00199,val/outdoor/scene_00023/scan_00199/00023_00199_outdoor_120_010.png,9,2,1,256,512,512,768,65523,4828,84835.0,1284.6868368421433,1225.0824806439584,59.60435619818481,789.9542258279655,764.0817619132755,25.87246391469008,0.015452162357484943,0.015571291424469646,0.729251824503688,2.491329072480557
162,outdoor,scene_00023,outdoor/scene_00023/scan_00199,val/outdoor/scene_00023/scan_00199/00023_00199_outdoor_120_010.png,10,2,2,512,512,768,768,65476,1652,72084.0,911.3218394672658,903.1575058114739,8.16433365579184,658.5842030267268,656.9616314529596,1.6225715737671358,0.013954980820973807,0.014671862615408086,0.5844655277480738,3.4626052340960856
162,outdoor,scene_00023,outdoor/scene_00023/scan_00199,val/outdoor/scene_00023/scan_00199/00023_00199_outdoor_120_010.png,11,2,3,768,512,1024,768,65536,1195,70316.0,886.7424201339736,954.7172822835579,-67.97486214958435,718.3022085572488,794.6105775795634,-76.30836902231448,0.012949547162655534,0.014744484175230495,0.9789940036257062,2.762886264848804
163,outdoor,scene_00023,outdoor/scene_00023/scan_00199,val/outdoor/scene_00023/scan_00199/00023_00199_outdoor_140_010.png,0,0,0,0,0,256,256,13744,3478,27656.0,12398.375095804007,12271.115236461499,127.25985934250517,6377.309345353447,6300.848144919013,76.46120043443366,0.05763202913719098,0.0964586317443782,0.6779013511779279,0.16983273262920068
163,outdoor,scene_00023,outdoor/scene_00023/scan_00199,val/outdoor/scene_00023/scan_00199/00023_00199_outdoor_140_010.png,1,0,1,256,0,512,256,14540,2640,25100.0,16150.970936790052,16045.977511813153,104.99342497690223,9113.476007814079,9006.301917170109,107.17409064396938,0.07035467809210519,0.1496646864858422,0.4072697988387453,0.14400388275289097
163,outdoor,scene_00023,outdoor/scene_00023/scan_00199,val/outdoor/scene_00023/scan_00199/00023_00199_outdoor_140_010.png,2,0,2,512,0,768,256,14039,231,14963.0,5392.856147085833,4976.635006989228,416.2211400966059,4655.817281150495,4258.938301033126,396.8789801173695,0.056792747812279006,0.1446027674091603,0.680269050705329,0.036650720183152616
163,outdoor,scene_00023,outdoor/scene_00023/scan_00199,val/outdoor/scene_00023/scan_00199/00023_00199_outdoor_140_010.png,3,0,3,768,0,1024,256,19757,197,20545.0,10946.935558503712,10977.70382139076,-30.768262887047328,10474.668130640306,10501.498976786013,-26.83084614570639,0.05509568161776256,0.16058932745919113,0.9424998401177324,0.0031847462455208302
163,outdoor,scene_00023,outdoor/scene_00023/scan_00199,val/outdoor/scene_00023/scan_00199/00023_00199_outdoor_140_010.png,4,1,0,0,256,256,512,61943,8796,97127.0,4453.799941754778,4503.349204699321,-49.54926294454317,2200.293196612065,2207.9156850799604,-7.622488467895154,0.018062635318030557,0.015891786171800516,0.7404516746653551,1.741376411588196
163,outdoor,scene_00023,outdoor/scene_00023/scan_00199,val/outdoor/scene_00023/scan_00199/00023_00199_outdoor_140_010.png,5,1,1,256,256,512,512,52858,9992,92826.0,4630.123531652611,4782.811287631441,-152.68775597883175,2574.482023579614,2645.954467747121,-71.47244416750651,0.035613018946607275,0.026895292467011302,0.8378424362257478,0.25910966599228197
163,outdoor,scene_00023,outdoor/scene_00023/scan_00199,val/outdoor/scene_00023/scan_00199/00023_00199_outdoor_140_010.png,6,1,2,512,256,768,512,46743,11907,94371.0,3866.344280578416,3598.6154285277366,267.7288520506793,2117.625487310959,1916.7939245084704,200.83156280248917,0.028234786082536906,0.05896529421621709,0.6407729148982908,0.21471252990061193
163,outdoor,scene_00023,outdoor/scene_00023/scan_00199,val/outdoor/scene_00023/scan_00199/00023_00199_outdoor_140_010.png,7,1,3,768,256,1024,512,58137,5612,80585.0,3311.862332541201,3280.8457309685527,31.01660157264831,2263.2097265994107,2197.1737306808063,66.0359959186042,0.0193465875052673,0.028687990336102306,0.6421186700738059,0.1644718193881167
163,outdoor,scene_00023,outdoor/scene_00023/scan_00199,val/outdoor/scene_00023/scan_00199/00023_00199_outdoor_140_010.png,8,2,0,0,512,256,768,64159,5352,85567.0,2001.404789289821,1883.9071565139673,117.49763277585382,1284.6406123585043,1241.7080552318148,42.93255712668948,0.01744280605343029,0.008306460103901979,0.4890602357752559,4.998438688653218
163,outdoor,scene_00023,outdoor/scene_00023/scan_00199,val/outdoor/scene_00023/scan_00199/00023_00199_outdoor_140_010.png,9,2,1,256,512,512,768,63154,4073,79446.0,2000.0121922602125,2039.2750969196297,-39.26290465941716,1432.713681464522,1490.0508784167207,-57.337196952198795,0.01717975137282987,0.019067468234160917,0.7089086758722918,2.990969355852125
163,outdoor,scene_00023,outdoor/scene_00023/scan_00199,val/outdoor/scene_00023/scan_00199/00023_00199_outdoor_140_010.png,10,2,2,512,512,768,768,65536,210,66376.0,523.5377647436243,520.7164435315933,2.821321212030929,501.1793938545022,498.3996591660778,2.779734688424347,0.014775333143695304,0.012579329733704141,0.8259229181352129,1.7132783019596822
163,outdoor,scene_00023,outdoor/scene_00023/scan_00199,val/outdoor/scene_00023/scan_00199/00023_00199_outdoor_140_010.png,11,2,3,768,512,1024,768,65491,1454,71307.0,558.7511146565018,611.4968523339162,-52.745737677414425,377.58268782892725,399.9766893859371,-22.394001557009922,0.016285369764866928,0.012723713313436089,0.5999598436807062,2.1334806737198755
164,outdoor,scene_00023,outdoor/scene_00023/scan_00199,val/outdoor/scene_00023/scan_00199/00023_00199_outdoor_220_020.png,0,0,0,0,0,256,256,63618,228,64530.0,2652397.3734128824,611903.3541605446,2040494.0192523377,2652127.1393714016,611638.088795808,2040489.050575594,0.01463783744234031,0.008289451098387175,0.26620857349668936,1.8382405981928218
164,outdoor,scene_00023,outdoor/scene_00023/scan_00199,val/outdoor/scene_00023/scan_00199/00023_00199_outdoor_220_020.png,1,0,1,256,0,512,256,22859,15,22919.0,10334395.126650913,963438.1583575596,9370956.968293352,10334388.010001265,963431.0315431425,9370956.978458121,0.01455260652729808,0.011424738224928323,0.6271711128068002,0.005359713837524396
164,outdoor,scene_00023,outdoor/scene_00023/scan_00199,val/outdoor/scene_00023/scan_00199/00023_00199_outdoor_220_020.png,2,0,2,512,0,768,256,0,0,0.0,0.0,0.0,0.0,0.0,0.0,0.0,0.010524842685419212,0.0,0.10010879455271174,0.0
164,outdoor,scene_00023,outdoor/scene_00023/scan_00199,val/outdoor/scene_00023/scan_00199/00023_00199_outdoor_220_020.png,3,0,3,768,0,1024,256,0,0,0.0,0.0,0.0,0.0,0.0,0.0,0.0,0.0073885040792776874,0.0,0.26589913718803077,0.0
164,outdoor,scene_00023,outdoor/scene_00023/scan_00199,val/outdoor/scene_00023/scan_00199/00023_00199_outdoor_220_020.png,4,1,0,0,256,256,512,65536,112,65984.0,10975.409198794965,10990.534157929373,-15.124959134406541,10892.949834224095,10908.170379640858,-15.220545416762263,0.009654129035957911,0.004908726628957743,0.3301015595480653,1.7831944807409748
164,outdoor,scene_00023,outdoor/scene_00023/scan_00199,val/outdoor/scene_00023/scan_00199/00023_00199_outdoor_220_020.png,5,1,1,256,256,512,512,44752,483,46684.0,15136027.73902197,11996710.150141848,3139317.5888801217,14505056.839312423,11814550.548644789,2690506.290667635,0.017134611684938413,0.014389414681811659,0.6095551453511951,0.08124804436012352
164,outdoor,scene_00023,outdoor/scene_00023/scan_00199,val/outdoor/scene_00023/scan_00199/00023_00199_outdoor_220_020.png,6,1,2,512,256,768,512,18298,1387,23846.0,10819079.455641417,13979010.38855891,-3159930.932917493,9753526.716559857,12559779.115079857,-2806252.3985200017,0.02576747704192756,0.016853590339167987,0.49832352116973416,0.0013336094374928754
164,outdoor,scene_00023,outdoor/scene_00023/scan_00199,val/outdoor/scene_00023/scan_00199/00023_00199_outdoor_220_020.png,7,1,3,768,256,1024,512,19438,4429,37154.0,2721510.4580735005,8289498.234963048,-5567987.776889548,2705631.618369857,7709871.214230562,-5004239.595860705,0.02536926579810339,0.009140662515215447,0.4014993290612938,0.004318909266988509
164,outdoor,scene_00023,outdoor/scene_00023/scan_00199,val/outdoor/scene_00023/scan_00199/00023_00199_outdoor_220_020.png,8,2,0,0,512,256,768,54166,826,57470.0,6704.295665684548,6721.268180238824,-16.97251455427684,6011.599844941108,5992.867904692928,18.731940248180052,0.012779110838380181,0.023127573547732528,0.8745097121968944,2.3993278662852227
164,outdoor,scene_00023,outdoor/scene_00023/scan_00199,val/outdoor/scene_00023/scan_00199/00023_00199_outdoor_220_020.png,9,2,1,256,512,512,768,57081,4580,75401.0,15375.99819099644,15247.627426554915,128.37076444152558,11033.383190668847,10937.679638166072,95.70355250277402,0.021116372714121277,0.025093066169144907,0.8227692175928665,0.9718899029728667
164,outdoor,scene_00023,outdoor/scene_00023/scan_00199,val/outdoor/scene_00023/scan_00199/00023_00199_outdoor_220_020.png,10,2,2,512,512,768,768,55247,11655,101867.0,33173.67168999178,32974.816241047345,198.85544894443365,19113.999405176186,19071.31176213076,42.68764304542262,0.02761816059399001,0.018643493056027843,0.6196663977338323,0.27347189883927836
164,outdoor,scene_00023,outdoor/scene_00023/scan_00199,val/outdoor/scene_00023/scan_00199/00023_00199_outdoor_220_020.png,11,2,3,768,512,1024,768,50733,21409,136369.0,205690.76622273942,146635.34305798856,59055.423164750886,149355.97535030337,110245.61881911565,39110.35653118774,0.014160887717563856,0.020396323697551066,0.6119685129579434,0.08294722598390793
165,outdoor,scene_00023,outdoor/scene_00023/scan_00199,val/outdoor/scene_00023/scan_00199/00023_00199_outdoor_250_010.png,0,0,0,0,0,256,256,65536,4954,85352.0,3249.6878539991326,3208.553457209079,41.13439679005334,2556.2462663182837,2555.82190349305,0.42436282523369107,0.008874069539253298,0.00253141934258575,0.21416687763161835,0.7037344642710545
165,outdoor,scene_00023,outdoor/scene_00023/scan_00199,val/outdoor/scene_00023/scan_00199/00023_00199_outdoor_250_010.png,1,0,1,256,0,512,256,65536,4391,83100.0,760.1091279749753,766.7743985631649,-6.66527058818966,652.6254442474635,656.0388432883956,-3.4133990409320623,0.008508048215269279,0.002227592553258655,0.2046941608498361,0.4294188062987215
165,outdoor,scene_00023,outdoor/scene_00023/scan_00199,val/outdoor/scene_00023/scan_00199/00023_00199_outdoor_250_010.png,2,0,2,512,0,768,256,65536,2288,74688.0,1965.9532658913104,1987.0507546330455,-21.097488741735123,1873.6324324456639,1887.8192701821617,-14.186837736498099,0.009288391346644772,0.0019092918505483653,0.1732448962897277,0.19322411120423022
165,outdoor,scene_00023,outdoor/scene_00023/scan_00199,val/outdoor/scene_00023/scan_00199/00023_00199_outdoor_250_010.png,3,0,3,768,0,1024,256,65489,0,65489.0,5365.142540731336,5346.736432978902,18.40610775243509,5365.142540731336,5346.736432978902,18.40610775243509,0.009145500957773597,0.001498460384537241,0.13243777773925536,0.12299146907101514
165,outdoor,scene_00023,outdoor/scene_00023/scan_00199,val/outdoor/scene_00023/scan_00199/00023_00199_outdoor_250_010.png,4,1,0,0,256,256,512,64570,5796,87754.0,7674.621468353282,6874.869122353461,799.7523459998229,4577.277415304862,4387.827359641256,189.45005566360624,0.00866308644404273,0.023116170348498336,0.8489253411108927,0.5062826783338921
165,outdoor,scene_00023,outdoor/scene_00023/scan_00199,val/outdoor/scene_00023/scan_00199/00023_00199_outdoor_250_010.png,5,1,1,256,256,512,512,60143,6792,87311.0,3174.025909971907,3173.8737535351847,0.15215643672141788,1816.5254984462301,1793.732608519384,22.79288992684581,0.010762527046509176,0.01812541142523229,0.6481592511828449,0.6062141635813022
165,outdoor,scene_00023,outdoor/scene_00023/scan_00199,val/outdoor/scene_00023/scan_00199/00023_00199_outdoor_250_010.png,6,1,2,512,256,768,512,51524,2562,61772.0,2180.6193129185544,2331.2973891421543,-150.6780762235996,1572.2459353913782,1703.1427189362867,-130.89678354490795,0.010393448959546548,0.014851968847457106,0.6572925599260453,0.18588359334987795
165,outdoor,scene_00023,outdoor/scene_00023/scan_00199,val/outdoor/scene_00023/scan_00199/00023_00199_outdoor_250_010.png,7,1,3,768,256,1024,512,57462,4963,77314.0,4988.964158649158,5199.010086335139,-210.04592768598076,3310.3248704687007,3524.738757029665,-214.4138865609645,0.01378764816721693,0.019130680051300114,0.7694302098467037,-0.11947019324422181
165,outdoor,scene_00023,outdoor/scene_00023/scan_00199,val/outdoor/scene_00023/scan_00199/00023_00199_outdoor_250_010.png,8,2,0,0,512,256,768,63391,3822,78679.0,7756.818991426042,7732.81716109863,24.001830327412968,5937.14904888446,5922.2604743280335,14.888574556425652,0.013276176682858354,0.007924621563694355,0.7655163189806543,3.6385041631551185
165,outdoor,scene_00023,outdoor/scene_00023/scan_00199,val/outdoor/scene_00023/scan_00199/00023_00199_outdoor_250_010.png,9,2,1,256,512,512,768,61516,7355,90936.0,2368.2663260104255,2331.8868619965942,36.379464013831196,1372.1500149818482,1335.5007786538035,36.64923632804477,0.020195373575174747,0.018743944781361925,1.0057379728603941,1.5104351724338119
165,outdoor,scene_00023,outdoor/scene_00023/scan_00199,val/outdoor/scene_00023/scan_00199/00023_00199_outdoor_250_010.png,10,2,2,512,512,768,768,65433,18024,137529.0,2875.1985598210235,2878.144275732918,-2.9457159118947,1261.3034781258461,1262.4391715363831,-1.1356934105367706,0.019359802915701187,0.02037093668983444,0.8556691433783651,2.3414173128999294
165,outdoor,scene_00023,outdoor/scene_00023/scan_00199,val/outdoor/scene_00023/scan_00199/00023_00199_outdoor_250_010.png,11,2,3,768,512,1024,768,64584,14112,121032.0,3752.0420922631647,3797.0531027396123,-45.01101047644779,2041.2790378658983,2051.4432358019426,-10.164197936044388,0.01816015378073101,0.014683019297319863,0.571562509216851,2.540183272241262
166,outdoor,scene_00023,outdoor/scene_00023/scan_00199,val/outdoor/scene_00023/scan_00199/00023_00199_outdoor_320_000.png,0,0,0,0,0,256,256,65401,4442,83169.0,1889.427541093079,1874.820339296236,14.607201796843102,1402.7893619700935,1403.7637061675719,-0.9743441974779621,0.007432628159208535,0.0028544421725856996,0.34968438124179746,0.44540216041389863
166,outdoor,scene_00023,outdoor/scene_00023/scan_00199,val/outdoor/scene_00023/scan_00199/00023_00199_outdoor_320_000.png,1,0,1,256,0,512,256,65531,4825,84831.0,958.2625777526404,961.746257758359,-3.4836800057185027,746.3471608501541,745.4794469446383,0.8677139055159273,0.008784246623062174,0.0031115705629524686,0.22342483637407756,0.7205359013663531
166,outdoor,scene_00023,outdoor/scene_00023/scan_00199,val/outdoor/scene_00023/scan_00199/00023_00199_outdoor_320_000.png,2,0,2,512,0,768,256,65536,2289,74692.0,336.2010846814415,335.71623815310886,0.4848465283326502,267.06709769952073,267.7253936848068,-0.6582959852860879,0.007557564179444035,0.0021075590404584063,0.24466150281535695,0.697659196476351
166,outdoor,scene_00023,outdoor/scene_00023/scan_00199,val/outdoor/scene_00023/scan_00199/00023_00199_outdoor_320_000.png,3,0,3,768,0,1024,256,65432,2727,76340.0,2099.113960733227,2105.0211012559635,-5.907140522736286,1838.4635509151335,1844.8883332103267,-6.424782295193255,0.013781005075948793,0.0019091926843337148,0.107636951713751,1.3967948272908888
166,outdoor,scene_00023,outdoor/scene_00023/scan_00199,val/outdoor/scene_00023/scan_00199/00023_00199_outdoor_320_000.png,4,1,0,0,256,256,512,64699,11468,110571.0,2457.9805491668376,2418.340242567687,39.640306599150705,1519.130908075102,1487.8004720622412,31.33043601286109,0.015215334790534187,0.019969713330757734,0.6769557413954627,0.6336189428973323
166,outdoor,scene_00023,outdoor/scene_00023/scan_00199,val/outdoor/scene_00023/scan_00199/00023_00199_outdoor_320_000.png,5,1,1,256,256,512,512,65083,16455,130903.0,2007.8360358323412,1940.883902938606,66.95213289373498,1017.0088796738406,985.9172687009049,31.091610972935847,0.019471195553105003,0.017238243172239768,0.6426167352685147,0.2601595947985815
166,outdoor,scene_00023,outdoor/scene_00023/scan_00199,val/outdoor/scene_00023/scan_00199/00023_00199_outdoor_320_000.png,6,1,2,512,256,768,512,65493,14407,123121.0,1261.9615101778782,1268.873189347665,-6.911679169786698,795.9823012012204,798.9087879877602,-2.9264867865397637,0.01769645169843823,0.013909882269206862,0.6108041410733,0.4650874032228983
166,outdoor,scene_00023,outdoor/scene_00023/scan_00199,val/outdoor/scene_00023/scan_00199/00023_00199_outdoor_320_000.png,7,1,3,768,256,1024,512,65504,14897,125092.0,3136.2115510040494,2999.756878976265,136.4546720277841,1742.5410958685304,1706.6322977728898,35.90879809564065,0.012483629350907894,0.013131947579271535,0.4989351203776506,0.8338099144096446
166,outdoor,scene_00023,outdoor/scene_00023/scan_00199,val/outdoor/scene_00023/scan_00199/00023_00199_outdoor_320_000.png,8,2,0,0,512,256,768,64758,3293,77930.0,1649.1005991301317,1649.865410562553,-0.7648114324214925,1458.0708742745824,1458.579577769297,-0.5087034947146323,0.03507619617190914,0.023268412115280225,1.6211987391929097,1.9950939274606898
166,outdoor,scene_00023,outdoor/scene_00023/scan_00199,val/outdoor/scene_00023/scan_00199/00023_00199_outdoor_320_000.png,9,2,1,256,512,512,768,64506,1884,72042.0,1584.6712877516497,1592.7966679335611,-8.12538018191109,1325.0873042680837,1333.207553863942,-8.120249595858482,0.030138729154595867,0.023242466183174347,1.1288281526546617,2.5744424449090113
166,outdoor,scene_00023,outdoor/scene_00023/scan_00199,val/outdoor/scene_00023/scan_00199/00023_00199_outdoor_320_000.png,10,2,2,512,512,768,768,62320,1066,66584.0,1687.7720492657177,1690.211716468949,-2.4396672032311777,1537.5852574567189,1540.4762395592702,-2.8909821025515985,0.03044882417974742,0.023286277839598336,1.2725980056789583,2.4727683177785424
166,outdoor,scene_00023,outdoor/scene_00023/scan_00199,val/outdoor/scene_00023/scan_00199/00023_00199_outdoor_320_000.png,11,2,3,768,512,1024,768,65536,227,66444.0,1107.7030741565839,1107.7953115718915,-0.09223741530759577,1097.2325294721172,1097.2900803603595,-0.05755088824206955,0.02476690879409434,0.023246082406842696,1.4211364302235507,2.5032193471143454
167,outdoor,scene_00023,outdoor/scene_00023/scan_00199,val/outdoor/scene_00023/scan_00199/00023_00199_outdoor_330_010.png,0,0,0,0,0,256,256,61383,20016,141447.0,13128.327369419032,12805.485719752902,322.8416496661286,4113.29906295874,4243.693289764344,-130.39422680560398,0.02548216605307734,0.09065615717890001,0.7834372437584182,0.4732003380076966
167,outdoor,scene_00023,outdoor/scene_00023/scan_00199,val/outdoor/scene_00023/scan_00199/00023_00199_outdoor_330_010.png,1,0,1,256,0,512,256,63696,4436,81440.0,2796.183505005239,2660.172491331663,136.01101367357592,1288.8419457272562,1237.3313248616744,51.51062086558193,0.013295331617977779,0.019425426179098846,0.5261128980306012,0.4527122145774997
167,outdoor,scene_00023,outdoor/scene_00023/scan_00199,val/outdoor/scene_00023/scan_00199/00023_00199_outdoor_330_010.png,2,0,2,512,0,768,256,65536,3108,77968.0,1883.753994513723,1866.2578209612502,17.49617355247272,1775.74109392551,1767.9783111186537,7.76278280685635,0.008456287991590301,0.003319609981897162,0.3313508860658519,0.7672737227055735
167,outdoor,scene_00023,outdoor/scene_00023/scan_00199,val/outdoor/scene_00023/scan_00199/00023_00199_outdoor_330_010.png,3,0,3,768,0,1024,256,65536,3063,77788.0,3612.9504634952355,3578.657139810001,34.29332368523454,3237.488858438076,3222.0781269255067,15.410731512569017,0.010453921931878973,0.00433827828213099,0.32048243261837356,1.2242764790178233
167,outdoor,scene_00023,outdoor/scene_00023/scan_00199,val/outdoor/scene_00023/scan_00199/00023_00199_outdoor_330_010.png,4,1,0,0,256,256,512,61604,12222,110492.0,9101.523937918202,9188.969474563606,-87.4455366454052,5118.536261701551,5199.487572934926,-80.95131123337555,0.020191690082468617,0.02072371891816181,0.6035426942735821,0.5124974545219897
167,outdoor,scene_00023,outdoor/scene_00023/scan_00199,val/outdoor/scene_00023/scan_00199/00023_00199_outdoor_330_010.png,5,1,1,256,256,512,512,65193,5067,85461.0,2963.169785093437,2919.8253928275217,43.34439226591548,2299.466723015279,2288.276661459731,11.190061555548088,0.008315187929402282,0.006753570179249224,0.6021404210771415,0.6956086251319568
167,outdoor,scene_00023,outdoor/scene_00023/scan_00199,val/outdoor/scene_00023/scan_00199/00023_00199_outdoor_330_010.png,6,1,2,512,256,768,512,65375,2169,74051.0,1245.3318060543538,1221.0456695112007,24.286136543152928,1080.8320171838245,1060.7663397360761,20.065677447748353,0.009581987265173779,0.004916336647540175,0.3498882104556998,1.0655722149363076
167,outdoor,scene_00023,outdoor/scene_00023/scan_00199,val/outdoor/scene_00023/scan_00199/00023_00199_outdoor_330_010.png,7,1,3,768,256,1024,512,65536,104,65952.0,576.940315426889,580.5936090615817,-3.653293634692585,572.1283496122783,575.7830289576024,-3.654679345324038,0.007866713784695821,0.0020361588076756054,0.3263777611582754,1.1398062846079775
167,outdoor,scene_00023,outdoor/scene_00023/scan_00199,val/outdoor/scene_00023/scan_00199/00023_00199_outdoor_330_010.png,8,2,0,0,512,256,768,65021,8125,97521.0,3611.246424529381,3665.4290074116625,-54.182582882281885,2383.9936486388096,2399.208050808411,-15.214402169600932,0.029579661678389133,0.021794083447957753,0.9143469800492565,0.905344861411712
167,outdoor,scene_00023,outdoor/scene_00023/scan_00199,val/outdoor/scene_00023/scan_00199/00023_00199_outdoor_330_010.png,9,2,1,256,512,512,768,64590,6746,91574.0,2254.360376595383,2140.089849836051,114.27052675933183,1438.58282223379,1408.6439636490143,29.938858584775947,0.018210735141845687,0.023397744033126666,0.8481466611452171,1.232889338378263
167,outdoor,scene_00023,outdoor/scene_00023/scan_00199,val/outdoor/scene_00023/scan_00199/00023_00199_outdoor_330_010.png,10,2,2,512,512,768,768,64195,7439,93951.0,2273.6708817357994,2201.328682794119,72.34219894168046,1428.3316094261736,1416.399601898664,11.932007527509377,0.02017483639954088,0.020712324304380463,0.798534775224466,0.972572542252694
167,outdoor,scene_00023,outdoor/scene_00023/scan_00199,val/outdoor/scene_00023/scan_00199/00023_00199_outdoor_330_010.png,11,2,3,768,512,1024,768,65273,4794,84449.0,904.8889136559253,855.8578930745645,49.03102058136084,689.5942758322908,672.4836845199429,17.110591312347932,0.01771616793637138,0.017883197968646687,0.8530247250220494,1.0803350810278163
168,outdoor,scene_00023,outdoor/scene_00023/scan_00199,val/outdoor/scene_00023/scan_00199/00023_00199_outdoor_340_000.png,0,0,0,0,0,256,256,53419,11493,99391.0,21301.10153563715,20729.4696030032,571.6319326339508,11189.19068125325,10826.911347310663,362.27933394258747,0.022978493744642718,0.01735708949732008,0.5040793551057504,0.168440041630219
168,outdoor,scene_00023,outdoor/scene_00023/scan_00199,val/outdoor/scene_00023/scan_00199/00023_00199_outdoor_340_000.png,1,0,1,256,0,512,256,62195,10822,105483.0,8664.916119062991,8618.835584416152,46.08053464683907,4709.255225073047,4707.662265639173,1.5929594338734887,0.019132307723098138,0.013139835756981019,0.41440723393751916,0.3681207085713357
168,outdoor,scene_00023,outdoor/scene_00023/scan_00199,val/outdoor/scene_00023/scan_00199/00023_00199_outdoor_340_000.png,2,0,2,512,0,768,256,65459,4202,82267.0,2719.3489091983433,2688.405499445221,30.94340975312287,2091.4794842546225,2094.3794119975128,-2.8999277428904793,0.007724382963398246,0.0032090700585496257,0.37450893855241124,0.7364855593053736
168,outdoor,scene_00023,outdoor/scene_00023/scan_00199,val/outdoor/scene_00023/scan_00199/00023_00199_outdoor_340_000.png,3,0,3,768,0,1024,256,65530,2900,77130.0,2162.7977206392543,2176.607478049552,-13.80975741029766,1694.9028152506344,1710.0536013423884,-15.150786091753902,0.008575741455590377,0.0033338622872086518,0.14816902139491242,1.2653784976805809
168,outdoor,scene_00023,outdoor/scene_00023/scan_00199,val/outdoor/scene_00023/scan_00199/00023_00199_outdoor_340_000.png,4,1,0,0,256,256,512,63541,11228,108453.0,12093.14268823309,12120.199847512347,-27.057159279254876,6803.950373997095,6794.449905811389,9.500468185707046,0.030411042173621956,0.01350752995650975,0.5399022739096988,0.9825174024853813
168,outdoor,scene_00023,outdoor/scene_00023/scan_00199,val/outdoor/scene_00023/scan_00199/00023_00199_outdoor_340_000.png,5,1,1,256,256,512,512,64547,11376,110051.0,3967.237161367601,4010.2048331606698,-42.96767179306845,2209.8557230164333,2217.923258026224,-8.067535009790276,0.029157229286042904,0.016064232672896122,0.6893323622670895,0.518210283301376
168,outdoor,scene_00023,outdoor/scene_00023/scan_00199,val/outdoor/scene_00023/scan_00199/00023_00199_outdoor_340_000.png,6,1,2,512,256,768,512,64701,8614,99157.0,3185.9027774735728,3052.0289594363644,133.8738180372083,1993.5612632786172,1944.5482456321806,49.013017646436644,0.016446202579324387,0.017545772113673315,0.6002805486842947,0.6894310201301884
168,outdoor,scene_00023,outdoor/scene_00023/scan_00199,val/outdoor/scene_00023/scan_00199/00023_00199_outdoor_340_000.png,7,1,3,768,256,1024,512,65403,8336,98747.0,2414.952656106903,2369.7832070235754,45.16944908332745,1770.4017708368685,1758.5555079317303,11.846262905138463,0.018560028919923328,0.01397946877824266,0.5460857610777503,0.7523878591424739
168,outdoor,scene_00023,outdoor/scene_00023/scan_00199,val/outdoor/scene_00023/scan_00199/00023_00199_outdoor_340_000.png,8,2,0,0,512,256,768,65463,1503,71475.0,5065.72862756315,5057.394802441319,8.333825121830422,4655.04344810951,4647.075542969017,7.967905140492612,0.04217073292688381,0.019709243573551676,1.7757232514696688,0.9907193369340485
168,outdoor,scene_00023,outdoor/scene_00023/scan_00199,val/outdoor/scene_00023/scan_00199/00023_00199_outdoor_340_000.png,9,2,1,256,512,512,768,65200,2272,74288.0,1741.9818864975207,1740.7768207994623,1.2050656980587338,1568.1086588825608,1567.254445646226,0.8542132363348531,0.04066641253977053,0.01979335249014537,1.0877079183227965,2.4874060729532617
168,outdoor,scene_00023,outdoor/scene_00023/scan_00199,val/outdoor/scene_00023/scan_00199/00023_00199_outdoor_340_000.png,10,2,2,512,512,768,768,64903,1412,70551.0,2432.9872815150425,2432.12845778416,0.8588237308819089,2201.7064063250523,2201.9362439398274,-0.22983761477514109,0.033893256724492477,0.01991559841203992,1.0932498813322398,2.3444703120669583
168,outdoor,scene_00023,outdoor/scene_00023/scan_00199,val/outdoor/scene_00023/scan_00199/00023_00199_outdoor_340_000.png,11,2,3,768,512,1024,768,61099,1976,69003.0,4964.268448241503,4971.751254999931,-7.482806758427676,4299.332269243023,4305.246763298121,-5.914494055097823,0.02865098491040495,0.01997024392496751,1.4218787108829092,1.9781570444952836
169,outdoor,scene_00023,outdoor/scene_00023/scan_00199,val/outdoor/scene_00023/scan_00199/00023_00199_outdoor_350_040.png,0,0,0,0,0,256,256,4609,44,4785.0,5948.066814841317,5945.779398691051,2.2874161502659613,5756.131454810022,5753.913679225637,2.217775584385729,0.012022517282847726,0.002013831476629891,0.2980130487298044,-0.0015810017458881597
169,outdoor,scene_00023,outdoor/scene_00023/scan_00199,val/outdoor/scene_00023/scan_00199/00023_00199_outdoor_350_040.png,1,0,1,256,0,512,256,7637,10,7677.0,2493.4062257817127,2493.357056510642,0.049169271070832465,2468.957660865762,2468.8440074229716,0.11365344279041345,0.018714988194639078,0.03366691998502518,0.6392340335095741,-0.00019960041310760124
169,outdoor,scene_00023,outdoor/scene_00023/scan_00199,val/outdoor/scene_00023/scan_00199/00023_00199_outdoor_350_040.png,2,0,2,512,0,768,256,349,3,361.0,455.2534018598778,455.25673669464015,-0.0033348347623138874,446.9619330386404,446.9652788581251,-0.0033458194846975875,0.011822776056433944,0.0,0.01795895220297179,-0.05086842348653138
169,outdoor,scene_00023,outdoor/scene_00023/scan_00199,val/outdoor/scene_00023/scan_00199/00023_00199_outdoor_350_040.png,3,0,3,768,0,1024,256,19489,60,19729.0,1571.4821309847077,1480.0537279851433,91.42840299956468,1454.4596572434025,1358.8791995589372,95.58045768446512,0.014165054169259502,0.022231406439870836,0.893730886102912,-2.132538800351228
169,outdoor,scene_00023,outdoor/scene_00023/scan_00199,val/outdoor/scene_00023/scan_00199/00023_00199_outdoor_350_040.png,4,1,0,0,256,256,512,18894,1270,23974.0,26272.140572263757,26283.135703873348,-10.995131609590782,21000.690362232395,21011.667081991483,-10.976719759088303,0.045147015516430904,0.007505438989718916,0.33631503547165004,0.015449055657191107
169,outdoor,scene_00023,outdoor/scene_00023/scan_00199,val/outdoor/scene_00023/scan_00199/00023_00199_outdoor_350_040.png,5,1,1,256,256,512,512,15786,879,19302.0,5717.639508562003,5662.951214495835,54.6882940661672,4982.064839981258,4945.617127815838,36.447712165419844,0.027588752589208444,0.07097918985673263,0.9788700187850654,0.008387824932077643
169,outdoor,scene_00023,outdoor/scene_00023/scan_00199,val/outdoor/scene_00023/scan_00199/00023_00199_outdoor_350_040.png,6,1,2,512,256,768,512,37186,4384,54722.0,8820.616541191208,8636.8505510166,183.7659901746084,6076.4788271378075,5941.822605165852,134.6562219719551,0.024093214931062375,0.04800110079336625,0.9027952565813097,0.02516647728368709
169,outdoor,scene_00023,outdoor/scene_00023/scan_00199,val/outdoor/scene_00023/scan_00199/00023_00199_outdoor_350_040.png,7,1,3,768,256,1024,512,64118,254,65134.0,3535.489004038558,3687.8874974714454,-152.39849343288688,3192.9606904010607,3333.5224669504087,-140.56177654934785,0.011661334360257597,0.04055874442841476,0.31205216220437504,0.7287717135722966
169,outdoor,scene_00023,outdoor/scene_00023/scan_00199,val/outdoor/scene_00023/scan_00199/00023_00199_outdoor_350_040.png,8,2,0,0,512,256,768,26471,3103,38883.0,31543.10867055978,31818.07034991614,-274.96167935636,23548.219321926917,23781.45429219483,-233.23497026790903,0.07054646117177946,0.03998665633118596,0.39506460575323754,0.12276179752796533
169,outdoor,scene_00023,outdoor/scene_00023/scan_00199,val/outdoor/scene_00023/scan_00199/00023_00199_outdoor_350_040.png,9,2,1,256,512,512,768,49726,10336,91070.0,23099.315074410155,23429.147263592662,-329.83218918250554,14306.80589623897,14570.213360368072,-263.4074641291027,0.029439128654680048,0.047675393529875154,0.8059500003226168,-0.004080655276100251
169,outdoor,scene_00023,outdoor/scene_00023/scan_00199,val/outdoor/scene_00023/scan_00199/00023_00199_outdoor_350_040.png,10,2,2,512,512,768,768,57912,14007,113940.0,16185.781604943668,16223.786756044557,-38.00515110088854,8073.375069800106,8118.478808991631,-45.103739191524724,0.03505094237757854,0.05907767918304563,0.7073024603035125,0.92476221444798
169,outdoor,scene_00023,outdoor/scene_00023/scan_00199,val/outdoor/scene_00023/scan_00199/00023_00199_outdoor_350_040.png,11,2,3,768,512,1024,768,62849,2060,71089.0,4019.732513636717,4021.1938483544836,-1.4613347177658698,3029.2524572448847,3021.1650708511224,8.087386393762173,0.015918387798623042,0.01666250737049147,0.33254564374992956,1.4511589334811683
170,outdoor,scene_00023,outdoor/scene_00023/scan_00200,val/outdoor/scene_00023/scan_00200/00023_00200_outdoor_000_010.png,0,0,0,0,0,256,256,64207,4750,83207.0,22709.0766464394,22714.583382898007,-5.5067364586100105,8225.474022187831,8223.304613265867,2.169408921963635,0.026710110932409353,0.004116702099177217,0.36936825912459004,2.057643906214598
170,outdoor,scene_00023,outdoor/scene_00023/scan_00200,val/outdoor/scene_00023/scan_00200/00023_00200_outdoor_000_010.png,1,0,1,256,0,512,256,64935,7262,93983.0,42625.353297382084,42659.09582610538,-33.74252872330413,11642.16068139133,11654.832259787827,-12.67157839649674,0.0241945870496621,0.0036710647300436535,0.40322945319883263,1.2001510487268998
170,outdoor,scene_00023,outdoor/scene_00023/scan_00200,val/outdoor/scene_00023/scan_00200/00023_00200_outdoor_000_010.png,2,0,2,512,0,768,256,65435,6299,90631.0,20458.641149476185,20548.169090587686,-89.52794111150092,6492.652050428002,6557.835956196208,-65.18390576820603,0.013260713001822286,0.008574170323610322,0.5281966091244437,0.7163830402774211
170,outdoor,scene_00023,outdoor/scene_00023/scan_00200,val/outdoor/scene_00023/scan_00200/00023_00200_outdoor_000_010.png,3,0,3,768,0,1024,256,65378,7904,96994.0,16109.893168021463,15227.685671856829,882.2074961646332,6230.7997555011625,6034.431755779999,196.36799972116344,0.023498215831407772,0.030031813868373957,0.5687614919849288,0.6282585150938046
170,outdoor,scene_00023,outdoor/scene_00023/scan_00200,val/outdoor/scene_00023/scan_00200/00023_00200_outdoor_000_010.png,4,1,0,0,256,256,512,65534,1662,72182.0,5516.669559341832,5500.310176922627,16.3593824192045,3219.951558825543,3203.166223330055,16.78533549548784,0.032592372390552626,0.004262176766680417,0.46042645833359724,1.6528422477231444
170,outdoor,scene_00023,outdoor/scene_00023/scan_00200,val/outdoor/scene_00023/scan_00200/00023_00200_outdoor_000_010.png,5,1,1,256,256,512,512,65082,3035,77222.0,15410.3832132316,15447.165226348812,-36.78201311720939,4547.279413114904,4559.7058149059385,-12.426401791034543,0.03241346083929203,0.0037834744722505375,0.5237863818166445,0.8261547982310736
170,outdoor,scene_00023,outdoor/scene_00023/scan_00200,val/outdoor/scene_00023/scan_00200/00023_00200_outdoor_000_010.png,6,1,2,512,256,768,512,64698,14949,124494.0,59804.21922384713,61218.848209022464,-1414.6289851753265,15175.778537105509,15602.690707695096,-426.9121705895842,0.021078665548423185,0.04130036274175126,0.5509686235165234,0.576615769242638
170,outdoor,scene_00023,outdoor/scene_00023/scan_00200,val/outdoor/scene_00023/scan_00200/00023_00200_outdoor_000_010.png,7,1,3,768,256,1024,512,65345,13359,118781.0,29522.013802886446,29796.712147297545,-274.6983444110987,9252.9069129688,9356.498044194333,-103.59113122553461,0.024178115727782296,0.02574589260586218,0.5878140524524004,0.54597280719012
170,outdoor,scene_00023,outdoor/scene_00023/scan_00200,val/outdoor/scene_00023/scan_00200/00023_00200_outdoor_000_010.png,8,2,0,0,512,256,768,65532,3995,81512.0,13517.68907212099,13820.74048791393,-303.0514157929416,5702.044302055763,5805.694545848259,-103.65024379249508,0.017124931977915613,0.03329527542760187,0.6921975527267548,2.9718861564568817
170,outdoor,scene_00023,outdoor/scene_00023/scan_00200,val/outdoor/scene_00023/scan_00200/00023_00200_outdoor_000_010.png,9,2,1,256,512,512,768,65015,1774,72111.0,6276.417572683966,6316.747528772844,-40.329956088878376,3566.5294642258227,3577.9259025719257,-11.396438346103004,0.0152658998219953,0.02876546902659883,0.7965151544184997,1.273841254237876
170,outdoor,scene_00023,outdoor/scene_00023/scan_00200,val/outdoor/scene_00023/scan_00200/00023_00200_outdoor_000_010.png,10,2,2,512,512,768,768,64599,6136,89143.0,18445.12219625895,18568.261186377254,-123.13899011830233,7811.9674837738485,7814.679816522649,-2.712332748801188,0.015190762353852987,0.029069101457303105,0.8265151503803186,1.0698925897135056
170,outdoor,scene_00023,outdoor/scene_00023/scan_00200,val/outdoor/scene_00023/scan_00200/00023_00200_outdoor_000_010.png,11,2,3,768,512,1024,768,65489,6998,93481.0,17333.10257794185,17364.461696845316,-31.359118903462875,7949.3358332072685,7959.349980916459,-10.014147709189675,0.018264013036230403,0.02572050082050633,0.8075815815754105,0.9191754654153894
171,outdoor,scene_00023,outdoor/scene_00023/scan_00200,val/outdoor/scene_00023/scan_00200/00023_00200_outdoor_050_020.png,0,0,0,0,0,256,256,2674,1469,8550.0,6114.81515685424,7136.533926366597,-1021.7187695123578,1889.3800674215895,2104.8840702941857,-215.50400287259643,0.013536290836998165,0.0150469215000129,0.054115769200599004,-0.002800644714103028
171,outdoor,scene_00023,outdoor/scene_00023/scan_00200,val/outdoor/scene_00023/scan_00200/00023_00200_outdoor_050_020.png,1,0,1,256,0,512,256,1613,844,4989.0,8402.386366212491,8152.48699827604,249.89936793645245,1914.7274712104138,1856.8247016067608,57.902769603653205,0.014395658184448382,0.01053015965328828,0.5753667778502269,-0.0002406593007465996
171,outdoor,scene_00023,outdoor/scene_00023/scan_00200,val/outdoor/scene_00023/scan_00200/00023_00200_outdoor_050_020.png,2,0,2,512,0,768,256,58276,1699,65072.0,6278.893626079471,6378.295993046143,-99.40236696667245,4238.346010150224,4369.668919555621,-131.32290940539642,0.030497062319738814,0.010939928040169309,0.4913817267179496,0.0026758522968780007
171,outdoor,scene_00023,outdoor/scene_00023/scan_00200,val/outdoor/scene_00023/scan_00200/00023_00200_outdoor_050_020.png,3,0,3,768,0,1024,256,65483,5584,87819.0,21121.795500824384,21435.94316334206,-314.14766251767486,7382.844647768172,7454.426300466614,-71.58165269844227,0.026992097966867412,0.048265667682658026,1.1042494202330406,1.164671399905914
171,outdoor,scene_00023,outdoor/scene_00023/scan_00200,val/outdoor/scene_00023/scan_00200/00023_00200_outdoor_050_020.png,4,1,0,0,256,256,512,13477,2464,23333.0,18526.7364198798,18522.91860051982,3.817819359980825,11254.368224685384,11253.085369823524,1.282854861859525,0.011327817651639583,0.004761165604350135,0.17037241398457129,0.00040745253037757176
171,outdoor,scene_00023,outdoor/scene_00023/scan_00200,val/outdoor/scene_00023/scan_00200/00023_00200_outdoor_050_020.png,5,1,1,256,256,512,512,4940,1275,10040.0,17776.912084462696,17578.52940043106,198.38268403163772,5398.199426869884,5418.4400651916,-20.240638321716446,0.015453927807015749,0.01337799207694132,0.5157796343989558,-0.0203497281145389
171,outdoor,scene_00023,outdoor/scene_00023/scan_00200,val/outdoor/scene_00023/scan_00200/00023_00200_outdoor_050_020.png,6,1,2,512,256,768,512,60857,2107,69285.0,6227.999347571219,6194.805123101665,33.19422446955414,3651.228106155164,3581.65312235741,69.57498379775402,0.029525625951358367,0.01176849233476943,0.5443317811721793,0.00290713764696499
171,outdoor,scene_00023,outdoor/scene_00023/scan_00200,val/outdoor/scene_00023/scan_00200/00023_00200_outdoor_050_020.png,7,1,3,768,256,1024,512,65434,5288,86586.0,17208.16058763689,17495.375872080724,-287.21528444383557,5716.592154664568,6038.964267215911,-322.37211255134446,0.01774352489428213,0.04153118852958344,1.2443717213027492,1.3956078299283126
171,outdoor,scene_00023,outdoor/scene_00023/scan_00200,val/outdoor/scene_00023/scan_00200/00023_00200_outdoor_050_020.png,8,2,0,0,512,256,768,43623,9111,80067.0,34639.068250607335,34682.54834997291,-43.48009936557227,17608.10708573486,17590.382858788173,17.724226946685675,0.022807751063137472,0.009518129324522229,0.29549819069170313,0.13440518091739023
171,outdoor,scene_00023,outdoor/scene_00023/scan_00200,val/outdoor/scene_00023/scan_00200/00023_00200_outdoor_050_020.png,9,2,1,256,512,512,768,39833,13306,93057.0,74575.54198643245,74505.84445372465,69.6975327077938,24795.96641172006,24789.94860387631,6.017807843753644,0.025583305572229043,0.013571270740376885,0.40882208004118287,-0.00534426567635324
171,outdoor,scene_00023,outdoor/scene_00023/scan_00200,val/outdoor/scene_00023/scan_00200/00023_00200_outdoor_050_020.png,10,2,2,512,512,768,768,63834,2235,72774.0,8516.323958907744,8498.293856001781,18.030102905963208,3919.771281857152,3889.9437556945413,29.82752616261066,0.034818939479497726,0.010620325078449568,0.5455372496023196,0.0505746918764082
171,outdoor,scene_00023,outdoor/scene_00023/scan_00200,val/outdoor/scene_00023/scan_00200/00023_00200_outdoor_050_020.png,11,2,3,768,512,1024,768,65295,3109,77731.0,20643.29285648492,21729.48396246672,-1086.1911059817958,6550.175636071872,7127.9202583617625,-577.7446222898907,0.023809489626452743,0.03931894395331579,2.001071498845535,-0.47285725000716694
172,outdoor,scene_00023,outdoor/scene_00023/scan_00200,val/outdoor/scene_00023/scan_00200/00023_00200_outdoor_090_010.png,0,0,0,0,0,256,256,7494,3222,20382.0,142400.45575460873,142810.43227829234,-409.97652368363,45261.97670317732,45511.01628461676,-249.03958143943476,0.01843110584434305,0.019411946098606657,0.815549273417902,0.007924645543886642
172,outdoor,scene_00023,outdoor/scene_00023/scan_00200,val/outdoor/scene_00023/scan_00200/00023_00200_outdoor_090_010.png,1,0,1,256,0,512,256,20237,10393,61809.0,209895.2896505132,211458.7332868885,-1563.4436363753025,57851.651734652325,58181.13161770733,-329.4798830550006,0.03454657473754511,0.055623824289766505,0.7742456795776899,0.06735809132003445
172,outdoor,scene_00023,outdoor/scene_00023/scan_00200,val/outdoor/scene_00023/scan_00200/00023_00200_outdoor_090_010.png,2,0,2,512,0,768,256,15378,3937,31126.0,60068.49472371366,61019.42608691236,-950.9313631987113,23323.6029674398,23660.43339239869,-336.8304249588857,0.020772585457739544,0.017386140585213577,0.3879331244337695,0.007393463581531778
172,outdoor,scene_00023,outdoor/scene_00023/scan_00200,val/outdoor/scene_00023/scan_00200/00023_00200_outdoor_090_010.png,3,0,3,768,0,1024,256,6214,2117,14682.0,91973.68209458004,92418.77617127163,-445.0940766915874,26209.57607664112,26366.982041456442,-157.40596481532495,0.011131629570085266,0.00937067917475109,0.3290694037076803,0.003571875236044038
172,outdoor,scene_00023,outdoor/scene_00023/scan_00200,val/outdoor/scene_00023/scan_00200/00023_00200_outdoor_090_010.png,4,1,0,0,256,256,512,43239,5047,63427.0,95861.59058315748,96132.89211015124,-271.3015269937641,31692.611437196734,31804.162936545024,-111.55149934829309,0.03161236110138635,0.014964505247796602,0.5460684644061112,0.5410770541647927
172,outdoor,scene_00023,outdoor/scene_00023/scan_00200,val/outdoor/scene_00023/scan_00200/00023_00200_outdoor_090_010.png,5,1,1,256,256,512,512,42217,5660,64857.0,80746.92630985509,80679.33446068251,67.5918491725848,26827.739007915658,26823.191401672477,4.547606243177114,0.034649559810850675,0.01981079342743633,0.5197012567784429,0.3760177416401282
172,outdoor,scene_00023,outdoor/scene_00023/scan_00200,val/outdoor/scene_00023/scan_00200/00023_00200_outdoor_090_010.png,6,1,2,512,256,768,512,40703,6593,67075.0,67523.22843675617,67355.91833906871,167.3100976874603,23895.121660644658,23832.364428573623,62.757232071032774,0.023307112011354172,0.019832792747873734,0.6656746743233015,0.14528152211948023
172,outdoor,scene_00023,outdoor/scene_00023/scan_00200,val/outdoor/scene_00023/scan_00200/00023_00200_outdoor_090_010.png,7,1,3,768,256,1024,512,36821,8039,68977.0,129974.09145941256,130315.37097260382,-341.2795131912385,40404.73856873859,40486.22561949626,-81.48705075766735,0.023740411681317894,0.02462176143153274,0.7908743745094983,0.06146617712017666
172,outdoor,scene_00023,outdoor/scene_00023/scan_00200,val/outdoor/scene_00023/scan_00200/00023_00200_outdoor_090_010.png,8,2,0,0,512,256,768,65536,0,65536.0,3680.4173283769924,3684.5557677512206,-4.138439374228637,3680.4173283769924,3684.5557677512206,-4.138439374228637,0.013424049548501876,0.023266338773326345,0.8920103965952364,2.084522656900979
172,outdoor,scene_00023,outdoor/scene_00023/scan_00200,val/outdoor/scene_00023/scan_00200/00023_00200_outdoor_090_010.png,9,2,1,256,512,512,768,64580,136,65124.0,4487.736348255361,4492.507598849745,-4.7712505943832895,4107.512847407812,4112.20889946625,-4.696052058437488,0.01423471648382937,0.023143861793499594,0.9860060079427999,1.9775341144768903
172,outdoor,scene_00023,outdoor/scene_00023/scan_00200,val/outdoor/scene_00023/scan_00200/00023_00200_outdoor_090_010.png,10,2,2,512,512,768,768,63289,1125,67789.0,15416.242340525372,15385.434087782527,30.808252742848097,8068.923302314361,8060.396873213065,8.526429101294909,0.016864876671209714,0.024064774036555808,1.0514759688561328,1.9356920795418446
172,outdoor,scene_00023,outdoor/scene_00023/scan_00200,val/outdoor/scene_00023/scan_00200/00023_00200_outdoor_090_010.png,11,2,3,768,512,1024,768,64954,603,67366.0,7691.005133500511,7727.073929687538,-36.068796187027,5162.919910172274,5188.8604177837005,-25.940507611426195,0.012444350298741663,0.02116039710090649,0.8899765025869535,3.3483406337246446
173,outdoor,scene_00023,outdoor/scene_00023/scan_00200,val/outdoor/scene_00023/scan_00200/00023_00200_outdoor_100_020.png,0,0,0,0,0,256,256,9683,1548,15875.0,252157494.5917228,143013108.84803206,109144385.74369077,154813496.4002933,93476882.88983482,61336613.510458484,0.01848431353804035,0.04193375557976489,1.571632311603333,-0.014635720985018336
173,outdoor,scene_00023,outdoor/scene_00023/scan_00200,val/outdoor/scene_00023/scan_00200/00023_00200_outdoor_100_020.png,1,0,1,256,0,512,256,303,166,967.0,154702389.83863056,153979175.70577377,723214.1328567765,46866433.500411056,46373255.62033065,493177.88008040737,0.008253267723625791,0.0025376003809180155,0.9135998519760218,-0.022352704589370866
173,outdoor,scene_00023,outdoor/scene_00023/scan_00200,val/outdoor/scene_00023/scan_00200/00023_00200_outdoor_100_020.png,2,0,2,512,0,768,256,746,351,2150.0,186554416.7083629,100944478.70904762,85609937.99931529,66299067.645493835,40072813.358989716,26226254.286504123,0.008294912021611818,0.006524283179038365,0.2662258211109077,-0.010803166398617305
173,outdoor,scene_00023,outdoor/scene_00023/scan_00200,val/outdoor/scene_00023/scan_00200/00023_00200_outdoor_100_020.png,3,0,3,768,0,1024,256,166,4,182.0,5245188.993755982,4644633.108192155,600555.8855638275,5245127.68790257,4644571.409155915,600556.278746655,0.008368494073061943,0.0005265373818899986,0.00012315840616168567,-3.775094929549161e-05
173,outdoor,scene_00023,outdoor/scene_00023/scan_00200,val/outdoor/scene_00023/scan_00200/00023_00200_outdoor_100_020.png,4,1,0,0,256,256,512,27394,3334,40730.0,48431939.469659805,14553666.072929673,33878273.39673014,28139712.644667584,5468212.360097995,22671500.28456959,0.04890351239668238,0.06919231089966482,1.015957361385318,0.5782457910206874
173,outdoor,scene_00023,outdoor/scene_00023/scan_00200,val/outdoor/scene_00023/scan_00200/00023_00200_outdoor_100_020.png,5,1,1,256,256,512,512,8512,3143,21084.0,1906428835.1583939,890632961.4243108,1015795873.7340828,571145964.2792039,276406881.9608613,294739082.31834257,0.0229811374179371,0.04434054621908122,0.8925399188658835,0.01157318135559077
173,outdoor,scene_00023,outdoor/scene_00023/scan_00200,val/outdoor/scene_00023/scan_00200/00023_00200_outdoor_100_020.png,6,1,2,512,256,768,512,20710,6185,45450.0,678181046.8982508,307085669.5976304,371095377.3006204,340422881.51229215,184151527.0061233,156271354.50616884,0.03500557883280631,0.08684802107378745,0.7988626093396357,0.04891705859205112
173,outdoor,scene_00023,outdoor/scene_00023/scan_00200,val/outdoor/scene_00023/scan_00200/00023_00200_outdoor_100_020.png,7,1,3,768,256,1024,512,18358,2941,30122.0,617868551.6265308,280782675.9621853,337085875.6643453,262848826.67242178,134577535.74854004,128271290.92388177,0.021293952788883345,0.023890378744118597,0.410577074915396,0.006967229130326395
173,outdoor,scene_00023,outdoor/scene_00023/scan_00200,val/outdoor/scene_00023/scan_00200/00023_00200_outdoor_100_020.png,8,2,0,0,512,256,768,48037,1389,53593.0,28125.87577040198,28686.214142016674,-560.3383716146934,20799.5810446652,21280.97820457296,-481.3971599077554,0.028331210990585665,0.019132675724746865,0.6526697070779943,1.3969126381640953
173,outdoor,scene_00023,outdoor/scene_00023/scan_00200,val/outdoor/scene_00023/scan_00200/00023_00200_outdoor_100_020.png,9,2,1,256,512,512,768,47870,2867,59338.0,131411.86756378226,131452.36452084576,-40.49695706349347,51367.796001944705,51437.491548540944,-69.69554659623401,0.029617204387087946,0.018537968073925735,0.7322197746637236,0.5919617674370911
173,outdoor,scene_00023,outdoor/scene_00023/scan_00200,val/outdoor/scene_00023/scan_00200/00023_00200_outdoor_100_020.png,10,2,2,512,512,768,768,46633,2158,55265.0,53342.53742713369,53518.43710714719,-175.89968001349763,27373.330029239078,27478.348761791047,-105.01873255196634,0.03177596637473036,0.023286486079939026,0.6984899784589831,0.33986754828497084
173,outdoor,scene_00023,outdoor/scene_00023/scan_00200,val/outdoor/scene_00023/scan_00200/00023_00200_outdoor_100_020.png,11,2,3,768,512,1024,768,43264,2842,54632.0,99856.91204078928,98124.37225939284,1732.5397813964485,42834.93607813858,42200.25646339902,634.6796147395612,0.02141703219710069,0.028401100701238597,0.9889593500106467,0.3500824793216253
174,outdoor,scene_00023,outdoor/scene_00023/scan_00200,val/outdoor/scene_00023/scan_00200/00023_00200_outdoor_120_010.png,0,0,0,0,0,256,256,23888,5649,46484.0,56746.892474706,56863.03353382453,-116.14105911852195,27824.46727984293,27977.0130966333,-152.54581679036636,0.04188244590811554,0.03098992195647127,0.7247499461532481,0.3248203853607287
174,outdoor,scene_00023,outdoor/scene_00023/scan_00200,val/outdoor/scene_00023/scan_00200/00023_00200_outdoor_120_010.png,1,0,1,256,0,512,256,8457,4552,26665.0,120981.97651858331,120124.40293544941,857.5735831338761,36444.86991979526,36217.31903316877,227.55088662648063,0.02231231682063342,0.029457113712526493,1.152792509702109,-0.015454391687984716
174,outdoor,scene_00023,outdoor/scene_00023/scan_00200,val/outdoor/scene_00023/scan_00200/00023_00200_outdoor_120_010.png,2,0,2,512,0,768,256,25431,7856,56855.0,57157.50787243435,57506.575699609224,-349.0678271748741,23009.24473038334,23243.611190298616,-234.36645991527516,0.04375333396878434,0.04029065197259149,1.1119835213084899,0.11380823714191358
174,outdoor,scene_00023,outdoor/scene_00023/scan_00200,val/outdoor/scene_00023/scan_00200/00023_00200_outdoor_120_010.png,3,0,3,768,0,1024,256,10751,6571,37035.0,258753.3938633643,258078.73151542371,674.6623479405612,72018.11667962889,71929.01492938757,89.10175024130214,0.023468125070173443,0.012942965571470911,0.5904730453601751,0.0039959789001376015
174,outdoor,scene_00023,outdoor/scene_00023/scan_00200,val/outdoor/scene_00023/scan_00200/00023_00200_outdoor_120_010.png,4,1,0,0,256,256,512,48984,4036,65128.0,20023.921175628922,20099.502895019305,-75.58171939038198,12412.986689050658,12454.74604964055,-41.75936058989103,0.026387326353570505,0.0126417616372205,0.5639156588490393,1.0837456527104854
174,outdoor,scene_00023,outdoor/scene_00023/scan_00200,val/outdoor/scene_00023/scan_00200/00023_00200_outdoor_120_010.png,5,1,1,256,256,512,512,42360,10025,82460.0,140895.07175937592,141370.87639213816,-475.80463276225055,44070.755977332,44263.119202582006,-192.36322524999966,0.034632261534297146,0.012536867518786143,0.5498562228304364,0.7133282895179944
174,outdoor,scene_00023,outdoor/scene_00023/scan_00200,val/outdoor/scene_00023/scan_00200/00023_00200_outdoor_120_010.png,6,1,2,512,256,768,512,44779,5057,65007.0,25886.82261611226,26011.85716647048,-125.0345503582179,13630.0234870211,13718.602698310751,-88.57921128965141,0.03290194938930281,0.019831227506768027,0.5854589062222156,0.5923438273708557
174,outdoor,scene_00023,outdoor/scene_00023/scan_00200,val/outdoor/scene_00023/scan_00200/00023_00200_outdoor_120_010.png,7,1,3,768,256,1024,512,43571,7072,71859.0,132134.13005244534,132144.39785905363,-10.267806608280587,42938.72955689642,42956.07572884051,-17.34617194408392,0.03197587015382819,0.018056786030404715,0.6039785538568546,0.16046335178444554
174,outdoor,scene_00023,outdoor/scene_00023/scan_00200,val/outdoor/scene_00023/scan_00200/00023_00200_outdoor_120_010.png,8,2,0,0,512,256,768,65536,0,65536.0,4140.069241846025,4144.27993096975,-4.2106891237255155,4140.069241846025,4144.27993096975,-4.2106891237255155,0.01249003198881991,0.025384112312257307,0.9853972266305663,2.48368437461636
174,outdoor,scene_00023,outdoor/scene_00023/scan_00200,val/outdoor/scene_00023/scan_00200/00023_00200_outdoor_120_010.png,9,2,1,256,512,512,768,65536,0,65536.0,3406.9831126799727,3408.6803779974252,-1.697265317452766,3406.9831126799727,3408.6803779974252,-1.697265317452766,0.0125441458939634,0.02543774812750859,0.9654752228267072,2.0725877474632903
174,outdoor,scene_00023,outdoor/scene_00023/scan_00200,val/outdoor/scene_00023/scan_00200/00023_00200_outdoor_120_010.png,10,2,2,512,512,768,768,65536,0,65536.0,3560.2381559063306,3561.9385340613007,-1.7003781549697148,3560.2381559063306,3561.9385340613007,-1.7003781549697148,0.012519529012339511,0.025440535691898414,0.9500517319263223,2.1330930589733734
174,outdoor,scene_00023,outdoor/scene_00023/scan_00200,val/outdoor/scene_00023/scan_00200/00023_00200_outdoor_120_010.png,11,2,3,768,512,1024,768,65536,0,65536.0,3847.8091878206696,3853.4531187077123,-5.643930887042628,3847.8091878206696,3853.4531187077123,-5.643930887042628,0.013595265590343197,0.025411594336761042,1.0228316754762097,2.0790885773484007
175,outdoor,scene_00023,outdoor/scene_00023/scan_00200,val/outdoor/scene_00023/scan_00200/00023_00200_outdoor_130_020.png,0,0,0,0,0,256,256,8483,3363,21935.0,418772.24913036876,423512.38542954106,-4740.136299172336,124358.83639108534,127929.1328388499,-3570.296447764553,0.028854602592598866,0.05105019154541728,1.0543361974519792,0.00555298734328112
175,outdoor,scene_00023,outdoor/scene_00023/scan_00200,val/outdoor/scene_00023/scan_00200/00023_00200_outdoor_130_020.png,1,0,1,256,0,512,256,9790,437,11538.0,66857.60865911354,264793.5174410269,-197935.90878191337,59094.46795978157,257574.37197423287,-198479.90401445125,0.022185909500210522,0.0483826272358206,0.9841949530553361,-6.714758845909138e-05
175,outdoor,scene_00023,outdoor/scene_00023/scan_00200,val/outdoor/scene_00023/scan_00200/00023_00200_outdoor_130_020.png,2,0,2,512,0,768,256,1755,696,4539.0,124837.31006823064,137392.9805404891,-12555.670472258456,35137.40999576586,38568.946915284185,-3431.536919518328,0.009345742771024837,0.00737706820362464,1.225044573333265,-0.001485784019305233
175,outdoor,scene_00023,outdoor/scene_00023/scan_00200,val/outdoor/scene_00023/scan_00200/00023_00200_outdoor_130_020.png,3,0,3,768,0,1024,256,7059,391,8623.0,50556.90496349601,49511.70081175193,1045.204151744084,42076.56159837273,39721.40774467792,2355.1538536948115,0.01506182660534017,0.028409634267174026,1.093665610435384,-0.031850009917235675
175,outdoor,scene_00023,outdoor/scene_00023/scan_00200,val/outdoor/scene_00023/scan_00200/00023_00200_outdoor_130_020.png,4,1,0,0,256,256,512,20316,7090,48676.0,859789.7440201666,742260.760703053,117528.9833171136,272670.6696372169,237651.08056195403,35019.589075262906,0.049060466611230105,0.06688168603442655,0.9312746622523607,0.059901117791287636
175,outdoor,scene_00023,outdoor/scene_00023/scan_00200,val/outdoor/scene_00023/scan_00200/00023_00200_outdoor_130_020.png,5,1,1,256,256,512,512,24037,1000,28037.0,135912.2648061171,261409.63130915153,-125497.36650303444,125155.74803010067,250642.744280019,-125486.99624991832,0.04327103701801512,0.07206247237838884,0.9541927146224276,0.07377518579842728
175,outdoor,scene_00023,outdoor/scene_00023/scan_00200,val/outdoor/scene_00023/scan_00200/00023_00200_outdoor_130_020.png,6,1,2,512,256,768,512,9803,3066,22067.0,540984.8326399102,534438743.3893854,-533897758.5567455,201997.40824830614,178183668.40803438,-177981670.9997861,0.030916088709117853,0.037210425525036374,1.0785390895960927,-0.015118581484681022
175,outdoor,scene_00023,outdoor/scene_00023/scan_00200,val/outdoor/scene_00023/scan_00200/00023_00200_outdoor_130_020.png,7,1,3,768,256,1024,512,25584,1190,30344.0,72161.74612342715,72826.73505266276,-664.9889292356208,63659.09855922903,64242.49345963483,-583.394900405799,0.04190991194972893,0.04582259748834328,1.1037111966809168,0.1705190787564699
175,outdoor,scene_00023,outdoor/scene_00023/scan_00200,val/outdoor/scene_00023/scan_00200/00023_00200_outdoor_130_020.png,8,2,0,0,512,256,768,51904,6949,79700.0,148048.00447512537,149879.26369155303,-1831.259216427673,49484.336261100645,50064.73134652731,-580.3950854266739,0.027413598932733606,0.021093532735799024,0.8241602472228379,0.8120786857853085
175,outdoor,scene_00023,outdoor/scene_00023/scan_00200,val/outdoor/scene_00023/scan_00200/00023_00200_outdoor_130_020.png,9,2,1,256,512,512,768,51346,624,53842.0,24393.300946530137,24481.422773205722,-88.12182667558862,22804.12322451447,22883.008853694588,-78.88562918011692,0.024300065517241343,0.019140403371588725,0.7835445156223713,1.057054816695813
175,outdoor,scene_00023,outdoor/scene_00023/scan_00200,val/outdoor/scene_00023/scan_00200/00023_00200_outdoor_130_020.png,10,2,2,512,512,768,768,46550,4947,66338.0,136101.12132763967,136300.79601646628,-199.67468882662777,52982.719622110686,53211.86734226872,-229.14772015804368,0.028656842836999877,0.017982364053313993,0.7112306769704325,0.9762158476253407
175,outdoor,scene_00023,outdoor/scene_00023/scan_00200,val/outdoor/scene_00023/scan_00200/00023_00200_outdoor_130_020.png,11,2,3,768,512,1024,768,48701,523,50793.0,21414.453532669282,21755.011773346312,-340.55824067702804,19906.21390606448,20263.70028362966,-357.4863775651819,0.029117149822859102,0.021394156888253413,0.7555575457212955,1.039606118530997
176,outdoor,scene_00023,outdoor/scene_00023/scan_00200,val/outdoor/scene_00023/scan_00200/00023_00200_outdoor_190_030.png,0,0,0,0,0,256,256,1686,266,2750.0,7799.50343114824,10330.201361160434,-2530.6979300121925,3433.7285977455704,4260.027159423154,-826.2985616775838,0.013856053247588481,0.022734394034583806,0.05416301056319145,-0.0075630735005179
176,outdoor,scene_00023,outdoor/scene_00023/scan_00200,val/outdoor/scene_00023/scan_00200/00023_00200_outdoor_190_030.png,1,0,1,256,0,512,256,10182,156,10806.0,10349.356307059337,10386.202061110262,-36.845754050924,4478.315681198585,4353.222336387857,125.09334481072881,0.011707045024993964,0.03536541104330174,0.8269914726154173,1.0247504541480966e-05
176,outdoor,scene_00023,outdoor/scene_00023/scan_00200,val/outdoor/scene_00023/scan_00200/00023_00200_outdoor_190_030.png,2,0,2,512,0,768,256,354,46,538.0,381.68226133386247,381.29441019448427,0.3878511393782039,264.38334929176784,264.23505434479205,0.14829494697584117,0.009383888223658855,0.0023271247591752633,0.28297604717631053,0.0
176,outdoor,scene_00023,outdoor/scene_00023/scan_00200,val/outdoor/scene_00023/scan_00200/00023_00200_outdoor_190_030.png,3,0,3,768,0,1024,256,0,0,0.0,0.0,0.0,0.0,0.0,0.0,0.0,0.008620055832165772,0.0,0.17153776858062728,-0.0008700387389357866
176,outdoor,scene_00023,outdoor/scene_00023/scan_00200,val/outdoor/scene_00023/scan_00200/00023_00200_outdoor_190_030.png,4,1,0,0,256,256,512,3544,275,4644.0,2906.770402593942,2905.5883308839193,1.1820717100225013,2284.4834019470004,2280.507389389091,3.9760125579098293,0.028526952582817584,0.020242709470307218,0.27978544612705114,-0.0013638136177293598
176,outdoor,scene_00023,outdoor/scene_00023/scan_00200,val/outdoor/scene_00023/scan_00200/00023_00200_outdoor_190_030.png,5,1,1,256,256,512,512,13510,570,15790.0,16499.669961664003,16747.214672586975,-247.5447109229717,6430.904233414695,6503.204091869529,-72.29985845483465,0.01605730625014637,0.04985155316172041,0.9129379530342815,0.0035765878046738527
176,outdoor,scene_00023,outdoor/scene_00023/scan_00200,val/outdoor/scene_00023/scan_00200/00023_00200_outdoor_190_030.png,6,1,2,512,256,768,512,8847,757,11875.0,9135.340940624355,9103.24416718942,32.09677343493533,6939.000765153185,6914.106057591031,24.894707562154395,0.023536206260346273,0.018418038475041077,0.40788865949350245,-0.004667593357748708
176,outdoor,scene_00023,outdoor/scene_00023/scan_00200,val/outdoor/scene_00023/scan_00200/00023_00200_outdoor_190_030.png,7,1,3,768,256,1024,512,3921,197,4709.0,12583.849116725727,12586.927022189759,-3.0779054640345644,5837.107578305153,5837.082385724668,0.025192580485305927,0.010638943042202456,0.004719731934330917,0.25451967280509874,-0.00446782720368951
176,outdoor,scene_00023,outdoor/scene_00023/scan_00200,val/outdoor/scene_00023/scan_00200/00023_00200_outdoor_190_030.png,8,2,0,0,512,256,768,19628,1082,23956.0,11357.511970967535,11332.584018268484,24.927952699051144,7827.709246900598,7803.453095820437,24.256151080161516,0.02911410866652877,0.007007551714519969,0.2481805934214947,0.025771732595751506
176,outdoor,scene_00023,outdoor/scene_00023/scan_00200,val/outdoor/scene_00023/scan_00200/00023_00200_outdoor_190_030.png,9,2,1,256,512,512,768,31586,5192,52354.0,171405.51107866125,171979.483564073,-573.9724854117026,52600.06131333651,53056.42092683447,-456.3596134979495,0.021127093178144152,0.05267499931662948,1.012598920844108,0.02059624940724801
176,outdoor,scene_00023,outdoor/scene_00023/scan_00200,val/outdoor/scene_00023/scan_00200/00023_00200_outdoor_190_030.png,10,2,2,512,512,768,768,24632,2530,34752.0,35131.71742267755,35117.34997313088,14.36744954668011,18241.58500837187,18228.05310370603,13.531904665840553,0.03284737684946198,0.011403931604823012,0.3468100680366907,0.10056435092979067
176,outdoor,scene_00023,outdoor/scene_00023/scan_00200,val/outdoor/scene_00023/scan_00200/00023_00200_outdoor_190_030.png,11,2,3,768,512,1024,768,11245,1642,17813.0,90361.00146670517,90292.79742598174,68.20404072343742,32540.119238074287,32516.26239820826,23.856839866029503,0.021408868390762135,0.0067745758722806484,0.3375523206784126,0.09697140544374408
177,outdoor,scene_00023,outdoor/scene_00023/scan_00200,val/outdoor/scene_00023/scan_00200/00023_00200_outdoor_210_030.png,0,0,0,0,0,256,256,15036,341,16400.0,12468.886475986408,14376.730232318445,-1907.8437563320358,9468.976650204273,11078.013584332019,-1609.0369341277456,0.01285025173923652,0.014856996200186098,0.8738191738594459,0.0021599052666543186
177,outdoor,scene_00023,outdoor/scene_00023/scan_00200,val/outdoor/scene_00023/scan_00200/00023_00200_outdoor_210_030.png,1,0,1,256,0,512,256,444,140,1004.0,4897.270260423236,5331.920166922171,-434.649906498935,1881.783902627718,1998.1435156973148,-116.35961306959675,0.01446608376028542,0.010499725990232273,0.2279062875531169,-0.011156422953960132
177,outdoor,scene_00023,outdoor/scene_00023/scan_00200,val/outdoor/scene_00023/scan_00200/00023_00200_outdoor_210_030.png,2,0,2,512,0,768,256,4148,80,4468.0,2819.3690945941094,2605.5501854321838,213.81890916192572,2111.580934120411,1856.3915637974935,255.18937032291683,0.013243841596700674,0.03303375401331459,0.7754143074530908,0.002991180230055845
177,outdoor,scene_00023,outdoor/scene_00023/scan_00200,val/outdoor/scene_00023/scan_00200/00023_00200_outdoor_210_030.png,3,0,3,768,0,1024,256,7699,208,8531.0,17365.58800897639,17476.90007725004,-111.31206827365031,6036.3151202169865,5839.0038692444905,197.31125097249634,0.012078469003407786,0.018927938744299367,0.6436830668536025,0.006268861900564115
177,outdoor,scene_00023,outdoor/scene_00023/scan_00200,val/outdoor/scene_00023/scan_00200/00023_00200_outdoor_210_030.png,4,1,0,0,256,256,512,9839,392,11407.0,9891.619665192533,10476.064126389116,-584.4444611965814,7347.941854389241,7887.519988569547,-539.5781341803071,0.01228501954762145,0.017259389578972974,0.9661625161688092,-0.0013057245960173105
177,outdoor,scene_00023,outdoor/scene_00023/scan_00200,val/outdoor/scene_00023/scan_00200/00023_00200_outdoor_210_030.png,5,1,1,256,256,512,512,2333,747,5321.0,12397.129660120354,11179.386309326226,1217.743350794129,4313.53692394881,3964.088568241002,349.44835570780754,0.022378780468353437,0.014021966036424544,0.37693947999786687,0.0005366580751895039
177,outdoor,scene_00023,outdoor/scene_00023/scan_00200,val/outdoor/scene_00023/scan_00200/00023_00200_outdoor_210_030.png,6,1,2,512,256,768,512,3407,57,3635.0,2235.904513322026,2219.8932273017467,16.011286020279094,2098.821288572819,2082.0375657826685,16.78372279015054,0.02498558997004205,0.019144236399904327,0.5835086085010223,0.004118097566001442
177,outdoor,scene_00023,outdoor/scene_00023/scan_00200,val/outdoor/scene_00023/scan_00200/00023_00200_outdoor_210_030.png,7,1,3,768,256,1024,512,14445,926,18149.0,30980.39049688205,31399.34880649875,-418.95830961669844,9946.84154597183,10068.298435604738,-121.45688963290866,0.01685110783330091,0.04742704237388476,0.8068585916605833,0.001287621485119298
177,outdoor,scene_00023,outdoor/scene_00023/scan_00200,val/outdoor/scene_00023/scan_00200/00023_00200_outdoor_210_030.png,8,2,0,0,512,256,768,9180,63,9432.0,4134.937300430665,4176.718824833856,-41.78152440319103,3837.6948252092543,3881.1247366063167,-43.42991139706202,0.019967617787221992,0.024893872924482714,0.5497716471372324,-0.0018338302004543494
177,outdoor,scene_00023,outdoor/scene_00023/scan_00200,val/outdoor/scene_00023/scan_00200/00023_00200_outdoor_210_030.png,9,2,1,256,512,512,768,17069,3638,31621.0,43086.68154309924,43083.0344651303,3.6470779689370616,23657.355527298005,23671.886640640005,-14.53111334199834,0.03578654814941916,0.0040028982746181975,0.16291894316341468,0.07801645206837583
177,outdoor,scene_00023,outdoor/scene_00023/scan_00200,val/outdoor/scene_00023/scan_00200/00023_00200_outdoor_210_030.png,10,2,2,512,512,768,768,19612,600,22012.0,10135.97604459852,10040.265570993595,95.71047360492469,7701.1876405605035,7604.996614230335,96.19102633016948,0.027629576963718015,0.006615706023450786,0.5388748766003439,0.05960116443930777
177,outdoor,scene_00023,outdoor/scene_00023/scan_00200,val/outdoor/scene_00023/scan_00200/00023_00200_outdoor_210_030.png,11,2,3,768,512,1024,768,32765,6262,57813.0,256734.9173191804,257053.28596080822,-318.3686416278286,77708.96026729747,78042.24205676213,-333.28178946466,0.021509374282524977,0.04595515151082914,0.9791834332070977,0.022504082786198403
178,outdoor,scene_00023,outdoor/scene_00023/scan_00200,val/outdoor/scene_00023/scan_00200/00023_00200_outdoor_310_020.png,0,0,0,0,0,256,256,11579,6623,38071.0,217665.7748171631,216021.0510557813,1644.7237613817733,66336.12189107007,65878.59168020893,457.5302108611309,0.04245063520133682,0.008171627312450183,0.27159910337975235,0.005041175916042706
178,outdoor,scene_00023,outdoor/scene_00023/scan_00200,val/outdoor/scene_00023/scan_00200/00023_00200_outdoor_310_020.png,1,0,1,256,0,512,256,23474,2460,33314.0,12396.461584425982,13198.877433626227,-802.4158492002456,5624.052468572275,5621.448940323289,2.603528248986123,0.020966856206790688,0.022795628422406837,0.7649270866562629,0.03980668854436751
178,outdoor,scene_00023,outdoor/scene_00023/scan_00200,val/outdoor/scene_00023/scan_00200/00023_00200_outdoor_310_020.png,2,0,2,512,0,768,256,63657,3257,76685.0,40864.38894203144,40649.1389123705,215.2500296609428,12615.118181060141,12510.255292508476,104.86288855166283,0.022672255150734233,0.05111539566453984,0.5056455856940619,1.2772986182785755
178,outdoor,scene_00023,outdoor/scene_00023/scan_00200,val/outdoor/scene_00023/scan_00200/00023_00200_outdoor_310_020.png,3,0,3,768,0,1024,256,65286,1417,70954.0,13028.414745213315,13110.518567748517,-82.10382253519948,8300.501159791964,8343.738599761291,-43.23743996932689,0.027078472510426492,0.014013138763471579,0.36227093504634245,2.0515684093522677
178,outdoor,scene_00023,outdoor/scene_00023/scan_00200,val/outdoor/scene_00023/scan_00200/00023_00200_outdoor_310_020.png,4,1,0,0,256,256,512,26644,12440,76404.0,279385.7407866898,278398.51874157856,987.2220451112297,79476.51683597888,79202.02322344168,274.49361253721,0.03867548929558964,0.009166680471463674,0.2963123083841639,-0.0040760259417141976
178,outdoor,scene_00023,outdoor/scene_00023/scan_00200,val/outdoor/scene_00023/scan_00200/00023_00200_outdoor_310_020.png,5,1,1,256,256,512,512,34189,3376,47693.0,31821.92831236377,32311.012526171755,-489.0842138079846,19253.395907853992,19262.307904228175,-8.911996374181172,0.03773296871845189,0.02586637024270669,0.8423056811957669,-0.018277937065671518
178,outdoor,scene_00023,outdoor/scene_00023/scan_00200,val/outdoor/scene_00023/scan_00200/00023_00200_outdoor_310_020.png,6,1,2,512,256,768,512,65431,1964,73287.0,13387.891542963269,13409.813299537489,-21.921756574223036,6719.554196859987,6737.408531981713,-17.8543351217253,0.013561512967534165,0.021018031635136145,0.5788377052478152,1.3373214118399195
178,outdoor,scene_00023,outdoor/scene_00023/scan_00200,val/outdoor/scene_00023/scan_00200/00023_00200_outdoor_310_020.png,7,1,3,768,256,1024,512,65163,1783,72295.0,14135.031381708033,14205.085931883541,-70.05455017550791,7081.573334516127,7126.74469766583,-45.17136314970314,0.01702840929338143,0.008475343828071066,0.49923306215104934,1.943393605673022
178,outdoor,scene_00023,outdoor/scene_00023/scan_00200,val/outdoor/scene_00023/scan_00200/00023_00200_outdoor_310_020.png,8,2,0,0,512,256,768,55060,7573,85352.0,90190.38909845111,89931.06426443117,259.3248340199427,32964.10614993077,32865.648618798296,98.45753113247638,0.02580155192151893,0.007794334552582697,0.3339944564066194,0.05085537080660719
178,outdoor,scene_00023,outdoor/scene_00023/scan_00200,val/outdoor/scene_00023/scan_00200/00023_00200_outdoor_310_020.png,9,2,1,256,512,512,768,46491,3716,61355.0,21101.202282872924,21092.83711266811,8.365170204818671,13994.496764761378,13974.887904073126,19.608860688249436,0.02624889386717674,0.024132184688632666,0.7776340088332991,0.02761585309507963
178,outdoor,scene_00023,outdoor/scene_00023/scan_00200,val/outdoor/scene_00023/scan_00200/00023_00200_outdoor_310_020.png,10,2,2,512,512,768,768,64989,3038,77141.0,16773.866647428855,17388.69481262963,-614.828165200774,9553.824485633173,9943.928872896384,-390.1043872632098,0.02008918106692733,0.052411748409862166,0.6091826524842896,1.6429670998840302
178,outdoor,scene_00023,outdoor/scene_00023/scan_00200,val/outdoor/scene_00023/scan_00200/00023_00200_outdoor_310_020.png,11,2,3,768,512,1024,768,40405,8404,74021.0,96897.99956581894,97032.5775998673,-134.57803404836568,49059.80047470661,49110.609183371125,-50.808708664514974,0.0304906747990253,0.016829492780994812,0.5157034756520635,2.8181224187309417
179,outdoor,scene_00023,outdoor/scene_00023/scan_00200,val/outdoor/scene_00023/scan_00200/00023_00200_outdoor_340_010.png,0,0,0,0,0,256,256,65467,3950,81267.0,21955.963017491486,22025.310511280033,-69.34749378854289,8189.9225330580975,8308.63726385329,-118.71473079519491,0.014699721004555006,0.00686846997788586,0.4865872868164184,1.8993691961302388
179,outdoor,scene_00023,outdoor/scene_00023/scan_00200,val/outdoor/scene_00023/scan_00200/00023_00200_outdoor_340_010.png,1,0,1,256,0,512,256,65385,4702,84193.0,17397.52013111884,17162.433092502913,235.08703861592858,7451.5872260308515,7443.523442581412,8.063783449439683,0.022447502361305053,0.025892834020662003,0.5275967539908278,1.7376134939097463
179,outdoor,scene_00023,outdoor/scene_00023/scan_00200,val/outdoor/scene_00023/scan_00200/00023_00200_outdoor_340_010.png,2,0,2,512,0,768,256,57293,10152,97901.0,78743.94265843631,77048.35851924287,1695.5841391934443,23570.565012652103,22989.01557713549,581.5494355166134,0.03547846180506431,0.03720724505480974,0.674152112952803,0.5478596317156244
179,outdoor,scene_00023,outdoor/scene_00023/scan_00200,val/outdoor/scene_00023/scan_00200/00023_00200_outdoor_340_010.png,3,0,3,768,0,1024,256,17691,10358,59123.0,399027.9922976017,394154.34610514087,4873.646192460834,117943.7703241457,116394.07311761373,1549.697206531971,0.033899255189601914,0.011977686698078801,0.40705852613818755,0.005658157453034044
179,outdoor,scene_00023,outdoor/scene_00023/scan_00200,val/outdoor/scene_00023/scan_00200/00023_00200_outdoor_340_010.png,4,1,0,0,256,256,512,64770,7199,93566.0,39320.35436731781,41044.79095783063,-1724.4365905128275,11635.452856469055,12156.186234301937,-520.7333778328784,0.021218612038846115,0.023827731888225144,0.4639488969044183,1.943317793677312
179,outdoor,scene_00023,outdoor/scene_00023/scan_00200,val/outdoor/scene_00023/scan_00200/00023_00200_outdoor_340_010.png,5,1,1,256,256,512,512,65184,9807,104412.0,44692.23750050923,45285.64049021996,-593.402989710722,13021.512542513328,13184.607086355287,-163.09454384195757,0.025041619718110395,0.03413366020367478,0.5102118368466346,1.7525117437697544
179,outdoor,scene_00023,outdoor/scene_00023/scan_00200,val/outdoor/scene_00023/scan_00200/00023_00200_outdoor_340_010.png,6,1,2,512,256,768,512,64573,6586,90917.0,22326.733155717866,22422.948956609078,-96.21580089121572,10825.041979533009,10808.520854524666,16.521125008343247,0.024490566964034455,0.030584185971064076,0.5924536274617332,0.6324457665578553
179,outdoor,scene_00023,outdoor/scene_00023/scan_00200,val/outdoor/scene_00023/scan_00200/00023_00200_outdoor_340_010.png,7,1,3,768,256,1024,512,45253,11104,89669.0,112806.49932784642,112754.01664769635,52.48268015008526,32926.179807130495,32875.28835274356,50.89145438692751,0.02901721176160843,0.009670473569273872,0.42598374506050524,-0.03553789959538134
179,outdoor,scene_00023,outdoor/scene_00023/scan_00200,val/outdoor/scene_00023/scan_00200/00023_00200_outdoor_340_010.png,8,2,0,0,512,256,768,63990,2033,72122.0,12116.810392447229,12274.519794683652,-157.7094022364234,6621.583211284207,6656.685346217466,-35.102134933258654,0.014736641874811227,0.02365318704246104,0.6723603434401775,2.4784518930977333
179,outdoor,scene_00023,outdoor/scene_00023/scan_00200,val/outdoor/scene_00023/scan_00200/00023_00200_outdoor_340_010.png,9,2,1,256,512,512,768,65470,3878,80982.0,15638.301975004992,15717.867245103575,-79.56527009858677,7926.65480575074,7959.112345965742,-32.4575402150018,0.018189669429467013,0.019979509706915637,0.6489799921970213,2.270528027981187
179,outdoor,scene_00023,outdoor/scene_00023/scan_00200,val/outdoor/scene_00023/scan_00200/00023_00200_outdoor_340_010.png,10,2,2,512,512,768,768,65528,765,68588.0,6579.306609067191,6570.325165058764,8.98144400842724,5397.185654318422,5388.052589335071,9.13306498335089,0.013570866787297577,0.0215309424227075,0.7656507839840307,0.9909097542963686
179,outdoor,scene_00023,outdoor/scene_00023/scan_00200,val/outdoor/scene_00023/scan_00200/00023_00200_outdoor_340_010.png,11,2,3,768,512,1024,768,65536,9,65572.0,4975.786481125454,4970.742188163004,5.044292962449967,4967.403132359168,4962.360525177268,5.04260718190052,0.00985827294856442,0.021010344039165463,0.7385722681971602,0.19102180281780867
180,outdoor,scene_00024,outdoor/scene_00024/scan_00201,val/outdoor/scene_00024/scan_00201/00024_00201_outdoor_100_000.png,0,0,0,0,0,256,256,65290,1360,70730.0,15081.616309442648,15149.135659619104,-67.51935017645357,12288.571306374564,12332.210487845738,-43.639181471174965,0.05176237023229086,0.0038416888694872767,0.06711173534174636,1.0198238565510498
180,outdoor,scene_00024,outdoor/scene_00024/scan_00201,val/outdoor/scene_00024/scan_00201/00024_00201_outdoor_100_000.png,1,0,1,256,0,512,256,64758,6630,91278.0,69498.27780714238,70125.51525028596,-627.237443143575,23262.742426271514,23430.081697064805,-167.3392707932959,0.05963221652085347,0.005338970354740598,0.2611423839983994,0.7022976223934347
180,outdoor,scene_00024,outdoor/scene_00024/scan_00201,val/outdoor/scene_00024/scan_00201/00024_00201_outdoor_100_000.png,2,0,2,512,0,768,256,64272,2943,76044.0,21126.97902185862,21151.086218352393,-24.107196493773255,13506.30587911137,13506.313644958429,-0.00776584705788963,0.06670426459743534,0.002381886683525479,0.15923476148522758,0.9222594154068212
180,outdoor,scene_00024,outdoor/scene_00024/scan_00201,val/outdoor/scene_00024/scan_00201/00024_00201_outdoor_100_000.png,3,0,3,768,0,1024,256,62607,16230,127527.0,103491.60830594931,103536.42268156563,-44.81437561633233,27862.14916687308,27895.393773131513,-33.24460625842828,0.06545271816382663,0.006255428020997323,0.4155981985043081,0.8253356352958783
180,outdoor,scene_00024,outdoor/scene_00024/scan_00201,val/outdoor/scene_00024/scan_00201/00024_00201_outdoor_100_000.png,4,1,0,0,256,256,512,64904,4386,82448.0,24504.19772653601,24571.135039068256,-66.93731253225376,12452.366767269788,12484.865514108507,-32.498746838717466,0.060418778505013086,0.0161243627929034,0.6261504255818836,0.7708255948643472
180,outdoor,scene_00024,outdoor/scene_00024/scan_00201,val/outdoor/scene_00024/scan_00201/00024_00201_outdoor_100_000.png,5,1,1,256,256,512,512,63884,11690,110644.0,100960.44394451508,101152.97454570566,-192.53060119057767,27676.408476574794,27711.88865640913,-35.48017983433504,0.06925660824772431,0.02360634930239437,0.6497614104973517,0.8236550826568709
180,outdoor,scene_00024,outdoor/scene_00024/scan_00201,val/outdoor/scene_00024/scan_00201/00024_00201_outdoor_100_000.png,6,1,2,512,256,768,512,63524,8580,97844.0,43560.195992794805,43468.810207441056,91.38578535375008,19081.0246962407,19002.981507604367,78.04318863633306,0.07648370251142005,0.02907504467267258,0.6576145188523799,0.6533277991284866
180,outdoor,scene_00024,outdoor/scene_00024/scan_00201,val/outdoor/scene_00024/scan_00201/00024_00201_outdoor_100_000.png,7,1,3,768,256,1024,512,63794,11536,109938.0,72319.81767554258,72153.36595613466,166.45171940792494,23114.50369498821,23047.942607792553,66.56108719565478,0.07425884140954384,0.02689591974812764,0.6549019056058014,1.0676399479454721
180,outdoor,scene_00024,outdoor/scene_00024/scan_00201,val/outdoor/scene_00024/scan_00201/00024_00201_outdoor_100_000.png,8,2,0,0,512,256,768,65533,1805,72753.0,13581.431931838013,13581.53384923224,-0.10191739422741963,10331.801784463501,10330.95337557641,0.8484088870942974,0.10239641319768607,0.018250979469120836,1.2044931458506745,3.252191449227775
180,outdoor,scene_00024,outdoor/scene_00024/scan_00201,val/outdoor/scene_00024/scan_00201/00024_00201_outdoor_100_000.png,9,2,1,256,512,512,768,65490,4605,83910.0,23903.90065970212,23897.309744659724,6.59091504239887,11744.775372095351,11741.600347502803,3.175024592547352,0.1091029259842468,0.018126581773379537,1.0041215953778047,2.8058655204999763
180,outdoor,scene_00024,outdoor/scene_00024/scan_00201,val/outdoor/scene_00024/scan_00201/00024_00201_outdoor_100_000.png,10,2,2,512,512,768,768,65522,2433,75254.0,16875.654792749934,16877.425515822208,-1.770723072268157,11645.68631480957,11645.528203613969,0.15811119560284714,0.10175204154770559,0.018259847747447735,1.1758667253334671,2.833172799782692
180,outdoor,scene_00024,outdoor/scene_00024/scan_00201,val/outdoor/scene_00024/scan_00201/00024_00201_outdoor_100_000.png,11,2,3,768,512,1024,768,65434,5298,86626.0,29026.386220832304,29024.61670213802,1.7695186942825771,13452.247680925013,13450.255076095664,1.9926048293513048,0.09860689594844982,0.01825058921747845,1.1268369039026658,2.5510722721842796
181,outdoor,scene_00024,outdoor/scene_00024/scan_00201,val/outdoor/scene_00024/scan_00201/00024_00201_outdoor_110_030.png,0,0,0,0,0,256,256,57158,5165,77818.0,9106.191256776443,9088.327275201562,17.863981574882605,2382.9694826036803,2361.288912335458,21.68057026822263,0.06596080433722205,0.004591625275034963,0.5799661702327532,0.6540265623421428
181,outdoor,scene_00024,outdoor/scene_00024/scan_00201,val/outdoor/scene_00024/scan_00201/00024_00201_outdoor_110_030.png,1,0,1,256,0,512,256,54240,6568,80512.0,10269.491091118703,10223.839392517773,45.651698600929265,2338.994341730914,2316.792818825792,22.20152290512248,0.06917236331993978,0.005200813868120847,0.43638598870817313,1.0741146252444762
181,outdoor,scene_00024,outdoor/scene_00024/scan_00201,val/outdoor/scene_00024/scan_00201/00024_00201_outdoor_110_030.png,2,0,2,512,0,768,256,63839,5866,87303.0,9403.279026587423,9379.672635560019,23.60639102740369,2763.3639512161653,2760.7822333365066,2.581717879658329,0.07190215793731929,0.005438073703828087,0.3626827175755058,1.6127546052529784
181,outdoor,scene_00024,outdoor/scene_00024/scan_00201,val/outdoor/scene_00024/scan_00201/00024_00201_outdoor_110_030.png,3,0,3,768,0,1024,256,65472,7198,94264.0,12629.22839413865,12612.819380721236,16.40901341741504,5134.471113883982,5123.394213096294,11.076900787687503,0.06362419077970888,0.00638776241690012,0.4225024653230682,2.1176854088259924
181,outdoor,scene_00024,outdoor/scene_00024/scan_00201,val/outdoor/scene_00024/scan_00201/00024_00201_outdoor_110_030.png,4,1,0,0,256,256,512,65536,1606,71960.0,1959.717490271675,1952.3602776402872,7.3572126313879505,1177.5852521714996,1162.8838564760317,14.701395695467772,0.054172447584975005,0.004759392531219882,0.20412350636317406,2.296615304211197
181,outdoor,scene_00024,outdoor/scene_00024/scan_00201,val/outdoor/scene_00024/scan_00201/00024_00201_outdoor_110_030.png,5,1,1,256,256,512,512,65536,834,68872.0,1873.3624945359209,1875.2280872732008,-1.8655927372800043,1448.7597762559642,1451.2080490576209,-2.448272801656838,0.06185533919260591,0.00403840512719932,0.6494748180236497,0.9185015258792678
181,outdoor,scene_00024,outdoor/scene_00024/scan_00201,val/outdoor/scene_00024/scan_00201/00024_00201_outdoor_110_030.png,6,1,2,512,256,768,512,65530,2384,75066.0,4220.527875668951,4223.504880769184,-2.977005100232588,1543.9563956034972,1541.645804743491,2.3105908600061773,0.07133188206762299,0.004652135912319368,0.5551388398836278,1.8402551004435583
181,outdoor,scene_00024,outdoor/scene_00024/scan_00201,val/outdoor/scene_00024/scan_00201/00024_00201_outdoor_110_030.png,7,1,3,768,256,1024,512,62242,8022,94330.0,17881.205390251867,17880.800490124053,0.40490012781126694,5373.758848505686,5369.532864530858,4.225983974827518,0.06512780977080855,0.006932054809496102,0.5334403509480747,2.2417599948232914
181,outdoor,scene_00024,outdoor/scene_00024/scan_00201,val/outdoor/scene_00024/scan_00201/00024_00201_outdoor_110_030.png,8,2,0,0,512,256,768,64866,19742,143834.0,44020.499445301924,44041.16562093998,-20.666175638059045,11099.556243656083,11119.914263147988,-20.35801949190544,0.03700105123014533,0.00555484838645382,0.22684901740237295,2.720640547849748
181,outdoor,scene_00024,outdoor/scene_00024/scan_00201,val/outdoor/scene_00024/scan_00201/00024_00201_outdoor_110_030.png,9,2,1,256,512,512,768,65395,10277,106503.0,12909.135362177196,12957.663164453337,-48.527802276141315,4768.380138235054,4782.164480092614,-13.784341857559092,0.049690320292477684,0.007562494001455403,0.6145089242432517,2.017975301420778
181,outdoor,scene_00024,outdoor/scene_00024/scan_00201,val/outdoor/scene_00024/scan_00201/00024_00201_outdoor_110_030.png,10,2,2,512,512,768,768,65534,4713,84386.0,6487.014767148081,6482.759429189486,4.255337958595032,2197.4777725652275,2194.964512239899,2.5132603253284533,0.05937309152860789,0.005599433499423663,0.4234009479241137,2.973759175040785
181,outdoor,scene_00024,outdoor/scene_00024/scan_00201,val/outdoor/scene_00024/scan_00201/00024_00201_outdoor_110_030.png,11,2,3,768,512,1024,768,60419,3203,73231.0,4334.822131484612,4301.074083482825,33.74804800178732,1774.8594045630357,1756.5659088758339,18.29349568720194,0.05684178636102235,0.007195201140925686,0.5165891164945782,3.152134503962528
182,outdoor,scene_00024,outdoor/scene_00024/scan_00201,val/outdoor/scene_00024/scan_00201/00024_00201_outdoor_110_050.png,0,0,0,0,0,256,256,45843,11819,93119.0,21165.313185422674,21839.260261689025,-673.9470762663503,6536.920504514632,6704.371557788905,-167.45105327427234,0.06754856829356379,0.0192143287139966,0.7226034151280454,0.0006382116290771595
182,outdoor,scene_00024,outdoor/scene_00024/scan_00201,val/outdoor/scene_00024/scan_00201/00024_00201_outdoor_110_050.png,1,0,1,256,0,512,256,19903,1393,25475.0,6086.707602714145,5998.628950396118,88.07865231802809,1526.3414967383765,1489.1253112934505,37.216185444925934,0.055793625268722204,0.014968108467276225,0.7493451435531734,0.0007220225385556571
182,outdoor,scene_00024,outdoor/scene_00024/scan_00201,val/outdoor/scene_00024/scan_00201/00024_00201_outdoor_110_050.png,2,0,2,512,0,768,256,690,145,1270.0,1299.7516569884224,1272.7882455443619,26.96341144406033,263.82073229820503,258.43064971860804,5.390082579596963,0.04735404050197847,0.0030201494020111633,0.8354550859394284,8.854041436084242e-05
182,outdoor,scene_00024,outdoor/scene_00024/scan_00201,val/outdoor/scene_00024/scan_00201/00024_00201_outdoor_110_050.png,3,0,3,768,0,1024,256,1884,910,5524.0,2083.820300527118,1852.4109896865082,231.40931084060952,459.07917363158674,416.9449102688875,42.134263362699315,0.053557983034900405,0.008056276613588967,1.0752799554234447,7.81478070549256e-06
182,outdoor,scene_00024,outdoor/scene_00024/scan_00201,val/outdoor/scene_00024/scan_00201/00024_00201_outdoor_110_050.png,4,1,0,0,256,256,512,65535,3675,80235.0,4525.631568084816,4530.82954803732,-5.197979952504484,1216.079903781972,1218.5663748796214,-2.4864710976493085,0.07830680000482493,0.004275634975387951,1.225436727369195,-1.5453143475610824
182,outdoor,scene_00024,outdoor/scene_00024/scan_00201,val/outdoor/scene_00024/scan_00201/00024_00201_outdoor_110_050.png,5,1,1,256,256,512,512,65529,3936,81273.0,5912.430560466469,5912.965642596656,-0.5350821301877988,1444.4742068541825,1442.581207052911,1.892999801271838,0.07556375386802129,0.0036787181514241728,0.5132750271429748,1.1778983556052853
182,outdoor,scene_00024,outdoor/scene_00024/scan_00201,val/outdoor/scene_00024/scan_00201/00024_00201_outdoor_110_050.png,6,1,2,512,256,768,512,58919,3155,71539.0,7979.3035801212845,7791.605941126434,187.69763899485076,2348.4304739123518,2336.969231422,11.461242490351545,0.07009851815101772,0.01780998977849268,0.894743364589509,0.12371617251020854
182,outdoor,scene_00024,outdoor/scene_00024/scan_00201,val/outdoor/scene_00024/scan_00201/00024_00201_outdoor_110_050.png,7,1,3,768,256,1024,512,60568,7444,90344.0,11823.33980535103,11927.8526759178,-104.51287056677076,3103.669620043451,3153.046997153342,-49.37737710989106,0.0671547950016587,0.01690320518035391,1.0452822342208823,0.013144220748037885
182,outdoor,scene_00024,outdoor/scene_00024/scan_00201,val/outdoor/scene_00024/scan_00201/00024_00201_outdoor_110_050.png,8,2,0,0,512,256,768,56123,5643,78695.0,9128.723872898925,9096.7953377417,31.928535157224907,2487.30552861909,2459.4185753925744,27.886953226515466,0.06391352179019763,0.0053085411572831075,0.3315491356997688,3.371092001003519
182,outdoor,scene_00024,outdoor/scene_00024/scan_00201,val/outdoor/scene_00024/scan_00201/00024_00201_outdoor_110_050.png,9,2,1,256,512,512,768,51290,6086,75634.0,9091.530285827845,9048.961049353184,42.56923647466107,2242.1216080510594,2210.9965377750377,31.125070276021432,0.06713606650768458,0.005255876490811038,0.35112292983291477,3.3110647914049527
182,outdoor,scene_00024,outdoor/scene_00024/scan_00201,val/outdoor/scene_00024/scan_00201/00024_00201_outdoor_110_050.png,10,2,2,512,512,768,768,63297,5613,85749.0,9275.263913275916,9247.56194245725,27.701970818663398,2332.9930211443734,2331.285875991177,1.7071451531962558,0.07108969733586783,0.005263449080770948,0.3645358711144167,3.506202721544177
182,outdoor,scene_00024,outdoor/scene_00024/scan_00201,val/outdoor/scene_00024/scan_00201/00024_00201_outdoor_110_050.png,11,2,3,768,512,1024,768,65464,5686,88208.0,8279.186896420886,8251.188353273057,27.998543147830876,3074.5115949358847,3049.952395622866,24.55919931301896,0.06316323317572195,0.006986048230096573,0.4807709538818117,3.8038510535086516
183,outdoor,scene_00024,outdoor/scene_00024/scan_00201,val/outdoor/scene_00024/scan_00201/00024_00201_outdoor_140_020.png,0,0,0,0,0,256,256,58210,3131,70734.0,6294.196328036982,6733.0426710164975,-438.84634297951663,2242.3001005110914,2376.9687677755524,-134.6686672644609,0.05437221854705248,0.010701691129100481,0.7152386424331661,0.23454789871581913
183,outdoor,scene_00024,outdoor/scene_00024/scan_00201,val/outdoor/scene_00024/scan_00201/00024_00201_outdoor_140_020.png,1,0,1,256,0,512,256,65533,1348,70925.0,4289.644716031865,4275.493703213621,14.15101281824348,2188.854400522221,2178.509027684749,10.345372837471949,0.05811670782331031,0.004358629710462219,0.25319870900554675,2.01493624314864
183,outdoor,scene_00024,outdoor/scene_00024/scan_00201,val/outdoor/scene_00024/scan_00201/00024_00201_outdoor_140_020.png,2,0,2,512,0,768,256,65525,1255,70545.0,3202.4474002607776,3174.0589324737916,28.388467786985903,1838.839579621831,1819.0286595823618,19.810920039469405,0.06050070131304043,0.00390154301353511,0.3702060516486825,1.9973822117088926
183,outdoor,scene_00024,outdoor/scene_00024/scan_00201,val/outdoor/scene_00024/scan_00201/00024_00201_outdoor_140_020.png,3,0,3,768,0,1024,256,65529,733,68461.0,2214.893102524448,2227.3094610899607,-12.416358565512919,1182.6025671950183,1187.8726699166714,-5.270102721652769,0.05749937261199758,0.0036621814782009255,0.6731451409167809,1.9436600199287615
183,outdoor,scene_00024,outdoor/scene_00024/scan_00201,val/outdoor/scene_00024/scan_00201/00024_00201_outdoor_140_020.png,4,1,0,0,256,256,512,65325,7167,93993.0,43982.705651588985,44291.09834829793,-308.3926967089441,11109.858394290448,11237.417968474298,-127.55957418385199,0.04432442611885668,0.006430284936184437,0.3129981394803001,1.6936165338141043
183,outdoor,scene_00024,outdoor/scene_00024/scan_00201,val/outdoor/scene_00024/scan_00201/00024_00201_outdoor_140_020.png,5,1,1,256,256,512,512,65536,276,66640.0,1409.2760815186934,1403.678339906102,5.597741612591163,1293.6040848036141,1288.255715191,5.348369612614083,0.04612208734377753,0.004049770722616468,0.3015882460385273,2.1714702508772006
183,outdoor,scene_00024,outdoor/scene_00024/scan_00201,val/outdoor/scene_00024/scan_00201/00024_00201_outdoor_140_020.png,6,1,2,512,256,768,512,65532,1465,71392.0,3007.8519885326814,3018.7360054805513,-10.88401694787026,2085.1743279587886,2094.574590028098,-9.400262069309512,0.055206465852174244,0.003484963055688936,0.35118707155665696,2.419174309181348
183,outdoor,scene_00024,outdoor/scene_00024/scan_00201,val/outdoor/scene_00024/scan_00201/00024_00201_outdoor_140_020.png,7,1,3,768,256,1024,512,64781,15373,126273.0,44906.10726525409,44913.433094915075,-7.3258296609842475,13038.060222969061,13065.957190710913,-27.89696774185176,0.03551167962648337,0.006837296615354687,0.27486186450078487,3.138451059532631
183,outdoor,scene_00024,outdoor/scene_00024/scan_00201,val/outdoor/scene_00024/scan_00201/00024_00201_outdoor_140_020.png,8,2,0,0,512,256,768,64647,15169,125323.0,133635.3361983361,133844.10159180505,-208.7653934689667,32112.75816458786,32193.87573934235,-81.11757475449619,0.0552816125763937,0.011416716305350941,0.3771227162800737,2.6316039691827413
183,outdoor,scene_00024,outdoor/scene_00024/scan_00201,val/outdoor/scene_00024/scan_00201/00024_00201_outdoor_140_020.png,9,2,1,256,512,512,768,61299,10862,104747.0,44352.60768554176,44305.68715612921,46.920529412568214,12478.660820668589,12508.37575045739,-29.71492978880309,0.0529056176039962,0.010497260504799754,0.1668734482450589,3.3367510400271656
183,outdoor,scene_00024,outdoor/scene_00024/scan_00201,val/outdoor/scene_00024/scan_00201/00024_00201_outdoor_140_020.png,10,2,2,512,512,768,768,64852,10464,106708.0,22690.776110057846,22447.242755665327,243.53335439251674,6466.189517214481,6375.856700759974,90.332816454507,0.06014903845472645,0.011695302819481399,0.5177033011754533,2.9293410952520498
183,outdoor,scene_00024,outdoor/scene_00024/scan_00201,val/outdoor/scene_00024/scan_00201/00024_00201_outdoor_140_020.png,11,2,3,768,512,1024,768,65092,9940,104852.0,24015.96061065504,23657.6010074898,358.35960316524347,7591.442343477229,7426.635624770415,164.80671870681306,0.06415616241736727,0.01890985669883271,0.5244530252303714,3.3234584630201103
184,outdoor,scene_00024,outdoor/scene_00024/scan_00201,val/outdoor/scene_00024/scan_00201/00024_00201_outdoor_140_050.png,0,0,0,0,0,256,256,11709,1889,19265.0,4038.737686431107,4467.2854817578855,-428.5477953267789,1085.4821859207561,1194.347478622629,-108.86529270187306,0.05555979837776591,0.009040572750790076,0.8716603093156138,0.0022436180039210256
184,outdoor,scene_00024,outdoor/scene_00024/scan_00201,val/outdoor/scene_00024/scan_00201/00024_00201_outdoor_140_050.png,1,0,1,256,0,512,256,61552,12688,112304.0,22546.700701838206,22195.592985424708,351.10771641350084,5954.236813285075,5894.525492648529,59.71132063654757,0.08031684008973913,0.011470960817944737,0.7445091541107304,0.1879783548642889
184,outdoor,scene_00024,outdoor/scene_00024/scan_00201,val/outdoor/scene_00024/scan_00201/00024_00201_outdoor_140_050.png,2,0,2,512,0,768,256,29034,5089,49390.0,30527.172083843256,29627.46860699987,899.7034768433829,7498.304692558575,7353.6269450978125,144.6777474607627,0.06018618455592342,0.021301784351181755,1.0843541590269992,-0.009279888019036533
184,outdoor,scene_00024,outdoor/scene_00024/scan_00201,val/outdoor/scene_00024/scan_00201/00024_00201_outdoor_140_050.png,3,0,3,768,0,1024,256,31282,717,34150.0,12723.47463659881,11901.460157603702,822.0144789951103,4315.4675662383,4052.43629103047,263.0312752078305,0.06126976012819868,0.016724544369131896,0.892128573397706,0.0006546536495897049
184,outdoor,scene_00024,outdoor/scene_00024/scan_00201,val/outdoor/scene_00024/scan_00201/00024_00201_outdoor_140_050.png,4,1,0,0,256,256,512,30494,4187,47242.0,24786.24655120165,25600.652549434402,-814.4059982327495,5832.389239242802,6018.022107557291,-185.63286831448858,0.06083570504272057,0.013365164990912101,0.906069658904302,0.02670638078881702
184,outdoor,scene_00024,outdoor/scene_00024/scan_00201,val/outdoor/scene_00024/scan_00201/00024_00201_outdoor_140_050.png,5,1,1,256,256,512,512,65306,11720,112186.0,21743.15463814331,21818.57453089983,-75.4198927565212,5299.176582290041,5283.645152497992,15.531429792048272,0.08435824118505576,0.00760674043057021,0.40931629913605605,1.922464054558529
184,outdoor,scene_00024,outdoor/scene_00024/scan_00201,val/outdoor/scene_00024/scan_00201/00024_00201_outdoor_140_050.png,6,1,2,512,256,768,512,65438,3667,80106.0,6637.085720236121,6607.530865764886,29.55485447123616,2418.864937099845,2426.565459407024,-7.700522307178643,0.08232842066126303,0.008994382816133961,0.604706716385941,1.0452083152264116
184,outdoor,scene_00024,outdoor/scene_00024/scan_00201,val/outdoor/scene_00024/scan_00201/00024_00201_outdoor_140_050.png,7,1,3,768,256,1024,512,65528,3723,80420.0,8047.302444412761,8054.244232615728,-6.9417882029678015,2851.9480315370292,2858.515136549413,-6.5671050123841255,0.07698278710036228,0.004464305901910144,0.4792916799241831,2.906561535783502
184,outdoor,scene_00024,outdoor/scene_00024/scan_00201,val/outdoor/scene_00024/scan_00201/00024_00201_outdoor_140_050.png,8,2,0,0,512,256,768,48594,3923,64286.0,31113.591740742195,30720.86138664516,392.7303540970322,9144.297847107628,9025.527235627498,118.77061148012825,0.06807455987505745,0.018850087906161543,0.9812635796581698,0.09991978584936294
184,outdoor,scene_00024,outdoor/scene_00024/scan_00201,val/outdoor/scene_00024/scan_00201/00024_00201_outdoor_140_050.png,9,2,1,256,512,512,768,65514,3888,81066.0,7574.324135925548,7535.282670233497,39.04146569205148,3439.5392610052413,3424.8198945006598,14.719366504581629,0.08092078249025467,0.0063929073310322925,0.337826727597246,2.885817774697448
184,outdoor,scene_00024,outdoor/scene_00024/scan_00201,val/outdoor/scene_00024/scan_00201/00024_00201_outdoor_140_050.png,10,2,2,512,512,768,768,57823,2382,67351.0,5870.593657667065,5838.2948715202565,32.298786146807544,1847.1509448151483,1827.3129579852884,19.837986829859943,0.06564505103106633,0.005224548560842295,0.314662066387761,3.475958672063345
184,outdoor,scene_00024,outdoor/scene_00024/scan_00201,val/outdoor/scene_00024/scan_00201/00024_00201_outdoor_140_050.png,11,2,3,768,512,1024,768,53992,4755,73012.0,10695.674963455478,10676.473194702303,19.201768753174246,2986.0005078185736,2980.6841740112695,5.316333807304028,0.06442732374143648,0.005584743167050435,0.4213499214325148,3.847784851053325
185,outdoor,scene_00024,outdoor/scene_00024/scan_00201,val/outdoor/scene_00024/scan_00201/00024_00201_outdoor_150_030.png,0,0,0,0,0,256,256,37799,16701,104603.0,918286867.765391,1129883238.5446105,-211596370.7792195,248268366.60506147,296433533.7257001,-48165167.12063864,0.05673767034723508,0.05189405040308432,1.3871958220683225,0.13347291798410427
185,outdoor,scene_00024,outdoor/scene_00024/scan_00201,val/outdoor/scene_00024/scan_00201/00024_00201_outdoor_150_030.png,1,0,1,256,0,512,256,54591,1881,62115.0,2325400.7548530274,24599122.377169065,-22273721.62231604,618826.2008050326,5723914.8986610565,-5105088.697856023,0.0770613416073238,0.011461732224849835,0.6958003598166876,0.05943718086220207
185,outdoor,scene_00024,outdoor/scene_00024/scan_00201,val/outdoor/scene_00024/scan_00201/00024_00201_outdoor_150_030.png,2,0,2,512,0,768,256,65466,1546,71650.0,12032.407638157187,12010.74174366531,21.665894491874614,7521.175148274734,7508.077161591963,13.097986682772603,0.07805083192265505,0.004822236258391078,0.3211299904687816,1.8567412274044612
185,outdoor,scene_00024,outdoor/scene_00024/scan_00201,val/outdoor/scene_00024/scan_00201/00024_00201_outdoor_150_030.png,3,0,3,768,0,1024,256,65440,1456,71264.0,7712.791492989989,7738.966954592398,-26.17546160241027,3977.19029484101,3973.967172147183,3.2231226938267703,0.06363873851031031,0.004110375840124723,0.3552776269082523,2.6010751868178703
185,outdoor,scene_00024,outdoor/scene_00024/scan_00201,val/outdoor/scene_00024/scan_00201/00024_00201_outdoor_150_030.png,4,1,0,0,256,256,512,39058,17179,107774.0,1598662114.5995297,1372185933.70739,226476180.89213967,510455683.9833783,432588633.72120094,77867050.26217726,0.06055165660551844,0.036645267235091414,0.8133432726466662,0.4989880755582195
185,outdoor,scene_00024,outdoor/scene_00024/scan_00201,val/outdoor/scene_00024/scan_00201/00024_00201_outdoor_150_030.png,5,1,1,256,256,512,512,61030,1625,67530.0,2716221.5271017123,2514937.068045674,201284.4590560397,782168.7059657184,953772.3536517379,-171603.64768601957,0.056487198642645606,0.012372136455089404,0.7396717393809843,0.142864938134894
185,outdoor,scene_00024,outdoor/scene_00024/scan_00201,val/outdoor/scene_00024/scan_00201/00024_00201_outdoor_150_030.png,6,1,2,512,256,768,512,65535,663,68187.0,5615.977902128345,5610.524794235594,5.4531078927510075,4324.0689957774875,4321.035869655495,3.033126121992411,0.05712482273592606,0.0054586401749376675,0.38052072975348616,2.0747700873607333
185,outdoor,scene_00024,outdoor/scene_00024/scan_00201,val/outdoor/scene_00024/scan_00201/00024_00201_outdoor_150_030.png,7,1,3,768,256,1024,512,65523,397,67111.0,8635.26531758154,8634.107378066186,1.1579395153519383,8072.944743821742,8072.200476901683,0.7442669200584802,0.058572563848384426,0.0047463108000043615,0.47604167571066663,2.456298074977725
185,outdoor,scene_00024,outdoor/scene_00024/scan_00201,val/outdoor/scene_00024/scan_00201/00024_00201_outdoor_150_030.png,8,2,0,0,512,256,768,53302,23579,147618.0,54108402.71678927,47463659.17071934,6644743.546069928,13248128.751316236,11402956.79023031,1845171.9610859253,0.0683402586001981,0.025519398472239,0.8036967590658686,1.3408250698047364
185,outdoor,scene_00024,outdoor/scene_00024/scan_00201,val/outdoor/scene_00024/scan_00201/00024_00201_outdoor_150_030.png,9,2,1,256,512,512,768,65382,4866,84846.0,41801.37378531458,41683.80992572119,117.5638595933933,13553.328236794117,13510.389114062926,42.93912273118919,0.045752000158504676,0.0069757702493015,0.5293390514156114,1.4749074414730805
185,outdoor,scene_00024,outdoor/scene_00024/scan_00201,val/outdoor/scene_00024/scan_00201/00024_00201_outdoor_150_030.png,10,2,2,512,512,768,768,65536,8,65568.0,10251.817343020251,10248.800991923992,3.016351096258671,10248.247225483896,10245.229671028774,3.017554455121574,0.047279930294955023,0.0056786551791148535,0.45325884142484874,2.6773741352487677
185,outdoor,scene_00024,outdoor/scene_00024/scan_00201,val/outdoor/scene_00024/scan_00201/00024_00201_outdoor_150_030.png,11,2,3,768,512,1024,768,65532,479,67448.0,12597.406786545227,12596.371349151259,1.0354373939671069,12258.898021466215,12254.237709172729,4.660312293486914,0.05153637160646877,0.004932766251322174,0.30526167174624197,3.620800207544507
186,outdoor,scene_00024,outdoor/scene_00024/scan_00201,val/outdoor/scene_00024/scan_00201/00024_00201_outdoor_180_030.png,0,0,0,0,0,256,256,8895,1181,13619.0,9955.05597112413,9971.89471748477,-16.838746360643743,5672.810158820746,5681.599482324254,-8.789323503507909,0.04956023409464787,0.011368843810396347,0.04133360444323957,-0.013314043781582099
186,outdoor,scene_00024,outdoor/scene_00024/scan_00201,val/outdoor/scene_00024/scan_00201/00024_00201_outdoor_180_030.png,1,0,1,256,0,512,256,14544,3920,30224.0,73087.67910413015,73101.72188388114,-14.042779750993459,18933.746289335977,18934.210134317796,-0.4638449818207473,0.048381274950244864,0.024866997496157006,0.6647960753092627,0.0032265264427869186
186,outdoor,scene_00024,outdoor/scene_00024/scan_00201,val/outdoor/scene_00024/scan_00201/00024_00201_outdoor_180_030.png,2,0,2,512,0,768,256,40116,3163,52768.0,41153.57249397119,41216.03492852862,-62.46243455742991,20807.124020241936,20822.996247856736,-15.8722276148033,0.061583181781763134,0.0944220016491141,0.7686983526395896,0.11522853746769497
186,outdoor,scene_00024,outdoor/scene_00024/scan_00201,val/outdoor/scene_00024/scan_00201/00024_00201_outdoor_180_030.png,3,0,3,768,0,1024,256,37268,414,38924.0,21457.667187650222,21460.456810745567,-2.789623095344374,19988.768507767963,20010.176948674256,-21.408440906293173,0.061092499649212685,0.03684235450263852,0.5720857483679886,0.20800624463943912
186,outdoor,scene_00024,outdoor/scene_00024/scan_00201,val/outdoor/scene_00024/scan_00201/00024_00201_outdoor_180_030.png,4,1,0,0,256,256,512,26250,965,30110.0,14332.62655202365,14339.413555443483,-6.787003419832573,12235.135694604633,12242.121744228623,-6.9860496239901355,0.04816931497259984,0.018528115213306905,0.4484683831779029,-0.016342684531244774
186,outdoor,scene_00024,outdoor/scene_00024/scan_00201,val/outdoor/scene_00024/scan_00201/00024_00201_outdoor_180_030.png,5,1,1,256,256,512,512,44856,10733,87788.0,174272.30320933904,174254.70173879017,17.601470548878584,47679.03695903253,47670.62763935206,8.409319680469334,0.06684794470371572,0.03632364259893318,0.6883555668343304,0.3154764477521315
186,outdoor,scene_00024,outdoor/scene_00024/scan_00201,val/outdoor/scene_00024/scan_00201/00024_00201_outdoor_180_030.png,6,1,2,512,256,768,512,42461,4577,60769.0,54562.11346923343,54555.2990063754,6.814462858038727,22466.049191603073,22424.942059026092,41.107132576978586,0.07143236990089048,0.09707047456888555,0.7040559966520514,0.4152185624121985
186,outdoor,scene_00024,outdoor/scene_00024/scan_00201,val/outdoor/scene_00024/scan_00201/00024_00201_outdoor_180_030.png,7,1,3,768,256,1024,512,41084,651,43688.0,21549.99751756596,21553.64082085261,-3.6433032866521846,19969.46869860719,19980.702032586927,-11.233333979733915,0.05506997512317094,0.030136558686404115,0.680669937278077,0.3630078755875421
186,outdoor,scene_00024,outdoor/scene_00024/scan_00201,val/outdoor/scene_00024/scan_00201/00024_00201_outdoor_180_030.png,8,2,0,0,512,256,768,50603,908,54235.0,17116.621850544114,17119.973557171135,-3.3517066270251226,15306.946433449943,15310.886307242801,-3.9398737928569543,0.07462802870481992,0.02531223808284532,0.7386856062760092,0.6111532602825669
186,outdoor,scene_00024,outdoor/scene_00024/scan_00201,val/outdoor/scene_00024/scan_00201/00024_00201_outdoor_180_030.png,9,2,1,256,512,512,768,47426,11263,92478.0,187338.2415444943,187319.8175493264,18.423995167907854,53581.18680374396,53574.9771962147,6.209607529264403,0.08430137542301086,0.010851141639365612,0.6192626483128896,1.2013948576105895
186,outdoor,scene_00024,outdoor/scene_00024/scan_00201,val/outdoor/scene_00024/scan_00201/00024_00201_outdoor_180_030.png,10,2,2,512,512,768,768,51665,5477,73573.0,75388.82912351677,75450.03221947633,-61.20309595957532,33134.19981868412,33160.77332628108,-26.573507596950094,0.08027055701348848,0.02136523872082756,0.6841659721221542,0.9588943118347719
186,outdoor,scene_00024,outdoor/scene_00024/scan_00201,val/outdoor/scene_00024/scan_00201/00024_00201_outdoor_180_030.png,11,2,3,768,512,1024,768,56113,2712,66961.0,40378.64887289921,40393.11289481536,-14.464021916147148,29975.653027860866,29986.281938033753,-10.628910172886533,0.06422832493777081,0.019000450779227015,0.6685751834686218,1.0360127922582778
187,outdoor,scene_00024,outdoor/scene_00024/scan_00201,val/outdoor/scene_00024/scan_00201/00024_00201_outdoor_210_020.png,0,0,0,0,0,256,256,49846,3225,62746.0,48250.138073264105,47325.6302165637,924.5078567004023,26043.074995144896,25559.352445452532,483.72254969236513,0.0720585658446118,0.15181058365585023,1.4132666831322054,0.24391429101276227
187,outdoor,scene_00024,outdoor/scene_00024/scan_00201,val/outdoor/scene_00024/scan_00201/00024_00201_outdoor_210_020.png,1,0,1,256,0,512,256,27571,3329,40887.0,58602.05260733471,58439.417396907535,162.6352104271598,27363.453239220085,27205.77640390835,157.6768353117397,0.0829204102171873,0.08382671123265636,1.0275227415454202,0.44831270046015975
187,outdoor,scene_00024,outdoor/scene_00024/scan_00201,val/outdoor/scene_00024/scan_00201/00024_00201_outdoor_210_020.png,2,0,2,512,0,768,256,18992,5596,41376.0,193676.91175472035,193203.02147913713,473.89027558320834,66002.41367632867,65812.75016980023,189.66350652843806,0.05698100193715667,0.036528685187893685,0.4455992722713308,-0.008056605859222223
187,outdoor,scene_00024,outdoor/scene_00024/scan_00201,val/outdoor/scene_00024/scan_00201/00024_00201_outdoor_210_020.png,3,0,3,768,0,1024,256,27417,791,30581.0,13857.632264143971,13916.97868544417,-59.34642130019817,11040.929847367035,11070.806981381562,-29.87713401452727,0.053389747628422066,0.03588162727469304,0.7001088155623292,-0.0004749421619547291
187,outdoor,scene_00024,outdoor/scene_00024/scan_00201,val/outdoor/scene_00024/scan_00201/00024_00201_outdoor_210_020.png,4,1,0,0,256,256,512,35859,1900,43459.0,28159.957148563313,28157.263669552543,2.6934790107669855,17735.00683201759,17702.653783810718,32.353048206875194,0.060397581382876514,0.06198962520427224,1.3183978338001665,-0.01813457293898213
187,outdoor,scene_00024,outdoor/scene_00024/scan_00201,val/outdoor/scene_00024/scan_00201/00024_00201_outdoor_210_020.png,5,1,1,256,256,512,512,39783,4672,58471.0,47337.77378652217,47306.35063292371,31.423153598458093,22539.10406139931,22514.026115179953,25.07794621935909,0.07450954445005903,0.012445375473614443,0.38516013592407505,0.48979621686401836
187,outdoor,scene_00024,outdoor/scene_00024/scan_00201,val/outdoor/scene_00024/scan_00201/00024_00201_outdoor_210_020.png,6,1,2,512,256,768,512,45896,9614,84352.0,187162.96856729648,187243.03324684294,-80.0646795464532,62136.19115053258,62161.37212667276,-25.180976140178707,0.0560243477751667,0.00846789813041737,0.4708373217416469,-0.07936890141970461
187,outdoor,scene_00024,outdoor/scene_00024/scan_00201,val/outdoor/scene_00024/scan_00201/00024_00201_outdoor_210_020.png,7,1,3,768,256,1024,512,49741,703,52553.0,19550.70659803135,19566.42032197045,-15.713723939100632,17676.93796732135,17692.996205008898,-16.058237687546995,0.0789907086096728,0.0201761223714106,0.5327204084644512,0.5703061966881273
187,outdoor,scene_00024,outdoor/scene_00024/scan_00201,val/outdoor/scene_00024/scan_00201/00024_00201_outdoor_210_020.png,8,2,0,0,512,256,768,44979,1957,52807.0,25994.239435852585,25952.412333055734,41.827102796850994,18041.7958498358,18009.65983514442,32.136014691383146,0.0601804270256356,0.013605938560473381,0.47594247266650863,0.11915365692790128
187,outdoor,scene_00024,outdoor/scene_00024/scan_00201,val/outdoor/scene_00024/scan_00201/00024_00201_outdoor_210_020.png,9,2,1,256,512,512,768,48347,3976,64251.0,41883.48016215504,41888.03345049184,-4.553288336791736,22664.14117181456,22668.252455124202,-4.111283309639552,0.07327493932760976,0.009496496288926442,0.2867534448001233,0.7147776563618403
187,outdoor,scene_00024,outdoor/scene_00024/scan_00201,val/outdoor/scene_00024/scan_00201/00024_00201_outdoor_210_020.png,10,2,2,512,512,768,768,50583,12813,101835.0,231063.78226234255,230957.76107209176,106.02119025077096,63936.871761344315,63913.71965954233,23.152101801989822,0.07037985263601632,0.012722012212991764,0.44736089532336154,0.754211852496469
187,outdoor,scene_00024,outdoor/scene_00024/scan_00201,val/outdoor/scene_00024/scan_00201/00024_00201_outdoor_210_020.png,11,2,3,768,512,1024,768,54203,415,55863.0,20077.0753432751,20034.632014364273,42.44332891082665,19104.835015146007,19065.476745724423,39.35826942158462,0.0878933704327218,0.021609675501405565,0.37367679300749634,1.676189878700048
188,outdoor,scene_00024,outdoor/scene_00024/scan_00201,val/outdoor/scene_00024/scan_00201/00024_00201_outdoor_330_010.png,0,0,0,0,0,256,256,29728,1718,36600.0,51591.358010385826,51333.85334501283,257.50466537300076,39882.136714568784,39625.04832705135,257.08838751743576,0.06724933159191372,0.05005914322961384,0.5530042772587738,0.2552526465195775
188,outdoor,scene_00024,outdoor/scene_00024/scan_00201,val/outdoor/scene_00024/scan_00201/00024_00201_outdoor_330_010.png,1,0,1,256,0,512,256,30958,12000,78958.0,407259.96065215574,395201.22888194537,12058.731770210357,123309.1161484675,119339.56822196174,3969.547926505762,0.0832030011441895,0.08006824403483315,0.7662597928829757,0.28319831816836805
188,outdoor,scene_00024,outdoor/scene_00024/scan_00201,val/outdoor/scene_00024/scan_00201/00024_00201_outdoor_330_010.png,2,0,2,512,0,768,256,29971,1378,35483.0,23171.47050208955,23455.04509166663,-283.5745895770836,19106.897217543345,19299.58634071333,-192.68912316998512,0.07334987703841807,0.05466375465688237,0.7250949320975356,0.48153251021506177
188,outdoor,scene_00024,outdoor/scene_00024/scan_00201,val/outdoor/scene_00024/scan_00201/00024_00201_outdoor_330_010.png,3,0,3,768,0,1024,256,19622,4108,36054.0,114030.09598975274,113877.90166030264,152.19432945010104,48044.338650220685,47909.65691273614,134.68173748453933,0.060878677823154155,0.028342277761300078,0.579279117367059,0.06350655433752296
188,outdoor,scene_00024,outdoor/scene_00024/scan_00201,val/outdoor/scene_00024/scan_00201/00024_00201_outdoor_330_010.png,4,1,0,0,256,256,512,54181,2531,64305.0,36785.324435335584,36767.39145538611,17.932979949472667,29612.123485512184,29595.28159042957,16.841895082607277,0.04327211057137589,0.019982931505348096,0.639461163623679,-0.055360793149933314
188,outdoor,scene_00024,outdoor/scene_00024/scan_00201,val/outdoor/scene_00024/scan_00201/00024_00201_outdoor_330_010.png,5,1,1,256,256,512,512,51925,9826,91229.0,208278.58273436272,209748.35374867625,-1469.7710143135214,66601.82254742211,67036.6685193017,-434.8459718795904,0.05321287829933495,0.04912846040076154,0.7800668996990668,0.08018641256874807
188,outdoor,scene_00024,outdoor/scene_00024/scan_00201,val/outdoor/scene_00024/scan_00201/00024_00201_outdoor_330_010.png,6,1,2,512,256,768,512,49159,1194,53935.0,24051.046729413967,24105.138966873055,-54.09223745909046,21649.719009764394,21690.43241482327,-40.71340505887855,0.046476888597836864,0.021255038798128657,0.5440624638908241,0.31906104733915713
188,outdoor,scene_00024,outdoor/scene_00024/scan_00201,val/outdoor/scene_00024/scan_00201/00024_00201_outdoor_330_010.png,7,1,3,768,256,1024,512,38199,5852,61607.0,179040.15434603122,178652.31860485073,387.83574118047306,61875.48985333865,61761.37589356286,114.11395977578107,0.03572339978604092,0.013696049323925305,0.784185268522011,0.013845549725862397
188,outdoor,scene_00024,outdoor/scene_00024/scan_00201,val/outdoor/scene_00024/scan_00201/00024_00201_outdoor_330_010.png,8,2,0,0,512,256,768,64288,846,67672.0,19308.359221655533,19312.155307296256,-3.7960856407217887,16374.512685757669,16377.522360876828,-3.009675119158925,0.06948372572334285,0.02365976993810953,0.965674894677928,1.6864075723329615
188,outdoor,scene_00024,outdoor/scene_00024/scan_00201,val/outdoor/scene_00024/scan_00201/00024_00201_outdoor_330_010.png,9,2,1,256,512,512,768,64129,10097,104517.0,146742.7470774851,146776.56288030994,-33.815802824817474,41884.48772667115,41892.75706714973,-8.269340478574074,0.07060274895328575,0.023056108210512957,0.9034807465573123,1.6361202048765455
188,outdoor,scene_00024,outdoor/scene_00024/scan_00201,val/outdoor/scene_00024/scan_00201/00024_00201_outdoor_330_010.png,10,2,2,512,512,768,768,65032,361,66476.0,14410.056223186712,14407.85804928095,2.1981739057609695,13457.388937586564,13455.07544785908,2.3134897274823354,0.06684832638745351,0.023149343456951577,0.9115599599349773,1.3675938981565217
188,outdoor,scene_00024,outdoor/scene_00024/scan_00201,val/outdoor/scene_00024/scan_00201/00024_00201_outdoor_330_010.png,11,2,3,768,512,1024,768,64307,5939,88063.0,71964.07387186639,71974.5060094846,-10.432137618197752,25605.569763210187,25605.944347241093,-0.3745840309005094,0.06950001549487596,0.023521337008835616,0.8843688054374639,1.481791818030031
189,outdoor,scene_00024,outdoor/scene_00024/scan_00201,val/outdoor/scene_00024/scan_00201/00024_00201_outdoor_340_000.png,0,0,0,0,0,256,256,50780,9639,89336.0,132137.48206559988,132624.92371554562,-487.4416499457439,51231.25635461354,51372.718015962935,-141.46166134939207,0.06296493850466847,0.026656968924086515,0.5002558382141409,0.003615064087335465
189,outdoor,scene_00024,outdoor/scene_00024/scan_00201,val/outdoor/scene_00024/scan_00201/00024_00201_outdoor_340_000.png,1,0,1,256,0,512,256,51021,6973,78913.0,57797.914784127206,57947.902724860876,-149.98794073366685,32941.37099115068,32991.687946534774,-50.316955384097874,0.04390942086685639,0.015853453548514557,0.539348250231971,-0.21144740752506358
189,outdoor,scene_00024,outdoor/scene_00024/scan_00201,val/outdoor/scene_00024/scan_00201/00024_00201_outdoor_340_000.png,2,0,2,512,0,768,256,49418,13685,104158.0,268996.2581810977,266584.31333461497,2411.9448464826582,77799.18308209599,77065.04183639798,734.1412456979965,0.054741877873067175,0.04279671357636113,0.6071476000404915,-0.061954197250711975
189,outdoor,scene_00024,outdoor/scene_00024/scan_00201,val/outdoor/scene_00024/scan_00201/00024_00201_outdoor_340_000.png,3,0,3,768,0,1024,256,46847,4120,63327.0,29209.593484296238,29277.49639399806,-67.90290970181795,21970.481590499992,22022.588393928643,-52.1068034286517,0.04518037891607018,0.012107917969536306,0.32171892779735833,0.09321251097778459
189,outdoor,scene_00024,outdoor/scene_00024/scan_00201,val/outdoor/scene_00024/scan_00201/00024_00201_outdoor_340_000.png,4,1,0,0,256,256,512,63986,12215,112846.0,126733.04103471621,126756.48282013947,-23.44178542324777,39863.975411418636,39873.35558313268,-9.380171714037413,0.07309906249633653,0.017502770639677832,0.6731470240463192,0.5700333141739982
189,outdoor,scene_00024,outdoor/scene_00024/scan_00201,val/outdoor/scene_00024/scan_00201/00024_00201_outdoor_340_000.png,5,1,1,256,256,512,512,64171,4825,83471.0,39985.936024783165,39992.95815435205,-7.022129568881072,22702.821235634845,22707.489508313913,-4.668272679068081,0.07018101876564332,0.01828466019263776,0.6515933683215384,0.5542447924898978
189,outdoor,scene_00024,outdoor/scene_00024/scan_00201,val/outdoor/scene_00024/scan_00201/00024_00201_outdoor_340_000.png,6,1,2,512,256,768,512,64080,16604,130496.0,195394.63623029971,195570.41321608544,-175.77698578571238,50860.901137909175,50909.35333349581,-48.452195586640485,0.06772327337442263,0.018359899289318835,0.6633628251667851,0.6469522206312178
189,outdoor,scene_00024,outdoor/scene_00024/scan_00201,val/outdoor/scene_00024/scan_00201/00024_00201_outdoor_340_000.png,7,1,3,768,256,1024,512,65028,1873,72520.0,21072.117510594086,21066.18178742515,5.935723168933759,17079.45576255872,17072.91444410755,6.541318451166108,0.06204428133606652,0.018217026427421523,0.6971316063725043,0.17076784364407308
189,outdoor,scene_00024,outdoor/scene_00024/scan_00201,val/outdoor/scene_00024/scan_00201/00024_00201_outdoor_340_000.png,8,2,0,0,512,256,768,65522,614,67978.0,11178.912358760605,11177.437646435976,1.4747123246297258,8839.938362313696,8838.08027764756,1.8580846661359074,0.0890937959948513,0.018776370442213232,0.9674843392423284,4.0782962229672695
189,outdoor,scene_00024,outdoor/scene_00024/scan_00201,val/outdoor/scene_00024/scan_00201/00024_00201_outdoor_340_000.png,9,2,1,256,512,512,768,65535,232,66463.0,8903.214411325935,8903.763529303436,-0.5491179774997226,8300.204600983127,8300.346768492122,-0.14216750899597574,0.09403800044571606,0.018709595497109738,0.8786640658433358,4.012918039253538
189,outdoor,scene_00024,outdoor/scene_00024/scan_00201,val/outdoor/scene_00024/scan_00201/00024_00201_outdoor_340_000.png,10,2,2,512,512,768,768,65508,715,68368.0,11174.485995835734,11173.059753983216,1.4262418525165892,8405.943517137872,8404.635731022905,1.307786114967463,0.08971988068239524,0.018436118143784437,0.887514194224279,4.222698659308925
189,outdoor,scene_00024,outdoor/scene_00024/scan_00201,val/outdoor/scene_00024/scan_00201/00024_00201_outdoor_340_000.png,11,2,3,768,512,1024,768,65532,158,66164.0,8392.485590490876,8391.389170912787,1.0964195780880108,8037.510689320969,8036.298508561638,1.2121807593312424,0.08486256732377292,0.018337402981989694,0.9013201864270185,4.218931551152868
190,outdoor,scene_00024,outdoor/scene_00024/scan_00202,val/outdoor/scene_00024/scan_00202/00024_00202_outdoor_110_020.png,0,0,0,0,0,256,256,59976,2164,68632.0,3533661.9248364386,1219595.7789401056,2314066.1458963323,1595283.9251519337,518162.46695394395,1077121.4581979897,0.049723657068815943,0.00793736549528025,0.24064608989737354,0.8140066053006901
190,outdoor,scene_00024,outdoor/scene_00024/scan_00202,val/outdoor/scene_00024/scan_00202/00024_00202_outdoor_110_020.png,1,0,1,256,0,512,256,65011,2988,76963.0,22408.34296422645,22415.456141345152,-7.113177118702396,9478.837679552125,9483.927807905711,-5.090128353584587,0.06650759830296644,0.00247498103922939,0.21890041710415695,1.364161624981935
190,outdoor,scene_00024,outdoor/scene_00024/scan_00202,val/outdoor/scene_00024/scan_00202/00024_00202_outdoor_110_020.png,2,0,2,512,0,768,256,65516,1064,69772.0,5682.14785113628,5670.173377899399,11.974473236880636,3960.425030994729,3951.7589156297445,8.666115364984222,0.06030867074325852,0.0026682950776631942,0.2807692280493369,1.743587368719394
190,outdoor,scene_00024,outdoor/scene_00024/scan_00202,val/outdoor/scene_00024/scan_00202/00024_00202_outdoor_110_020.png,3,0,3,768,0,1024,256,64236,3365,77696.0,34100.527603116505,34207.85376194871,-107.32615883220718,12495.555332326929,12532.110720232224,-36.55538790529474,0.039899785480195224,0.00287781628751666,0.2720067097227983,2.2849871054440136
190,outdoor,scene_00024,outdoor/scene_00024/scan_00202,val/outdoor/scene_00024/scan_00202/00024_00202_outdoor_110_020.png,4,1,0,0,256,256,512,65220,956,69044.0,13641.47655934204,13621.242450320024,20.2341090220153,10609.956821667158,10600.81879064217,9.138031024987521,0.034782814988842725,0.002815742263530221,0.41967236029406446,0.7742314767355886
190,outdoor,scene_00024,outdoor/scene_00024/scan_00202,val/outdoor/scene_00024/scan_00202/00024_00202_outdoor_110_020.png,5,1,1,256,256,512,512,65492,413,67144.0,3779.979977971609,3811.5262161730916,-31.546238201482907,3045.559617386961,3068.872039107144,-23.312421720183035,0.047676164162776626,0.0024139471340086324,0.28121271759567623,1.468692362198169
190,outdoor,scene_00024,outdoor/scene_00024/scan_00202,val/outdoor/scene_00024/scan_00202/00024_00202_outdoor_110_020.png,6,1,2,512,256,768,512,63750,4471,81634.0,33478.01900672374,33606.365842612824,-128.34683588908132,11177.83016167692,11218.669353840403,-40.83919216348254,0.06379873202761192,0.002521939536416172,0.30729942832183305,1.929608057756053
190,outdoor,scene_00024,outdoor/scene_00024/scan_00202,val/outdoor/scene_00024/scan_00202/00024_00202_outdoor_110_020.png,7,1,3,768,256,1024,512,65519,659,68155.0,9408.869116131742,9396.50331361183,12.365802519910718,8699.923729196027,8688.136683672335,11.78704552368993,0.0665519902929344,0.0028716860298063245,0.28913295889835405,2.3271166144049724
190,outdoor,scene_00024,outdoor/scene_00024/scan_00202,val/outdoor/scene_00024/scan_00202/00024_00202_outdoor_110_020.png,8,2,0,0,512,256,768,62243,20705,145063.0,125883.11234683088,127327.55194934623,-1444.4396025153453,37498.324504124736,37673.9556256532,-175.63112152846105,0.06176768754037418,0.019508934997813435,0.9083842664822822,1.5824612746817073
190,outdoor,scene_00024,outdoor/scene_00024/scan_00202,val/outdoor/scene_00024/scan_00202/00024_00202_outdoor_110_020.png,9,2,1,256,512,512,768,63764,21113,148216.0,116435.10280167617,120087.70924342146,-3652.6064417452735,31482.167546044446,31715.404617916385,-233.237071871936,0.07093195374920132,0.041815589413192314,1.0521428734738736,1.4526239864371162
190,outdoor,scene_00024,outdoor/scene_00024/scan_00202,val/outdoor/scene_00024/scan_00202/00024_00202_outdoor_110_020.png,10,2,2,512,512,768,768,63627,17374,133123.0,88011.25860504255,88041.0778107234,-29.81920568083558,23979.464245978772,23718.27156480576,261.1926811730122,0.07662143439415246,0.05825396305209064,0.7321434911721815,2.3710822266068767
190,outdoor,scene_00024,outdoor/scene_00024/scan_00202,val/outdoor/scene_00024/scan_00202/00024_00202_outdoor_110_020.png,11,2,3,768,512,1024,768,65024,1658,71656.0,21964.55334468094,22011.093982632276,-46.5406379513347,13004.27732687549,13006.802981775425,-2.5256548999353825,0.05027337353647421,0.012567182820112927,0.5120848066317584,2.872661766672695
191,outdoor,scene_00024,outdoor/scene_00024/scan_00202,val/outdoor/scene_00024/scan_00202/00024_00202_outdoor_120_000.png,0,0,0,0,0,256,256,62957,8563,97209.0,44765.40185154636,45299.924352001966,-534.5225004556123,19554.629511416504,19804.018260886205,-249.38874946970014,0.04405740600585911,0.010091236371759855,0.42425409874889103,0.11755719932540605
191,outdoor,scene_00024,outdoor/scene_00024/scan_00202,val/outdoor/scene_00024/scan_00202/00024_00202_outdoor_120_000.png,1,0,1,256,0,512,256,62548,13536,116692.0,76276.75637304969,76911.43013558531,-634.6737625356122,28801.827116036282,28893.883769773,-92.05665373672232,0.05507100674033079,0.012385687589941397,0.5442265272627425,0.12931325379516662
191,outdoor,scene_00024,outdoor/scene_00024/scan_00202,val/outdoor/scene_00024/scan_00202/00024_00202_outdoor_120_000.png,2,0,2,512,0,768,256,63979,13927,119687.0,87673.229733414,90240.61422888128,-2567.384495467273,29774.747764123887,29703.580242883796,71.1675212400924,0.06842141434110903,0.03418474700256087,0.8177949564643604,0.278954284588604
191,outdoor,scene_00024,outdoor/scene_00024/scan_00202,val/outdoor/scene_00024/scan_00202/00024_00202_outdoor_120_000.png,3,0,3,768,0,1024,256,63125,10714,105981.0,66719.09991779644,66320.65846053559,398.44145726083724,22685.02161653567,22210.286536686435,474.73507984923145,0.07411425073522837,0.041842825924572974,0.6361149441567969,0.5850007965655991
191,outdoor,scene_00024,outdoor/scene_00024/scan_00202,val/outdoor/scene_00024/scan_00202/00024_00202_outdoor_120_000.png,4,1,0,0,256,256,512,65533,155,66153.0,5897.157744737073,5895.446675862093,1.7110688749795813,5559.9393843342805,5561.802519839331,-1.863135505050078,0.04656227624929965,0.01351683486128588,0.5700615256058085,1.6194969985461154
191,outdoor,scene_00024,outdoor/scene_00024/scan_00202,val/outdoor/scene_00024/scan_00202/00024_00202_outdoor_120_000.png,5,1,1,256,256,512,512,64955,3563,79207.0,25662.320475731965,25683.557034695346,-21.236558963381434,10684.926623715137,10706.836757969766,-21.910134254630012,0.05751620318639111,0.013145335726352535,0.533642482030719,1.7884603803990216
191,outdoor,scene_00024,outdoor/scene_00024/scan_00202,val/outdoor/scene_00024/scan_00202/00024_00202_outdoor_120_000.png,6,1,2,512,256,768,512,62920,11691,109684.0,91137.73864292624,91225.19894902804,-87.46030610179166,25809.09226788937,25857.021243339863,-47.92897545049691,0.06323476639990898,0.00891653362512299,0.3777433298316207,3.2264409027809693
191,outdoor,scene_00024,outdoor/scene_00024/scan_00202,val/outdoor/scene_00024/scan_00202/00024_00202_outdoor_120_000.png,7,1,3,768,256,1024,512,61818,12225,110718.0,108981.87080261654,109172.9748918631,-191.1040892465479,28884.77138769674,28939.592160484186,-54.82077278744628,0.05723178788116213,0.014846346068769499,0.7298742037469786,1.2933512890784602
191,outdoor,scene_00024,outdoor/scene_00024/scan_00202,val/outdoor/scene_00024/scan_00202/00024_00202_outdoor_120_000.png,8,2,0,0,512,256,768,65536,0,65536.0,686.361694860332,673.8463030684868,12.5153917918452,686.361694860332,673.8463030684868,12.5153917918452,0.04220948483599121,0.015230521722677137,0.8476158043242288,4.147435226242577
191,outdoor,scene_00024,outdoor/scene_00024/scan_00202,val/outdoor/scene_00024/scan_00202/00024_00202_outdoor_120_000.png,9,2,1,256,512,512,768,65536,0,65536.0,1264.705721392192,1261.8467109481119,2.8590104440800577,1264.705721392192,1261.8467109481119,2.8590104440800577,0.04584828571073072,0.015141092191497101,0.7598584890559449,3.7610877297040193
191,outdoor,scene_00024,outdoor/scene_00024/scan_00202,val/outdoor/scene_00024/scan_00202/00024_00202_outdoor_120_000.png,10,2,2,512,512,768,768,65128,538,67280.0,6563.113841230677,6566.809983007875,-3.6961417771992533,3623.1532739315635,3625.6554462023087,-2.5021722707448046,0.04217388577734976,0.016796917566108675,0.8822974613582278,3.5180658480534146
191,outdoor,scene_00024,outdoor/scene_00024/scan_00202,val/outdoor/scene_00024/scan_00202/00024_00202_outdoor_120_000.png,11,2,3,768,512,1024,768,64396,1917,72064.0,18810.682907100272,18811.783081096455,-1.1001739961788628,6402.469470827047,6397.591559925066,4.877910901981358,0.05608523608376061,0.017945027427570932,0.9469344225716169,4.103654739211892
192,outdoor,scene_00024,outdoor/scene_00024/scan_00202,val/outdoor/scene_00024/scan_00202/00024_00202_outdoor_130_020.png,0,0,0,0,0,256,256,12838,95,13218.0,14719266.58663803,14557661.350663995,161605.23597403392,5382313.382958924,4815226.391115201,567086.9918437232,0.04355778708811978,0.009210268872653915,0.6848892205429264,-0.00011956909650278926
192,outdoor,scene_00024,outdoor/scene_00024/scan_00202,val/outdoor/scene_00024/scan_00202/00024_00202_outdoor_130_020.png,1,0,1,256,0,512,256,24545,1329,29861.0,7163533.289748739,3831211.457571402,3332321.8321773363,2567271.8131400007,1549596.811814251,1017675.0013257499,0.04500496552861144,0.010253187493083824,0.5971152474358167,0.029829470933100535
192,outdoor,scene_00024,outdoor/scene_00024/scan_00202,val/outdoor/scene_00024/scan_00202/00024_00202_outdoor_130_020.png,2,0,2,512,0,768,256,60845,1502,66853.0,799214.5926366993,657319.6662361242,141894.92640057506,664692.5535505068,500154.9441269283,164537.6094235787,0.05057751320751336,0.008108906941803423,0.4804481388799129,0.3190511468113654
192,outdoor,scene_00024,outdoor/scene_00024/scan_00202,val/outdoor/scene_00024/scan_00202/00024_00202_outdoor_130_020.png,3,0,3,768,0,1024,256,64987,1913,72639.0,19821.14887575977,19814.914791486244,6.234084273527766,13245.86883111669,13244.911587704584,0.9572434121060123,0.06943798756145951,0.0036082253986238965,0.34260672655122326,1.9359879542797473
192,outdoor,scene_00024,outdoor/scene_00024/scan_00202,val/outdoor/scene_00024/scan_00202/00024_00202_outdoor_130_020.png,4,1,0,0,256,256,512,63983,3356,77407.0,24287.32728331198,24241.829103979475,45.498179332504485,10367.109090630118,10368.245696351429,-1.1366057213101044,0.03840747938380233,0.0021023205269169723,0.44297722127714845,0.8971737537688806
192,outdoor,scene_00024,outdoor/scene_00024/scan_00202,val/outdoor/scene_00024/scan_00202/00024_00202_outdoor_130_020.png,5,1,1,256,256,512,512,64281,2112,72729.0,18972.121516075353,18892.82183890583,79.29967716952055,11157.402274142747,11070.343010073713,87.059264069033,0.029435081857677448,0.0016095292302473207,0.4150407401521413,0.5996419694313669
192,outdoor,scene_00024,outdoor/scene_00024/scan_00202,val/outdoor/scene_00024/scan_00202/00024_00202_outdoor_130_020.png,6,1,2,512,256,768,512,65245,694,68021.0,9307.407381637047,9293.357140799431,14.05024083761695,7420.832289104649,7402.149516303839,18.68277280080902,0.038117908506433734,0.0038244062315496664,0.46517382105755106,1.0208823113378163
192,outdoor,scene_00024,outdoor/scene_00024/scan_00202,val/outdoor/scene_00024/scan_00202/00024_00202_outdoor_130_020.png,7,1,3,768,256,1024,512,65508,194,66284.0,13715.32372668345,13720.278168400664,-4.95444171721449,13402.78056523053,13406.65123959128,-3.8706743607494802,0.04922368270914702,0.0035167943630837017,0.3784792251148671,1.9654953141424532
192,outdoor,scene_00024,outdoor/scene_00024/scan_00202,val/outdoor/scene_00024/scan_00202/00024_00202_outdoor_130_020.png,8,2,0,0,512,256,768,61775,10049,101971.0,55987.6715899565,55936.44199241172,51.22959754478319,24303.34076958128,24249.08520245834,54.25556712293472,0.058931756072021446,0.012665798085194893,0.5744830164560225,2.061392335710714
192,outdoor,scene_00024,outdoor/scene_00024/scan_00202,val/outdoor/scene_00024/scan_00202/00024_00202_outdoor_130_020.png,9,2,1,256,512,512,768,63283,11222,108171.0,61556.79671774127,61930.47375140227,-373.67703366100613,24403.331989830294,24463.49294134838,-60.16095151808922,0.05013402687580115,0.012940968773176815,0.7056013745192758,1.8976931193287616
192,outdoor,scene_00024,outdoor/scene_00024/scan_00202,val/outdoor/scene_00024/scan_00202/00024_00202_outdoor_130_020.png,10,2,2,512,512,768,768,62299,17539,132455.0,98606.41003869669,100950.03056670392,-2343.620528007231,31540.639468252677,31760.99473540432,-220.3552671516427,0.0633902682371314,0.02101905893724629,0.9668553498310195,1.7333968530319717
192,outdoor,scene_00024,outdoor/scene_00024/scan_00202,val/outdoor/scene_00024/scan_00202/00024_00202_outdoor_130_020.png,11,2,3,768,512,1024,768,63973,17342,133341.0,96987.06714217439,100478.66207426517,-3491.594932090773,29175.478421691358,29027.636887717672,147.8415339736876,0.07060084604062138,0.0422755155563746,1.322782441826276,1.4743391301867776
193,outdoor,scene_00024,outdoor/scene_00024/scan_00202,val/outdoor/scene_00024/scan_00202/00024_00202_outdoor_170_020.png,0,0,0,0,0,256,256,28940,1915,36600.0,15891.106948277597,15846.531695855756,44.57525242184131,13828.199006084427,13797.699108770506,30.499897313920783,0.04522032215593152,0.004116980395384642,0.215812417316557,0.004170493941040756
193,outdoor,scene_00024,outdoor/scene_00024/scan_00202,val/outdoor/scene_00024/scan_00202/00024_00202_outdoor_170_020.png,1,0,1,256,0,512,256,10519,305,11739.0,2071.465236812734,1987.8080572320816,83.65717958065257,1443.429400391014,1386.9645968233863,56.464803567628024,0.04503086143433388,0.002785037970849478,0.22429570103132565,0.0005531315442249085
193,outdoor,scene_00024,outdoor/scene_00024/scan_00202,val/outdoor/scene_00024/scan_00202/00024_00202_outdoor_170_020.png,2,0,2,512,0,768,256,20753,1277,25861.0,25386.760763203885,23708.419886999545,1678.3408762043393,7640.011918139771,7185.980238610582,454.0316795291895,0.04434206531641269,0.05017067102073972,1.0395113030956702,-0.04198736086675768
193,outdoor,scene_00024,outdoor/scene_00024/scan_00202,val/outdoor/scene_00024/scan_00202/00024_00202_outdoor_170_020.png,3,0,3,768,0,1024,256,17420,634,19956.0,13151.34830928939,11173.853323194195,1977.4949860951947,4254.671529462469,3777.197694404823,477.4738350576461,0.044293757601782356,0.02231844607565671,0.8905732221226088,-0.025208203425431754
193,outdoor,scene_00024,outdoor/scene_00024/scan_00202,val/outdoor/scene_00024/scan_00202/00024_00202_outdoor_170_020.png,4,1,0,0,256,256,512,54439,6158,79071.0,37620.97854159753,37567.5291196045,53.44942199301856,21203.937999393424,21179.56821962521,24.369779768215498,0.03643906589606435,0.001953726739403577,0.11226111997461755,0.37119984664029027
193,outdoor,scene_00024,outdoor/scene_00024/scan_00202,val/outdoor/scene_00024/scan_00202/00024_00202_outdoor_170_020.png,5,1,1,256,256,512,512,63020,5728,85932.0,24416.53581203817,24350.25538077533,66.2804312628429,9987.65988402252,9942.417182716676,45.24270130584524,0.046208290519075934,0.0014823396031436943,0.21295502494601323,0.03684170388010619
193,outdoor,scene_00024,outdoor/scene_00024/scan_00202,val/outdoor/scene_00024/scan_00202/00024_00202_outdoor_170_020.png,6,1,2,512,256,768,512,65469,2477,75377.0,7655.091046545789,7635.485727223418,19.60531932237221,3845.0466775747095,3924.8536812382104,-79.80700366350102,0.048824617208447725,0.026848375632491785,0.8843644435154142,0.1838130919381871
193,outdoor,scene_00024,outdoor/scene_00024/scan_00202,val/outdoor/scene_00024/scan_00202/00024_00202_outdoor_170_020.png,7,1,3,768,256,1024,512,65357,2409,74993.0,8903.503584329137,9370.154724770655,-466.65114044151454,4419.833657580624,4467.66080187692,-47.827144296294335,0.04741770681492548,0.026188631161028972,0.7582057034687586,0.5609136848005072
193,outdoor,scene_00024,outdoor/scene_00024/scan_00202,val/outdoor/scene_00024/scan_00202/00024_00202_outdoor_170_020.png,8,2,0,0,512,256,768,62748,10509,104784.0,61307.07643690052,61341.38559787533,-34.309160974827925,25575.99570154964,25647.939644646314,-71.94394309667537,0.04666695554648216,0.009590123449596052,0.43944407479673486,0.637930742807227
193,outdoor,scene_00024,outdoor/scene_00024/scan_00202,val/outdoor/scene_00024/scan_00202/00024_00202_outdoor_170_020.png,9,2,1,256,512,512,768,62214,13864,117670.0,58126.24516617048,58096.30214845826,29.94301771223168,22537.331930344655,22513.524514232944,23.807416111713586,0.05290278999967669,0.007460166642863903,0.3830981592178671,0.5453350416262976
193,outdoor,scene_00024,outdoor/scene_00024/scan_00202,val/outdoor/scene_00024/scan_00202/00024_00202_outdoor_170_020.png,10,2,2,512,512,768,768,64366,5971,88250.0,25203.32056492244,25076.24824775253,127.07231716991146,11354.931796418869,11096.861388915286,258.0704075035848,0.05416342440590442,0.018713295872519433,0.9464647763692762,0.9740696472311698
193,outdoor,scene_00024,outdoor/scene_00024/scan_00202,val/outdoor/scene_00024/scan_00202/00024_00202_outdoor_170_020.png,11,2,3,768,512,1024,768,64491,6699,91287.0,30454.31174468265,29958.548702232256,495.76304245039296,13062.868398082926,12867.523560845271,195.34483723765302,0.05548277151328397,0.020419581107119274,0.6121306333559401,1.5504628191718337
194,outdoor,scene_00024,outdoor/scene_00024/scan_00202,val/outdoor/scene_00024/scan_00202/00024_00202_outdoor_180_010.png,0,0,0,0,0,256,256,45183,10817,88451.0,94000.27749470405,93836.27555061423,164.00194408982526,44676.29652229889,44636.37470102261,39.92182127627924,0.05314395581088888,0.002780801204827506,0.12616766826789433,0.23709300488249793
194,outdoor,scene_00024,outdoor/scene_00024/scan_00202,val/outdoor/scene_00024/scan_00202/00024_00202_outdoor_180_010.png,1,0,1,256,0,512,256,56577,4730,75497.0,33312.82927834131,33298.88372801055,13.945550330763922,22527.342227391695,22510.41790723117,16.924320160519564,0.03884154461762894,0.002167469063798693,0.14327546255120494,0.1781841252404799
194,outdoor,scene_00024,outdoor/scene_00024/scan_00202,val/outdoor/scene_00024/scan_00202/00024_00202_outdoor_180_010.png,2,0,2,512,0,768,256,63950,4156,80574.0,20381.48396336684,20405.83694512304,-24.3529817561963,12049.7552699531,12051.998627625493,-2.2433576723939863,0.045761454625600606,0.0017030741691907033,0.1608082835699602,0.242151715341411
194,outdoor,scene_00024,outdoor/scene_00024/scan_00202,val/outdoor/scene_00024/scan_00202/00024_00202_outdoor_180_010.png,3,0,3,768,0,1024,256,65489,1753,72501.0,9255.461961493,9314.267610144909,-58.8056486519104,6676.436346441703,6696.100491931406,-19.66414548970326,0.04917386595613944,0.03400316797816854,1.0853561454522211,0.35136785855540514
194,outdoor,scene_00024,outdoor/scene_00024/scan_00202,val/outdoor/scene_00024/scan_00202/00024_00202_outdoor_180_010.png,4,1,0,0,256,256,512,62243,17347,131631.0,75678.70859144983,76113.53525817506,-434.8266667252318,25700.439144687785,25673.714044260487,26.7251004273015,0.06458585464087974,0.017901208229436458,0.6541571904429403,0.25106836999174514
194,outdoor,scene_00024,outdoor/scene_00024/scan_00202,val/outdoor/scene_00024/scan_00202/00024_00202_outdoor_180_010.png,5,1,1,256,256,512,512,62631,10167,103299.0,47169.766831456654,47436.74343260275,-266.97660114609687,20467.03278983116,20586.140247309657,-119.10745747849859,0.04483072016638308,0.009322492745834573,0.42849168970124607,0.26645670202357624
194,outdoor,scene_00024,outdoor/scene_00024/scan_00202,val/outdoor/scene_00024/scan_00202/00024_00202_outdoor_180_010.png,6,1,2,512,256,768,512,61253,13959,117089.0,48953.049378227835,48885.93882021075,67.11055801708676,19494.61306395642,19501.10906120811,-6.4959972516899995,0.053877857726936346,0.007761252052678437,0.544791368845149,0.37730975070841866
194,outdoor,scene_00024,outdoor/scene_00024/scan_00202,val/outdoor/scene_00024/scan_00202/00024_00202_outdoor_180_010.png,7,1,3,768,256,1024,512,64570,4457,82398.0,17808.37277927618,17376.474660664655,431.8981186115235,8527.770037261747,8111.088022829924,416.68201443182437,0.05316855058862125,0.02127227431007357,0.939098642410808,0.7654627379983184
194,outdoor,scene_00024,outdoor/scene_00024/scan_00202,val/outdoor/scene_00024/scan_00202/00024_00202_outdoor_180_010.png,8,2,0,0,512,256,768,64938,4853,84350.0,23036.436047703955,23031.78522884465,4.650818859306062,8667.140460180635,8665.33980593759,1.8006542430467238,0.04636701384454923,0.011831718602891854,0.6396402649750172,2.2860091465919936
194,outdoor,scene_00024,outdoor/scene_00024/scan_00202,val/outdoor/scene_00024/scan_00202/00024_00202_outdoor_180_010.png,9,2,1,256,512,512,768,65535,160,66175.0,3365.948559485684,3365.7430470668223,0.20551241886218685,3119.7123822669805,3118.7921047340046,0.9202775329757138,0.04309128562546085,0.014877556606824898,0.6026017114576592,1.6416693968621736
194,outdoor,scene_00024,outdoor/scene_00024/scan_00202,val/outdoor/scene_00024/scan_00202/00024_00202_outdoor_180_010.png,10,2,2,512,512,768,768,65529,954,69345.0,5577.074322240458,5672.773935288844,-95.6996130483863,3670.0521522616564,3719.7653784718627,-49.71322621020635,0.03919293231101465,0.02265789552929893,0.7422337934339625,1.7034486488401517
194,outdoor,scene_00024,outdoor/scene_00024/scan_00202,val/outdoor/scene_00024/scan_00202/00024_00202_outdoor_180_010.png,11,2,3,768,512,1024,768,65444,919,69120.0,4378.115749889937,4583.449769993463,-205.33402010352475,2644.2714556349133,2772.298894056341,-128.02743842142786,0.04549619161441634,0.01925915339615131,0.8713649893395058,1.8296721707918062
195,outdoor,scene_00024,outdoor/scene_00024/scan_00202,val/outdoor/scene_00024/scan_00202/00024_00202_outdoor_190_000.png,0,0,0,0,0,256,256,61835,14724,120731.0,77204.61539890534,77448.10844373857,-243.49304483323198,27115.89699342163,27128.980160977066,-13.083167555437058,0.04934458089869943,0.02079515543852134,0.6817349500577667,0.1493763481851349
195,outdoor,scene_00024,outdoor/scene_00024/scan_00202,val/outdoor/scene_00024/scan_00202/00024_00202_outdoor_190_000.png,1,0,1,256,0,512,256,60448,17136,128992.0,63078.726137424615,63405.441642711165,-326.71550528655166,22732.561593242695,22797.692934911,-65.13134166830363,0.06626672029605592,0.015909538779103543,0.6045067157338324,-0.07894740057443334
195,outdoor,scene_00024,outdoor/scene_00024/scan_00202,val/outdoor/scene_00024/scan_00202/00024_00202_outdoor_190_000.png,2,0,2,512,0,768,256,62516,8989,98472.0,40260.49801512187,40482.80250290335,-222.3044877814819,20923.272566771448,21075.662560841614,-152.38999407016627,0.0434027721949018,0.009840892562931582,0.3978883452234714,0.04274138284286278
195,outdoor,scene_00024,outdoor/scene_00024/scan_00202,val/outdoor/scene_00024/scan_00202/00024_00202_outdoor_190_000.png,3,0,3,768,0,1024,256,60377,12726,111281.0,37975.49594251042,37776.174195132466,199.32174737795435,17849.299568467635,17742.09605284729,107.20351562034512,0.05573221839640406,0.007790803161449774,0.3870977733653346,0.28848773262398003
195,outdoor,scene_00024,outdoor/scene_00024/scan_00202,val/outdoor/scene_00024/scan_00202/00024_00202_outdoor_190_000.png,4,1,0,0,256,256,512,60618,15540,122778.0,83177.03891207637,83201.25810008694,-24.219188010549498,24310.15269458538,24318.048156740646,-7.895462155261576,0.05916761351504547,0.011677677126666673,0.4415149003973539,2.9346057118341635
195,outdoor,scene_00024,outdoor/scene_00024/scan_00202,val/outdoor/scene_00024/scan_00202/00024_00202_outdoor_190_000.png,5,1,1,256,256,512,512,64924,5104,85340.0,23017.875272753452,23022.42663142691,-4.5513586734608324,8867.311260324208,8870.09087333547,-2.779613011262593,0.04618978941867573,0.011692362016340135,0.5278910391152257,1.7685788153286481
195,outdoor,scene_00024,outdoor/scene_00024/scan_00202,val/outdoor/scene_00024/scan_00202/00024_00202_outdoor_190_000.png,6,1,2,512,256,768,512,65535,134,66071.0,3714.2061504525823,3720.9771291273937,-6.7709786748116185,3469.0455297708722,3477.6419533352973,-8.596423564425107,0.04128129352713637,0.013321428140859192,0.5667102051344446,1.2638081485787342
195,outdoor,scene_00024,outdoor/scene_00024/scan_00202,val/outdoor/scene_00024/scan_00202/00024_00202_outdoor_190_000.png,7,1,3,768,256,1024,512,65487,1013,69539.0,5908.636141977322,5930.835168849854,-22.199026872532738,4029.7320638621195,4016.6383050676905,13.093758794428991,0.040699584227383456,0.022080445196379743,0.7083274822656149,1.4437252967013907
195,outdoor,scene_00024,outdoor/scene_00024/scan_00202,val/outdoor/scene_00024/scan_00202/00024_00202_outdoor_190_000.png,8,2,0,0,512,256,768,64938,723,67830.0,5640.418648342657,5658.70088635955,-18.282238016892865,3466.7842086901355,3481.9749484176364,-15.190739727500418,0.03840703208695034,0.015297184031576361,0.9532187034787794,3.5347557770438485
195,outdoor,scene_00024,outdoor/scene_00024/scan_00202,val/outdoor/scene_00024/scan_00202/00024_00202_outdoor_190_000.png,9,2,1,256,512,512,768,65536,0,65536.0,1000.3614392793963,1000.2070020047472,0.15443727464925106,1000.3614392793963,1000.2070020047472,0.15443727464925106,0.04190132608353801,0.014765533220016353,0.7056491047859889,3.779658505273931
195,outdoor,scene_00024,outdoor/scene_00024/scan_00202,val/outdoor/scene_00024/scan_00202/00024_00202_outdoor_190_000.png,10,2,2,512,512,768,768,65533,115,65993.0,1058.416027869773,1058.2860493489784,0.12997852079452432,773.92067548946,774.0487924092201,-0.12811691976009998,0.04404816128556702,0.014850688470830726,0.7933881105862628,3.612242165336572
195,outdoor,scene_00024,outdoor/scene_00024/scan_00202,val/outdoor/scene_00024/scan_00202/00024_00202_outdoor_190_000.png,11,2,3,768,512,1024,768,65525,104,65941.0,1092.6913071400566,1096.2749000810882,-3.583592941031544,821.3430273496787,825.1045313292971,-3.7615039796182463,0.039191017593171146,0.014207194578419197,0.7422078832128104,4.5202968140656
196,outdoor,scene_00024,outdoor/scene_00024/scan_00202,val/outdoor/scene_00024/scan_00202/00024_00202_outdoor_190_020.png,0,0,0,0,0,256,256,64916,1824,72212.0,16706.539123194547,16730.805664986263,-24.266541791714236,13195.67346704799,13208.860946321573,-13.187479273584147,0.03806383036108261,0.0026711943930465146,0.3175600628105162,1.2154730114598586
196,outdoor,scene_00024,outdoor/scene_00024/scan_00202,val/outdoor/scene_00024/scan_00202/00024_00202_outdoor_190_020.png,1,0,1,256,0,512,256,51096,1507,57124.0,19753989.106307622,20647270.049431555,-893280.9431239319,10906175.569117324,11031341.228803735,-125165.65968641048,0.048485611889293186,0.010931904268631606,0.4753307132125655,0.16306862969326671
196,outdoor,scene_00024,outdoor/scene_00024/scan_00202,val/outdoor/scene_00024/scan_00202/00024_00202_outdoor_190_020.png,2,0,2,512,0,768,256,19382,703,22194.0,28748010.261771273,28443486.066542603,304524.1952286697,11443259.602474462,10584403.082569916,858856.519904548,0.04442674957889064,0.00948588044087895,0.47679241794765537,0.013173669232998217
196,outdoor,scene_00024,outdoor/scene_00024/scan_00202,val/outdoor/scene_00024/scan_00202/00024_00202_outdoor_190_020.png,3,0,3,768,0,1024,256,14052,168,14724.0,16058046.667579737,10376975.56400134,5681071.103578397,5449829.5392790185,3026561.1044128435,2423268.434866175,0.04600026973690832,0.007729463419028849,0.6165798484317528,-5.809297407292594e-06
196,outdoor,scene_00024,outdoor/scene_00024/scan_00202,val/outdoor/scene_00024/scan_00202/00024_00202_outdoor_190_020.png,4,1,0,0,256,256,512,60062,4787,79210.0,39037.28298650225,39050.72456668118,-13.441580178932815,21851.3999024921,21822.38411026373,29.015792228367832,0.04093515825210846,0.006682681614308174,0.5160732563387623,1.5848436778596635
196,outdoor,scene_00024,outdoor/scene_00024/scan_00202,val/outdoor/scene_00024/scan_00202/00024_00202_outdoor_190_020.png,5,1,1,256,256,512,512,44960,8423,78652.0,89418.985354933,89425.2890596259,-6.30370469289069,46537.16066915326,46508.739307533266,28.421361619995437,0.055075851262218145,0.012127224790685882,0.42967416633476685,1.032324217946061
196,outdoor,scene_00024,outdoor/scene_00024/scan_00202,val/outdoor/scene_00024/scan_00202/00024_00202_outdoor_190_020.png,6,1,2,512,256,768,512,58800,2962,70648.0,22203.657873834443,22268.2722787688,-64.61440493435651,12997.868614610328,13023.647919823245,-25.779305212917116,0.035672915281845866,0.005365088446900077,0.49804517148387195,0.42728976506065186
196,outdoor,scene_00024,outdoor/scene_00024/scan_00202,val/outdoor/scene_00024/scan_00202/00024_00202_outdoor_190_020.png,7,1,3,768,256,1024,512,62636,3910,78276.0,21212.22708014804,21163.423647673488,48.80343247455029,10363.413266923333,10275.20566929259,88.20759763074324,0.04722388785832431,0.005191172623908771,0.6641065789983511,0.03900106838258116
196,outdoor,scene_00024,outdoor/scene_00024/scan_00202,val/outdoor/scene_00024/scan_00202/00024_00202_outdoor_190_020.png,8,2,0,0,512,256,768,59983,13440,113743.0,65868.5714123339,66532.51267635392,-663.9412640200339,24817.845514742483,25174.425324912223,-356.57981016973736,0.05436041041816872,0.029117029216615953,1.003710197343561,1.9600371656025433
196,outdoor,scene_00024,outdoor/scene_00024/scan_00202,val/outdoor/scene_00024/scan_00202/00024_00202_outdoor_190_020.png,9,2,1,256,512,512,768,62786,11236,107730.0,51103.07633143319,50887.7729451183,215.30338631488812,21360.681657158755,21225.301626265325,135.3800308934262,0.06325440749402277,0.02755631920254503,0.9488080537277228,1.7146569521199375
196,outdoor,scene_00024,outdoor/scene_00024/scan_00202,val/outdoor/scene_00024/scan_00202/00024_00202_outdoor_190_020.png,10,2,2,512,512,768,768,63094,5987,87042.0,33320.16755309877,33696.0668246829,-375.8992715841387,18859.60710506551,19102.011099144205,-242.40399407869992,0.04581429978454677,0.015530314109516002,0.8446056507113218,1.7671155573713664
196,outdoor,scene_00024,outdoor/scene_00024/scan_00202,val/outdoor/scene_00024/scan_00202/00024_00202_outdoor_190_020.png,11,2,3,768,512,1024,768,62228,7382,91756.0,32539.304782381525,32522.81415291113,16.49062947039431,17761.807748114807,17738.699045204652,23.108702910152417,0.05318943427123655,0.013506324502520716,0.7304588730289271,1.8155477551295134
197,outdoor,scene_00024,outdoor/scene_00024/scan_00202,val/outdoor/scene_00024/scan_00202/00024_00202_outdoor_210_000.png,0,0,0,0,0,256,256,61541,7925,93241.0,96176.92118785463,94685.75924844456,1491.161939410097,25656.18217056217,25277.291586810014,378.8905837521548,0.03404196884361555,0.012329137142173464,0.5469556136171189,0.22871858768837758
197,outdoor,scene_00024,outdoor/scene_00024/scan_00202,val/outdoor/scene_00024/scan_00202/00024_00202_outdoor_210_000.png,1,0,1,256,0,512,256,62080,5739,85036.0,32918.269238612025,33107.091265705894,-188.82202709387045,11433.387429714985,11568.188731378152,-134.8013016631646,0.036694297171518495,0.015528955115371017,0.5548325439140848,0.17389130191956884
197,outdoor,scene_00024,outdoor/scene_00024/scan_00202,val/outdoor/scene_00024/scan_00202/00024_00202_outdoor_210_000.png,2,0,2,512,0,768,256,61670,17309,130906.0,82306.95382060873,82301.37072960682,5.583091001918007,26799.295710329516,26788.13368453131,11.162025798209456,0.0516371188387051,0.019862629797124554,0.6915285036405097,-0.09119988935526208
197,outdoor,scene_00024,outdoor/scene_00024/scan_00202,val/outdoor/scene_00024/scan_00202/00024_00202_outdoor_210_000.png,3,0,3,768,0,1024,256,60662,17826,131966.0,73431.86149796483,74069.86231059024,-638.0008126254165,25482.581315564068,25435.47765983732,47.10365572674658,0.06395765289019265,0.015053290922087443,0.6825358336353278,-0.09078448777220723
197,outdoor,scene_00024,outdoor/scene_00024/scan_00202,val/outdoor/scene_00024/scan_00202/00024_00202_outdoor_210_000.png,4,1,0,0,256,256,512,65516,1262,70564.0,6876.838610886351,6890.026436328853,-13.187825442502032,3936.116412861596,3927.1445809257143,8.971831935881653,0.045123649059892246,0.019034445186248503,0.6518033846458651,1.5774412557941868
197,outdoor,scene_00024,outdoor/scene_00024/scan_00202,val/outdoor/scene_00024/scan_00202/00024_00202_outdoor_210_000.png,5,1,1,256,256,512,512,62512,4589,80868.0,25039.081071558867,25169.394786842,-130.3137152831342,8475.396461584278,8513.106231738504,-37.709770154225566,0.047556614437339724,0.015529721848353058,0.6293708972685307,1.3952311291755881
197,outdoor,scene_00024,outdoor/scene_00024/scan_00202,val/outdoor/scene_00024/scan_00202/00024_00202_outdoor_210_000.png,6,1,2,512,256,768,512,61359,16206,126183.0,74207.60340736824,74174.47237288773,33.13103448050889,20819.307117094715,20809.467786323396,9.839330771322274,0.057816528755466556,0.012211935138946136,0.4845476496276799,2.2626442375538995
197,outdoor,scene_00024,outdoor/scene_00024/scan_00202,val/outdoor/scene_00024/scan_00202/00024_00202_outdoor_210_000.png,7,1,3,768,256,1024,512,65151,4109,81587.0,18234.13191926905,18229.305377346325,4.82654192272444,7444.817781219308,7444.039066751226,0.7787144680813696,0.04565848956078633,0.012391641683207078,0.46870660442203,2.2090909655218516
197,outdoor,scene_00024,outdoor/scene_00024/scan_00202,val/outdoor/scene_00024/scan_00202/00024_00202_outdoor_210_000.png,8,2,0,0,512,256,768,65534,585,67874.0,4015.8887359228715,4050.9047502577087,-35.01601433483744,2832.350380745921,2864.112984843092,-31.76260409717075,0.08246029095453211,0.015319487139377216,0.8704070759536076,3.412737125107689
197,outdoor,scene_00024,outdoor/scene_00024/scan_00202,val/outdoor/scene_00024/scan_00202/00024_00202_outdoor_210_000.png,9,2,1,256,512,512,768,65536,209,66372.0,3854.4294223544575,3845.315148110181,9.11427424427656,3455.838487933983,3447.163027853461,8.675460080522189,0.06553386203816307,0.015468960970889739,0.8366751999622862,3.345550820447891
197,outdoor,scene_00024,outdoor/scene_00024/scan_00202,val/outdoor/scene_00024/scan_00202/00024_00202_outdoor_210_000.png,10,2,2,512,512,768,768,65185,453,66997.0,4108.0798089429,4113.09306297266,-5.013254029759052,2957.9088264047055,2963.145887650443,-5.2370612457377055,0.03766374313609784,0.014455953938019146,0.7610427306349689,3.3504894260792275
197,outdoor,scene_00024,outdoor/scene_00024/scan_00202,val/outdoor/scene_00024/scan_00202/00024_00202_outdoor_210_000.png,11,2,3,768,512,1024,768,65536,0,65536.0,1709.3493117473392,1706.6325288838266,2.716782863512716,1709.3493117473392,1706.6325288838266,2.716782863512716,0.04393279414837521,0.014346358213750543,0.8106535552119791,3.840864783219285
198,outdoor,scene_00024,outdoor/scene_00024/scan_00202,val/outdoor/scene_00024/scan_00202/00024_00202_outdoor_300_030.png,0,0,0,0,0,256,256,34614,543,36786.0,20927.190604651587,20915.629823844247,11.560780807338661,19470.029584549768,19472.528269863407,-2.4986853136379885,0.05491148198139176,0.021587477825631675,0.6426795855706579,0.022656826117579906
198,outdoor,scene_00024,outdoor/scene_00024/scan_00202,val/outdoor/scene_00024/scan_00202/00024_00202_outdoor_300_030.png,1,0,1,256,0,512,256,25714,259,26750.0,15561.172941295394,15449.404535413538,111.76840588185425,14941.726396280124,14891.806504520255,49.91989175987066,0.057846189657116284,0.011574811053802906,0.5818302849859924,0.004045351281868534
198,outdoor,scene_00024,outdoor/scene_00024/scan_00202,val/outdoor/scene_00024/scan_00202/00024_00202_outdoor_300_030.png,2,0,2,512,0,768,256,0,0,0.0,0.0,0.0,0.0,0.0,0.0,0.0,0.05504282596195224,0.0,1e-06,-2.490586757659912e-06
198,outdoor,scene_00024,outdoor/scene_00024/scan_00202,val/outdoor/scene_00024/scan_00202/00024_00202_outdoor_300_030.png,3,0,3,768,0,1024,256,0,0,0.0,0.0,0.0,0.0,0.0,0.0,0.0,0.05955776288728835,0.0,0.434746461464588,0.0
198,outdoor,scene_00024,outdoor/scene_00024/scan_00202,val/outdoor/scene_00024/scan_00202/00024_00202_outdoor_300_030.png,4,1,0,0,256,256,512,54815,1728,61727.0,31085.57431005267,31141.0148471576,-55.44053710492815,26840.85503503214,26900.163901416767,-59.30886638462992,0.07551197102550526,0.01078911737181204,0.5859436297102288,0.7505920650029196
198,outdoor,scene_00024,outdoor/scene_00024/scan_00202,val/outdoor/scene_00024/scan_00202/00024_00202_outdoor_300_030.png,5,1,1,256,256,512,512,37932,897,41520.0,25012.516675063576,24498.4811026388,514.0355724247747,20894.670435918728,20629.110326397487,265.560109521238,0.06032315557503433,0.03062819176752124,0.6641933512016296,0.02505842140516699
198,outdoor,scene_00024,outdoor/scene_00024/scan_00202,val/outdoor/scene_00024/scan_00202/00024_00202_outdoor_300_030.png,6,1,2,512,256,768,512,736,107,1164.0,1199.2266199098644,1140.8663516772663,58.360268232598,538.1509261448773,514.5264705890363,23.62445555584096,0.04427690297991314,0.0016443155225588325,0.43871713009005087,-0.0011033614925762163
198,outdoor,scene_00024,outdoor/scene_00024/scan_00202,val/outdoor/scene_00024/scan_00202/00024_00202_outdoor_300_030.png,7,1,3,768,256,1024,512,20835,4805,40055.0,73031.40400680638,73457.04448403046,-425.64047722408725,20615.16674786739,20719.64259668327,-104.47584881588155,0.056292000481509424,0.01220018002233252,0.582220947746341,0.003409390634756944
198,outdoor,scene_00024,outdoor/scene_00024/scan_00202,val/outdoor/scene_00024/scan_00202/00024_00202_outdoor_300_030.png,8,2,0,0,512,256,768,52004,1825,59304.0,33005.03788732737,33118.574796885565,-113.53690955819219,27849.446128748765,27976.337550793323,-126.89142204455838,0.07640335320551503,0.014401067045750636,0.5649810084431769,2.061540141205291
198,outdoor,scene_00024,outdoor/scene_00024/scan_00202,val/outdoor/scene_00024/scan_00202/00024_00202_outdoor_300_030.png,9,2,1,256,512,512,768,50221,4498,68213.0,38851.46253279182,37912.68422227623,938.7783105155911,23365.625785252378,22867.57124127724,498.0545439751334,0.07257488609487749,0.05003770953934395,0.7305474632125729,0.8283686131205853
198,outdoor,scene_00024,outdoor/scene_00024/scan_00202,val/outdoor/scene_00024/scan_00202/00024_00202_outdoor_300_030.png,10,2,2,512,512,768,768,39360,7501,69364.0,69602.39700369017,69343.92745682114,258.46954686904365,29913.50739478485,29687.08167532262,226.42571946222714,0.07280564599044832,0.0339890927906092,1.245459710382099,0.010905782624630652
198,outdoor,scene_00024,outdoor/scene_00024/scan_00202,val/outdoor/scene_00024/scan_00202/00024_00202_outdoor_300_030.png,11,2,3,768,512,1024,768,39292,13278,92404.0,255909.42671060108,256050.6080868797,-141.1813762785873,85556.78248425256,85553.16122586107,3.6212583914935266,0.06515899228684721,0.01633155138103774,0.5931908792394038,0.5628487677876484
199,outdoor,scene_00024,outdoor/scene_00024/scan_00202,val/outdoor/scene_00024/scan_00202/00024_00202_outdoor_330_040.png,0,0,0,0,0,256,256,0,0,0.0,0.0,0.0,0.0,0.0,0.0,0.0,0.06154314072696961,0.0,1e-06,-2.9456251859664913e-06
199,outdoor,scene_00024,outdoor/scene_00024/scan_00202,val/outdoor/scene_00024/scan_00202/00024_00202_outdoor_330_040.png,1,0,1,256,0,512,256,0,0,0.0,0.0,0.0,0.0,0.0,0.0,0.0,0.05942803028795002,0.0,1e-06,-2.6280037164688107e-06
199,outdoor,scene_00024,outdoor/scene_00024/scan_00202,val/outdoor/scene_00024/scan_00202/00024_00202_outdoor_330_040.png,2,0,2,512,0,768,256,0,0,0.0,0.0,0.0,0.0,0.0,0.0,0.0,0.05701949074995289,0.0,0.6986206865069309,0.0
199,outdoor,scene_00024,outdoor/scene_00024/scan_00202,val/outdoor/scene_00024/scan_00202/00024_00202_outdoor_330_040.png,3,0,3,768,0,1024,256,4127,282,5255.0,6320782.5048114015,5447983.81816496,872798.6866464416,3522250.9330170834,2902518.7062784405,619732.2267386424,0.05866208092947635,0.007098271726259363,0.7315278179269699,1.6176712168140113e-05
199,outdoor,scene_00024,outdoor/scene_00024/scan_00202,val/outdoor/scene_00024/scan_00202/00024_00202_outdoor_330_040.png,4,1,0,0,256,256,512,0,0,0.0,0.0,0.0,0.0,0.0,0.0,0.0,0.05024342639244235,0.0,1e-06,-2.4509427547454834e-06
199,outdoor,scene_00024,outdoor/scene_00024/scan_00202,val/outdoor/scene_00024/scan_00202/00024_00202_outdoor_330_040.png,5,1,1,256,256,512,512,0,0,0.0,0.0,0.0,0.0,0.0,0.0,0.0,0.04670710734336163,0.0,1e-06,-2.8263211250305176e-06
199,outdoor,scene_00024,outdoor/scene_00024/scan_00202,val/outdoor/scene_00024/scan_00202/00024_00202_outdoor_330_040.png,6,1,2,512,256,768,512,7246,1375,12746.0,109930019.79763237,64760958.804677136,45169060.99295523,48636509.36205309,29402063.020684786,19234446.341368303,0.048575628233068796,0.01726944042315115,0.8063634356338742,0.0006911722670074657
199,outdoor,scene_00024,outdoor/scene_00024/scan_00202,val/outdoor/scene_00024/scan_00202/00024_00202_outdoor_330_040.png,7,1,3,768,256,1024,512,58949,3169,71625.0,5320718.792377604,4960055.33797613,360663.4544014733,3002478.316619333,2735710.665955406,266767.650663927,0.06389052769070874,0.0154648661355111,0.7171384275664338,0.03723998918750761
199,outdoor,scene_00024,outdoor/scene_00024/scan_00202,val/outdoor/scene_00024/scan_00202/00024_00202_outdoor_330_040.png,8,2,0,0,512,256,768,39467,1517,45535.0,5510206.265256669,1617017.9404471174,3893188.324809552,1834948.9008367087,329755.4879454167,1505193.4128912918,0.043815094038240576,0.010113305103199499,0.8750012421442871,0.006561845123275438
199,outdoor,scene_00024,outdoor/scene_00024/scan_00202,val/outdoor/scene_00024/scan_00202/00024_00202_outdoor_330_040.png,9,2,1,256,512,512,768,38885,1246,43869.0,21503131.152286414,7970623.990252473,13532507.16203394,9714097.138286192,2940806.719798881,6773290.418487311,0.04019741726286689,0.012830257528900196,0.7504920400544339,0.025785256995168225
199,outdoor,scene_00024,outdoor/scene_00024/scan_00202,val/outdoor/scene_00024/scan_00202/00024_00202_outdoor_330_040.png,10,2,2,512,512,768,768,47436,9207,84264.0,45254680.52765951,5021500.47033587,40233180.05732365,17310962.949801236,2667985.254875977,14642977.694925256,0.06669698327488041,0.023644480628283754,0.9774109487220579,0.09010125743265353
199,outdoor,scene_00024,outdoor/scene_00024/scan_00202,val/outdoor/scene_00024/scan_00202/00024_00202_outdoor_330_040.png,11,2,3,768,512,1024,768,59554,8754,94570.0,66402.65545280749,66497.54220770492,-94.88675489741186,28794.164492014028,28848.207097978557,-54.04260596452759,0.07738711821829758,0.005714253803393387,0.5575313355713927,1.2756610894006322
