replicate,positive_headroom_ratio,oracle_capture_at_budget,oracle_primary_reduction_ratio,oracle_absrel_relative_degradation,uniform_primary_reduction_ratio,rgb_gradient_capture_at_budget,base_gradient_capture_at_budget,combined_gradient_capture_at_budget
0,0.1433437840306037,0.9407156013483225,0.13484573399389344,-0.1862784574729671,0.11261128595111265,0.7787673187533378,0.8781852480792763,0.8939079761967784
1,0.16474300411167508,0.9383511581469541,0.15458678870479875,-0.21479529276398154,0.14075962967285008,0.8069502927922363,0.885204858744723,0.8950473405974754
2,0.22289675334544595,0.9373296525156699,0.20892773636015782,-0.2957574172464695,0.19793265329733833,0.8149876081784129,0.9053894968960597,0.9054972643484647
3,0.1829637251104463,0.9409857316609946,0.17216625474047442,-0.24575768847782936,0.16255242733979555,0.8329503620141563,0.903363222730129,0.9058050224419936
4,0.13573405157241986,0.8965126270544842,0.12168729115593897,-0.09227816353873468,0.07612151040562849,0.23355960612836124,0.688460258855663,0.7083951705233194
5,0.06393986955049963,0.9041517954490819,0.05781134785486431,-0.04109981478054774,0.02069871638057664,0.27889196242706155,0.5867011588841283,0.6761172057123024
6,0.10079246177376154,0.9039416864868323,0.09111050788093358,-0.06810597898668552,0.04324825087789511,0.2294892877429693,0.6874733465908835,0.7336594655407291
7,0.1319735888734028,0.9488824866571768,0.12522742718326635,-0.18221881924721547,0.10923751008621796,0.8705263772603052,0.894752987269538,0.9058466537987511
8,0.06474615221281267,0.9111810777018788,0.05899546875032054,-0.041830581879406525,0.018848079901590053,0.26190196386989445,0.631502132846335,0.7144219458130656
9,0.21462365515632842,0.941657215474047,0.20210191348937034,-0.29357047095742006,0.1942335425255215,0.8573104569032958,0.9176043713138122,0.9142258331239637
10,0.20608178053055765,0.9430688041908544,0.1943492983304751,-0.2854719147150413,0.18684601911094192,0.8400336820929792,0.9218968516385516,0.9220471570823122
11,0.06960075787269566,0.9150573533699321,0.06368868529153035,-0.04690127780653672,0.02190470124405483,0.26707904571572544,0.6355512200430712,0.6816071140940824
12,0.2395075437379771,0.9303815378838173,0.22283339687771478,-0.3002881757698372,0.21392238447681547,0.7396162332997864,0.8839027618108172,0.883999240960777
13,0.08102818806666866,0.9508746689245102,0.0770476515014465,-0.10672442483778687,0.05219137552192285,0.8552796931029018,0.8387101093572075,0.8890568793717476
14,0.2558861405973923,0.9254902978043469,0.23682014046548558,-0.3053633879370654,0.2217191646607763,0.675491139177302,0.8640872317536707,0.8590932441431258
15,0.1826775996912425,0.9409678097073543,0.1718937408640653,-0.2456296343326085,0.16233764244815427,0.8342633180896769,0.9037716369535601,0.9073245616243042
16,0.24936777671129282,0.9263185888688121,0.2309940070325578,-0.30017927016417667,0.21067288577124688,0.6682445572219322,0.8653907131128521,0.8630007982456595
17,0.4882596815650443,0.8881523340219344,0.43364897579080053,-0.3812526211539847,0.299555548104331,0.21160822324806464,0.7138084869998168,0.692774332115389
18,0.21080819584450222,0.9431214634725618,0.19881773417687734,-0.2924563300606002,0.19512501751159633,0.8778570662464877,0.9240477073009096,0.9229777870980579
19,0.02545837356182022,0.9657008840928165,0.024585173856214976,-0.01733872501083504,-0.02440133487859713,0.4591682700743604,0.36327960655626207,0.4640328704507269
20,0.10224347428296128,0.8942475604547039,0.09143097744995138,-0.06597701037806099,0.05067082254596192,0.2496600972005935,0.6528233790632857,0.7036496345607685
21,0.026950156170489906,0.9743138079074755,0.026257909282171168,-0.018530531905032063,-0.026640434971115845,0.37653138033721645,0.4619040691734006,0.5940288226888703
22,0.20587955929707555,0.9466006195233555,0.19488571837780713,-0.29091111301950534,0.18972611026859817,0.9022277860831034,0.9277371423586217,0.9206195441204795
23,0.02383666166521832,0.9781000883923018,0.02331464088172743,-0.015624982445248774,-0.014776207521769861,0.38431982153611305,0.4351972275197746,0.6326701793039885
24,0.15340352518455616,0.9443697376341734,0.1448696468306966,-0.20949128760912533,0.13375310806406018,0.8637224833071722,0.9026113699799804,0.9134038252821668
25,0.17436287508658194,0.938563687438166,0.16365066299358266,-0.2289315580475355,0.1514576816604987,0.8035914713492643,0.8915871122509785,0.8998090832791347
26,0.08132908291294673,0.9525699578431424,0.0774716410818071,-0.10671988425187529,0.053240533299746644,0.8276759822422964,0.8438425111578874,0.8924439208527013
27,0.1459560244762561,0.9387398854610759,0.13701474169919464,-0.18892436915357408,0.1143458076243938,0.8053553064183003,0.8765414281537509,0.892700490475655
28,0.2038371632213155,0.9464594988803258,0.19292361935563346,-0.29040741220233807,0.19166213799069934,0.9161911718932962,0.9348089793080528,0.9350128937067931
29,0.10356629920017796,0.900879816444919,0.09330078861333588,-0.0694499051955027,0.04457618339796652,0.24100128419535793,0.670004618719804,0.7079097307981653
30,0.07742670417252161,0.9426373819522051,0.07298530571437364,-0.09390955505489375,0.047508536284246956,0.7768827581615103,0.7982962659469668,0.8556774931588784
31,0.17627806055228248,0.9438998485595261,0.16638883465966642,-0.24313185142809077,0.15879061445534096,0.8693748580442577,0.9136232118910059,0.9197912956256538
32,0.12248070978332717,0.983259866621354,0.12043036636524304,-0.14178562525795546,0.042701174329696084,0.13359843664020965,0.8832899516603829,0.7607536993124857
33,0.03382652895661685,0.9264976410218699,0.03134019928226349,-0.0206705301024658,-0.005597698952935461,0.3611876295702841,0.4633046224737568,0.6314910538750736
34,0.2108913228380597,0.9229915265785238,0.19465090400846502,-0.20472668917702844,0.08704965020678194,0.16446406656755325,0.8094202879925599,0.7804571664022701
35,0.14546703158450075,0.9398879412157372,0.13672270883072102,-0.18821255823346617,0.11732053409443148,0.7873566391970925,0.8751469137011081,0.8879018266210164
36,0.1829667439519934,0.9442142176938736,0.1727598010046267,-0.254083023204319,0.16638179250679783,0.8846732023204839,0.9184393643407314,0.923242389645468
37,0.19454109377265663,0.948570584024202,0.18453595893663594,-0.2801494563039171,0.1757301945019002,0.8798085026636306,0.9347059071705984,0.9349648780378699
38,0.12360168611076165,0.9856851565686675,0.12183234732623739,-0.1473051675850918,-0.025146439920012396,0.1300987221819781,0.8761518941930678,0.7519915086077216
39,0.01698616318200451,0.9770371819758432,0.01659611300792751,-0.009414580360914,-0.020028994534722826,0.4984295701837217,0.23113393822842876,0.5964951226711706
40,0.21250865082297388,0.9393409992979761,0.19961808842351694,-0.2857055489820853,0.18299334094858338,0.7898204227966953,0.9094261419327653,0.9095325460423217
41,0.06745382365733599,0.9138022098082105,0.061639453118086975,-0.04509780745079686,0.019244511037777738,0.2631621706904756,0.6307445528773954,0.6938716611935937
42,0.06345806998634886,0.9035459708096046,0.05733728345151941,-0.04009419299732796,0.010611362869719337,0.28142614389061577,0.5927221061352862,0.6827362259577728
43,0.12986220670199902,0.9496647485584431,0.12332555987489847,-0.18000147126758545,0.10613845238511148,0.8626341099853483,0.9008788175353682,0.9153596994039758
44,0.13004889475113351,0.949870908500607,0.12352966180675899,-0.18040949361572178,0.10439596446017814,0.8611130808312548,0.8994503942446606,0.9137543005418244
45,0.20900108251353086,0.9426434650072029,0.19701350461081105,-0.28820159289380964,0.18910397523748948,0.84466762689139,0.9198672951149517,0.9182753969018418
46,0.22110825565334327,0.9380404033240861,0.20740847731134726,-0.29364037365589724,0.20024679809516313,0.8040803852255168,0.9043218594757089,0.9011742476962025
47,0.23237867610762514,0.9151643315622178,0.21266467578934786,-0.21940452315051304,0.10707460380624158,0.16777351258771075,0.7930595041615442,0.7771416031994289
48,0.1010405279759652,0.9490519016827851,0.09589270522262243,-0.13546757577643925,0.07678487613439626,0.8698317453335004,0.8626718534925722,0.887238426276769
49,0.2150609210720365,0.9417298474573669,0.20252928839520976,-0.2937937038833652,0.19886414125103638,0.8553711176723358,0.9172137036504875,0.912055913174598
50,0.23196280265524827,0.9337086156913837,0.2165856673591255,-0.2983227894683953,0.20849122663829156,0.7728566150875956,0.8929751737699853,0.891569855648334
51,0.17483139387613916,0.9386641931585096,0.16410796927152374,-0.22925796536679835,0.15028270420367243,0.8013116476166517,0.8905018599992528,0.89708370610734
52,0.13365834810915037,0.9480181085130671,0.12671053436141783,-0.18389505095895833,0.1146491021391746,0.8845054812615981,0.8948904684128756,0.9023407242520344
53,0.15817035560073928,0.9329996156846029,0.14757288098818674,-0.1941173826451538,0.12828998762123184,0.7217275425344734,0.8589565709672491,0.8729276383101603
54,0.1765622160664187,0.9381891387491818,0.1656487534270003,-0.230733799407433,0.15483295364172653,0.8059820807347358,0.8890701366593955,0.8941066531469244
55,0.09977323416739262,0.9489832497355633,0.09468312799679958,-0.13461488262244567,0.07484101314074819,0.8781502899667394,0.8639110796109757,0.8958503711032967
56,0.3374319408858924,0.894874628178647,0.3019592826358622,-0.2902103983366016,0.2188993665895572,0.18828098267102603,0.7561383857518642,0.7561370649225672
57,0.13818578801703843,0.9434561427302482,0.13037223054269487,-0.18507239070036494,0.11398329742254729,0.8411050905319415,0.8872032663734588,0.9044081513911921
58,0.06570232134945815,0.9057471409036958,0.059509689713007574,-0.04202875911967717,0.010452522776465686,0.2852966024338989,0.6017300727709649,0.6707934941898941
59,0.13164062149224992,0.9477838972605854,0.12476686127573021,-0.1825327273477735,0.11203570725393495,0.8968552629344623,0.8982399185571649,0.9150996139272694
60,0.20188366908600655,0.9477926067260971,0.19134384897845494,-0.28653761929647353,0.17666998484313234,0.8835351257582914,0.930818344895599,0.9199075815960784
61,0.2010379265035028,0.9477492832843982,0.1905335507566763,-0.28612310167147237,0.17882117562926583,0.8867861863324152,0.9306464552973215,0.9234263891369031
62,0.25461788844067423,0.9250900926464442,0.2355444860070253,-0.3047595130411051,0.21596644023974718,0.6797896184523011,0.8657335730453131,0.8658170585327962
63,0.4830907342481,0.8923569660302597,0.431089381930965,-0.3816084289688378,0.34085916525874316,0.21736405845874257,0.7104911393130471,0.6705109732224214
64,0.08384593793605678,0.9007085215310751,0.07552075079477198,-0.05421943067524651,0.03394079910860875,0.25416780723895627,0.6441900548960092,0.7072461369205605
65,0.14526058706018014,0.9398583455492445,0.1365243750278929,-0.1879878610631688,0.11551899359180301,0.7892719462047912,0.877414670804974,0.8900815826393733
66,0.04060650880418194,0.9160191438041362,0.03719633942768186,-0.02445801996384371,-0.00011870825214806836,0.33167274375119715,0.5154954623511079,0.6633796586909603
67,0.16047726110349766,0.9321453218623222,0.14958812820290374,-0.19594538721270557,0.1303788963261291,0.7296531089731025,0.8568622195178881,0.8681770896259887
68,0.07039125120305532,0.9518071254764869,0.0669988944662734,-0.0899820727178065,0.042388698880470116,0.8355157666311299,0.8105615337316564,0.8677583366877867
69,0.1576839583401672,0.9476394257420264,0.14942753573020567,-0.22221871688211217,0.14059512011051756,0.8995402881608521,0.9177158359063655,0.9272994011944363
70,0.1988440448934338,0.947475126729987,0.18839978663490942,-0.28504548461306894,0.18060785594104778,0.8993901330560505,0.9366330278959217,0.9368345570521142
71,0.15408762808257714,0.9440175551956302,0.14546142594840802,-0.2102066376287218,0.13412285304266303,0.868336205008111,0.9014753429812821,0.9123744743511785
72,0.1445927857014872,0.939716823841913,0.13587627332985594,-0.18753322373669584,0.11409720769872872,0.7922311744927344,0.8778196486927873,0.8937673488017576
73,0.0815979904767943,0.9508201361486682,0.07758501241460329,-0.10712510458781514,0.053614019185887755,0.850615866229281,0.8373446855417829,0.8840874219169427
74,0.492383730090844,0.8844377376091244,0.4354827522770878,-0.3788695138864845,0.14659113468771387,0.20283196461222774,0.7081973967829325,0.7090318327615651
75,0.02056527725868581,0.9819835971506063,0.02019476493888385,-0.012291964973985544,-0.021141092029265594,0.3973997908761066,0.4012336218070443,0.687830442602516
76,0.15892267350712228,0.9331444321242663,0.1482978079214738,-0.19463807157650936,0.12755119012374222,0.7182212707855302,0.8569156240767564,0.8681507694776913
77,0.2229565953489981,0.9373290826816871,0.2089837009963085,-0.2958078744194914,0.20028483768603722,0.814991548225508,0.9053940563099827,0.9055004785871505
78,0.06390810577398884,0.9038938116487361,0.057766141323301365,-0.04008408309411006,0.019525025351404043,0.2844172082784414,0.5998522626934123,0.6830478471601219
79,0.15808481469778643,0.9476488633094047,0.14980889495483518,-0.22240903949649463,0.13613304531380205,0.8974571024881074,0.9174143583092694,0.9251009215389087
80,0.20387124864228337,0.9464663873736818,0.19295728419182356,-0.2903007037989326,0.1870613399547817,0.9147862179172118,0.9333004540690972,0.9335787011403861
81,0.19928050735217354,0.947547001793688,0.18882764725747703,-0.2854402023351881,0.18538308281230728,0.8980532987038498,0.9365289182746045,0.9353954414499293
82,0.06867855021680111,0.9198857552440615,0.06317642003524929,-0.04700951543044225,0.012484399382267714,0.24618857944010775,0.6588443648663079,0.717621800405288
83,0.21146615113906114,0.9420921163896938,0.19922059387138097,-0.29069439162043526,0.1917734518705686,0.8525598732179299,0.9196687037978765,0.918063505727517
84,0.16789096534512368,0.9422738090495155,0.15819925942074992,-0.22714562024252716,0.14613094583734512,0.8534242751845481,0.9023930970347552,0.9095722865648281
85,0.19546324959459627,0.9486083051986938,0.1854180619265592,-0.2806900512580995,0.17682898118846882,0.8766176505571697,0.9348503125718869,0.9313687195568539
86,0.09958742946278895,0.9355599960392629,0.0931700151137672,-0.1169246405515896,0.066140047495204,0.711938978783361,0.8150693639235772,0.8542108562499132
87,0.10995811460428498,0.9419384553544197,0.10357377662404445,-0.13910324357290785,0.07870736844465338,0.772156834562107,0.8535983133630684,0.8836357785641431
88,0.12246463003471296,0.9334977588776708,0.11432045767918765,-0.1463434662609883,0.0912116766050045,0.7238615675205435,0.8335297029880036,0.8580599697717196
89,0.1311173340748419,0.9846048214056861,0.1290987592999494,-0.16458862509024585,0.01502177257569729,0.11927766857165054,0.7882139541837947,0.6784566475518141
90,0.06537730834111834,0.9052490071214307,0.05918274346406901,-0.04134407328393194,0.016122067671623285,0.2868862737197254,0.6050507070957003,0.6745178679449048
91,0.07065478484948831,0.9098339163625316,0.06428411960936202,-0.04679178873520025,0.02429347264179248,0.28965075098420967,0.6103601621559779,0.6426617360999425
92,0.20279165325465082,0.9468572017130623,0.1920147373314643,-0.2889649751707247,0.1895552208866441,0.907782562161241,0.9351401699383602,0.9327523618055602
93,0.14537563021190636,0.9399152986055992,0.13664077888060114,-0.18815553811418695,0.11982991219992464,0.7884853752354273,0.8765410854250564,0.8891917618577924
94,0.019883693038133317,0.9694709376336884,0.019276662533299547,-0.012907789587658536,-0.01809359295878693,0.48479540734406285,0.23621785030510142,0.49112784541835347
95,0.12198846712664105,0.9344509035866139,0.11399223333363567,-0.1459945958511126,0.09147275709763898,0.7133223809345434,0.8345149943937887,0.8587221677429644
96,0.1336869847858052,0.9480188264952046,0.12673777843432132,-0.18392892635975766,0.11188797074795219,0.884509204515706,0.8948923782427184,0.902342931028693
97,0.11246977739949339,0.9483696776497226,0.1066629265376936,-0.15421817305321814,0.08877244119982297,0.8923784857565853,0.8831003111399653,0.9104978473571987
98,0.22640450625524605,0.9380559533456153,0.21238009495700816,-0.2973172905894133,0.20205764201886842,0.7980585453424153,0.8980869678600176,0.8854130542723112
99,0.21922195061721692,0.9386414175090727,0.2057708024764484,-0.29121540461948137,0.19638139109708572,0.7931819179497166,0.9027310734342564,0.896575068022718
100,0.04371815076214242,0.9233669732039717,0.04036789654331435,-0.0277071696963778,0.0017773184044596378,0.31040391751245444,0.5535211844352694,0.672724608562672
101,0.16429897337078556,0.9437962204644671,0.15506475009353954,-0.2233507118661023,0.14143974432944786,0.8307080288072225,0.9036522891291198,0.9106977874557431
102,0.4972502492349467,0.8855220109617625,0.44032604065376757,-0.3867567257763857,0.33952711418569376,0.2117384522030571,0.7231310551667587,0.7086796986429801
103,0.06653863645190379,0.9184985648336284,0.06111564208706018,-0.04495436104854038,0.006996766583123047,0.2421840920246102,0.6557406708627094,0.7317919830265524
104,0.49979423278127155,0.8841658269901036,0.4419009811519373,-0.3873473261618386,0.3164354177519027,0.2090646260772981,0.7228134000455577,0.7155936646153357
105,0.1097874719245043,0.9428991012305078,0.1035185086039847,-0.1389761784028286,0.0780452255491268,0.7589951516839436,0.8535502719701658,0.8831067325677108
106,0.20958115264194885,0.9405598351520736,0.19712361437989298,-0.2818293069115696,0.17663688235632574,0.7700797003471773,0.907431446951455,0.901403749830873
107,0.4002481667629513,0.8889486147595154,0.35580005340396104,-0.3298345904479724,0.22355409776144242,0.19726763896555843,0.742466019481876,0.7424614438165649
108,0.14553724002834237,0.9400271728694968,0.13680896029107203,-0.18842817921119487,0.11886983279874519,0.7869064620192981,0.8747944907465627,0.8874115612791532
109,0.26823414335294415,0.9066952583940865,0.24320662591751413,-0.2463358629660291,0.12094300875484601,0.16937961673721807,0.7621920796445935,0.7624740346529977
110,0.18435384695761406,0.9222587285416457,0.1700219444968903,-0.20703761935868695,0.14597205451510464,0.6300161862952665,0.8319389267497331,0.8434544319134705
111,0.10980241508467378,0.9913691093939189,0.10885472245179445,-0.13217906584102712,-0.0071278809769647926,0.08838539936483307,0.9022384942413075,0.8282415991371471
112,0.2022805889353286,0.9470675579448185,0.1915733833826213,-0.28824301156395155,0.18766848765398086,0.9033730370477989,0.9350162691689755,0.9313550466307267
113,0.018130349936919928,0.9722205549803289,0.01762669887765986,-0.011347934511169368,-0.018443227205278936,0.5020258293962286,0.19551718513440353,0.5089717796643635
114,0.06387205139675846,0.9037129995323601,0.057722003154049656,-0.040771349244560086,0.014293618234635857,0.27957067977544764,0.587365033755614,0.6772636967778466
115,0.2110232812755499,0.9420391413168248,0.1987921906906778,-0.29056800963310786,0.1910445429431842,0.8551928603722307,0.9209039720162056,0.9210228845118867
116,0.3370511480743158,0.8956865674860421,0.30189218588591366,-0.29027348348289644,0.2038983497619673,0.18647198988061886,0.7472297338165461,0.747603031775293
117,0.37675905314771807,0.8912945879679202,0.3358033050384791,-0.31569812327818975,0.2534659805774277,0.19347873710942148,0.7441201730058702,0.7442505822852703
118,0.1483826063371384,0.9391925105449294,0.13935983256697695,-0.1906655825148344,0.12131510579361711,0.7931050912432008,0.8716977747722559,0.8782055750632355
119,0.2702030804745952,0.9064936248965099,0.24493736987761913,-0.2465541955667138,0.13250588134846342,0.17625448206865668,0.7745483901387854,0.7656509595621034
120,0.08113173843349032,0.950898186879018,0.07714802297474868,-0.10689161350868227,0.054976808131076804,0.8537011077117189,0.8371061489612669,0.8874161675168601
121,0.14260163046090255,0.9417269478282834,0.13429179820928253,-0.18525043469400576,0.10737539477482753,0.7656420118628746,0.8811978976266128,0.8934717656640138
122,0.39919594683731496,0.8891361365763634,0.3549395419078735,-0.3283877412467328,0.22391154711608582,0.19659044024779979,0.7383245032039475,0.738756708402272
123,0.20304785188853497,0.9466863002942415,0.1922226196870503,-0.28952800323921635,0.19041900239441725,0.9123967954555974,0.9355814660940631,0.9349723509801496
124,0.1765909703953939,0.9381829166248616,0.16567463165516524,-0.23074544254929058,0.1548659237912533,0.805681994501379,0.8887030095456397,0.8937700820400191
125,0.16710635619298747,0.9428736166629724,0.157560174431053,-0.22616427066962794,0.14605310883728495,0.8434432404132797,0.9020345321348668,0.9074000810943029
126,0.08156706196683881,0.9509150574653904,0.0775633474174796,-0.10714246850504816,0.05352599084356056,0.8510095484335299,0.8378692853921619,0.8845052689808997
127,0.025429358606284362,0.9846680382582038,0.025039476653014398,-0.016865101626533315,-0.02088125252678723,0.30848552868344786,0.5249468054276144,0.7433736891211639
128,0.2410533503579263,0.9307548743665062,0.2243615808280171,-0.30103569045488743,0.21565384516106534,0.7339099328847056,0.8817861479276208,0.8761748987572108
129,0.18272994975794887,0.9409881056331726,0.17194670926517713,-0.24569196816827846,0.16159615118464005,0.8339604939514905,0.9034437850944635,0.9069943042861212
130,0.17903309498493788,0.9468762633784917,0.16952218800042457,-0.25291835979576366,0.16554282330007214,0.9083684668387034,0.924855538948157,0.9269387635984611
131,0.17651184884429608,0.9381656369799604,0.1655973511055195,-0.23068310389354404,0.15213129762585445,0.8067024617011004,0.8898978303563125,0.8949091565052215
132,0.3360739989327277,0.8951636612378339,0.3008412313314604,-0.2880921904550728,0.17925490519520798,0.18711001498581245,0.7482131584480027,0.7490205608772537
133,0.1289054212819983,0.9506370001086378,0.12254226298525904,-0.17883513197903117,0.1010927495103879,0.8475024886535673,0.9024290388534354,0.9165737641233767
134,0.2237619475815984,0.9374597788414134,0.20976782589296916,-0.2959306396786542,0.19940284980403583,0.8098406524129566,0.9024739418343817,0.8994363167120266
135,0.06943277558860203,0.9518356583273037,0.06608859166186895,-0.08924897840932366,0.04116902119702456,0.8438353573940891,0.8122208509736238,0.8766258791563591
136,0.08529034797221985,0.9367723219359815,0.07989763730866421,-0.09825952041645933,0.05259036483954547,0.7069188847813769,0.7944829104604779,0.8450210767341002
137,0.21830901789813953,0.938525104038192,0.20488849373532692,-0.2909543853424688,0.19429229024099423,0.7980333006800527,0.9055773888835088,0.9024554793282401
138,0.4910217547848066,0.8879644526561491,0.43600986372975264,-0.38468576523143067,0.3389620254345752,0.21235593748765139,0.7177436100295018,0.6961699272881116
139,0.1674498212709996,0.9422222977234331,0.15777495535133945,-0.22691310098797307,0.14829174794805172,0.8560294121986078,0.9035301224344835,0.9124539247799609
140,0.14677484583297762,0.976558501271874,0.143334223471063,-0.1681032233006401,-0.14735969309431143,0.18627084985076334,0.848298364243498,0.6608867182899667
141,0.06510439487466098,0.9116481814764957,0.05935230319361237,-0.04262974903482374,0.011315717425500645,0.2601448161246138,0.6268729741977747,0.7093227660331349
142,0.1904755803248158,0.949586978395035,0.1808731307786826,-0.27578379606943443,0.170281023968035,0.8653169046853004,0.9376613035318939,0.9377742285875313
143,0.21237007859256302,0.9417846378959098,0.20000687756722288,-0.29189737071357486,0.1951493546989942,0.8585601507319315,0.9200743307259684,0.920210176875537
144,0.019598069774630206,0.9702342135308786,0.01901471781451162,-0.012486889519120019,-0.020305213616601706,0.4914118597811977,0.24002799603455308,0.49782509340523184
145,0.20420287532440146,0.9438812336645889,0.19274326187905227,-0.2235716323982372,-2.2707617876642034,0.058203336149604046,0.006622374227320044,0.05937142846336762
146,0.02165098496478429,0.9690444184843833,0.020980766134813516,-0.013488143698927965,-0.017871151379694274,0.49182276797996144,0.3242980228533324,0.49764666010330333
147,0.15994089389416763,0.93202651514716,0.14906915396570272,-0.19565512314726188,0.1267142485472325,0.7312498863279424,0.856321968130942,0.8705400642317117
148,0.20178640414699076,0.9470003062540341,0.19109178652510053,-0.2879189345794348,0.18599587027959721,0.9052676679518163,0.9350583273971848,0.933359794970108
149,0.04077185521524547,0.9163939988112244,0.03736308343965107,-0.02482853865467408,-0.0009393508152720263,0.33011169972105353,0.5130922627095637,0.6602565840117988
150,0.02070694999529707,0.9815661860700822,0.02032524193202765,-0.012499860946627457,-0.019358165165044426,0.39503236368393907,0.3982494792789013,0.6833890650164971
151,0.10261906794449946,0.8946467283284331,0.09180781340065962,-0.06681849034544077,0.038991940340378686,0.2483997059050385,0.6490349043096173,0.699756849376822
152,0.16114364393943356,0.9473345502128105,0.15265694145101658,-0.22486488452173584,0.14434518272263588,0.8948331816437881,0.9127267673659438,0.9129736944483126
153,0.23398190576625674,0.9314081222349,0.21793264748669253,-0.2954684221650454,0.19711920981023218,0.7291407714906436,0.8856034962245904,0.8856997421399474
154,0.3386472183648952,0.8970309411871903,0.30377703302028586,-0.29202087561201584,0.19892897307208837,0.19065032395019366,0.7456050275068531,0.7364556501588957
155,0.1589793744272159,0.9477381113735304,0.15067081206699492,-0.22295361001415884,0.1403118848288166,0.8926651361516494,0.9161636518404658,0.9200605992345683
156,0.15809381768834896,0.9476492597906073,0.1498174893098351,-0.2224200060231569,0.13892840680291613,0.8974569292799579,0.9174130425337801,0.9251002043327772
157,0.06326081264999059,0.903457952297303,0.057153484257423816,-0.039761514005453476,0.017634860040202986,0.28233885783337975,0.5954218473870267,0.6854983779511469
158,0.14770611803628336,0.9391164469299111,0.1387132447600445,-0.1902854891639766,0.12049315071238872,0.7958541475522565,0.8718821293454257,0.8815515418682759
159,0.2402552689787441,0.930551619543444,0.22356992965201608,-0.3003681167472371,0.21080366352995986,0.7352865255415865,0.8808868846335193,0.8782856183126128
160,0.06407405256323315,0.9040965107816145,0.05792912735405686,-0.040421792109398766,0.01884489128775736,0.2835694893177781,0.5978195728000472,0.6808398466520383
161,0.019073354812226002,0.9797356526897611,0.01868684572593964,-0.011089627763726522,-0.018086247161027868,0.4353804262380196,0.33456012092062937,0.6509876892785977
162,0.02526957961676699,0.9672551678371026,0.02444213147338898,-0.01729613396292021,-0.01752371913079321,0.46148601229626623,0.36669631016044774,0.4663968681188801
163,0.06891991128084492,0.9202366408436253,0.06342262764432541,-0.04761068467074943,0.009600826323748798,0.24504678820721845,0.6558029815964863,0.7142818811811129
164,0.21933312243832143,0.9387271233885419,0.20589395109035233,-0.29151519070834303,0.19527801063930778,0.7935369834106654,0.9032833063215804,0.8969922981964848
165,0.06839815206690743,0.9195272364179892,0.06289396374618077,-0.04639001954342012,0.012363755810101299,0.24735514772218437,0.6619255905666677,0.7209949271621341
166,0.20680954899711299,0.9467577901711095,0.19579855159479048,-0.2915966953284826,0.18784804553654547,0.8992970506077688,0.9286035590348953,0.917565037009595
167,0.017306702431985288,0.9730400506789286,0.016840114611504104,-0.009896824868987008,-0.022759900125956814,0.5254964066615235,0.20545132782716236,0.5328113309540821
168,0.11167438708299285,0.9412981446106488,0.10511889336175256,-0.14066259194924596,0.0835452753392916,0.7758428121661016,0.8481747342425986,0.8722973222142041
169,0.1433448866068324,0.9418203034721242,0.13500512460522412,-0.18576581541303638,0.11319690711102078,0.7619284571814887,0.8794345054019383,0.8886829505472065
170,0.3774199805179942,0.8938430028040484,0.3373542087044494,-0.31804138176532604,0.24866977506950594,0.19833353888569813,0.7410142324496299,0.7276068649017364
171,0.1115317751975863,0.9403207582077714,0.10487564341805306,-0.14079692982925543,0.08274894854676759,0.7900761655244282,0.8458328568015416,0.8735194451004854
172,0.12981810585872894,0.9496893548391945,0.12328687319942253,-0.1799849376328447,0.10411663302727002,0.8633449953985578,0.9016946995099452,0.9161185106147709
173,0.044003214593988496,0.9236686676719797,0.04064439059731357,-0.028253030243807205,-0.0037916712776839647,0.30831757040788416,0.5493586775088477,0.667914590630386
174,0.15875301245349582,0.9330334807600219,0.1481218757906243,-0.19436407065980751,0.12911715080958536,0.7194893995059891,0.8584225703491791,0.869684368042258
175,0.2137358320839276,0.9415592147476937,0.20124494222038777,-0.2932098682326776,0.19902126526981145,0.8614554083699949,0.9187091260340307,0.9188590604141292
176,0.13737112921601308,0.8976965711210227,0.1233175916682379,-0.09428387476089489,0.07607240004421757,0.23499962740591523,0.6878847251642249,0.7010169352613345
177,0.2286966887503815,0.9324049665828653,0.2132379284319114,-0.2907196410326001,0.19693362750667756,0.7189647765826707,0.8872539355802999,0.8873481992969543
178,0.06997280188836853,0.9158082101671349,0.0640816664577663,-0.04785440688677974,0.02032099665135432,0.2652101383221924,0.6318814489861281,0.6773338766118346
179,0.06718102085957753,0.9133854635428892,0.06136216787910973,-0.044463113573468556,0.015266729933238247,0.2645178241149881,0.6339401034679311,0.697403805740454
180,0.09958321818811504,0.9961690570506934,0.099201720560528,-0.12735243297873436,-0.11191949358325051,0.028094985871416366,0.8505355691300248,0.8533360543200524
181,0.2179272980059386,0.938380973102602,0.2044988299684334,-0.2907200543976589,0.19581770100307153,0.8001392099679943,0.9064632867238689,0.9050170124176455
182,0.15637381198383377,0.9486570656092222,0.14834512161471197,-0.22016568299963765,0.13474284487892602,0.8782380399119245,0.9176897998051962,0.9234149910961212
183,0.12205158305881257,0.9345030228287048,0.11405757330948908,-0.14611559138822014,0.08961001677900218,0.7127129589039188,0.8338054211183424,0.8579887396365777
184,0.177947271593433,0.9436203665045861,0.16791466963948637,-0.24455588969405928,0.16015293774066836,0.871132351741831,0.9117482725622434,0.9155520880470734
185,0.15750022134031536,0.9482516549890748,0.14934984554709962,-0.2215467733525976,0.13919611669210155,0.8859861480530836,0.9167003448582302,0.9223998232560052
186,0.39922109590033283,0.8913006220404187,0.3558260111076243,-0.3302522792008953,0.27721580182453986,0.20005446381696546,0.7358498821405107,0.7257397844797072
187,0.19449215993025157,0.9485390699953365,0.1844834125016251,-0.28024377205996315,0.17205182542055203,0.8816298538781051,0.9367113952707607,0.9369037357707778
188,0.3376029109999112,0.8962047452270556,0.3025613308405877,-0.2920793510457636,0.20310439656639193,0.18579522511051696,0.7462275685068799,0.7461678021620551
189,0.10033333114315394,0.9348063851287425,0.09379223859385681,-0.11758836983457566,0.0702794740460947,0.717410450908806,0.8104758144880382,0.8473659157913018
190,0.21111120013180285,0.9420913524816951,0.19888603605620392,-0.2905920811723984,0.1898829748327192,0.8538636759284954,0.919440035026206,0.9195891605741553
191,0.13023765165587636,0.9486992922963094,0.12355636795626317,-0.18096115057987416,0.10817750727719269,0.8811727171012184,0.89866452785311,0.9171896286762494
192,0.06479510314962553,0.9113813639282069,0.05905304948437457,-0.0419975127935442,0.018786570626543608,0.26159230349702967,0.6311626328966118,0.7138669065376029
193,0.14392870268893695,0.9407929021687166,0.13540710190810337,-0.18661246777370946,0.11522753155486695,0.7767211341340795,0.8786466509394583,0.8911649768761534
194,0.06708705361584708,0.9130033770569079,0.06125070650806623,-0.04413742688633063,0.019251813024123328,0.26509992064783633,0.6345776934521493,0.698441703519363
195,0.13118609911660742,0.9477975072177095,0.12433785772433588,-0.18226417237759798,0.10744585584471453,0.8996739717529975,0.8993036215233269,0.91801381791229
196,0.22296209000516223,0.9373538926446487,0.20899438297852532,-0.2954998763060906,0.202677099097516,0.8122477005330364,0.9021322675044278,0.9024307791563075
197,0.20144717500561796,0.9470600893367945,0.19078257955746541,-0.28790521934892216,0.18516745455842804,0.9067200124457169,0.9347527695872153,0.9349111887419966
198,0.1709156370760259,0.947327674676881,0.1619131130371493,-0.24131609559830425,0.1556359620891464,0.9014908572162142,0.9222204140724971,0.9261786322140723
199,0.17179724810723562,0.9745841217432493,0.16743087016449731,-0.20037314968952188,0.02634555342392347,0.21048811476382315,0.8033795094121788,0.5813159078541817
200,0.15845873423951068,0.947403390399662,0.15012434205695144,-0.2229979820383606,0.1409387628555047,0.9031022175453431,0.9176131938326723,0.9262552888682706
201,0.1313963167498446,0.9497973934390879,0.12479987915649915,-0.18105124803641928,0.10611658042861019,0.8542365039476345,0.8988140140275701,0.9060734321898479
202,0.10173023287564026,0.8995331152014844,0.09150971328879715,-0.06761367584654807,0.04029229165050616,0.23832398990544426,0.6683041441996765,0.7166895552280559
203,0.15812634535320935,0.932935911602203,0.14752174615042113,-0.19400473077569502,0.12420417831894895,0.721913613765995,0.8591107548673773,0.8731424573239589
204,0.2137263796686712,0.941567692098118,0.20123785404511688,-0.29325567303411654,0.19621535028958498,0.8618108903271143,0.9191264774114206,0.9192416790230914
205,0.21792812686866844,0.9383809709561698,0.20449960728968045,-0.2907161066150749,0.1965792123656342,0.8001397854429257,0.9064636034933642,0.9050170003822935
206,0.1638005647732524,0.9437245598036208,0.15458261588622207,-0.22301562995710295,0.14094927227158544,0.8335856732693339,0.9052547746456504,0.9140031906095671
207,0.09985281628953946,0.9490360218853978,0.09476391954547798,-0.1347531604184106,0.0756104360907276,0.8771609650798065,0.8629427489473148,0.8948410881434625
208,0.01950411314669599,0.9689192691504965,0.01889791105552527,-0.012111619179262139,-0.02545894220946587,0.4947383742874344,0.241061309323976,0.50123216253029
209,0.20079536994263117,0.9476342965269138,0.1902805791414467,-0.28588830797501574,0.17836291550485237,0.8889136118843645,0.9328715328213985,0.9256433375095475
210,0.05210391158227758,0.9080404912624841,0.047312461469868373,-0.03201533373718477,0.01137537956102811,0.3018880389967439,0.5669426776591716,0.6791958531021772
211,0.027109576376032285,0.9760252167947532,0.02645963015963083,-0.019230889881434128,-0.011854727892945786,0.3727250767889727,0.45944219277638726,0.5890146992381883
212,0.19994874876382354,0.9475895338865009,0.18946934164230064,-0.28547944394913227,0.17892192359890258,0.8922355670668926,0.9327098131184762,0.9292381982218825
213,0.04388294366736225,0.9270225770426203,0.04068047952673428,-0.02793540201017022,0.000372666738042828,0.29120023810453377,0.5770717261922574,0.7053805713987753
214,0.12212135848686018,0.9345555534361895,0.11412919376706691,-0.14624535017005888,0.08824021527865095,0.7121060080197325,0.833098282872791,0.8572578510325229
215,0.23553638452799594,0.9318769775567448,0.21949093411859208,-0.29626041572321604,0.20259717416835887,0.722348226041564,0.8818935804645431,0.8763659689537914
216,0.3992769111888229,0.8912995597989851,0.3558753351804963,-0.3302680534870642,0.23474304642092475,0.20005958885663097,0.7358546791444872,0.7257430372362345
217,0.19541038490826781,0.9485033285469667,0.185347400518136,-0.2804211347357447,0.17383787471058937,0.87615441819211,0.9341940769098304,0.93086610030874
218,0.22455633458521337,0.9376373790997029,0.21055241302071545,-0.2964512141268234,0.2018370210827557,0.8072195287246507,0.9026171198689893,0.8962181208925043
219,0.0639842278426947,0.9074651785020916,0.05806345874058944,-0.040737616783395124,0.01418664161317136,0.27189264973347477,0.6149042787605536,0.7012598059689763
220,0.017718918462919196,0.9757448017318681,0.017289142582504226,-0.009988851366022131,-0.01606122591406539,0.4927545216802999,0.25399762114546176,0.5865754722095039
221,0.5027263680761832,0.882476482075049,0.4436441967462364,-0.3878859364264665,0.3233309798229244,0.20680747922450313,0.72427133473169,0.7245777565473575
222,0.13119381114369907,0.9477574564261955,0.1243399127484109,-0.1822414871851363,0.1080163069416963,0.8998270689172426,0.8994157775837391,0.9181674072724652
223,0.222897171411924,0.9373041445495046,0.20892244257275774,-0.29554978785644653,0.20002501365127917,0.813735833700062,0.903853761722788,0.9040925309103867
224,0.21246607569588968,0.9393266751919745,0.19957505247450646,-0.28557359089300105,0.1869331482480515,0.7892333004369393,0.9086780049921256,0.9088477734530913
225,0.026769082279141203,0.9757476609926348,0.026119869420791416,-0.01849049585346953,-0.013751733645791346,0.3779128179198495,0.46575864669274153,0.5971869490789286
226,0.030773734385013074,0.9808559208645651,0.030184599578653527,-0.022315465141054393,-0.011433618966260495,0.31309555261700844,0.5611216109444942,0.6677584227977879
227,0.09963182315366861,0.9365536879719167,0.09331055141393414,-0.11713407407930265,0.06577930877747348,0.7012223239238438,0.8154857903807265,0.8540068036879607
228,0.043928570907746205,0.9273214154598007,0.04073590455329743,-0.028107930858813756,-5.157827061613335e-05,0.29070966351924155,0.5766030350418203,0.7045400318988093
229,0.11928586365936039,0.8919313930982126,0.10639480655061677,-0.07752693283666942,0.06319583920348518,0.24219460368237208,0.6657625551777538,0.707737944639717
230,0.37547598572276975,0.9602191260040707,0.3605392228462349,-0.35503042940515395,-0.12799804509077065,0.31099933632555715,0.6571135765726982,0.3112068129606027
231,0.29919913895020833,0.9016113240631578,0.2697613318274541,-0.2661490673939411,0.16453317535745687,0.18407724519526728,0.7658624199725709,0.756511027135918
232,0.13643493771824497,0.8916017156620796,0.12164562454583619,-0.08994987698370772,0.07633355440768075,0.23905194309700378,0.6768092355472398,0.704854246149727
233,0.06736988236709993,0.9134231738332486,0.061537211772529014,-0.04477815550845752,0.01710481893128409,0.263745970525523,0.6313794539686475,0.6949047586701238
234,0.22923363074221628,0.9342918542325231,0.21417111391859878,-0.2958639892876902,0.20226746389416758,0.7662362661156639,0.8929337765493209,0.8915372009298422
235,0.02435903938750902,0.9826959658137134,0.023937529737202465,-0.015855149732279535,-0.015246070914466496,0.3475297809831515,0.4896393503930086,0.6997768081766792
236,0.14264123876061446,0.941712340369221,0.1343270147864231,-0.1852672934611898,0.11084859429372482,0.7651106568249115,0.8805180840674653,0.8928416889278897
237,0.2183854873443416,0.9385262554020122,0.20496051367142842,-0.29102919348942524,0.19390849361484902,0.798035848094819,0.9055766256102656,0.9024565431057995
238,0.13273798503270604,0.8945003655465379,0.11873417613366641,-0.08925592085489926,0.07062019114357118,0.22925677107852516,0.6855038690365434,0.719743917101155
239,0.14684497916367478,0.9389372583226366,0.1378782221343855,-0.1896296601032262,0.11792594209157965,0.8008542168874635,0.8745432066025712,0.887401363965005
240,0.2380065611114433,0.9278960355279369,0.2208453444849459,-0.2906050129297824,0.19807307063867305,0.6542574836802385,0.8698839167116936,0.8701136525295936
241,0.13015796561189769,0.9487483278773489,0.1234871522342054,-0.18093371960491061,0.1090882184743416,0.8826685289024953,0.9003344830133814,0.9187500308162843
242,0.13124136367668057,0.9477738042701859,0.12438712652945452,-0.18229869674090313,0.11032191092909234,0.8988981969329141,0.8984548288847948,0.9172204800292639
243,0.12198077965604721,0.9846175676707561,0.12010441856751966,-0.1409053525764906,-0.02296700107542355,0.13472518757729834,0.9028076187417983,0.7757942284441668
244,0.20390677150922945,0.9465507129327514,0.19300809994387677,-0.2904117239825726,0.18407101730591274,0.9144701796030313,0.9330649568668175,0.9332598006073977
245,0.102058244044407,0.9093472711060832,0.09280638571566016,-0.0712529993391947,0.038729298466394564,0.22294047275652165,0.7008299955508348,0.7355097103977465
246,0.19890259382485045,0.9474510867772267,0.18845047868216386,-0.28501639189717815,0.17354119116022185,0.8985949387990367,0.9357234224215331,0.9360011470279521
247,0.17151739455420892,0.9469166975342068,0.16241268482094307,-0.2421436340094326,0.15629820556177892,0.9097143179606251,0.9230620879713014,0.9283292513649508
248,0.1762530221011583,0.9438796215080324,0.16636163579048818,-0.24310133547657248,0.15648735831296007,0.8697112781256267,0.9139747170240097,0.9201469982803354
249,0.2087053141232384,0.9434172379690028,0.19689619099959865,-0.2905154801428013,0.1934379104391353,0.8745258920421459,0.9254540049655747,0.9255999508714068
250,0.1100229195200937,0.9419894752576348,0.10364043222504604,-0.13923162038314918,0.08012499634112383,0.7714174422546112,0.8527864688882384,0.8827899715197234
251,0.13198930223945493,0.9477928997547844,0.12509852350614364,-0.18270785678699497,0.11193495783212426,0.8948179265553137,0.8980217365056231,0.9129896060713973
252,0.14321969090565484,0.9406751832352247,0.1347232089855691,-0.18612646305524277,0.11416138863594161,0.7800944437926691,0.8797468103224716,0.8954412629066965
253,0.21462857760046672,0.9416966847385263,0.20211501997650505,-0.29362189362893304,0.19857774775060646,0.8571721097551871,0.9174982174891766,0.9140820323452962
254,0.018900810979863708,0.9779618990680942,0.018484272999794597,-0.010922616051903176,-0.018083755516995606,0.4561781072449799,0.3164168203026769,0.6226482864664374
255,0.1272177601069914,0.9514374525866867,0.1210397415999801,-0.17706770216528836,0.10004333744079959,0.836738149497084,0.904774411096991,0.9222651337332253
256,0.23197750835229836,0.9337132771444142,0.21660047954742023,-0.29838419047162695,0.2061916678566984,0.7731306573775957,0.893326428369955,0.8918905875336379
257,0.02811554201241021,0.982555150273252,0.027625070607017643,-0.01960631098621988,-0.019747296939405634,0.311085996149397,0.5449207418375739,0.7017443447930263
258,0.019289164025639235,0.979542224177129,0.018894550632192118,-0.0114910950027732,-0.017062816252840503,0.43059123119947124,0.3305972393507056,0.643614890087107
259,0.0257279347435505,0.9651843895540597,0.024832200989940472,-0.017741818516474887,-0.01146781531950098,0.4545918729208939,0.35895892575414745,0.4594114371493418
260,0.10174635545888662,0.8995318340602311,0.09152408573487648,-0.06762310707369579,0.040919712030696644,0.23831419434632647,0.6682931672254185,0.716683183599411
261,0.1597419640487894,0.9472247730372556,0.15131154564063998,-0.2240686006224003,0.14331256063348097,0.9030657424243038,0.9156597441338518,0.9214760014091601
262,0.20249805891645764,0.9468480322643709,0.19173488862240257,-0.28886001318411964,0.18841784728434224,0.9092337958331688,0.9353973245208321,0.934275127484755
263,0.10359393303922387,0.9008796613577154,0.09332566731508984,-0.06947080772261766,0.04104694111556372,0.24098964263783265,0.6699983987711361,0.707907384781586
264,0.1387822062651583,0.9428820294247952,0.13085524829134298,-0.18565884771321056,0.11541883030360281,0.8485221292697864,0.8864151001334878,0.9038479204678632
265,0.13513150142596825,0.8907408304070799,0.12036714579432244,-0.0889916568488391,0.07257369752809081,0.236227208109495,0.6729458458499197,0.7085035290249678
266,0.045199560340545404,0.9282164678038544,0.041954976245588235,-0.029282869788084066,0.0005208363380687882,0.2925570429472774,0.5817136305531924,0.6933781926802266
267,0.035501307589848034,0.9768479641099697,0.03467938004238486,-0.026261786619392078,-0.0037119661192829287,0.32181727419406647,0.5939709978656843,0.6253298134973392
268,0.21498315062494958,0.939723538040167,0.20202472692429976,-0.2867927651371012,0.18871289430400584,0.7786679066815011,0.9046030087173607,0.8954050954211411
269,0.2247813054580921,0.9337444915776016,0.2098883057811158,-0.2868002123652935,0.19200196480547355,0.7035917488465262,0.8840394990121633,0.881430873363876
270,0.20099131066478437,0.9477743158733906,0.1904944019618121,-0.2861893586689593,0.18535173205703181,0.8875534159425846,0.9315314878823839,0.9242307183959529
271,0.09152464940675359,0.9415819720893028,0.08617795988319309,-0.1127587895941685,0.061661621442958885,0.7801603869017558,0.8222230712070171,0.8604783789204706
272,0.020840121883303735,0.981136413605456,0.02044700244368521,-0.012703530283216753,-0.019193809881903685,0.39274860145802554,0.39541354710733706,0.679036969148101
273,0.03181750275650666,0.98607836923867,0.03137455123138297,-0.023247385035818195,-0.013445504893198169,0.26291625648876776,0.6190819386465486,0.7488900644092641
274,0.09972558005478534,0.9490067857217711,0.094640252182031,-0.13456978545411208,0.07425811206096672,0.878864304720684,0.864681085416446,0.8965803953630945
275,0.04268442183473925,0.92256000681172,0.039378940498611376,-0.0270511658778927,0.0026405839567863612,0.3068853320665372,0.5428189300502043,0.6788820222634615
276,0.1372429890569588,0.9444197827746024,0.12961499391251016,-0.1837979012718742,0.11260037754171347,0.8260195671127397,0.8894360045850572,0.9046403476582832
277,0.13225883628527538,0.9484009130480789,0.12543440109163156,-0.1826264759510093,0.11124856602826572,0.8820240183990424,0.8978069664430407,0.9088471895446568
278,0.4000253553470907,0.8894180004762179,0.35578975169259797,-0.3298269854583861,0.24891231339460956,0.19623038818642152,0.7378102669651971,0.7380102350353744
279,0.04213626186674176,0.9178149796486462,0.03867329232769362,-0.026063703653396705,0.0014647024421720063,0.33082792544834705,0.5212414729344187,0.6490800541195263
280,0.06500025194450267,0.9112522334813287,0.05923162476127713,-0.04229274815853718,0.013044525808395584,0.26077031435406245,0.6275452921712724,0.7104202239503595
281,0.33526547930368367,0.8966117709545961,0.30060297513841727,-0.28903747025951654,0.19349715024921404,0.18413168573929956,0.7346919308043759,0.7358370332586485
282,0.3351201657447216,0.8959641708910241,0.30025566145033206,-0.2879286364340784,0.1792342794550992,0.18533230547248544,0.7394627713801109,0.7406401658890429
283,0.05024172527923653,0.9174123150475805,0.04609237750040893,-0.0318753475258101,0.006733275478878508,0.2876258962230771,0.585522691483743,0.6978249125513826
284,0.2150221526059055,0.941681783982372,0.20248244426165893,-0.29365034519769767,0.19809005720845338,0.8551563462835735,0.9169056286774889,0.9118215035633636
285,0.22278581336172698,0.9372410939274015,0.2088040194266509,-0.29544390864687003,0.20432926753366787,0.8146091397714337,0.9048196158349686,0.9050617282935015
286,0.14605166092220687,0.9387146529676852,0.13710083419794344,-0.1889792578564886,0.12027028039692733,0.8041726926964253,0.8751139483808215,0.8913738281349834
287,0.02145693910290669,0.9805648328480934,0.02103991990487342,-0.013873677994697416,-0.019569199552254102,0.38151484720150136,0.3831275896877309,0.6587699817616759
288,0.4013591481995618,0.8944612850369639,0.3590002194599213,-0.33538047826243794,0.2608462501956554,0.20841255664289327,0.7398297941142301,0.7097298691993066
289,0.23463945355227495,0.9315790207376446,0.21858519236664434,-0.2956650602972163,0.2042529246002225,0.7259093798334058,0.8838966580824986,0.8812170065580003
290,0.20857590544216992,0.9425753324688692,0.1965985034171487,-0.28798096313489774,0.18675679590106495,0.8465460410094139,0.9202655809668928,0.9204503574377714
291,0.22291665488610632,0.9373040772774656,0.20894068951780112,-0.29556832958385126,0.2000430895610113,0.813739296667043,0.9038560920517961,0.9040945982819264
292,0.020912453082498148,0.9822189614729434,0.020540607948542986,-0.013058289609498501,-0.023464469259188627,0.3901966881526365,0.3940969543776597,0.6753908522671423
293,0.10279754324864618,0.9917223970789026,0.10194662600436954,-0.11870204033889635,0.004789064331693658,0.07447902012108848,0.9355290511285335,0.8838431858609008
294,0.12610098848858867,0.9395793748171342,0.11848188792793078,-0.16115860078296906,0.10038814177015373,0.7971347139430471,0.8603828619481539,0.8824356692401578
295,0.02067751575455186,0.9702335619882065,0.02006201976360611,-0.013176958467010284,-0.01784542700478219,0.49004507604641667,0.2837313833088584,0.49610585095230064
296,0.13040737932072186,0.9506531271818996,0.12397218295884044,-0.17977917512905028,0.1060611779260815,0.8390967236331414,0.8997880199968445,0.9069811368306634
297,0.017754531954835655,0.9724456917000668,0.017265318107631097,-0.010210576669745114,-0.01893152054423191,0.5221917894140027,0.22215311550879135,0.5293073605206728
298,0.04930815280251688,0.9137467759897003,0.045055165653307305,-0.03063536003814546,0.0055795960937256115,0.2985581182515917,0.569607718859227,0.6868330403510347
299,0.12243490345920056,0.9335055149378247,0.11429365760004388,-0.14631405604601883,0.09046200293505,0.7243067033776154,0.8341026874176033,0.8585972730555139
300,0.21764032332679067,0.9384155326268236,0.20423705993578437,-0.29054419053851055,0.19191474605794043,0.7997305397209603,0.9045072857202546,0.9047374407381034
301,0.12865520559129526,0.9841934902581193,0.1266216158307728,-0.15795226087742748,-0.09577982601733748,0.12370532707704135,0.8175548882929148,0.7038392152821502
302,0.21830911333044142,0.9384523863276012,0.20487270836201552,-0.2908496034677058,0.18925699823826597,0.7982703869516588,0.9057669155133422,0.9027139539904435
303,0.04099285911463883,0.9171169206808749,0.0375952447211225,-0.0253817603901152,-0.0009349487149154808,0.32794672477824555,0.5102178284918286,0.6562361898514596
304,0.12466742003591427,0.9231389510525365,0.11508535136237988,-0.13124246968388745,0.08548472195856004,0.578777498862254,0.7947880850080509,0.8217787195969735
305,0.22880761473601585,0.9325126041375636,0.2133659846639865,-0.29076637373530373,0.1945058230034121,0.7171980703246248,0.8850121649128461,0.8851541673290835
306,0.26664250628919667,0.9051697963220291,0.2413567431085875,-0.24175044591856415,0.12857770703230234,0.17197621282517483,0.7721551947436657,0.7728886451200297
307,0.21747574373592296,0.9383080517854187,0.20405924141543885,-0.2904821216167059,0.19197035145902333,0.8020164700873831,0.907158618474428,0.9073326005800256
308,0.12196466824183692,0.9344497566999295,0.11396985456457212,-0.14597252764163796,0.08909297515560319,0.7133192959730534,0.8345133349897268,0.8587202313442315
309,0.18316470367616683,0.9405123621749807,0.17226866812155203,-0.24636058798350002,0.1639719955126635,0.8421699484162359,0.9045065521977503,0.9103892967319546
310,0.16041522197363123,0.9320881099866948,0.149521121062498,-0.195826872876353,0.13067262168987603,0.7303077622356359,0.8576257896302364,0.8689554654838512
311,0.07064409873475382,0.9098359601997356,0.06427454140477966,-0.04678658453834104,0.023582101283007757,0.2896487288749577,0.6103573051079224,0.642660313875061
312,0.13013360308196684,0.9487470190012472,0.12346386799590757,-0.18090420838220056,0.10288707570872313,0.8826631066827783,0.9003327844162291,0.9187472088476378
313,0.20498258208757575,0.9465951237124008,0.19403551265007613,-0.29068685980099984,0.192655738510421,0.9073225801365593,0.9293484510636952,0.9258886369208843
314,0.13163310005670764,0.9477836512889858,0.12475970020223476,-0.18252842384991416,0.11254856797861983,0.8968540301032664,0.8982401786446584,0.9150992365031507
315,0.14482891906154435,0.9410175526452103,0.13628655496754571,-0.18739951542785654,0.11605164434826008,0.7718915448816083,0.8758565083227355,0.8852222820680677
316,0.1321311877280621,0.9479297209341384,0.12525107990975815,-0.18298778111287442,0.11013467955300343,0.8934716968092653,0.8967529445208984,0.9116173283673582
317,0.0923455609552927,0.9986459720671811,0.0922205224862874,-0.10789592068932047,-0.04378202373906226,0.0288817012360383,0.9630379346020304,0.9641787414514247
318,0.20871256065393062,0.943410864514261,0.19690169728150983,-0.290485322438806,0.1932861306198397,0.874278569195469,0.9251658319242273,0.9253363827523335
319,0.206106364786977,0.9416067632094983,0.19407114702394154,-0.27787226650570684,0.17753848943709227,0.7552322480827272,0.9075595249600404,0.8986475913931538
320,0.20793076869315585,0.9403130868964598,0.19552002297061513,-0.28100313073339594,0.17615255901478927,0.7768684340092067,0.910147749672527,0.9103151813989523
321,0.10265093449999547,0.8944642158435905,0.09181758763315022,-0.06676894175557185,0.05125806371418276,0.24832855494349307,0.6477933506488448,0.6988261806698808
322,0.21593241657703716,0.9405293831588302,0.20309078256719632,-0.29269268193760256,0.19808413971302496,0.8366529793834238,0.9136878833809458,0.9104002459162679
323,0.021108018726966726,0.9803028564926556,0.020692251052945948,-0.013110076801668123,-0.029781261340020328,0.3883024808645378,0.3898147030290575,0.670504023387998
324,0.2404145116122974,0.930619081588351,0.22373433199714818,-0.3006212011730061,0.21483106113477105,0.7350900304791536,0.8807217850765322,0.8780611588198026
325,0.044041817708449484,0.923975133064017,0.04069354437754579,-0.02842483851894463,0.0006928379904132048,0.30779110795850606,0.5489083343809468,0.6670793790663512
326,0.2084777959453191,0.9425541387038506,0.19650160939611735,-0.287940496309928,0.18994528417893225,0.8473667559676976,0.9211957272303882,0.9213480211332379
327,0.24118830432567526,0.9308748271410264,0.22451612109760025,-0.3011759099501374,0.2125974625380987,0.7325574064630807,0.8801685863815865,0.8745602969212516
328,0.1765457097676409,0.9381528586136423,0.16562686229448673,-0.23067908781809943,0.15260735252759242,0.8061012201257859,0.8891630908150304,0.894234933351848
329,0.16197716044178562,0.9324571250925838,0.1510367573562076,-0.19698236530701055,0.13206507561515735,0.7229662761296065,0.8534161797007986,0.8592558852954562
330,0.11106679003814385,0.9411055293409258,0.10452557023104483,-0.14014265120775754,0.08174619016104402,0.7787812066920587,0.8485224822901267,0.8759200552634727
331,0.19985528087639118,0.9475309529761341,0.1893690647461199,-0.28538714200000703,0.17621402066196643,0.8933174539934259,0.9338359875023647,0.930364928337653
332,0.2753383834896322,0.9095040069832447,0.25042136306010976,-0.252544010561894,0.12729786604504842,0.18789593022664686,0.7726755241381945,0.739103488053571
333,0.40009197743708946,0.8896978627593579,0.35596097723294373,-0.33043473421000613,0.22580891371440107,0.19588594223514177,0.7372902276316329,0.7372578838349377
334,0.09439992823669506,0.9929035917809271,0.09373002781007629,-0.11028092038668044,-0.12416334481062112,0.03344440994398934,0.9084601412319724,0.9154673050200608
335,0.09551828606663873,0.999551507511857,0.09547544683285754,-0.11885426134130671,-0.03325686827137309,0.026477260691906358,0.9135142174852476,0.9131169903959495
336,0.15896566205189458,0.9331294448775965,0.14833553998508398,-0.19464537539785987,0.12828032284748248,0.7173237101814146,0.8557160487142733,0.8670434885662694
337,0.22381428352488583,0.9374849771000896,0.20982252846500055,-0.29618572818357647,0.20234231223797455,0.8110758950494971,0.9039958810048825,0.9008226200880743
338,0.254567244377434,0.9250851001771012,0.23549636476670713,-0.30444835527911035,0.21979559795993245,0.6786023325433158,0.8640243863328922,0.8642605243404821
339,0.1363671672917275,0.891546728271741,0.1215777018426248,-0.08975682745311152,0.07476730374818834,0.23933188002350905,0.6780041176777238,0.7059636211239332
340,0.14541219652832382,0.9399013838231122,0.1366731247417299,-0.18817586521384055,0.11822655188200167,0.7879183153288417,0.8758424670889208,0.8885448248096737
341,0.09925099392566696,0.9515963820881811,0.09444688673832072,-0.13344394774185042,0.06991861550730899,0.834634414028094,0.8708375206157017,0.9011404098133626
342,0.045624048000497554,0.9287292261994238,0.04237238679558746,-0.030158959897637685,0.0008036729955379442,0.2895964196567264,0.5753766467459499,0.6860272609911928
343,0.18548467950107198,0.946865988309735,0.17562913437209696,-0.2633701622286619,0.171988376740761,0.9108494507430505,0.9300078186115485,0.9327101739214212
344,0.1944983526019241,0.9485392791912584,0.1844893271809163,-0.2802317517818503,0.16941534952393897,0.8816305506750832,0.9367128636025482,0.936904256002499
345,0.12975604232056914,0.9497130345170322,0.12323100469918816,-0.17994008632339528,0.1053209509272326,0.8640504416410125,0.9025056124543188,0.9168728650113811
346,0.21739165316172673,0.9401149366316137,0.20437314023637848,-0.29431704263258657,0.20044047072819668,0.8434382849380159,0.9143029162547354,0.912115466320369
347,0.4948105201740271,0.8836207973430608,0.4372248663699085,-0.38057062598930314,0.35980687968351716,0.20430305611647567,0.7133725464480966,0.7142401812106066
348,0.16830974352834327,0.942333400373692,0.1586038929350877,-0.22738468877336387,0.1457060167537567,0.8511874029510574,0.9016690482888314,0.90708741829046
349,0.06837873157553423,0.9195253012393163,0.06287597375035546,-0.04637838659224891,0.014497965123943175,0.247357016406129,0.6619318726915607,0.7209940521677882
350,0.06377006629856997,0.904071775518254,0.05765271706346493,-0.040778754532403184,0.020451830739849342,0.2797934040035533,0.5893567657304344,0.6788312650218364
351,0.20053952888598672,0.947167759252401,0.1899445762164722,-0.28697964687935557,0.18719607846229,0.9052801703279797,0.9364561753200558,0.9366076076898646
352,0.028789604094207163,0.9886438491046031,0.028462665005894613,-0.019593618355996323,-0.020237656115671573,0.2609960045212323,0.6222650531914792,0.802900950136038
353,0.1468377037972449,0.9389372629292413,0.13787139169819979,-0.18962307016176547,0.11862107316109603,0.8008540987670514,0.8745446482797694,0.8874017177852384
354,0.12991021512592152,0.9497414805205886,0.12338112004844087,-0.18013365408589607,0.10176856727694343,0.8623633173028393,0.9006736560592066,0.9150765555913779
355,0.15827536071043372,0.9330479910641694,0.14767850734582694,-0.19426761994518651,0.12833704821851813,0.720631603747495,0.857591024642059,0.8715910301201243
356,0.1537647460316479,0.9439946660270961,0.1451531000768867,-0.21001708460610286,0.13283156597690998,0.8703930249964779,0.9025170643177526,0.9145923019996018
357,0.13231128256708022,0.948041984784256,0.12543665093424528,-0.18327715768988473,0.11015017992045309,0.8913681624452144,0.8946531500375855,0.9094723984711697
358,0.16461607421378394,0.9438472960426381,0.1553724365318342,-0.22355120891683106,0.140207584741425,0.8300578220396768,0.9046031442530196,0.9098493135930361
359,0.0915154936176995,0.9415814688029313,0.0861692928987788,-0.11274984186378074,0.06394387778616528,0.7801550983316228,0.822221753889593,0.8604752629205522
360,0.0836868628322058,0.8975683512844428,0.07511467949647029,-0.05339800926875849,0.03411325555546961,0.26143118470216925,0.6321127209793076,0.6971031560038563
361,0.44474239846139063,0.8867759950421623,0.39438688293303753,-0.35716662622176654,0.28713112153872034,0.2040562341829574,0.7340434338262354,0.7286281111641467
362,0.14276377551355776,0.941750472008428,0.13444785297559828,-0.18543669631058965,0.11313222505407981,0.7638387743095042,0.8789890697541474,0.8913478834806846
363,0.13145108234753183,0.9498733789166123,0.1248618837516959,-0.1811850010267186,0.10705905331503686,0.8539727198662042,0.8986127527138869,0.9057973516351716
364,0.17614500774169026,0.9380798977899143,0.16523809085852845,-0.23043981200906036,0.15320971475957884,0.8079927095047796,0.889784016654385,0.8964912797379146
365,0.06648772535527663,0.906801761334674,0.060291186459300906,-0.04369365548950389,0.01677794375391467,0.2812996120304696,0.5926392402667573,0.6609436157642522
366,0.1581205307849811,0.947690326483372,0.1498492974433428,-0.22248857258924193,0.1393432073260122,0.8973089618754767,0.9173032738289307,0.9249493045480445
367,0.17129486422000517,0.9469558676522463,0.1622086767718287,-0.24211766565821677,0.15607836821813098,0.9106875270653202,0.9228306349632494,0.929346095648099
368,0.09891256962567407,0.9509096868966807,0.09405692061289586,-0.13366977355797985,0.07173724358250023,0.8515250244257611,0.8684019914260644,0.902690432820802
369,0.2195497005235833,0.9380236837123357,0.20594281884307172,-0.2924479199097716,0.19911564925355274,0.8057126840483553,0.9069369227776376,0.9059582582847286
370,0.2039001979835755,0.9464929818984615,0.19299010639916106,-0.29056320846697375,0.193377273759881,0.9165329156713963,0.9352157376624087,0.9353610316107314
371,0.25522940759724766,0.9252897227094958,0.2361611477829662,-0.3049482359824364,0.21955639102607546,0.6772337797835382,0.8643388217363449,0.8619189207790297
372,0.19134038928915598,0.9495651162308354,0.18169015899501068,-0.2760258538796186,0.16332472303709733,0.860825779862799,0.9360471219294276,0.9326300457099849
373,0.04228815945331726,0.9222408024747506,0.03899986610940752,-0.026318729830104297,-0.00019251939510391678,0.3098356128247806,0.5489661982889817,0.6860578188782621
374,0.19881938783156533,0.947474755285735,0.188376350831772,-0.2850384384196616,0.182204882796221,0.8993887465770956,0.9366320387937433,0.9368337280951455
375,0.07285979581906134,0.9223687060101289,0.0672035955897898,-0.05104638095261058,0.0230291808781866,0.25335015278804845,0.6644006072707024,0.6922108119988295
376,0.03388626329208362,0.9297960228816563,0.031507312839300014,-0.0205218096583477,-0.006750824138518899,0.3446096757579099,0.4917176258135817,0.6676314645833562
377,0.04355845710128899,0.9230575583350442,0.04020696305675758,-0.02734933838039916,-0.0003951400763183875,0.3117116727618251,0.5558494321905396,0.6755818406262492
378,0.04234970322647383,0.9219155726533246,0.03904285090173296,-0.02632514230231534,0.0003913300377644551,0.3095823879013508,0.5475451830437573,0.6848294811673373
379,0.22372584386683972,0.9374842830331713,0.20973946233349547,-0.2960995983034609,0.2009146964362173,0.8110721575717218,0.9039927120579208,0.9008194154787468
380,0.04098887666795991,0.917115572920645,0.037591537108709716,-0.025379980555327194,-0.0031087816010398916,0.327948562067977,0.5102183451629776,0.6562325553670636
381,0.09777690379910838,0.9946491813269526,0.09725371731646734,-0.12025388917512789,-0.07063461187948575,0.030379234201437785,0.87869559981112,0.8835380869910504
382,0.26773070459318904,0.9060890404991255,0.24258785723699747,-0.2450414313849022,0.1456784185966554,0.1708225867288159,0.7703027159316979,0.770250181011205
383,0.13044103882402236,0.8978101322825349,0.1171112863216668,-0.08907449609326448,0.06697334105543576,0.22319535816001354,0.6987188580928811,0.7318106124978565
384,0.06345036858297777,0.9035412195165122,0.05733002340823593,-0.04009151743480661,0.009628621894439995,0.28141115029476726,0.5927245074073716,0.6827315793827898
385,0.3982864538455691,0.8913837604871593,0.3550260769799588,-0.329144281038767,0.23726935681601302,0.19973196674611596,0.7338739857417804,0.723997622738078
386,0.13025076235715902,0.9488029600640697,0.1235823088750742,-0.18108261360136227,0.1073773888714123,0.8816373275002455,0.899287897671861,0.9176773802704317
387,0.1310695071630703,0.9481138636674694,0.12426881684536965,-0.1819357403549076,0.11015882325104676,0.8931965261705658,0.9001417624498305,0.9174771623229768
388,0.34456110547905056,0.9039355663784641,0.31146103803319525,-0.3018188916470514,0.20102447078013494,0.2080611835906355,0.7427831858855897,0.6908023905865085
389,0.21535103010243237,0.9404447455571363,0.20252574471014922,-0.29248752833690206,0.19676046573894707,0.8397483921707748,0.9149853799626635,0.913951646172393
390,0.13069297708996233,0.897933681667521,0.11735362608647885,-0.0896527818161949,0.06924688233840413,0.22246327513041006,0.6952118144433214,0.7285241764851268
391,0.13119527479071416,0.9490001026916685,0.1245043292490494,-0.1818919324666629,0.10891898073717851,0.8754643657147293,0.8965778986065215,0.9111247196307459
392,0.11011942227087722,0.9419609014497473,0.10372819026940089,-0.13932692373073818,0.08143214023665006,0.7703656656973986,0.8514913277208098,0.8815679361159167
393,0.21423832563582978,0.9396639611066815,0.20131203368782694,-0.2865677186562128,0.18279699454266993,0.7819070097205046,0.9057547086737797,0.8995629154283897
394,0.029165154894987135,0.973489523598612,0.02839197274440075,-0.02021747552745422,-0.019274795981475273,0.37984492745867543,0.49902980942200154,0.579888450838305
395,0.09143405877934717,0.9961835690923848,0.09108510701141297,-0.10496258276041696,-0.16640599554338803,0.03163255187270724,0.9514652765711086,0.9550668696347433
396,0.1576318184310668,0.9476101272871774,0.14937350752797243,-0.22214850155968252,0.13888244258301138,0.9000846552293292,0.9182689263886665,0.9278602747495067
397,0.15806494874237353,0.947661327907971,0.14979203922090306,-0.22241709814807106,0.13978432156157145,0.8978502413801436,0.9178529867481995,0.9255066954013965
398,0.1284556027455024,0.9801655071625632,0.12590775101291812,-0.15387414982041606,-0.03482276307625889,0.12559500513422195,0.7998459355806449,0.693226420195986
399,0.13294848182352897,0.9478994165334085,0.12602178834952557,-0.18341373183935947,0.11184062244575452,0.8879669844367527,0.8946750256012919,0.9059321096612327
400,0.13249539348610698,0.9488855118940098,0.12572295927166288,-0.18240552311402347,0.10624187758968301,0.8692374386532598,0.8969911428895105,0.9043829395163215
401,0.02128007642384151,0.9757152797923537,0.02076329572189119,-0.013273625932605865,-0.01727054060666353,0.440499792318335,0.35947750359012876,0.5874020926613974
402,0.15985037191424023,0.9472305081964266,0.15141514902371359,-0.22414591218281274,0.14228281200817805,0.9017336358822683,0.9142349016879754,0.920113818907828
403,0.33806422700755573,0.8983085804701214,0.30368599587088624,-0.29158429797682683,0.21270698045128186,0.19465163098491248,0.7440655213706953,0.7258959035091747
404,0.211067977201798,0.942069952868505,0.19884079933454857,-0.29061371286931587,0.19479894742798548,0.8547041361000802,0.9203804278189186,0.9204967392551875
405,0.03271298349920227,0.9899500487861438,0.0323842196109756,-0.023820569723004784,-0.020183647531639717,0.22144282096879564,0.6693639444984069,0.8197480730637231
406,0.0646287605143145,0.9111583580357681,0.058887035312109676,-0.04165903904069996,0.016432355720898132,0.26229374117334836,0.6328303004228523,0.7157591385976959
407,0.13226405490528517,0.9479618062307062,0.12538127238741142,-0.1831440418070961,0.11019720183991788,0.8916571675579256,0.8948664986703859,0.9097654469227715
408,0.02075340657046538,0.9814273439480347,0.020367960688325526,-0.012568658763765013,-0.019602769058839033,0.3942506553423101,0.39727367528001667,0.6819341812134524
409,0.3377777859539636,0.8983067694497985,0.3034280716922106,-0.2912500860672914,0.13658672490072918,0.19466991700450956,0.7440622713959839,0.7258955451290314
410,0.10555193881950044,0.9022102966244282,0.09523004603162498,-0.07153730622712866,0.043434281025187975,0.24314714680799834,0.6700514278794498,0.6980854265716567
411,0.07060857193008023,0.9211658275705923,0.06504220359555006,-0.048746401763499994,0.012559286239501548,0.2505178771671763,0.6640999976787977,0.706716251145685
412,0.043836539863870316,0.9233637590442412,0.04047707223219602,-0.027893090133366338,0.0019198159584662927,0.3096257850166364,0.5516707745552136,0.6707356913362024
413,0.04337534022274637,0.9191217197292468,0.039867217299371815,-0.02710467179559705,-0.0032910592440794713,0.33236438526030004,0.5306508424623384,0.6406267011597195
414,0.0820570336870639,0.9509094615072121,0.0780288097162451,-0.10745280948810018,0.05606257504500485,0.8477171618728163,0.8379264175037038,0.8809653446845732
415,0.20483791518164773,0.9465746919344777,0.1938943864595689,-0.29093063190391777,0.1906712064433713,0.911455072680238,0.9338077896788988,0.9301097517173952
416,0.20985360145552423,0.9427302212455795,0.197835332129348,-0.2885475569369448,0.1895491404282424,0.8407523208102321,0.9187788794367704,0.9137481892343575
417,0.35163795359796624,0.9527147540544125,0.33501066647828337,-0.3240054313544776,0.3481661566449611,0.3252793999381338,0.6720900313740491,0.3255726658515303
418,0.1462914179689227,0.9389033072345384,0.1373534961510517,-0.18940955916778893,0.11885651290538599,0.8022914158124466,0.8731475618943678,0.8892955555550308
419,0.2398638893001729,0.9305600207074093,0.22320774579412864,-0.30053916552082244,0.20989982365226703,0.7370595127579305,0.8807851827204354,0.8809287156123868
420,0.09809267839423136,0.9930131598140177,0.09740732052687591,-0.1208168702765913,-0.16933720901237698,0.03169632943222724,0.8597288179114451,0.8661051618996567
421,0.18917453388666117,0.9378380169779545,0.17741506972299517,-0.2486588726865738,0.1675672676881941,0.8104928044067606,0.8951533686259722,0.8996755666719437
422,0.15818674261515353,0.9477071647431352,0.14991470934375922,-0.22255274587752122,0.1398079050567563,0.8963799419518879,0.916317226887054,0.9239901801928903
423,0.0655937292454678,0.9053248725568307,0.0593836345696804,-0.041684589796736726,0.014692307543036865,0.2859630750945336,0.6023947120648431,0.6718951284267773
424,0.022967628491151998,0.9687012136091174,0.022248769593102284,-0.015896666272988216,-0.016844940863456,0.4635436636401825,0.30434550430280316,0.4689592126893427
425,0.04207684669146822,0.9198894031076199,0.03870604538766553,-0.025918236007592133,0.0017696455667434502,0.3213084167902205,0.537470595522045,0.670417400556519
426,0.20871529655682408,0.9434173991531999,0.19690564224112778,-0.2905255976303906,0.1943744292264914,0.8745258117911904,0.9254536234664789,0.925599984670447
427,0.043492423153252274,0.9191350789962309,0.039975411790702034,-0.027292483820407314,0.0020691694918475623,0.3314936645067603,0.5288201342751627,0.6386795425527978
428,0.06866452214357129,0.9198841678617665,0.06316340681366492,-0.04700489718278223,0.014619599372623504,0.24619130167649414,0.6588502367476811,0.7176245325089949
429,0.130816407917397,0.9487819456366559,0.12411624602506634,-0.18128694938462628,0.10643504370489522,0.8795239793935563,0.9007174696872703,0.9153502344494853
430,0.06976182419039936,0.9251332551760861,0.06453898350028599,-0.04877764273060991,0.012517821169743414,0.23153987285717112,0.6830835460124387,0.7381081427090688
431,0.14687022703820934,0.938923819497972,0.13789995454124984,-0.18963387719186559,0.118667716880423,0.8002697948511248,0.8738383632771167,0.8867476670127126
432,0.12981352879184496,0.9496890568541547,0.12328248772523688,-0.17998040331075055,0.10342208300141252,0.8633423119946944,0.9016920310950762,0.9161161244920029
433,0.2031041568140942,0.9468941555597885,0.19231813905716458,-0.2891198583818566,0.1915454358071289,0.906237044056961,0.9348083261765118,0.9311342813660338
434,0.1324490430022488,0.894227844657812,0.1184396222508908,-0.0885727399583489,0.06245040765575073,0.23002470182997256,0.6881929247595736,0.7224421469691735
435,0.09052559210586254,0.942295393177119,0.08530184840598524,-0.11195362354270999,0.059955360958396896,0.7745720348527874,0.8253367758973901,0.8693480591142875
436,0.14615098149725095,0.9399436462838902,0.13737368645649542,-0.1885911630814644,0.11748645977270851,0.7841284631072937,0.8742514231867502,0.8839012089024122
437,0.3573526522818694,0.960160127236772,0.3431157680833577,-0.34375547864170675,-0.839328058590824,0.31103154047228354,0.6569923073108828,0.3114595856681551
438,0.04392813093317353,0.9239807981315163,0.04058874948005942,-0.028242431463340347,0.0005491767845090085,0.30856403137382976,0.5507397823601108,0.6690511999369756
439,0.4925333520968645,0.8890622483330218,0.4378928093942382,-0.3875976757344688,0.33384145597058873,0.21749697691131753,0.7231957558019374,0.6915478233976865
440,0.024088335154805334,0.9791921934029089,0.023587109735658234,-0.016355816872468176,-0.015201465955470195,0.3791960235942197,0.4305672809717148,0.6247955039260709
441,0.17182373499377446,0.9469532296377092,0.16270904078076862,-0.24232667609013725,0.15629112767000927,0.9081724553185297,0.9227663857612962,0.9267333756408758
442,0.14613641957213525,0.9400261511213719,0.13737205602905223,-0.18866331974831924,0.11572841286023372,0.7844612887626686,0.8747659558411679,0.8842936341151235
443,0.04272565515570474,0.9228783301411294,0.03943058128428253,-0.02722473408977594,0.002571072888268001,0.30635060173970885,0.5423574710362762,0.6780107287594211
444,0.022121049850163062,0.9798246011586401,0.021674748846646417,-0.013775886723765882,-0.019054392068537724,0.3919850916981261,0.4212853394009509,0.6608856380420209
445,0.1582287018839185,0.947383291940775,0.14990322847030219,-0.22286490018044303,0.14092010424365053,0.9044365268066584,0.9180437945971587,0.9276450599564755
446,0.3369963567423737,0.895019129161606,0.30161818574219323,-0.28928137703421436,0.19383558803636158,0.1876859936459164,0.7521486412842788,0.7525557247321047
447,0.14757340452133458,0.9390725968636259,0.13858214021185603,-0.19012015423933695,0.11844006405102613,0.7972332824210094,0.873457867710914,0.8830865546951469
448,0.1474978518190922,0.9390152372824981,0.13850273032456362,-0.18998832749567154,0.12012994474907282,0.7980411197968353,0.8743374340189018,0.8839812074616639
449,0.1565795165384551,0.9338522543214319,0.14622213449999621,-0.19258712137467088,0.12261209746628217,0.7108758255869817,0.8592773996156085,0.8732455717384207
450,0.40010120629121343,0.8912151638658847,0.3565762621277619,-0.3312610011104453,0.24388529946236548,0.20039449060896491,0.7378526509390914,0.7275022509590814
451,0.13197925292041307,0.9478047669185456,0.1250905650523159,-0.18271439652131916,0.11051694921414981,0.8952039514009815,0.8984443322837994,0.9133829695290541
452,0.15772716224572303,0.9476807987775715,0.1494750031059464,-0.22230917522926433,0.14058107958764576,0.8993944129504341,0.9176064593458901,0.927149000438059
453,0.1314992608518629,0.9478648435136573,0.12464352630951261,-0.18264432159168245,0.11114909187853839,0.8959963776290308,0.8954891640580313,0.9142560972926326
454,0.1470083357752225,0.9390534416902563,0.1380486836668795,-0.18990423040149707,0.11834045463898137,0.7992256912167929,0.8727730300658938,0.8855968226387984
455,0.09936894483817396,0.9507798740038153,0.0944779928531311,-0.1337729309572618,0.07191840552343147,0.8493005263345461,0.8693590766178956,0.9001477220499084
456,0.1469165543412083,0.938910867066834,0.1379415494229755,-0.18966214551642832,0.11872639840156013,0.7996869493862827,0.8731308967770368,0.8860935600609032
457,0.2360207895260954,0.9319194765547557,0.21995237063119896,-0.2961952152122292,0.20829837450438718,0.720061148437187,0.8811937446402791,0.8730336661485145
458,0.1605374846146708,0.9321384762411641,0.14964316628830857,-0.1959899842476426,0.12718595505507718,0.7291903847666106,0.8562519557655615,0.8676146651334685
459,0.16844018051533402,0.9423938846448223,0.15873699604612074,-0.22755757273428173,0.14679888849949982,0.8502411704165681,0.90066858538747,0.9060767814988288
460,0.01783624256526493,0.9731092593711637,0.017356612792649384,-0.0109193212878754,-0.017442424792030103,0.5096296134259515,0.19905473922878925,0.5167122983458862
461,0.11177883911997513,0.9414170516607807,0.10523050516239174,-0.1408876066224329,0.08352945252292451,0.7748879859491006,0.8472032462083467,0.87123145703362
462,0.13200987081301438,0.9478721667099657,0.12512848227463458,-0.18280851093244774,0.11113712211194976,0.8945208492018372,0.8978044057841698,0.9126906109957391
463,0.07015951911602138,0.952640203974512,0.06683677860144029,-0.08973109857651418,0.04002398915364491,0.8268059667064781,0.8146403192004914,0.8743893919610526
464,0.21921378587124823,0.9386676285080775,0.20576888452004208,-0.2913995566024389,0.19120136309822003,0.794355548648449,0.904212141851814,0.8979188575819956
465,0.10779349968635042,0.9039601380100546,0.0974410268530601,-0.07439979720508125,0.04576963710763484,0.24417892424972693,0.6678209261654652,0.6862120640498302
466,0.2403917853169466,0.9306184582615651,0.22371303263040201,-0.3005870437796057,0.21228421550856974,0.735089768032219,0.8807221206568491,0.8780610124279359
467,0.18488811160812302,0.9224512672918187,0.17055027286010427,-0.20744644721591904,0.14656688302384227,0.6290419920453841,0.8323628375913228,0.8414985481676115
468,0.2175710793246965,0.9383385262918869,0.2041553259372709,-0.29059401978740557,0.19276366670466388,0.8015982713462645,0.9066865002873404,0.9068580974966685
469,0.1291339293569101,0.9497630319668633,0.12264663227581367,-0.17969126522039325,0.101820083606365,0.8667487420349174,0.9019341934831439,0.9199312797645958
470,0.1679223732543404,0.9423128379867696,0.1582354081027711,-0.22722022215660848,0.14736153856679293,0.8532915107205522,0.9022919983505266,0.9094329159364914
471,0.07078603379074418,0.9211711838093478,0.0652060545441883,-0.04904191839480984,0.020661848316780505,0.2499014231162283,0.6617255735207186,0.7044656753558284
472,0.14456872635463006,0.9397163845730201,0.13585360085229925,-0.18750615779450786,0.11573419241684997,0.792227900281887,0.8778177895208806,0.8937654095404483
473,0.017305016161553798,0.97304064208938,0.016838484037205406,-0.00989633770605329,-0.016849618569555393,0.5254881256248982,0.20547702750407884,0.532824390452237
474,0.06736048569982614,0.9134221954781292,0.06152856273640831,-0.04477347285039714,0.013245554883958907,0.26375571847005447,0.6313868875485023,0.6949081785128036
475,0.10088698954326895,0.9992266544955789,0.10080896904345109,-0.13358337326675587,-0.1495289074663882,0.02459672302540097,0.8415394369781567,0.8408571601932558
476,0.12015470719991375,0.9360283289377871,0.11246820979434437,-0.14432794797307474,0.08633808076132408,0.6988402709825184,0.8413649821124193,0.8676296896209558
477,0.07166001877160545,0.9264773990081908,0.06639138780439516,-0.050736000651403775,0.021343591491873797,0.23555845549252705,0.6866828123957848,0.7264203524158677
478,0.4965666127073873,0.8842222833624582,0.43907526412968745,-0.3832823881031913,0.286512705236041,0.2035711762795781,0.7123166447825752,0.7127130083599463
479,0.2057995743390943,0.9447999450032063,0.19443942651725957,-0.2894906987646973,0.19076807851390465,0.887826280308104,0.9299101739864647,0.9300497843112688
480,0.21919968481851992,0.9386545151036613,0.2057527738642032,-0.2912860685040964,0.19332804848305699,0.793767800845659,0.9034711924220149,0.8972465240848326
481,0.13197417089454058,0.9477919999440633,0.12508406337309622,-0.18268915947881817,0.10735375015171593,0.8948150092604286,0.8980204831148896,0.912987496430997
482,0.17475586791823938,0.9385983673078012,0.16402557230551726,-0.2291212848040825,0.1513356861650007,0.8018446725601194,0.8910548605136127,0.8976766579171324
483,0.26799170985311144,0.9208655302658435,0.24678432800073555,-0.3086097779002833,0.22758893076207806,0.6316909265610133,0.850722240706974,0.8508398634475933
484,0.11036125045495347,0.941020588736494,0.10385220887681598,-0.1395845368277754,0.08096581214045988,0.7831775353918359,0.8506769785529565,0.8812172358506157
485,0.06465383190458938,0.9111573954362205,0.05890981708315689,-0.04167230612533692,0.016780235314526565,0.26228557996086704,0.6328264951642423,0.7157615280602843
486,0.21834009866386056,0.9384991670288567,0.20491200072503155,-0.29077937636642176,0.19541671859051327,0.7968423362282671,0.9040799738556382,0.9010917215630093
487,0.017835624201912065,0.976205208647767,0.01741122924539073,-0.010282632904514704,-0.01784269933822368,0.4891002464835893,0.25230154125401916,0.5822852843292945
488,0.13198717477171953,0.9300732423275885,0.12275773958559127,-0.15118949206508,0.09767372738395368,0.6528173175425634,0.8262290297116637,0.8452193589879762
489,0.17120543094242288,0.9468795614608951,0.16211092337048497,-0.24195261714383368,0.15531693088784942,0.9112645884872759,0.9233598662252128,0.9299341579036773
490,0.04118738108782431,0.9168063637315653,0.037760853086754455,-0.02558258174982741,-0.003627204899125642,0.32671259517379575,0.5069374176597623,0.652882931208748
491,0.22867717034967905,0.9323978331956307,0.2132180981353489,-0.29062139843622026,0.19555186700914184,0.7185004556346065,0.8866127511702804,0.8867630579134947
492,0.14403340254413657,0.9408481329714424,0.1355135578691751,-0.1867699218164611,0.11591909093808574,0.7759566366718855,0.8777845358183748,0.8902869853809654
493,0.20252823711234672,0.9468762798310906,0.1917691837176879,-0.2889228283723526,0.18934492550658255,0.9091326271003439,0.9353207131004868,0.9341715019635584
494,0.2198914648499636,0.9387348565732908,0.2064197827176214,-0.2915336966173891,0.1946902087006521,0.7909641780354547,0.9030559481984047,0.8937064412085796
495,0.14841764493990062,0.9391795429999475,0.13939081594778432,-0.19067967539210398,0.12205825466978791,0.7925351346531223,0.8710043921169023,0.8775686841709266
496,0.16958737066629742,0.9476279512046349,0.16070573261468443,-0.24003567919475396,0.15186534823225267,0.8982620724061994,0.9239669907646186,0.9291390726811484
497,0.14470639145916753,0.9398438938897363,0.13600141841971647,-0.18777882602856,0.11570806377221088,0.7912020721551172,0.8767576328333574,0.8926152933811339
498,0.14692818021281634,0.938981448245028,0.13796283544423676,-0.1897425957616355,0.11964972181298013,0.7994533799455716,0.8729532203664934,0.8858438231478001
499,0.02909116088830626,0.988725065284753,0.028763159948499862,-0.020284218238110954,-0.020079615218848327,0.2580155591440696,0.6151927317414172,0.7937027488019603
500,0.20081433068358442,0.9476096518097983,0.19029359797748913,-0.2857977349324874,0.17727105791328665,0.8881410442150143,0.9319828321791425,0.9248353288732709
501,0.08166593886253626,0.9517590947333346,0.07772630004235535,-0.10705813031297709,0.05307013966008322,0.8379214692503836,0.8412607473813795,0.8870927156368297
502,0.06799184816484957,0.9146206306064851,0.0621867470446351,-0.046362708821043874,0.021742027505351025,0.2605314773432639,0.6244918340976164,0.6869421112884847
503,0.1675603466860624,0.9422738206380279,0.15788772805930854,-0.22703318329209568,0.1458507251100396,0.8547151338296386,0.9021113660035757,0.9110511403126116
504,0.032055152669262225,0.9855700670461404,0.03159259896541904,-0.023607261726625157,-0.019115075132991488,0.2614175589060061,0.6140281616478761,0.7434168926039474
505,0.05001588743377915,0.9145343563366461,0.04574124742085737,-0.031185398085589344,0.008316121117954656,0.30041996242827085,0.5751402970835711,0.6826361497826641
506,0.11137849427867093,0.9402121447461996,0.1047194129843515,-0.1405232955087871,0.0844588058991252,0.7916245118897123,0.8474827823158898,0.8752319039554565
507,0.21924716790540175,0.9386549342540617,0.2057974359756341,-0.2913318780148691,0.19080201975968197,0.7937700812766637,0.9034721052693002,0.8972476086770759
508,0.10101134178347693,0.9042128868487044,0.09133575695849883,-0.06864243800396269,0.04194007557378062,0.22880884503315682,0.6854553660628889,0.7314927548080591
509,0.15819735086708595,0.9477072179483674,0.14992477127704779,-0.22255873441156826,0.1353224929829139,0.896380793634031,0.9163176475843788,0.9239902655777675
510,0.19730557107048677,0.9486383136941421,0.1871716242227663,-0.28128161625103365,0.17482321299296677,0.8664191296318368,0.9305897079302035,0.9201181061230527
511,0.19456541051174572,0.9485401481904805,0.18455310331955294,-0.28033058981169423,0.17476547883445429,0.881638153172918,0.9367164429959897,0.9369090788235146
512,0.21361163643297296,0.9407957561386543,0.2009649210179741,-0.2907764686104734,0.1946988768382295,0.83496470140484,0.9154816843268935,0.9144537807788473
513,0.17174621719584096,0.9278509288009952,0.1593548871432185,-0.2006987359601656,0.13649482177972702,0.6637470960104351,0.844416469252182,0.8519527497801923
514,0.04372138840073934,0.9233683389951632,0.04037094578615308,-0.027708966694845738,0.0038728017444622275,0.31040408697272004,0.5535256452649823,0.6727301280391792
515,0.0632619426216889,0.9034575303495259,0.05715447844610446,-0.03975851139161986,0.0134963888746303,0.2823517265982339,0.5954397526904347,0.6855074027880894
516,0.020153065892221284,0.9732681420261011,0.0196143369970518,-0.01402385684847666,-0.020439570466397432,0.47517258984884886,0.23351680030671984,0.4814190367074876
517,0.06566804107569355,0.9125270980778066,0.05992386695925685,-0.04391736612833194,0.00701624510412689,0.2574368325471589,0.6203889784009765,0.7019363755031133
518,0.07380740940215152,0.9179570053486406,0.0677520285073401,-0.05076651679449255,0.02886899261043466,0.273706430088215,0.6452940427893809,0.6599410511998628
519,0.22021016646470692,0.9378602014541423,0.20652635108284026,-0.2932197018091934,0.19933166708744307,0.8083305173741854,0.9061883163339294,0.9062938814225041
520,0.1044283397273119,0.8961141396129765,0.09357971180595172,-0.06847516062244363,0.04178414069405114,0.25138025415048343,0.652937820954032,0.6925265152359344
521,0.13920526359595886,0.9430232717481449,0.13127380312082407,-0.18604161429258,0.11628385510812185,0.8464233389934719,0.8859633603244963,0.9015197202743286
522,0.204276390993523,0.9464981690175063,0.19334723004887372,-0.2906803283681871,0.19387919729497763,0.914794827206979,0.9353468215840781,0.9335534567598086
523,0.17579768431232679,0.9380731306121189,0.16491108407722538,-0.2303172829425423,0.15272358220786095,0.8093533935717458,0.8898512743608276,0.8981648934617246
524,0.22444232814822962,0.9335228222673356,0.20952203560918675,-0.2864235921064365,0.18848117996359157,0.7060937663154517,0.8871709167572778,0.8845666339865073
525,0.34194121694461255,0.898558419826566,0.30725415957132407,-0.2971224865143227,0.21498097413796166,0.19516213431542337,0.7505708763150849,0.7310575953568991
526,0.10422141350228163,0.8957981245516302,0.09336134675346383,-0.06792143737432281,0.04479494792799072,0.25217742323854625,0.6549966731121701,0.6947284859012628
527,0.18213194043816855,0.9348671684239698,0.17026917143699374,-0.23203128370230156,0.15599202472322823,0.7646596501385351,0.880640544841501,0.8883880477496078
528,0.4005469630589407,0.8893269870976471,0.35621722384832033,-0.33061758513817163,0.26480252389605163,0.1965718311902474,0.7398714230245433,0.7398535290216173
529,0.16710893804508367,0.9428642609290872,0.15756104536452245,-0.2261388346233567,0.14501480886225518,0.8431052592300815,0.9016382094169741,0.9070348299287698
530,0.06509430843098674,0.9116479783913861,0.05934309468589442,-0.0426242430566372,0.00675106603412268,0.26014165651603693,0.6268728890374845,0.7093211247251698
531,0.17699186533139905,0.9382617422107178,0.16606469592296322,-0.2310057212862113,0.1536451189019996,0.8041095277590252,0.8884553633673039,0.8918711891569074
532,0.16830771359970764,0.9483142323226016,0.15960860021627904,-0.23821520859950185,0.15045932197728668,0.88392147797824,0.923831475869246,0.9264847908179864
533,0.01841438603319236,0.9760758489169991,0.01797383747963356,-0.01059418312721674,-0.021893303266874702,0.47690876068416144,0.2817146339880087,0.5942470389723421
534,0.1625543113376034,0.932640337643692,0.15160470781134028,-0.19740897251292513,0.1329610216915591,0.721713498991282,0.8544056092950515,0.8573390139286177
535,0.11106714408201865,0.94118732847436,0.10453498861983196,-0.1402039655959741,0.08095547348786741,0.7791060356801092,0.8490078227055902,0.8762988062263062
536,0.4919331328050091,0.8871184574286577,0.43640296193202666,-0.3833035308213074,0.3262525144000085,0.21342711823593413,0.7192524950481478,0.6983191304212364
537,0.23969686556383285,0.9304319207025811,0.22302161501294535,-0.30028492039087934,0.2084940496116031,0.7379486794804099,0.8817713701596602,0.8819797375593399
538,0.020566539772235253,0.9819924423276576,0.020196186621166203,-0.012292484181124698,-0.01863121798221007,0.3973407394612622,0.40119088602306213,0.6877992410398088
539,0.13056884862722545,0.9482339948387215,0.12380982093528631,-0.18145860823775709,0.1091301681194624,0.8925261341605176,0.9013075314243593,0.9198684126927776
540,0.2369500360124158,0.9171870405196675,0.21732750228125627,-0.2256656143642798,0.13551095397084226,0.1741593967236253,0.7869514557022802,0.7562195343833498
541,0.14077951222473148,0.9418008288242224,0.13258626129472187,-0.18634129945334654,0.11730375946099936,0.8290000219399439,0.8838206743527252,0.9006704396963938
542,0.2048473133864127,0.9465575827149125,0.19389977778468695,-0.2906808325653526,0.18810721340760894,0.9092528546395273,0.9314010004476456,0.9278618920653116
543,0.16704512409665556,0.9428534256696869,0.15749906749594964,-0.22610550236668692,0.14646840708845124,0.8442487903576799,0.9029305440715749,0.9082693970424482
544,0.13114061202108704,0.9489212914419421,0.12444211891953662,-0.1817555513214181,0.10895684302872785,0.8757438878440647,0.8967890876240013,0.9114133727964592
545,0.09524704969894524,0.9979270980282028,0.09504961190181642,-0.11602530295283131,-0.12553339126160593,0.028266473748003534,0.918841158022366,0.9203565345845311
546,0.1312313010067055,0.9477734657583058,0.12437754497109671,-0.1822790953078874,0.1085429134856095,0.8988954464620433,0.8984559095740406,0.9172195288567206
547,0.3365006415003387,0.8963432447798871,0.30162007687292713,-0.2906888787362358,0.20312418593915862,0.18525594839955953,0.7423513624293038,0.7426941818220478
548,0.17853866410513583,0.9468384952826044,0.16904728007107317,-0.25267696723166305,0.16205755257226756,0.9113003643978832,0.9259877954215677,0.9299661862672338
549,0.1675590335485315,0.9422738351387453,0.15788649315391645,-0.22703455250399168,0.146478273437395,0.8547157371607619,0.9021113415538737,0.9110513035309157
550,0.1259685875490348,0.9400657099523829,0.11841874968598232,-0.16085028999280768,0.09863252360148074,0.7900769394980223,0.8618542242155438,0.8821381461370649
551,0.20486765160355286,0.9465577873946771,0.19391907101060257,-0.29071091806462995,0.19149233811500643,0.9092545146260254,0.931401743260684,0.9278624235596
552,0.09152031881272116,0.9415813615083195,0.08617382639335745,-0.11275576959913573,0.0629731960289361,0.7801569304590579,0.82222225710971,0.8604764783697184
553,0.1453797756256818,0.9398315284464649,0.13663249673148867,-0.1880650303724927,0.1146873644957138,0.7881452446159497,0.876020728508568,0.8887918855796746
554,0.19631478193107155,0.9486195869963203,0.1862280473567258,-0.2810150394170683,0.17525382965202177,0.8727247907951017,0.9341177684009848,0.9270271046666165
555,0.14624704467366595,0.9400827804254922,0.13748432838583105,-0.18883418079879435,0.11973095135685861,0.7836832608476367,0.873901297570294,0.8834166828714809
556,0.19986284633021076,0.9475313285366482,0.1893763083083806,-0.2854086072538993,0.18170842518305627,0.8933180943554081,0.9338360909201885,0.9303651998642921
557,0.3401439329971299,0.8998826516958216,0.30608962438370313,-0.29673927601423694,0.21138586957893746,0.19217720575540392,0.7376151214732195,0.7187761197502937
558,0.13056995211269923,0.9482341505740246,0.12381088763207643,-0.18145882332007032,0.10949161965352226,0.8925264665189226,0.901307440988567,0.9198686094541516
559,0.211071635060773,0.9420610610145356,0.19884236847542466,-0.2905545483215417,0.19480741999350362,0.8543519498801999,0.9199629758163564,0.9201145048481187
560,0.20681535086185443,0.9467352628388834,0.19579938555731363,-0.2914966984006189,0.190208354884156,0.898508596295578,0.9277103356551711,0.9167584200208347
561,0.11146459585750203,0.9402669005255684,0.10480647006526854,-0.14066818618311602,0.08200922992628043,0.7908528129935389,0.84665958441392,0.8743770237608322
562,0.14534505796203318,0.9392625322103785,0.13651716718568352,-0.1883383683778575,0.12062589393930898,0.7983362713583917,0.8767449155555535,0.8927878926242295
563,0.2233476313897676,0.9373760950535226,0.2093607305515939,-0.2959694973898948,0.2005475269062639,0.8134595080965156,0.9051723841183541,0.903633549243468
564,0.11146636117755872,0.9402673783981783,0.10480818320400762,-0.14066996499291337,0.08303150459236898,0.7908518307871545,0.8466584521021328,0.874376761445827
565,0.048424007639940474,0.9103610383568008,0.04408332987649386,-0.02971133602186291,0.0070881140251117004,0.30944757782691973,0.5514820138896014,0.6733411273996825
566,0.14607262665365986,0.9399711466812212,0.1373040543743786,-0.18854420138521352,0.1147661478918141,0.7852424863166112,0.8756312225740278,0.8851737480479313
567,0.017113707670370855,0.9727683089778169,0.01664767247084735,-0.009491168462810902,-0.026479517192384585,0.5316750673026984,0.20782372701998947,0.5390855614619001
568,0.10605311888257965,0.897031378116703,0.09513297538481495,-0.06951831694076459,0.050929298671741736,0.25493334692953606,0.657480893634951,0.6868786655225442
569,0.15848857125904853,0.947412103781621,0.15015399072187852,-0.22302523303736238,0.1420331768541667,0.902630366841958,0.9171165461172655,0.9257711568619978
570,0.02119194435197651,0.9813889517952685,0.020797540054089892,-0.01346997570357835,-0.02667432075125906,0.38581087845900236,0.3885134734108474,0.666972139768245
571,0.33971609880065257,0.8972187093094629,0.30479963969756746,-0.29380019198118235,0.1964957528588622,0.1906039929302677,0.7470220279534001,0.7374493730277658
572,0.09626218486587024,0.9962316933402178,0.09589943943355499,-0.11789236279268372,-0.024472299459674742,0.029381353764469893,0.8982961608317749,0.9015002711283727
573,0.06379191939337017,0.9032736543543419,0.0576215601487271,-0.04043828048988536,0.014431494466890573,0.2802572566430869,0.5880329826521045,0.6784126594311934
574,0.0705025418326953,0.9208314503724401,0.06492095785074445,-0.048423252877412025,0.01267478872976491,0.25103987323872134,0.6647038863651288,0.7076523319222674
575,0.1389483464034137,0.9435716358357739,0.13110771851254482,-0.18558905151599112,0.11550757913482709,0.8372061530921573,0.8863133846754575,0.8999918561554388
576,0.1447367301785028,0.9397458817605445,0.13601574612473513,-0.18768354254025332,0.11653713329406118,0.7902874345619044,0.875533323044754,0.8915582804676119
577,0.21202824090276884,0.9422239083558257,0.19977807782521742,-0.291045050364478,0.194955554768642,0.8496869183017146,0.9182363603951968,0.9148512246422961
578,0.06603382156446114,0.9126100200535164,0.060263127222153205,-0.04454277915990067,0.017535329254071284,0.2559617500077025,0.6153016009312888,0.6968137187630077
579,0.2360740842126806,0.9319195882421673,0.22000206335412803,-0.29625224137872813,0.20351868702563622,0.7200622413236935,0.8811936326207884,0.8730342040632199
580,0.18210709732615737,0.9408814880121372,0.17134119670980605,-0.24531449066325436,0.1608302192277698,0.8370884311409574,0.9047304756607084,0.9105752164620105
581,0.3345483097919144,0.9501696197696653,0.3178776403095675,-0.3033689793993664,-0.18312159612986303,0.30488465323970965,0.6162618649611061,0.30505675968575247
582,0.21835727764490576,0.9385258278743953,0.2049339447740844,-0.29098796023592943,0.1928187948467134,0.7980331591192767,0.9055756094271147,0.9024544909842067
583,0.17578826561464833,0.9380300297714568,0.16489467202798133,-0.2302472168053102,0.15400112943542732,0.8091694661349472,0.8895755069892174,0.897953329245736
584,0.1943699752124035,0.9484822925743374,0.1843564796970776,-0.28011447312109256,0.17205681318143595,0.8826863306805166,0.9378288219246628,0.9380268712160797
585,0.1970949044479065,0.9480463794482957,0.18685511056954554,-0.2829469996816181,0.1794959813388551,0.8891499462202058,0.9371906953188908,0.9354489697749586
586,0.3669181518433095,0.9602329600286468,0.3523269030327416,-0.34816590338272785,-0.9439725475962468,0.3110319931926015,0.6568238060690614,0.3112600175900284
587,0.3295117664633578,0.9544928106208155,0.31451661210424015,-0.3065605734290603,-0.046793420952468384,0.2758324463950394,0.5579761140473641,0.27610507711909993
588,0.4996077039339887,0.8852414308016294,0.442273438670041,-0.38886811165257057,0.3332263479712318,0.20991140270625375,0.7222743669205175,0.7111001231713752
589,0.20482211637315173,0.946604395101731,0.19388551557286365,-0.2908833828283167,0.1885617878173493,0.9108851462277777,0.9332299500116982,0.9295304720643037
590,0.14410938027886747,0.9408193330845973,0.1355808910451987,-0.18680902308857714,0.11535733098612651,0.7748653352495792,0.8764120424575444,0.8890158410630311
591,0.09724652303923591,0.9978924993599069,0.09704157592968389,-0.12158875353009813,-0.012904371631407846,0.02742762213801717,0.8932895251210808,0.8946448807489499
592,0.12190248015263061,0.9344665392136435,0.1139137887497886,-0.14590793038939698,0.08949378823559001,0.7141839652624286,0.8356470000062337,0.8597818370380185
593,0.06565098453529632,0.9125285433704369,0.059908397288829025,-0.043909296423646986,0.015445723787825157,0.2574464515276997,0.6203949935748512,0.7019352323546705
594,0.06672008263899921,0.9185176380552872,0.06128357271642714,-0.045257825892497966,0.016063887500562153,0.24155386781387042,0.653221463393413,0.7292808229524619
595,0.1290734679180741,0.9497113745409937,0.12258254063324699,-0.17958003703689115,0.10449543624981732,0.8677481542011607,0.902965371908459,0.9209891845027696
596,0.20188200206764365,0.9477691426459367,0.19133753201529585,-0.2864173004429641,0.1816533905589475,0.8827771225034227,0.9299436943786539,0.9191149737602352
597,0.14540432218630547,0.9398174574370856,0.1366535203774964,-0.18806672338779692,0.11666900229681042,0.7875776272017125,0.875323341530961,0.8881449884072218
598,0.019308292566857257,0.9710121003136186,0.018748585718813895,-0.012062687249752888,-0.022519036973328094,0.49819463363154254,0.24396979898378524,0.5047315193809883
599,0.17751089835381367,0.9440376811566047,0.16757697686196002,-0.24380181067728213,0.1592010970590476,0.8628467775643777,0.9112369321570787,0.9126368766952742
600,0.13291108326092294,0.947922949192053,0.12598946602500458,-0.183406373548175,0.11106468930551987,0.888718598003866,0.8955041338812074,0.9067006941071583
601,0.019816994815619375,0.9772640131304343,0.019366435881697203,-0.011971146385355036,-0.018481587696682882,0.44757840520502845,0.3299052023902512,0.6059252760674125
602,0.1319557586639782,0.9489840167297772,0.12522390588756713,-0.1823060849010962,0.10811651144108378,0.8709676906873033,0.8953571175856188,0.9063128256551252
603,0.13160308668266885,0.9477429837432554,0.12472590204245486,-0.18245454918154666,0.11116270450767096,0.8969990094379964,0.8983472681036562,0.915247046157702
604,0.34054186590853747,0.9015871124678575,0.3070281575588946,-0.2963795230727121,0.21960274324183682,0.2007958689014113,0.7394480666785891,0.703930145641737
605,0.2395800875405126,0.9303702154233576,0.2228981776562136,-0.30017200041944275,0.20894040483417456,0.7386368812121645,0.8825918520563355,0.8828035868223911
606,0.21341488627090516,0.9395332987335676,0.2005103920969527,-0.2861716748540616,0.1878402930367209,0.7854257661207436,0.9071110226315726,0.9040404985429125
607,0.13167457104014893,0.9488224246643583,0.12493578576095339,-0.1818519636528423,0.11079495502506931,0.8739690377664533,0.8984282178741013,0.9094356842448992
608,0.2134408389863743,0.939519046631264,0.20053173355665552,-0.28610152922427196,0.18044098132551892,0.7848507440573688,0.9063721567920828,0.9033675083710925
609,0.1662102273467779,0.9427202691448228,0.15668975025897663,-0.2255688294829035,0.14619990336657943,0.8479526656752726,0.9035797852415018,0.9124846350587105
610,0.14479982522449325,0.9410323219890133,0.1362613157546082,-0.18739380807324388,0.11666991336179622,0.7724321414442963,0.876536189344427,0.8858503272570664
611,0.21431117333744706,0.9416689635673676,0.20181018047758026,-0.2933942990845953,0.1978651772743287,0.8574361303839266,0.9160134524804338,0.9144601819335293
612,0.20893881337825831,0.9426222236635445,0.1969503688762362,-0.28819652473015145,0.18697969011246116,0.8454873252421756,0.9207961354758636,0.9191700470466875
613,0.0716176885966664,0.9165445555150797,0.065640802561849,-0.04868686765589881,0.02259559622607618,0.2708680320630701,0.6417904887779279,0.6714969656579707
614,0.1995547156688809,0.947551017683221,0.1890882739155339,-0.28538608072175287,0.1828425634699552,0.8948600327819104,0.9336471197039933,0.9320388365396031
615,0.16664804768062208,0.9428253156440116,0.15711999815594083,-0.2259018743625295,0.14494040300896677,0.8459615376021892,0.9031522584857031,0.910229478372559
616,0.2000566105149095,0.9476967254576372,0.18959299469113364,-0.28580031037284775,0.1788653834412475,0.8927227038955382,0.9333787106194428,0.9297512850696256
617,0.07214711388845742,0.9264375862194117,0.0668397980435195,-0.051571996057674915,0.018564481577931946,0.23398883021526168,0.679847301603215,0.7199628556499854
618,0.4909997884591647,0.8874024045195129,0.43571439289723496,-0.38310371073917876,0.27916407980137176,0.21307755698377281,0.7187391712989567,0.6975985860991358
619,0.20505470721142402,0.9466790990945463,0.19412100548800684,-0.2908601900429279,0.18803871827639335,0.9070157377162659,0.929119225464782,0.9255784393951179
620,0.1344753839859126,0.9812536084362019,0.13195445578202056,-0.16806596845686506,0.052284264238728693,0.11702371848480679,0.7455272289665145,0.6459123480043008
621,0.06827009086971754,0.9079116221521661,0.06198320894600104,-0.04457844731015528,0.019230293113515717,0.2871343910385429,0.6049764019305988,0.6549019660264339
622,0.22012781701000755,0.9377919449477238,0.20643409365091162,-0.29308899979619946,0.19805688582069533,0.8088798902835554,0.9067634412577157,0.9069061998915153
623,0.1663399656070377,0.9428183236696374,0.15682836753289242,-0.2257815240887893,0.14493761229193491,0.8468752734576963,0.9024746875361414,0.9113273961399057
624,0.1884695207096606,0.9323031051317014,0.1757107193803001,-0.23412978427640274,0.15933929233314972,0.7240217586759314,0.8715619910295873,0.877301621569121
625,0.15770809298991298,0.9476804541607842,0.14945687718951192,-0.2222896139445833,0.13885036989627858,0.8993912633827784,0.9176048014662832,0.9271472234937094
626,0.15771809545415247,0.9476803096417805,0.1494663335361031,-0.2223019320017202,0.1373349109669417,0.8993917928465988,0.9176048940774674,0.9271472319152704
627,0.22372226227644207,0.937471816090604,0.20973331551619456,-0.29597535333810654,0.20092794906033984,0.8104534319989742,0.9032320703869091,0.9001258901443145
628,0.16510437116510712,0.943917803667908,0.155844955406139,-0.22387244239925902,0.14230219575529457,0.8272199859992311,0.903015970921804,0.9065904465024879
629,0.14610843506312035,0.9387017046738184,0.13715223706097499,-0.18902157129220276,0.12133388285958939,0.8035837429503153,0.8744034168093309,0.8907131561231914
630,0.3382670669417238,0.8952799666741933,0.3028437284185636,-0.2911779385375485,0.18433377616817756,0.18734608025987742,0.7516609316210353,0.7518506740423962
631,0.018981500353946246,0.9800454802613092,0.01860273363046346,-0.010950381779023117,-0.017943221252380633,0.4373033673020891,0.3363410894215772,0.6540750725835689
632,0.1352964543477153,0.8911025392942823,0.12056301402676206,-0.08954177479695759,0.07236536527794694,0.23573267877222806,0.672340536373334,0.7075663986336458
633,0.1820764556926078,0.9408613249288961,0.1713086953413044,-0.24527653730426774,0.1617257869226538,0.8373955566330935,0.9050608320699987,0.9109094310607335
634,0.16474908860619555,0.9383512268963868,0.15459250942368513,-0.21480212361347653,0.14038530142938366,0.8069508259944831,0.8852047377681822,0.8950474988168303
635,0.13104774244650952,0.9482850247962463,0.12427061169538038,-0.18181697419816265,0.11011388554128522,0.889090355951563,0.8996040712434319,0.9162768800278371
636,0.1612178241983558,0.9323056098033631,0.1503042819004195,-0.19646513730214007,0.12986379690024874,0.7265113761257174,0.855427146632482,0.8639575654639884
637,0.3389871101366252,0.8969663801838562,0.30406004110823487,-0.2924870344839548,0.21624947121608387,0.1909360677927146,0.7475090817733934,0.7381381835428256
638,0.33379625512558475,0.8962327199462117,0.29915912563906244,-0.2861109746957357,0.11679031488039554,0.18422274892666327,0.7318853335723796,0.7338445178504077
639,0.026949807901375744,0.9743177897049072,0.026257677267440258,-0.01853160294068916,-0.013308333919133088,0.37651554201371085,0.46188142371357543,0.5940240554024331
640,0.13512732223706242,0.8906164949361078,0.1203466221008745,-0.08891820543299368,0.07343399650728484,0.2361920320970294,0.6720447634208608,0.7078406209974357
641,0.3423458508500691,0.9019488204148568,0.3087784363481403,-0.2996252835380635,0.21919609676467505,0.20076157529684868,0.7420641507314313,0.7056600813106099
642,0.20504335015524794,0.9446897546556452,0.1937023521519327,-0.2879799511935223,0.1879057510871143,0.8766536691696944,0.9286643087895988,0.9287858777214041
643,0.17150931588652313,0.9469083780878689,0.16240360813306756,-0.24210849400768253,0.15550067450439148,0.9094428661001984,0.9227629784136876,0.9280527985659848
644,0.1321083063460459,0.9478249884382574,0.1252155539350387,-0.1828573726602925,0.11094702222319568,0.8929965983979415,0.8961277334744031,0.9111310673944101
645,0.13165720498187605,0.9478241966019659,0.124787884538807,-0.1825898680662893,0.11200657741436312,0.8967079293908544,0.8981328954783918,0.9149508118833991
646,0.01844499187167522,0.9771041486967754,0.01802267808049216,-0.010706077866377794,-0.01597552119441276,0.46712438690248,0.2861518510055086,0.6058173332551359
647,0.1676351744051124,0.9423432050439218,0.15796986752701045,-0.22717526003666663,0.1479586825836872,0.8540995157623239,0.9015026042263751,0.9103973457127345
648,0.14611345562319658,0.9400406055535594,0.13735258130355285,-0.18866311828548551,0.11898316073502913,0.7850198276508399,0.8754573786975789,0.884931872370536
649,0.06428676352268368,0.9075637750118217,0.05834433778593909,-0.04123596880672412,0.016577051892116865,0.27062142413741247,0.610878121490434,0.6971776584735005
650,0.16961755609480314,0.9476475301405289,0.1607376581017128,-0.24007281402789324,0.15295400536187181,0.897900623262274,0.9235970284957569,0.9287651836648624
651,0.48315066835574266,0.8916746587872744,0.4308132073489504,-0.38145739159321373,0.30593882351042895,0.21880702834888,0.7151296261472079,0.6749149513035851
652,0.02025770575926514,0.9699830945647784,0.019649632121154736,-0.013698088164678523,-0.017120360393453552,0.47523159305544216,0.23166703692839805,0.4814567962045935
653,0.17313917606612517,0.9267506792107544,0.1604568490172719,-0.20183766263988417,0.1385021213391743,0.6738697109185617,0.8431053338077169,0.8532631907012252
654,0.15703581863802224,0.9339813714958991,0.1466685292655213,-0.19287012466174785,0.12589876001380662,0.710748169277588,0.8615726906593938,0.8725858200471457
655,0.023740159271240114,0.978927838465499,0.02323990280022176,-0.015600202601122297,-0.015371333216762923,0.38516419236587757,0.4372682134111627,0.6346441495588144
656,0.13009391769747536,0.9497447309763969,0.12355601286525426,-0.18033016497806806,0.10720672811110597,0.8599740754508428,0.8980386475553014,0.9125329193053542
657,0.18685197629209657,0.9446973304937326,0.17651856320062187,-0.2606714785728509,0.17240815195231488,0.8898393927711334,0.9214311605600611,0.9245603241955136
658,0.17063812594683936,0.9276095987011436,0.15828556353266288,-0.20004809081128608,0.13289010519972796,0.667023602916382,0.8449393105560369,0.8574246886526902
659,0.15729911695956228,0.9478929164924057,0.1491027187364795,-0.2216702295560085,0.13912148486419765,0.8949925738295347,0.918669601391311,0.9272322059585395
660,0.11040728953280783,0.9410884331508902,0.1039030231148668,-0.13969263500259743,0.07922262621706697,0.7829623786978519,0.8505107195724356,0.8809817125524204
661,0.0995479864706201,0.9499093703955122,0.0945615651524477,-0.1341705973023945,0.0753112153762025,0.8638240240485077,0.8670644379353434,0.89839834140783
662,0.09951761091273782,0.9498341643227429,0.09452522679669621,-0.13407742784876311,0.07262860863685644,0.8640907933378297,0.867257460753532,0.8986717549054427
663,0.17054214884646202,0.9472446450746512,0.16154513725433522,-0.24102267145439396,0.15408456307823915,0.903467805341968,0.9229602558809157,0.9282393271630565
664,0.01844439490888971,0.977952957153034,0.018037750544047056,-0.010687035643427333,-0.020764717988894774,0.454304302308361,0.29338810452373976,0.6249560823080029
665,0.37423124275083663,0.9562876178915412,0.35787270367078866,-0.3500146096835532,0.09959463815986005,0.3279715044635679,0.6876809708676441,0.3281375567645119
666,0.5020771188725188,0.8831614403307907,0.44341515146058735,-0.38838661330204294,0.30021974176243366,0.2057896887077991,0.7217728018262396,0.7217381085240542
667,0.20432377219546977,0.9465287592308074,0.19339832657753614,-0.2907114916507255,0.190975922893879,0.9142250152957523,0.9347672468917161,0.9329722762376735
668,0.11138655634827682,0.9402115305815161,0.10472692463041763,-0.14052933032019838,0.07951144965099466,0.79162637595289,0.8474835641585503,0.8752327871351371
669,0.16022363878857218,0.9334651199334176,0.14956317819794313,-0.1955608964687643,0.12964709152586004,0.7135718943931944,0.8558822741823514,0.8615327686181472
670,0.09851083304291812,0.9516095937002512,0.0937438538070446,-0.13285638935008723,0.0717299752031389,0.8400862453220429,0.873459657350152,0.9072784345093623
671,0.17090545472184845,0.9473356265548224,0.16190482603055914,-0.24132866001895154,0.15562298169451672,0.9017564224892523,0.9225168330331512,0.9264516036081736
672,0.2228708788688194,0.9372603978701858,0.20888804860226765,-0.2956843636536976,0.20144968369593946,0.8155510303440747,0.9059742286354681,0.9061183683233122
673,0.10363046395107497,0.8980716864386875,0.09306758552696551,-0.06803952366433458,0.04848018400051905,0.2474075649333995,0.6655584830221983,0.7044407817541677
674,0.15381842162091494,0.9440080561308535,0.14520582919147595,-0.21007427698379016,0.13313143983192144,0.8698198292639543,0.9018991324221108,0.913988454672015
675,0.1271977389096278,0.9045291010219847,0.11505405642795474,-0.0907218286785721,0.05848087907596249,0.2100149208235552,0.7141151260717288,0.7451813703924424
676,0.1597726100145475,0.931910974846581,0.14889384875243958,-0.1953817385634437,0.12832991916024092,0.7325711776716668,0.8578625562244331,0.872113415397871
677,0.2201908778199856,0.9378230618816441,0.20650008323554586,-0.2931519743181968,0.19860144115289072,0.8084514382017268,0.9062837842986866,0.9064253412840655
678,0.15885830263067016,0.9471179253259399,0.15045754600836062,-0.22352257240561793,0.14064556405953538,0.907619743433638,0.916480537782701,0.9261899738760112
679,0.026775970225333713,0.9757621735608525,0.026126978906272292,-0.01849395725162018,-0.0187039189273372,0.3778762603930459,0.4656956843059715,0.5971555495396503
680,0.1321194994745764,0.9478247008485071,0.12522612506574488,-0.18286353669867988,0.10390140606964827,0.8929958261536767,0.8961264799646084,0.91112950338104
681,0.13218567025402891,0.9290592560453373,0.12280832046606237,-0.15132990651978032,0.09699451585406495,0.6623153228272403,0.8246386503649112,0.8463507487357259
682,0.20909809908967286,0.9434903426530706,0.19728203715822115,-0.2906826243922852,0.19414438102641668,0.87197065019484,0.9238708633099714,0.9228303455316744
683,0.13091201777938954,0.948734032680236,0.12420068655414701,-0.18132636859587015,0.10726306860905363,0.8780527444752899,0.8990648508875373,0.9138122526259742
684,0.125182982278597,0.940456600587586,0.11772916196514535,-0.16010481477387475,0.09814301101241939,0.7864628885635049,0.864181705211525,0.8859031285433844
685,0.1007847591461349,0.903940838638409,0.09110345970452724,-0.06810233197830498,0.04522836506473297,0.22948091355129158,0.6874649251841009,0.7336530346278486
686,0.1831888455306458,0.9442464247888945,0.17297541245351736,-0.25421253641202696,0.1673375277156898,0.8836064877575505,0.9182343938336969,0.9220946555543578
687,0.2404995238509478,0.9306912919536574,0.22383081256707807,-0.300878317266788,0.21327996168012608,0.7353764340139665,0.8812058963703219,0.8784257841050018
688,0.2182705997730974,0.9384660671904942,0.2048395513523691,-0.2909114772496591,0.19543455566672982,0.7988674247132425,0.9065178728268356,0.9033981747587065
689,0.13848336497013283,0.943452457422589,0.1306524709932211,-0.18518566749958934,0.11610319433717049,0.8398964061023498,0.8875261921828975,0.9029952723075759
690,0.20653838337282074,0.9431253523076885,0.19479158558355197,-0.2856823616882268,0.1858016522172319,0.837860149679195,0.9210860921232211,0.9195098557849337
691,0.020002509689279968,0.9774509026283364,0.01955147115061875,-0.01236445969353038,-0.024487073435785395,0.44321260587292327,0.32667686339749796,0.6000148484828582
692,0.24322720598938055,0.9270783995128459,0.2254906888466162,-0.2951818091696642,0.20484634992023731,0.6616492087567832,0.8673726705726535,0.8675488180005596
693,0.15870031513504967,0.9477866565744976,0.1504140410791679,-0.2229230673069767,0.14047878014981577,0.8936426774340476,0.9153687113971114,0.9211174588475665
694,0.022395872960289907,0.9699888760175248,0.021723747640182887,-0.01506618566571913,-0.02201109395512258,0.4743964752533811,0.312949927767963,0.48000176338899764
695,0.07034717823576409,0.920825218304065,0.06477745575602244,-0.04813857306103757,0.008819552735909411,0.2516585895105728,0.6671021042676577,0.7099281781973706
696,0.017410636743897662,0.9718558108174945,0.016920628489589522,-0.009925139689385243,-0.021569250758633873,0.5233337190566543,0.20396186736089805,0.530597196162763
697,0.09837523131199827,0.9524308428619598,0.09369560447522678,-0.13250742075348698,0.06783775028290502,0.8263276434036497,0.8755893963218372,0.9088366211678127
698,0.23869868707704892,0.9281329249892332,0.2215441106279111,-0.2911543825661929,0.1996495330112498,0.6525450251136364,0.8694686022564756,0.8671407538106107
699,0.2233075270022717,0.9373449552003298,0.2093161838938408,-0.29593252091210626,0.20136355225197722,0.8138934007139363,0.905653056851489,0.9041156641681406
700,0.025587042111932544,0.9863347227934144,0.02523738808857641,-0.017549922059349184,-0.029866752844586914,0.3050358013561687,0.5220580984487093,0.737428387535257
701,0.17478193542780027,0.9386346116837062,0.16405637408959992,-0.22919083097469845,0.15191034114275084,0.801727253794969,0.8909621979081793,0.8975491548057125
702,0.15587379213537286,0.9486478057493836,0.14786933088305698,-0.21989589156004233,0.13542347710392266,0.8814622397887943,0.9193853719375576,0.9268942701888319
703,0.19483571561598464,0.9487100294688199,0.1848425975036194,-0.2805798847012231,0.1741990731998519,0.8784744524874815,0.9333685912419227,0.9335467676772129
704,0.018714453884456646,0.9794357931432572,0.018329605983565707,-0.011450388718617564,-0.017703352965003628,0.4463353507459272,0.28919957361132237,0.614473536170731
705,0.144675980968283,0.9397736399395233,0.1359626732463845,-0.18766878913791613,0.11644637468288997,0.7914314268530012,0.8769365780440429,0.8928643802748978
706,0.020918218314358146,0.9822318533261152,0.020546540343192286,-0.013061556520689124,-0.022726382375888702,0.39020180586992576,0.3940566929218204,0.6753967523731791
707,0.15773500168845514,0.947615229113101,0.1494720897641608,-0.22221908263158896,0.13786479283611058,0.8987555255393473,0.9168387331484688,0.9264869939844447
708,0.4004670015924268,0.8929182129285428,0.35758427939876164,-0.3330304472186002,0.2720745815064141,0.20432664920842358,0.7378865057552064,0.7175452318745658
709,0.4934349746206564,0.8872076581115669,0.43777928826353296,-0.3864101691210572,0.3024395963701579,0.2138407331094717,0.72274434617085,0.701049561429746
710,0.1303756577640988,0.8978097979678415,0.11705254295710997,-0.08903690492118123,0.061967883707222636,0.22320753060141554,0.6987261916744164,0.731813616182663
711,0.12187135745015468,0.9344060485121363,0.11387733354180912,-0.1458173866412118,0.09022021114290518,0.7143620189433405,0.8357904562517577,0.8599854466489192
712,0.20593714999107515,0.946707428215118,0.19496222964200177,-0.29117937670410976,0.1891257082145502,0.902724114649968,0.9284063444773747,0.9211294177931922
713,0.1440418919341874,0.9408479833082236,0.13552152353818128,-0.18677334674618956,0.1143167105896914,0.775958710454162,0.8777849916746066,0.8902876097309118
714,0.1320254695979195,0.9478728470163656,0.1251433577464526,-0.18282682055541957,0.111150705429416,0.8945246062348375,0.8978063517078592,0.9126927862975328
715,0.11951123032533732,0.9436101014200883,0.11277200416813109,-0.1577284675925003,0.09581585093815373,0.8408789411821004,0.8713568642036126,0.8950387433184785
716,0.09185459418690908,0.9998111170386481,0.09183724441914529,-0.10790137574703243,-0.04921824133505452,0.027880784460001383,0.9686890612689929,0.9685421594558261
717,0.2432495190133521,0.9270815605167532,0.22551214368184808,-0.2952779846969827,0.2048427232101012,0.6620229776677691,0.8679283811773774,0.8680550614003123
718,0.033503173411433385,0.9259733300852772,0.031023045052209486,-0.02002835493789189,-0.003730046265352911,0.36486445984306703,0.4682984304005706,0.6380966957942289
719,0.10462349534658147,0.8959987876110248,0.09374252498616469,-0.06870061955527257,0.05133524998308448,0.25086379092246736,0.650078748006704,0.6900941017578802
720,0.06868277093083597,0.9198856052903246,0.06318029231072875,-0.04701378310769067,0.014622487982819466,0.24618502099309703,0.6588418971063267,0.7176224202112206
721,0.22001895628981755,0.938794400873112,0.2065525642508267,-0.2916351127984892,0.1942492403103075,0.7901556363217385,0.9021349870207203,0.8927910701507522
722,0.18506046305166882,0.9225573736182809,0.1707288947535305,-0.20769622607292162,0.14752990144470865,0.6275016416602893,0.8302130926651208,0.8394078243535822
723,0.34362487051291146,0.9012887278827341,0.30970522241345116,-0.3002094391657195,0.18283582443161972,0.20257707285342652,0.7500384786249844,0.7128992894886816
724,0.14529122874990896,0.9398590484851593,0.13655327600612904,-0.18801173480987435,0.11622584041934943,0.7892766246244259,0.8774162012306042,0.8900838898057984
725,0.2175241214165137,0.9383684898585346,0.20411778132141847,-0.2905149427176767,0.1929729528786291,0.8011740583209581,0.9062101660407661,0.9063789957114871
726,0.02399993207606317,0.9782227825152146,0.023477280335622665,-0.015997301725365457,-0.02178068845332516,0.38134445196368383,0.431885041610567,0.6277504467155048
727,0.14881330338768517,0.9473709082833957,0.1409813943950438,-0.2080556600464934,0.13045305119885614,0.9023898043454645,0.9105963346601603,0.9207840322250471
728,0.19896826794485817,0.9475344927884809,0.18852929684813374,-0.28517949304229573,0.17897673785351004,0.8982926689739412,0.9354936901347682,0.935690389808399
729,0.4008220694344861,0.8907692619103482,0.35703997894753553,-0.33192988483359454,0.22217522111131913,0.20141682411569176,0.7423793782387483,0.7317664150572654
730,0.23150375628672418,0.9330542127083712,0.21600555506114008,-0.29199413797442,0.19790418762421846,0.7081614074443875,0.8824818134656861,0.871703221520435
731,0.17435089940772436,0.9385204009216674,0.16363187601319076,-0.228849248016123,0.14842409100210754,0.8034096556807123,0.8913124635835085,0.8995978395332241
732,0.036373554316400575,0.937046349318557,0.0340837062839234,-0.022872436666400008,-0.004373755913375196,0.3105477154601812,0.545005251507664,0.7021822238127416
733,0.16704194460307484,0.9425112684705576,0.15743891509563268,-0.22639291029299588,0.14646419639990343,0.8512006449651113,0.9035926272317877,0.9115905249815113
734,0.167934135133019,0.9423040335576983,0.15824501290786738,-0.22721031224062335,0.14782041494468576,0.8529457896156786,0.90189004803184,0.9090623956779035
735,0.16044712249303347,0.93208146354868,0.14954978875548097,-0.1958439196193331,0.13139213612266984,0.7298449600198175,0.8570172066603862,0.8683933899231128
736,0.12018608382664314,0.9360193213298718,0.11249649661670957,-0.14436222726061185,0.08752313759856618,0.6984253653128973,0.8408033595195799,0.8671026962533573
737,0.23464148953309644,0.9315725099576765,0.2185855613445545,-0.29557655026178076,0.20041177213763312,0.7254375883193468,0.8832533105514475,0.8806323161133747
738,0.20991910652492055,0.9427333472207619,0.19789774193983004,-0.28845966839253145,0.19222389898106276,0.8392696802576927,0.9170474893358579,0.9121278342907604
739,0.08238923002517069,0.9526218372935416,0.07848577967977834,-0.10755282402562276,0.05382485831811757,0.8199443566226122,0.8421511258200206,0.8836645925730231
740,0.0199149589892977,0.9762386684599259,0.019441753046146017,-0.011996643907313096,-0.021216741510541353,0.44620819727217725,0.32793391242551184,0.603638777927486
741,0.13853319518961205,0.943481094003462,0.13070345055329033,-0.18526416704571386,0.11475469411255174,0.8394401136962379,0.8870454765864769,0.90250403530251
742,0.23611330130996885,0.931990482575881,0.22005534963046228,-0.29646299507758156,0.2001535403003716,0.7203311326083841,0.8816630994919185,0.8733851421230825
743,0.1590665222992087,0.9477549912686956,0.15075609045282828,-0.22303621099542784,0.13990895385709914,0.8917510909464259,0.9151889500112245,0.9191158217057753
744,0.0195970840287951,0.9702264605459092,0.019013609474278634,-0.012485893198604431,-0.022965880482289765,0.4913826032225295,0.24002443050299863,0.4978075314866266
745,0.10613399384197035,0.8972721360759428,0.09523107536485569,-0.06981877385823067,0.047737623889178536,0.25458309438973237,0.6570734625284232,0.686249754435006
746,0.0691523209105955,0.9146310042927355,0.0632488567236315,-0.04596078674873329,0.015456322558574067,0.26911571008106727,0.6411144128545313,0.68729301418877
747,0.18439470211607809,0.9345574352879461,0.17232743989028676,-0.23390634567059315,0.15727084767901536,0.7670659129345304,0.8785432149713416,0.8832532473879239
748,0.1972859403199033,0.9481206708308749,0.1870508780816067,-0.2830678217282679,0.17601043710808995,0.8871578382572284,0.9350577829675913,0.9333494066441287
749,0.1666240476810092,0.9427868542746888,0.1570909617596944,-0.22583188330292608,0.14392022958640457,0.8460936064459949,0.9032537861877887,0.9103685870054029
750,0.045309902554717105,0.9281982093359212,0.0420565704164735,-0.02946022820442378,0.0018527794783905036,0.29188741853028266,0.5798960779436565,0.6914492473575665
751,0.13006890968915086,0.9487452584592571,0.12340226134054719,-0.18084224440315125,0.10902978379125786,0.8839326521294083,0.9016953675551723,0.9200693544783943
752,0.15942401292794134,0.9331918631046152,0.14877319164783984,-0.19483241891166903,0.125758684739351,0.716914759559334,0.8575934761970837,0.8660631062477805
753,0.04471794204486344,0.9203609020968401,0.04115664548032473,-0.028323584317930847,0.005561336608085011,0.33295904735740445,0.5376906100154671,0.630831677408301
754,0.08472866258849963,0.8983545799104057,0.0761163820860621,-0.054282417970606095,0.03542417824171384,0.26310930180253445,0.6341186047893369,0.6918751715291631
755,0.09903492264422149,0.9497844898036922,0.09406183347639004,-0.13382050717093077,0.07205512813548647,0.8662860434694551,0.8658923360553374,0.9010727249903812
756,0.03377343664355373,0.9295492277952555,0.03139407195200735,-0.02027133199478472,-0.007309828796741349,0.345919863123689,0.4935531697282027,0.6701528992189932
757,0.13892793164718598,0.9435341432404672,0.1310832469588978,-0.1855300885252929,0.11603339007777534,0.8373331075967936,0.8864097868797729,0.9001256315467578
758,0.2717928941974007,0.9078328404225219,0.24674251514588424,-0.24918048208775978,0.1536393591772205,0.17993890972543392,0.773295427866619,0.7555657135492102
759,0.14496232587485355,0.941057125051621,0.13641782962858587,-0.18757129635433062,0.11678397848577804,0.7706020163848762,0.8743272644213332,0.8837338347030637
760,0.503713978378516,0.882882542738258,0.444720278043628,-0.3896402543028577,0.351005314716361,0.20629976506454914,0.7235561500253918,0.7235338733006972
761,0.06599371638997362,0.9062444881679906,0.059806441732135174,-0.04269751058291304,0.01397631447490674,0.2837344780346178,0.5984513700005201,0.6671139498919236
762,0.19903057250152886,0.9476172093229008,0.18860479568383806,-0.28533419208338057,0.17337911498560046,0.8979868504729932,0.9352602632495877,0.9353767951255518
763,0.24114623464563834,0.9308090826834997,0.2244611054630866,-0.301031853710597,0.21416333562382522,0.7327530143530658,0.8803319277500283,0.8747831355938007
764,0.020002221036041688,0.9774479232122676,0.01955112941131168,-0.012364498803338966,-0.022807025578343194,0.4431939086151167,0.32667720529348687,0.600005418203683
765,0.4007704385316475,0.8896988286973244,0.35656498973811984,-0.33124815901170107,0.25801373891252377,0.19587352167580324,0.7372933501812643,0.7372626781045675
766,0.0808102903149744,0.9499689006350676,0.07676726265051688,-0.10663536952535135,0.054157027206425075,0.8706205950814102,0.8368236059621514,0.88810705016893
767,0.14393999594601295,0.9407934800920529,0.1354178097104855,-0.1866213754623606,0.1159006666288326,0.7767234155099215,0.8786466545307223,0.8911660026838212
768,0.05336386778086298,0.9112257930646418,0.04862653273961356,-0.03335678882298199,0.010848068372059391,0.29501417861995716,0.5812000775115749,0.6834954806868698
769,0.10172218624972748,0.8995323144938476,0.0915023936325916,-0.06761053203936583,0.040910465468640064,0.23832272718159037,0.6682997677605397,0.7166864588585223
770,0.06627365644842459,0.9181241342702455,0.06084744345163349,-0.04433476946501423,0.0178664659379578,0.2433759763447211,0.6589244719117793,0.7353655561780092
771,0.20384548691890944,0.9464649850239858,0.1929326157239127,-0.2904998643975306,0.18936729119826676,0.9169388737546004,0.9356219290992782,0.9357757799802753
772,0.10168640308525444,0.9048329590164906,0.09200920899537438,-0.07017515046600517,0.03852715336415983,0.2267684833283337,0.6782963599773949,0.7241887972335916
773,0.19146711542668207,0.9312833489630735,0.17831013647085983,-0.2367178566823353,0.1632939562761217,0.7345325783756134,0.8700923464072612,0.8759207259187066
774,0.2168644640478018,0.9400529060007357,0.20386406963642814,-0.29405496648791507,0.19902852989154973,0.8452852857810785,0.9141186660304293,0.9142784571445761
775,0.14605479920459508,0.9399715238486804,0.1372873521737563,-0.18852834440526875,0.11969533630659868,0.785242006181215,0.8756322301639893,0.8851736358874954
776,0.17426495877562953,0.944590084854154,0.16460895219697755,-0.24102370146169466,0.154612518929384,0.8593691012861912,0.9149415452983829,0.9210134393903818
777,0.019015535283539595,0.9718225855681902,0.0184797266652126,-0.01163568668812173,-0.03274008743589773,0.5052367955856216,0.2481328478678194,0.5119129820328688
778,0.16547226793104963,0.943311031176971,0.15609181569323047,-0.22462038643332538,0.1443050574496273,0.8380965624702624,0.9032068693019825,0.9102837394963244
779,0.2431842065103142,0.9270258956951967,0.22543805685914972,-0.2952010361658385,0.2057957679305939,0.662560445149326,0.8686290946195401,0.8687590019403869
780,0.1110297054046021,0.9411198583629352,0.10449226062445754,-0.14010498912417726,0.08362553451617276,0.7793191484301198,0.8491736726971929,0.8765327642496773
781,0.12308174429482072,0.9337115876278976,0.11492285087352798,-0.14688379770124751,0.09373005932986511,0.7211228809283633,0.8327404938015965,0.8543802372263045
782,0.02651198872811579,0.9763477550557507,0.025884920676759217,-0.018099724374165124,-0.012326312232095953,0.3812312589315575,0.4709168646040377,0.6029560633472015
783,0.03703496888071752,0.9809759265786006,0.0363304129135715,-0.028407201972285384,-0.014992658908966812,0.2724554897023861,0.6272139070295789,0.6838604955515666
784,0.0813225735113724,0.95004201487015,0.07725986159317012,-0.10701412492831038,0.052706750428039476,0.866823058790121,0.8367044367454292,0.8841754958878929
785,0.04372261726505658,0.923366675208756,0.04037200773546025,-0.02770996842890594,0.0017764747506392167,0.3104006784095544,0.5535177951548204,0.6727272305790031
786,0.1046719683117389,0.9063773938720929,0.0948723058498562,-0.07235953211272324,0.046552683323687276,0.23383879686099068,0.6851849722705118,0.7121613734117455
787,0.21369395823402476,0.9415276925958757,0.20119877941776076,-0.2931716821251499,0.1924010804117871,0.8619510988757239,0.9192340737079006,0.9193876488044119
788,0.49855347457375676,0.8849476228859386,0.4411937122055713,-0.3873438618475281,0.3046410587644305,0.21029162373797067,0.7227956431119618,0.7118513506507043
789,0.16520460044229068,0.9433342974004066,0.15584316568554318,-0.22455791820329454,0.1438642788507298,0.8385153044342957,0.9020398984617147,0.9108674339216483
790,0.36983999483679897,0.9565347979708055,0.3537648247427413,-0.34487209638095007,0.21486942843286957,0.31803708136074327,0.6644794412583546,0.31815535292912145
791,0.20056933821433293,0.94719559178707,0.18997839300426608,-0.28704090200032945,0.18382568171970695,0.9051775690622175,0.9363780698061946,0.9365026202973962
792,0.14547273897882382,0.9398876330295446,0.13672802830913147,-0.18821529583848473,0.11567412118509739,0.7873559800191408,0.8751475676566722,0.8879019365823407
793,0.112050207840916,0.9404003188181193,0.10537205117723393,-0.14109816270738765,0.08264093769441781,0.7879979902162876,0.8464841869750085,0.8709408980887784
794,0.13095920351868925,0.9488126621992553,0.12425575053006165,-0.18146278684839864,0.10721820489652721,0.8777732061112874,0.8988562510494298,0.9135242575983605
795,0.2140914461346002,0.941570201757072,0.20158212613141882,-0.2933702449396399,0.19953664954568895,0.8604689752786544,0.9193588917771318,0.9177034136317597
796,0.20103247578796904,0.947750108146119,0.19052855066892974,-0.28612335154315577,0.18700656794356973,0.8867868713765009,0.9306470231381807,0.9234274845921546
797,0.13688041683752136,0.9443618804950246,0.1292646478476245,-0.18354732381556899,0.11137783963167193,0.8277312694580111,0.8896962206982801,0.9066541252067342
798,0.04214055692468577,0.9178153215750412,0.038677248805181794,-0.0260657877919273,0.004010067950983114,0.33082809247740536,0.5212410050717011,0.6490812078935321
799,0.13086199309776686,0.9487577512170138,0.12415633029121366,-0.18130843813537886,0.10821141670920341,0.8787882207642921,0.8998915457693644,0.9145816710824222
800,0.144126781978582,0.9409022490975628,0.1356092133188419,-0.1869196948590583,0.11432775010892035,0.7751938814019045,0.8769233639033761,0.889410119654389
801,0.10446700560719283,0.8959331052021893,0.09359544872482678,-0.0684268714041816,0.04673608963280273,0.251307409768557,0.6517147830165394,0.6916341657955019
802,0.21824085874285035,0.938465690262449,0.20481155814357868,-0.2908687120114369,0.19130702970928853,0.798866096400032,0.9065174457639636,0.9033971642276526
803,0.13855872450852652,0.9435187531423936,0.13073275498528536,-0.1853263264360608,0.11523719212295909,0.8393133698396233,0.8869491311832216,0.9023697987241719
804,0.15968249644300406,0.9222485775119925,0.1472669551981243,-0.17332304354079786,-3.4101048085296353,0.08257647580888773,0.008731856560967725,0.0851370288807024
805,0.03044587924275956,0.9384854576333339,0.02857301491419043,-0.018275677643072,-0.009977376488369109,0.3546662195313461,0.47780125683030905,0.6731548152102196
806,0.13786855412373034,0.9439772006921893,0.13014477178519857,-0.18453741750463928,0.11370256487467487,0.8327705817221391,0.8883916526059277,0.903689921834407
807,0.1604749643473848,0.9321446143299426,0.1495858737512043,-0.19594869637314122,0.1290311103538032,0.729653766200223,0.8568632018190235,0.8681776329610004
808,0.11078189703688089,0.9401580711596644,0.10415249463760248,-0.14014376751639612,0.08126220268388955,0.7948708168859746,0.8481646820614188,0.8791167622071958
809,0.14538162164361623,0.9399150485867154,0.13664637397077503,-0.18816646888016575,0.11555753695621858,0.7884848207219385,0.8765392279673594,0.8891911091485476
810,0.043600247774966856,0.9233689592307703,0.04025911541017485,-0.02752180976834597,-0.0008308020621851996,0.31118752662711424,0.5553846121018791,0.6747311332417233
811,0.13958624341482695,0.9430411048185589,0.1316355652073907,-0.18625096649438935,0.11623078514531188,0.8443982741523601,0.8854253077825311,0.899261219467728
812,0.2094457341690942,0.9427110477700147,0.19744680750950674,-0.28844466690840925,0.18801574491661732,0.842806456194749,0.9194733677141795,0.9161191843186726
813,0.12989212331115738,0.9497413937770504,0.1233639262341991,-0.1801150929652894,0.10608256650222346,0.8623591656104702,0.9006720674658444,0.9150739039495868
814,0.1718740192508502,0.946965251688254,0.16275872389855317,-0.24236207870305854,0.15756435365840457,0.9075347425806741,0.9220942036628342,0.9260817615382054
815,0.1452868214682023,0.9398589498084876,0.13654911944611786,-0.18801282543552594,0.11719244450982251,0.7892747772983006,0.8774137778596798,0.8900824828449552
816,0.20394400370503674,0.9465516731047271,0.1930435379266792,-0.29047874851343664,0.18986548975649703,0.9144767680210278,0.9330675746882299,0.933263535124413
817,0.11244829948204138,0.9483299109810167,0.10663808583777103,-0.1541596184562914,0.08879078438927988,0.8925210497843422,0.8832041157427746,0.9106430837432701
818,0.3422408912532093,0.9009183550796543,0.3083311007888362,-0.29742989502996847,0.1646876547145246,0.20257334194681526,0.7473693785525367,0.7111217547003743
819,0.22878674018713271,0.9341766262310189,0.2137272250744083,-0.2956377334656912,0.2018289616520894,0.7682519225727695,0.8939785957415063,0.8941077956025661
820,0.020240920443282275,0.9760217198245665,0.019755577981884594,-0.012598639866778796,-0.017994820512768503,0.43910693267788703,0.32229816617522683,0.5938273145105157
821,0.1766208739529889,0.938212484406063,0.16570790894940382,-0.2307894846765749,0.15380899872284712,0.805263022905337,0.8882440597122233,0.8933056059510407
822,0.13109329950535079,0.9477406436269021,0.1242424480483754,-0.18211502962358073,0.10816700455870135,0.9007500926578199,0.9003742757618869,0.9191110075504317
823,0.3541145078407422,0.955045736771298,0.3381955510421672,-0.3278459332231377,0.12230705935541909,0.30788149135703907,0.6360217207152887,0.3080664726313143
824,0.1447511301940798,0.9409637617570185,0.13620556798600128,-0.18726344650298768,0.11161026207066573,0.7726472390170641,0.8767084182150998,0.8860883176369165
825,0.2041185614759603,0.9464946048694763,0.19319711719071495,-0.29060627309388204,0.19364292562882568,0.9152099004064952,0.9347904752980867,0.9339929289829085
826,0.23671483411246527,0.9171879469426069,0.2171119927104718,-0.22540035489632182,0.12747153538478673,0.17417026502717844,0.7869550977741898,0.7562206710437595
827,0.06593599005741634,0.912959820125011,0.060196909622583325,-0.04455225526029489,0.01329258100810521,0.25610201079309153,0.6171961666183424,0.6982984581648455
828,0.10039451321227909,0.9490672065231771,0.09528114020463192,-0.13505942293418208,0.07677401662017504,0.8741726442616179,0.8635724186594275,0.8917320127830469
829,0.33727972274723844,0.8956876758236674,0.30209729096992494,-0.29042901710871805,0.17440506971590938,0.1864645704150576,0.7472279119652506,0.747603320525789
830,0.11003285993053964,0.9419901756368798,0.10364987305179724,-0.1392396702186682,0.0775328660734065,0.7714168044522255,0.8527843514700388,0.8827889931141605
831,0.06627388647051231,0.9181215873239288,0.06084748584443261,-0.04433301759403425,0.006874157418951888,0.24338741453244686,0.6589346419300617,0.7353701151151729
832,0.17317942467293332,0.9267453935755033,0.1604932340776968,-0.20185399328905523,0.14014487477308635,0.6731130870329091,0.8420351844439481,0.8522782505030664
833,0.20609641668795903,0.9430596863705034,0.19436122208383122,-0.28543555375940594,0.1855558793062707,0.8396931184225127,0.9214845687220741,0.9216700116838248
834,0.07051217471137129,0.9208327116605084,0.06492991704455156,-0.048431468334358484,0.022673877451521152,0.2510417515256183,0.6647116530061604,0.7076576826434494
835,0.13378369009406008,0.9478699814822756,0.12680954385208723,-0.1838692184562551,0.11386054787207782,0.8825716506508842,0.8926375700871811,0.9003589354852386
836,0.08558631796989688,0.8990412043530238,0.07694562638379693,-0.054859973382782506,0.03419074198421973,0.26533874354114856,0.6381057590182251,0.6887695429811519
837,0.02650496842533885,0.9763365341064177,0.02587776900899537,-0.018095911026803014,-0.019006603053841657,0.38123510716679976,0.47092634600234257,0.6029596149997263
838,0.11208616593873189,0.9403866857906331,0.10540433811010302,-0.14113544246647702,0.08319805147634375,0.7874475742585241,0.8458290782910078,0.8703271160306576
839,0.12938071158639403,0.9498443931365113,0.12289154348034842,-0.1800335777414564,0.10458294420257437,0.864053210335746,0.8990641308534363,0.9170655878304682
840,0.06736013523840709,0.9102313685616126,0.061313308084550586,-0.0437235239050969,0.019286968563918285,0.2774373341292372,0.6242053689975179,0.681306728527259
841,0.10389008171583605,0.9013991455202697,0.09364643088668562,-0.07029870142144445,0.04602006060120011,0.23993545515892625,0.6675979843541998,0.7051598821039448
842,0.27113903671063944,0.9080334268726674,0.24620330866331586,-0.24809912475947626,0.14460503070645508,0.17856164262265425,0.7628883304307242,0.746440336863046
843,0.15886497225942245,0.9471714265639508,0.15047236240599962,-0.22360146242643636,0.14233234695819647,0.9078699369198214,0.9168113934775567,0.9264468161384318
844,0.21253549881521336,0.9393272378033594,0.1996403830372535,-0.28564644193296973,0.18596549466800616,0.7892344516928347,0.9086771302639405,0.9088480053388176
845,0.33948853251152994,0.8965104464966119,0.3043550158623913,-0.29292847819266543,0.18609613091836424,0.19214050317139453,0.7537726100686235,0.7439356601064977
846,0.15949716596668195,0.947805064551696,0.15117222168486355,-0.22330140712789948,0.14187809066082394,0.889584374903852,0.9147918685561856,0.9168334591565227
847,0.13221855209527522,0.9478820732733582,0.125327595285271,-0.18302168624985607,0.11304269209898758,0.8919457957202328,0.8950776948264901,0.9100584891892891
848,0.13033664066574022,0.9488575748676658,0.12367090877849264,-0.1812254302715227,0.10637319959332743,0.8806099823240798,0.8982451224806911,0.9166081384012944
849,0.12136686741077464,0.934312846760666,0.11339462339298514,-0.14550431137745573,0.08890703977584617,0.7162378793546271,0.8357334943078475,0.8627303289670158
850,0.1765653633370785,0.9439164009599167,0.16666294229531517,-0.24327998975205195,0.1586799841736171,0.8681234161851266,0.9134414238463336,0.9184046668838455
851,0.20737233265353808,0.9438199856459639,0.19572215202843235,-0.28892069539356563,0.19009889249117853,0.8670797861273266,0.9246941435138321,0.923660890214913
852,0.12198542189300295,0.9344505097821669,0.1139893396739093,-0.1459914955984218,0.08841495976872867,0.7133222140902535,0.8345137978394612,0.8587217123592531
853,0.20901721463144668,0.9434556375431205,0.19719846948759878,-0.29064578718921297,0.1946951903607316,0.8728981061884628,0.9248761932695017,0.923813669434444
854,0.1991567873751787,0.9476528439871824,0.18873149595543867,-0.28534767233619,0.18165820278738862,0.8960980729669459,0.9332187446187086,0.9334057480903488
855,0.22936538030169332,0.9325578299148019,0.21389648131173036,-0.29086136519194455,0.1916986286300973,0.7154016827787613,0.8849213671410524,0.8823385274047344
856,0.13518439033069332,0.9802678222687715,0.13251690791420032,-0.15578469970478045,-0.0007382854545123529,0.16468528423094408,0.8755814621557257,0.712724272587444
857,0.16747216090272257,0.9422043937462103,0.15779300583271752,-0.2268796472960026,0.14542942030911546,0.855329494911471,0.9027189022998682,0.9117038708854853
858,0.12190902539753637,0.9334051740725855,0.11379051507220668,-0.14598394776075205,0.08932607251227985,0.7262695458466979,0.834035957742773,0.8613735704762076
859,0.15316697625470038,0.9443484900079784,0.1446430027452142,-0.20936528283356778,0.13308079935391656,0.8647079084288258,0.9024893703296595,0.9145054595282515
860,0.09888031857475597,0.9498566714901178,0.09392213027730018,-0.13367182171443345,0.07040323365925202,0.8683828103410125,0.8681964917398058,0.9032637988539469
861,0.2134216457896128,0.9395052077307358,0.20051074766180568,-0.28599082094685757,0.1839487477692689,0.784275235463481,0.905635336812505,0.9026963399349693
862,0.06616134571971868,0.9125336865952389,0.060374456719717015,-0.04355805417635576,0.018313247963051227,0.262354660091499,0.6304703610239459,0.7032532200011615
863,0.1125938006998314,0.9404649657002988,0.10589052491323321,-0.141428901739793,0.08525625846548637,0.7853946044611733,0.8464737239387513,0.8677823147376902
864,0.14704251259009174,0.9390399867679812,0.13807879907693046,-0.18991560690999518,0.12137451017388651,0.7986422733848474,0.8720689310929146,0.884943953703704
865,0.04240280779842058,0.9222393569185543,0.039105538195556455,-0.026504237666653087,0.0003207873189328517,0.3090268988784651,0.5470581151402599,0.6839386983153899
866,0.49893764515164696,0.885450989832325,0.44178483176413513,-0.38860061690681186,0.35388514755989803,0.2119850550372917,0.7244988696067114,0.709875569780029
867,0.2057416960064026,0.9465635629788475,0.19474759282513135,-0.29088704777072655,0.18469687908104074,0.9041325596069936,0.9297676591757057,0.9225639436565225
868,0.13065467352739182,0.94971928292075,0.12408526285267926,-0.18053920396227027,0.10267586644913387,0.8580501691104249,0.8994360208096456,0.9103044916172437
869,0.10583065488504911,0.9928484344106403,0.1050738000152738,-0.12810760817059835,-0.0229036049703778,0.07063456856848463,0.9011267112654858,0.8501087320960694
870,0.33822249708467034,0.8956837913041161,0.30294040849314285,-0.2914481114345745,0.19418326907729777,0.1864371747208749,0.7472277424032974,0.747603615589396
871,0.13321925227526318,0.8951130449859769,0.11924629055486585,-0.09049817826161159,0.06737403290386738,0.2280148068381161,0.6822375514088828,0.7161548459501471
872,0.2049522450505084,0.9466417492233016,0.19401635176185603,-0.29088273337648457,0.1914262987916834,0.9089457278207597,0.9311681225843526,0.9275494480332764
873,0.3417813077638278,0.8979393944796623,0.30689890053791863,-0.2960514231030061,0.19586994441060585,0.1963972960851685,0.7553028354899406,0.7356915397009227
874,0.1440740581781883,0.9409166208530267,0.1355616759736033,-0.18688100821842762,0.11587547226217797,0.7757398943397015,0.8776117173368805,0.8900459884893379
875,0.2228646958443439,0.9373288954479176,0.208897519190115,-0.2957214735468975,0.2026660720872236,0.8149871979326583,0.9053896404050428,0.9054974816424994
876,0.23482339186724555,0.93170359131615,0.2187857975277523,-0.295942136686477,0.2041929357674747,0.7250518921105444,0.8829289433083953,0.8801887390039275
877,0.11068282501733438,0.9420799384002324,0.10427206897429409,-0.1397490309390227,0.0813391223390876,0.7677145550856798,0.8512856342677674,0.8781622497858036
878,0.1224813203414273,0.93461088228679,0.11447237486795232,-0.14635411584574343,0.09061869681536824,0.7117289319521841,0.8349983778902816,0.8563443770370368
879,0.13116517442547945,0.9477695214419779,0.12431435459509023,-0.18222471612144248,0.11064102811510669,0.9002175560518164,0.8998423288490778,0.9185662519900145
880,0.2347968187851509,0.9316965050951279,0.2187593754695792,-0.2958119451320416,0.20418895634364456,0.724582600227053,0.8822882001846939,0.8796062905305562
881,0.21055277953874585,0.9431234234278177,0.19857725825082456,-0.2923742577382948,0.19625088244742517,0.8788166186302464,0.9239006826617822,0.9240430564818387
882,0.14189062054254284,0.9416181122449083,0.1336067782605278,-0.1847477584114315,0.11315660785979349,0.7688746675586596,0.8822997456536136,0.8977002236755303
883,0.1322192716405304,0.9290556519194056,0.12283906161030198,-0.15136411747963444,0.09501348634977402,0.6619589664767035,0.8241360171780847,0.845882432656063
884,0.017408696879706066,0.9718510448219886,0.016918660251531634,-0.009924513734660932,-0.0192832595765637,0.5233500246453611,0.20401114433125356,0.5306185982968334
885,0.14464452339334763,0.9396888082646,0.1359208398094959,-0.18753939116407062,0.11749319814986611,0.7910841342115157,0.8764124435881455,0.8924580874974778
886,0.14632027110892573,0.9388900083658493,0.13737864056555263,-0.18941299769928402,0.12059869288059599,0.8017023395283094,0.8724389397662807,0.8886359155411698
887,0.0434423901916081,0.9230608910364456,0.04009997139901872,-0.027164560275341913,0.0003257344123110947,0.31250871763493376,0.5577239278658457,0.6776034540426986
888,0.24024673723653575,0.9305691291519224,0.22356619705179379,-0.3006237008040104,0.2122272039375576,0.7367408396886004,0.8828369798949728,0.8800576393636181
889,0.13109611322469172,0.9483129426478595,0.12432014090180436,-0.1818891691426752,0.11012126127008431,0.8885691324665282,0.8990795591748236,0.915739475241683
890,0.1229650149168448,0.9357025771199267,0.1150586813532819,-0.14659016871932018,0.08858226630309934,0.6985307605403887,0.8365973676503023,0.8522839831354841
891,0.2029213141833681,0.947900208300475,0.19234915598302074,-0.2869199494537861,0.18041299375221442,0.876763088482948,0.9270742876141124,0.9127197928542508
892,0.17058390548146016,0.9275520599714647,0.158225452927306,-0.19992617352308373,0.1338237901495929,0.6671806316673207,0.8450745920144986,0.8576133663498554
893,0.2086475620810933,0.9426537679618237,0.19668241057179112,-0.2881448229209628,0.1893625597991537,0.8462785541816994,0.9200556055847404,0.9201660124361724
894,0.2792182338422958,0.9113869097098419,0.25447584327617,-0.2575790431172477,0.16118200499365565,0.19513091628953963,0.774511177036482,0.7255668625200326
895,0.09893262985312778,0.9498328821079621,0.09396946494791657,-0.13372030552728495,0.07120027004265757,0.8676828560029131,0.8674287625049323,0.9025326628931318
896,0.21752063614539013,0.9383684720839249,0.2041145069864731,-0.29050840168017494,0.1944906390876837,0.8011714889685169,0.9062089573265447,0.9063777455650882
897,0.13289685342008553,0.9479228696281602,0.12597596665852046,-0.18339078087199162,0.1138457929385645,0.8887167456217927,0.8955040778779788,0.9066997513326345
898,0.14454586624455948,0.9397307494588781,0.13583419521718265,-0.18750203061118395,0.11374754191309298,0.7928048556899159,0.8785232828740867,0.8944224087908538
899,0.09956459516047195,0.9498104303824982,0.09456749098022706,-0.13412175251980615,0.07268580159387864,0.8633987974403683,0.8664953593836263,0.897949837122191
900,0.20572406152997058,0.9466101292677079,0.19474048047836337,-0.29110711233399295,0.18967570606140144,0.9057379239040974,0.9315756811768396,0.9242070294621442
901,0.1003211788286897,0.9490149365495103,0.09520629716068103,-0.13492467725354557,0.0734667342456313,0.8751528827423274,0.8645338181801265,0.892730059070942
902,0.23716347000666407,0.9310146353379724,0.2208026615437425,-0.2980471193395545,0.21031051963042804,0.7321087755009833,0.8831702631486531,0.8818913227390052
903,0.15659170177766524,0.9339221711696956,0.1462444621113546,-0.19268650362919165,0.12526539418494217,0.7111327087444357,0.8597234258217533,0.8735867508216025
904,0.15636881636792424,0.9338289792558762,0.14602173217630823,-0.19238710752741273,0.12176853491435766,0.7132657959448396,0.8624251798165753,0.8762320127095075
905,0.21192858741383633,0.9421453034677661,0.1996675233025038,-0.2908449740970116,0.19260510170348355,0.8499549659349375,0.918445891361304,0.9151343542166532
906,0.13304838836027655,0.9282873993516325,0.12350714241888715,-0.1521201449660906,0.096411543631755,0.6695048910402909,0.821709448431784,0.8436160799629845
907,0.1587530220318512,0.933033508345657,0.14812188910685353,-0.19435629643241076,0.12659277554393483,0.7194888175201147,0.8584233630291149,0.8696844161492602
908,0.14694940533884684,0.938982065344185,0.13798285612617023,-0.1897695472546185,0.12036583201994097,0.7994534229003233,0.8729514389519979,0.8858435468252964
909,0.14791991068157323,0.9477073656216738,0.14018478887502706,-0.20720948406299894,0.13009274242371424,0.8984655690154812,0.9116315006430579,0.9229950385072018
910,0.132132593546641,0.9478898822745305,0.12524714854155394,-0.18295361051855985,0.11069812318165519,0.8936218055377695,0.8968630766332548,0.9117680733223766
911,0.13095432799254045,0.9488123504495526,0.12425108374414394,-0.18145472209035257,0.10620443157434103,0.8777695067906862,0.8988520379514596,0.9135213175814999
912,0.12183357855260564,0.9354351093058059,0.11396740687047413,-0.14570631692839645,0.08964271716129871,0.7031728453065994,0.8378927538341495,0.8589739447781547
913,0.16705642921090977,0.942844099794711,0.15750816861427908,-0.2260936151872476,0.14605294071182934,0.8439111080663217,0.9025329546158011,0.9079034848458898
914,0.0814390511681238,0.9500687462451405,0.07737269723869324,-0.10719608963095957,0.055366213777716944,0.8652145362322038,0.8350892583645635,0.8825311116189388
915,0.017834413245618547,0.9730984751953343,0.01735464033531488,-0.010918602372252284,-0.019717508370099907,0.5096311597612128,0.19909419739224127,0.516725184921751
916,0.0814684367078553,0.9508921316021779,0.07746769543942962,-0.10698036388996722,0.05288361301037163,0.8525728780031151,0.8394655449258116,0.8861305179492506
917,0.017113046912041747,0.972763585590589,0.016646948874537684,-0.009491140660818801,-0.020165792287626653,0.531663871255506,0.2078499555327571,0.5390890975174516
918,0.3356385408456307,0.8958255675653232,0.30067358634983404,-0.28874428487062365,0.17436761912701285,0.18589412313252265,0.7433195236786854,0.7440988340180044
919,0.22907207056787368,0.9143247847860184,0.2094462716224587,-0.2171382137610459,0.10893748071509342,0.15774431281025839,0.7834375029585001,0.7840514367592974
920,0.06961060378019121,0.9150560925833328,0.06369760709746834,-0.04690348587637101,0.02032573462319879,0.2670709977510077,0.6355471235828749,0.6816035797418497
921,0.17053153034877322,0.947252731114004,0.1615364578639261,-0.24103205142929177,0.15439404181038838,0.9037346377441803,0.9232581247450268,0.9285139491137899
922,0.1299316632679673,0.949210199157684,0.12333245996747635,-0.1803842458857586,0.10464382310906539,0.8737490706626451,0.9019553325597537,0.9183322690765295
923,0.09969224231567661,0.9489301833129524,0.09460097777549428,-0.1344658557965342,0.07482026902562017,0.8791411880890839,0.8648825130268133,0.8968611442969329
924,0.11017940009706129,0.9886923228362438,0.10893352701066739,-0.13061190269610426,-0.05069947504824205,0.09000153849141353,0.8896586473944493,0.8196733388688942
925,0.10016779460181661,0.9357339344077592,0.09373040454370617,-0.11746902902330472,0.06768016848934896,0.7085544993561242,0.8133670607656502,0.8496816768065735
926,0.17790446726303982,0.9436132069487283,0.16787300488458207,-0.24454704839005845,0.1593606365837972,0.8719564940539403,0.9126582179856523,0.916420058680595
927,0.09965156884048344,0.9489540125369863,0.09456475610678249,-0.13443182138928314,0.07071940591360933,0.8798603878754956,0.8656545020995773,0.8975948532653245
928,0.019218226719732254,0.9696951663575448,0.018635821556087784,-0.011688608010804694,-0.017820918791822356,0.5016200813710371,0.2449701293982043,0.5081918209941932
929,0.15877612817805828,0.9331038219136107,0.14815461203159153,-0.19447330797366272,0.12810586388468476,0.7197558623653666,0.8588735807206512,0.8700288563373709
930,0.20938196020824693,0.9435145740874714,0.19755493100748397,-0.29082410204775344,0.19340247524154972,0.870942058658428,0.9239439880801488,0.9216797439769089
931,0.03570435953852953,0.9310081973181221,0.03324105141036448,-0.022071076038936745,-0.007204063803315766,0.3453832629680028,0.5060063087521225,0.6504364529842788
932,0.2618736234062801,0.921744722602842,0.24138063036362278,-0.30376823151642884,0.2163878518485341,0.6247158530767385,0.8525989386290694,0.8527641739218919
933,0.3990544955755707,0.8909420192747254,0.35553441808875597,-0.3297311701262392,0.2375644332586328,0.20075362442574274,0.7383557935188462,0.7282219438804007
934,0.10662916845405443,0.8977001007229184,0.09572101526120569,-0.07088836944779559,0.05346855121929119,0.25294120507167933,0.6518636932967095,0.6811736961436838
935,0.12241985580728329,0.9345588612848422,0.11440856104190925,-0.14623224818316374,0.09130098666747684,0.7123345193779469,0.8357045923095402,0.857072618856704
936,0.18530370673284566,0.9624534864637974,0.17834619859969233,-0.23038960671913283,-1.7103932779877273,0.041827813649724606,0.01276354973252143,0.043946221534113324
937,0.21911000531285624,0.938569067555768,0.20564987337862684,-0.29101267124882174,0.1979153524770782,0.7934116682807277,0.902918409404873,0.8968281381655335
938,0.17123821766354622,0.9277297569080795,0.15886279004637452,-0.20040896585722076,0.13609406069318236,0.6651920398116666,0.8444111929982686,0.85442952573337
939,0.07822706120539795,0.94433669265447,0.0738726842547843,-0.09445622010984155,0.0476511102120492,0.7522477535189428,0.8029970966895803,0.8556331495477659
940,0.20902881168442367,0.9434494034833649,0.1972081076945061,-0.2906217827190313,0.19416559656769863,0.8726513099684268,0.9245893991485233,0.9235511915102858
941,0.3792128586387862,0.9580975175005916,0.3633228984661238,-0.3573208115983698,-0.6991953985440805,0.3294775700759694,0.6957228976107437,0.3296088840280418
942,0.18237193540191615,0.9409048755491152,0.17159464318299117,-0.24544186450607056,0.16191153419849988,0.8359790253972389,0.9045799683789004,0.9092789368583
943,0.22546670361035,0.9378483827476147,0.21145358334440256,-0.29687050880921706,0.206940375146789,0.8025943736285243,0.9003304753493535,0.8907644538438811
944,0.1776274598470136,0.9435961094813301,0.16760858004869322,-0.24441810017801574,0.15934771091899433,0.8732235952471631,0.9128385583929408,0.9178069616995346
945,0.21920788921777004,0.9386680474910893,0.2057634413666872,-0.29140099007555437,0.19376646092525251,0.7943558406316161,0.9042131894061898,0.8979194387827787
946,0.14693601484445837,0.9389816386063792,0.13797021998894077,-0.18974933396536417,0.11965579213406036,0.7994528800349484,0.8729524035920775,0.8858433973569416
947,0.205844927363165,0.9466473113606557,0.19486254704556963,-0.29110733591759314,0.18917245190457233,0.9038308493681249,0.92953917530296,0.9222574716842241
948,0.16323472319185073,0.8892014099307631,0.1451485460118515,-0.10957805627817778,0.09539991506442126,0.22851268900201663,0.6822363371237798,0.7094975333067498
949,0.13225028159578422,0.9359299162000392,0.12377699497137391,-0.16412561505881684,0.10362539347705371,0.761041650022976,0.8531264256467372,0.8737956499566771
950,0.19034004442437658,0.9427195875208684,0.17943728816845203,-0.26178232550292285,0.17419220460452958,0.870199023317748,0.9163285008406485,0.9200738914973553
951,0.13991267817987316,0.9430667285971176,0.1319469917003543,-0.18641764217292286,0.11678273293340564,0.8427164152345445,0.8852729703077467,0.8973732817533797
952,0.01587301545274285,0.9734659177043101,0.015451839554439016,-0.008576155563626835,-0.02149514469699481,0.5408485137951003,0.14988666458090838,0.5488610939410822
953,0.16046998402636228,0.9320744709924179,0.1495699754715334,-0.1958532345021645,0.13238693624456427,0.7293791146038219,0.8564065735482616,0.8678297529418809
954,0.1612475891539325,0.9322989960925544,0.1503309654905559,-0.19647548373032947,0.13057822958019075,0.7260529623693641,0.854822707938278,0.8634020565522147
955,0.10798904405835406,0.9084573698544962,0.09810344293835364,-0.07559267134294377,0.046561141439415324,0.23913955884371946,0.6889679510110168,0.6980284231057867
956,0.06653214673585948,0.9185010742494686,0.06110984824901021,-0.044948806475896635,0.012168848257844797,0.24219984999874697,0.6557528059561957,0.7317979382766356
957,0.1447426884016268,0.9398302778249324,0.13603356105362854,-0.18779623142283897,0.11644045043372456,0.7906308315906952,0.8760545204804869,0.891962212581136
958,0.20874367005170175,0.9434247584929607,0.196933946505461,-0.29047610258821344,0.19382026249680923,0.8736880691262717,0.9245175774443352,0.9247101473437603
959,0.22949477906789836,0.9342895394362574,0.2144145714383724,-0.29596377030978965,0.20478137383732228,0.7660104637251575,0.8939955340396002,0.8910562416695766
960,0.2011601904968237,0.9472115497438456,0.19054125578726358,-0.2872614170963781,0.18564452199656667,0.9023153991200983,0.9358614411191317,0.9334628680169484
961,0.02365154729213283,0.9779445857052473,0.023129902617892904,-0.015241160533513211,-0.015220553794916507,0.3873395031629037,0.4386120415388424,0.6376483690452112
962,0.13096148914761616,0.9488128681617294,0.12425794613688086,-0.181464210535128,0.10520218099737032,0.8777723025077547,0.8988541433408402,0.9135231852431394
963,0.3394329820913982,0.8965793890148406,0.3043286156949911,-0.292611266697378,0.21135345471063494,0.1918433832332729,0.7518350576674814,0.742223402219725
964,0.17610596358274966,0.938092406340061,0.16520366714817677,-0.23044326036537727,0.15125619849148894,0.8085981071769933,0.8905228978683449,0.8971703602696828
965,0.16628204324878057,0.9427410960182236,0.15676091570050507,-0.22563596994299728,0.14455677216263801,0.8471389422038178,0.9026777413636208,0.9116057885445342
966,0.06885033491897465,0.9198962182526874,0.06333516271739573,-0.04730903813525381,0.018490999745984782,0.24556286531801907,0.6564060473396087,0.7152539276463864
967,0.21459554641958864,0.9416485025938894,0.20207357494932313,-0.293485517939609,0.20000955187251282,0.8569548677252271,0.917187489296464,0.9138455670008033
968,0.1678844215685316,0.9422737897142206,0.1581930901453601,-0.22714105188347694,0.14738068428473167,0.8534235049489429,0.9023937605399034,0.9095721086085534
969,0.04541263523300247,0.928179261609201,0.04215106623829622,-0.02963496741477404,0.002827338736201168,0.29122155706066344,0.5780842723996086,0.6895275359227474
970,0.12190495560338972,0.9334046462757016,0.11378665196423708,-0.14598308916523067,0.08882510944403181,0.7262675088502168,0.8340349512590302,0.8613723330396533
971,0.2546260399189244,0.925090037367719,0.23555201278339208,-0.3047640927858292,0.22119453964919236,0.6797911415664217,0.8657350641745604,0.8658182575022738
972,0.16830995967779314,0.9423426607786266,0.15860565523831494,-0.22741383170860902,0.1478317551471759,0.8515332795743569,0.9020702929999668,0.9074570618155575
973,0.14790439482301182,0.9476800606824954,0.1401660458610796,-0.20716375063502943,0.12837850092170217,0.8985645925951331,0.9117051171127282,0.9230958816480997
974,0.016891903071803445,0.9769263452373532,0.01650214513204056,-0.009213371238706256,-0.019413107888955252,0.501356551457634,0.23245655670947868,0.5999986496044014
975,0.10250338761083365,0.8943911985305449,0.09167812769869453,-0.0665014449608433,0.048841031029879564,0.24876581921982796,0.6494534410166904,0.7004217370444049
976,0.06941217686417432,0.9150259113169783,0.0635139403916364,-0.04658792076028949,0.017828165219444483,0.26780836090083715,0.6380106642990302,0.6839448969851538
977,0.1598693408942568,0.932033171202806,0.1490035287717766,-0.19560108282037839,0.12990624196653236,0.7317157112996584,0.8569356849346765,0.8711073358547331
978,0.2104421251824899,0.9430609095858679,0.19845974198978197,-0.29227689165415527,0.19445655686726057,0.8798570133235204,0.9249895121191661,0.925137065291407
979,0.1666263462616066,0.9427870959594341,0.15709316910231122,-0.2258323852336672,0.14664171166348092,0.846094077501,0.9032548041641922,0.9103690801890713
980,0.21330454434348678,0.940751455876284,0.20066656063616256,-0.29063474821366414,0.19205186826902876,0.8363894266772475,0.9159989169739424,0.9161126143896491
981,0.1102795320249662,0.9428807006829225,0.10398044242668492,-0.1392083026775401,0.07988212033930815,0.7568690222105529,0.8536583142815288,0.8801987782979536
982,0.2246138505827829,0.937625205843326,0.21060360788794388,-0.2964030819297451,0.20458181283017826,0.8066145547682753,0.901865509174997,0.8955369110526491
983,0.18218525354482124,0.9349359096492861,0.17033153574761326,-0.23216748771926654,0.15552573217995436,0.7644457217461151,0.8804678081357674,0.8881495973955577
984,0.14757028778561676,0.9389883115199995,0.1385667753583367,-0.19001754967470952,0.11853935897352236,0.7968852907051741,0.8729365703108996,0.8826879000145078
985,0.19315978258833363,0.9356197414344096,0.1807241058408235,-0.24940894093738994,0.16908477765721744,0.7808332441700094,0.8889069656757558,0.8942512818357068
986,0.1318250125539124,0.9483268772443295,0.1250132024979463,-0.1822858536679206,0.11098642778819878,0.8846251622986875,0.8986458656255876,0.9115756753794724
987,0.2339899132843988,0.9314610498064574,0.21795249027200803,-0.2954016154657009,0.2033780789951075,0.7279903234451021,0.8841433675746045,0.8842915865534939
988,0.25577358640568026,0.9254861858799402,0.23671492093142635,-0.3051024072963809,0.22165951834321218,0.6747105752544175,0.8629616304967644,0.8580745038123583
989,0.17252389173987986,0.9396696583938018,0.16211546641598215,-0.226803049112166,0.14763659455998643,0.7877760854519426,0.8925549742977706,0.8974446800390619
990,0.3998902291574241,0.8897892553169109,0.3558180292104932,-0.3300216679303714,0.22338751724363393,0.19554470900013657,0.7352437427576598,0.7354305091388558
991,0.12988872509707022,0.9497408559579111,0.12336062895297328,-0.1801101889098496,0.10440647476721883,0.8623600724174657,0.9006729964290048,0.9150749333618475
992,0.06420796032440593,0.9041104954937716,0.058051090823543074,-0.04023352279123188,0.02131220664122825,0.28544953393967076,0.6020224933765411,0.6818353866581388
993,0.1330059039671327,0.9479790589181594,0.12608681167332153,-0.18355415560822405,0.11283658945307083,0.8876839143000979,0.8944662985154381,0.9056443141989989
994,0.2037403617685249,0.9464278496267836,0.19282555247076796,-0.29030037717471835,0.1762114895615463,0.9167588017155203,0.935385748358422,0.9355931038249837
995,0.14685592937389597,0.9388394477152284,0.13787413962709508,-0.18952270078933278,0.12144758720588811,0.7999157223015431,0.8733096664803023,0.8863415400102048
996,0.2319165015903861,0.9336689495738157,0.21653323642872996,-0.29817905176880954,0.20775506517218476,0.7726919574417206,0.8927120874065595,0.8913701512509775
997,0.20901716575200116,0.9426254502729894,0.19702489998176417,-0.2881171771718888,0.18913377684371935,0.8439831516676595,0.9190460814780006,0.917524706302519
998,0.1453459821731566,0.9392624912957446,0.13651802931578597,-0.1883379276414012,0.11929342860065303,0.7983360613160534,0.8767444512864243,0.8927876298997877
999,0.036034913964053845,0.9343768994455607,0.03367019118152017,-0.022531452450415414,-0.004450864035064747,0.3273536359222263,0.5264270845279224,0.6771889989851014
1000,0.03259763770690259,0.9396476627514345,0.03063029408250905,-0.02026096027458287,-0.005902864724778007,0.35370173477967626,0.4948018961425073,0.6494181997117866
1001,0.211032823386334,0.9420390748537204,0.19880116570663067,-0.29058239989690376,0.1912920189690044,0.8551937167386108,0.9209044885476537,0.9210234408117088
1002,0.10652749686647126,0.8976392641699746,0.09562326390108854,-0.0706494806485338,0.0495717872596322,0.2533639394719309,0.6534551463052666,0.6826483505751194
1003,0.1105183353324253,0.9411275449154379,0.10401184959954653,-0.13986567606117958,0.08100962414116075,0.7816567833023853,0.849031146639397,0.8795054686739117
1004,0.10278608154781682,0.8947193138190583,0.09196469235261244,-0.06709450935615914,0.04142669264508647,0.2479631806946841,0.6473750009182818,0.6981637344621789
1005,0.1461875484809994,0.9388448408155954,0.13724742568286602,-0.1892551579553569,0.12053326296078444,0.803113697591164,0.8740388882926826,0.8902074484883757
1006,0.20389956173255172,0.9465138859484987,0.19299376651867334,-0.29057978430730197,0.18901122732290265,0.9164511127629802,0.9351540162565674,0.9352788342561038
1007,0.14753547705464032,0.9390020228400542,0.13853611139497968,-0.19000350260063617,0.12286644282151205,0.7974637938418587,0.8736379184540178,0.8833350809624554
1008,0.09895684779498919,0.9499079716005361,0.09399989856492116,-0.133810580687192,0.07263059547574238,0.867411669804854,0.8672326252588085,0.902255082447062
1009,0.14547892776174842,0.9399715861765835,0.1367460584834793,-0.18831815584313202,0.11820067495892086,0.7876961568922826,0.8756663423487756,0.888301558510496
1010,0.14533856227339773,0.9398454900262816,0.13659579227955673,-0.18804672123259306,0.11793719455940298,0.788712302758372,0.8767179206968262,0.8894383325145608
1011,0.10247240706142884,0.8945769949981449,0.0916694579792397,-0.06654409266961239,0.040992764342876284,0.24884363186722935,0.6507113163524576,0.701359224587681
1012,0.22030883817742694,0.9379149650645606,0.20663095626259534,-0.2932553866935185,0.19744295216045568,0.8071676146672266,0.9048523042674542,0.9049857921662313
1013,0.13849042679501108,0.9434526090620504,0.13065915448987012,-0.18519124200634626,0.11560664322518345,0.8398976115708454,0.8875264245870049,0.9029958237137647
1014,0.2037110741277139,0.9464278974334128,0.19279784357059435,-0.29025115580780164,0.18533979171166334,0.9167575738268717,0.9353863195337482,0.9355928930993204
1015,0.06507895811389695,0.911647990674991,0.059329101399756064,-0.04261481809549045,0.009032169019157233,0.260159855760046,0.6268905872275434,0.7093292627647482
1016,0.3405315283591546,0.8986774678352881,0.3060280116238857,-0.29536579420749354,0.14994509744975712,0.19459345953982496,0.7468310975705817,0.7278044080242
1017,0.05085885182628396,0.9127892448534158,0.046423412952625503,-0.03174902734760817,0.009848678152931648,0.3130357787166338,0.5649088422774121,0.6572232767784973
1018,0.2255206669576912,0.9378489364171824,0.21150431764636432,-0.2969217216545161,0.20119609239230668,0.8025956347182225,0.9003297634327347,0.890764695115193
1019,0.06489141168194626,0.9116020578752901,0.05915514442769486,-0.04229695717165271,0.008775232482182116,0.26092554263870155,0.6295115719061937,0.7119762001267831
1020,0.2095571268467166,0.9405593469438103,0.197100914374369,-0.2818085624288909,0.1808089091800874,0.7700794987346932,0.9074323197496935,0.9014037785300866
1021,0.3368902445485888,0.8956826711948916,0.30174675413678026,-0.29021206772990255,0.19340641666106584,0.18645624203579134,0.7472210333773059,0.7475952967243462
1022,0.09992236484364407,0.9517038459454035,0.09509649891765584,-0.13402127308679845,0.07107319100625589,0.8303109614632579,0.8695466742348443,0.8962421685848239
1023,0.06839622041695778,0.9195256564713438,0.06289207947906182,-0.04639074819667383,0.01663998469920063,0.24734451219585227,0.6619261049041513,0.7209937761603279
1024,0.0407710404080812,0.9163948620739637,0.037362371951375574,-0.02482803810174062,-0.004389273609206434,0.3301139776672199,0.5130929792217662,0.6602546140999449
1025,0.03408983660173341,0.9300242202019856,0.03170437370234022,-0.020905593536732034,-0.005152596637472638,0.3425418376118786,0.48844266038157547,0.6633950177520108
1026,0.20481211767798232,0.9466045830017535,0.19387608924827254,-0.29087464641145866,0.18349465344819946,0.9108865832567674,0.9332299994459307,0.92953129658749
1027,0.162571728231135,0.9448244438628548,0.1536017427138053,-0.22455493672679364,0.14408980257368575,0.8773063779932978,0.9106485248899483,0.9198949201209611
1028,0.06566977897015872,0.9055377546073382,0.059466464194197724,-0.04187052642186434,0.022855020646944404,0.28562283874901795,0.6020632350513038,0.6713506131637812
1029,0.09062476673675363,0.9423310806316967,0.08539853437104049,-0.11211571323701187,0.061944796386567934,0.7733295062967097,0.8239565350263978,0.8679465808085417
1030,0.2142844982749945,0.941694947422967,0.2017906293366278,-0.2935408014869486,0.1986397200039758,0.8584971512786469,0.9172612666427858,0.915600255441642
1031,0.2736246406434579,0.9181516276867312,0.25122890918198776,-0.3071895495785268,0.22952778218510583,0.5870328004610048,0.840984128501802,0.8412189498895616
1032,0.11354084089124182,0.9484439374447816,0.10768712219568087,-0.15493204224867518,0.09113330061643182,0.8854619769756331,0.8816369458376861,0.9033444550531228
1033,0.1722000966770758,0.9469858021568494,0.16307104668322764,-0.24251570693928876,0.15711676126708127,0.9054702550440392,0.9212081078812073,0.9239521507859135
1034,0.22730698685893738,0.935367093892498,0.21261547571970446,-0.2970064039335043,0.20523339710579228,0.7948295604731989,0.9001656933819315,0.9002732486102885
1035,0.15738567436035436,0.8952533583626058,0.1409000535292707,-0.10915263267723235,0.08756403071261981,0.22100308482881265,0.7036237928137451,0.7241770205958935
1036,0.1326702509274367,0.9489921948694139,0.12590303262150404,-0.18269911108122827,0.11067808371111051,0.8672645892801474,0.8949649568343151,0.9023304820579527
1037,0.19906362530920077,0.9474626627910568,0.18860535250029656,-0.28493594225541,0.17749572461740537,0.8959134925708243,0.9327778531763635,0.9332002287330651
1038,0.11048157112763077,0.941059935468404,0.1039697801958161,-0.13976502852000589,0.0829720103308064,0.7818747599324881,0.8492006386588017,0.879742913005241
1039,0.1570713028551952,0.9339731766619116,0.14670038369009183,-0.19288195972675262,0.1210166390564945,0.7103094650336463,0.8609750997841101,0.8720347035274258
1040,0.16060925889519453,0.9321956375275737,0.149719250488637,-0.19611884374631627,0.13140476906251192,0.7285384957446411,0.8554903214456493,0.8668388900764454
1041,0.17481214424675695,0.9386639921303952,0.16408986519153537,-0.22923152578587638,0.15026672757085163,0.8013113457295186,0.8905028652750213,0.8970837083871825
1042,0.2039440512498114,0.9465749678387761,0.19304833375269997,-0.29059339013574814,0.182396659111172,0.9153045709881457,0.9339893998417751,0.9341097809536629
1043,0.33583127361878806,0.8951635433264471,0.3006239128524279,-0.28789052647802515,0.2042788733343748,0.18712035394184381,0.7482113731008503,0.7490179305225472
1044,0.12911398453115472,0.949685824391755,0.12261772083997395,-0.17959204187351127,0.10119239416473141,0.8670265575068364,0.9021435051309513,0.9202203774892302
1045,0.2281027590348814,0.9135128502369027,0.2083748015528559,-0.21429976263372524,0.09566536789613024,0.15878062267948906,0.7851433814683406,0.7864685537337709
1046,0.13087366405352538,0.9487578563255962,0.12416741695689898,-0.18131598554304762,0.10104684292417085,0.8787899100856175,0.899892028308994,0.9145820246440034
1047,0.23403477210325227,0.9315200801452319,0.21800808966639265,-0.2954399738954447,0.1980043910124218,0.7273187867821923,0.8833310929061599,0.8834758644643843
1048,0.025633725960934,0.9676949602708724,0.024805627425360455,-0.018069405749801974,-0.01210069049023651,0.4543894426054624,0.3611333628928096,0.45923177762804807
1049,0.20083937807500443,0.9476102444731413,0.1903174521574886,-0.2858312578762444,0.18435989257412638,0.8881424021696057,0.9319842367789242,0.9248366960959805
1050,0.018786316481034127,0.9709060517874093,0.01823974836222958,-0.011049083830262036,-0.01606394807124728,0.5124131175798943,0.25112246735508803,0.5191298005538364
1051,0.13192309351032877,0.9488050246423341,0.12516929398896043,-0.18209221778460677,0.11098800005013809,0.870799032905352,0.8949565657904667,0.9061285964820773
1052,0.201325238049144,0.9470115799046049,0.19065733175959054,-0.287854040073972,0.18907524012280383,0.908246798116998,0.9363619137590978,0.9364876004052713
1053,0.042476792595364604,0.9185173021425028,0.039015668938360934,-0.026802051943732197,-0.003983146410099315,0.32784965883706363,0.5165822234664095,0.6432393235885518
1054,0.10144122085063977,0.9047498234457239,0.09177892665473501,-0.06969958678936244,0.03873897178548605,0.2274606670093599,0.6814571272154655,0.7272004070140978
1055,0.17433069813814142,0.9385270988527549,0.16361408436456523,-0.22885390206694764,0.15087665007250903,0.8037102168452537,0.8916812129374573,0.8999381356102758
1056,0.13206821132913713,0.9478487508653455,0.1251806891373431,-0.18283516803961183,0.10840258867123917,0.8937591619099813,0.8969663434993389,0.9119106133333754
1057,0.1684149751322436,0.9424024575072137,0.15871468644564266,-0.22755626287575192,0.1473943513847631,0.8505818671467638,0.9010663077033081,0.9064427661258188
1058,0.02624939139032449,0.9834916788615817,0.02581605800756498,-0.018347855993302593,-0.02011381897433648,0.2994793033645691,0.5068113150420931,0.719246206966694
1059,0.25454155850226406,0.9250892815080003,0.2354736674687861,-0.3046778609232105,0.22013009420896656,0.6797883849333016,0.8657339761335773,0.8658161554928593
1060,0.0437168402152102,0.9233661559660136,0.04036665070049907,-0.027707210112968016,-0.0006864946234177908,0.31040099493459594,0.5535177113273618,0.6727250212530019
1061,0.06375771039843275,0.9040709577281367,0.05764149430246428,-0.040773945779811326,0.0155974948730478,0.27979267202715713,0.5893464243155404,0.6788244293912541
1062,0.0917611038448405,0.9998004383347354,0.0917427918461507,-0.10776540777126647,-0.08623191523461812,0.027960246806585074,0.9687024224189973,0.9685521951923061
1063,0.07800508172863721,0.9434299727240397,0.07359233212758469,-0.09422364762525819,0.047922666365907585,0.7635031612863626,0.801047971517787,0.854558338891673
1064,0.20945144082385236,0.9426929499117807,0.19744839661351013,-0.2883426002455349,0.188818766331939,0.8421253220256968,0.918655202355019,0.9153726078007302
1065,0.2009184995698918,0.9477165284859069,0.19041378292097502,-0.28613355043106686,0.18428243620448245,0.8886210992508633,0.9326442646503967,0.9253409279286009
1066,0.1445916155733606,0.9397169345433547,0.13587518974726961,-0.18753165156023444,0.1138072548733656,0.79223332239989,0.8778200858759854,0.8937683923524065
1067,0.21750497892232212,0.938321183434323,0.20408952922525078,-0.29062453797232607,0.19197942701167384,0.8026243978314943,0.9079185655270224,0.9080281620515184
1068,0.17383310182085407,0.9391697315018732,0.1632587875632293,-0.22806987565411702,0.14577612230831094,0.7936908126553174,0.8913217077025732,0.8962807860558525
1069,0.4963236440169698,0.8872033193521657,0.44033998444481826,-0.38841698837407757,0.34709732620717676,0.2138059643980853,0.7227479989069175,0.7010511498622117
1070,0.15882998289279576,0.9470757959458389,0.15042403246825853,-0.22344752227583362,0.13912501614931488,0.9077719745377638,0.9165933185236719,0.9263440332414837
1071,0.20526945377141725,0.9630412265382821,0.19768294653086887,-0.2404770956105234,-2.124814886473504,0.03924484678660219,0.00922023344900926,0.04121118859879323
1072,0.019959221116487545,0.9768464891464205,0.019497095073737956,-0.012180979287419144,-0.01961621735613725,0.4447005501089863,0.3272968932002155,0.601820405765219
1073,0.19536768899099816,0.9485273100204368,0.1853115885035408,-0.2804867917192576,0.17841987791299296,0.876905563895801,0.9350743854043462,0.9316698057956537
1074,0.1334299699183934,0.9490766447959995,0.12663526816537996,-0.1832157044597697,0.10977902010011584,0.8633436759832018,0.8943707034629511,0.898127770646846
1075,0.19547151394639026,0.94863324173937,0.1854307759426667,-0.28079839742361795,0.1752740474311271,0.8773749422437871,0.9357332298255248,0.932176188421448
1076,0.13081896961720735,0.9487826879742544,0.1241187736314363,-0.1812886511586949,0.10886611666304544,0.8795257422438425,0.9007184560397861,0.9153513942211954
1077,0.1439008329221016,0.9402072282895436,0.13529660327024584,-0.18683830692892872,0.11624008039638073,0.7864004215549595,0.8791441457498459,0.8949396600923513
1078,0.1666955940984065,0.9427985481652271,0.15716036410151765,-0.22587401611502764,0.14667357252290913,0.8449435863169686,0.901956472223211,0.90912665450371
1079,0.01725850777796276,0.9722956362072313,0.01678037179996175,-0.009707327011906512,-0.015426098720897155,0.5274560509568579,0.2059299578612179,0.5348193625143637
1080,0.22110287645081228,0.9380403378547114,0.20740341692656847,-0.29363603730941734,0.2002416061458431,0.8040797517712879,0.9043215330796486,0.9011741396413826
1081,0.06706968193294797,0.913175708436749,0.0612464043137472,-0.04415957289600585,0.02134789047464059,0.26515278426655353,0.6355269317898573,0.6991695001562886
1082,0.028356286969202567,0.9819696120136635,0.027845012113295948,-0.01997955646359745,-0.017811148524311114,0.30877152360877247,0.5395617667933637,0.6956173595957753
1083,0.34033589697136757,0.8992820697874183,0.30605796985136896,-0.2959346234263743,0.1257358175090827,0.19336868221048203,0.7421927380323867,0.7232552973446225
1084,0.09948642619433305,0.949932812279466,0.09450542061841634,-0.13410992188001547,0.07524458098942638,0.8645115873689623,0.8678264999148769,0.8991186371036404
1085,0.022514981966989124,0.9806054050929517,0.02207831301239987,-0.014718273366158535,-0.021084887053196395,0.384259987604927,0.41364662734738733,0.6482066275190814
1086,0.16624376789897236,0.9427589422612516,0.1567277987819602,-0.2256452623872393,0.14512526496844172,0.8478213364390673,0.9034784878861221,0.9123454968295324
1087,0.12723525042661282,0.9515385025737266,0.12106923966553228,-0.17718533914721832,0.10089611537842443,0.8371492211141678,0.9053675851164723,0.9227302720629676
1088,0.1593200105566124,0.947159605113224,0.15090147828543568,-0.22378832440190022,0.1404927709485162,0.9049352686340628,0.9156281075546746,0.9234160042635339
1089,0.21362052599711914,0.9407852422413907,0.200971038297933,-0.29071629994105874,0.19455990802455947,0.8345217497792659,0.9149457518097202,0.9139639175527557
1090,0.11099480535454206,0.9411347657611623,0.10446107013805274,-0.14007034448362396,0.08143841383320358,0.7798594908773835,0.8498242176875028,0.8771460250964166
1091,0.20092922801641527,0.9477166894960252,0.19042398279870906,-0.2861372624336454,0.17947462257710223,0.8886238683626501,0.9326464625760168,0.9253430639080705
1092,0.2238490918674042,0.9374963705736998,0.20985771118191016,-0.29580569608916457,0.20254747699542905,0.8077576153411299,0.9000125956774255,0.8971084982630803
1093,0.20580431563959867,0.9466941286308236,0.19483373726289283,-0.29129599260960776,0.1919636068283694,0.905434886971004,0.9313450775620248,0.9238988058833586
1094,0.04252242145031994,0.9222411439790195,0.03921592660310106,-0.026690928877905182,0.0025669614164432436,0.30822300726869356,0.5451637178010572,0.681839727412781
1095,0.13153441981419747,0.9477786921874526,0.12466552038913542,-0.18242159641830918,0.11071422151649965,0.8981582527245853,0.899617847980945,0.9164316282786547
1096,0.1253724534527265,0.9837389040793342,0.1233337599613225,-0.14984987408039074,-0.14105555742962708,0.12849744182597386,0.8490950372812824,0.7311639659455331
1097,0.05338408616408009,0.9130468419088853,0.04874217128030514,-0.033593979359206425,0.007808351463620468,0.2867547951777956,0.5896190894573345,0.6957362831110494
1098,0.01572351137597229,0.9739846608849662,0.01531445889544728,-0.008357630134073516,-0.01842725441975285,0.5456275605168703,0.15150917881509174,0.5537294139003571
1099,0.11037526093130656,0.9410211384915065,0.1038654537028752,-0.1396006912332936,0.08169145943834051,0.7831804493774304,0.8506785553347008,0.8812192309117947
1100,0.5032949852126335,0.8827417760963495,0.444279509146986,-0.389204049662452,0.32256636501772723,0.2065570681643981,0.7244455174044365,0.72442828509371
1101,0.11307211348702005,0.9493496651825002,0.10734497308038014,-0.15421306672615592,0.08985837071755143,0.8693001999984296,0.8829649782689356,0.904331169931875
1102,0.10023654826148247,0.95003517448126,0.09522824661699673,-0.13475321517474348,0.07451371822750465,0.8590817318724916,0.8657588604233631,0.8933463443551017
1103,0.13100513184173382,0.9482573989319435,0.12422658556697884,-0.18174700930323362,0.10908690927556271,0.8896137087036551,0.9001305521374908,0.91681569275388
1104,0.11237421489035661,0.9493684565769693,0.10668453494950654,-0.15379356703747366,0.08788339969001185,0.873717576026151,0.8840598402879886,0.9090575449371835
1105,0.13009121213424535,0.9487716958438083,0.12342685995098458,-0.18088747372935146,0.10455459794069433,0.8834118331255738,0.9011689895012599,0.9195288289564815
1106,0.11033342997528114,0.9410350409366411,0.10382762379346873,-0.1395598243368486,0.07848807963034789,0.7837249101700237,0.8513346354586139,0.8818396081504797
1107,0.2346276615451911,0.9315717903036295,0.21857251072040773,-0.29556439530420925,0.19696241881473822,0.7254379318937706,0.8832541546430985,0.8806327461195178
1108,0.13201348422513928,0.9478726281388259,0.1251319682422462,-0.18281360027964233,0.10906562157170147,0.8945229484520771,0.8978045972865228,0.9126913611301374
1109,0.09920845530621011,0.9488746776826679,0.09413639105207548,-0.13422150721444728,0.07499235999408284,0.881469388454362,0.8634778957803008,0.8992960615493814
1110,0.0307726393312547,0.9808438762635329,0.03018315484452751,-0.022313235262133947,-0.020958524374692592,0.31312398691657206,0.5611468284076662,0.6677609982226818
1111,0.09904870581632783,0.948945656939711,0.09399183920990338,-0.13406875942799146,0.07608878098056626,0.8836455055029879,0.8658176902759058,0.9015218997484357
1112,0.2110228830498044,0.9420695449633091,0.19879823141157482,-0.2905579796605132,0.19234950399462042,0.8547023135320543,0.9203800762930074,0.9204958471281457
1113,0.2115673548417051,0.9421622555335646,0.1993307762349309,-0.29084567064454153,0.19390009695718133,0.8519404976060309,0.9190420747704484,0.9173988677725248
1114,0.029321385453116373,0.9881354144552068,0.028973499367116018,-0.020646797970755828,-0.018246168175283156,0.2563681337890113,0.6096413084233925,0.7872652170042042
1115,0.23617441407314588,0.932034531036564,0.22012270926349978,-0.29636481347726246,0.20581908716085687,0.7187632480415598,0.879613630998261,0.8714611195622737
1116,0.09994044237456508,0.9490894476885088,0.09485241925502122,-0.13490604895675304,0.07466608262148448,0.8761773133989516,0.8619770404497195,0.893836264291298
1117,0.021461692568152183,0.9805790860475098,0.0210448868835113,-0.013875698459829406,-0.027095489612431894,0.3814705041057059,0.3830296675966837,0.6587443918069081
1118,0.15924086798637796,0.9471417392839521,0.15082367266970423,-0.22371497817538388,0.14110511373991094,0.9058816382700451,0.9166218348195911,0.9243831714689054
1119,0.1301081046686665,0.9487725738167307,0.12344300134090733,-0.18090473201559373,0.10629207429736351,0.8834137089470179,0.9011691747798223,0.9195298930321986
1120,0.2294482626630497,0.9146941006905877,0.209874972271596,-0.21845199131386608,0.07985880570933611,0.1575836183469852,0.7859545336268329,0.7858799792787241
1121,0.20091619078529,0.9476926588616253,0.19040679905366106,-0.2860096345229124,0.1854194424057146,0.8878467701118725,0.9317539056468508,0.9245318330159717
1122,0.015956760418789174,0.9750492897797066,0.015558627913525316,-0.008952400621363113,-0.02244607278908084,0.5364707694968209,0.14930314984276777,0.5444728487278764
1123,0.06346142502971241,0.9035430402127602,0.057340128907580515,-0.04009806730726747,0.017893537875465694,0.2813955262423684,0.5927082133653896,0.6827241055455495
1124,0.020075830936200207,0.9789178566555129,0.019652589390643547,-0.012081257189052992,-0.018284377994582886,0.4300657154185761,0.3546807574325629,0.6344351061409448
1125,0.15748037277376659,0.9482115312090993,0.14932470540319298,-0.2214825076760566,0.13693134397035586,0.8861312782567549,0.9168085294106931,0.922548598717369
1126,0.22935191163504676,0.9325576476653386,0.21388387920192778,-0.2908330588046613,0.19678622262870074,0.715402067606995,0.8849235555269459,0.8823392144361479
1127,0.208836214478925,0.9404933568771267,0.19640907239279579,-0.2814921704558316,0.17706960441007855,0.7726676266903604,0.9078672994960815,0.9049102570949047
1128,0.2714882079851706,0.907969096758013,0.2465029029847469,-0.24858393624963462,0.14423743149973106,0.17901635659367038,0.7663200822679712,0.7494539742895341
1129,0.2183085169898815,0.9384662693698441,0.2048751795111573,-0.29096051898577535,0.18985092647611163,0.7988702336816215,0.9065189508935867,0.9033997162006809
1130,0.14472661404554912,0.9398445142129662,0.13602051427132655,-0.18779921511504594,0.1164078371255291,0.7912055359476092,0.8767589628132677,0.8926172316494709
1131,0.2557932272705011,0.9254863794026198,0.23673314778228755,-0.30511125354204005,0.22167670214976945,0.674712325643853,0.8629622336822264,0.8580753078009534
1132,0.112011869994467,0.9403324308911805,0.10532839400056403,-0.1409981245935572,0.08267003444382456,0.7882143979194219,0.8466488238600546,0.8711745393694618
1133,0.22361443236838538,0.9373968161308177,0.20961545694302455,-0.2957695391577603,0.19559076818651705,0.810694701802492,0.9034246907912094,0.9003867942691943
1134,0.09950578473022621,0.9499336999932388,0.0945238982595145,-0.13413182664417986,0.07525913445881419,0.8645170388308141,0.8678259960882717,0.8991205716026569
1135,0.1317260523723714,0.9487986048812971,0.12498149471742666,-0.18188532418988998,0.10713107776538677,0.8732436501684631,0.8976094115154469,0.9086779599414955
1136,0.1225156256479657,0.9346024115204112,0.1145033991795207,-0.14638919893288088,0.08948513779513334,0.711300317188338,0.8344350283781125,0.8558188598056646
1137,0.07362188354617823,0.9274271643918651,0.06827893469442019,-0.05265709067958599,0.012770349894593459,0.23927310612770286,0.6883893844349638,0.7142182366356996
1138,0.21334877379092207,0.93944751491469,0.2004299753479781,-0.2859241744123234,0.1868993688748594,0.7850789256719616,0.9065592268383302,0.9036215406405792
1139,0.11174711886118652,0.9413504210732355,0.10519319739369883,-0.14079343803788277,0.08356261707551857,0.7751013804332424,0.847368230004113,0.871463486040163
1140,0.2738499727103811,0.9182469206023292,0.2514618941483393,-0.30767201684044493,0.22615663547290474,0.587330532980588,0.8416532380655363,0.8417175125890543
1141,0.1460026924412253,0.977916097107858,0.142778383159362,-0.16722160649156148,-0.062349137810795485,0.1889031704091285,0.8693941466064268,0.6753878003646137
1142,0.4970679275299455,0.8868219361257673,0.44081074187812885,-0.3889283821326499,0.281779197877119,0.214563638504893,0.7252773167053842,0.7035204478375725
1143,0.20028400763731552,0.9478134332453853,0.18983187290286896,-0.2860108521305213,0.1772204353811818,0.890569001795117,0.9311347217335841,0.9275066662160679
1144,0.12137499673427893,0.9343126696246635,0.11340219722448897,-0.14551372216029765,0.08842489134379007,0.7162383324506607,0.8357334577319518,0.862730354696696
1145,0.043370950576653855,0.9191230243691938,0.03986323926378092,-0.0271033456078309,0.0019208547359452317,0.33237044998656956,0.5306582002110224,0.6406338041037172
1146,0.2404549867063824,0.9306306396382913,0.2237747780827775,-0.30083341307404177,0.20679745527362928,0.7360606188747879,0.8820211637254187,0.8792422655137847
1147,0.05179424377546012,0.9160973977898244,0.047448571943190826,-0.03287587461791634,0.00866594823402839,0.30185774576224755,0.5802161068654897,0.6690261863322128
1148,0.17199535495858645,0.9736003288157277,0.16745473414245757,-0.2001922545548328,-0.016751281252533324,0.20797573739828337,0.7883894051811978,0.5719149077282181
1149,0.04247574108916553,0.918515932069159,0.03901464491684315,-0.02680233775488135,0.0019950048480418207,0.32784784265638356,0.516581487305692,0.6432405109079847
1150,0.11013631235040955,0.9913915844689112,0.10918821320863543,-0.13262211510316416,-0.05966861611114463,0.08825138065045693,0.9022703040928027,0.8282696675106
1151,0.03764882132944701,0.9406391369840015,0.03541395480379591,-0.02434648779329438,-0.003489887781068109,0.29489419756686797,0.5659020121278535,0.7143178978969589
1152,0.1769217853220366,0.9439989823782854,0.167013985304552,-0.243539357950309,0.15897881010213136,0.8661190247701005,0.9124910383922593,0.9162238698673655
1153,0.21756001415409223,0.938345031894312,0.20414635842034864,-0.29062664720068493,0.19404171542302634,0.8019001819539197,0.9070653815393901,0.9072044841657263
1154,0.17049113521184256,0.9472685019883744,0.16150088225441947,-0.24103551236682513,0.15481003402320784,0.9042652033394756,0.9238528111399814,0.9290616061039408
1155,0.1463839425227654,0.9388108372920893,0.13742683164591446,-0.18923671551477947,0.12110618354437187,0.8035106417276731,0.8759873545770053,0.8904983445582583
1156,0.0421426714562589,0.9178143795912963,0.03867914985694609,-0.026066709182186645,-0.0015964229627312893,0.33083145499521294,0.5212379734653767,0.6490808068738646
1157,0.10541817928465869,0.9021638957083896,0.09510447530193313,-0.07129470589365519,0.05027537078457212,0.24354156192895082,0.6716225912859716,0.6995417015997482
1158,0.14273466810656926,0.9417651286667696,0.13442253307459187,-0.18542261886564398,0.10837527144789023,0.7643675462802423,0.8796659461747394,0.8919748855572842
1159,0.12898848302023094,0.9496319725995832,0.12249158757312975,-0.17940933368690565,0.10184172514799651,0.8680174188996889,0.9031710258334239,0.9212740568765102
1160,0.09049611433907258,0.9439113335357978,0.08542030796560203,-0.11169970467892512,0.06009800635490644,0.7530703433524114,0.8305476364224581,0.8733445031652244
1161,0.024438717662341077,0.9794490081966261,0.023936477775977336,-0.017108210405667824,-0.02176363838473045,0.37336544096095414,0.42401500353105026,0.6152207837297002
1162,0.1479099534372957,0.9784415704001903,0.14472124711900664,-0.17312089817941156,-0.008397104010784083,0.18329244034927533,0.843174061163174,0.6549313151310567
1163,0.1310026217971461,0.9488912571780678,0.12430724249071692,-0.18158399048171017,0.10817937873184261,0.8774884204181563,0.8986435644736586,0.9132324983381012
1164,0.15642664621839797,0.9338831534608052,0.14608420965573524,-0.19250453328025355,0.12176116190784755,0.7126369148568482,0.8616702529072477,0.8754612886542791
1165,0.09960920485972956,0.9494366164801532,0.09457262643230006,-0.13431311744696023,0.07542177775259201,0.8717704739461984,0.8663698506165426,0.8980036726199799
1166,0.13019379187510377,0.9487234811228636,0.12351790744833405,-0.18093796182536734,0.10539145710993165,0.8819215736900251,0.8995001972892889,0.9179702869070787
1167,0.16928670696965684,0.9479966186142028,0.16048322578356808,-0.23929748619081143,0.15182177258396704,0.8887517465813346,0.9226948376193669,0.9253862501939363
1168,0.14565516416429827,0.9490276612175418,0.1382307797911011,-0.20453886362667315,0.12385679188173028,0.8764656914090634,0.9134558338405546,0.924530348806977
1169,0.22872592478341175,0.9324624686656175,0.21327834047136646,-0.2907524549426046,0.1954788163685456,0.7183084177270753,0.8864498908582952,0.8865397909284568
1170,0.08188010184065848,0.9525025347947006,0.07799100455247543,-0.1071092423852358,0.05389141086651885,0.8234088322641367,0.8424789336310462,0.887609721443831
1171,0.09912975765742223,0.9515738292122518,0.09432928308295581,-0.13325992752113267,0.07245902259170658,0.8361717779964659,0.8725079346064841,0.9028063769504691
1172,0.2039069122089443,0.9413772889074611,0.19195333620474767,-0.276883838852898,0.17251170152652487,0.7633704994598737,0.9097572965926317,0.9099135824959647
1173,0.34288292110240837,0.8993619139821192,0.308375840194442,-0.29810781709755685,0.20499614105470748,0.20017458814382802,0.754914081910901,0.7262204930609566
1174,0.06482445644441555,0.9112063473041759,0.059068456172694545,-0.04198056671392559,0.0059404554374168405,0.2615224290583678,0.6301709129751568,0.7130784903718431
1175,0.025505590568843068,0.9855010899685844,0.02513578730588729,-0.017206599253990047,-0.023368832711441228,0.3067574245088343,0.5235038745042204,0.7403973136886981
1176,0.021989487439094586,0.9689665693695588,0.021307078206054486,-0.014098175233697585,-0.015367952365048364,0.4844216360621239,0.3189917308260068,0.49009616312185744
1177,0.1569545456586954,0.9481595299531609,0.14881794823576056,-0.22114822443945206,0.13872345584427775,0.8895771384220703,0.9186254587719473,0.9262061909136209
1178,0.4289125171800216,0.8871519552583185,0.3805105782510233,-0.34709904263232655,0.28799280262571625,0.19976988612700433,0.7344071539500105,0.7345425101855348
1179,0.21911741009675736,0.938582021780253,0.20565966177586734,-0.29110588492461,0.1923225059061655,0.7940000849734854,0.9036581611025026,0.8975001216774101
1180,0.1674640043636499,0.9422134967565535,0.1577868451323293,-0.22690228695661777,0.14755501777298832,0.8556797637866316,0.9031244238355806,0.9120790461146493
1181,0.20901957776030594,0.9426165733769228,0.19702531815711086,-0.2880572829602914,0.19125903999094473,0.843641589293323,0.9186365605431129,0.9171500709492866
1182,0.18232266424770482,0.9445339212096415,0.17220994098727355,-0.2533500204261914,0.16512000429183052,0.8797031573959495,0.9187744756301885,0.9225798417581104
1183,0.1692386027551431,0.9475741570901932,0.1603661263528268,-0.23979758036201634,0.15263560554198477,0.9001232073345962,0.9246357240139276,0.9311023069240913
1184,0.0664597813664827,0.9181393347722878,0.06101933945293412,-0.04464284796062257,0.014436639492848236,0.24272167138712344,0.6563730225189773,0.7328216502635319
1185,0.13023312590780575,0.9488029711597679,0.12356557680475022,-0.18105936166410583,0.10807316156274029,0.8816343256361521,0.8992888081007192,0.917676420144659
1186,0.33839701926118076,0.8987944505633642,0.3041493629991331,-0.29313377531890406,0.2019571208700442,0.19402195209735035,0.7431260620542569,0.7245723342686814
1187,0.20591748920516156,0.9467305254448471,0.19494837275348625,-0.2912692769883217,0.18791907978753772,0.9035239853547428,0.9293081204714677,0.9219477144939014
1188,0.22285225270724343,0.9372538535795263,0.20886913262874232,-0.295608485933223,0.20008850340383516,0.8152368309214049,0.9055889776793449,0.9057659483119307
1189,0.0796196767526604,0.9429922763888262,0.07508074022633374,-0.09556510008600831,0.0512353316597169,0.7627459694145172,0.7970689821906023,0.8388519340976803
1190,0.07052439687306751,0.9208327090372683,0.0649411714258462,-0.048436503219764344,0.01905711479493265,0.2510356994570878,0.6647077209188521,0.7076549226649497
1191,0.024000833610624217,0.978223874933178,0.023478188456211278,-0.015997908121849497,-0.012561276163808865,0.3813740457230761,0.4319129825995603,0.6277653898716115
1192,0.06805546051495008,0.9078486403963,0.06178405730004151,-0.044244655985385184,0.025443602752722654,0.2880154029051828,0.6075216033150286,0.6573297960463128
1193,0.17314046739985886,0.9267507086171888,0.16045805085313047,-0.20184101540244803,0.1394250432602565,0.6738679547611235,0.8431033314055981,0.8532617317505091
1194,0.0649129154868467,0.9116056656526436,0.05917498153184068,-0.04230880118325287,0.01427114338960938,0.26090743245950576,0.6295063842469507,0.711975403479082
1195,0.33878771277796044,0.8993977389937643,0.3047049028713665,-0.29440720388725505,0.20177763523027262,0.19280437290231203,0.7385332250953539,0.7200731373897558
1196,0.018911904204286532,0.977235255424239,0.01848137953563469,-0.011502580770363991,-0.017223183062277134,0.44346160280865904,0.2855989538492502,0.6095624710509959
1197,0.07852281375824455,0.9465328043218,0.07432441910982963,-0.09439989356990139,0.04632686914264251,0.7244842330180898,0.8128944499401268,0.863463901406778
1198,0.18293648247795133,0.94422941060775,0.17273400702881095,-0.2541103225822657,0.1667056008148878,0.885242355242752,0.9190877887130716,0.9238393628279779
1199,0.14398887648352288,0.9407793782480238,0.13546176569280013,-0.186649634765418,0.11340547140474881,0.776177135526942,0.8779598163507027,0.8905295797067027
1200,0.13066324465482718,0.9498206083936813,0.12410664253274038,-0.1806555843277521,0.10689727638935306,0.8584808555388298,0.9000358814769153,0.9107694976814138
1201,0.23393421908698692,0.9314085171492019,0.217888324110267,-0.2954213828869807,0.2044191923775035,0.7291382709176814,0.8856019255656646,0.8856980253191341
1202,0.10394012567153309,0.9012163120406471,0.09367253673074044,-0.07025744075873448,0.0483961040845382,0.23987782444701314,0.6664067440084066,0.704284435639861
1203,0.09951373547058749,0.9498342263217175,0.09452155193908952,-0.13407167887703472,0.07387579470270801,0.8640887896364108,0.8672566715395321,0.8986708031240856
1204,0.2142835537647198,0.9396508266628223,0.20135171843526628,-0.2865219537854152,0.18779762752229753,0.7813410994726683,0.9050241307802966,0.8989006673716027
1205,0.131952020250668,0.9478164198925959,0.12506629143158343,-0.18270003186515577,0.11063948810339777,0.8955858761433817,0.8988642423259755,0.9137738297646014
1206,0.12143887834430604,0.9343659063182892,0.11346834762645397,-0.14563393348733703,0.08774246491214813,0.7156230015997648,0.8350200825507063,0.8619893627795998
1207,0.03530331798577439,0.927719457479446,0.03275157500898699,-0.021588138516698923,-0.0017782953071593967,0.36482532318167266,0.48540751328105425,0.6229587494084788
1208,0.01625417196768971,0.9739964591321637,0.015831505942655054,-0.009387329679506735,-0.030445513246561806,0.527391345432056,0.14636194471058775,0.5352400664206219
1209,0.26183862944272723,0.9217446627519094,0.2413483591911088,-0.30372541683850024,0.21764790945561288,0.6247164034981421,0.8526000352878216,0.8527641537101663
1210,0.16748238716719208,0.9422524084578785,0.15781068268256163,-0.22695947701768301,0.146889342483197,0.8555440972736248,0.9030211652731206,0.9119374178093111
1211,0.16587702671501106,0.9433744217371814,0.15648414415675654,-0.2248767720592103,0.14249199946522262,0.8363005000901035,0.902886457079469,0.9082048354611153
1212,0.24106827685009202,0.9308086715577207,0.22438844252954301,-0.3009637444004721,0.2140946478767088,0.7327514633924104,0.8803314316236938,0.8747819243894434
1213,0.12995596887143518,0.9497174269506462,0.12342144837345768,-0.18015499419344871,0.10615393041626157,0.8616558637632332,0.8998630758265617,0.9143219133069274
1214,0.06570150802102255,0.9057476829807737,0.05950898865838389,-0.04202912235952396,0.003928862767963558,0.28530751596093723,0.6017397868215983,0.670799192636234
1215,0.14563635816256806,0.9399999162268019,0.1368981644723905,-0.1884892271792822,0.11898942314511743,0.7857829155935843,0.8734063826666713,0.8861274739795544
1216,0.10926234220180042,0.9046395966110625,0.0988430411742166,-0.0753499746452596,0.05689525096827756,0.24753054888434234,0.6716468031852588,0.6812266841482588
1217,0.2125229779291166,0.9393274540436412,0.19962866778393004,-0.28563193404062664,0.18405497830573303,0.7892363351015543,0.9086785550593429,0.9088493813519706
1218,0.09953132951374012,0.9363893463370172,0.09320007658342538,-0.11687900694439068,0.06620102102457798,0.7021405446372065,0.8164241652548857,0.8551014171374842
1219,0.025829347208588697,0.9856384720958018,0.025458398317905327,-0.01792904226652016,-0.020850134140547837,0.30256772685068134,0.5164255652095616,0.730282476912097
1220,0.17086616529615442,0.947315768304538,0.1618642126547767,-0.2412758734245406,0.15405529812287336,0.9021212067439962,0.9228887656780429,0.9268264499823599
1221,0.06324555099926236,0.9032324606079603,0.057125434651569974,-0.03960624757441619,0.011137638977559268,0.28267574035205323,0.5957681089356213,0.6860928167393454
1222,0.14528581979480748,0.9398587521179479,0.1365481492927808,-0.18801097504833156,0.11651026676751162,0.7892751783708502,0.8774157991088091,0.8900832076385568
1223,0.042186485342989674,0.9181502285612757,0.038733531159862875,-0.026244441928677212,-0.002942218354873485,0.3302387984540847,0.520764622826527,0.6481940998650241
1224,0.22320773070079958,0.9373563894522638,0.20922519254753472,-0.2958770349603837,0.20466300232021456,0.8137606483397954,0.9049907898899332,0.904021047634293
1225,0.06374702670651365,0.9040695247324214,0.05763174413766277,-0.04076634930367365,0.013890864624295805,0.2797992333390941,0.5893469283224686,0.6788220540954358
1226,0.13005904552174238,0.9486933834402408,0.12338615594303008,-0.1807738510100358,0.10603374098708934,0.8836997074686239,0.9013814432506589,0.9198238973500217
1227,0.23542225601810035,0.9318120084375783,0.21936928521113183,-0.2960588410151318,0.19976975458688387,0.7225379361165798,0.882053645374651,0.8765848958642586
1228,0.34056371064489577,0.896769208780489,0.3054070493343706,-0.29456201528820486,0.20899436470070903,0.1918013781569185,0.7532794145238073,0.7432396363669233
1229,0.13222797969774644,0.947881546086799,0.12533646183183375,-0.18303347684248672,0.10776105098967435,0.891946016156144,0.8950764870645541,0.9100580603319842
1230,0.14468241067777127,0.940910559471657,0.13613320797652984,-0.1871444078811289,0.11765412134242821,0.7734062235199763,0.8775646395697339,0.8869578354972883
1231,0.16750602887849733,0.9422434965444711,0.1578314663427545,-0.22695881894060324,0.14584807932899063,0.8551967060469916,0.9026174067835269,0.9115643859517603
1232,0.13009891418756359,0.9487724267444347,0.12343426253055066,-0.1808964254096257,0.10628441570859312,0.8834133942647205,0.9011692300958855,0.9195297419071823
1233,0.10997540894929225,0.8998392863376758,0.09896019350362519,-0.07352029575842829,0.04822969037598679,0.25896995158258374,0.6597720706037173,0.6696866414893766
1234,0.14595800154596184,0.938740159782761,0.13701663769282868,-0.1889287577296794,0.1177499499366902,0.80535625101769,0.8765430920495014,0.892701981813199
1235,0.20084375063697188,0.9475865439513238,0.19031683554030965,-0.2857309629885998,0.18117035824078456,0.8873703912671452,0.931094969577077,0.9240296811834238
1236,0.1099999429875611,0.9419236094966337,0.10361154334326748,-0.13914489390722592,0.08016409905703252,0.7716300974690344,0.8529513316662544,0.8830235924479641
1237,0.26751760662644014,0.9050051064628399,0.24210480006564558,-0.2428518346501363,0.14601994063161808,0.17286872517880525,0.7795609935446068,0.7795600733490957
1238,0.01907706317273119,0.9700994197585466,0.018506647914563665,-0.01147690135758346,-0.017062405268238625,0.5051610058279421,0.2469349487873145,0.511766802876275
1239,0.19945258249587533,0.9475575173996748,0.18899279390874546,-0.2854495177541189,0.1797975375914687,0.8965894735797034,0.9355679685504148,0.9338458727021521
1240,0.15878424555480034,0.9330962624349635,0.14816098606073966,-0.19445930369569275,0.12719748700511113,0.7193033147195446,0.8582707425208875,0.8694716276864806
1241,0.13350456975896477,0.9283485750254671,0.12393877709512302,-0.1523432859587611,0.10007224226663178,0.6682181023359263,0.8219644418610094,0.8414237807675177
1242,0.08151264522133622,0.9508685726684066,0.07750781261603819,-0.10702896774764671,0.055477988511922476,0.8519211388602819,0.8387588496711063,0.8854496546667269
1243,0.5007464211133349,0.8832775979992223,0.44229809604769355,-0.3867194548606567,0.32966230455404033,0.20541497086866609,0.7196529915026145,0.7198479633803436
1244,0.355667417191001,0.9590518306518637,0.34110348756024966,-0.3337252497888656,0.20600529198630996,0.2777578441928923,0.5742898512172653,0.27785982435631845
1245,0.09918197591617578,0.9489749407408563,0.09412120971761395,-0.13426148907747365,0.07339182379147409,0.8819151706801159,0.8640568550933678,0.8997544879026576
1246,0.2381936107597537,0.928062298372133,0.22105850985925427,-0.29089403613396275,0.1988502540322881,0.6530571664641455,0.8683622522713997,0.8685331694701502
1247,0.14390987774417602,0.9408077604040648,0.135391529780521,-0.18660835718553842,0.11358103604978884,0.7772702672481961,0.8793358989796733,0.8918032281308289
1248,0.021542736483641817,0.9816416124638616,0.021147246578686215,-0.014233157093181854,-0.015457812517928006,0.37905629998742835,0.3817863793898015,0.6553169750286699
1249,0.13118467383312174,0.947797372531095,0.12433648917538147,-0.18226721539806356,0.10921594261811779,0.8996753319238731,0.8993054512036341,0.9180151114927572
1250,0.09848684839528074,0.9515369313287436,0.09371387349828464,-0.1327735821556343,0.06985415527176282,0.8403416419632367,0.873649182284279,0.9075476289912079
1251,0.0669006419026842,0.918531748288553,0.06145036356849894,-0.04556025403046656,0.018444157943038275,0.24093404482462513,0.6507355370857806,0.726796017110826
1252,0.10201937689178961,0.9926943805370174,0.1012740621463676,-0.11731357397440743,-0.03254873586868951,0.07441095176791447,0.9486234450793598,0.8951281425213912
1253,0.09097850385713283,0.9431910709191749,0.08581011248363339,-0.11215651872360331,0.05905325351268643,0.7612490482495998,0.8280144741043441,0.868264483257878
1254,0.14747774738947939,0.9390147449674036,0.13848377935329917,-0.18996277466002007,0.12110687086212013,0.7980375055357388,0.8743361827759584,0.8839788739202041
1255,0.11109138653285845,0.9412541467298099,0.10456522824001717,-0.1402899375301516,0.08355727648622766,0.7788898286093336,0.8488425136153732,0.8760643941171604
1256,0.3773796055299127,0.8936166289008493,0.33723269090957286,-0.317739547760614,0.23939133860966497,0.19877530882177663,0.7426473550272812,0.7292181073707477
1257,0.01792408844335789,0.9761539859181091,0.017496670377932518,-0.010544068384573892,-0.016249282369709465,0.4715038281054961,0.24649389533574287,0.5920831471286936
1258,0.24109345836908844,0.9308087479010287,0.22441190011166,-0.3009969161375044,0.214116408435275,0.7327517236038946,0.8803305665828549,0.8747820296292329
1259,0.28074658628494675,0.9135616825180827,0.25647932372768406,-0.2627323375382047,0.1675516571487699,0.19010625467358497,0.7547030536075251,0.7069126565968887
1260,0.20186431266644983,0.9470308995822091,0.1911717416180523,-0.28799647419419366,0.18823640028300864,0.9047123028360788,0.9344860693698205,0.9327865602308877
1261,0.16136967853328235,0.93367027418575,0.15066607200143606,-0.19622372624882117,0.13014748710431387,0.7102647472818723,0.8563413272619285,0.8565590629532646
1262,0.14493182153504094,0.9399434154801773,0.1362277113454099,-0.18809698155760177,0.11482246298041925,0.789040881105138,0.8743000700891178,0.890167356725753
1263,0.13088268600287686,0.9297660542881606,0.12169027853953107,-0.15030834466200413,0.0933090031071206,0.6568372976054798,0.8277823260421467,0.851687352333328
1264,0.09941612818279848,0.9507556541131115,0.0945204459798295,-0.13382069147803644,0.07320074499116917,0.8486343306564785,0.8686081095078408,0.8994375370820265
1265,0.0780194689263825,0.9434918413840339,0.07361073240115704,-0.09428215717178991,0.04742933038905986,0.7633038629939194,0.8009017068458186,0.854343293419373
1266,0.03925842685913335,0.9839786709850781,0.03862945468581492,-0.029940569219628874,-0.007841624981705873,0.24639543626228222,0.6866399260188656,0.7363937165812663
1267,0.08359358422841365,0.8972405982776512,0.07500355752527509,-0.05307299047748265,0.027967108699927783,0.2619179002038114,0.6326423326775461,0.6979610256346106
1268,0.09046095602831185,0.9422453536142814,0.08523641550118265,-0.11183131552843147,0.06033209635923829,0.7752993669043655,0.8261095005102065,0.870164995725973
1269,0.09896459915693673,0.9499077957038603,0.09400724423788187,-0.13381531137403352,0.06887955520843633,0.8674125367108125,0.867232661715043,0.9022549315543235
1270,0.16659237357849987,0.9427957858961701,0.15706258777225016,-0.22582539195053977,0.1453684739005954,0.8464317920432164,0.9036524534509627,0.9107360840096494
1271,0.021266243377534657,0.9824572564420161,0.02089317512352089,-0.013824397397237294,-0.022540724051012206,0.38328777112336593,0.3871998306232457,0.6634340105578992
1272,0.14829667028850888,0.9752813041788772,0.14463097000436187,-0.17018087569546794,-0.02386906583916507,0.18372286371252786,0.8282432518360077,0.6470888505385365
1273,0.15779271017216784,0.9476976812821886,0.14953978555339587,-0.22236951578693137,0.13888743305170922,0.8984569494766727,0.9166152957163826,0.9261822251797299
1274,0.2007702071801809,0.9476341451069007,0.19025670364412606,-0.28586365632494243,0.18540930788267473,0.8889102623480489,0.9328695708876173,0.9256419760525657
1275,0.20184366499204023,0.9477922020162061,0.1913058517058272,-0.28648673617878745,0.18255209268030131,0.8835317416627531,0.9308182856121896,0.9199060180780912
1276,0.17653622935762606,0.9439226576976331,0.1666365467951693,-0.24326967595381935,0.15787826065470098,0.86836364219949,0.913719986868607,0.9186608432526892
1277,0.21831959416192245,0.9384656340860608,0.20488543636858,-0.29096201194537624,0.1877267992652124,0.7988679832696032,0.9065168122644343,0.9033978078478949
1278,0.13177020085528732,0.9289988676418773,0.12241436738350465,-0.15114773605434734,0.09756557874240386,0.6632067380747625,0.8238957470282502,0.8480847287847274
1279,0.06503035870607458,0.908267940292733,0.05906498995846396,-0.04152238045521826,0.019468002146846356,0.27431247089978134,0.6192408076880768,0.6955924410459239
1280,0.19982740716377595,0.9475554470121477,0.18934754812035015,-0.28549071295926903,0.18327398873086925,0.8941002162316323,0.9347331791077629,0.9311849706814607
1281,0.19043951069325643,0.9494819166010676,0.18081887160960264,-0.275541851999884,0.16636160312815576,0.8648669913173526,0.93701161844908,0.9372732389274626
1282,0.15871756018532102,0.9330405568574766,0.14808992073837196,-0.19434288413448028,0.12813484148593582,0.7199399969881028,0.859025035301831,0.8702404459228815
1283,0.1675231761584554,0.9422349626711625,0.1578461936342168,-0.22695224662742156,0.14631266896982453,0.854848174713335,0.9022127871671985,0.9111907293540927
1284,0.050291106177031204,0.9172437498654537,0.04612920281470178,-0.03188292344319641,0.00413766627970284,0.2875087601383523,0.5846811859362865,0.6971338384634861
1285,0.19153221087289612,0.9496726545854213,0.18189290313827794,-0.2762250611520739,0.1687805757724079,0.8588245710246613,0.9338811151810149,0.93046140131802
1286,0.13059149611716334,0.9497434467667785,0.12402841764074507,-0.1805030880773197,0.10593945040411207,0.8587479616178779,0.9002403711409257,0.9110499604493322
1287,0.20376393842745935,0.9464044162951644,0.19284309120944348,-0.29019682933756497,0.18709633613685203,0.9159296439510725,0.9344613257943877,0.934744475963049
1288,0.10641559702345477,0.8972144301675613,0.09547760924433982,-0.07026661220856584,0.04472259066549847,0.25364324055966814,0.6526675326334006,0.6824151776277311
1289,0.020557892791701005,0.9819614568110473,0.020187058354704048,-0.012289040362121457,-0.027168408310799527,0.39737673071022084,0.4012940618991636,0.6878018879031791
1290,0.3996669312945263,0.8912147227329026,0.35618905335916123,-0.3309685753439273,0.2436102463240912,0.20039689410712017,0.7378473344898078,0.7274986599195338
1291,0.13075061631130672,0.9497711190186869,0.12418315916637278,-0.180694030602262,0.10269341549849458,0.8570843945589579,0.8984265709281722,0.9092796245781158
1292,0.17693087383919648,0.9382385403422491,0.16600336481236633,-0.23094834008930964,0.15466563238203676,0.8048242154941639,0.8892788554224923,0.8926679489522541
1293,0.191381167043848,0.9495405499504715,0.1817241786049785,-0.27597731208649695,0.1699209381864163,0.8601038392076614,0.9351835380211035,0.9318412797774751
1294,0.018920832153456784,0.9704651310362232,0.018362007855118823,-0.011258997111392053,-0.01815016313981303,0.5087532096197518,0.24920454103146472,0.5154940381993143
1295,0.13170610639821928,0.9487974380300629,0.12496241632354534,-0.18186229064417483,0.10640728909897916,0.8732397241576652,0.8976082793719891,0.9086759923566515
1296,0.2994410098560073,0.9019005754810218,0.27006601911175127,-0.26687291644144545,0.16635511556130292,0.18350648038277428,0.7635181575293416,0.7541831680282296
1297,0.046584490602161556,0.9324888966364823,0.04343952024198221,-0.03078982160915039,0.0004989766625532328,0.2768447129254767,0.6065605755639787,0.71157584881717
1298,0.1593212280982353,0.9472128078746013,0.15091110782095926,-0.223863818232454,0.14281426496405622,0.9051815688089081,0.9159561349418058,0.9236698052648581
1299,0.13247171924536827,0.9479104732260605,0.12557133007894686,-0.1831351981593839,0.11198433860732458,0.8919918657221879,0.8970711058008477,0.910073014852943
1300,0.3249065702311098,0.9544900048925945,0.31012007380952805,-0.3030316428148245,-0.10709430850671171,0.2759817797049002,0.558163107000327,0.2762678698153122
1301,0.11175813531047551,0.9413507753006964,0.10520360732067625,-0.14080352607474708,0.08164678891903016,0.7751007567211246,0.8473656465093484,0.8714624362345822
1302,0.13171018339677126,0.9488996022635164,0.12497974063925106,-0.18197085513601113,0.10459418615514385,0.8736875477251355,0.8982180511086278,0.9091474868119298
1303,0.043999824992304676,0.9236685328794052,0.04064125379759265,-0.028251823121935422,0.0007627722513939917,0.30831863841317525,0.5493599001067139,0.6679129091878376
1304,0.21498078383220073,0.9396956875982638,0.2020165154836136,-0.28659870832593076,0.1887477809690021,0.7775476818161684,0.9031577367175104,0.8940972776435563
1305,0.1601569472879122,0.9472362643879759,0.15170646846478392,-0.2242695410137701,0.14335463170255697,0.9009678997742167,0.9153665554619103,0.9193011094912265
1306,0.2993370436274679,0.9019014279920289,0.2699725070985255,-0.2667379640586034,0.17059759320337128,0.18350675433902344,0.763515205036956,0.7541812312800781
1307,0.15925910710177119,0.9471298414873178,0.15083905286471233,-0.22370713042800092,0.1428676554796137,0.9054834312649722,0.9161813342564769,0.9239760520257941
1308,0.02426775243890597,0.9775450444275431,0.023722821136046957,-0.01639691122869256,-0.0164910700209291,0.3776511661980732,0.4266102812158355,0.6210343666992625
1309,0.5031916551865673,0.8831620566444576,0.4443997770808975,-0.3891145495920915,0.29720052671994707,0.20579246936777065,0.7217761317876116,0.7217439851468137
1310,0.15655169891839915,0.9481516204727519,0.14843474701724252,-0.2209461626068472,0.13824217156763427,0.8916097525581052,0.9189316392532064,0.9283904889439143
1311,0.1306836519675884,0.9497955938693042,0.1241227568295651,-0.18065247386019798,0.10791425783531028,0.8577786130898837,0.8992304750800867,0.9100221701072359
1312,0.06807234692394448,0.9246866876975759,0.0629455930009025,-0.04769347915885414,0.011009064406776658,0.22580732004199863,0.6774280965011235,0.7476684831153756
1313,0.23554498447235772,0.9318773272124939,0.2194990305684091,-0.2962767782419497,0.2050278844214474,0.7223487203983117,0.8818927541402025,0.8763659646830644
1314,0.1324904343336389,0.9281170081527903,0.12296662552260067,-0.15168607147717011,0.09999533197070447,0.6714859303127532,0.8222203822950319,0.8466776604693363
1315,0.2857971363687131,0.915241887238406,0.2615735104574331,-0.26590157201676445,0.17426957221046993,0.20561048586513334,0.7651284466009433,0.6907945157426586
1316,0.42796963112332964,0.8874769149150176,0.3798131679066507,-0.34629787776758975,0.2805664238435272,0.19906184712235403,0.731284827541847,0.7315562956220836
1317,0.12959909057673022,0.9506322093868276,0.12320106980948063,-0.17923087701875717,0.10030104800411788,0.8440675045363797,0.9019885599758154,0.912607199379326
1318,0.09945561624908535,0.9364074473729077,0.09313097973870549,-0.11679076119580882,0.06703701813026887,0.7029550942261921,0.8174900460075459,0.8561167151941154
1319,0.12137325363025728,0.9343129406999509,0.11340060152160666,-0.1455130974561797,0.08842379076150952,0.7162387188120152,0.8357342570063053,0.8627309090761947
1320,0.0644898327303984,0.9047496131956798,0.058347151217882046,-0.04212656096481522,0.008747328652779923,0.27640932914755534,0.5807828316690935,0.669629571461898
1321,0.03661918313800446,0.9316878060377869,0.0341176463967433,-0.02289937175215958,-0.0036661741301647287,0.34550922421324604,0.5124025183878111,0.6422031434321662
1322,0.1751930613394699,0.9387049790584961,0.16445459897586095,-0.22943948747398482,0.15115233173116907,0.7998770093537108,0.8903400012814944,0.8953061210022231
1323,0.13397996316374527,0.8952829185455623,0.11994997244786479,-0.09018103670357339,0.07419303287245702,0.23207451588826417,0.6890670104439668,0.7160607731806816
1324,0.1662451713379874,0.9427591574425839,0.15672915765949902,-0.2256489491488426,0.1449424409419457,0.8478219283723485,0.9034785083874975,0.9123460627595047
1325,0.2087821222397895,0.9434585750076651,0.19697728353542795,-0.29058423075483125,0.1938055277358696,0.8738409944566765,0.9247316347216034,0.9248747925607377
1326,0.22378551925106868,0.9375336883543114,0.2098064632637392,-0.2960280261910188,0.19929064901254295,0.8095950103487777,0.9022802633667247,0.8991725143659136
1327,0.016022656784719678,0.9729579505765118,0.0155893713080517,-0.008794460557006145,-0.02495880298665405,0.5362114933015276,0.14834983163391094,0.5441357594307386
1328,0.21754156602389246,0.9383814593951372,0.20413697220460378,-0.2906461715044929,0.18930723470762997,0.8017778688087112,0.906966916199634,0.9070712847308036
1329,0.2201860420713588,0.9389107652662665,0.20673504526216982,-0.29181157449827466,0.19462588176702542,0.7885383221190047,0.9002966365686393,0.8909638183119982
1330,0.16750294597958,0.942243680791149,0.1578285923631604,-0.22695430373845027,0.14735698533250768,0.8551970567257159,0.9026178695767342,0.9115647116787108
1331,0.21865620225416832,0.9386650608612654,0.20524493739660207,-0.29099552457064476,0.19281090330583073,0.7937748854718742,0.9005369023463293,0.8976120989720988
1332,0.1667167403456115,0.9428550572539353,0.157189721763751,-0.22599121910820638,0.14390588880427754,0.845493026079659,0.9026527148985962,0.9097242111696653
1333,0.14852570222043238,0.9473713255494991,0.1407089913907412,-0.20791282071483896,0.129714894513317,0.9040541020776242,0.9110692292587714,0.9225057950956713
1334,0.13732804120683526,0.8975332069520326,0.12325647722881172,-0.09404568869218846,0.07162002822756641,0.23522242999239468,0.6881661967107279,0.7014426737223594
1335,0.01892860582715378,0.9704938763437286,0.018370096042976965,-0.011261816048504002,-0.018163955991207185,0.5087501997529215,0.24906891536522607,0.5154310692291837
1336,0.34862464995838055,0.9077638556022589,0.3164688564042074,-0.30752734726010633,0.2106536274452475,0.2209472591687808,0.7463685804472867,0.6660822287252877
1337,0.23542554912775948,0.9318119388075556,0.219372337377571,-0.2960688159346465,0.2050422362389124,0.7225384162003873,0.882054357130544,0.8765855851873262
1338,0.2397550348350644,0.9304986080538556,0.2230917261879311,-0.300422168054231,0.2063228575473273,0.7377449038257294,0.8816024147211348,0.8817494531999407
1339,0.1576832738486522,0.9476391474129192,0.14942684319121463,-0.2222150599781404,0.13716924045178622,0.8995412039322359,0.9177171290865928,0.9273000880527887
1340,0.15555822282923493,0.9348631979402093,0.14542565766003424,-0.19149518154267184,0.1215417373633664,0.7000952028245228,0.861698190062999,0.8726955317731655
1341,0.33993276028704733,0.8979387643753713,0.3052388027428606,-0.29443210573714135,0.21205511269757296,0.19642224508385853,0.7553038321647649,0.73568905440571
1342,0.10121063750579275,0.9044824057328749,0.09154324089699736,-0.06916459541123454,0.043411637065389246,0.2281333446078715,0.683451402535332,0.7293408578900911
1343,0.40090127364388495,0.8893249615854046,0.3565315097828878,-0.3309131812835276,0.26502900097144055,0.1965564303016527,0.7398629865390515,0.7398491068930186
1344,0.20375874139759417,0.9463802561930439,0.19283324988542735,-0.29008150243146236,0.1859158345261357,0.9150990844039185,0.9335375338353882,0.933896191103328
1345,0.14611519019891767,0.9387869178751084,0.13717102906157713,-0.1891226180924714,0.1222367597859805,0.8039389053365497,0.8749318442604986,0.8911216331171605
1346,0.3444942387293965,0.9637269826579328,0.3319983932337229,-0.330927334618571,-0.04307615089592505,0.24250403763299552,0.501560896052421,0.24273712410975026
1347,0.06796124291252213,0.9074450257653939,0.06167109182580183,-0.04391116945458133,0.015024670503424467,0.28865386858733777,0.6081545207411916,0.6583645403117733
1348,0.13816022518623763,0.9434185267006484,0.1303429160938301,-0.18500642968704625,0.11571582536511897,0.8412335705680988,0.8873016512315111,0.9045440555835891
1349,0.2114712787238888,0.9420832179945196,0.19922354277361715,-0.29064646208815664,0.19178602863343605,0.8522111397312492,0.919254180400092,0.917684657748038
1350,0.019683817529873814,0.9715206034170604,0.01912323428417432,-0.012858035434164411,-0.027655737821546386,0.4880500127399249,0.2391116676505792,0.49448018948320444
1351,0.139182387231159,0.9429853201458532,0.13124694798183859,-0.1859782025013324,0.11630657077270276,0.8465529232711472,0.8860613343634431,0.9016555953544155
1352,0.17794355787048743,0.9471137966162303,0.16853279867811724,-0.2518718056952066,0.16370164118651076,0.9054298265432958,0.9256678115974284,0.9286902539998692
1353,0.20184504793147115,0.9470424888113936,0.19115583654727547,-0.2880318711676163,0.1882136895977094,0.9051171119831058,0.9349434732944559,0.9332050007189802
1354,0.10051403487026274,0.9516664840778449,0.09565583816546085,-0.134393187141638,0.07389544900724561,0.8265426713271953,0.8686433020217498,0.8919394262479404
1355,0.21459949816364707,0.9416572579954586,0.20207917500798137,-0.2935417598613152,0.19837799269631534,0.8573095179817467,0.9176043924516956,0.9142254810106586
1356,0.030265855185996598,0.9357074031971274,0.028319984761629186,-0.018178825877293,-0.007468123027964961,0.3697784269629998,0.4554204064277744,0.6453181006465774
1357,0.22097942120144853,0.9379425496674247,0.2072660017457184,-0.293475889858634,0.1997682600094357,0.8050452867775207,0.9053647734225316,0.9022524771025207
1358,0.2087473458687626,0.9434380878461038,0.19694019682937466,-0.29055359491842975,0.1932721162914139,0.8741837184756485,0.9250924978517903,0.9252372686402277
1359,0.018300632205114745,0.9784171135910575,0.01790565173901992,-0.010474746038646045,-0.024442633843120308,0.4574730863647447,0.2958798716162637,0.6295817955352481
1360,0.4965655990378662,0.8848114345582084,0.4393669200369505,-0.38473826805660755,0.2265675729493883,0.20280725350776302,0.7112742528092197,0.7111807753139906
1361,0.018810720379176925,0.9783232223147676,0.018402964575418436,-0.011475607072077862,-0.017460781863368198,0.4448818243785529,0.2873951597721919,0.6120063147690863
1362,0.11196558962177994,0.94034601159477,0.10528639563669755,-0.1409534214914548,0.08261469245169925,0.7887638964158331,0.8473042581116935,0.8717885246304509
1363,0.23197258217219735,0.9337087070135196,0.21659481976258982,-0.29832792227142935,0.20434928892067597,0.7728564032948666,0.8929751810818604,0.891569673617323
1364,0.01886587812811141,0.9712249988516393,0.018323012463310168,-0.011246065634225783,-0.016194474729249595,0.5100063033216701,0.2500547391629747,0.5166839327470558
1365,0.03270719888205711,0.9255987544515044,0.030273742546829692,-0.01955670570935414,-0.00537075235862927,0.36333845812846355,0.4575062614552252,0.6438946454140384
1366,0.2038113661099482,0.9449243767400021,0.1925863280939712,-0.286637966194284,0.18797314927531017,0.8725540814136661,0.9288341178678667,0.9289922939155689
1367,0.14454646609844932,0.939730845777799,0.13583477284088774,-0.1875057455479925,0.11637997424242114,0.7928058018385128,0.8785252054889381,0.8944239515360793
1368,0.050952427721338574,0.9201146193796514,0.04688207363928864,-0.032517213598556534,0.007925245239012224,0.2789796152387607,0.6024428767857113,0.7110664462243076
1369,0.1459501756628791,0.9387399591194117,0.13700926193524207,-0.18891427998149657,0.11604334963013009,0.8053562612360987,0.8765439422711764,0.8927017872739526
1370,0.1299647545328258,0.9497171414341506,0.12342975516210639,-0.18016324726999738,0.10448911738725561,0.8616571550507842,0.8998622625212485,0.914321983502899
1371,0.11258981504990588,0.9404643894541245,0.10588671166966253,-0.14142212009762922,0.08206151894271778,0.7853952759715556,0.8464751595661427,0.8677830940840118
1372,0.10269347518096171,0.905169388827667,0.0929549901661403,-0.07013631887189606,0.037416957429168604,0.23189380122987976,0.6870826499539564,0.7233647713100387
1373,0.025218464602635295,0.977439314513445,0.02464951875428142,-0.018283880410017803,-0.014101057798716324,0.36298649562131147,0.4091589013906275,0.5963452999694746
1374,0.21754674067694388,0.9383684900859642,0.20413900657214665,-0.2905537719830616,0.1960375303927898,0.801174594761642,0.9062099810705754,0.9063793842041293
1375,0.39917778684427324,0.8891364786752048,0.3549235317600786,-0.32825115821598183,0.24910371566244086,0.19659986108746622,0.7383339415616167,0.7387625569568672
1376,0.20885986883479352,0.9438852692653041,0.1971397535338452,-0.2918621274294118,0.19587734554182584,0.8884535595803008,0.9272108848088905,0.9273714174437041
1377,0.09886039828089163,0.9497812699329222,0.09389575462529973,-0.1335898283059444,0.07140187521211813,0.8686528447557016,0.8683921098965741,0.9035413631779095
1378,0.15906037284373345,0.9477550500011411,0.15075027161771276,-0.22302621119690086,0.13927327972435838,0.8917495611808202,0.9151883701811709,0.9191150602446416
1379,0.22011385830615274,0.9377725714962702,0.20641673892572654,-0.29292633702585663,0.19806793396284778,0.8079566390513041,0.9056192653237642,0.9058592872123933
1380,0.02091616756927473,0.9822222076466943,0.020544324285401216,-0.013060263457834141,-0.024483796564881748,0.390174047096195,0.3940750230965302,0.6753727836184629
1381,0.20585005897241074,0.9466704922718454,0.19487217666160048,-0.2912122044922519,0.18798540260590613,0.9046308442397005,0.9304401428237737,0.9230761097059431
1382,0.18902126495510316,0.889133463670169,0.16806513201684758,-0.12841787635335009,0.11691372370661848,0.2280706251183711,0.6949457288640568,0.7079322405935777
1383,0.09954807822349503,0.9499095828220061,0.09456167345601259,-0.13417053439733725,0.07531114498336772,0.8638239323090958,0.8670647602754364,0.8983983171519917
1384,0.04523526424436245,0.9285014936775403,0.04200101041778877,-0.02944981687871026,0.00045369307482928873,0.2920775380397184,0.5812545604107512,0.6925657769421598
1385,0.1724710300533205,0.9265672903447923,0.15980601497948044,-0.20136460003577242,0.13866111896759423,0.6763265734943358,0.8443105486036945,0.8569831862048295
1386,0.20875645753513572,0.9434380686581948,0.19694878911687488,-0.2905635030873257,0.19235310133891922,0.8741846402091908,0.9250929569137777,0.9252378437257842
1387,0.1994488336969222,0.9475699072155388,0.18899171284044,-0.2855059904349912,0.18415899363617427,0.8969849438471916,0.9360191763507907,0.934259425355741
1388,0.12359314349043246,0.9338080433842396,0.11541227149850831,-0.14720199561626007,0.09315192426121614,0.7192174033578392,0.8328150699105249,0.8516836196165447
1389,0.24020882651575937,0.9183088390374089,0.22058588860422534,-0.22872240802175117,0.13409676672464388,0.18138223824182867,0.7858980136709183,0.7417002383483838
1390,0.0657955412104684,0.9120787973643752,0.06001071809918222,-0.042757653017240195,0.014991501381064773,0.26410153982190837,0.6350292142780831,0.7082069547839783
1391,0.18331616203052997,0.9351406920445318,0.17142640262417733,-0.23281605009644793,0.15683025112105514,0.7598084711596369,0.8789386682158529,0.882108815926689
1392,0.06982733706642268,0.9254500173024136,0.06462171029630233,-0.04906923928201792,0.015845216720297692,0.2310658596569541,0.6824822478869592,0.73717381435708
1393,0.1576383997789138,0.9476104076818844,0.14937978828081638,-0.22215258554855452,0.13996759977457876,0.9000857432767012,0.9182699640993364,0.9278612239668547
1394,0.2246225839301033,0.9376377221459603,0.21061460793876183,-0.2965148561789843,0.20079324992476685,0.8072251012110369,0.902620254824652,0.8962213445469831
1395,0.22534790174386607,0.9377023527086876,0.2113092576431894,-0.29656970217957573,0.20287114060393882,0.8030718274986524,0.90070996825969,0.8912776535849067
1396,0.14531880299867833,0.9398450806344512,0.13657716212199475,-0.188033351157107,0.11986230791855462,0.7887078853994095,0.8767164646181721,0.8894360108747524
1397,0.020923749430935928,0.9822368349778601,0.020552077416912305,-0.013063963214850058,-0.0287758949875795,0.3902009479243767,0.39405256779003744,0.6754052738994453
1398,0.06824753172209512,0.9195165244073884,0.06275473316848389,-0.04610572743790964,0.016413762080589808,0.24797588542220664,0.6644016069752171,0.7234061498539344
1399,0.16622517810489543,0.9427679535857466,0.1567117709963785,-0.2256553574883242,0.14404796972991332,0.8481629125158883,0.9038793217811386,0.9127158917584335
1400,0.314781383838034,0.950093578320188,0.29907177135925833,-0.2857389081851199,-0.8738962737854679,0.30533140334162046,0.6165550101260253,0.30576428714361775
1401,0.20566799139127562,0.9466329958600612,0.19469210684324453,-0.2911485490041867,0.1867566875061442,0.9065409964891837,0.9324816944616551,0.925029256526712
1402,0.21352316517210576,0.9395771437621943,0.20062148565947036,-0.28619163396354536,0.18639340119014808,0.7840477404419705,0.9054491140046305,0.9024435020293466
1403,0.07035379323700426,0.9208260845787067,0.06478360796169053,-0.04814409123857059,0.018829974916007974,0.25165361942401154,0.6670992198961548,0.7099252321464392
1404,0.10347138132071958,0.9008285479767767,0.0932099741922952,-0.06922568057062457,0.04647802213733275,0.24138711362455734,0.6716072251333115,0.7094221027997326
1405,0.217508559022549,0.9383678735969314,0.20410304401912197,-0.29050249592010574,0.18670841046360537,0.8011711690872112,0.9062090398954399,0.9063770399209964
1406,0.18865471128642422,0.9212666285629147,0.1738012898293541,-0.20769405490501175,0.14362434474993577,0.5753262528491074,0.8283972512017826,0.8384901756132151
1407,0.02181231047168706,0.9808241038931368,0.021394039872231343,-0.014635571814822836,-0.0346792520788497,0.3749050741506275,0.3765602275683119,0.6473854502730213
1408,0.19544644298618424,0.9486331119894067,0.1854069674372441,-0.28077987188404735,0.1767990966927365,0.877373169922645,0.9357337761485283,0.9321759460891686
1409,0.10186577062828839,0.8995876813540267,0.09163719240884306,-0.06786888843878948,0.031909029248407605,0.23792632576373154,0.6666650258007204,0.7151224061969513
1410,0.49999169194692095,0.8838946162572261,0.44193996468522495,-0.3875114157353614,0.3525403920393163,0.209580071803946,0.7245652276034978,0.7173378468252155
1411,0.4832428139945038,0.8904589291317336,0.4303078786601514,-0.3801334929059999,0.2870823476112795,0.2209573471854252,0.7207750929741841,0.6807038530704244
1412,0.1311618821169772,0.9477694287117092,0.12431122208276005,-0.1822200484874621,0.11027238183929325,0.9002139151278177,0.8998397769497489,0.9185636443357785
1413,0.15891156118016397,0.9471474183149757,0.1505126749121946,-0.22359500421681,0.14303150723340172,0.9070675695450319,0.9159256127929898,0.9256263591568313
1414,0.08269154767367816,0.9510677359507005,0.0786452630282645,-0.10807538141471293,0.056064281915862206,0.8424551543328551,0.8360616495258019,0.8753860289574106
1415,0.07053515228412852,0.9208317534580872,0.06495100795822727,-0.04844172061820147,0.019059861755168977,0.2510272716559587,0.6647050903903893,0.7076556127231861
1416,0.09942011731207952,0.9498824412610153,0.09443742374285462,-0.13398139725706565,0.07398251412009696,0.8654738046784687,0.8687858175620217,0.9001177679731241
1417,0.24186032437998223,0.9309905124294529,0.22516966733087335,-0.3013589591390377,0.2164539172063527,0.7299731967308856,0.8793082811269006,0.8709712462524088
1418,0.14599204724259113,0.9387410916307677,0.1370487337979206,-0.1889680608716858,0.1167788761063437,0.8053608830268425,0.8765438473221996,0.8927040801400885
1419,0.10867079559486138,0.9042604088314764,0.09826669805265116,-0.07411288174638024,0.056286346778847474,0.24937518295373948,0.6780594883031669,0.6872194773007245
1420,0.11106670982654304,0.9411870633891761,0.10453455046194181,-0.14020234398739287,0.08238186209576126,0.7791054756722953,0.849008063556601,0.8762986665740098
1421,0.06756004674877146,0.9134572777415016,0.06171321638722136,-0.045093530228423925,0.014169967903885897,0.2629946794172759,0.6288647994105682,0.6924391917829684
1422,0.39952962375044665,0.8926550337009653,0.3566421297534889,-0.3315569602777057,0.2632873198834096,0.2046799237847125,0.7383798448014969,0.7182417455707599
1423,0.1588755366110074,0.9471714789453999,0.1504823769800919,-0.22361421520226735,0.141243548836727,0.9078705642251493,0.9168111051329065,0.9264471740001577
1424,0.2174937339869884,0.9382819468314206,0.2040704441489466,-0.2903091753030605,0.19157117478107605,0.8008109525399116,0.9056467809357336,0.9059503406254718
1425,0.13153804485020776,0.9477791067545135,0.12466901065236502,-0.18242751255098213,0.109887661645974,0.8981590400241923,0.8996165347655053,0.9164317860083143
1426,0.197143462938658,0.9480751874320753,0.18690682557657656,-0.2829888084752888,0.18082854045914026,0.8886135509631139,0.9366276772786984,0.9348845466675265
1427,0.48296740254468373,0.8911514675470412,0.4303971095550775,-0.3799102789349555,0.30744065382810865,0.21950372723936298,0.7160733743137715,0.6762348947715653
1428,0.2039541960872513,0.9465277435073279,0.19304830500131706,-0.2903684608010658,0.1915748203335508,0.913648474595172,0.9321444706826166,0.9324171772872065
1429,0.051862730082603094,0.9161075914155802,0.04751184074020987,-0.032992306750841846,0.00981330568847328,0.30144461906341524,0.5791391519978517,0.6679235532203269
1430,0.1626583356012684,0.932688817530481,0.1517096106934232,-0.19755176523180154,0.1320563803406672,0.7206315407473298,0.8530646073812386,0.8560441016246051
1431,0.33729159802287134,0.8963420180648178,0.3023286316481278,-0.29153304280455766,0.1785259616826766,0.1852209968377895,0.7423374832318421,0.7426876788735761
1432,0.34019587999321915,0.8970892182750002,0.30518605604349275,-0.29462743036079614,0.20853035962533895,0.19119235522458086,0.750856631599637,0.740835967786756
1433,0.1593609184677402,0.9472012647843292,0.15094686352983588,-0.223876024782578,0.14285683530945106,0.9047855859192572,0.9155163377153367,0.9232635645963801
1434,0.23235576011242035,0.9337912576935357,0.21697177746771443,-0.2984469801924618,0.2081720467061187,0.7709213954361644,0.892020179582599,0.889120844426541
1435,0.2367130378241182,0.9172083693166413,0.21711517941864789,-0.22532208792226982,0.1066051311809693,0.17378868010384765,0.7838367768040159,0.7535309287989747
1436,0.20281052097604335,0.947074005194205,0.19207657239630468,-0.28831690479324196,0.1884841629338811,0.8995012984382236,0.9327149527143194,0.9273065625040203
1437,0.20434144431177848,0.9465174661997525,0.19341274610958242,-0.29066534270224426,0.19218424634804507,0.9138125228307651,0.9343052618329228,0.9325498644264738
1438,0.10227275889565847,0.9003642187759162,0.09208273266514717,-0.06901312266686092,0.04245516060426858,0.2365159571789359,0.6638139197715842,0.7116470849896886
1439,0.09089126778989721,0.9986846314987973,0.090771712279212,-0.1036876518866628,-0.053460424594869105,0.02950567519725721,0.982673277467924,0.9839303596538713
1440,0.13116177644876392,0.9477252896207279,0.12430533257207395,-0.1821795131828264,0.11209074568769692,0.9002364569742333,0.8998087978204251,0.9185837903898547
1441,0.09885388409030464,0.9497806942345433,0.0938895106590706,-0.13358322976913886,0.07213219039398337,0.8686487805950913,0.8683888907380661,0.9035382886375575
1442,0.14754860411614812,0.9390021909334811,0.13854846253423994,-0.19001601712479405,0.1201915532675964,0.7974638877634301,0.8736358741743061,0.8833340506854568
1443,0.2237323475517942,0.9374720479389699,0.20974282204957387,-0.296007476049872,0.20093734197315538,0.8104545145674731,0.9032315548248008,0.9001262178199266
1444,0.13112297963213562,0.9477410764671764,0.12427063386614386,-0.18215478867419957,0.11063952679435737,0.9007542105867236,0.9003765642076226,0.919114288776974
1445,0.18356974209280058,0.9343621560777119,0.17152062001245866,-0.23336330233678676,0.15904710942681796,0.7706875765169012,0.8800551551946995,0.8878361590621785
1446,0.204847735737285,0.9465629984687801,0.19390128696902478,-0.2908793321806311,0.19212054266809647,0.911045834454357,0.9333494085781554,0.9296913667779825
1447,0.19982164535277916,0.9475552650810198,0.1893420521311782,-0.28548922070099186,0.18326925101815916,0.8941004560508693,0.9347325657084797,0.9311843602982578
1448,0.14643241610908808,0.9388398698492743,0.13747659048157101,-0.18931403618242837,0.1209128452303389,0.8030999318795213,0.8755417172706713,0.8900430485726276
1449,0.3833984050416207,0.9549488598475705,0.3661258697618727,-0.357047840491793,-0.09846942090066768,0.3434460267448391,0.7212968307527918,0.34355737399723735
1450,0.1461114956579104,0.9387865529279565,0.1371675073518378,-0.18912337006510282,0.11853714059574892,0.8039411792118758,0.8749339972019925,0.8911232689437255
1451,0.11138234001996918,0.9402117728659419,0.10472298737613238,-0.14052470089238253,0.08125705486435926,0.7916265739654038,0.8474831936823717,0.8752330075414263
1452,0.23065589518929797,0.9630443846847874,0.2221318646564963,-0.256548885817982,-2.1460107820057943,0.037518599070050306,0.0067301873449609265,0.03838836113183004
1453,0.17766000287097775,0.9470835275744828,0.16825886222793837,-0.25171864615990786,0.1622005414712527,0.9072585710979971,0.9266276858029044,0.9305889567535122
1454,0.13177897769894403,0.9488766073941268,0.1250419892848403,-0.18201379465053796,0.10537835903330788,0.8729663176401817,0.8974020111905846,0.9083924797293399
1455,0.18688167814108228,0.9421880946927448,0.17607769226072909,-0.25494909199606286,0.16785367346740024,0.8538193929757645,0.9110551042488367,0.9147306243902144
1456,0.06309591867114259,0.9029638200571775,0.0569733317533119,-0.03926594379242175,0.017646232206785708,0.28348656458387655,0.5974781074968932,0.6880779304156155
1457,0.021847298880143733,0.9693015063148501,0.02117661971343406,-0.01388880381721877,-0.01513907518297943,0.48737096595228047,0.32131716015545086,0.49309046493832825
1458,0.09968094941097064,0.9490312398112453,0.09460033500505548,-0.13452493444523006,0.07098505458024194,0.8795880587605499,0.8654597694974075,0.8973182264961168
1459,0.1017185591264979,0.8995333829442294,0.09149923959927127,-0.06760787420388908,0.04384903577714709,0.23832601645498508,0.6683057795857673,0.7166905304310764
1460,0.20875541360132138,0.9434446202871904,0.19694917191799402,-0.29060373167892994,0.19382094246040307,0.8744327003030119,0.9253808955352668,0.9255017943655091
1461,0.2110312478076782,0.9420216226900151,0.1987959984980877,-0.2904722872779084,0.1924319102648118,0.8544879477343331,0.9200686736853984,0.9202581760217684
1462,0.21498354803265493,0.9388287738002684,0.20183274078672855,-0.28811858376277305,0.19146749219680664,0.7958722568167255,0.9083028678709409,0.9084431977653118
1463,0.10994868935399942,0.9419379478500655,0.10356484281891054,-0.13909580708117866,0.08010521356979478,0.7721554063159956,0.8535990988437387,0.8836351198618249
1464,0.21464320052095462,0.9416970026321918,0.2021288585659635,-0.2936396882306356,0.198348237335156,0.8571729563962904,0.9174980136782356,0.9140824108242042
1465,0.20092135921366772,0.9476923835733119,0.19041164182399037,-0.2860123413488374,0.18703139749420525,0.8878492536944887,0.9317582003831948,0.9245342752640145
1466,0.06954625674049843,0.9519256607998468,0.06620286640385477,-0.0894679595144222,0.04087470462175304,0.8420992979270957,0.8105590263403594,0.8748228246872255
1467,0.015804925482291874,0.9743584325914941,0.015399662420151273,-0.008556881723700336,-0.019510903654762532,0.542518000633327,0.15061365068908403,0.5505542598109626
1468,0.1576308836722286,0.947610246697549,0.1493726405637932,-0.22215064521578887,0.13888114392019715,0.900083805791126,0.9182681684948891,0.9278598358707634
1469,0.17351507697238752,0.9391603246578261,0.16295847602241514,-0.22794933897863612,0.1485274997151864,0.7946838161852128,0.8910300867343875,0.8975864256024914
1470,0.14635768059963777,0.9389612656254048,0.13742419300983463,-0.18952807783055747,0.117852761630299,0.8014700820067564,0.872259549940015,0.8883852518250397
1471,0.09942483743560725,0.9507556942581691,0.09452873034259637,-0.1338313415693999,0.07147583472469968,0.8486362122507243,0.8686094627762673,0.8994385379691302
1472,0.1329485040806374,0.9480024384144087,0.1260355060519922,-0.18351855534162329,0.10997752570978898,0.8884310693811617,0.8952927877834967,0.906409073090058
1473,0.12691401896420512,0.9819123579776082,0.12461844362155754,-0.15192569028424407,0.01507747542936841,0.12697906896056166,0.8237136788220333,0.711612185972626
1474,0.20133273532840845,0.9469993368151747,0.19066196683518788,-0.28780498838411417,0.18626598516827855,0.907840019108252,0.9359027560379081,0.9360663627504587
1475,0.06412704142625872,0.907708396101322,0.05820865391975233,-0.04106902717675367,0.012245435928305704,0.27114990047909593,0.6132238429441764,0.6993277414959481
1476,0.03444917602837345,0.9833210079176957,0.0338745984941543,-0.025851131277875743,-0.008327748260998996,0.26806442054209856,0.6234636467405901,0.7136607465492122
1477,0.09158300522196872,0.9416326079455032,0.08623754405064904,-0.11287524894651482,0.06339308256132406,0.7794238387279213,0.8214534533235216,0.8596682855616667
1478,0.12081619686714792,0.9351347932106867,0.11297942927386198,-0.1449503679761922,0.08805817148762193,0.7066674162918308,0.8375268400007554,0.8642521510126765
1479,0.10325382939685106,0.9005399169081278,0.09298419494548626,-0.06868051486498082,0.047859660697100063,0.24211501685434442,0.6736317564660372,0.711574622501927
1480,0.17611610893261787,0.938086051467969,0.16521206522850218,-0.23043597008938685,0.15170389967706188,0.80829454485236,0.890153150956141,0.8968302827151927
1481,0.3996885674373234,0.8912158865101827,0.3562088009566391,-0.3310832847805562,0.24363251018953003,0.20039868778675118,0.7378474962106307,0.7274990371331558
1482,0.11047356830653324,0.941141733351932,0.10397128556558374,-0.13982244178973258,0.08217328902651398,0.7822017327025498,0.8496880880417542,0.8801255109943178
1483,0.16538035617692873,0.9432999792437394,0.1560032865490191,-0.22455491191365204,0.1442512894183819,0.8392252660778995,0.9044951105074259,0.9115161407070871
1484,0.23465949837802358,0.9315857985341035,0.21860545618010327,-0.2957719793370606,0.2013873244244331,0.726380094372155,0.8845391283332118,0.8818016554160782
1485,0.0633498663979297,0.9032759210618274,0.05722240891973366,-0.039777671984260896,0.0161352777088178,0.28220226897680184,0.5944051165176294,0.6846989908597398
1486,0.12681482865447702,0.9849391760016051,0.12490489283972533,-0.15383782214947644,-0.0007841684854398407,0.12663594115177362,0.8459224292910275,0.7271082483083696
1487,0.16546889815389945,0.9471966606833612,0.15673158777832874,-0.23364255675363585,0.1497134902808317,0.9068479523225663,0.9214366416660048,0.9292006868013513
1488,0.34707491374179233,0.963740234628619,0.3344900588032227,-0.33270065906974766,0.2913628356700423,0.24212944810219098,0.5012598810675004,0.24230995629706126
1489,0.1305974410896736,0.9482219849204508,0.12383536481558197,-0.1814760575154173,0.10916322159267983,0.892144852512211,0.9008852255633577,0.9194739465003662
1490,0.11246364721873392,0.9483694346327307,0.10665708552956557,-0.15421169508443153,0.08994625862143629,0.8923766451847993,0.8830995767004398,0.9104969687713985
1491,0.09874922584587797,0.9498283519155477,0.09379481443812648,-0.13347973395905607,0.06803258926179662,0.8700564315965841,0.8699360988620257,0.9050085307354117
1492,0.08382902128748108,0.9007077449665607,0.0755054487266009,-0.0542100374721021,0.030893103053489086,0.2541696151803505,0.6441906589289721,0.7072443232127603
1493,0.09917612831934994,0.9489747417916251,0.09411564076374818,-0.13425346809797922,0.07488735679426807,0.8819123581565651,0.8640570834021556,0.8997536003983361
1494,0.13291667312037134,0.9293737635687964,0.12352926873892298,-0.15211718895239307,0.0983115474710432,0.6589151277711294,0.822249455781617,0.8414180353734491
1495,0.06915413389447361,0.9146313304205442,0.06325053748798286,-0.04596078178209797,0.019970069817888722,0.2691313199676765,0.6411281872935848,0.6873035772176761
1496,0.1125668444348473,0.9488383051967544,0.1068077338949072,-0.1540447557058884,0.09006746469761842,0.8821159958867668,0.883611667931984,0.9088967921754411
1497,0.01900999688035031,0.9718028653086703,0.018473969437833318,-0.011633366170454277,-0.022849188552748558,0.5052119392984405,0.24818877176035883,0.5119278895093896
1498,0.4942522129430238,0.8878361425986433,0.4388149782101775,-0.3873746648981767,0.3691625530512882,0.21727201736505353,0.725377337565543,0.6972055395024405
1499,0.10213944541358372,0.9932241240950789,0.10144736120646382,-0.1308797715060662,-0.05729399202382566,0.03013281301151972,0.8161830717405152,0.8220226397193344
1500,0.20433431599916207,0.946529047654452,0.19340836552581073,-0.29072910106519834,0.1909860807936224,0.9142256653078791,0.9347675656572492,0.9329725956103572
1501,0.15945466684519546,0.9332622103168327,0.14881301482528128,-0.1949508687626964,0.12447580757826684,0.7171774958150929,0.8580392699111584,0.8664024721124327
1502,0.015576505556098026,0.9745248577066995,0.015179691860624045,-0.008138723039979558,-0.02184776256400049,0.550401415034126,0.1529171591535552,0.558572147446363
1503,0.06648372419772243,0.906038324242318,0.06023680206149288,-0.043343507151058204,0.018980342328490708,0.28172072931560577,0.5913678824391816,0.6605751891570778
1504,0.19908150237523964,0.947593914706081,0.18864842018132127,-0.2852626909533173,0.17895921125112726,0.8971964436607094,0.9343573474602226,0.9345482214889204
1505,0.21148315831871684,0.9420923923615566,0.19923667456465777,-0.29071293353754635,0.19451579572272024,0.852561389330139,0.9196698226305711,0.9180645910947843
1506,0.12367662962140812,0.9338613262996612,0.11549682137052014,-0.14734096260841034,0.09078015407942037,0.7186032865764229,0.8321067543803128,0.8509555029928392
1507,0.07779370162186544,0.9449639720585707,0.07351224528573724,-0.09390886980561784,0.046517821629004946,0.746678849368584,0.8081712579480979,0.863238994195501
1508,0.1619341200915159,0.9324638855154103,0.15099771881805396,-0.19696105932009852,0.13296264512777767,0.723417160217723,0.8540134986912054,0.859802743308532
1509,0.08152996141840889,0.9509401144476206,0.07753011084213185,-0.10709797751710619,0.05429050376369037,0.851666227678884,0.8385785788327834,0.885188939482056
1510,0.21193313461971516,0.9421363538642001,0.19966991071362913,-0.29079685610746736,0.19261612752938168,0.8496084170530428,0.9180335988694621,0.914758386033522
1511,0.22285125166302983,0.9372598202003735,0.20886952406511952,-0.2956633438268959,0.19896400113017748,0.815549674506634,0.9059738359963635,0.9061175938161843
1512,0.20491040879851846,0.9466174198800292,0.19397176248341558,-0.29072343514149496,0.1868541112074837,0.9081298912130227,0.9302569529998908,0.9267167776738595
1513,0.14571302494858376,0.939286780993822,0.1368663181528277,-0.1885361756310864,0.12058363446176476,0.7963539083275378,0.8759281419267254,0.8903970686654148
1514,0.1321473310419129,0.8990108823391569,0.11880188867875477,-0.09126019930630512,0.07079399996284587,0.2245867334293119,0.6967992199902803,0.7229147454522118
1515,0.4896588308301417,0.8830263484749011,0.43238164938642937,-0.37532877871342757,0.33397353659632484,0.20508657654393536,0.7144026802222043,0.7157616253483401
1516,0.3234094192865615,0.9501488382127893,0.30728708400219923,-0.29495632233181057,-0.06417009914012728,0.3048624591096851,0.6161203526381364,0.3052567556464775
1517,0.21105006327454343,0.9420693852438282,0.1988238033647202,-0.2905924227546826,0.18907750031062723,0.8547040559065936,0.9203807114134548,0.9204968841828335
1518,0.13182180739073668,0.9489545829724911,0.12509290825915656,-0.18214031545137074,0.10976213733042174,0.8726884827125938,0.8971934417899666,0.9081065683585842
1519,0.06876177625030624,0.9202292805737531,0.0632765998897927,-0.04732245248328533,0.010862409707750745,0.24565288549553468,0.6582224334811783,0.7166404665071013
1520,0.2147170299613707,0.9417017588801828,0.2021994047761517,-0.2935428113519044,0.198612645111798,0.8556281491879744,0.9157336794794357,0.9124272536766043
1521,0.11141691377566913,0.9402807019831589,0.10476317389778325,-0.1406203658904934,0.0844292777222422,0.7914068109833029,0.8473160392753409,0.8749960539197801
1522,0.18118402518568344,0.9355046128491985,0.1694984913357922,-0.2310883617210587,0.15261010737560418,0.7567018331102082,0.880169472356463,0.8863319032237439
1523,0.15417207195748608,0.9440506188889194,0.14554623994685176,-0.21030848832013171,0.1338718079001851,0.8674352203919478,0.9005182034674641,0.9114261564152081
1524,0.1593140946287233,0.9471594175244946,0.15089584507198378,-0.22377640355404,0.1411308152968479,0.9049337877117553,0.9156275920819744,0.9234152300140586
1525,0.4901840050567177,0.8888779340089706,0.435713745699058,-0.38457808536367,0.3668348874008197,0.2174862660298482,0.7217418201881289,0.6905891832838292
1526,0.21828334964854318,0.9384659562039747,0.2048514924513266,-0.29091742857689673,0.18572780273486053,0.7988682817975556,0.906517895641855,0.9033983173454402
1527,0.14604908847117404,0.9393664683584596,0.13719361644413897,-0.1887736892123054,0.11926569474005885,0.7951388156633639,0.8760830327355935,0.8888794930129856
1528,0.1587093120465331,0.9330407274368298,0.14808225196289604,-0.19432934745503774,0.12653650718188375,0.719937900843352,0.859023685831197,0.870238915638967
1529,0.14501545856288112,0.9398170289581727,0.13628799741957393,-0.18788093171142592,0.11816230323234236,0.7903548624966961,0.8771799344716004,0.89147322251992
1530,0.19660708522305956,0.9487863926628212,0.1865381271607385,-0.2813010274883139,0.17671286891923868,0.8696480783892651,0.930841282618488,0.9237601843815665
1531,0.14852200697326717,0.947715428491314,0.14075659747905983,-0.20752546300306643,0.13077071640193055,0.8945880116472762,0.9100434067696935,0.9189494396765971
1532,0.20087637352191026,0.947195651004851,0.1902692273895794,-0.28712411011938965,0.18475138862016774,0.9034748893847162,0.9358153556229305,0.934700287279134
1533,0.11796626658931098,0.9481367312386957,0.11184815040042187,-0.1624360491975429,0.09566134816798175,0.8952248230733096,0.8888415023440149,0.9134243515679986
1534,0.17440346768869036,0.9385503239214219,0.16368643109223957,-0.22892459708436425,0.14945485539741954,0.8029932236500683,0.8908524812001083,0.8991314896615958
1535,0.19907785487820479,0.9475692020612245,0.18864004409500074,-0.28515305670248914,0.18334122490085183,0.8964009596651875,0.9334491240035743,0.9337164515218634
1536,0.2119453808626497,0.9421539908428644,0.1996851864204563,-0.2909181994802126,0.1922899388123142,0.8503022823571663,0.9188583755587936,0.9155106689257823
1537,0.17652124502901706,0.9381525523404858,0.16560385656629265,-0.23065509274983123,0.15484799557987794,0.8060992440368315,0.8891625884520374,0.8942339013189302
1538,0.23019039945285433,0.932794622628923,0.2147203667904263,-0.29148841145993554,0.19718036568927994,0.713069737244705,0.8843556567890702,0.8789071768214755
1539,0.15705807507239794,0.9339733788862377,0.14668806105673587,-0.19287397642384477,0.12593623866542605,0.7103080070911076,0.8609750402375937,0.8720338858876695
1540,0.17797567510428947,0.9436470985640328,0.16794622942713772,-0.2446155006447237,0.16059767585156678,0.8710394490627198,0.9116771651480813,0.9154553476209317
1541,0.1056068770891281,0.9909965341684297,0.10465604917967729,-0.12336418826729204,0.019518947838594855,0.081006197970599,0.9234200602288559,0.8628492677458158
1542,0.17027018415032125,0.9472807752857612,0.16129367204996564,-0.24098208223585682,0.15416888178451185,0.9053226654493526,0.9237002752014557,0.9301776678470404
1543,0.14213653893127307,0.9417770982859769,0.13386093719510614,-0.18516425721435487,0.11133991408020305,0.7666228787778113,0.8797274230865557,0.895069946740602
1544,0.2711178580073873,0.9074651517364725,0.24603000815514112,-0.2473208215945937,0.12669806203671471,0.1800344986226667,0.7706718930786228,0.7537302532032317
1545,0.2228649924453415,0.9372915330919652,0.20888947044162337,-0.2953975360542478,0.19954070003070656,0.8131133368879498,0.9030902429927921,0.9033933510433229
1546,0.20412305188077326,0.9464671924971884,0.19319577183755338,-0.2905452257677909,0.1922001613242705,0.9151737926058506,0.935053863083183,0.9339509161412431
1547,0.3843859105508609,0.9573768613952642,0.368002176607744,-0.36216930999504937,0.26892034174522006,0.33593701980613644,0.7096387430050983,0.33608063893651685
1548,0.1564072069330571,0.9338207383399533,0.14605629345991725,-0.19240911775063257,0.11962115014204021,0.7128217518066797,0.8618236827149904,0.8756750518126301
1549,0.04082433499715491,0.9167475423048401,0.037425608774871236,-0.025011207308574483,0.001163598109479152,0.32950386575910223,0.5126025435300574,0.6593264199844371
1550,0.021937764938274665,0.9683760001894411,0.021244005064022582,-0.013909486428158039,-0.02469176537456773,0.48587178694083477,0.3196004556002483,0.49158912915279446
1551,0.15890524573937553,0.947423155196179,0.15055050929562336,-0.22323091843146567,0.1425271794255676,0.9005303379806078,0.9168166497481054,0.923573811681523
1552,0.20893467053061326,0.940563782475629,0.19651638400457294,-0.2816952329453694,0.17843985532014492,0.7724443468444037,0.9076820044698092,0.9046597040346959
1553,0.13164015895832826,0.9488463857274283,0.12490628904419392,-0.1818463869750687,0.10459871284544184,0.8746963026330314,0.8992473960695828,0.91019486930972
1554,0.0653197370855476,0.9087409086305253,0.05935871723062754,-0.042185327749512704,0.016417172981121823,0.27282836359731355,0.6159206930346456,0.6918373313581916
1555,0.17552039353118082,0.9442655369046717,0.16573785863543972,-0.24220047030114145,0.15645535319397294,0.8632287939459692,0.9142420480242934,0.919152507674834
1556,0.18384097349447343,0.9237020939130933,0.1698142921638666,-0.20668951485619153,0.14449798235873365,0.6191204617629382,0.8332032221785337,0.8377574139058216
1557,0.4000577528801923,0.8890441459193474,0.35566900322778394,-0.32941291153533137,0.25582444017408384,0.19692730418091178,0.7403883394901208,0.7406050518226711
1558,0.14623453808260758,0.93883189704989,0.13728964880230887,-0.1892760516775398,0.12129201865078373,0.8025247436071081,0.8733292162132666,0.8895474430635146
1559,0.10460765240066239,0.8961812598269645,0.0937474177159668,-0.06875799159637377,0.047296684368676956,0.2509431969509501,0.6512993267423995,0.6909889058753189
1560,0.13106031279960115,0.9487646936660648,0.12434539752509222,-0.181514740825125,0.10734079195915391,0.8763035079557995,0.8972063929552618,0.9119895645810338
1561,0.03518184674980335,0.9307184510563927,0.03274439391228036,-0.021998485676383458,-0.002501487573989528,0.34122890670846584,0.49281807475197537,0.6510678217288106
1562,0.15697791651243176,0.9481471941466987,0.1488381710842569,-0.22114428571643374,0.13663266027100554,0.8891935697062817,0.9181917580932409,0.9258051719595595
1563,0.23468063044182097,0.9315858309996026,0.21862515012965442,-0.2957893238752577,0.2014061619385663,0.7263813062551525,0.8845383767809029,0.8818015671320836
1564,0.08113920172792691,0.9508990474017115,0.077155189630021,-0.10689872785208222,0.053826463373933306,0.8537045698610443,0.8371054289150486,0.8874171956594014
1565,0.21339598618800945,0.9395328522826415,0.20049253956888768,-0.2861536706436013,0.18782379493879536,0.7854252997757794,0.9071105257470805,0.9040398205395404
1566,0.34510607192569853,0.9038498741788132,0.3119240796883871,-0.3027295044885619,0.1954114175467405,0.20865046062767947,0.7461423661075011,0.693573496570284
1567,0.15979919763364275,0.9319759668481692,0.14892901171617587,-0.19547577721889814,0.1315449158556113,0.7323776284426939,0.8577063795966605,0.871894632720875
1568,0.14547028149629251,0.9399715115825469,0.13673792038840868,-0.18830662922834138,0.114600933152846,0.7876953313526134,0.8756659666181111,0.8883008212827412
1569,0.025180508864541,0.9853596723017968,0.024811857963156606,-0.016480676089185964,-0.021183828069641825,0.31107229410583015,0.5308014999076694,0.7508051655542611
1570,0.06298075798473773,0.902918003124603,0.0568664602348533,-0.03909032682003759,0.01787478208794166,0.2839648598284305,0.5988587789939827,0.6894845192617244
1571,0.20390341640151285,0.9464667434830419,0.19298780250660658,-0.2903312065559527,0.18828030006077418,0.9147913191174929,0.9333026223204015,0.9335814605733013
1572,0.06528569465856629,0.9116967211393661,0.05952075375752071,-0.04294063910325834,0.01704844258464946,0.2593979748133496,0.6242813869311187,0.7067021467380186
1573,0.029164533507427405,0.9734987647510848,0.0283916373440222,-0.02021776570391659,-0.009187435064474352,0.37986993686302145,0.4990517211590893,0.5799082160268842
1574,0.3035444327310287,0.9051686013604073,0.2747588896258835,-0.2735977170091304,0.18408380191770737,0.18984802711285262,0.7575266556391974,0.7304530372019764
1575,0.20180228462556338,0.9469885738126439,0.1911044577096955,-0.28787613039768967,0.18824930989257277,0.9048647023398853,0.934602398998965,0.9329424807906267
1576,0.1012225378187926,0.9044817994750279,0.0915539431537706,-0.06917198098732891,0.03329189129229348,0.22813158394741093,0.6834465741193256,0.7293374692523984
1577,0.14685935768245595,0.9389235581839854,0.13788971066782615,-0.1896254135802897,0.12035409338479644,0.8002697879675172,0.8738380452657108,0.8867477117528968
1578,0.12094686384132283,0.9352375001243771,0.11311404258684217,-0.1451984580574725,0.08924745070022834,0.7054712193444632,0.8361162139020879,0.8627890203992883
1579,0.030930293016815043,0.9796391085018351,0.030300524676693225,-0.022343845120645304,-0.01495512532810279,0.31242772970965876,0.5573827807951921,0.6647375984334112
1580,0.13915611719127635,0.942993910167862,0.13122337107397894,-0.18596251706355033,0.11591819799368042,0.8468889352927589,0.886448725839578,0.9020156830367336
1581,0.18110611405270732,0.9354465628620393,0.16941509190390552,-0.23096999953203118,0.15262078778756472,0.7574293661761752,0.8810112703229069,0.8871838902308918
1582,0.1252221649027834,0.9404423023184958,0.11776422106247997,-0.16013602053636206,0.09790372607829051,0.7859060941239365,0.8635032413331502,0.8852683571237863
1583,0.48998803952593784,0.887399458242239,0.43481512082049406,-0.38244656439217267,0.3240647553586183,0.21307719059884647,0.7187508030387946,0.6976024225789422
1584,0.12129937098711116,0.9342597381362151,0.11332511857450607,-0.14537844675917266,0.08770778972987746,0.7168537991882988,0.8364485186978993,0.8634724782260732
1585,0.09205109100114298,0.9416867433933283,0.08668329211066923,-0.11317161370380133,0.06354558599710147,0.7769747654281391,0.8216099383395943,0.8566996923659913
1586,0.19940767118199001,0.9475162125738071,0.18894200135652228,-0.2853566644107188,0.18476478149145972,0.8967400703637868,0.9356833296426407,0.9340012702931633
1587,0.022954107047752026,0.9839082139517132,0.02258473446821013,-0.014436179062205866,-0.01788505786142228,0.3484407729816996,0.4746179772271768,0.7235184130010526
1588,0.13222955400052785,0.8991726409903522,0.118897197287631,-0.09152156067608586,0.06448013011465524,0.22436291303073225,0.6965085537596944,0.7224767009701062
1589,0.1725544487324196,0.926623322823343,0.15989297665238483,-0.20150215798366702,0.13839637305343197,0.6757816812780487,0.8436329315678963,0.8562931220315285
1590,0.09964606894083847,0.9356103787711069,0.09322989630478971,-0.11703929335997812,0.0670989167733888,0.7113459921919163,0.8143949237589616,0.853499738248645
1591,0.1299907713748556,0.9020324097609196,0.11725588874994176,-0.0910235643566482,0.06260513904743016,0.21895184390930553,0.7090501265837033,0.734306509474777
1592,0.12191244970741887,0.9334054205879591,0.11379374139406172,-0.14598814660391687,0.08982669344619693,0.7262698813490652,0.8340356451470792,0.8613737289829837
1593,0.043451990344929414,0.9188103426254711,0.039924138136583256,-0.027116197902197374,0.0034083340792596803,0.33206008101956463,0.5292785754816833,0.6395262109171895
1594,0.4891371195424585,0.8901164149639412,0.4353889792729219,-0.38666294525385486,0.23623510426002356,0.22247601389628574,0.7284255770706282,0.6871031714444013
1595,0.06877162785851904,0.9084280886440919,0.062474078448457225,-0.045568761783908174,0.013869630131720592,0.28476215491036677,0.599327737782526,0.6490895876306624
1596,0.2068021837899913,0.9467817865112409,0.19579654102311397,-0.29170233641632026,0.19184103515951706,0.9000898020581558,0.9294979871821132,0.9183746368799269
1597,0.49447018258180975,0.8851624369455628,0.4376864318110321,-0.38307565293867357,0.3233008450491029,0.20953598150840413,0.7186803555782061,0.7082379421443208
1598,0.21372122690851614,0.9415676876239009,0.20123300141639458,-0.2932483815706511,0.19760622152784246,0.8618113352005192,0.9191263861689243,0.9192417820421669
1599,0.23976296550918733,0.9305594532322382,0.22311369408956935,-0.30043887243227463,0.21234715616927458,0.7370570149033194,0.8807855296164281,0.8809280717217167
1600,0.11064632750093963,0.9420135870545508,0.10423034386357273,-0.1396440020000492,0.07947661077024036,0.7679244658928432,0.8514506089949893,0.8783933305909476
1601,0.1453677194030148,0.9399152464559489,0.13663333580942388,-0.18814759534468445,0.11525830090877089,0.7884841497532934,0.8765394324809233,0.8891907870782862
1602,0.020839496620978178,0.9811376785575003,0.020446415337013402,-0.01270331103694015,-0.017055783601417046,0.3927498347247749,0.3954146523967629,0.6790410071068599
1603,0.16748402072269944,0.929457874757052,0.15566934195668627,-0.1973090417411243,0.12901240207937167,0.650020009347583,0.8488728562738995,0.858654493282
1604,0.22371155139427767,0.9374595030273051,0.209720519791547,-0.2958663380121206,0.20361890157439327,0.8098373713162134,0.9024722196048164,0.8994341226002807
1605,0.01963416802997158,0.9770838879931656,0.019184229236235747,-0.011577949501245272,-0.01727597154850769,0.4519879538973632,0.3330987885101307,0.6119127344339861
1606,0.01916465276841562,0.9714252151799424,0.018617026939407023,-0.011850546025026533,-0.019488756815166815,0.5016879786221773,0.24595409585062647,0.5082680420829818
1607,0.09967445125134443,0.9499362006816868,0.09468436952673413,-0.13435877657033168,0.0741381153182056,0.8621775428686097,0.8653478037159142,0.8966831768539054
1608,0.1821549697425463,0.9231517227796467,0.16815667413070606,-0.205423766487554,0.1431617289969796,0.6234215469914784,0.8343332418639773,0.8456792971792038
1609,0.02056984789258244,0.9819943303472013,0.020199474006620283,-0.012294150963184008,-0.021658256715356667,0.39734191587370965,0.4011629937990765,0.6878072262378393
1610,0.06671989077489637,0.9185172320836935,0.061283369399484165,-0.04525600327812795,0.016065142458671952,0.24155897505329332,0.6532283534882936,0.7292849108404642
1611,0.2255010768293473,0.9378232524438479,0.2114801533016885,-0.2967058276076771,0.20699675622363564,0.8013990757941551,0.8988440507785773,0.8894223313541441
1612,0.06346255986632289,0.9036606786233287,0.05734861991597497,-0.04011843099165593,0.01744717961512714,0.28146795778091743,0.5933866215476014,0.6832665893130493
1613,0.130656588191109,0.9497194974661604,0.12408710927750312,-0.180547603327083,0.10532408978744043,0.8580514784435648,0.8994361839343422,0.9103056047778672
1614,0.021379766529145538,0.9747720587014129,0.02084039903417076,-0.013299741229913363,-0.017941160687797584,0.43929145792592317,0.35751239181153677,0.5853927965899053
1615,0.20861110869748226,0.9468708039171106,0.19752776819842477,-0.29227209167810364,0.19060984625838273,0.8899894689277469,0.9261270246875695,0.9079339640087444
1616,0.10429805402976294,0.9062693362793078,0.09452212820077666,-0.07165217749281802,0.044047711091949715,0.2349000514621695,0.6898054753117905,0.7164387589040244
1617,0.1445838469359617,0.9397173804502233,0.135867953898078,-0.18752261908116,0.11711471577902818,0.792231808162204,0.8778191862663319,0.8937676736711483
1618,0.2149945145630451,0.9388219401404004,0.2018415672816216,-0.2880782882287317,0.18894386363493823,0.7955757475864756,0.9079275788631871,0.9080996372532611
1619,0.3424046004799589,0.9008168769873055,0.30844384287044263,-0.29800770227985923,0.18725120376442456,0.20316405789390124,0.750926889533413,0.7141351765174586
1620,0.14610602129154804,0.9387015305024242,0.13714994580199594,-0.18901027068802476,0.11763707782746588,0.803583806106351,0.8744029637001144,0.8907127518831359
1621,0.06865479431498787,0.9087737448367152,0.062391674530625954,-0.04557028026916074,0.023295349567060086,0.284994336519205,0.6011993139677496,0.6504456850658418
1622,0.15217137326443209,0.9450553477361838,0.1438103700759105,-0.20815254219902177,0.13105929751707884,0.8533983465699959,0.9034299059385669,0.9140876277154962
1623,0.14394381096088885,0.9407931265430594,0.13542134796041772,-0.18662214008074285,0.11268251418824841,0.7767222913836953,0.8786468765629751,0.8911654056907953
1624,0.13446152593600494,0.8956376439229519,0.12042880428760837,-0.09126448520619414,0.07279525386204821,0.23079003598233727,0.6840901404065386,0.7112749176157226
1625,0.028032291989737192,0.9817953730166724,0.027521974570576303,-0.019263552917017784,-0.01632748429238702,0.31264633058899377,0.5462721770800982,0.7043205898914121
1626,0.13000872933347418,0.949692395792258,0.12346830163461431,-0.18018733969528938,0.10385631122510366,0.8609498105543596,0.8990519138514856,0.9135675831307852
1627,0.17627754373025986,0.943866802721821,0.16638252159233635,-0.24308388839617956,0.15760893629102904,0.8692266598602282,0.9134149198478846,0.9196311092502856
1628,0.06469061063421896,0.9045220752493329,0.0585140853800103,-0.040728843305839195,0.01967193541564032,0.2856190440111374,0.6021507997334872,0.6784671016647892
1629,0.21992620005171018,0.9344545099167536,0.20551102948717476,-0.28219867203960597,0.18428152139761553,0.6966046074560399,0.8887394511832242,0.8861723831364187
1630,0.19888707970390915,0.9474758520127861,0.1884407052967962,-0.2851076770416048,0.18340666963748564,0.8993944463052019,0.936634186820701,0.9368368975652411
1631,0.22950281562043573,0.9326860771875759,0.2140540808045277,-0.29116695833287154,0.18924146417013754,0.7150250477745872,0.8846014639216695,0.8819002014142692
1632,0.043450430521955206,0.9188114648628465,0.039922753716799,-0.027115210751078363,0.005566840701197449,0.3320565846629677,0.5292822867847449,0.6395268699669674
1633,0.1782096560489373,0.9436504659873225,0.16816762497402016,-0.24471587614881454,0.16014382369525382,0.8703605653221793,0.9121286498847776,0.9146880725240298
1634,0.12493843808291621,0.9837231180207197,0.12290482987156498,-0.14925978948762894,-0.14052591524033442,0.1285549862942072,0.8491206862941386,0.7311833501925161
1635,0.05115571717405576,0.9181390454130794,0.04696806133360903,-0.032771029352287755,0.007516703685248212,0.28839068531031936,0.5872963078906985,0.6901776077281544
1636,0.13671885850264692,0.8918885741681697,0.12193798777182549,-0.0906477796155696,0.07250174527005956,0.2382328778118797,0.6741138813053321,0.7021783568037563
1637,0.1291965402908459,0.9497392944150741,0.12270303101669668,-0.17973054033493738,0.10258477853050595,0.8660330703735319,0.9011138651366752,0.919165887362631
1638,0.16757110024235428,0.9429124188646804,0.15800487146133407,-0.22640395979186925,0.146993854671684,0.8406163797235284,0.9005351098575128,0.9042371670903793
1639,0.168367944073003,0.9423636014451267,0.1586638221445468,-0.227465190869273,0.14847221070635477,0.8507141056046795,0.9011691710820848,0.9065821214457057
1640,0.033225888101246166,0.9781362574275445,0.032499445837059306,-0.02430903256170834,-0.01010634492343517,0.31749015165420286,0.5770567886976365,0.6435728124837174
1641,0.42851146238426674,0.8874107087908669,0.38026566055943306,-0.3470635472051129,0.29222104840096047,0.19929218512646782,0.7326666520881469,0.7327918879231076
1642,0.1584166036497755,0.9342636206545746,0.14800286969763995,-0.1938334173176039,0.1274572569518724,0.7049587621930569,0.858729019099613,0.8643666655644331
1643,0.27074963088162335,0.9074635018455012,0.24569540816321478,-0.24699447788007864,0.14710958061673818,0.18003968587214284,0.7706729974749968,0.7537269526247914
1644,0.0659556346022444,0.9062417109708322,0.05977174715010499,-0.04268040075226069,0.016377985660062322,0.28373995460264706,0.5984666810377661,0.6671201529167697
1645,0.44368367559261374,0.8879798841942614,0.3939821788716134,-0.35705471580175463,0.27823505684116534,0.20555685188874148,0.7318135375236455,0.7211639347168679
1646,0.34069519479236826,0.8985585964179648,0.3061345960389755,-0.2959018612423708,0.1776814366344488,0.19517557144888925,0.7505505276647233,0.7310386226918951
1647,0.12912262862819604,0.9496868074157724,0.12262605694704393,-0.1796035521528761,0.1035692119664927,0.8670288434675447,0.9021424999284418,0.9202214813916407
1648,0.1385194175306307,0.9434807805597311,0.13069040817447874,-0.18524816699968571,0.11610045567439907,0.8394383821564363,0.8870452058852609,0.9025031663304407
1649,0.2633935377678271,0.9222797718459461,0.24292253191820817,-0.30458533951430933,0.22317784246755876,0.6207279277806086,0.8517478776562534,0.8451253535654426
1650,0.2136410045212077,0.9415052341014123,0.20114412397540055,-0.29319020261155954,0.1990577415831153,0.8628070641473555,0.9201832220445998,0.9203034536835303
1651,0.3487916293225415,0.9513907196968953,0.33183711924542547,-0.31682723596839923,-0.30340655863933985,0.3145580648714496,0.6428692045073943,0.31467732807852117
1652,0.2046910406237552,0.9465434737039,0.19374896862807536,-0.29076603735256834,0.18975540406737013,0.9120108744097996,0.9343791097025279,0.9306806133489591
1653,0.06841491655204976,0.9195283797726362,0.06290945736938643,-0.04640010763035431,0.018146874542629934,0.24734145047058048,0.6619215516609794,0.7209934119869438
1654,0.20485786853358068,0.94658091100364,0.19391454782278073,-0.2908209692477504,0.18573813524927843,0.9100677488922992,0.9323129973001434,0.928694589203998
1655,0.21197802693628529,0.9421756127321634,0.19972052741444962,-0.2908911614610624,0.19498405147977377,0.8494743138692014,0.9179289048633128,0.9146167862169576
1656,0.13169216297836314,0.9480832440843918,0.12485513309701697,-0.18305540973174556,0.11107036513837684,0.8943497558282263,0.8940026702027954,0.9125793401258337
1657,0.13295762703535716,0.9479631517722359,0.12603893117659462,-0.18349846965585725,0.1129767610623388,0.8885809583858056,0.8954026432345521,0.9065588850548906
1658,0.20182014616041255,0.9468671313041377,0.1910968628342916,-0.2883551720599984,0.18942149534011535,0.9102290301981768,0.9364497103007718,0.9366089306557084
1659,0.20473572370502907,0.9464965102518129,0.19378164801068937,-0.2905883959403725,0.18645228934905347,0.9103768247739934,0.9325458418189794,0.9290077892039503
1660,0.27917725495800066,0.9114355910582047,0.25445208638265243,-0.25722334979248074,0.14209087325684075,0.19462983592482772,0.7712781451945343,0.722862848937991
1661,0.20469102091930189,0.9465440064244821,0.19374905902007347,-0.2907836645972385,0.18925346909084503,0.9120109505061578,0.934376325676689,0.930679675237387
1662,0.23394220989252185,0.9313887545236529,0.2178911435023069,-0.2951683358724596,0.19572370618542934,0.7277122336099011,0.8836609962554727,0.8839271394324182
1663,0.19452198949652894,0.9484993843584338,0.18450398728163545,-0.28023063373875934,0.17456138283965442,0.8817848526979033,0.9368300746591814,0.937062167847236
1664,0.21776056288946297,0.9384756044118634,0.20436297587475635,-0.2906580626105401,0.188258249987973,0.7988937053839434,0.9035645976172224,0.9037897332997561
1665,0.11044992258803732,0.9410748302990224,0.10394164215607737,-0.13973751484553776,0.0814978509434067,0.7824197615515458,0.8498548129032676,0.8803625713726854
1666,0.024429263577712,0.9794371305529374,0.023926927820075626,-0.017104405644596508,-0.012540182132914381,0.37339485815152273,0.42408275060520795,0.6152462238980262
1667,0.06490559012541147,0.9116049719746265,0.059168258667272315,-0.04230393061813334,0.014269611629171374,0.260917630472258,0.6295038757668988,0.7119749061986425
1668,0.2432027041360032,0.9270755915348677,0.2254672907997646,-0.2950739533336049,0.2070738372204735,0.6612729823352481,0.8668159464164045,0.867041283943008
1669,0.028192873653400174,0.9833212049763954,0.02772265049260873,-0.019945524487923964,-0.01660394239472766,0.3094990407720825,0.5435575891067549,0.6991720516016406
1670,0.016253531468267735,0.9740022130360094,0.015830975619743195,-0.00938723069030528,-0.029350248467705266,0.5274527900525596,0.14650581321601375,0.535318470558829
1671,0.20433358777000582,0.9465293184245243,0.1934077315631813,-0.2907285574854666,0.19301872306202333,0.9142261231092272,0.9347673144574898,0.9329727417354334
1672,0.14551852964281753,0.9411462897280409,0.13695422426001766,-0.18788654403405747,0.11557762326209764,0.7691758912417392,0.8754793563132856,0.8817195361987786
1673,0.1371169018446093,0.9817280628839291,0.13461151043655414,-0.1742411848980457,0.0020914687208090543,0.11317987320549208,0.7210858696632043,0.6246138279533484
1674,0.09945106387286604,0.9508292416170882,0.0945609796402498,-0.1339192336336256,0.07388906312580872,0.8483792960761205,0.8684196169243753,0.8991704628450916
1675,0.275707813403296,0.9099759673828652,0.2508874842166788,-0.2538126696881209,0.1514481874494592,0.1868481994583656,0.768473154995962,0.7350656607690179
1676,0.231931727195535,0.9336777630734381,0.21654949623368602,-0.2982875679319934,0.20621648350056287,0.7732419345276949,0.8934177775588038,0.8920136647588603
1677,0.043600174782845565,0.9233681496337984,0.04025901271294631,-0.027522566195978263,-0.0016974011940955372,0.31118049759713007,0.5553830619563932,0.6747312787470883
1678,0.15809120016983608,0.9476492518269516,0.14981500756136998,-0.22241465737535468,0.13873812933162152,0.8974591444447709,0.9174154125800014,0.9251020033598514
1679,0.3774338260935575,0.8909969473275335,0.3362923868675109,-0.3162159971596255,0.25394907565474145,0.19414367157877485,0.7471976556477864,0.7471954711343357
1680,0.22012066874523187,0.9377919086460538,0.20642738207503675,-0.2930842603845544,0.19704153757847778,0.808880698358858,0.9067637405203164,0.9069069550534992
1681,0.13222378359445186,0.9291147393417176,0.1228510662291348,-0.1514222655525603,0.09696839737647504,0.6621628547480606,0.8245104674790574,0.8461692760023862
1682,0.48375650095085004,0.8934302478151627,0.4322026905267139,-0.38613925959208883,0.32999863636181204,0.22890685849178685,0.7289738026901901,0.6701186564725322
1683,0.48594825335594727,0.8915151610388862,0.4332302353471928,-0.3844397742668782,0.30682749063187065,0.21956528483710858,0.7188762940120443,0.6780445043235904
1684,0.041027961879416555,0.9164418113849814,0.037599739702206474,-0.025217220692957492,0.0006376883206921296,0.32823493691153155,0.5092733756712724,0.6559300849385885
1685,0.14774833197372123,0.9391035607159254,0.13875098464636018,-0.1903081080089092,0.120252704578462,0.7952794070365309,0.8711840890747802,0.8809079002036595
1686,0.04264407322860043,0.9188648185394421,0.039184138608980616,-0.02716889589563369,0.002963806474184856,0.32639161281237744,0.5142957826350341,0.640365951987611
1687,0.34138618306360763,0.8997673953112002,0.30716815673037484,-0.2982798999551191,0.15344818517764938,0.1927227791963311,0.7412617939693177,0.721940168889695
1688,0.20334712836874452,0.920740299207288,0.1872298958171806,-0.19657217170755523,0.08858311163061115,0.14852542073665803,0.807737996423824,0.8080136160059499
1689,0.1454960700521768,0.939957375133396,0.13676010409846878,-0.18831669793198966,0.11891501822928877,0.7871292548072575,0.8749693586582172,0.8876555898922728
1690,0.4273333486216067,0.8887415764525187,0.37978891392470054,-0.34689294495915163,0.2668518718889371,0.20185378422292635,0.7314324652517064,0.7244866200299113
1691,0.19593351498879916,0.9189164063624061,0.18004652147946196,-0.21276773613487582,0.15511959317538102,0.5907411120385683,0.8213544621074411,0.8298283169667623
1692,0.14697029199090092,0.9389679609594942,0.13800039539231773,-0.18977278183870613,0.11870841751233763,0.7988711065874639,0.8722479783403511,0.8851918804352571
1693,0.20007015354251317,0.9476725407393214,0.1896009907337396,-0.28570335845727185,0.17728341834442454,0.8919405832912068,0.9324823629007016,0.9289328902635117
1694,0.08230865806822898,0.952509653739129,0.07839979139630116,-0.1073635497662028,0.05288492937247869,0.8210178330727278,0.8431797746377881,0.8848156278787055
1695,0.21254482453790613,0.9393272764141843,0.19964915114912204,-0.28565975363997154,0.1805528295202983,0.7892348448857438,0.9086776054658389,0.9088487720338062
1696,0.16300606675250123,0.888971151862825,0.14490769092159958,-0.10898786275327012,0.09842888653644848,0.229116450935048,0.6843492372581769,0.7115965443990785
1697,0.16750911665694607,0.9429391414673487,0.15795090264845468,-0.22641961798474114,0.1469160719479181,0.8416167845066197,0.9017171982886977,0.9053221822425254
1698,0.13137055136831208,0.9479118773557557,0.12452770597679742,-0.18256967905231233,0.11100618304026653,0.8975343749686986,0.897175952868935,0.9158316935664861
1699,0.07285995619977806,0.9223680637988751,0.06720369672846013,-0.05104454000149332,0.02303002889227841,0.2533488599923302,0.6644050823717027,0.6922125554594062
1700,0.21412788218294596,0.9416014221676465,0.20162311838920816,-0.2933904942873972,0.19705149665574254,0.85997496221112,0.9188337317320441,0.9171766194966764
1701,0.06521984988990683,0.9083279338038008,0.05924101149349311,-0.04184858747546106,0.0168944143109008,0.2734704950664729,0.6165884994848639,0.6929406708914806
1702,0.14730743538506585,0.9480120819897158,0.1396492285119618,-0.20646467223629716,0.12798434050788438,0.893045554624343,0.9122595515527039,0.9235778710084226
1703,0.09305240433292906,0.997985252602987,0.0928649272435135,-0.11007024125635026,-0.0648838029639232,0.029108444065167154,0.9459074422501826,0.9475843218586112
1704,0.2713561221830148,0.9073261367321771,0.24620850201893943,-0.24773354967872435,0.05889576833536546,0.18098697580387796,0.7777211452178459,0.759914600930179
1705,0.19893991102211392,0.9475344709069013,0.18850242333260475,-0.2851457765499753,0.18056994087086986,0.8982882891936229,0.9354907811159885,0.9356876298880265
1706,0.1454670863895448,0.9399715552977672,0.1367349234382151,-0.18830803881223337,0.11790275211793523,0.787697118584157,0.8756665186446054,0.888301657035985
1707,0.2995355511184919,0.9015595255590252,0.2700491293544487,-0.26650006363683415,0.14339888446343557,0.1843381008058896,0.7677407769512639,0.7581758634573273
1708,0.043884365178820973,0.9236731967049553,0.0405348118700892,-0.02806881476812396,-0.0006124967805672367,0.30908407664742804,0.5511976986834909,0.6698894936612563
1709,0.22882022005064082,0.9325200619020171,0.21337944576605672,-0.2908461306811497,0.19823355309328042,0.7176580838282283,0.885650185259816,0.8857355897901298
1710,0.09980300049388581,0.949059338052828,0.09471896958441334,-0.1347076401577071,0.07427832419742345,0.8778767458452978,0.8637155874644215,0.8955728857407792
1711,0.14489118354362615,0.9399575637912461,0.13619156389849713,-0.18807565367820303,0.116423224071073,0.7896109601134035,0.8750008554588266,0.8908183197453597
1712,0.023520838535974798,0.9686257807507346,0.022782890590820552,-0.015592160047031046,-0.010254907119427888,0.47405799820594186,0.34661098869627494,0.4793499457744368
1713,0.15921562905410525,0.9471535662450521,0.15080165086054512,-0.22371530447951116,0.1428151337408853,0.9062808457089911,0.9170643230145589,0.9247920236281689
1714,0.06294496488404264,0.90291866992938,0.05683418397185132,-0.039070799664751944,0.013360170240759162,0.2839928655107347,0.5988751234875443,0.6894891335846649
1715,0.20977992114690688,0.940685062704423,0.197336838278207,-0.28213228028592086,0.18316754343806146,0.7690909168464121,0.9063464848405419,0.9002556529457679
1716,0.2674739521336098,0.9056317661675375,0.24223290767457242,-0.2437785974352349,0.12822604765360726,0.1713879055905587,0.77123029959972,0.7715686269250315
1717,0.06609349735411048,0.9058945471615961,0.05987373885592806,-0.0426886529708153,0.01508640541484035,0.2835000694770707,0.5965143815013455,0.6656455210521972
1718,0.08143553361416947,0.950068869854362,0.0773693653868009,-0.10719153987332578,0.05518901498591978,0.865211169257006,0.8350875622513153,0.882529082562487
1719,0.051986990618729044,0.9188292280735704,0.047767166460074756,-0.033542360223019756,0.008443900727132823,0.28952255977394226,0.5900830048933121,0.6839484949354621
1720,0.22056900535430288,0.9378743219122677,0.20686600633153016,-0.29334585262130763,0.1990772164794319,0.8072623902994691,0.9064419881067145,0.9049176906417262
1721,0.23008140997801033,0.9327231275196591,0.2146022522988227,-0.2912073603247533,0.19625894791662518,0.7128040190167538,0.8838886618444766,0.8785551576606974
1722,0.15412836279343997,0.9440702704557846,0.1455080051473102,-0.21030447364989938,0.13409308479865747,0.8681532491654816,0.9013371612729867,0.912184339663909
1723,0.13240263258205567,0.9480979728873227,0.125530667555992,-0.1834209756998278,0.11119424977563024,0.8903195197156535,0.893605699631243,0.9084027748696211
1724,0.11083163411750069,0.9401448354571796,0.10419778842084802,-0.14019070859379443,0.08328991444520663,0.7943092105482871,0.8474997433225445,0.878488476317423
1725,0.1679995165400055,0.9422777465908393,0.1583022058736668,-0.22720080919605629,0.14915500098775752,0.8519108861842473,0.9006858978035177,0.9079521405149159
1726,0.2396464456336162,0.930431797743298,0.22297467323367703,-0.3002416417186669,0.21098734109897901,0.7379480754228105,0.8817715478374363,0.8819798570947972
1727,0.20885579209776428,0.9405080455998632,0.19643055283807964,-0.28161045648769534,0.17987078453709665,0.7732246410080071,0.9085943505536752,0.9055732224545648
1728,0.20483187938004468,0.9465628303955447,0.19388624350121392,-0.290868841075096,0.19294828525613825,0.9110452517527533,0.9333493595293627,0.9296912690651356
1729,0.37941150414684105,0.9602179625401002,0.36431774147615453,-0.3579474017354777,-0.5109939896268574,0.3108589787968596,0.6569322130531683,0.3110084736678727
1730,0.4856214272415323,0.8870367795519162,0.4307640669017339,-0.3767621941555576,0.31709876708342727,0.21305978939014344,0.71578155762583,0.6956046943921139
1731,0.08208024880443324,0.9500706501393988,0.0779820353452315,-0.10772016823153295,0.0564726221533985,0.8594966901889222,0.8328558620511215,0.8766376591530681
1732,0.09951462519930925,0.9498340187537122,0.09452237637782934,-0.1340699438763791,0.07211111000798051,0.8640886145082326,0.8672577172666013,0.8986706177744561
1733,0.20228057591671553,0.9470672772285981,0.19157331426967653,-0.2882430067282551,0.18873917038714427,0.9033731892020525,0.9350170832555507,0.9313553815236586
1734,0.17448785584093973,0.927227047116002,0.16178985932899717,-0.20296260689067083,0.14235227317537086,0.6691131682102701,0.8410058267967745,0.8460854108958227
1735,0.04201773544323664,0.9177996980332291,0.0385638649018427,-0.02587506031093131,0.00131673226263627,0.3317387758040472,0.5231165165484711,0.6511419864114619
1736,0.1731500884880829,0.9391214806334679,0.1626089674727444,-0.2277612459984547,0.1484952112690756,0.7960926977042854,0.8911933960900731,0.8993632449848658
1737,0.19903610727802676,0.9475352163210118,0.1885937209653772,-0.28525395284882604,0.18066137301374782,0.8982981318355369,0.935497180603079,0.935693959758668
1738,0.13091031776353262,0.9488367531100537,0.12421252085535567,-0.18143546502399224,0.10816832179419034,0.8785076875685125,0.8996817266835525,0.9142920727034677
1739,0.04196905311647531,0.9174574749539722,0.038504821498450574,-0.025695508270978152,-0.0004001029599920494,0.33233572764097413,0.5235979752027435,0.6520381093581533
1740,0.1219843523289542,0.9333899064400085,0.11385896320746759,-0.14606182630874212,0.09013130886253279,0.7253700376361277,0.8328794498734001,0.8602870133094369
1741,0.018298434293252116,0.978415257055831,0.017903467292751503,-0.010473731684252884,-0.02742656340513564,0.4574843562156678,0.29588895663499937,0.6295972322085185
1742,0.0682451402058169,0.9195151565737859,0.0627524407817517,-0.046102889558502974,0.00697700375401056,0.24797031003797254,0.664394197505975,0.7233980802632776
1743,0.12133031768786941,0.9342518153623027,0.1133530695583769,-0.14541237984510266,0.09081419866137222,0.7164169191404854,0.835878364942174,0.8629362404378929
1744,0.021240251337520253,0.9751480923545282,0.02071239057291359,-0.013092233225680074,-0.015522802405349702,0.44190744890142386,0.3601076697640976,0.5890704350960808
1745,0.4980490002365373,0.8833975289569931,0.4399752561084579,-0.3839771989280374,0.2707974809578502,0.20506039770037535,0.7175323295373688,0.7179633193347351
1746,0.200792353912849,0.9476343488174297,0.19027773154772154,-0.28590372421871857,0.1870375310012858,0.8889117394152218,0.9328698154724355,0.9256424971836672
1747,0.17581600537042466,0.9380169947047545,0.16491840097856073,-0.23022745250511015,0.15404144219848473,0.8085624436001946,0.8888374265240504,0.8972722467004917
1748,0.21246097128981867,0.9393400392840231,0.19957309711769997,-0.2856589485480337,0.1804580752192406,0.7898182412212512,0.9094245560038016,0.9095309176978933
1749,0.12253963930091619,0.9335519307883655,0.11439711686748018,-0.14647941081742247,0.0919380064726603,0.7232332428717295,0.8328089498230409,0.8573150114940721
1750,0.2236653818557781,0.9374219809302655,0.2096688453247678,-0.29602576853858176,0.1944839840577886,0.8119317022466888,0.9049481060615026,0.9017748366768131
1751,0.3387931738865311,0.8952093614335217,0.3032908208529976,-0.29191890604839205,0.21202682248247678,0.18763083357831575,0.7536454895839406,0.7536302621137672
1752,0.22446358323019225,0.9375258969581921,0.21044042220233578,-0.2959440643340389,0.20617236300109953,0.805635452217905,0.900552463388179,0.8944302511490605
1753,0.22951317262903081,0.9326864547301101,0.2140638272932305,-0.29117126811307414,0.19394025475444715,0.7150252228158546,0.8846018612535538,0.8819006231181747
1754,0.1426927871103579,0.9417803129172997,0.13438525769583448,-0.18539786719678947,0.11146205911138576,0.764897701993296,0.880345258744714,0.8926035099131395
1755,0.042192439341508785,0.9181519173309862,0.03873906907827762,-0.026247099167550594,-0.0029435307259019898,0.3302339629238856,0.5207573642503297,0.6481905108935093
1756,0.024927002573152716,0.9860564970486533,0.024579432839205734,-0.01609359060155745,-0.029504546267672467,0.3136846146989534,0.5367678568630817,0.7583604352219263
1757,0.13005159054822135,0.9487056788159804,0.12338068249214827,-0.18078503153554662,0.10616934509379967,0.8840770058655272,0.9018024203069375,0.9202172539637682
1758,0.17475204734904248,0.9385982191952907,0.1640219604425424,-0.22912067135724873,0.15090891028031406,0.8018446877971094,0.8910548126088915,0.897676645763699
1759,0.07502202415237763,0.9371147406105363,0.07030424470363277,-0.08498161111271783,0.04410436491239346,0.7103420231344159,0.771811302166517,0.8338448052288715
1760,0.20382568942647225,0.9464656715751606,0.19291401802729619,-0.2902516580984059,0.18414178318167812,0.9147837091467607,0.9332997227941144,0.9335771245151909
1761,0.15282046493929408,0.9205162462946982,0.14067372074292953,-0.16280437580589627,0.1143734770728606,0.5889302081515315,0.8052173847094914,0.8213322952483713
1762,0.167933331952877,0.9423041289049967,0.1582442720799694,-0.22721283562499034,0.14907485462776973,0.8529442297384436,0.9018892042089067,0.9090613679335943
1763,0.4004774764227134,0.8911299278008674,0.3568774646504462,-0.3319691471367485,0.2501085216182979,0.20073066504898057,0.7398557044770582,0.729266494726701
1764,0.06513101378367554,0.9082987525919348,0.0591584185747606,-0.041688041905562155,0.014069591877754301,0.27388987218037397,0.6179102677167746,0.6942649982622188
1765,0.06313358099465627,0.9031877497060231,0.057021476949446544,-0.03943125067815516,0.014289471077839837,0.2831466132795287,0.5971412194853336,0.6874922730214033
1766,0.14878878038275314,0.9473788748644828,0.1409593473514713,-0.20804545505847152,0.1317797912351539,0.9026516710829343,0.9108858547690667,0.9210520977242476
1767,0.22374082053201924,0.9374593788929,0.20974793064893457,-0.2959019255255504,0.20253811914695882,0.8098372691839449,0.9024708312698814,0.8994335184170829
1768,0.1577848060420047,0.9341848552494721,0.1474001761929162,-0.19347724831751067,0.12264448631526947,0.707653228626456,0.8599909545732124,0.8682374948005357
1769,0.19133821298017778,0.9495656530265876,0.18168819515746282,-0.2760335996461454,0.16986612704106227,0.8608277454596367,0.9360487856920162,0.9326314397166486
1770,0.10160943578294132,0.8994757268944055,0.09139522111019156,-0.06736679749552633,0.044286096598823,0.23871336810189062,0.6699415735258105,0.7182579353727749
1771,0.04520109560538303,0.928218056672334,0.04195647312228901,-0.029282959449373012,0.00016548550489824075,0.2925610664221975,0.5817135894199545,0.6933818438949052
1772,0.20388053013860533,0.9465140135521651,0.1929757788666345,-0.29055581094992855,0.19018333887515348,0.9164496885051522,0.935153759892536,0.9352783468038383
1773,0.3372384101103967,0.8956835525650011,0.3020588972290529,-0.29052118112191866,0.19358951918898362,0.1864353314767866,0.7472013928277047,0.7475841705666003
1774,0.13890426107749307,0.9434964484493292,0.13105567700109313,-0.18546694140989883,0.11434772710319217,0.8374600863644329,0.8865064571589732,0.9002593410177042
1775,0.04643132326138281,0.9322508858404642,0.04328564224116908,-0.030446976338176078,0.0004297558569792823,0.27788389944713526,0.6088162007173211,0.7142387901300641
1776,0.0999656055773251,0.9508470133079574,0.09505199749672087,-0.13420988631485609,0.07183922844451048,0.8456791378190726,0.8689892298062801,0.8961344783337797
1777,0.15826722076041455,0.9476714299598153,0.1499853234137878,-0.22255714121185227,0.14009012565820084,0.8952119408124753,0.9150089713056436,0.9227816698679643
1778,0.17507089737681936,0.9273483339351619,0.16235170500292717,-0.20329064637299313,0.14062244207307495,0.6672807558399048,0.8405057509750572,0.8431773968989406
1779,0.10629380820895494,0.8973359539158351,0.09538125578452941,-0.07009076792270626,0.055394178846249115,0.25415355653312166,0.6554632738636443,0.6847603948756619
1780,0.14628244435984136,0.9389035654447967,0.13734510857143514,-0.18940064846472282,0.12054851207826583,0.8022920283871812,0.8731483807165542,0.8892959775782532
1781,0.2048609865130667,0.9465513192584133,0.19391143704852332,-0.29083764318195604,0.19273020797005577,0.910638620504269,0.9328919809356707,0.9292740516524081
1782,0.09968309698447879,0.9489296761706041,0.09459224894116437,-0.1344595204696482,0.07556164482802749,0.8791385928948641,0.8648816751699239,0.8968602019172272
1783,0.20906629465212612,0.9439028605254133,0.19733827356159075,-0.2919603777162238,0.1951273047072585,0.887632218857504,0.9272609378308168,0.9264789109934303
1784,0.11956492340009621,0.944131016246281,0.1128849526371416,-0.15760798273089557,0.09442882788411398,0.8315962380091155,0.8715164420120822,0.8932784362735319
1785,0.4834109047150168,0.8904592142993281,0.4304576943962612,-0.38015522916376837,0.26589304704141953,0.22095648724818617,0.7207766332627605,0.6807054593851888
1786,0.14853188580423976,0.9473361491355177,0.14070962472162496,-0.2078744378247261,0.13015679438807343,0.903891137269675,0.9108525462608725,0.9223377297860929
1787,0.1598033553508211,0.9472541129831211,0.15137438562456854,-0.2241523722301405,0.1428687556209414,0.9025210791067344,0.9151093358121736,0.9209199555845728
1788,0.14690821275521362,0.9389110269052438,0.13793374089881166,-0.18965386882269913,0.1211123876148644,0.7996863782168651,0.8731305849467864,0.8860935679764532
1789,0.16833730567088187,0.9423250375275125,0.15862845788359412,-0.2273918175261082,0.14849801651881675,0.850846367296108,0.9012702799597796,0.9067207335695023
1790,0.06927999535397956,0.9202562585786647,0.0637553493188005,-0.048207934946477474,0.020961139530038444,0.24382341500047758,0.6509937863434577,0.7096161178225525
1791,0.20854406959602037,0.9425935116246189,0.19657228688900175,-0.2880515756871513,0.18993857854723634,0.847234766279596,0.9210915227324122,0.9212069355710117
1792,0.13256342539943491,0.8942780386843306,0.11854856006748324,-0.0887853699764064,0.07249659619994553,0.22975380120008673,0.6869937377956081,0.721318953992751
1793,0.13195343839468623,0.9478164961689576,0.1250676456366979,-0.18270291284930273,0.11292683658450514,0.8955869524887325,0.8988650865559655,0.9137744677915958
1794,0.16051742458304835,0.9320675683402997,0.1496130856073693,-0.19587822711363434,0.1282272601042063,0.7289175918331097,0.8557983126503561,0.8672685305230753
1795,0.14329952278587796,0.9407296557549074,0.1348061107402015,-0.18625729032317728,0.113501882092903,0.7793192252666008,0.8788765695506273,0.8945510373919323
1796,0.16284731304196215,0.8887850680838107,0.14473626020926597,-0.1085522650830293,0.09518690076197196,0.22951699129693506,0.6855345089412386,0.7128334121707661
1797,0.20054173451623714,0.9471676458225631,0.18994664257091776,-0.2869804770004098,0.1877462667088747,0.9052798808769813,0.9364560145273793,0.9366075921942302
1798,0.21834232127452136,0.9385253471337943,0.2049198028681686,-0.2909745813755918,0.19022443872169478,0.7980337742976135,0.9055771793052683,0.9024555866788122
1799,0.4283107630057613,0.888428355648468,0.38052342688374924,-0.3478237671766805,0.27209116954475554,0.20255756662833374,0.7344941237895894,0.7273859571367508
1800,0.22288425543347612,0.9373287283648466,0.20891581571800583,-0.2957252504310773,0.1999817945465501,0.8149885702144364,0.9053919970986006,0.905498288080891
1801,0.158122119171484,0.9476904356186305,0.14985081999856467,-0.22249137591620097,0.14042258288808873,0.8973103063383586,0.917304110944958,0.924950175841179
1802,0.1111819216897276,0.9412256612422336,0.1046472777605961,-0.14037566475555693,0.08173814627053853,0.777818548014802,0.8475439044285229,0.8748432326315837
1803,0.1299601423784816,0.9498190322810357,0.12343861666903502,-0.18026271544814268,0.10507505430516606,0.862093846196568,0.9004690899286721,0.9147940098421384
1804,0.04853489602749566,0.9105849999402574,0.04419514829629753,-0.029952806750670066,0.0068873776804560536,0.3086476206899429,0.550061036123296,0.6715963155574455
1805,0.20851804087044445,0.9425452398259948,0.19653768684027967,-0.2879254061783752,0.18998906919923508,0.8470249890843713,0.9207836602527627,0.9209712598491612
1806,0.020829832959761915,0.9811153688705686,0.020436469247829138,-0.012699181644485918,-0.02257054272682691,0.39274627953682645,0.39547875478232214,0.6790196648751617
1807,0.1565063298369636,0.9481232361010383,0.14838728791531844,-0.22088286570294968,0.1359374338497569,0.8921438072392461,0.9194791034473894,0.9289463821134107
1808,0.1757102116086536,0.9380125912337863,0.1648183908972701,-0.23018908749050843,0.1521193787125391,0.810202194164777,0.8907793522923779,0.8991065997311001
1809,0.06593686268843842,0.9122976009869609,0.060154041647269015,-0.04308115419001024,0.01779346181289686,0.26341532653676897,0.6333923013212728,0.7063690380982873
1810,0.13662191604535903,0.8917114454843517,0.12182732624164883,-0.09036026131766899,0.07320162461697934,0.23848748696426314,0.6744225135977923,0.7026421795539232
1811,0.17197210545859867,0.9470330425987223,0.16286326627456504,-0.24250870426017834,0.15754324297107797,0.906695832486112,0.9212724886060123,0.9252261158331405
1812,0.2759703040950275,0.9099196751220787,0.2511108094454887,-0.2541416067635309,0.10673879096273493,0.18733248413171807,0.7718181038200739,0.7379269046495166
1813,0.21843950279564736,0.9385852424011988,0.20502409368145003,-0.29107286281386263,0.18868724801227307,0.797203510036843,0.9046384158013226,0.9015161790013925
1814,0.27620556289783116,0.9104426552726728,0.25146932608578465,-0.25509132320865724,0.1415199065468919,0.1858331511209913,0.7643245423910003,0.7310804375379832
1815,0.2059204306441245,0.946707270941035,0.19494636892610176,-0.2911700725044178,0.19363162073803292,0.9027248890388604,0.9284085887098987,0.9211305674582149
1816,0.211049421821907,0.9420694999482605,0.1988232232801334,-0.29058172956687217,0.18987971650848812,0.8547025205240529,0.9203800968835276,0.9204957937034997
1817,0.2238139700518239,0.9374787017846969,0.2098208300854629,-0.296135626322398,0.2023494253271045,0.8107676839848788,0.9036156297988636,0.9004761307025814
1818,0.102351941191266,0.9937143522763292,0.10170859294510384,-0.11949272119136932,0.014707863968853912,0.07305934434554728,0.9452186883650798,0.890764322038124
1819,0.20403256813451173,0.9466123267952546,0.19313974406382145,-0.29054139702739706,0.18574995420143625,0.9133353350559973,0.9319101978592581,0.9320997979050558
1820,0.021282130983005958,0.9757168569947801,0.020765333952889802,-0.01327500876468005,-0.01779445994143577,0.44051633368540855,0.3594760258081431,0.5874078098660857
1821,0.1388111540143576,0.9429673530614665,0.13089438647632634,-0.1857767500633784,0.11397177850869643,0.8485992320028769,0.8866065019655752,0.903936508740261
1822,0.131634464254262,0.9488467146363153,0.12490092894056799,-0.18183802008971453,0.10872927673493382,0.8746951496294312,0.8992454444444127,0.9101939428827351
1823,0.13809431166552866,0.9433989457516201,0.1302780280395554,-0.1849239796466308,0.11432487269857014,0.8420255101754107,0.8881699612197692,0.9053981094517551
1824,0.15383338354238865,0.9440016423590916,0.14521896671367093,-0.21007565793841113,0.13381739221260192,0.8695799452768851,0.9016253983749741,0.9137346430098117
1825,0.1113893970445304,0.9402120290591611,0.10472965101091444,-0.14053286331585935,0.08250116305228274,0.7916294220094744,0.8474852405343898,0.8752347535178884
1826,0.13609583478458334,0.9447973624190346,0.12858298574069105,-0.18420301601424385,0.11421329223803045,0.8589823033610727,0.8915570531226983,0.908051093041106
1827,0.10606974365514074,0.8970298655111404,0.09514772788577204,-0.06953186715396663,0.053126648822073276,0.2549301627345844,0.6574761456080003,0.6868777141094491
1828,0.035131050289672006,0.9337715098354609,0.032804373871092536,-0.021709588871765356,-0.00519540420266817,0.32671375602200137,0.5204395203856175,0.6863970905960834
1829,0.21110915266353558,0.9421005537087253,0.19888604961729667,-0.29064420143881103,0.19477425322036954,0.85421710668451,0.919858500459109,0.9199720157503666
1830,0.1829896814818526,0.9467332919887441,0.17324242354928604,-0.2593432689053041,0.1700769872074723,0.9128323772554183,0.9283045265918067,0.931540526928636
1831,0.01919759120350617,0.9798496262570198,0.01881075256579057,-0.01135232734714794,-0.01863380098315778,0.4324533144304899,0.3323170691199767,0.6466159902763627
1832,0.20478540323594915,0.9465324484161265,0.1938360291248067,-0.29083206480754625,0.1944086175056989,0.9116081907296794,0.933924459796292,0.9302663056942548
1833,0.2238242588008552,0.9334203763735343,0.20892212389142165,-0.2861608920453639,0.1853612093997128,0.7079927363389592,0.8874294895513637,0.8875731715476745
1834,0.09107304593428545,0.9432242341974012,0.08590230400739113,-0.11231345119385347,0.061565054125615706,0.7600530136344036,0.8266572713534661,0.8668926890098089
1835,0.08099317470196025,0.9500451859804392,0.07694717572287003,-0.10693882264168118,0.05384213453538487,0.8680416679563339,0.8342893665966525,0.8854745575133202
1836,0.032355829186058026,0.985677246168148,0.03189240460960066,-0.024284262741091595,-0.02116292753668525,0.2587252636336073,0.607773759707381,0.7358230083147419
1837,0.2183107501325846,0.9385118973850529,0.20488723632648617,-0.29085468476748283,0.1943098092938802,0.7974364359080922,0.9048276018279521,0.9017726587732713
1838,0.22143811184675136,0.9380536985126462,0.2077208398095021,-0.2937489198982438,0.20151441157548414,0.8030328844500272,0.9045786185378786,0.8998251171020124
1839,0.07792670514351735,0.9434596295812295,0.07352070036918858,-0.09412862071653261,0.04689952136568284,0.7644784736927462,0.8021895890860671,0.8556653774557086
1840,0.21082188060955515,0.9431356311344747,0.19883362742564967,-0.29242482863409663,0.19603674254463255,0.8772617535390815,0.9233979294642704,0.9223509096314945
1841,0.1541440738706112,0.9440637853351954,0.1455218378652772,-0.2103082750912498,0.13411191610461287,0.8679143058349603,0.9010643854448588,0.9119319807687645
1842,0.1743333123452617,0.9385271087182581,0.16361653958867547,-0.22885904026955403,0.1508780946097982,0.8037097424329476,0.8916806190720123,0.8999379338620842
1843,0.17654882723640034,0.9381528942014935,0.16562979323970844,-0.23068070648884131,0.15383195128079422,0.806100633653042,0.8891624389946422,0.8942343957777243
1844,0.17632040652542297,0.9439200015308641,0.1664323583973998,-0.24318747139668487,0.1571175106191633,0.8690402212991891,0.9132725048473778,0.919436910566603
1845,0.042137395629168926,0.917813828299962,0.03867428439699762,-0.026064053074825493,0.0005703366984188014,0.3308227696141292,0.5212391653955077,0.6490784691327058
1846,0.2027999225590556,0.9470857261822949,0.19206891192655634,-0.28836395649778096,0.18649053951048028,0.8998975324307474,0.9331659919020482,0.9277170428367059
1847,0.2185991499770601,0.9393556046004357,0.2053423366918426,-0.29459458312257664,0.2016144371024296,0.8369926285314768,0.9121820090298144,0.9114569449300257
1848,0.10645331971549986,0.8972172285024578,0.09551175248002683,-0.07028630779328678,0.047802476539979384,0.25364389685844585,0.6526638417458853,0.6824155368088969
1849,0.15954709915308812,0.9478335312231,0.1512240903866736,-0.22337142332327997,0.141876480656355,0.88905678723966,0.9142520714089264,0.9162898923912853
1850,0.1581195565365938,0.932935801061834,0.1475153951410091,-0.19399914056072928,0.12419835889358259,0.7219114769989482,0.8591091414388179,0.8731411553136206
1851,0.15340718013269133,0.9443700126269939,0.14487314063898124,-0.20949471282300175,0.13298069826344355,0.8637221784398442,0.9026104078260069,0.9134033815514021
1852,0.10259669476389142,0.8942082770859221,0.09174281365952959,-0.06648192555597193,0.051387711745049455,0.24868335157398824,0.648209258230472,0.6994900818713223
1853,0.14144638509759738,0.9245352969600545,0.13077217565013344,-0.15618261710321846,0.10349182345941534,0.6214583158208272,0.8159870147852666,0.8379506526624585
1854,0.17582658386692773,0.9380666120854726,0.16493704784261112,-0.2303265709662955,0.15294027394767318,0.8090513278023469,0.8894825957664246,0.8978248564492821
1855,0.1289865907569165,0.950687246121054,0.12262590675323637,-0.1789764874394915,0.1008155825383635,0.8465580314640491,0.9014280654917428,0.9155528279598422
1856,0.14404825183083472,0.9408478744185017,0.13552749154874189,-0.18678325020612277,0.11365766668686718,0.7759591880623605,0.8777855747097275,0.8902878769952514
1857,0.10020033201717024,0.9499607166093351,0.09518637920752435,-0.1346516431870297,0.07308029778036255,0.8593426490004885,0.865950218659008,0.8936155851670188
1858,0.23480624344847673,0.9316971268601429,0.21876830238976902,-0.29582682231062446,0.2037724466328509,0.7245831775313923,0.8822887446581041,0.8796067708170601
1859,0.06519327010976625,0.9112980395330376,0.05941049924177776,-0.04261696325707048,0.019447431484134196,0.25999064109057574,0.6249224855210598,0.7077820684153456
1860,0.09900206774618826,0.9489314759440112,0.09394617826789942,-0.13399509334788437,0.07542507380515275,0.88451827778488,0.8667016169428461,0.9024108203872645
1861,0.1663259027577399,0.9428273208757005,0.1568166052893122,-0.22579241213133464,0.14510104624395662,0.8472154139894486,0.9028736392689648,0.9116962428553866
1862,0.503002099275609,0.8826805292253134,0.44399015919003826,-0.38853456313310436,0.33702142603924706,0.20656069087956747,0.7239177483658427,0.7240574821069449
1863,0.20434994677284282,0.9465052009841838,0.19341828744133685,-0.2906235983577815,0.19016587031979587,0.9134013322941553,0.9338458619526585,0.9321293680377957
1864,0.16796104403059817,0.9422951688200548,0.15826888034000516,-0.22721194861549032,0.14634295381059395,0.8525997458875477,0.901486988884184,0.9086911240294671
1865,0.03436089425013165,0.9268769772768634,0.03184832179909197,-0.020742880103451704,-0.0051341697450545,0.36528664831876406,0.4778219800786419,0.631147086336185
1866,0.02391562025814629,0.977253358961646,0.023371620228924653,-0.01564021819050634,-0.017394034704659583,0.38357088575534076,0.4332565609507989,0.6307554091051681
1867,0.03314921276253172,0.9774924675076723,0.032403105779183955,-0.023976885891973415,-0.012280597031157657,0.3188148232645771,0.5782437941435965,0.6456015362509039
1868,0.1946942689372774,0.9486778188597645,0.18470213439991273,-0.2805368903845637,0.17152785948306942,0.8802873019151731,0.9353703200730055,0.9354794003075111
1869,0.12368132068917592,0.9337930972460746,0.1154927635178306,-0.14728783845063645,0.09135502623165553,0.7183483238088139,0.8316841043619753,0.8506331395256711
1870,0.0670261099850796,0.9129840114088825,0.061193766763310925,-0.04399685126737527,0.021410306982175168,0.2654538525978315,0.6358566184388689,0.6996966241142765
1871,0.16012245162826394,0.9320002843413018,0.14923417044696832,-0.19563704021000228,0.131979158861532,0.7314396431484637,0.8577472917951757,0.8705327106402313
1872,0.16704168413674234,0.9428530162143237,0.15749575572184787,-0.22610315322785138,0.14498264303255654,0.8442479639278034,0.9029292120568086,0.9082683203196856
1873,0.16040906897416204,0.9320880070899358,0.14951536941927876,-0.19582252953236143,0.13066823167579908,0.73030909716102,0.8576274563874824,0.8689565703035977
1874,0.22608297166978766,0.934693197464716,0.21131821568235862,-0.29316022206790915,0.19891364313472357,0.7624497317105229,0.8948030874192375,0.8949314766980245
1875,0.49340208644308164,0.8886954551768457,0.4384841917967398,-0.38814816887144155,0.3382328568550198,0.2182387648170482,0.7256559294717044,0.693913461770741
1876,0.2038351408870047,0.9464678815325082,0.19292341397720367,-0.2905338229755709,0.19266157755973237,0.9173125656863612,0.9360293106716907,0.9361577400181447
1877,0.15990280488223654,0.9320337938841701,0.14903481788711112,-0.19563349576462075,0.1289728784684774,0.7317181802489057,0.8569348272913976,0.871108084370955
1878,0.04506737140872721,0.9247178418428696,0.04167460242660927,-0.0290759886866715,-0.003479947817466584,0.3111666303435322,0.559096524629134,0.6614228991346744
1879,0.138558733791255,0.9434719334107117,0.13072627646097545,-0.18527678672521017,0.11443282452296383,0.8391111790466513,0.8866626033872579,0.9021476269681409
1880,0.03603527957626917,0.9343768424407751,0.03367053074694494,-0.02253184278044136,-0.003624371115118284,0.327346020975047,0.5264238006729232,0.6771864681623094
1881,0.3995941321011118,0.8901598680588697,0.3557026599082242,-0.33016633400086776,0.23601272555217548,0.19486018362804997,0.7326938435128164,0.7328669236401384
1882,0.26716628103992435,0.9056279083425711,0.2419532402778502,-0.24339487590582354,0.10999570654782899,0.17140576640825184,0.7712427299784463,0.7715772739666866
1883,0.08220933612405408,0.951792868539646,0.07824625985025337,-0.1074844855202888,0.05308762828683503,0.8339035780303828,0.8404200048151305,0.8826691947558246
1884,0.17121819250062958,0.9469157632170656,0.1621292054283801,-0.24202319519819965,0.15640785211543737,0.9114337734190295,0.9235838955364992,0.9301079283722039
1885,0.19453615158238965,0.9486206443939228,0.1845410094720003,-0.2803730547408052,0.1746056871580478,0.8813367329415194,0.936485052812455,0.9365975805367001
1886,0.0923579803371574,0.9986473166344412,0.09223304923347872,-0.10787995031112169,-0.010364111681863642,0.0289755031454934,0.9630430475266736,0.9641809942569702
1887,0.25544131083659344,0.925466447115012,0.23640236238634355,-0.3052450988198165,0.22321637084723428,0.6759508393280566,0.8627771211736486,0.8603008758773665
1888,0.18383482060512907,0.9406369331573934,0.1729218218615482,-0.24676866904619585,0.16506307056090425,0.8384601930410887,0.9026191270434278,0.9062121160168928
1889,0.3999486287391939,0.8912166322194132,0.3564408699657168,-0.3311812266529061,0.2501725332985762,0.20040054996434292,0.7378507047739958,0.7275026440714799
1890,0.1891976797147039,0.9378627824727628,0.17744146233462277,-0.2487120917122139,0.1674192189310733,0.8104129227031438,0.8950904945653001,0.8995892016987694
1891,0.1325255712735521,0.9478868177212804,0.12561924202118202,-0.18316558894931942,0.11204701082535695,0.8912348909888221,0.8962360005958885,0.9092980905275363
1892,0.21244492298440207,0.9422454774185214,0.20017526788257894,-0.2911542911100893,0.19627289413319673,0.8475857702712016,0.9175404851922212,0.912466046144831
1893,0.022273767895533567,0.9683091300065713,0.021567892812892408,-0.014516685203174376,-0.012388719728975877,0.4786727635819916,0.3144959510775976,0.48426307678291297
1894,0.042480457059646454,0.9185169803994122,0.03901902114441335,-0.026804407399755075,0.0019940699325201733,0.3278422641763193,0.5165796345412309,0.6432401048693026
1895,0.225994765832902,0.934632895136144,0.2112221422760201,-0.2930786116935384,0.19842281695413266,0.7631987135002742,0.8956783031789773,0.8958107496298299
1896,0.08366765301593598,0.8972823933856126,0.07507351194709601,-0.053218563290076036,0.03516023717795544,0.2616115100073019,0.6315970182085766,0.6969349341344406
1897,0.1442718714230128,0.9402692794153561,0.13565440858282113,-0.18709649365565637,0.11794196764770647,0.7846686381453775,0.8785888043202739,0.8927771760771238
1898,0.18220882380849357,0.9232038622630544,0.16821588987840963,-0.20553062281117332,0.1440267813906809,0.62297444818093,0.8337389246471631,0.8450726250712107
1899,0.3413329077067738,0.8989225221454387,0.30683183828700933,-0.2967830699882329,0.22677854712399015,0.19425184381940208,0.7463601381898961,0.7271367736321164
1900,0.21193329727398266,0.9421540243968705,0.19967380893038106,-0.29090716650936854,0.19363906640974585,0.8503017703019552,0.9188585887966731,0.9155105901829217
1901,0.042610218212067306,0.9228804088183723,0.03932413560339273,-0.027040801927126764,-0.0009105931510477045,0.307122606026217,0.5442121132018736,0.6800730476401624
1902,0.2624228559249752,0.9219427847002601,0.24193885856046682,-0.3041207557334385,0.21745503504577093,0.6234324541000895,0.8524371490488706,0.8502830922921899
1903,0.14553732774951364,0.9400272647630724,0.13680905612530211,-0.18842909764791363,0.1152795525233811,0.786905632605119,0.8747930887377067,0.8874105421548438
1904,0.20802260649736054,0.9403695665055591,0.19561812829527944,-0.2811065163146204,0.18135092814601506,0.7760795491955137,0.9092277822208461,0.9093902626917053
1905,0.11298237735051453,0.9488968937594427,0.10720862691746046,-0.15438553003376904,0.09090265436931093,0.8791960754844689,0.8824537114479624,0.9058398621902967
1906,0.2015869892736762,0.9469914221309519,0.19090114965537552,-0.28793242763761107,0.18871538972277443,0.9070383373906676,0.9359989124736842,0.93521138639643
1907,0.01906154441348673,0.9706871822780571,0.018502796836595472,-0.011531800451328875,-0.014458289442907144,0.5051869820274104,0.2472352633934576,0.5117796922661678
1908,0.10321304255505735,0.9005390596299414,0.09294737628407648,-0.0686627001411208,0.04992344097893109,0.24211173056741708,0.6736301821962736,0.7115692453788741
1909,0.16622655182075094,0.9427680402058307,0.1567130804902223,-0.22565780616217654,0.14553652160257674,0.8481644722182711,0.9038799223872095,0.9127169206847068
1910,0.12862672304341594,0.951490261789701,0.12238707438173119,-0.17797046570315764,0.10098662496036591,0.8298950975109064,0.9036774927520591,0.9141105484101053
1911,0.16920994091119854,0.9424526512761586,0.15947235743404123,-0.22793532040689699,0.1504866756104832,0.8467809984354157,0.900242490799619,0.9021878660619896
1912,0.13128663702433713,0.9478545942115298,0.12444064206209948,-0.1824211125977579,0.10850276105957164,0.8986033766002951,0.8982382843031814,0.9169211175791522
1913,0.11064955730460517,0.9420138241579433,0.10423341261789461,-0.13965168811869402,0.08137013944393098,0.7679244840865539,0.8514500256855844,0.8783936895136427
1914,0.022124774862805844,0.9798277122772697,0.021678467538472693,-0.013777640329547449,-0.018686592370867856,0.3919854548155341,0.4212732048790728,0.6608830865311547
1915,0.1447939102539165,0.941032149050364,0.13625572453564858,-0.18738679129789074,0.11760767813300729,0.7724305226449383,0.8765364500835763,0.885850045220996
1916,0.030131130025905846,0.9804984900657304,0.029543527494374874,-0.020895264910475757,-0.011731222972481114,0.32039584818369204,0.5740618548769064,0.6832470517478576
1917,0.02374114206774269,0.9789248653401471,0.023240794301686317,-0.015600514827365797,-0.02810805681929485,0.3851100582285857,0.43724909738102635,0.6346135075196276
1918,0.14479732009912583,0.9398166942207856,0.13608293870758933,-0.1878271402922848,0.11650585395727883,0.7900612350196536,0.8753544288470547,0.8913111021951271
1919,0.015904552385795783,0.9740097310465442,0.015491188791704625,-0.008702760890954559,-0.02002606753926373,0.5394001939370994,0.1496220563728618,0.5473830759341716
1920,0.19984850193131407,0.9475553656756608,0.1893675203272593,-0.2855042727858602,0.17618842895757655,0.8941012825086423,0.9347322805549201,0.9311842369112022
1921,0.07066096097853024,0.9260353585110419,0.06543454833248799,-0.050798667160697086,0.01993466084931252,0.228043179166355,0.672032539593397,0.726379057403616
1922,0.10814861908107447,0.9912774521489202,0.10720528757611157,-0.12736675623839913,0.021705022599294663,0.09044138434670615,0.9242141937015081,0.8485110698801113
1923,0.21334581302630282,0.9407722155920356,0.20070981320803907,-0.29067754900966347,0.194735108200891,0.8360803799496478,0.9156616513653139,0.915773994464126
1924,0.13120314510783976,0.94779760420959,0.12435402659797372,-0.18228518645208536,0.10850068389671257,0.8996767121465962,0.8993050092257678,0.918015188793678
1925,0.0989735512187168,0.9488920124034528,0.09391521219064439,-0.1339305606968632,0.07276532148473647,0.8846541407461294,0.8668003332968506,0.9025502750975644
1926,0.031951849954719294,0.9726091026023639,0.03107666011094492,-0.02300456524607875,-0.008093353908799908,0.37550860218780857,0.5197598297964887,0.5568683490308162
1927,0.14335218805109026,0.9418204608123558,0.1350120238087373,-0.1857707866357479,0.1129305213088478,0.7619323377929289,0.8794369095871137,0.8886852172482971
1928,0.06550548527211975,0.90879864519612,0.059531296268216814,-0.04250602490590965,0.01584611962293081,0.27200170911065413,0.6132967823854787,0.6892158114859367
1929,0.033738497952218324,0.9265106619180228,0.03125907806982966,-0.020537292028464462,-0.005093721682981357,0.3620560289927721,0.46472307873457996,0.6331831607464995
1930,0.14775782985535643,0.9391874556246282,0.13877230027046894,-0.1904135176872853,0.1204537947821087,0.7956246124873612,0.8717034903189479,0.8813046474370277
1931,0.22392110534982987,0.9376081891626442,0.20995026210235165,-0.29627302096565045,0.19816967843412686,0.809355261764568,0.9020880334307617,0.8989124732023783
1932,0.042019259158474494,0.917798433031931,0.03856521021281051,-0.025875368387644218,-0.0008521815134667422,0.3317406651914924,0.5231175778371557,0.6511433242263455
1933,0.49823927495209563,0.8830912493244554,0.43999074377995695,-0.38351698382188,0.26323579889565124,0.2054244157817362,0.7180751721091427,0.7187420590949681
1934,0.21343378852776826,0.9394915577316864,0.2005192424565283,-0.28591719004021854,0.18397884847463658,0.7837000375128086,0.904898808715465,0.9020253428677174
1935,0.09046147732723481,0.9422453679560551,0.0852369079900487,-0.11183334884811462,0.06033273440573178,0.7753005514632305,0.8261095017370085,0.8701656659308544
1936,0.19884461028632694,0.9474746253894312,0.18840022264174502,-0.2850699981172183,0.1750892141800795,0.8993893644304284,0.9366319439708589,0.9368339425141362
1937,0.24870372801415758,0.9260715736401783,0.23031745277224983,-0.29991033604646183,0.20994031797776835,0.6712517001110012,0.8674828381580282,0.8675646670635249
1938,0.2410877988090872,0.9308082483128693,0.22440651169909193,-0.30098369745025383,0.20907508970735522,0.7327524756289074,0.8803315461634357,0.8747826225839606
1939,0.17793913497250774,0.9436268249640837,0.16790814097096302,-0.24456722571618678,0.1593628165601843,0.8713756375633941,0.912027558349972,0.9158087193262028
1940,0.036145673470024405,0.9345879023536429,0.033781309147509826,-0.02277710800873767,-0.004153190927165032,0.32622266685997664,0.5246295306501687,0.6748572041071702
1941,0.13297693548214112,0.9282352544555006,0.12343387954397796,-0.15199199888455164,0.09873514154674279,0.6700245298729959,0.8223447587151161,0.8442713081793259
1942,0.19661989105540445,0.9487865101797828,0.18655030026638628,-0.28130240240207227,0.17365103847940724,0.8696498231628009,0.9308423687604755,0.9237612882988384
1943,0.021061124007874993,0.9818233304808385,0.02067830291708177,-0.013268758095043496,-0.02132208604923396,0.38794429256945984,0.39118987130963867,0.6711473487634548
1944,0.1114755936986785,0.940184696539616,0.10480764723316557,-0.14061687608772372,0.08457173041576202,0.790519109753117,0.8461677862890565,0.8739946818112085
1945,0.06744205752791446,0.9130758208468465,0.06157971203690074,-0.04475714038985708,0.01587792084562824,0.2635968134160151,0.6295050865143025,0.6934755090657566
1946,0.11098899648841722,0.9411340848193589,0.10445552763514558,-0.14006426042300224,0.08236046433917964,0.7798578813345788,0.8498249046923357,0.877145334262409
1947,0.20568198057099868,0.946633343304904,0.1947054209254988,-0.2911814713006399,0.18626834540723267,0.9065427423707803,0.9324807780603364,0.9250298872506796
1948,0.21842948175552263,0.9385592357550895,0.2050090074628436,-0.2908649993993524,0.19538612978391126,0.7960144840788124,0.9031448192069758,0.9001549698627938
1949,0.06643882742277034,0.9095286206634048,0.0604280150643263,-0.04311745823627739,0.018629847974198643,0.2747628806171327,0.6188368701875153,0.6851967238761598
1950,0.10199159267700979,0.8939127059949379,0.09117158059863929,-0.06539553443358531,0.04079892278947021,0.25047197685341394,0.6549404032086699,0.7059486628648043
1951,0.025756727747199268,0.9848230417935226,0.02536581896664441,-0.017589631842674716,-0.01671934518440352,0.30427265735723114,0.5177985711427046,0.7331771397732998
1952,0.21353554057147703,0.939590825323904,0.2006360348015401,-0.2863051745294518,0.18185715703090177,0.784621293676529,0.9061839470346793,0.9031132138038018
1953,0.12891066235275753,0.9505370140423147,0.12253435607100718,-0.1787439233241096,0.10186933788997815,0.8470843651122174,0.9018327241923275,0.9161103846767691
1954,0.10234008742778979,0.9937052961099824,0.10169588688135332,-0.1194463314251282,-0.005685465014652288,0.07309707599893286,0.9452395268298507,0.89077907229102
1955,0.049077421188566756,0.9394362767688871,0.04610510983480564,-0.03346603284637929,0.0016085947478468514,0.25080831635201317,0.6487459146872423,0.742873165591837
1956,0.14609809937191492,0.9387861342973369,0.13715486993754822,-0.18910139026915204,0.11952467866316115,0.8039394644123181,0.8749344155838339,0.8911226983387688
1957,0.06313923827546535,0.903188671601699,0.05702664474396071,-0.03943520386718641,0.01879646592110453,0.283145470354331,0.597139339097537,0.6874915327949671
1958,0.19906313324626995,0.9475934583290471,0.18863092285864885,-0.2852537586415199,0.17942422922319168,0.8971935806370035,0.9343557085787272,0.9345464143569967
1959,0.20239748325269014,0.947115098248498,0.19169371223612033,-0.2882893582098514,0.18731883615492653,0.901866838556028,0.9334235037756038,0.9298008337997442
1960,0.06537803793743925,0.9052479533327759,0.05918333503577946,-0.04134258636132814,0.014427953412722258,0.286892912478208,0.6050617673642625,0.6745213850248987
1961,0.11103695769586437,0.9411202373712123,0.10449912798370914,-0.14011371632687414,0.08241681780835798,0.7793217263915542,0.8491739862342265,0.8765335034796742
1962,0.01963439351466642,0.9770833301194166,0.019184438600185344,-0.01157773983686187,-0.01766211444010156,0.4520050441126348,0.33311043376836547,0.6119224727891777
1963,0.13124504711712714,0.9477865806941597,0.1243922944401858,-0.18231833225151609,0.11104820017728016,0.8992926242355643,0.8988833390251549,0.917621464761733
1964,0.10183296668926238,0.9931711717264459,0.10113756684715486,-0.13057510098251413,-0.23396512994010307,0.0301238683865942,0.8160295831111953,0.821890759426746
1965,0.14761045890725946,0.9389754600299971,0.13860259855768292,-0.19003833887465044,0.12395619398290585,0.796309457867001,0.8722368720638558,0.8820424917402382
1966,0.20678094172799708,0.9467576513492435,0.1957714387341833,-0.29157711032085587,0.1861542931858485,0.899295041689147,0.9286015848545917,0.9175636868246507
1967,0.15644559658642349,0.9338835921456123,0.14610197571549252,-0.19252098013632415,0.1242486585334517,0.7126393162693169,0.8616720972880657,0.8754629324990916
1968,0.341355461957471,0.8983106896128429,0.3066432604341264,-0.29593527473715453,0.21516498967686698,0.19548168102575525,0.751046578330217,0.731725608477014
1969,0.2044630081474222,0.9465784802725095,0.1935402835241326,-0.2907799090123303,0.18953812941464926,0.9126799520581348,0.9331527971082431,0.9313940297872285
1970,0.08195315178054957,0.9501415818793617,0.07786709727277079,-0.10757886043612429,0.05456765107510707,0.861497103197366,0.8349838339462835,0.8786807546398308
1971,0.24109058685315857,0.9308086437731147,0.22440920217525284,-0.3009802920325699,0.21159648939396414,0.7327512070279066,0.8803311382150005,0.8747817495242823
1972,0.04244599018576648,0.9225594472530112,0.039158949243887464,-0.02667841324153129,-0.0030889239091143367,0.3084802857578013,0.5465904272658365,0.6830579503536108
1973,0.47441152397426894,0.8909550868326317,0.422679360536896,-0.37051193558150153,0.2908322211712274,0.21874959355193957,0.7096135434792016,0.6713590144362
1974,0.08509212914210405,0.9072778995772625,0.07720220819860532,-0.05675949346022711,0.034176582166234204,0.24258243939955318,0.6679942434003647,0.7206927320501094
1975,0.04404043625845573,0.9239746854211183,0.040692248237715445,-0.028424085606090683,0.004017369447885838,0.3077997988578144,0.5489118649992865,0.667082947865534
1976,0.19950998420623361,0.9475873509006024,0.18905313741220595,-0.2855035165055409,0.18553620877339297,0.8960437862065841,0.9350013296074485,0.9332774019765612
1977,0.015962728003628895,0.9750706661031233,0.015564787827321406,-0.008954215416966275,-0.017078280170387792,0.5364567333106635,0.14910622168948753,0.5444040860170408
1978,0.17528613725730915,0.9442700640906587,0.16551745206216334,-0.2421195388360451,0.15612701373389548,0.8641300429961338,0.9140764075448747,0.9201811408996199
1979,0.14344779090132673,0.924089606513389,0.13255861264922192,-0.15774662197101819,0.10470883774850914,0.6246317759435643,0.8125212010560711,0.8301437171489086
1980,0.1378361963489954,0.9439494054248608,0.1301103955896586,-0.18447831597972944,0.11236758948614864,0.8332216732351302,0.8888695197535367,0.9041786965990978
1981,0.15748481967580163,0.9482114975950069,0.14932891671327148,-0.2214868693292359,0.13755680019143038,0.8861321490752403,0.9168096695718986,0.9225493065858765
1982,0.043665297201891835,0.9230541774402319,0.040305434991375524,-0.02752900881544463,-0.00024930734208218077,0.3109361901656576,0.5539888358296837,0.673570162176743
1983,0.06383804544643816,0.9061902755858913,0.057849415995972445,-0.04053997556368384,0.01699264340285982,0.27497609800864453,0.6076898963205366,0.6952403403097489
1984,0.03392582853788322,0.9836553093171535,0.03337132136427223,-0.024828588256444857,-0.016177723904337554,0.2721533241262012,0.6342864617355873,0.7254797660810698
1985,0.13613352337400556,0.9448165164954946,0.12862120133248592,-0.18425925431405096,0.11364588778679084,0.8586619865057239,0.89122545239418,0.9077119556901265
1986,0.17619485310073857,0.938153005778805,0.1652977310392129,-0.2305731780190014,0.1521082657709232,0.8077525605662406,0.8895960267853625,0.8962327665386239
1987,0.1280237038025032,0.9505396285213377,0.12169160385435714,-0.17813891137090446,0.09897022827713298,0.8529093397292675,0.9048993586437786,0.9226771194851209
1988,0.22384950715209362,0.9375468936372312,0.20986941007267054,-0.2961969914742126,0.1993279203688013,0.810212030497206,0.9030391805537221,0.8998647640976591
1989,0.121863634554625,0.9842607145186841,0.119945588020579,-0.14080816138567198,0.0245708817936091,0.13451146829221391,0.897847821615546,0.7719744184499208
1990,0.21372792425198223,0.9415677131889917,0.20123931288256897,-0.2932556161311682,0.19539808165220035,0.8618133733564239,0.9191284725401565,0.9192431747689748
1991,0.20480363069331306,0.9465364295966817,0.19385409736488593,-0.2908701915001925,0.1929060562287894,0.9117473653392102,0.9340781927929612,0.930407095525759
1992,0.1460358039351404,0.9399853408568539,0.13727151493927764,-0.18853139507365307,0.11675465256375021,0.7858033946170638,0.8763231889759437,0.8858134023596739
1993,0.14680703225921696,0.9389368496014864,0.13784253236881297,-0.18959033727179828,0.12128695190178829,0.8008509917955617,0.8745445123408211,0.8874006734313526
1994,0.14559493443029686,0.9400139027803631,0.13686126253887443,-0.18846837370804495,0.11699736013003599,0.7863453198385276,0.8741002182597116,0.8867698683048035
1995,0.09908484117770432,0.9515982724878685,0.09428896369443825,-0.13321577185175415,0.07120090491085825,0.836817730640361,0.8732505992961301,0.9035091893828244
1996,0.13188499082180835,0.9488292468706633,0.12513633651500075,-0.18207464431299838,0.10792448608471657,0.871525357722986,0.8957727268349235,0.9068848953719079
1997,0.17574044345420034,0.9380423504544328,0.16485197864768245,-0.2302403510332626,0.1512418231739631,0.8097770970670995,0.8903157848879326,0.8986355080362101
1998,0.1308667686749067,0.9487583178660765,0.12416093531257344,-0.1813120959133962,0.10619596808855833,0.8787880657573545,0.8998907439837067,0.914581401984543
1999,0.20492127228984153,0.9466655498864255,0.19399190891568874,-0.2909817999106733,0.19425611953078534,0.9097626463893604,0.9320842280487912,0.9283846296067585
2000,0.15708790382462756,0.9482040908830565,0.148951393034756,-0.22129547540830355,0.1353969154113846,0.8881377543586555,0.91710486623132,0.924704835452171
2001,0.1995911651201239,0.9475378631847512,0.18912018610847706,-0.285491639412136,0.18522256532772857,0.8961252896418793,0.9356693329630956,0.9333377191580952
2002,0.20579444027488414,0.9466704065525393,0.19481950644127685,-0.29113746384562156,0.192463494323659,0.9046278344769606,0.930439777579719,0.9230743970845385
2003,0.06420925929642128,0.9041098669767472,0.05805222488116291,-0.04023356439166742,0.017182117912143916,0.28545201753276905,0.602025104151694,0.6818358252030425
2004,0.12136909522677694,0.9343127755571818,0.11339669622819387,-0.14550492435730222,0.08842032523036088,0.7162374575132129,0.8357330711179668,0.8627295701349612
2005,0.21594224458227343,0.9405346516922071,0.20310116379382193,-0.2927418361582482,0.19808910961246662,0.8368767433578765,0.9139558984902244,0.9106450813143332
2006,0.27421028664367547,0.9183449448747089,0.2518196305718643,-0.30773603684320155,0.2256531795762998,0.5865843047263806,0.8417837100529086,0.8398244996478396
2007,0.35792573997887533,0.9550699778735813,0.3418441285620097,-0.3311791094201759,0.34312676933869996,0.30773347049059985,0.6359033299648361,0.3078549957232393
2008,0.06839826386140706,0.9195262252028243,0.0628939973789064,-0.04638967785582532,0.01086060618371973,0.24734817912194781,0.6619208702176664,0.7209901348195384
2009,0.1445877930579798,0.939716583566413,0.1358715469178523,-0.18752805528929445,0.11243643684268212,0.7922299176907889,0.877818460248042,0.8937664708371179
2010,0.13174001478572775,0.9289433751635595,0.12237901397915117,-0.15105768676153591,0.098273776886003,0.6633605230377022,0.8240245553944926,0.8482673257018161
2011,0.09876444719340792,0.9507108595509195,0.09389643248431624,-0.1333331108881675,0.0707656796479285,0.8529774183875934,0.8697349494169742,0.9042237437672276
2012,0.21115203590737863,0.9431750892404825,0.19915334031025142,-0.29257433043611103,0.19638483302671994,0.8756229185125198,0.9228256419233904,0.9205714562245579
2013,0.23319496228844583,0.9160038543483591,0.21360748427083662,-0.22204152701951582,0.10731046321820568,0.16600841892045906,0.7848478158912306,0.769052469776926
2014,0.18484705180677924,0.922450826042883,0.17051231563075508,-0.20741121340062565,0.14805090892309267,0.6290400645021863,0.8323626155389698,0.8414975033699562
2015,0.0673396783828859,0.9134196633104336,0.06150938635592853,-0.04476390020437159,0.015507634399427069,0.26375404920330997,0.6313893347598852,0.6949068394182706
2016,0.14542743350171974,0.9399017148697014,0.13668749413736586,-0.1881883257777441,0.11794954125878222,0.7879202355358076,0.8758431881165023,0.8885463103848124
2017,0.23308079856898178,0.9160830112306264,0.2135213598131119,-0.2218526175686807,0.11671788097081282,0.1649283567892896,0.7752590949077015,0.7606015016399725
2018,0.0662041135561991,0.909271108025953,0.060197487689121164,-0.04263011346612842,0.021958587992909992,0.27590660002365086,0.6217753919583692,0.6882999435068337
2019,0.1224307737819467,0.9335054252392926,0.11428979154169179,-0.14630955552716282,0.09045923458240827,0.7243072058689228,0.8341033842804314,0.8585974979050635
2020,0.13113365845277594,0.9477165378372486,0.12427753678279706,-0.18213144716180374,0.10894868294461303,0.8999670051923132,0.8995192091496965,0.9183124586587367
2021,0.10493638943841918,0.9070225967473295,0.09517967644172401,-0.07321029106336514,0.03900586538802017,0.23291237468656356,0.6840302696820626,0.7104086910068244
2022,0.15061207246247615,0.972898553245445,0.1465302674000412,-0.1728069981124493,0.003673778069251442,0.17895606056102017,0.7907379264460231,0.6213119603265659
2023,0.12250734636342073,0.9335594066525201,0.11436788558160982,-0.14644693866188505,0.08998318853122385,0.7236792199799088,0.8333826553012831,0.8578528139614157
2024,0.08159881014796029,0.9508203760774536,0.07758581135235634,-0.10712670183247801,0.054596518543059365,0.8506150622388677,0.8373432795540979,0.8840865716011094
2025,0.15655086563494422,0.9481513153878195,0.14843390917687416,-0.2209473204823575,0.1350564267094604,0.8916085876478076,0.9189303805311263,0.9283894954161329
2026,0.1571627849524729,0.9340190568599805,0.1467930361747967,-0.19300973936129687,0.1244344692005079,0.7092531604568292,0.85963539335788,0.8707260470059521
2027,0.2286710694172648,0.9324047878379927,0.2132139999646917,-0.29068863486204216,0.19691137907409395,0.7189624380175513,0.8872515550433968,0.8873461282558809
2028,0.06600363682430821,0.9054750111410754,0.05976464378884196,-0.042350875339780415,0.0055929698152655345,0.284167983123035,0.5971674998079839,0.6667388131799799
2029,0.06661161518095327,0.915600665696808,0.06098963920282041,-0.044101549705165284,0.01843153077264113,0.25435130072682316,0.6482723974012742,0.7185435151151752
2030,0.24041633226518375,0.9306241798815459,0.22373725204441586,-0.3006913145040739,0.2032136693527806,0.7355741078382768,0.881371476395347,0.8786505477291904
2031,0.18103930253879896,0.9412261030188238,0.1703989172218396,-0.24424028469954845,0.15864340780946973,0.8323736118400448,0.9052807148939788,0.9110912995872461
2032,0.2182705110449385,0.9384657601094595,0.2048394010572684,-0.29091593707840807,0.1969513571946161,0.7988677359755728,0.9065187403502708,0.9033987956386103
2033,0.1595397046817553,0.9332395775306442,0.14888876659656505,-0.19498791530370224,0.12991753312955415,0.7158422809322428,0.8562492905170294,0.8647561674585178
2034,0.0307736299010293,0.9808534379645136,0.030184420687072142,-0.02231542436139276,-0.015381515928589256,0.31310848938596,0.5611322041273359,0.6677636317491091
2035,0.09969307338889268,0.9489304975955746,0.09460179773775407,-0.1344681683163296,0.07534597330750774,0.8791401782176744,0.8648807603262099,0.8968605227770114
2036,0.15801496463480316,0.9328872336794686,0.1474101432381206,-0.19385556924675432,0.12414863033074829,0.7230128100050954,0.8604798136114985,0.8744831363901141
2037,0.15880069397928784,0.9471414358623181,0.15040671731147529,-0.22351351431131083,0.14103166388648444,0.9084213613050225,0.9173668500984793,0.9270107323203438
2038,0.11146292910665555,0.9402668851917741,0.10480490116546655,-0.14066606811877266,0.08521166637659267,0.7908535552811641,0.846660247732024,0.8743778497941999
2039,0.16925427401895463,0.9285778027051609,0.1571657618669781,-0.19874153587889978,0.1335049423636535,0.6577693443927147,0.8469972113881379,0.8569004228577537
2040,0.14550068172317585,0.9398738095622647,0.13675228002506787,-0.18822120824969119,0.11378028757252141,0.7867922710653483,0.8744516671143473,0.887257651703301
2041,0.0994350903203184,0.9506575614395265,0.09452872048543297,-0.1337745480047863,0.07206822086288493,0.848227229361553,0.8680502142978526,0.8989974035179579
2042,0.1625732552937105,0.9326330583908891,0.15162119229713603,-0.19740883964631983,0.13109577666611125,0.7212646155200765,0.853810276241517,0.8567956643045961
2043,0.15973788586840582,0.93191829484065,0.1488626582199351,-0.195362956617844,0.12770902365848313,0.7330421106938745,0.8584780705026003,0.8726845424676152
2044,0.07466646592916702,0.9231785879217459,0.06893048258159555,-0.052440430606078024,0.0216904599241506,0.25765583447218104,0.6697058689498081,0.683656283376417
2045,0.15978307109799753,0.9472009975100525,0.1513466843292429,-0.22405655472831643,0.14400443117815767,0.9022747726454141,0.9147824537636963,0.9206675030292675
2046,0.14488335551011833,0.9399572191370335,0.136184155944533,-0.18806956640724048,0.11904358954195358,0.7896097710343631,0.8750009199877153,0.8908182540089352
2047,0.02811962303052803,0.9825591185332063,0.02762919201836167,-0.01960762388443104,-0.026065477836783233,0.31104988770808406,0.5448915627760833,0.701732233155656
2048,0.06598526764103935,0.9121213790205991,0.060186573315788125,-0.04307595947017321,0.012164301775859056,0.2633354364681149,0.63241988381888,0.7056125673274708
2049,0.2191024411260082,0.9385950677996089,0.2056484705837255,-0.2911856608601048,0.18821187199721,0.7945894676011955,0.9044018981805128,0.8981745834741216
2050,0.13873666447429225,0.9428999230614372,0.1308147902586106,-0.18563522168049917,0.11674053300780114,0.8491982090394973,0.8871921590561004,0.9045723225116922
2051,0.22874067081101732,0.9341505448832059,0.21367822227506186,-0.29563794885035455,0.2023636672241261,0.7689036258944993,0.8947706195067578,0.8948714151872894
2052,0.1580278511103083,0.9328796530814307,0.14742096692098838,-0.19385130206455617,0.12830867510117033,0.7225559495113895,0.8598726722138714,0.8739198791233809
2053,0.2182965093041313,0.9384267171433953,0.20485527659013858,-0.2906415633600715,0.1939927075290048,0.7970805292188364,0.9042699606626545,0.901350333002935
2054,0.20383460153637453,0.9464678741115288,0.19292290198650294,-0.29053098649591547,0.1922371109384398,0.9173130260863076,0.9360296314513735,0.9361579939464626
2055,0.20488666024007546,0.9466647944155379,0.19395898809465717,-0.29094235985268446,0.18680273924429813,0.909756344437565,0.9320787470039062,0.9283804293302087
2056,0.1301026198670746,0.9487726705454983,0.12343781009625018,-0.18089759773270891,0.10801142299265043,0.8834146951214944,0.9011691542510533,0.9195301266961566
2057,0.02110870178981611,0.9802943917403588,0.020692741981476408,-0.013110998455738604,-0.022254829313694,0.388373039090464,0.38989864859716816,0.6705491176585393
2058,0.22473996943155242,0.937746968932577,0.2107492251324383,-0.2964986195854458,0.19754412393252593,0.8049201757460307,0.8999814736328936,0.8936569729602233
2059,0.07161920545388317,0.9165472662713787,0.06564238697128484,-0.048683415062307375,0.021932635314839993,0.27087442569113457,0.6417933239440233,0.6714963234737272
2060,0.14620705352356747,0.9388308779652628,0.13726369642424502,-0.1892532304130336,0.11886976060355207,0.8025203352017238,0.8733271223758713,0.8895445637919196
2061,0.20906074430723212,0.9434828308675486,0.19724522286226412,-0.2907223089928544,0.19321915061634065,0.8728041132218526,0.9248037445396273,0.9237156302450391
2062,0.08153359478936259,0.9509402387514903,0.07753357609526372,-0.10710170226551251,0.05544725534602918,0.8516662349978512,0.8385783846404878,0.8851890687257817
2063,0.21990112894851355,0.9344622939570941,0.20548931340098273,-0.2822530873871606,0.18204965711365637,0.6970344796338431,0.8893578828470087,0.8867348917012505
2064,0.09065972717573702,0.9423162520402987,0.08543013432323651,-0.11215719426907657,0.06142419104329706,0.7728122108558237,0.8233452070207069,0.8673595664389108
2065,0.23418391886216686,0.9315735417358327,0.2181595427120057,-0.29550153641006555,0.2058053258298321,0.7261806796170552,0.8818822109334805,0.8820792598619474
2066,0.2125215734083907,0.9393132711361617,0.19962433430523938,-0.28554289952634554,0.18597238250182496,0.7886501799265927,0.9079322577637295,0.908166084965153
2067,0.17308273653333758,0.9390490616816319,0.16253318133491976,-0.2276088149975729,0.1475254599433883,0.7963247746678586,0.8913782770070466,0.8996173834802084
2068,0.13014472606651142,0.9487479694981554,0.12347454459649637,-0.18091902457062967,0.1073534249858782,0.8826632892663768,0.9003320735577389,0.9187472357893129
2069,0.11024876797415227,0.942895961546697,0.103953118088327,-0.13917703225388356,0.07798013894027675,0.7573765759064666,0.8542936293259753,0.8807967583083289
2070,0.22952991984019663,0.9343151579360645,0.21445328330654553,-0.29594997719132105,0.204765608407919,0.7653652322018032,0.8932093015831155,0.8903007316930608
2071,0.21795094511256258,0.9383809410764199,0.20452101298322162,-0.29074290563140204,0.1932514410332125,0.8001403167777625,0.9064634655266344,0.9050172753561457
2072,0.021275683329489273,0.9824777265978368,0.02090288498937212,-0.013829098109150891,-0.022557811572279356,0.38327412931264354,0.3871201107727383,0.6634320617244408
2073,0.06788966374067881,0.914244782619794,0.06206777086872781,-0.04603330139777395,0.021860448007125777,0.26112269754157846,0.625125458778562,0.6879620986410699
2074,0.016603147928470202,0.9733194229475207,0.01616016636085094,-0.00904158729714588,-0.02009949798470213,0.5375109357434363,0.19066596390892043,0.5451518390641835
2075,0.09975321561783754,0.9490828175729458,0.09467406294053883,-0.13465666310432875,0.07167027184448518,0.8785904386347836,0.8644882394374357,0.8963036331855677
2076,0.17378718310964816,0.9269916776611012,0.16109927242680974,-0.2023804536479034,0.14072362534581093,0.6716622226913955,0.842315144296856,0.8498935918651181
2077,0.06701973017676499,0.9129831111782412,0.06118788176710916,-0.04399302157789314,0.019476155442058815,0.2654592429464561,0.63585969667591,0.6996979728630883
2078,0.13063841765691983,0.9482499754110207,0.1238778763309089,-0.1815445836142937,0.10967708079081429,0.8916169827490339,0.9003559276766375,0.9189307479950173
2079,0.1446607590874275,0.9396896087492543,0.1359362121082349,-0.18755909698379036,0.11624558855089895,0.7910867821418083,0.8764125913254133,0.8924594499421253
2080,0.13796806697024216,0.9439871139698418,0.13024007735923676,-0.1846441329994348,0.11377272392830516,0.8316773561611202,0.8871557964857797,0.902496694090679
2081,0.06316007155281354,0.9031272101487664,0.05704157921428897,-0.039436229483687996,0.017887607502388547,0.2831002947492162,0.5967983204324742,0.6872215535936806
2082,0.14560309157286325,0.9400134072769536,0.13686885821946546,-0.1884768601722108,0.11564213158404262,0.7863451111679562,0.8740997062822464,0.8867694179847484
2083,0.2290869172641498,0.9142507618360871,0.2094428886354296,-0.21712759075108973,0.0713547228619408,0.15843838559436124,0.7902102423795483,0.7901595592263352
2084,0.20384570530708912,0.9464501320239836,0.19292979470041657,-0.290451293715731,0.19225370462152588,0.916688710025123,0.9353337568331198,0.9355195827283015
2085,0.06429764961256852,0.9041499802806334,0.0581347186292949,-0.04039531671710791,0.017310329735583826,0.2849899410073507,0.6006773025843763,0.6804787478663729
2086,0.1588603282177346,0.9471177473738706,0.1504594362086545,-0.22352001956854867,0.14129182867779713,0.9076204555045733,0.9164807646932536,0.926190313625519
2087,0.13048439630439498,0.948777765715787,0.12380069398645717,-0.18112453572558154,0.10860986466566036,0.8814658904946768,0.9009454736824702,0.917435119861229
2088,0.21410388326909732,0.9415531394785126,0.20159018346655957,-0.2932736579237624,0.19792332531339166,0.8597568651271922,0.9185220715474278,0.916938667435798
2089,0.09952220597703396,0.9363887741890614,0.09319147645942612,-0.11686911001709306,0.06581251119337528,0.7021376204430059,0.8164227341485459,0.8550992918564523
2090,0.12140325564115488,0.9343739256765854,0.11343603656334394,-0.14560008241695044,0.08839038972583878,0.7160578302170489,0.8355896974428558,0.8625248106680659
2091,0.09097207393990477,0.9431906325029077,0.08580400795948007,-0.11214931917938756,0.059605595404045836,0.7612478686140411,0.8280153066869311,0.8682640368295091
2092,0.0713680234757804,0.9161717830583784,0.06538536932115793,-0.048072316741155474,0.016430750841392838,0.2721423020409665,0.6447949496467411,0.6746616599066391
2093,0.13652665237401715,0.8917797099146941,0.1217516984497253,-0.09022859242717517,0.07278373269841085,0.23880431079675782,0.6765049510025651,0.704391838453638
2094,0.3400413590233176,0.8986763426166504,0.3055871248654704,-0.2949043059369091,0.18809330981507513,0.19458798759320522,0.7468273957148832,0.7277978475376248
2095,0.10918551145721954,0.9899596304428523,0.10808924857190287,-0.12904762864610725,-0.07069096882115093,0.09020975210725088,0.9065979260627717,0.8338154871439616
2096,0.10281091142260972,0.9052111203310133,0.09306558031111312,-0.07037389625984784,0.044314111828724405,0.2315473713759105,0.6855149091627747,0.7218911130128783
2097,0.15321366108973825,0.9443287649844275,0.14468406735561518,-0.20937311618337207,0.1323620623725467,0.8639967457585385,0.9016732043237994,0.9137485978572962
2098,0.09904730755808946,0.949959852384514,0.09409096566696622,-0.13396672928948963,0.07464772034849193,0.8664479167798984,0.8662706026432979,0.9012506825467563
2099,0.0651942741656109,0.9120483005207985,0.05946032695643243,-0.04295411685703669,0.010512218387221958,0.2595503646516015,0.6262252591642148,0.7082382735331226
2100,0.21455923379575612,0.9416263401137569,0.20203462605670972,-0.29351069466355884,0.19758837638399385,0.8578002040238893,0.9181266188067538,0.9147484579789332
2101,0.0494111194099815,0.9114957199040804,0.045038023857867565,-0.03075426645502041,0.006685187032295088,0.3094818470478214,0.553879548103842,0.6651085271410014
2102,0.04337027763517358,0.9191244143638917,0.03986268103222831,-0.027102173592112946,0.002813361795566786,0.33238842098804783,0.530675355259809,0.6406455736609444
2103,0.09197139388259785,0.9962031952306516,0.09162219645566079,-0.10577815307182611,-0.25517159748835594,0.031538733359910635,0.9515137560260992,0.95514914697895
2104,0.49030640746611776,0.8874012021729437,0.4350984954185301,-0.38260394936521214,0.3015059451491452,0.21306923741617237,0.7187341461671604,0.697591921285304
2105,0.01759949546371562,0.9721216821477864,0.017108851135139568,-0.010328210831274533,-0.020131424062639472,0.5173627743376559,0.20171759041989032,0.5245502137328328
2106,0.3392660940189644,0.8980646935408169,0.30468290075393123,-0.29324302280146514,0.1737347452596582,0.19584554000545404,0.7515239903578326,0.7323946517474181
2107,0.030457596970073865,0.9806720467278959,0.0298689139590557,-0.021608715249260637,-0.025080234405162997,0.31668860495296125,0.5675218298560067,0.6754114364052182
2108,0.21151914650113637,0.9421050260149525,0.19927325101711363,-0.29063601681606926,0.19177582745273525,0.8513774178319133,0.9183196745115402,0.9167844677737135
2109,0.17587998472025862,0.9381400926162051,0.16500006515480017,-0.23046025044876445,0.15227054244479504,0.8088106490542118,0.8892942770741957,0.8975658417238752
2110,0.07849052408870792,0.9436410544550592,0.07406688091579856,-0.09471069618027254,0.048687052539007285,0.7601841722963426,0.8003215925983387,0.8505610335489246
2111,0.06816271157176979,0.9243517689308594,0.06300632301648935,-0.04768493207988515,0.017436907265477374,0.22575460083732954,0.6756275178158984,0.7462521719272819
2112,0.16955754729471142,0.9476004721867286,0.1606728118792921,-0.23997183040754255,0.15219726533996789,0.8983617696181109,0.924042796930868,0.9292414645964299
2113,0.37240009331172924,0.9638190981856787,0.35892632209997344,-0.35399250382592234,-0.011633319464691694,0.2797322580313858,0.5914959595080085,0.2799163684260454
2114,0.06489463927289713,0.9114055039297547,0.05914533140885445,-0.04216006625701519,0.01662545427510317,0.26120556525895655,0.6298366410128323,0.7125315995696757
2115,0.1115722057564474,0.9403071831301091,0.104912146510458,-0.140834901864941,0.08527404812408944,0.7895234021121253,0.8451756159884215,0.8729012040372802
2116,0.1600671616776659,0.932141926563226,0.14920531246572688,-0.19589225387519657,0.13064351096845347,0.7299322683366857,0.8547874987811529,0.86897192369374
2117,0.16114432954723337,0.9322489447606443,0.15022663117456986,-0.19633629491248178,0.12565305482839148,0.7271571925192659,0.8561849376879164,0.8647263806318284
2118,0.09867667370530474,0.9507610695124996,0.09381793982799148,-0.13325072712069755,0.07311556574249901,0.8543324999952492,0.8712530110392672,0.9056673705795091
2119,0.15762735554640384,0.9476103694109957,0.1493693166186061,-0.22214197995589424,0.138055415198848,0.900084095071065,0.9182680262979382,0.9278599890857132
2120,0.21766508030410875,0.9384290462517755,0.2042632337121009,-0.29066911568885273,0.19191853079099497,0.8003334747846161,0.9052632451642769,0.9054283713433503
2121,0.3360574687167366,0.8951649130644274,0.30082685476846904,-0.2879462266301542,0.17925043974923885,0.18713303844978654,0.7482174038978379,0.7490238033381584
2122,0.1587498987038083,0.9330332257938044,0.14811893008205393,-0.19435803753019218,0.1281808880668657,0.71948969146417,0.8584231378031517,0.8696848770682547
2123,0.040650149434474335,0.9163722068591037,0.03725066714642159,-0.024637442355530018,-0.0010888248119934939,0.3310556142169714,0.5150064182525803,0.662437704102522
2124,0.22361209748231137,0.9373974870250192,0.2096134182483123,-0.295790449733007,0.2004922746900869,0.8106954415647469,0.9034236876963435,0.9003876081432175
2125,0.09957896810681349,0.9508539503836771,0.0946850551994938,-0.1341085296632614,0.07202324599531576,0.8467936754214311,0.8667314170977448,0.89748566732839
2126,0.15806803667882716,0.9417084982545694,0.1488540134428665,-0.2110570739717183,0.13516840771859664,0.827402870577926,0.8947368436073669,0.9049490133884714
2127,0.06681246807805734,0.9188766683108415,0.061392418069189776,-0.04557417640384698,0.015948623427817388,0.24102792942248727,0.6526034643018727,0.7282676641692825
2128,0.042215625395528256,0.9174960391870666,0.03873266909220212,-0.026077299205750255,0.0007924925600012499,0.33051272116554914,0.5198398335717453,0.6479130055476817
2129,0.10288360229721139,0.9054334545967627,0.09315425544932353,-0.07064686922476247,0.045590040008186575,0.23123322504209962,0.6851203622769401,0.721285520751706
2130,0.20374833649427604,0.9463568192789006,0.1928186276580902,-0.28993598856874997,0.19336065437486055,0.9142689200274055,0.9326138829559639,0.933048416657287
2131,0.03271142112892979,0.9899536185718399,0.032382789715211385,-0.02381888294664634,-0.019334354232506533,0.2214470264381943,0.669353768669105,0.8197415923810991
2132,0.21748675829908898,0.9382945302691003,0.20406663571799305,-0.29039332698995246,0.18833779246332213,0.8014124586858306,0.906402171667483,0.906640113414968
2133,0.2023015976955756,0.9470555949609648,0.1915908599671371,-0.2882073075610164,0.1901682366964574,0.9029733642507015,0.934562818145525,0.9309409104830446
2134,0.4447288259236183,0.887164488515826,0.39454762137877064,-0.35737763152472307,0.3152272386490492,0.20332663088792816,0.7314459810128915,0.726035697274807
2135,0.3432406144001092,0.9018512608566597,0.309551980873953,-0.30086365968766865,0.21921201946610394,0.20134199331862696,0.7455788286161693,0.7086355425451604
2136,0.1674298768803972,0.9422221036767735,0.15775613081259104,-0.2268922830124892,0.14688791874200857,0.8560264018248881,0.9035276969270565,0.9124516752686795
2137,0.20372548371001797,0.9464509941334727,0.1928161865876691,-0.2903966171937207,0.17887912652072666,0.9175881634865842,0.9363134477971736,0.9364425434849187
2138,0.14540987919926673,0.9398177400782672,0.1366587840541087,-0.18807461406250395,0.11735382089810119,0.7875786613196759,0.8753231834361892,0.8881456115664327
2139,0.12190681943424975,0.9344669912333049,0.11391789876754514,-0.14590905482507052,0.09067876202873694,0.7141840670193151,0.8356470060177423,0.8597816905490722
2140,0.10364490813800695,0.9011134670907381,0.0933958225185405,-0.06974193271843422,0.04446361138504081,0.2406590864075595,0.6695982906693247,0.7072822326326554
2141,0.2268608267153582,0.9351090464134596,0.2121396113383677,-0.2956246289801408,0.2032247034998651,0.7836457036852301,0.898257473107101,0.8984047494482295
2142,0.0680866069017451,0.9078492101154381,0.06181237229518963,-0.04425840856426924,0.012500236502696327,0.2880158093776163,0.6075161917131291,0.657328294889536
2143,0.2168101576888327,0.9400060156812134,0.20380285248829522,-0.2939690795269311,0.1994465823231205,0.8456910562483562,0.9145290519310787,0.9147150431577971
2144,0.10098880421345974,0.9490750874493376,0.09584595819029333,-0.13541844611181242,0.076202205160255,0.8705274719248989,0.8634325459466733,0.8879508045214219
2145,0.14748146613575155,0.9390148520980095,0.13848728711066033,-0.18997435404220167,0.12280245844161543,0.7980402811335531,0.8743390850188675,0.8839814889086675
2146,0.48830620118823714,0.8881528899845934,0.4336905637827311,-0.381723347079014,0.3603930241149129,0.21161066266583603,0.7138059504303792,0.6927745507122143
2147,0.39966615096967834,0.8897896573738227,0.35561880753522457,-0.32988971191329697,0.26421257136526133,0.195542351246248,0.7352452095705062,0.7354291587529982
2148,0.10411948319755014,0.8955480837255423,0.09324400365605982,-0.06760855142725238,0.05085735920172869,0.2525380373205559,0.6554160509277526,0.6953808754848001
2149,0.11076410836435328,0.9400900402332525,0.10412823508864523,-0.14006352374004402,0.08181961744948335,0.7950963838093411,0.8483340877930972,0.8793580274664083
2150,0.2193117509075331,0.9387853598272238,0.20588666099006694,-0.29148194870783994,0.1906249886998091,0.7927136562430999,0.9023537893902046,0.8960641472596059
2151,0.06784085404645242,0.9138701457204235,0.06199773117322945,-0.045730911256190714,0.02199619904472083,0.26168135348581945,0.6257361806084869,0.6889751184114754
2152,0.49492445232392474,0.8864378474256176,0.4387197661563226,-0.38734907767710763,0.2808272002865749,0.2153445285243344,0.7278134594864888,0.7059967762270316
2153,0.22015060985060397,0.9377792008893197,0.2064526629809958,-0.2930115491303641,0.19809366952743757,0.8082663047698293,0.9060008758570275,0.9062091344545614
2154,0.06735505345232563,0.9134189121725083,0.06152337965374442,-0.04477094203015285,0.007795591666707657,0.2637514176941423,0.631393343610027,0.6949092158503017
2155,0.14527398505108335,0.9398587241014306,0.1365370222352415,-0.18800382247551845,0.11718263695386588,0.7892736482212446,0.8774142637714774,0.8900822707014977
2156,0.0845967106109249,0.898153534960749,0.0759808346812537,-0.05397053206840457,0.033402723423560564,0.2636496265614608,0.6354114269078813,0.6932954822210534
2157,0.16705683543895677,0.9428443431692727,0.15750859228138048,-0.22608888186308124,0.1471030569535273,0.8439114851787548,0.9025333089864653,0.907903686365366
2158,0.13133019036764895,0.9478307421974758,0.12447879180910447,-0.18244214531721037,0.1072098863995235,0.8978297389952301,0.8973919558814702,0.916130583429327
2159,0.2049586481720633,0.9466412915515714,0.19402231942026613,-0.29090316327413734,0.1857024115736699,0.9089474363382348,0.9311692325639735,0.9275500561170913
2160,0.2140837588971483,0.9415702437954133,0.20157489705742643,-0.2933510795161324,0.19731795748533232,0.8604681907986134,0.919359168970936,0.917703115681054
2161,0.33675017787352673,0.8956866171455365,0.30162262764269687,-0.29010965936735694,0.20371118820789333,0.18645930565245952,0.7472011993321792,0.7475843193385392
2162,0.20582103192770604,0.9466468329186646,0.19483982802241429,-0.29107432719930404,0.1908230550725653,0.9038284541457355,0.929539681673198,0.9222570940225315
2163,0.0696789963665936,0.9525464449552059,0.06637248027704544,-0.08929689847620174,0.037947334995079636,0.8308765765181175,0.8154104449738875,0.8788530259393005
2164,0.21148598787925035,0.942083500969687,0.19923745986731695,-0.2906575572985141,0.19099947178190566,0.8522119683150289,0.919254540351462,0.9176851273681809
2165,0.2229516208665036,0.9373291931321133,0.20897906289429666,-0.2958097719261872,0.20433472619305915,0.8149914791557406,0.9053943706780482,0.9055010446790842
2166,0.04073327654150019,0.9160427282030993,0.03731342177172714,-0.02465242961815201,-0.003421895534350851,0.330725465484901,0.5135585737662238,0.6611863766792502
2167,0.214092077458079,0.9415528267114276,0.20157900070717621,-0.2932538597651764,0.19733745073695488,0.8597557418598634,0.9185215246687881,0.9169381788467902
2168,0.14467357513270473,0.9397737903039457,0.1359604340592846,-0.1876681443504971,0.11381524400189297,0.7914324656742068,0.8769382955224588,0.8928656903546643
2169,0.018628252038605728,0.9781429459451152,0.018221093326849905,-0.01108188967718466,-0.021059681619375884,0.44955230656497575,0.2903676408909013,0.6184164590788693
2170,0.17659209850813695,0.943936270910626,0.16669168693805272,-0.24331370539411634,0.15835252236512076,0.8677888561187899,0.9130912588850078,0.9180507672113736
2171,0.15811847187437233,0.9476373277930275,0.14983896616174716,-0.22241843482924242,0.1394020086700842,0.8970673020677666,0.916976669750849,0.9246971957366107
2172,0.1472333089970528,0.9389636419150955,0.1382467240270833,-0.18985325514919202,0.12298653351498111,0.798866187330049,0.8737401375813998,0.8850381491720787
2173,0.48577831553052153,0.8909900102984912,0.4328236263573231,-0.38334240505123196,0.30833790450657217,0.22025512968857702,0.7198216649531552,0.6793724880071694
2174,0.13589404481045292,0.944803135958788,0.12839311969503997,-0.18412623342374107,0.11383666482858348,0.8598538899547051,0.8913449313977101,0.9090315577300461
2175,0.13172603956777737,0.948900558341708,0.12499491249400588,-0.1819796423054433,0.10702819401005617,0.8736923174169907,0.8982214240953214,0.9091504052323227
2176,0.017262881272678603,0.9723105829649278,0.016784882153892466,-0.009708699304485523,-0.016575535064478626,0.5274748166087956,0.20585106136536155,0.5348011543302674
2177,0.20572554581757038,0.946563771255219,0.19473234849261775,-0.29087681103679097,0.19540150601991488,0.9041295240254378,0.9297677023811926,0.9225632325366632
2178,0.2024701662099096,0.9468120519326994,0.1917011935243592,-0.28875797753451077,0.19033466711991873,0.9090644741910688,0.9351696566774537,0.9340998572102167
2179,0.2194017884460278,0.9387864324077647,0.20597142223912956,-0.29157717816868645,0.1947784639732852,0.7927145740572811,0.9023522976255175,0.8960641480493885
2180,0.22286164093537894,0.9373157562079426,0.2088917275030877,-0.29560167956988637,0.19616372551566924,0.8143597440870979,0.9046211513621013,0.9047931401363077
2181,0.08105889209717616,0.9516789398215322,0.07714204049414858,-0.10651053925642053,0.05343383197950656,0.842892561016221,0.8429955141182529,0.8925283990478434
2182,0.22879650299573095,0.9341815103639844,0.21373746273454983,-0.29569501990578,0.20515193417648883,0.7685232122942631,0.8943293716120798,0.894428349790442
2183,0.21797703650027306,0.9384175810752251,0.2045534833225323,-0.2908142373821686,0.19374439451176942,0.8000216438500573,0.9063681159770941,0.904887557255563
2184,0.22371578377431536,0.937459103338349,0.20972439805970566,-0.2958790434526906,0.20362242957756138,0.8098369155875309,0.9024705510416597,0.8994335500506411
2185,0.14480698573606005,0.9398170435624824,0.1360920732216585,-0.1878395589806465,0.11914163259771406,0.7900633745194868,0.8753563372558908,0.8913128080340372
2186,0.17435419584258952,0.9385205264400137,0.16363499166921236,-0.22885580953445245,0.15048105010831367,0.8034098891924293,0.8913120631889301,0.8995979887659978
2187,0.11156161890051956,0.9412602065317117,0.10500851244731516,-0.14048912251979973,0.0822646212013781,0.7771169628291331,0.8496282086342979,0.8737378290374481
2188,0.22057145550259266,0.937898006866765,0.206873528487583,-0.2932910768846672,0.19980411992385505,0.8065272297578602,0.9055841800148788,0.9040910754984363
2189,0.336690168297525,0.8971222862507949,0.30205225354124055,-0.29160922172586,0.2179793130972696,0.1834549312743434,0.7337308185843694,0.7344496444932463
2190,0.01892434733519322,0.9704780492004376,0.018365663684249817,-0.01125990521649878,-0.023494053970983666,0.5087216522767818,0.24908926195449707,0.5154326172580298
2191,0.1761689335879144,0.9381164187717967,0.16526696907634078,-0.23050615406925345,0.15379190472910084,0.8078737330834498,0.8896913832906885,0.8963629673726928
2192,0.0649146694987943,0.9116051823413707,0.0591765491250782,-0.04230889604280783,0.004210913460536537,0.260924646721545,0.6295110543867305,0.7119814945702228
2193,0.13086944165508077,0.9487586365414735,0.12416351302961837,-0.18131916918679702,0.10791675005337595,0.8787895821114895,0.8998906978401245,0.9145820193238395
2194,0.20384836541738185,0.9464833329115563,0.1929390803088164,-0.2905391349405852,0.19106907788691266,0.917025075970911,0.9357367828256365,0.9358642969892759
2195,0.11282369375580857,0.9483644429468004,0.1069979794799278,-0.15442796931281796,0.09036993949358926,0.8900230506459598,0.8825423076966155,0.9080616629495174
2196,0.13643413022860426,0.8916022643021351,0.12164497943991592,-0.08994522829138822,0.07085975689581736,0.23905615395321325,0.676808174582647,0.7048543240644073
2197,0.06489174250189753,0.9116030227468566,0.05915550861604045,-0.042299228482792314,0.008774277401501418,0.2609204080257003,0.6295078365306503,0.7119754886628763
2198,0.19758916644853863,0.9480835794224409,0.18733104418162697,-0.28317174599534956,0.18057905200893415,0.8865798319225727,0.9362481388380944,0.9326569098172289
2199,0.49924116460918494,0.8844376397222689,0.44154767727914424,-0.3870096878059359,0.3351727527018582,0.20856066440871018,0.7210725812721486,0.7138617364123888
2200,0.14809183295202755,0.9784307305988817,0.14489760031097987,-0.17333895259847606,-0.13160839894843263,0.18323880384170282,0.8431350698830333,0.6548911142703359
2201,0.12190530656288764,0.9344666305049675,0.11391644106449672,-0.14591049265431003,0.09137162144528449,0.714184891357912,0.8356477185712754,0.85978261704478
2202,0.22867569691556897,0.9323970838561909,0.21321655295285866,-0.29061118563800437,0.1861283818648196,0.7184985606599563,0.886610584506461,0.8867608079478948
2203,0.2183689922152763,0.9385127946347742,0.2049420931455382,-0.290909564010006,0.19391118640442265,0.7974388818556747,0.9048268117895193,0.9017733605559975
2204,0.18937293582657377,0.9708144553075313,0.1838459835444633,-0.21633880849354106,0.08140343003776579,0.23026779851925705,0.7806726895715163,0.5370297971187687
2205,0.01848458719066854,0.9786053746333985,0.018089116372667906,-0.01087048202810687,-0.017712409249130093,0.4526677809305425,0.29282209396322667,0.6229545472264082
2206,0.49940722751512995,0.88297792832123,0.4409655591399586,-0.38495091683413385,0.3260632972215992,0.2058097703573655,0.7201861186884724,0.7206272488249685
2207,0.1686606003203194,0.928407979306454,0.15658584713200122,-0.19831189423978057,0.1313202958792298,0.6596912427076146,0.8476691943760294,0.8600643611258315
2208,0.09949245615146296,0.9499329326542535,0.09451116064893393,-0.13411701406289425,0.07326418235755201,0.8645135481860851,0.8678260829945422,0.8991190760823001
2209,0.23475649888349254,0.9316963317483553,0.21872176886383687,-0.29578107211545046,0.201721806909372,0.724580712527511,0.882287199130435,0.879604965995852
2210,0.17442009124318258,0.9385934377003097,0.16370955304394041,-0.22900732639454852,0.1471752627746541,0.8031743237501268,0.8911256936107078,0.8993415491356304
2211,0.0424754372753762,0.9219192029023439,0.03915892127584333,-0.026514613367205328,0.0026368912369698367,0.3087713183062293,0.5456380764840203,0.6827219900962403
2212,0.42775379663003266,0.8874759689735315,0.37962121514634517,-0.3461633037919142,0.28718545214156505,0.19905785043742003,0.7312831549874335,0.7315543893771214
2213,0.0824834652567102,0.9501165405135455,0.07836890465927472,-0.10793014345549665,0.05495670223441984,0.8574295018382861,0.8343544104552781,0.8744722097678137
2214,0.13171384518328075,0.9478105597442442,0.12483977332923206,-0.18257659285015962,0.11077047206413783,0.8969454565856875,0.8990131690970433,0.9151825325526336
2215,0.5050585417652739,0.8826010279867105,0.44576518815549965,-0.3905537780215876,0.32135790907329626,0.2067992191520731,0.7253366359597732,0.7253281310605703
2216,0.1237771870646192,0.9339069690344959,0.11559637760713432,-0.14750316020123588,0.09302664987311592,0.717555773944946,0.8308352491649171,0.8497048776947854
2217,0.08097947746821493,0.9508985593115984,0.07700326845833162,-0.10667032924114045,0.05329291712948107,0.8559381009334386,0.8394237025216362,0.8897460500378509
2218,0.09177296613548228,0.9425631845264276,0.08650181921409618,-0.11310669691380916,0.06161953648522421,0.7659175779753853,0.8213620173400956,0.8589935942971448
2219,0.1945888890736524,0.9485712816462886,0.18458143190272194,-0.28020779427926024,0.17577393761350396,0.8798119619073268,0.9347061579098312,0.9349664842161307
2220,0.23315214591614508,0.9160037511410585,0.2135682402457763,-0.22199677456259218,0.12102571054682719,0.1660151386195596,0.784855844956386,0.7690576223530893
2221,0.13609202912603607,0.9447972634246764,0.12857937669219022,-0.18419721260666147,0.11387109532762901,0.8589815834806874,0.891556717685341,0.9080506549159916
2222,0.16343829397900955,0.9446021833858008,0.15438416934142282,-0.22537055095540698,0.14578025237387077,0.8796024743992935,0.9093620020473114,0.9177380296751734
2223,0.19445046300525806,0.9485641383404023,0.18444873589047486,-0.2802879734847023,0.17308930452085233,0.8823949265448857,0.9376030854466166,0.937721766567752
2224,0.13902202612938985,0.9435911104577049,0.13117994801351104,-0.1856810601745368,0.11604696658677853,0.8364264768354075,0.8854541182853661,0.8991506683248343
2225,0.22104472400021918,0.9380032878435384,0.2073406778726731,-0.2935269089535733,0.19893730936380472,0.8041984736897547,0.9044173557116288,0.901303515428557
2226,0.11332804016998888,0.94894009030918,0.10754152067347163,-0.15462887495623212,0.09083849826332994,0.877166979975571,0.8822061601851167,0.9037017353986272
2227,0.21743392345046136,0.9382811756161897,0.2040141573139395,-0.2902446053859764,0.18938261379818647,0.8008069899251089,0.9056452054298517,0.9059471603826513
2228,0.2228611879532278,0.9372540701510881,0.20887755548786938,-0.29562278984314044,0.20279966904731134,0.8152373799767177,0.9055895793348466,0.9057665355813673
2229,0.21412348392450228,0.9416012903289338,0.20161894875303807,-0.29338828253380317,0.19508020957170782,0.8599744521074474,0.9188338190062316,0.9171763529745794
2230,0.20794616679353964,0.9403133118014925,0.1955345487740588,-0.28102376247941624,0.17997512380830452,0.7768688263591261,0.9101481113311151,0.9103154139574572
2231,0.1317138633214294,0.948797787487043,0.124969822100743,-0.18186455258079787,0.1064147418523164,0.8732417110523037,0.8976096084744599,0.9086770329866758
2232,0.1455301326560647,0.9398598556981946,0.13677792947786807,-0.18822912980568685,0.11838146003078809,0.7862278711323599,0.8737583204090057,0.8866142695667792
2233,0.1585847511136069,0.947729054191068,0.1502953761820246,-0.2227678345644697,0.14027985802440998,0.8947102174173699,0.9164577808331645,0.9222184631370731
2234,0.22391825599206752,0.9375831250135174,0.20994197820061944,-0.29606117060305964,0.20041687773850755,0.8081293369768526,0.9005744305535505,0.8975351516888265
2235,0.20135678070072188,0.9469994796970272,0.19068476655705205,-0.28783100113845456,0.18404912989814584,0.9078407246101192,0.9359024100832791,0.9360664957738591
2236,0.20189980186222428,0.9470848712884035,0.19121624785983884,-0.28813703358461373,0.18877408609519697,0.9049650641701573,0.9348267186811178,0.933048775166174
2237,0.08121290285118651,0.9516765584104353,0.0772884158839382,-0.10673281846408152,0.05008202251434706,0.8407303508680279,0.8407064372706858,0.8902286626521353
2238,0.01783320088086242,0.9730977934007298,0.017353448426439173,-0.010918041752055232,-0.02011410998965183,0.5096352117997963,0.19910878307023402,0.5167362278971293
2239,0.06841694343970539,0.9195283441017564,0.06291131870961583,-0.04640072373783233,0.01450534274799532,0.2473503371384596,0.6619247320917191,0.7209975842162205
2240,0.13124518776816538,0.9477741610790744,0.12439079773263856,-0.1823014841212705,0.11105479753234773,0.8988995106998618,0.8984555024504501,0.9172213856678563
2241,0.12211149113126678,0.9219032856839664,0.11257498489368338,-0.14326821540779192,0.11652187314797031,0.08729305894830867,0.019325391228701312,0.09325329299561987
2242,0.09946674365235382,0.9498583864738269,0.09447932063343056,-0.1340266758457916,0.07381992025978015,0.8647817052712099,0.868021236302089,0.8993945603277191
2243,0.2057916679082654,0.9466701631960892,0.194816831843113,-0.2911495015622295,0.18625616855321608,0.9046286773502452,0.9304407346366272,0.9230756400198261
2244,0.0990961913809581,0.9489216035158757,0.09403451682753487,-0.13411279098502382,0.07411699763370175,0.8829186869508587,0.8650374962849631,0.9007787695377527
2245,0.14331126383166054,0.9407297781918101,0.13481717343674599,-0.18626707888665084,0.11189688723745406,0.7793200499370698,0.8788780953116107,0.8945521008711074
2246,0.1411018889146476,0.9255860069601117,0.1306019339350379,-0.15606320094326737,0.10399821747358359,0.613325515534345,0.8174684797719917,0.8368942010361
2247,0.21918122391001657,0.9386545149128735,0.20573544540726652,-0.29127259885655093,0.19783655834581057,0.7937639429815551,0.9034676689818969,0.8972431126619997
2248,0.19545165742465745,0.9486331966510284,0.1854119305734945,-0.2807759629570322,0.17216116302784765,0.877374497823817,0.9357336850746277,0.9321763322893578
2249,0.15811962396385185,0.9476374455535739,0.14984007654499623,-0.22241883601914536,0.1404803715090095,0.8970679021254657,0.9169768121926756,0.9246974300010916
2250,0.22962465059126877,0.934375714940311,0.21455569706413585,-0.2960439170972349,0.20473947383614435,0.764614336943057,0.8923361375474456,0.8894268482241696
2251,0.01692905147119979,0.9728622635406192,0.016469635333867076,-0.009602232726114771,-0.01828515048912978,0.5274555846542588,0.18678994249073558,0.5349352222390292
2252,0.24106081479156882,0.9307429186187106,0.2243656463237092,-0.30087132026900554,0.20917586673803978,0.7329498247217164,0.8804951090086227,0.8750060230200282
2253,0.18662367931499627,0.9384837105128719,0.175143283033102,-0.2463369884929174,0.16327670878938644,0.8032742502879285,0.8969882144118061,0.9025283349600293
2254,0.22383691408712678,0.9375337753348822,0.20985466712341364,-0.29608277063700744,0.19822689189913548,0.8095956300041025,0.902278234117889,0.8991721573232305
2255,0.3395614573973718,0.8962390241732832,0.30432822922467834,-0.29280766009858167,0.19742094887339504,0.19025444000239317,0.7516181440173203,0.7451471948008755
2256,0.21116331397584226,0.9229894539615878,0.19490151186328197,-0.2050708453455493,0.10112609076287073,0.16381631886141,0.8034500666073423,0.7752716874572104
2257,0.1461014622149225,0.9387858571809877,0.13715798644083171,-0.18910578515502632,0.117124771389175,0.8039371195510765,0.8749323507562219,0.8911209949796952
2258,0.13011054908911937,0.9487729000094827,0.12344536298110995,-0.18091095041082642,0.10528157228341127,0.8834150694820745,0.9011691399199234,0.9195303253702148
2259,0.19545313010901785,0.9486082086094463,0.18540844361982448,-0.2806689698094839,0.17681974995065705,0.8766173275300091,0.9348495544001078,0.9313682731508546
2260,0.0651763122897868,0.908505333897652,0.059213027359050395,-0.04185492081934912,0.019528947719116896,0.27356525676529087,0.6175748990348014,0.693708665969127
2261,0.09966185580060621,0.9355429137492915,0.09323794296536086,-0.11701155736304843,0.06717292201308626,0.7111015741983272,0.8139932178595424,0.853185307428711
2262,0.14613371363520572,0.9387730730280885,0.13718639542232877,-0.1891207364293622,0.12227090894802778,0.8033473109819131,0.8742218450431745,0.8904596031657391
2263,0.1903214688096225,0.9318978567072358,0.17736016886906023,-0.2356569115850056,0.16119595263445408,0.7277085619875616,0.8701639854199911,0.8745234485451571
2264,0.3727622654929871,0.9536912579814724,0.3555001139060305,-0.34338819824692485,0.007938649554032612,0.33297758991217025,0.6930332782095865,0.333052027200138
2265,0.19444517340728792,0.9484957074968102,0.1844304123202855,-0.2802661875042433,0.17741351355881915,0.8830806819822836,0.9382837009797175,0.9384447587666924
2266,0.2290099973798943,0.9143239243076594,0.20938931951007175,-0.2170706681760993,0.07264802326764057,0.15775095564266042,0.7834336081427762,0.7840497442584433
2267,0.04119518484809672,0.9168099934954004,0.037768157152625374,-0.025585776722634745,0.0016101017215589155,0.32671527997788596,0.5069298239844773,0.6528837537903833
2268,0.1297164223849157,0.9506577663827261,0.12331592436760223,-0.17938250720767435,0.10523676476927499,0.842459154512031,0.9002048265109566,0.9108646215378591
2269,0.23497297190362654,0.9318207724012475,0.21895269617265392,-0.2960756825922545,0.2065535954094718,0.7237286607751356,0.8813240342819937,0.8785816224567985
2270,0.21461245631222625,0.9416965430552378,0.2020998082058167,-0.29360866323989937,0.1983191311420882,0.8571715066644127,0.9174979668934954,0.9140819673943178
2271,0.13284758743025074,0.9479464562671318,0.12593239972814416,-0.18336248974163455,0.11275486392236884,0.889470489448757,0.8963370553067188,0.9074700939795466
2272,0.20054937770538123,0.9471759771439326,0.1899555527937021,-0.28703140125251553,0.18720162999354686,0.905550465245737,0.9367615932117883,0.9368881795369476
2273,0.20397498192309516,0.9465212315070192,0.19306665108647,-0.2905273837446273,0.19190715711612247,0.915051140309556,0.9336496051209521,0.9338482478863053
2274,0.14335509723516524,0.9407157693133504,0.1348564005805686,-0.18629818319498945,0.1135681023444039,0.778766243915361,0.8781839864474897,0.8939071519823603
2275,0.21829646188331847,0.9384526333164086,0.20486088949805525,-0.29085041734514866,0.19440892859201844,0.7982703833947176,0.9057669828307048,0.902714273269188
2276,0.14541840059184477,0.9399016018244332,0.136678987651022,-0.1881804497008139,0.11988291679023913,0.7879196107404965,0.8758431256937143,0.8885457554255423
2277,0.175439859193914,0.9478477181835516,0.166290270215395,-0.24910706355428067,0.15851835597094652,0.8933172747422747,0.9272835785666207,0.930266487081296
2278,0.10165699455032562,0.899291420266386,0.09141926300917459,-0.06732707398758203,0.04606017491202453,0.2386586972530078,0.6687115339332222,0.7173350433181931
2279,0.01595702094968097,0.975047169581013,0.01555884811193136,-0.008953072382378758,-0.021639146123461992,0.5364906913447198,0.14942480699385338,0.5444990610722735
2280,0.17051981210709802,0.9472687851569129,0.1615280952598758,-0.24106671890832224,0.15280525128570238,0.9042682311448984,0.9238532379333183,0.9290629603680854
2281,0.20470134147908792,0.9214949125298137,0.18863124476100768,-0.1997451823032788,0.06932932872628232,0.14675928343669442,0.7966151171982649,0.7971616637801708
2282,0.13420286856183963,0.8954999066647484,0.12017865627126889,-0.09068159804586147,0.07042657326756067,0.23156891162929763,0.6875909306103658,0.7145201372852534
2283,0.09949619787051807,0.9499333779663751,0.09451475933795209,-0.1341200748770374,0.07106353413651499,0.8645153222364672,0.867825953136847,0.8991197257911183
2284,0.1588031379284027,0.9470881180836712,0.1504005650463926,-0.22344954236220202,0.14174054284126095,0.9081730305526885,0.9170360828839248,0.9267545609232377
2285,0.06807072727773403,0.9078506855493971,0.06179805642493688,-0.044254171760169776,0.01897447422249835,0.28801896574935953,0.607516527465279,0.6573287894807873
2286,0.19673871119613345,0.948054645857977,0.18651904916960513,-0.28279824729268943,0.17842309112113236,0.890277504619005,0.9365623898858584,0.9367200049217268
2287,0.15221868052028797,0.935605218801286,0.14241659189382708,-0.19149546349968813,0.12486418111828433,0.7612458995656741,0.8679402583149155,0.8829449524766865
2288,0.1666975089926178,0.9428076701457225,0.15716369007242562,-0.22590489606852318,0.14500013836627704,0.8452840916235317,0.9023548786490311,0.9094948668013852
2289,0.12986269247089932,0.9497658642433643,0.12333915234759392,-0.18010830095792185,0.1010166371599825,0.8630703032630942,0.901486584631239,0.9158318537712176
2290,0.20893997675528067,0.9405639707454027,0.19652141418439895,-0.2816925261233239,0.17563845825320354,0.7724446922555908,0.9076821706129548,0.9046601797297821
2291,0.017791983033106484,0.9723931870543013,0.01730080308557847,-0.010731669141389712,-0.01964364177168032,0.5114966582079119,0.19945858738500316,0.5186020838866783
2292,0.12608984495549133,0.9837631961565723,0.1240425488763008,-0.15092297689917034,0.04424997402414653,0.1283389627465146,0.8492451367548967,0.7312316683899652
2293,0.11955555608892156,0.9441766496864895,0.11288156439944314,-0.1576386497472013,0.09509715503360763,0.8317884945466291,0.8717895077888143,0.8934907470534001
2294,0.04535664927632215,0.9284852483349182,0.04211297976696576,-0.02963248924511162,0.00023736919917776494,0.29140394261238445,0.5794310050465067,0.6906428495451149
2295,0.15940167588395687,0.9471773595331248,0.15098165846892123,-0.22386421515838387,0.14290681730781843,0.9039908882006019,0.9146362650875393,0.9224507497710333
2296,0.2151089390712825,0.9398364318165812,0.20216721774860452,-0.28690438375286365,0.19107465397885998,0.7770985829387571,0.9027896767691342,0.8936006935004406
2297,0.06602881138212814,0.9123180173213276,0.06023927428622705,-0.04324028541924487,0.02019202298327933,0.2630296997072892,0.6320885432340598,0.7050744256905775
2298,0.14671993798562388,0.9388788718593016,0.13775224985520926,-0.18945166646682013,0.11928547976565629,0.8016692085798272,0.8754319868386876,0.8883064651434787
2299,0.09700186591542057,0.999388870426142,0.09694258520644024,-0.12319957166958022,-0.15389515720043398,0.02601174765991542,0.8881172828862939,0.8875751399740026
2300,0.176890873243261,0.9439789755363776,0.1669812653059087,-0.24349981937469947,0.1578975653162436,0.8664513152756702,0.9128397450783958,0.9165754280788782
2301,0.06588048754707367,0.9058239931893133,0.0596761263031491,-0.042353973811420365,0.020619603164001646,0.2843917203848773,0.5991131484292553,0.6682078091075345
2302,0.07782968833089446,0.9426843774234575,0.07336883128927098,-0.09417179094999283,0.04878859420053151,0.7745006823300439,0.7985924965965473,0.852796055384159
2303,0.13195076315972315,0.9300778291173006,0.12272447934996641,-0.15115056480623434,0.09649971739526018,0.6531610593392232,0.8267236135074346,0.8456783037892319
2304,0.22464222364780712,0.9376984813188448,0.21064667195463702,-0.29652593633298013,0.20022626398882284,0.8063719806809684,0.9016732403160465,0.8952766936121798
2305,0.11224371197210091,0.9488338246342994,0.1065006305216392,-0.15386171422750058,0.08968444478707126,0.8840455496286461,0.8837650938387223,0.9109331659101683
2306,0.13494672186707293,0.8905015531662845,0.12017026541732707,-0.08849944569754346,0.06272417715025085,0.23676278513988752,0.674463196441589,0.7101077392723336
2307,0.23465506557315857,0.9315792702303648,0.21859979474250144,-0.2956811354687447,0.20527041975423937,0.7259093232488381,0.8838962915008253,0.8812173804138766
2308,0.17123017693942902,0.9469077796038726,0.16213918664689295,-0.24201050645937017,0.1551604268681372,0.9111625087489272,0.9232834902585678,0.9298306332045325
2309,0.16808686729020866,0.9423942309820365,0.15840409403813582,-0.22742015262884846,0.14844709212615176,0.8515116642285492,0.9003803979149122,0.907533941835701
2310,0.4840757469278939,0.8934258169738709,0.43248576967629043,-0.38615199959498503,0.26665442119595223,0.22890147532613575,0.7289814843900945,0.6701176369596605
2311,0.11162291584359606,0.9402936296258978,0.10495831668800105,-0.14088303093714913,0.08336940435734337,0.7889733821130654,0.8445221828172774,0.8722857402011566
2312,0.016253373752608977,0.9740001083424372,0.01583078779597127,-0.00938722816376005,-0.02129550457610706,0.527387413496928,0.1464101304737536,0.5352588696641657
2313,0.07198602383406465,0.9264528320968514,0.06669165565246063,-0.05129697428433168,0.017752892113931548,0.234509823814877,0.6821082312598792,0.7221004819238975
2314,0.15817099541934568,0.9477193276846548,0.1499017094380349,-0.22255953566815256,0.14041934574300505,0.896769890043045,0.9167541025258498,0.9243935438615919
2315,0.13367888543884401,0.9480190580588411,0.12673013105608863,-0.1839208789720276,0.11363608335108054,0.8845089185230466,0.8948928205992848,0.902343107752805
2316,0.1308358419256659,0.9487827952783771,0.12413479582483318,-0.18131180255618584,0.10938610603631332,0.8795296091409043,0.9007216851491718,0.915354702296338
2317,0.09950223772517415,0.9499334759776028,0.09452050654982444,-0.13412847373979814,0.0752563055644726,0.8645159651003665,0.8678279606582758,0.8991212722964539
2318,0.14788968278321382,0.947688298731638,0.1401533218767855,-0.20716086536164072,0.12891357224262898,0.8988252091056119,0.9119938919522367,0.9233639357719944
2319,0.27179869554691427,0.9073269743726099,0.24661028806900387,-0.24819460959206438,0.11841659922926506,0.1809794211700885,0.7777232394973063,0.7599184571916404
2320,0.01779169736854084,0.9777106297496027,0.017395131638510412,-0.010508412397042227,-0.01981975181409835,0.47378169938878534,0.24867103054379674,0.5954025246519267
2321,0.12567459971777095,0.9394577621257937,0.118065978206912,-0.16076822104154984,0.09999947722734182,0.7997256977908074,0.8617292162610078,0.8854544971221451
2322,0.20468928616121565,0.9465431076583467,0.19374723302740568,-0.29077291492107765,0.1868804583644274,0.9120089828827824,0.9343762155946365,0.9306788131399074
2323,0.13227748286018545,0.9479622174127493,0.12539405596591832,-0.1831617957778735,0.11020851653062516,0.8916615199299792,0.8948676501314711,0.909767973847272
2324,0.10093450320507706,0.9490981698507824,0.09579675226673656,-0.13536336466012022,0.0774102780552015,0.8712237106338241,0.8641912751327209,0.8886634505389176
2325,0.22539176674753894,0.9377746798982236,0.21136669191336843,-0.29669332039724794,0.19635254971868973,0.8028296151377671,0.9005167384485335,0.8910180357791363
2326,0.1321373263424307,0.8990102221608269,0.1187928071108463,-0.09125596336985453,0.06584931641462098,0.22458552751837135,0.6967975416773099,0.7229139177725791
2327,0.13138585925491345,0.9478072554222212,0.12452847066168977,-0.18247181362977,0.1121609773471308,0.8970559131230332,0.8965464824574895,0.9153396514643365
2328,0.023737305766996782,0.978920397736255,0.02323693280261559,-0.015598597562075744,-0.02210324341954777,0.38515646184443186,0.4372916774062576,0.6346355480852566
2329,0.22373253164166912,0.937484266908202,0.20974572840960626,-0.2960717824341352,0.1923804258342429,0.8110700141253856,0.903991516419394,0.9008177200193929
2330,0.18339292145821504,0.9351990723593212,0.17150889002498856,-0.23293345064992407,0.1566419126983332,0.7590794799543973,0.8780987871322832,0.8812620279644976
2331,0.10628675934577157,0.8973360870977537,0.09537494474163527,-0.0700860957967929,0.05320102356613825,0.25414446655583434,0.6554590278415481,0.6847558396752463
2332,0.14701320522729436,0.9401916456079615,0.13822058734875087,-0.1893501524619401,0.11990037717688468,0.7797414899181629,0.872166587689644,0.8786163502877335
2333,0.02361409197829608,0.9685466996703819,0.022871350851291508,-0.017083018673384593,-0.011851044653107717,0.45061712590559105,0.29526475481606507,0.45589379688551146
2334,0.06482500234707068,0.9112035905362802,0.0590687748951736,-0.041980950772887216,0.005018217146498097,0.26153753417752185,0.6301801796030009,0.7130829108958594
2335,0.15747843206354264,0.9482115727313711,0.14932287173824216,-0.22147976001127678,0.13860814726069012,0.8861312194655875,0.9168092615245971,0.9225487579968432
2336,0.06800653409377247,0.9146212961134983,0.062200224357032985,-0.04636920946670547,0.021745590952385086,0.26052409706573587,0.6244903802705161,0.6869411725507488
2337,0.1582199473177727,0.9476955141144086,0.14994433431647122,-0.22255592016582548,0.13984496354111003,0.8959906803420129,0.9158809538757267,0.9235871473383513
2338,0.015677323624722603,0.9741742826086751,0.015272445495338178,-0.0082852761417433,-0.023530344717091194,0.5472162386574071,0.15187375447575077,0.5553038200823291
2339,0.22178921893700895,0.9391945070698895,0.2083032161529599,-0.29261179876985605,0.19745522816219524,0.7820891001030132,0.8984424397151011,0.8829582595421049
2340,0.10533091004509104,0.9442559406343006,0.09945933754249435,-0.1373605865562617,0.08035593846044865,0.834231351698978,0.8559739616314185,0.8874068070443308
2341,0.15711651283356926,0.9340353167038988,0.14675237182391504,-0.19300306752090762,0.12590833172392257,0.7101283539695242,0.8608254529794173,0.8718253526062949
2342,0.3996739625173533,0.8890434188408092,0.3553275060580812,-0.32914936755629304,0.2555751145489127,0.19692745864342814,0.740386900358096,0.7406045609726406
2343,0.40052574455996237,0.8910356795537099,0.3568827289827417,-0.3315485025495286,0.2734662064120649,0.20072893772466266,0.7391059676421314,0.7287452334976323
2344,0.22381710127145807,0.9375338679688165,0.20983611267259844,-0.29606132355368975,0.20358118625858487,0.8095961830683395,0.9022809728373683,0.8991735232924551
2345,0.34070963888537725,0.8991691735116251,0.3063556044040089,-0.2967535439741746,0.17321790349053584,0.1939773685093002,0.7458975543784845,0.7264795811230376
2346,0.20384361012466168,0.9464620596128456,0.19293024307750517,-0.2905148212443122,0.19339238325987376,0.9171041648306582,0.9357964241823442,0.935944566758096
2347,0.40121250431191824,0.890770684185945,0.3573883369698838,-0.33221430620091563,0.2627782024214516,0.20141406185781285,0.7423801083176538,0.7317672261596402
2348,0.14467663003765358,0.9397736727023468,0.13596328796468438,-0.1876698319522964,0.1138180042813808,0.7914325526354287,0.8769381941740024,0.8928656166741636
2349,0.04352944822587975,0.9194566353347869,0.040023440003747204,-0.027465549904142416,0.001995863884246622,0.33091727198497567,0.5283605693635915,0.63783111869659
2350,0.13182203428942688,0.9489543132915,0.12509308802581165,-0.18214141002603793,0.10905668803001957,0.8726893045377835,0.8971945625077721,0.9081072572610788
2351,0.22366947565978712,0.937385071365238,0.2096644274035749,-0.29574046357801853,0.1983439450229342,0.810081088315193,0.9026643139099982,0.899696106998767
2352,0.11095276606649959,0.9401863467132379,0.10431627578579077,-0.1403720841014214,0.08263479024600165,0.7929652175231875,0.8460052334308146,0.8769956691312911
2353,0.10226392378633878,0.8942456678465355,0.09144907082292172,-0.06598591769719649,0.03713222897015212,0.24965130754742998,0.6528122248027797,0.7036441079862782
2354,0.07135356765365845,0.9161722171605939,0.0653721562795707,-0.04806326101530359,0.020243758380747375,0.2721545923951859,0.6447984383701333,0.6746638262102499
2355,0.10026408971157381,0.9082756318777992,0.09106742943743205,-0.0693081490674057,0.035972811801584834,0.22042189835314135,0.7015394481369351,0.7456396483762017
2356,0.06552468553760048,0.9052863711741478,0.059318604792661496,-0.04153521763182801,0.015416580741825362,0.28640868262777885,0.6037157116313431,0.6732068757390087
2357,0.12191402922769368,0.934466928262307,0.11392462840448402,-0.14591934357618283,0.08880824164218404,0.7141861753248983,0.8356478777538318,0.8597833333235392
2358,0.020920421037220013,0.9822322975650593,0.020548713221417016,-0.013062180839298793,-0.024494897370502314,0.3901794742135508,0.39403920140339693,0.6753900127577686
2359,0.19941545434181096,0.9475283589905461,0.1889517982098503,-0.2854249855677337,0.18338837062570756,0.897136424836958,0.9361354134437636,0.9344152750274286
2360,0.15853148776570766,0.9476999472819836,0.15024028259809558,-0.2226931593802353,0.13983434471804973,0.8952454591614178,0.9170043947707582,0.9227706965917611
2361,0.046317647032057596,0.9254072611423881,0.04286268688249628,-0.030089722516540515,0.0034330472956842885,0.3128879421341503,0.565213850452962,0.6524081042598997
2362,0.23406087233008624,0.9315138598711047,0.2180309466289965,-0.29537624589625655,0.200491679751837,0.7268474026314411,0.882688513875509,0.8828897096813954
2363,0.14690590160583158,0.9389106358334568,0.1379315134844186,-0.18964599849254057,0.12140725565923126,0.7996858213393437,0.8731328760569926,0.8860939565797933
2364,0.14537137223554034,0.9398315907217802,0.1366246080135359,-0.18805940522807027,0.11633166618953181,0.7881434886029696,0.8760185676343835,0.8887905647344414
2365,0.08133214936389366,0.9532546448037483,0.07753024915300384,-0.10643365665436676,0.052412951844587996,0.8163340603673471,0.8480908227591457,0.8960064301435618
2366,0.10170948494876324,0.8995325616384086,0.09149099353888415,-0.06760461737892261,0.04028219788361106,0.23832140152887918,0.6683038582937787,0.7166884155777684
2367,0.18404834112920782,0.9345052332888371,0.17199413796337382,-0.23373086001516036,0.15946890107772385,0.768307980421712,0.878657180719287,0.8848883228355863
2368,0.3367916764511158,0.8969860742128816,0.30209744368746133,-0.29200114367838853,0.19258964631763503,0.18402388763057712,0.7375431273348133,0.737856420041205
2369,0.08143330590374524,0.9500684237770549,0.07736721258292599,-0.10718939278893679,0.0553622217833435,0.865209539059829,0.8350872422073663,0.8825279542054135
2370,0.19991997950940132,0.9476093690603885,0.1894460456454696,-0.2857010673032676,0.1838531701814314,0.894350332514341,0.9350728971703504,0.9314462329459292
2371,0.24104576572231473,0.9307487420283441,0.2243530432173034,-0.30093821528841924,0.21166218926508837,0.7334279940210181,0.8811399862081954,0.8755895165412358
2372,0.15711019350776884,0.9340353613170277,0.146746476359617,-0.1929988708479131,0.12590309826404142,0.7101267627795281,0.8608245669130945,0.8718242950711355
2373,0.2043558722052575,0.9465054962661591,0.19342395623654104,-0.2906294123192076,0.1924537205622388,0.9134014074396125,0.9338467936824494,0.9321298414795066
2374,0.13962319773974538,0.943069625582587,0.13167439681506515,-0.18631564299097897,0.11638008759890474,0.8439354398997979,0.8849429472542232,0.898768665049956
2375,0.14682584906104607,0.9389371665474606,0.1378602466933037,-0.18961389845215093,0.12130316055301872,0.8008538254719278,0.8745443361477554,0.8874018292835989
2376,0.20426989636056317,0.9464862035914098,0.1933386387143202,-0.290611608010088,0.19243688294551198,0.914379776843511,0.934884524227875,0.9331300238952478
2377,0.23400051688764767,0.931461242679919,0.21796241224791166,-0.29539824724530367,0.2019517011407533,0.7279895426708061,0.884142587401263,0.8842906219481323
2378,0.13152423225943907,0.9477785364312846,0.12465584435609953,-0.18241394876990444,0.11247441837370428,0.8981559184882032,0.8996161873131819,0.9164303836689077
2379,0.49638558683257444,0.8856184852259419,0.43960825149865485,-0.3844454279409469,0.20943328980679687,0.20132593707124702,0.7061276000620521,0.7060077200069568
2380,0.1866065553618361,0.9421314501184556,0.1758079046046565,-0.2547900326635963,0.16832156485766853,0.8556151241698375,0.9121626149788752,0.9167120040343947
2381,0.01703771833657504,0.9764239714640734,0.016636036602884867,-0.00942898220892333,-0.016795090561056488,0.4974342585468439,0.23030415570898982,0.5951624643151836
2382,0.06422672550717272,0.9077413157883412,0.058301252320657575,-0.041235826533651675,0.017560513921638845,0.2707231729376971,0.6118804581349845,0.6979684674152803
2383,0.2287598784681036,0.9341507199088775,0.2136962051572463,-0.29565713251501546,0.201096343964944,0.7689040695894888,0.8947706755773356,0.8948716037362234
2384,0.06376253708719863,0.9040691708681996,0.057645744036876494,-0.040774369599431703,0.0032119706821995522,0.2797928573842706,0.5893460505068598,0.6788208922068535
2385,0.14765973133464863,0.9391300669131021,0.13867169336867924,-0.19026063430946819,0.1228229908704408,0.7964287389268647,0.8725811255569059,0.8821956559566514
2386,0.19989119040505762,0.9475682933523982,0.18941055414829971,-0.28561895313298746,0.18527028679064086,0.894500641548831,0.9351873909988733,0.9316003632548442
2387,0.48369917555161046,0.893427406406004,0.4321500998937978,-0.38616836228818163,0.33601880798787886,0.22888943697528003,0.72896838170685,0.6701118958699855
2388,0.025717067825745937,0.9686720522974577,0.024911404869838234,-0.01843239821276328,-0.014871593549530738,0.45199546401903923,0.3600543246806222,0.4568349711056623
2389,0.13096603165078247,0.9488127818160204,0.12426224481398386,-0.18146767975277217,0.10995056266807836,0.8777725561303164,0.8988539914499192,0.9135234719451909
2390,0.018786322607264035,0.9709015030245471,0.01823966885569668,-0.0110490091281077,-0.021948452110438603,0.5124098129019576,0.25112274799410805,0.5191282338328783
2391,0.20582489106144705,0.9466235254000983,0.1948386839916782,-0.2909521770847581,0.19535901198353933,0.9030278306926234,0.928639170020147,0.9214384373719747
2392,0.2011108068734204,0.9478072740484798,0.19061428564438684,-0.2861691524408944,0.1766901031914099,0.885724145073545,0.9295374038621201,0.9223208942208163
2393,0.22138910542284587,0.9380230772363173,0.20766808993533337,-0.2936996271230981,0.19889693988341128,0.8034536010568083,0.905050493048252,0.9002966814164257
2394,0.1566124619358352,0.9481676523384664,0.1484948703606483,-0.22100405236730153,0.1371971694295864,0.8906893955605971,0.9179480889241171,0.9274310421553912
2395,0.13816135061955534,0.9434653134283866,0.130350441965968,-0.18505807678879108,0.11430684067133096,0.8414366022406452,0.8875890442402649,0.9047675358158573
2396,0.16623420193239621,0.9434088659533068,0.1568268199276949,-0.2250699014653039,0.14395848005029346,0.8349750205251324,0.9030597173330449,0.9066375399415164
2397,0.10096855299816787,0.9501347372819604,0.09593372957665393,-0.13537968310683052,0.07669913532921949,0.8537515419189129,0.8637303558275395,0.8876836004984683
2398,0.19039023093989257,0.9495065364948545,0.1807767687621929,-0.2755853735803,0.163759400416227,0.8655981527206975,0.9378836063478517,0.9380729545732523
2399,0.4279926028092751,0.8882388065832955,0.3801596387457889,-0.34705627865901134,0.2677063552289476,0.20279675547935694,0.7348377835219355,0.7278814992517282
2400,0.33695653820704385,0.8956850058527719,0.30180691889610584,-0.29023808143783686,0.1786402006120649,0.18645906666788434,0.747211975895041,0.7475923326149929
2401,0.1666733792586654,0.9428163953250805,0.15714239462930496,-0.2259015728824837,0.14453704066959336,0.8456222313108476,0.9027530427919644,0.9098615727181573
2402,0.20582022667795755,0.9466235752121711,0.19483427882886764,-0.29095038505045834,0.19535565024150883,0.9030272963669438,0.9286384327418273,0.9214372746053265
2403,0.1311106544001067,0.9488432923907539,0.12440346498850353,-0.18165065458414775,0.10901507796297069,0.8760267955600497,0.8969974104652495,0.9117027260187831
2404,0.01625857906907453,0.9740282516024314,0.01583631534419055,-0.009388759083505388,-0.020765010359005912,0.5274414339787591,0.1462738469788909,0.5352486641612679
2405,0.1036446713910679,0.9961817675324025,0.10324893194166905,-0.13725743958601255,-0.1434753229026489,0.026455135439741557,0.8077823090736584,0.810262721725369
2406,0.06678816132874553,0.906522439848147,0.06054496696070605,-0.044009343194876184,0.013343690436241916,0.2802094813680617,0.58820798104369,0.6570146956793077
2407,0.20764802213714778,0.9438499582876996,0.19598857703267025,-0.28909611951200986,0.19134391464927356,0.8663103429498549,0.9250481038817832,0.9227741771118338
2408,0.20191116674884366,0.9470845535282075,0.19122694721268804,-0.28814693372249706,0.1839813629746666,0.9049642321134953,0.9348264140728861,0.9330480741131012
2409,0.06805378065877962,0.9078486215560282,0.06178253096274937,-0.04424427663696669,0.02136526953307901,0.2880255211109727,0.6075246102458385,0.6573310361354493
2410,0.1034550446765653,0.900643796132508,0.09317614416655999,-0.06914427776963122,0.04675026526792014,0.24133300517456346,0.6704059100189287,0.7085328330832978
2411,0.15922510903884335,0.9471535120886774,0.1508106212388431,-0.22372485155229602,0.14063150670632332,0.9062820242255959,0.9170648749087611,0.9247924257901223
2412,0.14259864676732792,0.9417266662753232,0.1342889482355681,-0.185247705817864,0.10764776776944361,0.7656393098043075,0.8811963334870507,0.8934702446301935
2413,0.022173783601754683,0.9692012224528137,0.021490858173224794,-0.014491881211767399,-0.017136429427856672,0.48007542950231913,0.31620424235116107,0.48571533594340527
2414,0.21333764181487377,0.9394473750547416,0.20041948760335185,-0.2859234014438654,0.18688998419564784,0.7850790162179194,0.9065595220500029,0.9036216987880813
2415,0.09063892399163367,0.9413750158607546,0.08532521851022587,-0.11217524551939018,0.06296267103031719,0.7843143995955456,0.8208354329454485,0.8655885791739389
2416,0.13091244666856003,0.9487981210968082,0.12420948342731586,-0.18140408827363153,0.10993120803370571,0.8786528245360773,0.8997892672056428,0.914440148446737
2417,0.016552467621375775,0.9730066860988488,0.016105661667033335,-0.009821144297020988,-0.028200450559587788,0.5187497365192735,0.14363967762475854,0.5264449847792881
2418,0.15992693280208067,0.9473011105809204,0.15149896105521124,-0.2242871124729382,0.1439840930148737,0.9010398728808351,0.9135746072957303,0.9194072023667643
2419,0.048243352364290774,0.910114801836892,0.04390698907697385,-0.029348928418275775,0.005856507064822604,0.3107385757903605,0.5540499386916222,0.6763368381063642
2420,0.39996042826055056,0.8894187708362011,0.3557323124866195,-0.3297231281324372,0.2740964547190188,0.19623646379765455,0.7378100037573707,0.738010033159847
2421,0.21755785744731104,0.9383683860659321,0.2041494155687954,-0.2905548382368142,0.19086404314684016,0.8011738514105605,0.9062102897507734,0.9063791241111525
2422,0.1453840402275352,0.9399156383016242,0.13664873296933275,-0.18816690734183392,0.11624263482778258,0.7884877169019957,0.8765410878184676,0.8891928483518734
2423,0.09993134069738373,0.9490886460204232,0.09484370083748554,-0.13489464616183328,0.07413388531011633,0.8761749358894586,0.8619773368003014,0.893835286677347
2424,0.4837777984516516,0.884876934338566,0.42808381519495814,-0.37096404733118366,0.328856059275629,0.2014076697650607,0.7001073630203104,0.7018154872320921
2425,0.18790760782457844,0.8883960384427302,0.16693637438460565,-0.1271506773145668,0.11667328783566311,0.22672203013252845,0.6944555622417349,0.71189678556134
2426,0.027793797523229604,0.9823853909939348,0.027304220647064174,-0.018889089246771205,-0.03021145859450137,0.3149583554903883,0.5517114555770529,0.7105847597603178
2427,0.02247522245462464,0.9800943468071519,0.02202783847101077,-0.014540081813618776,-0.023144661805494283,0.3854269383799158,0.4142993674841202,0.6498302357110575
2428,0.20135085728532337,0.9470118307543686,0.19068164398173568,-0.28787858941832495,0.18520193229119225,0.9082499187667268,0.9363632321973445,0.9364889736633311
2429,0.024357443217052358,0.9826921658640705,0.023935868629876296,-0.015854635027743882,-0.014030983272231198,0.3475502428594433,0.4896510948830828,0.699780099059132
2430,0.16748605636008138,0.942252576970899,0.1578141682119799,-0.22696806432261024,0.14796266818273138,0.8555440938360677,0.9030204739137172,0.9119373323090438
2431,0.06906396726132565,0.9297444231556414,0.0642118384022213,-0.049400151861518846,0.012724466243481232,0.21305697834664425,0.7012596467470588,0.7667642139104989
2432,0.2715787851068234,0.9084631584227345,0.24671932087875384,-0.24964741537657842,0.15428833691150787,0.17800728409028543,0.7620158663877077,0.7452200376615677
2433,0.14708485035177016,0.9480256336146846,0.13944020844985797,-0.20638594850364306,0.12845844366119674,0.8940513002460927,0.9120830638781229,0.9246558849156051
2434,0.10966964707233243,0.9428644976886951,0.10340361669855118,-0.1387971052972494,0.07797137580832432,0.7602201268432573,0.8549907220777067,0.8845422152346739
2435,0.5033546295570527,0.8826802504444986,0.44430119047981703,-0.3887192767257052,0.3289386648197345,0.20655558751167932,0.7239149803581012,0.7240554425568545
2436,0.15772558602193507,0.9476151326448445,0.14946315211966182,-0.2222083785851594,0.13848958792680147,0.8987531507430666,0.9168371995611722,0.9264854908998382
2437,0.19029582001908485,0.9494517219571078,0.18067669399835998,-0.27548519711765707,0.16123985054944218,0.8666191657439937,0.9389850001226473,0.9391793241291514
2438,0.24039183298213523,0.930630430483539,0.22371595501289152,-0.3007597670016802,0.2132936690176663,0.7360587757346234,0.8820213939677931,0.879241293503798
2439,0.14618386928142127,0.9388449191855434,0.13724398294174597,-0.18924349058195608,0.11953270597063659,0.8031147143436407,0.8740405279705186,0.8902079234930944
2440,0.10974999724047985,0.9429145610242652,0.10348487047042138,-0.13893932471768858,0.07799647725654206,0.7595057395574559,0.854188975821691,0.8837098585685558
2441,0.10012963648828928,0.9499105761342608,0.09511420068470497,-0.13452337262485287,0.0745302429584778,0.8602888023965684,0.8668970467543595,0.8945985061731025
2442,0.18296259994728115,0.9442141089746346,0.17275586828490458,-0.2540802901692052,0.16673908520339406,0.8846732431737454,0.9184397638094484,0.9232426419505565
2443,0.06508506361357495,0.9116495795443348,0.05933477087793189,-0.042619530755259864,0.010633704819200444,0.2601455488897298,0.6268767742078175,0.7093215840133966
2444,0.4971729695020229,0.8825556300867706,0.4387828033609686,-0.3828364323492499,0.25357758604040803,0.20659349006863872,0.7228391184905281,0.7232930856907127
2445,0.20902669304919919,0.9434622683155981,0.1972087979627057,-0.2906941156200151,0.19284835543090562,0.8731448068133186,0.9251627318646919,0.9240760066300241
2446,0.1102667249167747,0.9420637633762534,0.10387828585027085,-0.13959617587549053,0.07957567139095094,0.7688949898057089,0.849872110832244,0.8798840859827327
2447,0.024958016220331523,0.978088699832925,0.024411153635353112,-0.017892807751785363,-0.018633682234173544,0.3663680193284368,0.4140027075687381,0.6024880097138966
2448,0.10752474546326522,0.9912305833722956,0.10658181617250999,-0.12517960816634355,-0.017715525249434268,0.0914961867997732,0.9356761207260884,0.8590644475715402
2449,0.22378904512998246,0.9374847320048747,0.20979881299930841,-0.29616148013966986,0.20524531329783213,0.8110753258533016,0.9039963323336878,0.90082235203925
2450,0.1668362201078918,0.9734932310673609,0.16241393097189696,-0.1893159871185323,0.05139169539883039,0.22106142904851883,0.843497346975313,0.6105148024408839
2451,0.157405036400399,0.9481954836087011,0.1492507446121215,-0.22141242561273,0.13920216673858998,0.8870365602220184,0.9177819134785967,0.9234932349565262
2452,0.06976650370282513,0.9251330181618552,0.06454329613719485,-0.04878151663618522,0.012516546872186103,0.23153428879011448,0.6830800806761226,0.7381075830164737
2453,0.15883992769388425,0.9471295021079356,0.15044198163156908,-0.22353141405710883,0.1401687136264281,0.9080220185721947,0.916923995263963,0.9266008368752439
2454,0.12998924939328194,0.9487168552014215,0.12332299189438772,-0.18072335530973385,0.10423158916262,0.8844429815862241,0.9022177443819317,0.9206038644038497
2455,0.0703418076595239,0.9093954790043284,0.06396852187056307,-0.046126005382220156,0.01940613627878906,0.29112238949631114,0.6134436544627229,0.6459279161195661
2456,0.1312918803919525,0.9477496488363765,0.12443183353654051,-0.18232269297358078,0.10268599541136408,0.8981253217051216,0.8976078853397648,0.9164290916370464
2457,0.10733152240787079,0.9034317719131963,0.09696670747108364,-0.07332480109343396,0.049079535302325776,0.24558521748911175,0.6716350941835249,0.6901532309100767
2458,0.14611207777835455,0.9387933157910239,0.13716904197465743,-0.1891352426432627,0.1213766910643061,0.8042387207125484,0.8752920160926823,0.8914564335708759
2459,0.04395882531106077,0.923360745946968,0.040589853730173535,-0.028079673079938063,-0.0012613911061245106,0.3088441668227459,0.5498223973851084,0.6687545296199752
2460,0.21760410247399048,0.938428630530664,0.20420591988252118,-0.2906019312207057,0.1929321956723691,0.8003309407723974,0.9052608201511649,0.9054259634241157
2461,0.1312419189049014,0.9477738657495655,0.12438766082888936,-0.18230152048122084,0.11032279046015,0.8989001836463072,0.8984563228559453,0.9172216285252629
2462,0.028040970551277498,0.9817981014912519,0.02753057165121635,-0.01926816311094886,-0.025928017287776394,0.31262864838089777,0.5462444361473704,0.7043175678936237
2463,0.10795878340867815,0.9912549773287498,0.10701468140020866,-0.1271179502152613,-0.07329082186773661,0.09049974979973814,0.9241773717595966,0.8484725752181925
2464,0.0638484406990195,0.9072196772207544,0.057924561762012945,-0.04040915773775814,0.014951529219861672,0.27264275356808654,0.6165959799922314,0.7032066754633223
2465,0.21741816047164206,0.9383077515583194,0.20400514530009234,-0.29043165019107064,0.19298890318336367,0.8020139375136363,0.9071570331619732,0.9073307135292971
2466,0.14467277398456743,0.9397737627438587,0.13595967717406876,-0.18767105795046943,0.1174168893944051,0.7914298432728841,0.8769352584904254,0.8928633707764638
2467,0.1446334774777559,0.9409245296479275,0.1360891867671016,-0.18711280166586958,0.11664938536617177,0.7739445743127492,0.8782451709004433,0.887586086929182
2468,0.2126016702899926,0.9393854168653099,0.19971490867162586,-0.2857123092134385,0.18196494020911,0.7884191634337596,0.9077417451235568,0.9079087040570256
2469,0.12188481962084344,0.9344065422890326,0.11388997285943475,-0.14583245940787265,0.09141158496086124,0.7143641926222382,0.8357912104991925,0.8599871993555137
2470,0.2314788282463595,0.9330615752543051,0.21598400012156896,-0.29205901358684233,0.200179747654664,0.7086030756335053,0.883099162097743,0.8722593385370387
2471,0.07786463624022524,0.9426697776755352,0.07340063933335955,-0.09421625586142895,0.04883101409561072,0.773997606405058,0.7980167351414589,0.8522365179829485
2472,0.14196781661238053,0.9415880759580343,0.13367520329201446,-0.18479066610017558,0.10733523028947418,0.7678035192840921,0.8809311827997829,0.8964277588017702
2473,0.13000428325028754,0.9492767944629293,0.12341004927028365,-0.1805294013538218,0.10802911019410534,0.8731077540200932,0.9013340061905911,0.9176595684497373
2474,0.020100521387338904,0.9764311497454812,0.01962677520872296,-0.012390083937390694,-0.020744935650478764,0.4418952251401235,0.32479416094300595,0.5978019045831933
2475,0.21745823374541642,0.938307868761549,0.20404277185031244,-0.2904715427551238,0.1893622594982682,0.8020152815381144,0.9071574191656031,0.9073313653756503
2476,0.2090135359379922,0.9434621998169763,0.19719637040758276,-0.2906814794172193,0.1932177966179819,0.8731446788233351,0.9251626820595051,0.9240760377653123
2477,0.11921191045041192,0.9440817629556069,0.11254579058333082,-0.15735376535403092,0.09476859522986712,0.8336365597913453,0.8720763494575182,0.8955797182271592
2478,0.13408446108625888,0.9490081887547359,0.1272472515556254,-0.18347232407754063,0.1113655252520946,0.86002525339637,0.8941952304687846,0.8945470000707552
2479,0.22380559038416536,0.9374787367340454,0.20981298214736455,-0.29612355241158245,0.20368641778211952,0.8107667080209124,0.9036151213681264,0.9004755727328226
2480,0.22369791248613397,0.9374226812400893,0.20969949691056256,-0.29607798210900577,0.20314654932510226,0.8119359941201889,0.9049513351966789,0.9017786282700887
2481,0.1954246053949614,0.948632549438873,0.18538614163890796,-0.2807379230535387,0.1725983422590752,0.87737110290394,0.9357333086031646,0.9321743721207727
2482,0.15927577658216213,0.947183371630263,0.1508633670821208,-0.22380003116376077,0.1408902805946284,0.9057315973825372,0.9165090181515331,0.9242304241731174
2483,0.1188767689013995,0.9440687340010209,0.11222784071887616,-0.1571546569308489,0.09407002037164534,0.8355681373670525,0.8725467765420548,0.8977682386780371
2484,0.01863354736682854,0.9712860643878743,0.018098504887511933,-0.010831579754533775,-0.037484531431510926,0.5161184731938699,0.2533993622273177,0.5229515741849835
2485,0.1086510797821588,0.9293622526980692,0.10097621226442473,-0.12209560452696769,0.0752504399145231,0.6682591128874635,0.8029396523281053,0.8386298284597884
2486,0.06876827017296265,0.9202320721852666,0.06328276776186169,-0.04732536598303309,0.016007480016424557,0.24566368840882757,0.6582335865752224,0.7166488996286532
2487,0.1502309472557484,0.9366190079269081,0.1407091607785987,-0.19072978112974417,0.12312369523889642,0.7749819264382226,0.870386575437662,0.8857516158373966
2488,0.1123963497297046,0.9415252376138055,0.1058239998861845,-0.14135374917755014,0.08298937248546774,0.7716875526272244,0.8463917947030978,0.8673040768650182
2489,0.21102098097471958,0.9420300211385232,0.198788099168287,-0.2905102619224202,0.19265459444481503,0.8548397531114859,0.9204861810449543,0.9206401543222291
2490,0.2289049911494118,0.9325560542746515,0.2134667353500695,-0.29069791353828645,0.1968891449675523,0.7156308209594211,0.8829431134229334,0.8831932421480971
2491,0.2444959486619671,0.927448855776286,0.22675748782847896,-0.2959809601328877,0.20633672105598405,0.6584333427610476,0.8668474833851891,0.8619810009893653
2492,0.09100543930044236,0.9980397265382646,0.09082704375290813,-0.10401702414040458,0.001982575109474057,0.030147895620231752,0.9746953549406709,0.9765515360025008
2493,0.1548015487204077,0.9347446056493213,0.14469991261256168,-0.19096783933662895,0.11976827276457254,0.7037882762290146,0.8643180275398336,0.8779328767306707
2494,0.1297307262735825,0.9824029953611051,0.12744785408153908,-0.15902013853953567,-0.014634942572352278,0.12240766183066418,0.7938882045070925,0.6857375933183658
2495,0.16628648116808395,0.9427885693251667,0.15677299367857414,-0.22570589099501293,0.14431662954776614,0.8473480793834851,0.9029760669732325,0.9118360347025469
2496,0.104201112351868,0.8957987094506118,0.09334322196812156,-0.06791258184844637,0.04698966205288804,0.2521834032792294,0.6549974642675517,0.6947281455316645
2497,0.20582359337468448,0.9466469043719348,0.19484226751485292,-0.29108773504635643,0.19082622428336943,0.9038286773296387,0.9295387501841732,0.9222563863459735
2498,0.2038770317903468,0.9465020336656108,0.19297002520727163,-0.29049357879563015,0.19187966560950906,0.9160341110111048,0.9346908919326451,0.9348535468577658
2499,0.21556634130860386,0.9418235968662255,0.20302546693456172,-0.2940326073296445,0.19957450518347605,0.8526167010635958,0.9158976761574271,0.9090146823420908
2500,0.06412582531407897,0.9077091315886077,0.05820759720824538,-0.041068607487777894,0.01743401031770814,0.27114332366447297,0.6132202786070791,0.6993253150768199
2501,0.13010422006483385,0.9486812488093899,0.12342743396647826,-0.18081628529484176,0.10688930667056032,0.8833290374390629,0.9009663555187742,0.9194357718333889
2502,0.1765360786429833,0.9381591996840607,0.1656189462550636,-0.2306916673913979,0.15277197839910667,0.8064020995121471,0.8895300864983311,0.8945721050962933
2503,0.02803425079032143,0.98179778393329,0.027523965300167662,-0.01926459422415318,-0.01399621711108225,0.3126230527925368,0.5462473338619801,0.7043060400719134
2504,0.1566049725053409,0.9481272497379848,0.14848144187678158,-0.22095086105669132,0.13387449265692375,0.8908378750440625,0.9180587745589601,0.9275828244180684
2505,0.09167188883061335,0.9961971195981709,0.09132327160118076,-0.10535815272954187,-0.057799316750211265,0.03148543830927876,0.9515027839893829,0.9550682922384649
2506,0.4845996574284377,0.8870332462910908,0.4298560072802976,-0.3759505992478265,0.2625710066027942,0.21306919264433394,0.7157879699516497,0.6956080351114525
2507,0.19642702016986893,0.9486265882107898,0.18633589397615474,-0.28090485293025597,0.1778903352183959,0.8702148084747435,0.9312835759635675,0.9243528516578812
2508,0.1558684582796663,0.9486478737858359,0.1478642815372817,-0.21988477141387883,0.13541960225906763,0.8814616351725716,0.9193857084029504,0.9268939334138078
2509,0.14414824849680036,0.9409707618295979,0.1356392872044364,-0.1870203374389724,0.11682331186994618,0.774972803907723,0.8767491128537646,0.8891673890688014
2510,0.017114620178491496,0.9727730100553734,0.016648640586985605,-0.00949136278769614,-0.019229026031365847,0.5316571021319217,0.20776652389010475,0.5390608406487438
2511,0.3412204919641666,0.8980023514164281,0.30641680413529204,-0.29541899728164606,0.2203665271403155,0.19610139101656343,0.7534059835074947,0.7340404574102586
2512,0.2340101430970489,0.93146124914483,0.21797138020173756,-0.2954140839345162,0.19908889786066486,0.7279919338263381,0.8841433196975859,0.8842922136782903
2513,0.4291585758357755,0.8886160025739616,0.38135717812952113,-0.3489378480844375,0.25403766228077024,0.20231317840441135,0.7341498266864583,0.7268925361712065
2514,0.018629007492958375,0.9712929274909554,0.01809422322408648,-0.01083015577065209,-0.02382965030369744,0.5161032153422545,0.25345640628085514,0.5229674619127682
2515,0.20933501768962434,0.9439517474411319,0.19760215574874115,-0.2921140917154315,0.19678832908572222,0.886286119058119,0.9267602489031154,0.9250379607247998
2516,0.14535289471390758,0.9398310227502995,0.13660715969868836,-0.18803614003079294,0.11660599591347294,0.7881404215955936,0.8760179529379716,0.8887884268246035
2517,0.022270917923156917,0.9683034969147359,0.021565007704493912,-0.014515328736299985,-0.012386650613595514,0.4786652401271948,0.31451050266326813,0.4842714821795213
2518,0.028426228724419536,0.9316298209797682,0.026482722377660917,-0.016480221871522212,-0.007151826217222831,0.3900241909903077,0.4187563792091395,0.6354221794285718
2519,0.10722209761146717,0.9033886364430133,0.096863224557783,-0.07309495847841924,0.054451849169348004,0.24596870834603773,0.6731691621115061,0.691553319175815
2520,0.01963532896933658,0.9770807855028356,0.01918530265296597,-0.011578133243581644,-0.02078144999786031,0.4519911017809872,0.33307736221755585,0.6119061944992092
2521,0.020833014268347414,0.9811213637597705,0.020439715370187773,-0.012700408945190292,-0.022573289080470838,0.39278794164461645,0.39548656740247945,0.6790410766283367
2522,0.48802292631821015,0.8881470806898649,0.43343613731924335,-0.38125639144126916,0.24531799996499182,0.21160452942247776,0.7138054727541623,0.692771371648507
2523,0.14623934269062058,0.9400826865223837,0.1374770741518661,-0.18882981100125262,0.12069161790552779,0.7836814188115221,0.8738989869404424,0.8834147782848248
2524,0.04515312027368261,0.9279282623257668,0.041898856434144656,-0.029110256754606358,-0.0002483539969028744,0.2930440637545218,0.5821778496225873,0.6941903396561452
2525,0.1675296807468918,0.9422827236820297,0.1578603238717621,-0.22703044852918544,0.14858485239833383,0.8550613160439954,0.9025135354009088,0.9114228508288783
2526,0.34043013261958815,0.8970879533370589,0.3053957709259699,-0.29483031530613785,0.19838716638471904,0.1911871961013466,0.7508584942955201,0.7408362276067767
2527,0.06495546236815503,0.9050015063733994,0.058784791290360947,-0.04174884218664418,0.019823621234182576,0.28167561355105086,0.5930039432354983,0.6720950084175554
2528,0.22953457630036075,0.9326866544096638,0.21408383604092318,-0.2912115311928425,0.19905816071770727,0.7150252684235135,0.8846021155556374,0.8819011444436786
2529,0.14823996708441792,0.9473008085184662,0.14042784067381991,-0.2076830314900977,0.12849572672959714,0.9053989073302345,0.9111097833634845,0.9238993722314685
2530,0.0661728237675136,0.9121639591986146,0.060360464919127395,-0.04339425752152291,0.015487607634671396,0.2625723644909431,0.6298274042643299,0.7030380246277095
2531,0.06651308569208193,0.9184999972117381,0.06109226902272136,-0.044939560075127276,0.01797476389806368,0.24220042386204416,0.6557527963685099,0.7317953418699368
2532,0.13382957808837306,0.9480507582731869,0.12687723298606274,-0.18409668898061832,0.11092796549036758,0.88274689697909,0.8930414630041005,0.9005430025603891
2533,0.12138421923694762,0.9353413893560053,0.11353568426698053,-0.14544706690771428,0.08792987880185162,0.7045271952429756,0.8372895417657338,0.8611352714721673
2534,0.3406149052501089,0.8991676941786702,0.30626991895662664,-0.29668739414637557,0.18313661213768812,0.19396451124561576,0.7458871132136027,0.7264719531471034
2535,0.49797234000819446,0.8849499055531452,0.44068057525833043,-0.38687264550920225,0.3091387011791239,0.2103118769411223,0.7228053844670984,0.7118603716901825
2536,0.199443345590381,0.9475698992287054,0.18898651088291318,-0.28549752540491014,0.1833454259426512,0.8969854712131702,0.9360200836183604,0.9342600524430082
2537,0.22059923615941598,0.9378916317465574,0.20689817756359882,-0.29327110680650964,0.19797198891198414,0.8062228701013905,0.9052048363760348,0.9037451074893494
2538,0.12127021317331511,0.935298623890216,0.11342386349987478,-0.14527379247502528,0.0897017642238007,0.705541291580007,0.8385533483648215,0.8623867544916408
2539,0.19664213558982258,0.9479967870725287,0.18641611274223235,-0.2827100997342488,0.1798076563199026,0.8913572837143728,0.9376934821751107,0.9378563789613767
2540,0.19911211502398546,0.9476761590732429,0.1886938043908803,-0.2853925376489557,0.1733380169962686,0.8968897463122838,0.934123930854564,0.9342339507528645
2541,0.23398347087948382,0.9314610983486606,0.21794650078083583,-0.29537830988423414,0.19805742466690143,0.7279896520293208,0.8841433685265987,0.8842910775657051
2542,0.10249042479645463,0.8945757011206484,0.09168544362044151,-0.06656120155563063,0.04477183406774667,0.24883153113186135,0.6507052674126924,0.7013579399799919
2543,0.15812102247072463,0.9476374531328513,0.14984140302091986,-0.22242117787395893,0.13877218048933126,0.8970690101391843,0.9169779532516801,0.9246981488778331
2544,0.15615654910441923,0.9350222428161016,0.14600984677403675,-0.19194252741683454,0.12130196151198204,0.6985658359361443,0.8620380323209783,0.8702295947962756
2545,0.14607934797497565,0.9387641667349865,0.13713405737891818,-0.18907301591270012,0.11953156045846199,0.8046532005398137,0.8757403821663583,0.8919153053220071
2546,0.1586878302942144,0.9330479862911302,0.14806336050492536,-0.19432608657130346,0.12490767569197513,0.7203901088319089,0.8596280875248359,0.8707964752879456
2547,0.22286629221606943,0.9373158348603636,0.2088961047507389,-0.2956098770251173,0.19728067852673112,0.8143608356710739,0.9046222577120875,0.9047944159257886
2548,0.08102884372642319,0.9508745252154296,0.07704826330711789,-0.10672529419685103,0.05236302843424734,0.855276267369416,0.8387067281952151,0.8890542871568822
2549,0.35182889757600133,0.9550343438925634,0.33600868035894027,-0.32748291169849203,-0.09420334940705313,0.3076248077528946,0.6358993240599844,0.3079101266438541
2550,0.14861726326193456,0.9784666856058458,0.14541704100771655,-0.1742347442902944,-0.059712621888210256,0.18319599191828365,0.8431289254807274,0.6548791711279884
2551,0.16540463824353263,0.943281659480259,0.15602316164809135,-0.22452930386247186,0.14204055221723622,0.8385569735896853,0.9037017916034583,0.9107845835441566
2552,0.14758672200126646,0.9390724030306584,0.13859461768514705,-0.1901271088409739,0.11874604878500995,0.7972339254096277,0.8734579661278786,0.8830865988933243
2553,0.1410710135423422,0.941859757024662,0.1328691105382132,-0.18656786771163447,0.11758839255270963,0.8273510296241425,0.8830992098137209,0.8987935412756145
2554,0.02238748288465795,0.9699763838115562,0.021715329691103624,-0.01506221220380933,-0.021998216599074437,0.47437634496827635,0.3130089646686461,0.48002233161666613
2555,0.18211108856654498,0.9408452968510255,0.1713383611822544,-0.24524876626881148,0.16177207138585672,0.8367324766024749,0.904270459159223,0.9101815989567769
2556,0.1598109175436779,0.9319759230661833,0.14893992739382292,-0.19549119194261805,0.12895741250442863,0.7323798765466358,0.8577062608782913,0.8718954576894259
2557,0.14700375466958784,0.9389689904734612,0.13803196711791127,-0.18980525932193493,0.12212379323560611,0.798874199674257,0.8722475444543245,0.8851930386615481
2558,0.04366402284824083,0.9194702889341055,0.04014777170429738,-0.027659661095638343,0.0034114646668616682,0.3300428729257637,0.5265304231536055,0.63589425704439
2559,0.22446192268100518,0.9375382378647009,0.21044163545807235,-0.2960517220942456,0.20191752259010712,0.8062447261765083,0.9013049871368819,0.8951130360975397
2560,0.06324143062307722,0.9034554267420666,0.057135813691351026,-0.03975150122592819,0.017630487650552782,0.28234716449075437,0.5954405348699847,0.6855076783905018
2561,0.20091660042423176,0.94766798385175,0.19040222964637937,-0.2858879855558385,0.18270373965913694,0.8870768561542821,0.9308701279192838,0.9237270448799397
2562,0.016253543044850386,0.9740031178660064,0.015831001602053616,-0.009387653866603701,-0.021291769205048213,0.5273939305436696,0.14646014295227247,0.5352732726141186
2563,0.10397261428956928,0.8954799240618327,0.09310538874853372,-0.06734311414000191,0.052860124604144694,0.2529793965451764,0.6570707018390288,0.6969410210236204
2564,0.0697543254032598,0.925133739139909,0.06453207988149968,-0.04877599334553543,0.019399496830518996,0.23153797176097543,0.6830786074667982,0.7381062756507857
2565,0.1460812266960848,0.9387994229453135,0.13714097132542794,-0.1891086297027255,0.11608923443326898,0.804533767232313,0.8756478070963514,0.8917866448463623
2566,0.19953821840821281,0.9475753085706765,0.1890774888798053,-0.28548271315086376,0.18419085642455268,0.8956501784684934,0.9345493027498049,0.9328648024999866
2567,0.12890797514954658,0.9506369350841988,0.12254468240407503,-0.17883785434614444,0.10176705787906148,0.8475040661716957,0.9024297722050738,0.9165749676531386
2568,0.2237152442335367,0.9374163828178328,0.20971433503061,-0.2960499042079181,0.2039600318800476,0.8116275097599085,0.9045706282452555,0.901431971602645
2569,0.34091544889719183,0.8991670724714769,0.30653994614518737,-0.29683065872328274,0.18752631494582953,0.19395669530788173,0.7458872301011129,0.7264686164652245
2570,0.1529763915826667,0.9357856181320108,0.1431531071567903,-0.19206156436313798,0.12531418646495995,0.7577918234342147,0.8665636590062846,0.8785175577406834
2571,0.21157524244644996,0.9421624683916966,0.19933825267391897,-0.29085302610436115,0.19527056675490215,0.8519413611816271,0.9190434833263429,0.9173997567231829
2572,0.21545112642439412,0.9389351974115779,0.20229464592183533,-0.288410254325607,0.19064228115373513,0.7939160088867128,0.9075110875479367,0.9060102451200229
2573,0.10462812581552419,0.895998445845115,0.09374663812239684,-0.06870039638980094,0.047599840208647944,0.25086434115091577,0.6500793293050577,0.690094893469984
2574,0.06558962751457004,0.9053237130385011,0.059379845118302785,-0.04168259975945661,0.022909537328564857,0.2859700936044019,0.602402170307173,0.6719028304258922
2575,0.21831033781414666,0.9384529337037899,0.20487397697955134,-0.2908610950263889,0.19548671531283734,0.7982734104589814,0.9057685032849401,0.9027161801271579
2576,0.3611379950530872,0.9565030981086946,0.3454296111130404,-0.3377859464234537,-0.524363307485443,0.31811981101262915,0.6644685000139956,0.3183416546118096
2577,0.06647056329071893,0.9068015845707992,0.060275612119337525,-0.04368495924772102,0.019179095266851718,0.2813152260214557,0.5926499676203729,0.6609502227144567
2578,0.1988452839684302,0.9474996222114774,0.18840583143862158,-0.28517476834244776,0.17020187571602638,0.900190411764185,0.9375418780502085,0.9376701915281519
2579,0.16750289651262001,0.9422437457214029,0.1578285566292356,-0.2269575370656547,0.14861398360644226,0.8551958687468609,0.9026170348684891,0.9115640728339125
2580,0.04927444029447996,0.9110890080901838,0.044893400932096726,-0.030398586149314,0.007857952640888184,0.3105836137120434,0.555554254563065,0.6673062279880929
2581,0.13048539943932047,0.9487263169960328,0.12379493243182273,-0.18107361958772628,0.10901694913191988,0.8812375648175877,0.9006357874834029,0.9171939456509653
2582,0.4452249119581378,0.8861804291906444,0.39454960356542945,-0.3568416233145799,0.290184994828226,0.2012260201139292,0.7313282951995781,0.73142525273921
2583,0.1696233756396832,0.9476475824657437,0.1607431818546245,-0.24008079012732045,0.15172859367568362,0.897901109529803,0.9235967262000172,0.9287652406961353
2584,0.018318400085898228,0.9763825291796607,0.017885765806394227,-0.010452250072281422,-0.016657516174755287,0.47919289162746365,0.2833531137280591,0.5971996013617685
2585,0.21099166194187813,0.9420389609627505,0.1987623659875308,-0.2905359047776638,0.19318512416307776,0.855191489259891,0.9209040878657447,0.9210225196572303
2586,0.14339355308890592,0.940701331643422,0.13489050633981553,-0.1863087695354676,0.11456770590202603,0.7782139951187097,0.8774929277119023,0.893264288860845
2587,0.03559053768288925,0.9279360670852765,0.03302574356291058,-0.022103138440312278,-0.002125602382948899,0.3618466932389869,0.48086964570361423,0.6175564346731115
2588,0.17616068477878807,0.9381163772549596,0.16525922341942956,-0.23049389916478838,0.1521300588237703,0.8078721065989862,0.8896899640081787,0.8963616240663106
2589,0.13056387749597645,0.9497681328744996,0.12400541015020845,-0.18049666894518965,0.10422729455010052,0.8594497773810778,0.9010468756918204,0.9117972431950363
2590,0.02373745024940526,0.9789254437819868,0.023237194019651877,-0.015598370664987565,-0.017860668467560157,0.38516565623031607,0.43731012389009655,0.6346509445553558
2591,0.20946450820145573,0.9427112194017321,0.19746454194797847,-0.2884659802658494,0.19037953049234094,0.8428062552637515,0.9194727828871789,0.9161187521471074
2592,0.09980087627841594,0.9516807607451547,0.09497857385967595,-0.13383971132532957,0.07071115266897585,0.8318254599537155,0.8711977683396829,0.8978826488081222
2593,0.1578208665783396,0.9477387382936916,0.1495729489673726,-0.22244181843796265,0.1405710280874018,0.8983072896922023,0.916503348966761,0.9260293107493467
2594,0.12137149639015457,0.9343129583343336,0.11339896184975021,-0.14550883697122835,0.08772731964913161,0.7162391302962071,0.8357345835912753,0.8627311237340913
2595,0.020951162833207106,0.9739127546058748,0.020404604707084956,-0.01341680476962298,-0.013144003728656697,0.4514896033696613,0.31899605817054394,0.5538763437927627
2596,0.195657018231952,0.9487449969115057,0.1856286171581877,-0.2809692563557245,0.1741254057530802,0.8752894892056203,0.9335205314771572,0.9299615377862777
2597,0.0990323680695106,0.9489439653993823,0.09397616805877257,-0.13405191519935916,0.07479807880239646,0.883640751879733,0.865817035377364,0.901519835260855
2598,0.20464765442392738,0.9414223823004886,0.19265988235998083,-0.2771278090622154,0.17308409013273685,0.7603332843292069,0.9085977388769169,0.9057522595082932
2599,0.1446121826598022,0.9397171715161181,0.13589455125584152,-0.18755511020445959,0.11659982890602985,0.7922345053029155,0.8778224846891203,0.8937702489830907
2600,0.13036024628402046,0.9506774145578384,0.12393054189841561,-0.1797474652327942,0.10438243592927524,0.8397602204040752,0.9005719259532391,0.9077033892735124
2601,0.4176578560597532,0.8884841599405393,0.3710823893838165,-0.3412195376609218,0.2699290839395549,0.2007186129190771,0.7387122229861128,0.7344395343108717
2602,0.13019652713525592,0.9487236807596572,0.12352052844588458,-0.18094578838504857,0.10640417432864716,0.8819193752985194,0.8994994150543474,0.9179692382501022
2603,0.07044125522471954,0.9097823753206749,0.06408621249891523,-0.046462520431301696,0.019988873136235572,0.29051249379810357,0.6128221394663176,0.6449402910937401
2604,0.22373004753618517,0.9374467665846561,0.2097350096506282,-0.29579145506796056,0.2009674698690568,0.8092246731572205,0.9017160366694921,0.8987452189489776
2605,0.1341156612913657,0.8953282390937359,0.1200775388588904,-0.09040665649043912,0.06454699011883246,0.2318047246251849,0.6878903977840527,0.7149706598281276
2606,0.49918284021772774,0.883968656830879,0.4412619847802881,-0.38636724553247687,0.35223196486749536,0.20932100598854672,0.7231648940317805,0.7161029527248991
2607,0.14681651689189645,0.9389372519788919,0.13785149691558982,-0.18960593222151526,0.12099848097127652,0.8008543795343532,0.8745448119724621,0.8874023948183078
2608,0.22060255172670476,0.9378982541869312,0.2069027481336586,-0.2933239929598782,0.19851226942038763,0.8065289740298459,0.9055850574178077,0.9040921200083489
2609,0.15813752460003724,0.9329284701101958,0.14753099889212618,-0.19399858473349674,0.12742238464122044,0.7214574003742071,0.8585026953103422,0.8725795018163898
2610,0.14949704139921577,0.9771337223362513,0.14607860054067234,-0.1749641652162323,0.024708646729294494,0.18070756286780923,0.823244203750296,0.6412623588469524
2611,0.11176865613423385,0.9412699537075536,0.10520447778542577,-0.14075296034019166,0.08173280806611229,0.7747834648544454,0.8468873290299602,0.8710912141416012
2612,0.0656989689883048,0.9057524245989842,0.05950700045481054,-0.04202737173713211,0.015539024729443072,0.28530142770179623,0.6017370925046639,0.6707996450388429
2613,0.4989060766866344,0.8839916251750712,0.4410287935399366,-0.3860190464074065,0.12006074305915058,0.20429786480957884,0.7164792897613561,0.7164158677329858
2614,0.09991952420887179,0.9347773958790938,0.09340251263744724,-0.11738153768650506,0.06860388799428696,0.7190890967335712,0.810135096812303,0.8497819747024222
2615,0.066901760663666,0.9129646498705476,0.06107894250002701,-0.04382105020076105,0.012871033424124292,0.26585415728887385,0.6371460846148299,0.7009567061735841
2616,0.042096127761716236,0.9174782390455636,0.03862228116945647,-0.025888393469568914,0.0019171585615687585,0.3314259980675608,0.5217127304101589,0.6499695355660623
2617,0.40141672709675824,0.8928400826092726,0.3584009437818135,-0.3341338442792758,0.24834255927180485,0.2046620520449338,0.7398382937751785,0.7192370186381482
2618,0.13114536027477078,0.9477166440798519,0.12428864072624889,-0.1821431861155747,0.10437700952732538,0.8999720833229431,0.8995220636048296,0.9183153595107859
2619,0.4003136288522385,0.8925745062857013,0.3573097396322243,-0.3324931407511828,0.2509859130195634,0.20501314740899143,0.7403323497721093,0.7199332229934297
2620,0.14566119209619874,0.9393074046187017,0.1368206363015466,-0.18851542936378213,0.12002058652964152,0.7972246837455463,0.8769878892650463,0.891381076201441
2621,0.19890722766025493,0.947488093131563,0.18846222984590064,-0.28519398962626047,0.1817986903720041,0.8997972927897114,0.9370928318438695,0.9372575801709223
2622,0.019820115477004376,0.9772719912634971,0.019369643719284523,-0.011972369040492417,-0.01848736266246735,0.44756160165188114,0.3298398337727366,0.6059028601240092
2623,0.5013491162473227,0.8840925924068416,0.4432390398839745,-0.3889327745849674,0.34473832054015907,0.20931967657214168,0.7242101259360949,0.7168279982357236
2624,0.03708980097609512,0.9348794900313312,0.03467449422189538,-0.023600004516560493,-0.0016178719455518422,0.3266318828124246,0.5292895770206616,0.665339129554972
2625,0.09108990123206655,0.9415116415454247,0.08576220243721357,-0.11249985908038114,0.06343960814801212,0.7821178636468848,0.8214550548268794,0.8629042142884257
2626,0.13107721103226114,0.9482732491015524,0.12429701278873212,-0.18183462830653205,0.10963540336337638,0.8887137750951201,0.8991860403637083,0.915887083371399
2627,0.16622535260502738,0.9427680238412977,0.15671194718776457,-0.22565362792694443,0.14219245625304985,0.8481638540313652,0.9038793469359595,0.9127162412606065
2628,0.3457442105472362,0.9601271998591956,0.331958420740246,-0.33547997752100633,-0.6315373482763843,0.31111420462810746,0.6569642381766515,0.31162628507417933
2629,0.11094579480485695,0.9401854807925228,0.104309625430513,-0.14036354104298457,0.07891079089018754,0.7929643790805677,0.8460054019806663,0.8769947782749247
2630,0.18322322086017678,0.9405275714045751,0.17232649094054617,-0.24641031911393282,0.16322890458250439,0.8416359765553895,0.9039092726066018,0.9098097024910388
2631,0.04224256804153385,0.9219165525840458,0.038944122701147874,-0.026142912285734413,0.0023501450770662363,0.3103741651252789,0.5494338726879335,0.6869394612222994
2632,0.1839907072707266,0.9344750654669481,0.17193472822212236,-0.2336517988118946,0.15784492836165576,0.7686816245892819,0.8790833899259827,0.8853193788795322
2633,0.16752670035723288,0.9422826069505157,0.15785749594643128,-0.2270223632241371,0.14688313283012164,0.8550617667559469,0.9025146679643797,0.9114234114876707
2634,0.022755738796904002,0.9792680579149402,0.022283968138063843,-0.0145228084436701,-0.015222860956508247,0.38821546754425756,0.42499734921848215,0.6491859863666724
2635,0.49207626668672405,0.8836217334568486,0.4348092837626976,-0.37834796570772355,0.2688302714006556,0.20433488118767754,0.7133726789400434,0.7142402946060721
2636,0.13158562910253738,0.94780744696619,0.12471783917711596,-0.1825024210562928,0.1105678163758225,0.8976247288809819,0.8990846795539631,0.9158870652660167
2637,0.11156221364969725,0.9412602348302993,0.10500907541810205,-0.1404850191227132,0.08226572811683705,0.7771187962712448,0.8496310338562035,0.8737393422412784
2638,0.49715779596485743,0.883506958467494,0.4392423721913142,-0.3829250229849418,0.3160623910126746,0.20466989538342567,0.7154511130009766,0.7161000653472896
2639,0.15869503089988019,0.9477866207920824,0.15040902707309256,-0.22291930422042172,0.14091785023592368,0.8936420942434663,0.915367870404836,0.9211168156793981
2640,0.11139058648588451,0.9402124348333182,0.10473081453740479,-0.14053473030148836,0.08446813431391795,0.7916282226437574,0.8474844487474372,0.8752343466418662
2641,0.3520648443541344,0.9557079781998382,0.3364711805929305,-0.3379195899656417,-0.24023501327501515,0.35030364247870954,0.7388634841852456,0.35080212875711125
2642,0.12250226065313648,0.9334903534053102,0.11435467859004579,-0.14638651218498308,0.09316980478320411,0.7234157301931582,0.8329544606889239,0.8575220720598491
2643,0.18361563602117673,0.9343875904044229,0.17156817170240285,-0.23340734352294248,0.15785606446386893,0.7700408059355154,0.8792843133087166,0.8870865876262575
2644,0.22300303150282502,0.9373790392844368,0.20903836742763512,-0.2957386765460672,0.1999868598715879,0.8134943392555598,0.903662560962236,0.9038302774758405
2645,0.33760994210151746,0.8960811657704374,0.3025259104940176,-0.2912113188130567,0.19399995641414022,0.1855409073254443,0.74284488338395,0.7434070521132605
2646,0.12242997473755438,0.9335052979148586,0.1142890300410893,-0.14630999210106113,0.0911656493938431,0.7243074134790821,0.834103103777189,0.8585976574887617
2647,0.02962485651020899,0.9882125555586496,0.02927565516001193,-0.02133331899239377,-0.021197057830685855,0.253523849517337,0.6028710084241254,0.7784364405089788
2648,0.11007141820901309,0.9913727482723148,0.10912180437610063,-0.13250134886296638,-0.09648257320080235,0.08825738171038873,0.9022646865115997,0.8282431611494384
2649,0.20372599424689297,0.9464042980946803,0.19280715658887163,-0.29016935032983293,0.1841798201585789,0.9159229584114359,0.9344565062234885,0.9347396553697743
2650,0.22444552454979277,0.9375756654484296,0.2104346620366938,-0.2963379962145515,0.20028111556661576,0.8080690054951095,0.9035632960348285,0.8971615041510961
2651,0.16018167985612086,0.9334028732738775,0.1495140402235396,-0.19544739183904333,0.12401793858297568,0.7137527446752365,0.8560317011053123,0.8617400594098308
2652,0.1219843519117666,0.9334601308473339,0.11386752909688488,-0.14612176735468918,0.09175840539447683,0.7256360645707136,0.833311424638488,0.8606223273116808
2653,0.1569451929694504,0.9481592836762565,0.14880904174234594,-0.2211362428114202,0.13747012748904336,0.8895773371053471,0.9186260578545244,0.92620653042894
2654,0.2238364612441152,0.937546252516331,0.20985703541593714,-0.2961885335781199,0.19552093700011866,0.8102121494836348,0.9030383310964971,0.899864114874325
2655,0.031223085684900002,0.985873916570146,0.030782025771577622,-0.02188799592784154,-0.01749326816596174,0.26850247106029024,0.6321304711785939,0.7647835562651484
2656,0.0718923468458099,0.9267687556474411,0.06662758082686548,-0.051307253264795114,0.0214436742078263,0.23456757415604168,0.6838071857654413,0.7233628885668075
2657,0.04420349648431666,0.9242767880938252,0.04085626575304089,-0.028781981087175206,0.0004013022144713037,0.30651370008577666,0.5466327492681213,0.6642960298290979
2658,0.12975593168663097,0.9497134236204041,0.12323095011716556,-0.17994504541037395,0.10699633184661918,0.864051692035474,0.9025088770890272,0.9168742641414543
2659,0.027553685674846368,0.983003347741335,0.027085365260986444,-0.018513925701883645,-0.016229333376353246,0.31739393414013634,0.5573088925568535,0.7170116498408803
2660,0.017059225477756575,0.976787915344236,0.016663245291805125,-0.009522416555112904,-0.017494909127155796,0.4964782376490731,0.2300505927718202,0.5940896790101744
2661,0.16939202528930553,0.9740577080420081,0.1649976079138948,-0.19512720772952313,0.02493776775333953,0.215680219058483,0.82295579667229,0.5955790088842564
2662,0.10267860272280976,0.9051720306152287,0.09294179932734005,-0.07012667743907475,0.04215660121044765,0.23190766182170164,0.6870914679386579,0.7233706446048268
2663,0.12995329353065174,0.9492497437951863,0.1233581305893118,-0.18044794096620775,0.10751929586572324,0.8736098502294513,0.9018507873235413,0.9181881773887871
2664,0.10630360563219286,0.8973364051244134,0.09539009532975529,-0.07009546163769428,0.05102417186072588,0.2541440829712804,0.6554596792017564,0.6847578382232127
2665,0.17663377515837014,0.9473236176976674,0.16732934689062356,-0.25069510540671675,0.16128346518007589,0.9036448215675448,0.9267044886757272,0.9316336701346869
2666,0.20898138858593113,0.9425954596616198,0.19698490803487934,-0.28807904784656563,0.18861036692915537,0.8444592797022533,0.9195619840901254,0.9180419489044133
2667,0.15816666767056484,0.9477191910930184,0.14989758634262598,-0.22255346452145638,0.1393384897177209,0.8967696338057026,0.9167540177577341,0.9243931805369627
2668,0.212518855241324,0.9393269303453143,0.19962468393433308,-0.2856292524312753,0.18448703548622472,0.7892349592430644,0.908677836820604,0.908848855460255
2669,0.22286239874132113,0.9373288080488302,0.20889534657110564,-0.2957094359834195,0.19996219689827113,0.8149865617585226,0.9053907017230176,0.9054971590465134
2670,0.2404266998812276,0.9306246336689905,0.22374700950121176,-0.30071109638113125,0.2097670821486025,0.7355745214924571,0.8813714142032437,0.8786511587235453
2671,0.15732902276145067,0.9341268511346325,0.14696526462424284,-0.19328835810094824,0.12354918655921532,0.7080224241775104,0.8581491273193786,0.869213896594509
2672,0.15814399310508226,0.9476781839499417,0.14986961218841646,-0.22248948247610453,0.13937192738990206,0.896920039653555,0.916866215770734,0.9245463645777878
2673,0.39892316073496714,0.8891372476074564,0.35469744114275564,-0.328083327907428,0.24893679185334175,0.1965937814098561,0.7383280787463313,0.7387563375382982
2674,0.21239766624700634,0.9418001718764509,0.20003615857758764,-0.2919198459095026,0.19554888714193222,0.8583138909669152,0.9198115417690185,0.9199461770649974
2675,0.09947929426185666,0.9509026598957784,0.09459512551815434,-0.13400746145180562,0.0738532826596677,0.8481221332057928,0.8682308810535156,0.8989018668888425
2676,0.20091010036218898,0.9476757963656658,0.1903976393586433,-0.28607830525825156,0.18547369151253418,0.8887725663010069,0.9327619773579134,0.9254960916169798
2677,0.20431125813779108,0.9467116174973719,0.1934238416645513,-0.29068778696656034,0.19319004980029575,0.9102529162335476,0.9286939702706118,0.9289500444531124
2678,0.029010205446718354,0.9880314007995353,0.028662993925003447,-0.019952019381360726,-0.01994368329072144,0.2593528353140564,0.6165912375300391,0.7962697708182199
2679,0.13135023031213858,0.9488181137990919,0.12462747777183962,-0.181698835486374,0.10868342452478359,0.8758681371863926,0.8986433487795148,0.9114745830798736
2680,0.045066796555677975,0.9247178375153113,0.041674070654709024,-0.029076020918063952,-0.00016383963617003683,0.31116630557546004,0.5590958124459854,0.661421558191672
2681,0.338765668016314,0.8980611685890002,0.30423229169656424,-0.2928826039492558,0.16347408584251438,0.19584252140997396,0.7515155505039844,0.7323877390619278
2682,0.09863561035142798,0.950686126100148,0.09377150630052272,-0.13314469128129175,0.07191354541285072,0.8545899697840016,0.8714444864408896,0.905937998695424
2683,0.14531173789638213,0.9398594004276062,0.13657260285438716,-0.18804399599647115,0.1198386865259866,0.7892781616213814,0.8774170331604207,0.8900855846012876
2684,0.10336506007897754,0.9005917688102524,0.09308972228970439,-0.06891932500722768,0.040334798190745494,0.24171843494080805,0.6720135902146318,0.7100499079158377
2685,0.1426752399761137,0.9416976203212684,0.13435693396427215,-0.18529097315938872,0.1131156717850318,0.7645803642370079,0.8798383912585378,0.8922131996176718
2686,0.19709216679231123,0.9480459654747538,0.1868524335541279,-0.2829346549766428,0.17814447054740332,0.8891502828628894,0.937191066654264,0.9354490015527388
2687,0.19038552382597346,0.9495065277444241,0.18077229766080338,-0.27557157328316395,0.1637565570628241,0.8655986330718765,0.9378853078062379,0.9380739005773981
2688,0.19629726646056392,0.9486196043120172,0.18621143523735073,-0.28099316783147754,0.17369947395071844,0.8727239009826365,0.9341183856883891,0.9270267987288606
2689,0.13139003291635798,0.9479120025258642,0.1245461892136841,-0.18258580707119568,0.10852259017044551,0.8975379453998417,0.8971776967796717,0.9158332226943838
2690,0.5050447921422644,0.8823188131430499,0.44561052158704106,-0.39055103324016927,0.30738466223982774,0.20732328322773214,0.7271411896011895,0.727140367125575
2691,0.16051296551088176,0.9321458058430752,0.1496214875844026,-0.1959812382212285,0.13136699483687733,0.7296559276324915,0.8568622459659327,0.8681782187314319
2692,0.21249959846119634,0.9393268091204329,0.1996065697619288,-0.28560775541879385,0.18197790539095368,0.7892343955594913,0.9086777595531393,0.9088482399123313
2693,0.10527796629138417,0.9021159036391365,0.09497292769424258,-0.07104107439554633,0.05215011456392175,0.2439213319543543,0.6731892444709837,0.7009923004330798
2694,0.03553434485992275,0.9282143977633307,0.0329834905140677,-0.022092150679901734,-0.003996783339039649,0.36218457864517506,0.4819197519364278,0.6184363734575858
2695,0.33510759377141414,0.895962248095669,0.30024375306936646,-0.28794528523921903,0.15442282077230024,0.18532584724887194,0.7394687701314112,0.7406424942597883
2696,0.22523974625467666,0.9337337342210088,0.2103139493653717,-0.28688866799264434,0.1861212997929435,0.702974914632982,0.885354911838925,0.880039512334174
2697,0.21354084042755864,0.9395630721975812,0.20063508807177044,-0.2861188880003756,0.18292902432529468,0.7834735220747102,0.9047133225949858,0.9017731531817307
2698,0.04332639543556625,0.9187968298027566,0.0398081547729789,-0.026925137555404904,0.0019931611707132645,0.33295131485871365,0.5311307452353358,0.6414918296214287
2699,0.06658380472261023,0.9064548003359051,0.06035520941543855,-0.04368250762980214,0.023657350049552685,0.2810799271630292,0.5907370661976302,0.659508071277979
2700,0.1469180623327199,0.938910963937989,0.1379429795247156,-0.18965973470705996,0.12042173492214037,0.7996865619153327,0.8731314290379696,0.8860938624578301
2701,0.03447879381876513,0.9271357690923218,0.0319665230245364,-0.020996821218620242,-0.006550558981555674,0.36390160263459054,0.4760311582642842,0.6287680173177441
2702,0.13343314103096113,0.9490773573073661,0.12663837286688565,-0.18321521233662216,0.10848430793480868,0.863346694131426,0.8943724238654054,0.898129955782414
2703,0.22373206299442472,0.9374842884878124,0.20974529388823868,-0.2960959913386493,0.19507049405560864,0.8110720030488797,0.9039930305227231,0.9008196077396776
2704,0.19903514776601267,0.9475477397708171,0.1885953044006359,-0.2853188784934853,0.18260202975161272,0.8986980494798766,0.9359513768322483,0.9361114346200774
2705,0.22458392549979944,0.9376247951287389,0.21057545713595738,-0.29637066729821593,0.19763187230746962,0.8066138268032902,0.9018652787170817,0.8955365057717778
2706,0.27649849463870885,0.9103917003689048,0.2517219346835767,-0.25552289535265715,0.1210488398790724,0.18630770915221245,0.7676339096253333,0.7339103453041229
2707,0.11212825448834077,0.9403730971120722,0.10544239394697162,-0.14117478424297422,0.0852104654959775,0.7869005259068713,0.8451773624989778,0.8697158456368701
2708,0.22602680617275775,0.9346675518967015,0.21125992158852175,-0.2931472073001512,0.19986814821392568,0.7630907597265388,0.8955905381340175,0.8956899650901351
2709,0.2041571789715584,0.9464595045349319,0.19322650245667058,-0.29054433431055565,0.1908789521984682,0.9148992240728856,0.9347459275036684,0.9336693365392283
2710,0.11083331299972876,0.9401449493599485,0.10419937943752533,-0.14019434031073758,0.08183371973655953,0.7943099525057566,0.8474998961296654,0.8784888726292269
2711,0.11075928413031727,0.9400900490423522,0.10412370084996579,-0.1400577795108979,0.08254450949032853,0.7950938495310755,0.8483327218395535,0.8793564763610718
2712,0.20713607626674096,0.9432785621002825,0.19538702017998585,-0.28607950914684016,0.18624523581223498,0.8346481207338111,0.9191627770721588,0.9158374757224622
2713,0.14695597694210638,0.9389819139071748,0.13798900448919768,-0.18977604847579846,0.11867546612158551,0.79945283479116,0.8729502467569751,0.885843366743974
2714,0.13590771497193063,0.8966000117386181,0.12185485883920177,-0.092665968120521,0.07316257195623455,0.2330404563072701,0.6861576518432885,0.7062843436981334
2715,0.1432229638476452,0.9406749198986489,0.13472625004503078,-0.1861190793892806,0.11283166604556971,0.780095900863883,0.8797486521941865,0.8954419759008426
2716,0.40136482494716114,0.8891369569425468,0.35686829907729684,-0.3311107765141598,0.26222279625190675,0.19690040577779327,0.7411657510002625,0.7411561981420791
2717,0.018640415113273905,0.9713210582861208,0.018105827734717812,-0.010834355935676655,-0.013956948810668416,0.5161130457106184,0.25325531706981913,0.5228941004947416
2718,0.1598587822184656,0.9318911078427078,0.14897097765995207,-0.19540943529583643,0.12788994100600815,0.7311660774751517,0.8560206502377156,0.8704076351106441
2719,0.06976997961900634,0.9251341487516821,0.06454659070325164,-0.04878315145641187,0.015961488618871887,0.2315374773163532,0.6830842764852182,0.7381111103170298
2720,0.06621363930920582,0.9127286954062528,0.06043508862479161,-0.04372407158341213,0.014038150341550466,0.26205300284723354,0.6301410188743368,0.7027196800819601
2721,0.19026991899994042,0.9494521365136349,0.18065218110876968,-0.27546907701203677,0.1688394409049913,0.8666180417616416,0.9389849085388277,0.9391795136422881
2722,0.016552832727906037,0.9730191953047737,0.016106223980921652,-0.009821264214337407,-0.02364181116947983,0.5186903772874523,0.14344014356184123,0.5263632349821343
2723,0.2008970570614513,0.9476918673913696,0.1903885071599973,-0.28598274369204946,0.1826702644925925,0.8878463659361184,0.9317560757244986,0.9245326830327504
2724,0.017191100946726323,0.972551435266686,0.01671922989955317,-0.009600896915682116,-0.01686340539901015,0.5295784366923119,0.20677371269267822,0.5369219603268415
2725,0.12131438827731934,0.9343204676490976,0.11334651598782922,-0.1454529821960547,0.08884768044541232,0.7166735832283102,0.8363052760655746,0.8632667389784204
2726,0.1315593645343196,0.9477670805127612,0.12468763483880618,-0.18243804170621003,0.1119930744520818,0.8977713984566149,0.8991934812005683,0.9160365214738664
2727,0.13114413361210342,0.9477289047018924,0.12428908610627741,-0.18216139871979822,0.11030091746797642,0.9003632624274571,0.8999493022819991,0.9187145691998986
2728,0.06744080893934526,0.9136116681459671,0.06161470995618867,-0.044956500621701034,0.019654978935515596,0.26344142453866587,0.6310666686795507,0.6943938809242419
2729,0.33936931913453317,0.8969004835930875,0.30438050644841963,-0.2931022630298871,0.21619088009494403,0.19122653802534206,0.7494256068893925,0.7398328334637919
2730,0.06827500280200494,0.9079119209404436,0.06198768894618247,-0.04458109575660561,0.019230951551173166,0.28713242013322865,0.6049699711208164,0.6549002129050474
2731,0.14475724447134136,0.9397463627655754,0.13603509397591027,-0.18770749054502942,0.1175246925568775,0.7902873436572234,0.8755330072223972,0.8915586297723612
2732,0.11256679291691588,0.9488382159649654,0.10680767496818416,-0.15404458179605326,0.08890368386759107,0.8821164473055008,0.8836119091142557,0.9088970015208744
2733,0.04238806630312573,0.9178489398046714,0.03890584171669407,-0.026447572428396755,0.0021396299517113175,0.3290178329432857,0.5175118721983195,0.6449928837038641
2734,0.0993744747105017,0.9507802773314722,0.09448329062492018,-0.13378096323080446,0.0738692093916232,0.8493018258438857,0.8693598548074584,0.9001488117853189
2735,0.23534106816959113,0.9317534877635971,0.219279861081027,-0.2959770775231204,0.19879561567824325,0.7231949948299536,0.8828529022632093,0.8773822983969732
2736,0.20484491673408248,0.9465576760066452,0.19389752832558785,-0.29068233901650636,0.19265163146703798,0.9092522295159896,0.9313996572224231,0.9278611283998949
2737,0.2115071210915622,0.9421317989442205,0.19926758448350657,-0.29079260424636677,0.19446892241882288,0.8524248999875631,0.9195625371734812,0.9179207584408398
2738,0.3405666780792507,0.8970884259112987,0.30551842515595495,-0.2949197511193699,0.18380641486070642,0.19118117698172135,0.7508584818535498,0.7408359958650702
2739,0.04223408756538507,0.9219151780365448,0.03893624635705299,-0.026139195406389263,0.0011147887332149946,0.31038344292811093,0.5494503587165808,0.6869448075460617
2740,0.4010858413155082,0.8907713274344591,0.357275767283782,-0.3321164662356006,0.2443584496204608,0.20141925814147724,0.7423774640618335,0.7317688629536028
2741,0.015570972625682744,0.9744894845986483,0.015173749088701238,-0.008137573035542104,-0.033693067806746586,0.5504016632867452,0.1531847053847691,0.5586381858429406
2742,0.08267981321009353,0.951780175479093,0.07869300712568145,-0.10777933209235797,0.055745090818547505,0.8308050292196679,0.8404563840306463,0.8792232688561952
2743,0.09170697642379987,0.9415900393260936,0.08635037553736286,-0.11301463399951457,0.06256559512081372,0.7778611594835088,0.8196229815246125,0.857925750091561
2744,0.06579942852658292,0.9053990172164844,0.059574737921374486,-0.0420225815298483,0.012547702683145954,0.28506372926816126,0.5997719817768469,0.6693087015639513
2745,0.15848120500274457,0.9473916389211421,0.15014376854574768,-0.22299425486550561,0.14205376057917077,0.9027061680502162,0.9171727243937234,0.9258477913022726
2746,0.20874187676186307,0.9434312036032636,0.1969336000358486,-0.2905138462269608,0.19250535540462393,0.8739352037662562,0.924804602637518,0.9249732465394266
2747,0.26711939453307443,0.9050873896554608,0.24176639552428747,-0.24228013549122324,0.138860955632593,0.17242694193528355,0.7758544268208658,0.7762143880718863
2748,0.13059101764503786,0.9482218157341504,0.12382925186994828,-0.18146923208288793,0.10915734142556548,0.8921430673366361,0.9008839000287108,0.9194727437454163
2749,0.12928822547974844,0.9497919106334565,0.12279691070081941,-0.17988063383998035,0.10526040535810559,0.8650415502736697,0.9000864345551506,0.9181138214810921
2750,0.16421909535600904,0.9437862123953519,0.15498771800903888,-0.22329496897961607,0.13816341740085156,0.8318161263403792,0.9049282979557757,0.9119190027890492
2751,0.09151649740593924,0.9998857569813857,0.09150604228502258,-0.10633328677646572,-0.058012017788511505,0.028141249041376024,0.9786747303632509,0.9785805023856129
2752,0.1325652154156408,0.9481311563417424,0.1256892109827237,-0.18362026682954055,0.11097358741967668,0.8885241976615239,0.8917340538134474,0.9065677234872033
2753,0.06435160345952043,0.9043698355193598,0.058197649036093556,-0.040569237045310236,0.020161773818602718,0.28465209699224514,0.6003375965553063,0.6799109493970391
2754,0.09101128629169218,0.9431758054095353,0.08583964324952457,-0.11219532383492647,0.06004339678754196,0.7607494672188341,0.8274109350429472,0.8676874826100621
2755,0.21460743453991166,0.9416660044976665,0.2020885254186931,-0.29360533877758793,0.19396760508904862,0.8576629479972286,0.9180193190213499,0.9146043996856734
2756,0.06527571463815926,0.9116949755199025,0.059511541059080755,-0.04293897425183573,0.019322612941133188,0.2593965820476289,0.6242798792753526,0.7066998978848222
2757,0.16052105073322037,0.9320678070799902,0.14961650374708857,-0.1958795067915126,0.1272738624190583,0.7289187900505822,0.8557996047581091,0.8672693747838519
2758,0.22337329325481353,0.9374010048450309,0.20939034955260596,-0.2959332334007679,0.20210292224789675,0.8127137109965561,0.9043093064933431,0.9028021926917444
2759,0.10562027917382297,0.9933306133730674,0.10491585669636817,-0.13986171806452555,0.014041725686285953,0.028530512041599104,0.7766502455268899,0.7819783612155587
2760,0.15741739824245624,0.948182948806902,0.14926049285904258,-0.22139941974000313,0.13691998153768065,0.8866557139825506,0.9173496605110567,0.9230951328874348
2761,0.10429920697853745,0.9062692884289002,0.09452316809213772,-0.07165343054674353,0.04404646191280772,0.23489561195818454,0.6897973980126954,0.7164344316017573
2762,0.21764525109541763,0.9384023969295114,0.2042388253082653,-0.2904497052109795,0.19604227585837328,0.7991312233530987,0.9037576664684785,0.904050682689334
2763,0.146107265760076,0.9387861714113855,0.13716348063828757,-0.1891129644442893,0.11513308276387532,0.8039395500557125,0.8749329706386125,0.8911220917464323
2764,0.06398629416902246,0.907466969878783,0.05806544848333525,-0.04073899204878374,0.015842618793021006,0.27189697127134205,0.614903583968067,0.7012619080063922
2765,0.3383615885613577,0.8955441973822688,0.30301775725317054,-0.2920041665001708,0.19351811318276485,0.18701717501537238,0.7511444017502209,0.751119476521396
2766,0.10021222819173223,0.9499608035168982,0.0951976888152367,-0.1346669600022498,0.07279237684240118,0.8593464194229669,0.8659512472593015,0.8936175819143747
2767,0.14604686226047328,0.9399707439232096,0.13727977776662761,-0.1885219905757697,0.12065535593699986,0.7852401025705542,0.8756312990354022,0.8851729365085231
2768,0.15926491240121593,0.9471832980675883,0.15085306499462925,-0.22378590781768828,0.14152427951952415,0.9057310034762232,0.916510076431921,0.9242305521026798
2769,0.0631358686344892,0.9031887034506944,0.057023603333217654,-0.03943202655050901,0.017578711832775946,0.2831489925800083,0.5971437196366306,0.6874934789330344
2770,0.07142198961500446,0.9261834077702308,0.06614986173135486,-0.050160637630673965,0.01922629903678416,0.23655999496866154,0.6895670120033013,0.7294947692036352
2771,0.12054424080455242,0.9852740513153031,0.11876911250022884,-0.13882685190178615,-0.11823122644052146,0.13541789172447846,0.9126168084339692,0.7834083192115909
2772,0.1297685039840284,0.949714175226967,0.12324298773162891,-0.17995591558566032,0.10503883595309407,0.8640531085342408,0.9025077301561014,0.9168746433620856
2773,0.13256823394787418,0.948938672325148,0.12579912391498532,-0.18253607380839473,0.11065801531403877,0.8682488586367361,0.8959778797794006,0.903355487851719
2774,0.07090583383304652,0.9102641389692784,0.06454303778193682,-0.04742181666593407,0.02036052731953211,0.28820195568737333,0.6073218776880573,0.639432327699793
2775,0.3995247056682016,0.8929942205356841,0.3567732531229243,-0.3318986736619721,0.22057145328505331,0.20399600488784503,0.7359444971106774,0.7158581549732935
2776,0.20160143342615017,0.9470063267048866,0.19091783292733822,-0.2879423591237626,0.18940042045818603,0.9067582795010337,0.9357114829805545,0.9349227878816979
2777,0.37760849693702836,0.9562852690229404,0.36110144307877434,-0.3521936009955635,-0.06643244167629142,0.3279635730446686,0.6876807235121348,0.32807109575385685
2778,0.12189841819571692,0.9334048925448336,0.11378057993735835,-0.1459802860198973,0.09123263469202547,0.7262669332556931,0.834033898150674,0.8613717402180747
2779,0.13285755982009723,0.9479463305248533,0.12594183631394737,-0.18337563616633917,0.10996811697722243,0.8894719858772324,0.896336611695796,0.9074710438130535
2780,0.3680891672144704,0.9601924542270398,0.35343644084204956,-0.3483498660289601,-1.6859188692693723,0.311254633079618,0.6569228631930778,0.3113777622177497
2781,0.1670339983455628,0.9428530484048401,0.15748851452736287,-0.22609242083790174,0.14707479521200803,0.8442475637823926,0.9029297840021734,0.9082686498949756
2782,0.48708260027858324,0.8888930777301969,0.4329643516704571,-0.38086313575667,0.320405593796538,0.210148644057538,0.7089179883066123,0.6880038179975546
2783,0.24924025923775403,0.9262071968617719,0.23084812185370152,-0.3001299006033675,0.21072343815141986,0.6697172064867217,0.8673578075920645,0.8649185280367115
2784,0.13028725199975358,0.9022852811379306,0.11755626979928606,-0.0918093942957411,0.06764220987198397,0.21806523948455328,0.7053788439440835,0.7307401177934284
2785,0.16672603505273753,0.9428460025035108,0.1571969756627338,-0.22597710071789534,0.14453980873398195,0.8451533468206104,0.9022544722342773,0.9093567439462642
2786,0.20179797650743386,0.9470122283273809,0.1911051514042614,-0.2879903897817467,0.18401156103357982,0.9056726560978565,0.935514730340072,0.9337779581211784
2787,0.16878030313382897,0.9424318567306176,0.1590639344619709,-0.2277248811141598,0.14872422705226163,0.8488423726460455,0.9008513326417853,0.9044885534230152
2788,0.21250244740743862,0.9393265142850775,0.19960918320027735,-0.28561065596544144,0.1834439303715809,0.7892342485528973,0.9086771399209577,0.9088481177209266
2789,0.06656532353214331,0.9072185574881327,0.06038929679356191,-0.044019454092744666,0.014236042388447437,0.280663784426251,0.5920056560581346,0.6598744564964754
2790,0.4013160753085878,0.8944616183336075,0.35896182618381134,-0.33541968811104905,0.2842368842038187,0.20841158882885621,0.739831185624564,0.7097311021346743
2791,0.2432316368952548,0.9270842178677032,0.22549621185171848,-0.2953244706391933,0.20703843969431923,0.6623987013217503,0.8684869881279909,0.8685633727473329
2792,0.12194723694641715,0.9333976535373332,0.11382526482114697,-0.1460254074350807,0.09058065092969277,0.7258198087615435,0.8334575008769635,0.8608306081629788
2793,0.13064557437321617,0.9482501969282261,0.12388469162720345,-0.181552285217958,0.1091697157765379,0.8916179875973829,0.9003558295643178,0.9189312898489068
2794,0.15879976755169334,0.9470879547343489,0.15039734706282326,-0.22344392539216992,0.1412847352463562,0.9081719431339242,0.9170363585052315,0.9267542770359131
2795,0.07165683492676556,0.9264782499783858,0.06638849902193983,-0.0507350008974587,0.019329100003782858,0.2355595590463902,0.6866712571770155,0.7264132308801967
2796,0.10136453493116417,0.8991752051124808,0.09114447648786077,-0.06680146230625059,0.03495419567866219,0.23945172524131803,0.6720045644864361,0.7204841867794064
2797,0.19461875283531413,0.9485967373022026,0.18461471395740278,-0.2803696610041818,0.1773394999394229,0.8805776388630926,0.9355957253044321,0.9357831640477419
2798,0.09310288945026468,0.9979873044832942,0.09291550168207577,-0.11012056940378143,-0.04654687845922771,0.02912041738765125,0.9459219285118682,0.9475961361613111
2799,0.16621733345315218,0.9427678875968335,0.15670436434160676,-0.22563925952082056,0.14447570660644515,0.8481625187889432,0.9038792403954347,0.9127155269501653
2800,0.4871034389716765,0.8902874699065644,0.4336620882648805,-0.384069163331732,0.2947787492588478,0.2216896661673494,0.7245695488710262,0.6838752994466676
2801,0.11152666155733416,0.9403210722069948,0.10487086997525909,-0.14078870533938687,0.08398375541318681,0.7900755320838314,0.8458330823702498,0.8735185053948088
2802,0.09975666244439789,0.9935143029169207,0.09910967094976453,-0.11484670304348794,-0.01181407775433659,0.06447934555724011,0.9493412598426408,0.9088921005787672
2803,0.20053694476128528,0.9471757248039421,0.18994372600423848,-0.2870165113242342,0.1868042950257326,0.9055491641068293,0.9367609421815076,0.9368872877283115
2804,0.23493779927649305,0.9318203721522607,0.21891982755445485,-0.296040526426869,0.20266428306707351,0.7237286464531495,0.8813250470641465,0.8785818867317281
2805,0.23623701856453666,0.9320485671305045,0.2201843746562588,-0.29659348002547836,0.20825102367113554,0.7196837009998314,0.8808745737929736,0.8725995641961319
2806,0.1121188318946581,0.9888707278509011,0.11087103090146339,-0.13574385584038862,-0.002982233019197822,0.08790106488192619,0.8693145512979378,0.800843268282173
2807,0.02056152501286871,0.9819755013971859,0.02019091383400253,-0.012290405101836566,-0.01861879002064871,0.39738383085097284,0.4012750565178044,0.6878174017144755
2808,0.335878164713555,0.8978822918512711,0.30157905631580556,-0.29126962111650906,0.14007688654567865,0.18176042402766,0.7253366354679165,0.7264126773907206
2809,0.023167890651602133,0.9844816103550048,0.02280836229721793,-0.014987763372102239,-0.020800234130705288,0.34464144888942794,0.4701689426559708,0.7161550065014886
2810,0.21414917461472646,0.9415817058151945,0.2016389451326501,-0.2933973087351318,0.1980467559883838,0.8600460896215628,0.9188887100829723,0.9172504263249703
2811,0.22061583316090685,0.9378918646108592,0.20691379512596111,-0.29329006053834444,0.19698084686733028,0.8062241330927921,0.9052052898514675,0.903745934385477
2812,0.21826051575920555,0.9384127823441261,0.20481845786946004,-0.2905192142134362,0.19140215031651658,0.796483912241823,0.9035223980836492,0.9006689792917256
2813,0.20182968744395088,0.9470546753000472,0.1911437491081409,-0.28806764065378354,0.1857133470630308,0.9055209211352541,0.9353997438987833,0.933622551305474
2814,0.18402859321073692,0.9345096568692121,0.17197649749548957,-0.2337345713856312,0.1574076703454893,0.7685741310314085,0.8789963345163256,0.8852001028536838
2815,0.16422275205794634,0.9386931321726616,0.15415476950328807,-0.21415632025518117,0.1404131387468799,0.8017886620464417,0.8857959232697662,0.8945235789939686
2816,0.2080449213485662,0.9403701528469697,0.19563923448758697,-0.2811316129991245,0.17996308188103727,0.7760807424672346,0.9092272637101796,0.9093906487648017
2817,0.022256495584527827,0.979443201323812,0.02179897328555922,-0.013979173018307553,-0.015516124917571858,0.38986909042130435,0.4184508742309968,0.6569719406341783
2818,0.20570797688185755,0.9465866491727595,0.194720424544705,-0.29096669498323763,0.19252656194108272,0.9049325321513744,0.9306708358730229,0.9233837414846051
2819,0.17662258659465063,0.9382193655321003,0.16571073113347157,-0.2308173927494766,0.15484263566767115,0.8055643629312877,0.8886107372324973,0.8936428221016903
2820,0.2111267605369128,0.943160904571013,0.19912650644714233,-0.2925913166800237,0.19491299850810026,0.8762152916479725,0.9234736631461148,0.9211952083501682
2821,0.13120763258414497,0.9487946230027647,0.12448909629275909,-0.18169497692640052,0.10671102103924582,0.8745645560938475,0.8953562031964174,0.9101754291412701
2822,0.14456668933442265,0.9397309904272686,0.13585379815102824,-0.18752703644975793,0.11571255823023253,0.7928078723862115,0.8785259468259291,0.8944247373722772
2823,0.13846076664126858,0.943461265184609,0.13063237007380216,-0.18517263571386813,0.11386217869517268,0.8402269514976323,0.8879109203002774,0.9033528502351141
2824,0.16667858461282348,0.9428166054780662,0.15714733735055086,-0.22590986693296472,0.14664271312267413,0.8456232398609363,0.902753967434289,0.9098625886586067
2825,0.49628041213737173,0.8833966919656664,0.43841247436951175,-0.38245594151291107,0.28699427208414086,0.2050860747202648,0.7175560699975636,0.7179728636432099
2826,0.1628276698418679,0.888784592836517,0.14471872424292337,-0.10854790309087117,0.09197013506443481,0.2295179946766569,0.6855342061976366,0.71283350671566
2827,0.01772468499270742,0.9719656491034582,0.01722778495409119,-0.010085115044389213,-0.018877444613950724,0.5235000333973266,0.22249256246036492,0.530616947414081
2828,0.2182938198183057,0.9384656731306639,0.20486125655605014,-0.2909318420656847,0.18770670667096395,0.7988691280998532,0.906519290361626,0.903398921506423
2829,0.032281517017014885,0.9728728796036378,0.0314058124183171,-0.023727481958839485,-0.0037863524121435317,0.3712717368831154,0.5139364731431576,0.5505723726003525
2830,0.1290542130115398,0.9496086479584828,0.12255099673123436,-0.17945036946787826,0.10527186015403903,0.8672980508534694,0.9023491792197372,0.9205061779495305
2831,0.12980368523218958,0.9496886026763887,0.12327308045040392,-0.17996728174347773,0.10508758507160514,0.8633422197018287,0.9016924110061897,0.916116550783494
2832,0.06987665251110192,0.9154456771854997,0.06396827947748154,-0.04752795978065563,0.02426924728424534,0.2657784675082517,0.632497847215414,0.6783095893376357
2833,0.10078296981037124,0.9499611010916519,0.09573990097234698,-0.13500479903100837,0.07471946530717595,0.8558719711640437,0.8657938719742391,0.8898851395766301
2834,0.2791960601426031,0.9118760506566489,0.2545922006817331,-0.2581231710247459,0.15166510190602223,0.1936237935779024,0.7672704722008571,0.7190872053911724
2835,0.12935038918438757,0.949869976861664,0.12286605118162146,-0.18002572689336338,0.1045383575589698,0.8647702327789296,0.8998807189100229,0.9178288782746418
2836,0.20481733933650276,0.9465628825426016,0.19387249111706623,-0.2908440011090462,0.19015534743976156,0.9110452924205589,0.9333497102690781,0.9296913266093193
2837,0.20396015604060205,0.9465510024766718,0.1930586901655303,-0.2904890143970498,0.18581145838972418,0.9144747172210501,0.9330647508300657,0.9332616069984052
2838,0.021059976011634927,0.9818238413303518,0.020677186546068465,-0.01326815713878789,-0.018302147349595368,0.3879495714821424,0.391197183336958,0.6711507004444175
2839,0.15553595814020477,0.9486703628525325,0.14755235384548435,-0.21978149492534207,0.13329698192460973,0.8829183742843791,0.9191478677101405,0.928509487325001
2840,0.2551736209525249,0.925231384868095,0.23609464269571093,-0.30489483944224943,0.22100916474111004,0.6777941512041495,0.8650507440890545,0.8626319674624794
2841,0.2081503822214493,0.9404118587970364,0.19574708785418674,-0.28115367691314147,0.1813831412954867,0.7747301166103711,0.9075772082973997,0.907797748489312
2842,0.21250609001233844,0.9393411343061049,0.1996157116391452,-0.285713657776117,0.18695005809503903,0.7898187648238073,0.9094243904714878,0.9095314369448755
2843,0.3177418188798782,0.9522222633369058,0.3025608339305828,-0.2941721003219135,-0.33760395465082454,0.26209178934662825,0.5191013864765074,0.2623058194904908
2844,0.1302476385384451,0.9486994842237272,0.1235658675027813,-0.1809729189543335,0.10747776695054898,0.8811763168324507,0.8986678436445847,0.9171918218381041
2845,0.09868916237436899,0.9506619691040485,0.0938200334320468,-0.13319474732174869,0.07248102667346659,0.8539135516835441,0.8706832203246064,0.9052156642633913
2846,0.1581170110023678,0.9329356827496164,0.1475130016138226,-0.19399790452531943,0.12672880930873806,0.7219139304753291,0.8591107564560614,0.8731426233141321
2847,0.14399979458434808,0.9408626080595364,0.13548402229266726,-0.18675846887422648,0.11587168377013253,0.7765048919358408,0.8784725125744963,0.8909244597323608
2848,0.24856480610934215,0.9260137807504731,0.23017443586682024,-0.2997714394048885,0.20991282463191055,0.6718025143842536,0.8681925244794904,0.8682769291374668
2849,0.16060980992091725,0.932195833403993,0.14971979561208637,-0.19611697645905463,0.1307336777569795,0.7285374822714299,0.8554897025067065,0.8668377073618042
2850,0.21912867211324133,0.9386086879605433,0.20567607542674554,-0.29132551377834065,0.19229420121880214,0.7951764427913638,0.90514267786494,0.8988474192131831
2851,0.0664701712690485,0.9068030338806444,0.060275352969339224,-0.04368503104467992,0.01364966181408347,0.28130106809019256,0.5926391918060402,0.6609439668645603
2852,0.09332353940687203,0.9997958499396128,0.09330448740066657,-0.11159512624920578,-0.01433455939969591,0.02731643893250873,0.9544259219269762,0.9542247131730498
2853,0.1605904645775118,0.9322028257283415,0.14970288486418362,-0.19611424848539583,0.1297395809302406,0.7290008760824527,0.8560987829828464,0.867400082234173
2854,0.2012697353179745,0.9469813194536437,0.19059867951750115,-0.2878090019662896,0.1851904981785511,0.9088090988069791,0.9369385031140721,0.937067290173481
2855,0.022307209539578262,0.9688569630305596,0.02161249528820212,-0.014695950971737003,-0.019207095090558027,0.47721284860815394,0.31403432328211156,0.48284643915325537
2856,0.12722373623685737,0.9819232098718055,0.12492393945757892,-0.1522841462297478,-0.04877709668971543,0.1269913374877096,0.8237498242423751,0.7116490778344298
2857,0.13653192055803706,0.8917798121771546,0.12175641047143247,-0.09022988236624485,0.07278690511874247,0.23880436440044656,0.6765052187460033,0.70439145014766
2858,0.23532929972676006,0.9317537353807983,0.21926895406495617,-0.2959633275898388,0.20605965527472353,0.7231954003395987,0.8828526509552809,0.8773822918421368
2859,0.15761091125408527,0.9476220111934369,0.1493555687086266,-0.22215347373030928,0.13777610975550744,0.900479022697641,0.9187091507179986,0.928267948641041
2860,0.14471187377178177,0.9409784602785598,0.13617075616579652,-0.18724544822693912,0.11665679954187962,0.7731874286492647,0.8773906318479109,0.8867172074255125
2861,0.10968713144252074,0.9427838962901495,0.10341126115426945,-0.1387530238371735,0.07737122810022423,0.7599168949484244,0.8545129745965077,0.88416900049652
2862,0.0255462767933033,0.9810857201490538,0.02506308736488503,-0.01672059426945324,-0.01796034106104017,0.35013492908076843,0.5071550492545069,0.6850120121094866
2863,0.1298679942200034,0.9497666838269044,0.12334429420558422,-0.18011663506229672,0.10604324433891014,0.8630726809656196,0.9014870795703934,0.9158334685115108
2864,0.09896217840650465,0.9499082257911298,0.09400498731054809,-0.1338167613917835,0.0718983636392679,0.8674119661250987,0.8672304949373972,0.9022543165774756
2865,0.21858027775561117,0.9386320974181035,0.20516646456398097,-0.2911209272030294,0.19175261369876567,0.7957822218939185,0.9029544038789322,0.8998984897037462
2866,0.20779000468258113,0.9441850688674096,0.1961922198811822,-0.29064816605205307,0.19285688398720355,0.8832836808288278,0.9273274912078459,0.9265480528703474
2867,0.1332750266696188,0.9828995925827195,0.1309959694150194,-0.1669001005449241,-0.03451286815908825,0.11800938661030194,0.7662633192359427,0.6617063453091195
2868,0.5048891161215358,0.8826026388672387,0.44561646622421514,-0.39047155076255163,0.3413485780688422,0.20680463282353448,0.7253372529810977,0.7253302100613481
2869,0.031230985169879787,0.9390784449683857,0.029328344988161427,-0.019095970618670428,-0.008535719147334577,0.3534840909336686,0.48269095992205385,0.6633028747782732
2870,0.1575924259755884,0.9476216193391778,0.14933798989857658,-0.22212838811750488,0.13731396168719573,0.9004758198733942,0.918708770527855,0.9282666360248757
2871,0.14473233542257288,0.9409786792208454,0.136190041826481,-0.18726750715630028,0.11601029434326096,0.773189257189196,0.8773919204472603,0.8867184560224772
2872,0.15820524285002296,0.9477072456634363,0.1499322549509103,-0.22256922258814746,0.13785907026551147,0.8963810600886366,0.9163180126485966,0.9239906165872184
2873,0.1300895466588176,0.9487722296743132,0.12342534924080699,-0.1808854089036412,0.1015159130909087,0.8834109831317866,0.9011665861378166,0.9195276654306805
2874,0.5047613528370702,0.8823218594443396,0.44536197541084427,-0.39035618010209316,0.3541587978663283,0.20732710670430823,0.7271317862558103,0.7271346509572235
2875,0.20897597964275683,0.9426134058506024,0.19698355991202515,-0.28818134875801266,0.187254688867218,0.8451445952269178,0.9203834806354919,0.9187931900448117
2876,0.48877666684979076,0.888153532068592,0.43410872305535514,-0.3816375119574009,0.3156823702180388,0.21160253956624117,0.7138055065448521,0.6927739543451699
2877,0.06671105640707249,0.918515084507248,0.06127511161330998,-0.04525226674990605,0.014554581037221419,0.24157093136902089,0.6532324680436997,0.7292859347726246
2878,0.21414092802365473,0.9415928483390876,0.2016335663637686,-0.2933536215337083,0.19649504574649196,0.859618669654068,0.9184151878994221,0.9167942992254731
2879,0.11377338446035044,0.9025609566037178,0.10268741471457644,-0.07747587148714714,0.061949311663026224,0.2627106439264369,0.6629569676603155,0.6548390751450436
2880,0.13144503033271304,0.9498734012574859,0.12485613804052755,-0.18118049590417026,0.10509883272318707,0.8539700477653748,0.8986113724462759,0.9057956658014154
2881,0.043326844904304634,0.9187969761212492,0.03980857408294946,-0.02692523709770987,0.0019933284425973715,0.33295516254999724,0.5311303779043485,0.6414915841930966
2882,0.2133906630272769,0.9395331865166112,0.20048760960690987,-0.2861443594422767,0.1849033838617651,0.7854256554030301,0.9071103622070416,0.9040400466611039
2883,0.13168540082612198,0.9488223274276077,0.12494604850007848,-0.18186577320596964,0.10536385226906887,0.8739696964738922,0.8984283452401854,0.9094360228254288
2884,0.10376589217941246,0.898132081223624,0.09319547670312188,-0.06829769069356105,0.051568275229220376,0.24699089890221285,0.6639222621571834,0.7028991467825672
2885,0.2285811358906199,0.9138458736873039,0.20888792783639987,-0.21561206122471888,0.11412405394122424,0.15896920222039582,0.7910846495863053,0.7913891674090108
2886,0.13616079982039053,0.9448033093066238,0.1286451742681417,-0.18427158378714042,0.11483395079667577,0.858198315928379,0.8906966767614503,0.9072192948177861
2887,0.5047110944686003,0.8823785058664064,0.4453462214314023,-0.38990481086366685,0.35435214082430166,0.20712605529143222,0.7260649124081342,0.7261794437878786
2888,0.17830430908802528,0.9468105829307515,0.1688204068266981,-0.2525414521214726,0.1631671739444682,0.9124712691355338,0.9262181612745538,0.9311781954219173
2889,0.1570564444439519,0.9481512831597056,0.148913269328034,-0.22119001110938538,0.13816918858805305,0.8878979501638473,0.916781476679608,0.9244535961880417
2890,0.16749713958141899,0.9422433442646659,0.15782306495396178,-0.22695132002725077,0.1458401677213961,0.855196213320819,0.9026172019056529,0.9115640951099336
2891,0.06960589348059727,0.9251431264289868,0.06439541391252279,-0.04849852332795808,0.011692740025018161,0.23207767429807888,0.6854533186681362,0.7404032080838643
2892,0.018442476817669157,0.9765180733582647,0.018009411929944746,-0.010717710645525343,-0.01957817931577357,0.4757629072220809,0.28134223417361404,0.5929321600043551
2893,0.2793805949784808,0.9113886070898849,0.2546242913053809,-0.25753080057098626,0.09841320758478474,0.19513916183361746,0.7745110160692963,0.7255683250740218
2894,0.2182878783933272,0.9384262758825426,0.20484708079095137,-0.2906413233399545,0.19140800272814384,0.7970795549997087,0.9042705570505972,0.901350202113584
2895,0.13099544897424636,0.9488912883167815,0.12430044034080784,-0.18158331234907582,0.10989082909045568,0.8774883078170557,0.8986448242501214,0.9132335113811042
2896,0.024611303858849815,0.9778202677488058,0.024065431728907745,-0.017145312586643435,-0.014571599630750094,0.3719526334664935,0.4202561348219475,0.6116397511729789
2897,0.24054315548775973,0.930745668927703,0.22388450016043543,-0.30082393126286133,0.21322809622678737,0.7342112934101536,0.8797454651894155,0.8770228461879518
2898,0.3997169667884744,0.8935960068391043,0.35718548538801964,-0.3330455211405626,0.23477265373392342,0.2029844437264269,0.7330469035227202,0.7128097896080031
2899,0.11033070224114612,0.9410352202057468,0.10382507667895162,-0.13955516745455393,0.08163777126805705,0.7837255793756063,0.8513364275787919,0.8818407822338852
2900,0.018300344042437612,0.9784268375534696,0.017905547747582712,-0.010474611183253385,-0.01910505669659788,0.457451482606808,0.2958385219621867,0.6295696856576921
2901,0.04255417733474701,0.9181994871051914,0.03907322380294807,-0.026813958662926927,-0.0003251492498435757,0.3275435288589058,0.5152076670512177,0.6420995708887137
2902,0.11083394227879721,0.9401447393574646,0.10419994777566007,-0.14019471047384807,0.0813220807699272,0.7943099030809644,0.8474995177357976,0.878488680084888
2903,0.2228788114615236,0.9372913076962902,0.2089023726525664,-0.2956971123186777,0.2029841130815733,0.815112962766624,0.9054912105843558,0.9056329208101701
2904,0.11205366145317876,0.9404003380796012,0.10537530111362649,-0.1411020385339569,0.08140725573828128,0.787998074275916,0.8464835570790114,0.8709406040735711
2905,0.15867430962655038,0.9330479344636161,0.1480507368494931,-0.19431500393733492,0.12461847609989714,0.7203897456879189,0.8596277112143134,0.870796418204959
2906,0.15879401900366555,0.9330965163017422,0.14817014594187297,-0.19447138955981028,0.12813973623865335,0.7193028665358441,0.8582689134025763,0.8694705567680504
2907,0.3293760136982544,0.9580697101268423,0.3155651819666214,-0.3100137550575839,-0.2208667159633337,0.25217732755609673,0.5102376216631312,0.2523855863835039
2908,0.13212433482558686,0.9478258077439631,0.12523085437869572,-0.18287242918182056,0.10992441544329701,0.8929985187442443,0.8961276069450669,0.911131810956908
2909,0.13911875431592052,0.9429651512084111,0.13118413719943778,-0.18589795824244235,0.11678709883664042,0.8473556190026503,0.8869343801107005,0.9025124094977179
2910,0.22716244593920837,0.9348825230304944,0.2123702005974254,-0.2936537569988624,0.19797118365297614,0.7586786009644897,0.8942143807059627,0.8898062685702068
2911,0.021647798525295286,0.9690375625035818,0.020977529916520774,-0.013486950484234922,-0.013349030946406685,0.49185579214696146,0.3243535545484622,0.497674645499811
2912,0.1461496950311984,0.9387734017732049,0.13720144637255458,-0.18913912149946965,0.12058482447208532,0.8033474121371945,0.8742197602774101,0.8904589772348102
2913,0.08560911536155061,0.8990417952809583,0.07696617276706312,-0.0548718448782609,0.038470873806875555,0.26533252854646466,0.6380988873598292,0.6887666344343873
2914,0.03603370004267349,0.9343743091627639,0.0336689635839513,-0.022530981992641117,-0.007848633637145138,0.32734482023700096,0.5264233397956087,0.6771825518368174
2915,0.024088082431401803,0.9791984633127818,0.023587013300980262,-0.016354682784745975,-0.027655279770672586,0.37917949883212976,0.4305420839037411,0.6247835457945107
2916,0.2175178937983717,0.9383811097120102,0.2041146825647352,-0.2906260311060401,0.19340130022092583,0.8017762869264973,0.9069653239954171,0.9070700155907703
2917,0.17498884451493335,0.9272972695170927,0.16226667771464875,-0.2031770714895013,0.13994757759820836,0.6681733789802524,0.8416880240159837,0.8443188190880274
2918,0.13117084994557823,0.9477167244613011,0.12431280825522824,-0.18217540853663472,0.10856074833091273,0.8999752787599314,0.899524104185356,0.9183172230439384
2919,0.13003173480831812,0.9486921122797247,0.12336008115870033,-0.18074312284302113,0.10458928596736616,0.8836944338167513,0.9013806788765703,0.9198210312495954
2920,0.03267612206056931,0.9253071469368067,0.030235449276824238,-0.019434639352676905,-0.005321749149349971,0.36387804661288076,0.45786184993258516,0.6446667559476943
2921,0.2127070694754457,0.9394581162786995,0.1998293828085647,-0.2859123389160346,0.18296326209871622,0.7881887639197099,0.9075546185164157,0.9076530126578691
2922,0.10971827212037359,0.9428491213644079,0.10344777646631524,-0.13884493029496114,0.0761667506039312,0.7597121570987506,0.8543521651937678,0.8839401407062359
2923,0.4011268657083579,0.8889486988427009,0.3565812053422956,-0.3307297185512437,0.2400813104676164,0.1972467490454674,0.7424613169301953,0.7424598013140639
2924,0.10035229027249518,0.9490913181975555,0.09524348745886618,-0.13501970512936387,0.07672167834955956,0.8748785771462745,0.8643365442922047,0.8924533615290302
2925,0.20682416436630396,0.9467818066034258,0.19581735598797315,-0.29173252185115073,0.18901829786784058,0.90008795564907,0.9294960757505246,0.9183734087974863
2926,0.15767540893298382,0.9475862911652718,0.1494110559587737,-0.22213844528054433,0.14001442614636442,0.8992967491627964,0.9173891944439696,0.9270458629215483
2927,0.1432258782545441,0.9406750165441029,0.13472900539663693,-0.18612042038629853,0.11188432549093615,0.7800949309679374,0.879749026259547,0.8954419601853768
2928,0.1744368324126823,0.9385869103240712,0.16372412758093727,-0.2290031639911183,0.14985701584809474,0.8028754198787674,0.8907590547779553,0.8990033181976641
2929,0.17583235721282628,0.9442939041943803,0.16603742307620062,-0.2423562249111128,0.15634500965454573,0.8614360484085917,0.9134349763968291,0.9171732998925332
2930,0.07007617643018627,0.9257558151296627,0.06487342783229715,-0.04965262456211182,0.01737482902962218,0.23006330054873358,0.6795518335287839,0.7339876919009338
2931,0.03198097576062594,0.9849481452428959,0.03149960275848653,-0.023282291476867154,-0.021186430549343566,0.2625902400709779,0.6152744294826917,0.7456273969334486
2932,0.1476082552874526,0.938975557969167,0.13860054386939105,-0.1900317546347089,0.12395545919252485,0.7963095514153522,0.872237515439122,0.8820424871168756
2933,0.15813933023314872,0.9476784486201302,0.14986523514117683,-0.22248677246717524,0.14044457463706828,0.8969181122430466,0.9168657188905251,0.9245453502286475
2934,0.10725089276250202,0.989804737366598,0.10615744174312149,-0.1237864698808878,-0.024792056082155248,0.09243976052894969,0.9288021992643359,0.8543241301998166
2935,0.021989775982990414,0.9802133378206516,0.021554671714215434,-0.013573844825798941,-0.0243652827706801,0.3941126984165649,0.42413040102062316,0.664841597858918
2936,0.19989092332558064,0.9475558307936107,0.1894078099198725,-0.28556425988342143,0.18333545484103322,0.8941074099741302,0.9347379962758227,0.9311893634648157
2937,0.49928391800614336,0.883393239945861,0.44106403798031063,-0.3851508602570878,0.3500487257840876,0.20504177882388308,0.7175450492195974,0.7179699171147824
2938,0.025633274058725647,0.9676916230519166,0.024805104578022808,-0.018069130538139105,-0.009478364155438856,0.4543793508646882,0.36111376375547116,0.4592222894022681
2939,0.34157520702219324,0.8985567494331717,0.30692470770882463,-0.2967575375649617,0.21475372698044706,0.19516296288925328,0.7505719417862845,0.7310563474987868
2940,0.22373130120362772,0.9374594318235429,0.2097390185074948,-0.29588864401525905,0.20521552064137352,0.8098401443357623,0.902474487555779,0.8994358968764217
2941,0.1328583630278977,0.9479470476419287,0.1259426929868352,-0.18337425845622515,0.10966183211979703,0.8894733871154957,0.8963368555813173,0.9074714539522216
2942,0.04261537317327247,0.9228791256768811,0.03932883833454372,-0.027043058466124967,-0.0017785097302864196,0.3071243317225044,0.5442112018076637,0.6800756755103027
2943,0.2119445498356189,0.942153989667513,0.19968440321591335,-0.29091508318697545,0.19148964008415054,0.8503018073726453,0.9188575543712264,0.9155101399908809
2944,0.09066749986207294,0.9423164169484629,0.08543747360370382,-0.11216384135662151,0.06046817243373199,0.7728147019260952,0.8233455265249846,0.8673605670038045
2945,0.2155519923419082,0.938994422686157,0.20240211860794102,-0.28850917261891507,0.19136915996548298,0.7930924744779873,0.9065740776239849,0.9050702364579213
2946,0.22055100310860581,0.9378609399545428,0.20684617108335435,-0.29323024139926573,0.19798596103459884,0.8066483993690104,0.9056811785439938,0.904222748502624
2947,0.1270902907016485,0.9818953942785822,0.12478937109747482,-0.15200586600637497,-0.12546793344966262,0.12692881900676445,0.8237229066256637,0.7115873668435834
2948,0.3773294689199673,0.8912376588087499,0.3362902324797807,-0.3164197889155973,0.24784951142498707,0.1936906766157192,0.745481903746423,0.74547168567756
2949,0.2050324757009121,0.9467263552159197,0.19410964842122114,-0.29105857289511916,0.19135820160075379,0.9086385103845269,0.9309382155936544,0.9272381647706326
2950,0.4014252040671947,0.8907711962778774,0.3575780092430261,-0.33234814314567473,0.2014320882409412,0.20141202422606297,0.742372615765213,0.7317661244083888
2951,0.01634426818275332,0.9755518789064487,0.01594468153503589,-0.009764947842829972,-0.0260303931641014,0.5232449796248434,0.14582162842043106,0.5310484529818605
2952,0.21709466961001664,0.9400630646205165,0.20408268042637073,-0.29415600108980566,0.19974670122895405,0.8446756748163258,0.914551977640643,0.9135362402902787
2953,0.017261241490878248,0.9723004449026404,0.01678311278115284,-0.009707931538123998,-0.021339038210613913,0.5274501526423933,0.20587859045474835,0.5347955865297404
2954,0.16622704134448185,0.9427679916803705,0.15671353393130708,-0.2256555918638631,0.14386504151679713,0.8481635445514918,0.9038793861061765,0.9127165276153778
2955,0.07737265325727574,0.9425884930696782,0.07293057263857827,-0.0938041082914172,0.04654431942904969,0.7776000066180827,0.7990277125596859,0.8564658709316457
2956,0.14616013202583492,0.9400271000541582,0.1373944850517785,-0.1886914138953186,0.11613898732743506,0.7844642910155377,0.8747657107305993,0.8842952351966619
2957,0.2677623476222489,0.9055468497958019,0.2424713503832559,-0.243983572247765,0.1202079847190645,0.17184511762269497,0.7749115106946428,0.7748809317417608
2958,0.1446649943643793,0.9396897495138409,0.13594021231768477,-0.1875635266272999,0.11819293399197622,0.7910864587559164,0.8764130801238569,0.8924595834690677
2959,0.20129377093339929,0.9469450960364536,0.1906141492480677,-0.287662135632521,0.18630609274073653,0.907585268496687,0.9355591872066958,0.9358015366917906
2960,0.16042985102181798,0.8923805054439574,0.1431644715431487,-0.10903780497663089,0.09200497006741888,0.22653164971404358,0.6975953278040777,0.718544914616364
2961,0.08159971372689372,0.9502406807887399,0.07753936752400978,-0.10752685534014671,0.05438331532703773,0.8630889789878701,0.8331146528757405,0.8803642661666785
2962,0.18245611370085674,0.9469600054707283,0.17277864242833113,-0.25865403633906237,0.16863831823760894,0.9082667549470822,0.9282140658486266,0.9306718739202757
2963,0.017391382561043306,0.9759123977853429,0.01697246585594997,-0.009858917815983345,-0.017198473657656827,0.4999150628053331,0.2347779743121035,0.5781109566633464
2964,0.10430990334430179,0.9062687652134305,0.09453280730337267,-0.07166215603136948,0.046014712406550695,0.23488860074567441,0.6897981092310616,0.7164347024966679
2965,0.029249681914345516,0.9742950873351219,0.0284978213952618,-0.0205679846833832,-0.011785580263286136,0.3780999018561239,0.49779912198802956,0.5776155501271407
2966,0.22097859188522123,0.937935895417025,0.2072637534478583,-0.2934228113682838,0.19977522380173565,0.8047426935594575,0.9049874907744716,0.901908709349177
2967,0.15880911609581205,0.9330964942409833,0.14818422948251153,-0.19448822434032145,0.1265611666962667,0.719303760819865,0.8582691074911107,0.8694714669586247
2968,0.06536503943632181,0.9085649149471834,0.05938838149598101,-0.042177980339260755,0.020952530584111763,0.27273379144324095,0.6149392246838359,0.6910735807755418
2969,0.1662221586673454,0.9427201932641699,0.15670098554366738,-0.2255822640982407,0.14410555505257208,0.8479546327659968,0.9035804517196153,0.9124856232688644
2970,0.17828531055187793,0.9436840484334685,0.16824500363781436,-0.24478699561568065,0.15859312567140227,0.8694480052137662,0.9111508099287366,0.9137279200561276
2971,0.11801602011738406,0.9485080483911493,0.11193914492043057,-0.16234598884196244,0.09679499611439726,0.8880831498040925,0.8889943059110516,0.9121230563565139
2972,0.11160012242043049,0.9412454864732687,0.10504311151809444,-0.14052181346448628,0.08110221037942282,0.7765861987251009,0.8489843930154279,0.8731332628006285
2973,0.19436055611185743,0.9485070353411567,0.1843523548649164,-0.28021644175827953,0.17312288377373042,0.8834585298175555,0.938726849970887,0.9388508604258666
2974,0.13295924503923104,0.9480018826226265,0.12604561460927416,-0.18353231274567575,0.10470712318611042,0.8884321278478899,0.8952925288821716,0.906409296554483
2975,0.06638922460370399,0.9063862139775036,0.060174277937453384,-0.04335608364100444,0.014502486266238951,0.2819534678272418,0.5932852587602574,0.662020929424319
2976,0.1302572872699434,0.9488032485005509,0.12358853730259176,-0.18109050344880087,0.10464893335561185,0.881638808572345,0.899289126202874,0.9176784236578496
2977,0.15400745675412186,0.9444252449234147,0.14544853006504374,-0.2098566205173026,0.13374282146012623,0.8601756830392978,0.9010929769066226,0.9095295833063403
2978,0.2210147297405514,0.9379729934787783,0.20730584765764815,-0.29350796389462924,0.20105991959123276,0.8046221266003335,0.9048910607415022,0.9017781369699085
2979,0.10376450307876325,0.9937584316597666,0.10311684984150679,-0.12336168012455836,-0.004942769781119961,0.07180796726389842,0.928990767799136,0.875402486371023
2980,0.2251688513773237,0.9336870670141941,0.21023724442544836,-0.28688533213124684,0.19156557635959032,0.7040371912013552,0.8867569075647809,0.8813823472185602
2981,0.2150727325883734,0.9417211616683923,0.20253854357631848,-0.29375006561628003,0.19749517183837464,0.8550202205872607,0.9167997586984657,0.9116792319979509
2982,0.20401959028523337,0.946612585811531,0.19312751191611388,-0.2905319996867916,0.19317896317116046,0.9133324374400265,0.9319068742453795,0.9320981365781323
2983,0.1766190550314981,0.9439628136913093,0.16672182013903317,-0.24337176594571436,0.1583385852586829,0.867696052670861,0.9130200835409017,0.9179540150206223
2984,0.21909400072709195,0.93859494129722,0.20564052075101794,-0.2911578298227133,0.19122491016912999,0.7945881663130847,0.9044022838987105,0.8981737069014537
2985,0.09517488751573824,0.9979190916830276,0.09497683730073983,-0.11592853788427704,-0.08897307120721466,0.028242097405888966,0.9188428028807997,0.9203432468855939
2986,0.21840332733648496,0.9385130883593813,0.20497438124652936,-0.2909577497530258,0.19545936969594932,0.79744182776022,0.9048292617437255,0.9017755098675487
2987,0.4874292199206,0.888895895305026,0.43327383283915216,-0.3811321370569302,0.26939330948659435,0.21016226552301479,0.7089206609928315,0.6880127642054521
2988,0.028681260487183922,0.9821398558353966,0.028169009040060273,-0.02069245131610118,-0.019289976959795282,0.30500299717878987,0.5330235431791424,0.687119140816572
2989,0.16014909108035713,0.9334108108081116,0.14948489295549827,-0.19543271022775233,0.12964396966001038,0.7141937990224198,0.8566252435458479,0.8622837019687252
2990,0.10108080132351491,0.9490281200559314,0.09592852285380246,-0.13550271766454325,0.07832604532079557,0.8691324909241546,0.8619145433723342,0.8865251179349413
2991,0.2397466882408709,0.9304928201068539,0.22308257205252668,-0.30034882896893095,0.2114128473659585,0.7372586630349348,0.8809520423951832,0.8811560506148727
2992,0.4793378448497716,0.897017132025737,0.4299742588585398,-0.3857703281276801,0.19704794596749178,0.23329663707509754,0.7251107071028761,0.6508260206081005
2993,0.21912000959778205,0.9386085768150716,0.20566792036027903,-0.2913144220736829,0.19228705930626575,0.7951776518707212,0.9051447112753167,0.8988488860436228
2994,0.20120301214196454,0.9472317511727996,0.19058588153247513,-0.2873012524888023,0.18657280220454958,0.9019476210566182,0.9354816136191655,0.9330821408403199
2995,0.13212382475527706,0.9479296449467435,0.12524409028927552,-0.1829823732364715,0.11293005454807488,0.8934684481853918,0.8967497544460264,0.911614669729449
2996,0.19543398976507687,0.9486075327949276,0.1853901548553187,-0.2806306974528508,0.16736164128301256,0.876615966296077,0.9348499333209969,0.9313673194916484
2997,0.1461483982998761,0.9400266181015298,0.1373833845947879,-0.18867948322939027,0.11738460337676203,0.7844617952414379,0.8747660065804619,0.8842941211181629
2998,0.2022769843539559,0.9470549519289682,0.19156741969367236,-0.28817955454129,0.1859320246088912,0.902970396432874,0.9345622374132326,0.9309395743000352
2999,0.22287138103404616,0.937316181320605,0.20890095179648166,-0.2956220310542771,0.19998499165102784,0.814360110804457,0.9046211562649197,0.90479414951943
3000,0.1456523541994468,0.9393071510415805,0.13681229786558158,-0.18850778204455937,0.120505874034164,0.7972238457013939,0.8769877764475521,0.8913807319775693
3001,0.16925879938190574,0.947601610098383,0.16038991081761308,-0.23984807117922394,0.1513826049576386,0.9000229733728085,0.9245603161784481,0.9309996889787648
3002,0.12575358341922493,0.9395143988862765,0.11814730233390834,-0.16090727691492676,0.09929520882652693,0.7989208877689321,0.8608658399789079,0.8845630487012353
3003,0.10021014738768438,0.9499608253737827,0.09519571432323307,-0.13466374444994256,0.07477119221119673,0.8593459694770855,0.8659516479302615,0.8936175765217594
3004,0.15323042730459696,0.8971346131558408,0.1374683201236138,-0.10748052984673896,0.08212044951052344,0.21459998910926747,0.711652738246265,0.7368366082601784
3005,0.1125645913549244,0.9488382329396042,0.10680558795277513,-0.15404082537924124,0.08963513590774663,0.8821161193450439,0.8836128469689484,0.9088971718432385
3006,0.15954252448553802,0.9478334587691237,0.15121974280388512,-0.22336606487131042,0.1418721953495874,0.8890565564971203,0.9142526442816713,0.916290191408907
3007,0.2347742654076041,0.9317029854456013,0.2187398839860627,-0.2958807408158474,0.2002862072939081,0.7250510594887369,0.8829280168452815,0.8801877277510874
3008,0.13060732845120968,0.9482619816426598,0.12384996409419784,-0.18152600687256942,0.11051610017422951,0.8919975140072556,0.900777008639421,0.9193244408018342
3009,0.2171454249593968,0.9400737991927433,0.20413272461890286,-0.294134290167095,0.2001390350553514,0.8439071355972604,0.9136704602893996,0.9127004546763939
3010,0.018927257833079796,0.970486849423591,0.018368654822653593,-0.011261130503108698,-0.02804302978358444,0.5087263716564925,0.24905398776049734,0.515418231268973
3011,0.17732098972809746,0.9435582563505779,0.16731268388220236,-0.2442477909171496,0.15699966671685409,0.8748380196927811,0.9133742347715367,0.9195590756397555
3012,0.24128634432047952,0.9309349149006109,0.22462188241666511,-0.30127158723739983,0.21153937143040125,0.7318818648313679,0.8793607843724733,0.8737541864576297
3013,0.3548690298149411,0.9518575174496626,0.33778475373942013,-0.3222812951018869,0.3514547368493655,0.31805365459988494,0.6523888787450135,0.3181874520272678
3014,0.017415105961392494,0.9772909803883746,0.017019625978576695,-0.009708772065662433,-0.019121061570083073,0.4845334026186079,0.2542570677814578,0.6089237315960869
3015,0.22620897018988004,0.937923476276807,0.21216670368548893,-0.29705440613346407,0.20633602438750162,0.7991153872240099,0.899196681922953,0.8865794090788258
3016,0.03465363585750953,0.9271096265075056,0.032127719396982765,-0.02126225146169137,-0.0016824507318144632,0.36220277801991957,0.4732051706645771,0.6254968418054412
3017,0.10136125608035448,0.8991753959376856,0.09114154756879389,-0.06680138320523228,0.044186259823859105,0.23945232422616924,0.672004483943122,0.7204853785081403
3018,0.11228921987364199,0.9488094010079329,0.10654106744795833,-0.1538973466964958,0.09017103855080083,0.8833074165890906,0.8829570415029466,0.9101706121988077
3019,0.18217522684519438,0.9445478496386805,0.17207321877406717,-0.2533066330076015,0.166088712633548,0.8799780960132809,0.918171319537794,0.9229069083165006
3020,0.0989386261060709,0.9498331576111672,0.09397518764403999,-0.13372920410036662,0.07319246345525231,0.8676846601231454,0.8674281801590348,0.9025336398729225
3021,0.20704114572272256,0.9432197936112597,0.19528530673762512,-0.2859829997163785,0.1857358853358189,0.8355764150239057,0.9201805991287108,0.9168560967480613
3022,0.04941657309827191,0.9139523892883068,0.04516439505360588,-0.03087321872685991,0.00841830209178931,0.2978145270710659,0.5681968059304214,0.6851219023337242
3023,0.3382921611361621,0.8989136108580409,0.30409542809187773,-0.292651517299138,0.17457626105344332,0.19344188645738825,0.7394596286284629,0.7213848469690585
3024,0.2228575405943621,0.9372601843835052,0.20887549958872634,-0.2956738532295801,0.20143734767940238,0.815551052197164,0.9059745265739694,0.9061186494888336
3025,0.04371305551784217,0.9233660749205539,0.04036315249629419,-0.027705856625285206,0.0017768026767971956,0.31040342067758153,0.5535205664101341,0.6727228868894831
3026,0.028908080321524532,0.9740030579444354,0.028156558632468253,-0.019829235166431,-0.02377150266337072,0.38290735514922947,0.5040905377424414,0.5849799575768518
3027,0.2082671176899549,0.9439165149804571,0.19658677191492696,-0.28932464621557624,0.19238331855702917,0.862914353704042,0.9236317698100172,0.9190159784691426
3028,0.0814841202696777,0.9500454630548146,0.07741361877322016,-0.1072462460090707,0.05483206695243109,0.8645379158712787,0.8343722816381636,0.8818397979304433
3029,0.16743684032673337,0.9422221081858105,0.15776269268062565,-0.22689132239386953,0.14645226895760133,0.8560266788573024,0.9035282558281258,0.9124518095494558
3030,0.1109408677992761,0.9406795280827864,0.10435980316651784,-0.14019106199611905,0.0840425542953594,0.7868965245389664,0.8485939026748676,0.8776934134806338
3031,0.16071711078681336,0.9335182072982116,0.15003234914385408,-0.19576824931809192,0.12848833753761274,0.7127447458035299,0.8571461167329457,0.860045539627409
3032,0.2146621797210782,0.9416883854303345,0.20214488143449844,-0.293602663830179,0.19837159776627908,0.8568208508717842,0.9170828782233817,0.9137038254971609
3033,0.2552504531872001,0.9252914669278919,0.2361810662635936,-0.30505953193312346,0.21814844876930084,0.6776255549292705,0.8649042372930299,0.8624326424810371
3034,0.33780663018047435,0.8976290346730352,0.3032250393550502,-0.2936390765860213,0.12868927526189822,0.1828225556808174,0.7327904870077173,0.73307824824458
3035,0.0711209739594342,0.9103153783872262,0.06474251632115041,-0.04775255097048262,0.018245077458359956,0.2873476058854135,0.6048902639156051,0.6371881484023474
3036,0.21779793241940978,0.9385623386094116,0.20441693679585585,-0.2908830032241153,0.19073124363016797,0.7992539161634474,0.9041245711162242,0.9042156852700902
3037,0.0659555414644338,0.9062445868332761,0.05977185242380082,-0.04268118565136772,0.01396859043951205,0.2837445734464037,0.5984628472839087,0.6671165924729611
3038,0.14398381889034575,0.9408621899647764,0.13546893116066247,-0.18674115512150366,0.11396695361873851,0.7765051497367013,0.8784725705338969,0.890924403800475
3039,0.14461509627882874,0.939703252400919,0.1358952763194874,-0.18753335822569903,0.11647750342565082,0.7916572534329525,0.877115549536459,0.8931120975490109
3040,0.20696315986898414,0.944492143606527,0.1954750785122372,-0.28954086807906765,0.19208665603521966,0.8772073160107282,0.9272751706756402,0.9246612998894796
3041,0.1035427773167107,0.9062064658529888,0.09383113429677942,-0.07222669471685417,0.04446591505220279,0.22924422672688946,0.6792909586575098,0.7151136935294249
3042,0.20628622019003043,0.9431780260278287,0.19456462995557494,-0.2856186665689908,0.18603658459406966,0.8378143515357913,0.9194316319756816,0.9196075820199737
3043,0.13019642654230162,0.9488276558027975,0.12353397019003316,-0.18105162317279946,0.109036518360114,0.8823802145266442,0.9001194621547335,0.9184545143292079
3044,0.49528188343681784,0.8869227137100026,0.43927675210918365,-0.3869236794302712,0.3207026727938761,0.21417796983615542,0.7232538406553739,0.7017747991736619
3045,0.21254132690174887,0.9393137037551225,0.19964298097310998,-0.2855607466077086,0.18555335956460037,0.788652394761704,0.9079324642158935,0.908167351219498
3046,0.3374343701789373,0.8955453232195255,0.30218777210727343,-0.2910566970255593,0.2034620208481932,0.1870591556371033,0.7511565894216096,0.7511252118161527
3047,0.13373334443584628,0.9479954710083139,0.12677860484797718,-0.18394284965516378,0.11091391687102843,0.8837675177632645,0.8940685705105609,0.9015840309769341
3048,0.14855098599726416,0.9473635536087349,0.1407317899864496,-0.20792224812002735,0.13013996990725105,0.9037907458848105,0.9107781483601146,0.9222360334675908
3049,0.09099093917415198,0.9414745429710277,0.08566565287348932,-0.11233951524640673,0.06182772128633932,0.7833870402516414,0.8228435591655604,0.8643100268380546
3050,0.029928442364315,0.9883003439840574,0.029578289883559553,-0.022018292821858236,-0.023254391290521297,0.250689821978302,0.5962094892502989,0.7697928348234616
3051,0.19992979944515354,0.9476135031972566,0.18945617764574688,-0.285579166547335,0.18049885063434248,0.8930159654958495,0.933603462877372,0.9300550842526346
3052,0.20409236523537488,0.9465657088086675,0.19318683436146009,-0.29035466605022203,0.19157746747591325,0.9116910542509369,0.9300755941052736,0.930417505261143
3053,0.09289325755405904,0.9997936184205793,0.0928740860968475,-0.11038706469583716,-0.06197923889431522,0.02749699602352943,0.9591109384241026,0.9589358006952392
3054,0.16633239469398445,0.9428273679691943,0.15682273389734253,-0.2257997455533868,0.1438705837367098,0.8472168038900604,0.9028744508814168,0.9116971006790704
3055,0.16873016101002533,0.9284608374226215,0.1566593465898219,-0.19844202369368977,0.1322063202677804,0.6591720057052006,0.847006708215382,0.8593887809133612
3056,0.07162822019385812,0.9165475969917414,0.06565067309547598,-0.04869227787374756,0.01969371118436298,0.2708622209639129,0.6417794311069809,0.6714912409549408
3057,0.2397296593132065,0.9304930021429092,0.22306677039704234,-0.30031222189260437,0.21139878793327352,0.7372583457849993,0.8809523686846373,0.8811556720745954
3058,0.2209609036605837,0.9357067572788813,0.20675461064965608,-0.2884206199423825,0.19231052217643058,0.7513723451623571,0.8967591479312418,0.8968551979006004
3059,0.1387526059245759,0.942890740194183,0.13082854730409516,-0.18563830011672175,0.11640404275281038,0.8488584566384841,0.8868032030135868,0.9042091611977614
3060,0.12916556420661798,0.9496619407660769,0.12266362038460216,-0.17962315590690614,0.10431777816931889,0.8663107530420467,0.9013231277191104,0.9194552517979799
3061,0.16672266503947133,0.9428461207407055,0.1571938179720176,-0.2259737545090636,0.1460207813748343,0.8451528393646102,0.9022536253251692,0.9093563208378849
3062,0.16256348886935093,0.9448296981026417,0.15359481211094098,-0.224559084597731,0.14313131338424684,0.8774922591595696,0.9108599528248562,0.920090503147088
3063,0.21425640242823968,0.9396509995343293,0.20132624269832491,-0.2864861127984097,0.18879356097402605,0.7813403307692613,0.9050246747359294,0.8989003093753312
3064,0.42964090197135985,0.8868225473154236,0.3810152391171376,-0.3479054489184695,0.2768308453170114,0.20047550846710177,0.7375513693313889,0.737549755517066
3065,0.37924804257981004,0.9588513424516051,0.3636424947497944,-0.35995486601267673,0.09470951886791369,0.32294500508555,0.6823341473177803,0.3231152062310757
3066,0.043879489548630336,0.9236710799828598,0.04053021550047999,-0.028066284251564984,-0.00024575726882962613,0.3090861296602276,0.5511969300850148,0.6698844695894518
3067,0.2018830358237788,0.9470725071815181,0.19119787289504245,-0.2880559646460844,0.1873569671676551,0.9045592993501517,0.9343706133136306,0.9326303429888074
3068,0.20438422802085351,0.9465479523037647,0.19345947251632462,-0.2907081416481556,0.19240841195094877,0.9132446754014845,0.9337282990309957,0.9319709456107599
3069,0.13014022180452398,0.948747880608007,0.12347025961889807,-0.18091246656538926,0.10907170376668739,0.8826630158714842,0.9003327550881014,0.9187478507519504
3070,0.22296343904167407,0.9373787468402139,0.20900118908006887,-0.2957084662327799,0.19995026575356767,0.8134928549834389,0.9036612532463388,0.9038295129034681
3071,0.3399095886200311,0.898553322552065,0.3054268902218345,-0.29526137276034625,0.16300645228866079,0.1951879096352505,0.7505608378991857,0.7310449896785591
3072,0.19993457054777308,0.9476094826715479,0.18945989496493335,-0.2857185347407904,0.18330024366669745,0.8943509130908731,0.9350725856320556,0.9314461280475237
3073,0.3383408564957844,0.8989106770896078,0.3041382083997034,-0.2927772934929215,0.18859248833577702,0.1934309165250619,0.7394650994687861,0.7213867965508344
3074,0.20079468479968463,0.9476582902857427,0.19028474769573372,-0.2860093210600463,0.1826859377522464,0.8896890931629845,0.9337625085927229,0.9264539809211804
3075,0.20871005817740806,0.9434238834753434,0.1969020536060952,-0.29055722592014877,0.19180330208331742,0.8747744105084929,0.9257419705853234,0.9258644052871854
3076,0.13075007592501262,0.8980989663937152,0.11742650804415361,-0.08989779822762396,0.06418321407254007,0.2222424546515409,0.694917772941944,0.7280772490136613
3077,0.30156209069226536,0.9031412241803939,0.2723531557542115,-0.26969248478309843,0.18490040898395674,0.18773925591942295,0.7647622822669357,0.7461408704188118
3078,0.0695108385881098,0.9146904515689034,0.06358090033709131,-0.04657443340327433,0.01594522941827288,0.26764726041115433,0.6361745126397136,0.6825915072248812
3079,0.06569380723813802,0.9057500761738685,0.05950217091009494,-0.0420256398002382,0.011426486095443169,0.28530321819920784,0.6017292644230777,0.670796084902465
3080,0.11149900799358953,0.9402529889120147,0.10483727552669717,-0.14070259634786755,0.08453094650434619,0.7902962172529823,0.8459991719916016,0.8737559571968158
3081,0.16142648996825187,0.9324121367516599,0.1505160184396181,-0.19676156820139443,0.13060724121946504,0.7247665690301407,0.8533141979869137,0.8618711017622267
3082,0.21048741121740563,0.9430622715756675,0.1985027361607682,-0.2922084177628597,0.1953476402471745,0.878756824053724,0.9237582898956235,0.9239765724071265
3083,0.15701347869298457,0.9481880118300451,0.14887829819242018,-0.22122667214154373,0.13686313017357596,0.8890492297735776,0.9180815966731406,0.9256557225053956
3084,0.10407784931210581,0.9012661744578916,0.09380184509532652,-0.07050842764238079,0.04360371419392671,0.2394884940522112,0.6648228034543155,0.7027925958702375
3085,0.12906047590608916,0.9497111789438695,0.1225701767278288,-0.17955879351538725,0.1025129688429017,0.8677455766512,0.902964027232396,0.9209877645972041
3086,0.11011080467640338,0.9886864061658985,0.10886505575554847,-0.13061671473879663,-0.09730755833171394,0.0899678538079661,0.8896107332992205,0.8196422108482346
3087,0.04371967518186518,0.923366197363185,0.040369270222632474,-0.02770842385330978,0.001776286556619225,0.31039786459344476,0.5535193096800879,0.6727268240577573
3088,0.17322968764164648,0.9268035610514191,0.16054989138610296,-0.20196806776854367,0.13918718166991909,0.6729521197936041,0.8418991128613148,0.8520882241592677
3089,0.016831652187693395,0.9731862298298034,0.0163803321343479,-0.009457965920519012,-0.018401717383773022,0.5303186800035767,0.18794975969662475,0.537832924364132
3090,0.04048394228155184,0.9159970326045446,0.03708317099803514,-0.02426558649365559,-0.002827482043611553,0.33264055967958156,0.5174408633475829,0.6655931256197027
3091,0.027799804335756545,0.982402022639465,0.0273105840084286,-0.01889225674302942,-0.022955989125505172,0.3149581455750721,0.551692855493319,0.7105932817898855
3092,0.12317905162652364,0.9347281148618745,0.11513892271733395,-0.14692111020543627,0.09043269565091001,0.7080393372667263,0.8326843799205466,0.8513975050352088
3093,0.06736495327345994,0.9134218498004492,0.06153262023076459,-0.04477602988643778,0.0171038378706005,0.26375146105680103,0.6313917639685634,0.6949122601757776
3094,0.06399753660204265,0.9074650387701851,0.05807552703376897,-0.04074436302490862,0.012181537524877575,0.27189225047282267,0.6149018413939035,0.7012617610127987
3095,0.09918657638587096,0.9489753896749554,0.09412561997630663,-0.1342663076788242,0.07489582340110022,0.8819164348938399,0.8640572305483132,0.8997551662546686
3096,0.34043746246440415,0.8985582465513994,0.3059028893324228,-0.2956951517530913,0.2018651345469822,0.19519907759694655,0.7505733150273622,0.731056938455785
3097,0.20085450495033672,0.9477158835774911,0.19035300462952792,-0.2860579454344181,0.18535057095347687,0.8886179814395374,0.9326454715167947,0.9253404496673211
3098,0.13806336937065988,0.9434078526380266,0.13025006682594492,-0.18490596584924,0.11378669990534242,0.8423566730362945,0.8885551188862069,0.9057571597531511
3099,0.20177128149138338,0.9470002118498387,0.1910774463175535,-0.28789870741212015,0.18821559206208896,0.9052677681200149,0.9350594583154307,0.933360105695648
3100,0.337150165787444,0.8990280267813243,0.3031074482768822,-0.2912007652447294,0.17477271911659445,0.19288123955472034,0.7358437054411326,0.7182289303426329
3101,0.1570164402785239,0.9481753439105496,0.1488791172606997,-0.2212031891477978,0.13662233085707504,0.8886633626361943,0.917647355533415,0.9252535907820079
3102,0.19133584015496377,0.9495399483251484,0.18168102377349316,-0.2759288322805847,0.16987977982109853,0.8601011849116474,0.9351813627437711,0.9318394174438094
3103,0.22276907927758524,0.9372529437327849,0.2087909753255589,-0.29550074506197527,0.19619598965750878,0.8152324739061768,0.905586541416585,0.9057623884138946
3104,0.06398678739374114,0.9074653308595406,0.05806579119290038,-0.040738693413164495,0.016193351247985606,0.2718948740199812,0.6149063182255736,0.7012628860368295
3105,0.22955250338923003,0.9326796927378909,0.21409895832828071,-0.29114542934468174,0.19771656424323206,0.7145714868705739,0.883970507839813,0.8813271787426563
3106,0.20108208531202182,0.9478314153433796,0.19059191752149182,-0.2862521667898473,0.18258186500670262,0.8864905803313476,0.9304215501306702,0.9231235243141975
3107,0.14454797627578275,0.9397314335456634,0.13583627696176587,-0.18750753780753474,0.11706584334776571,0.792807699453866,0.8785259684137837,0.8944244119112035
3108,0.2228979468802521,0.9372852392158584,0.20891895546238082,-0.29566095760838434,0.20300887932709624,0.8148012584943891,0.9051075562663908,0.9052820224657812
3109,0.06816474749926821,0.9075095518730065,0.061860159456597535,-0.04423651310606064,0.025825022723216674,0.2877794658115503,0.6056209063164932,0.6559407513378861
3110,0.21048847703537887,0.9430753864098605,0.198506501814963,-0.2922872860759755,0.19628216156725467,0.8792590178421159,0.9243366584633763,0.9245066703842654
3111,0.15423020273619764,0.935915518366464,0.14434644014161327,-0.190495674739227,0.1201603958073163,0.6900786897222629,0.8625372197157556,0.8732583440835844
3112,0.16661083377382832,0.9427959373660391,0.1570800172031338,-0.2258439563663107,0.1438996264315874,0.8464326373763992,0.9036523325841412,0.910736249584533
3113,0.04366412623445004,0.9194719318161906,0.04014793849985578,-0.027660342074200827,0.0030343174262400796,0.3300379526050135,0.5265173174547787,0.635888049420092
3114,0.22372803177553421,0.9374592097480504,0.209735903866779,-0.29588724721925935,0.19826351838303022,0.809838377041573,0.9024721053244934,0.8994342328337745
3115,0.21117514730204917,0.9421223942878664,0.19895283539029943,-0.2906530548757459,0.19204879132342273,0.853378766226724,0.9189195161886824,0.9190659662963325
3116,0.21348890969634907,0.9395909675004586,0.20059225121221066,-0.2862461166373982,0.18925714479640715,0.7846184031233552,0.9061822904290249,0.9031114083189736
3117,0.20016523727040092,0.9477552770612471,0.1897076599072391,-0.28589981467624415,0.18045433179740766,0.8916434679137347,0.9322545124337851,0.9286267825070219
3118,0.20895059915980088,0.9405348566606869,0.19652532182992796,-0.28153647462011844,0.17989718610035121,0.7713339454952198,0.9062315124124679,0.9033381084565918
3119,0.34078962142267516,0.8985569891944268,0.30621889617426756,-0.2959287401754632,0.17773034573076574,0.1951860736183019,0.7505687212313966,0.7310519186993899
3120,0.08420027438188497,0.9041352992139953,0.07612844027216607,-0.055614958998790424,0.034034009239118285,0.24642288759382372,0.6537372425732819,0.7145451363786015
3121,0.37742877907230754,0.8924516976414735,0.3368369546218295,-0.3171151235282923,0.24473681339223452,0.19628341739855404,0.7440395314385118,0.7371864745952321
3122,0.09971770611944601,0.9490059221348013,0.09463269364905197,-0.13456036699034316,0.07350403210615873,0.8788655239750122,0.8646846250011501,0.8965824611678759
3123,0.06377972876241958,0.90407011671631,0.05766134682637526,-0.040783578125678815,0.009045238830074052,0.27978908686263615,0.5893425979288677,0.6788277279896598
3124,0.06839365787958361,0.9075695612100347,0.06207200207132293,-0.044578498690732826,0.007412359049412054,0.2868920210412614,0.6030863202741571,0.6535270162165877
3125,0.043882057704348235,0.9270229117267225,0.04067967290564495,-0.02793382744524502,-0.0008232872770805497,0.2912039856547244,0.5770807715826689,0.7053850295416428
3126,0.5024463908601734,0.8836568160503201,0.4439901779834755,-0.3894471323264559,0.3503001959382335,0.20883041895119445,0.7249332992078498,0.7193630564479726
3127,0.027870618183586614,0.9831593746226135,0.027401259543720656,-0.019229603859949925,-0.012088757165182394,0.3133695688329151,0.5503368319656629,0.707967807956065
3128,0.06653831072506515,0.9185011529908546,0.06111551511903608,-0.04495305417271204,0.017982006165774923,0.2421968142985455,0.6557470085149556,0.7317966625584148
3129,0.20781969655115842,0.9442056037532216,0.19622452205389782,-0.2907034855603045,0.1932608240371664,0.8832115790746206,0.9272719571138376,0.9264731487632767
3130,0.2233260787966612,0.9373760007697457,0.20934050661000336,-0.29593726836430845,0.2013206436823561,0.8134579107971904,0.9051717685380599,0.9036325358975225
3131,0.036564145811572364,0.9372037347694568,0.03426805401326061,-0.02324095435342042,-0.0034162533466724145,0.3088969969041235,0.541763420375735,0.6981954552479114
3132,0.10152785985632329,0.8992330439305942,0.09129720646236036,-0.06707233125080414,0.03098304124727036,0.23905857331129113,0.6703582896607003,0.7189095600419686
3133,0.15644824066508148,0.9338835010339084,0.14610443072290177,-0.19252129353571373,0.12177868204931257,0.7126397072217573,0.86167251170381,0.8754634375428286
3134,0.10931355214180259,0.9437122588800807,0.10316053921794602,-0.1383570593303794,0.07771221833625218,0.7493554217600286,0.8571313296933625,0.886243442754359
3135,0.21459324469670465,0.9416657980347618,0.20207511902019132,-0.2936021265656227,0.19721939983163145,0.857660954103404,0.9180187145157492,0.9146033410592743
3136,0.21414793634858617,0.9415843230440101,0.20163833967805528,-0.2933098835736981,0.19789896178771268,0.8592629496003127,0.917996576717541,0.9164121596962979
3137,0.2115314933227521,0.9421229034512324,0.19928866466060619,-0.2907553463279934,0.19393599260914224,0.8520769247655046,0.9191490263165555,0.9175423577017008
3138,0.13008978645218358,0.9487720337350809,0.1234255512604006,-0.18088283434481459,0.10627599517819757,0.8834083787843793,0.9011654108689159,0.9195261580496679
3139,0.21252037733853033,0.9393131658123818,0.19962318843749688,-0.28553137376752225,0.1820183846835538,0.7886521497680389,0.9079332298980471,0.908166788059236
3140,0.0822053250411278,0.9517924304200265,0.0782424061143633,-0.10747825220774672,0.05461884458700021,0.8339021717344105,0.8404202505887641,0.882668462955266
3141,0.19629366217603642,0.9485953593867399,0.18620325701721657,-0.28088060251221514,0.17633316164068472,0.8719782362983827,0.9332438883105819,0.9262312327143708
3142,0.2726151943536556,0.9083358817297003,0.24762616293614137,-0.2508476429531059,0.12900906775762938,0.17891448827358358,0.7689236728958527,0.751268570415031
3143,0.19990896679121162,0.9476379363997723,0.1894413207578344,-0.28565974329374383,0.1772380730819985,0.8938021490502513,0.934504399931898,0.9308772723379901
3144,0.13381125832217816,0.9001274364296326,0.12044718491896557,-0.09326348235306578,0.06645041316849848,0.22615221754149686,0.6960712158205975,0.7153992689820162
3145,0.2094023665781589,0.9426721015516708,0.1973977689721264,-0.28834615986870094,0.1867120647524481,0.8429386516296254,0.9195778729858919,0.9162596607804806
3146,0.17616534991387817,0.9381164336518714,0.16526360979424137,-0.23050147983219826,0.15256415846416843,0.8078729435311922,0.889690426453306,0.8963621658989595
3147,0.22863980580883775,0.9323971289566736,0.21318309850137168,-0.2905795635749127,0.19593268489520488,0.7184999224216729,0.8866134015967254,0.8867623230750077
3148,0.13276646987450638,0.947890449451722,0.12584806880146437,-0.18322723369564176,0.11378926240600198,0.8905125939552504,0.8973795587114517,0.908532119112819
3149,0.14699243087384423,0.938883935579047,0.1380088319991659,-0.18969389044354862,0.11713630351157664,0.7985220838865718,0.8717237871471569,0.8847897011475959
3150,0.06441448738772754,0.9041927354595667,0.05824311155433511,-0.04057170999620329,0.015871715851840103,0.28452117073900013,0.5993256646823393,0.6791269608789748
3151,0.08398554062950822,0.9036545046854805,0.07589391211830054,-0.05500376357498092,0.03223840743498948,0.24734794832277215,0.6555181596275714,0.7167583594037479
3152,0.48747300048551684,0.886839420251652,0.432310273138909,-0.3792727626259826,0.26293524299561494,0.2138332659762682,0.7197559450840894,0.699035968486937
3153,0.06343280030729442,0.9037210991001562,0.05732556001270884,-0.04011307268307711,0.015636676172309513,0.28151105288558764,0.5937254980797183,0.6835334224948418
3154,0.20190141625667693,0.9470847257116536,0.19121774743624925,-0.2881365932249361,0.18678761689891432,0.9049639236708391,0.9348267507779601,0.9330481654059657
3155,0.13126997941678695,0.9477744485644953,0.1244143323548179,-0.18233084480095738,0.10982702665993019,0.8989046717230055,0.8984589231243204,0.9172246069314848
3156,0.06409272166928867,0.9037981298126048,0.05792688197930291,-0.041114506000190766,0.010442960451377605,0.2786513671215555,0.5847130796212769,0.6745608831653738
3157,0.09932445206460427,0.950804414555211,0.09443812749630318,-0.13373102713133495,0.07042330093095539,0.849969425959933,0.8701116673508903,0.900860192600858
3158,0.020324826109626527,0.9772052078493156,0.019861525922958787,-0.012964161673277278,-0.019051079993441713,0.43620473216094946,0.32114001577425166,0.5903203795658943
3159,0.02042444397164815,0.974413016547158,0.019901844061712092,-0.012474860513066227,-0.01977137664168595,0.46297444847094144,0.3278940691572938,0.5682318836034826
3160,0.03469910044178668,0.9303131094545809,0.03228102802727539,-0.0211085225755454,-0.004598755895529302,0.3460324475701268,0.5006965804745688,0.6608421176408322
3161,0.1385093335710629,0.9434899725900103,0.13068216733442276,-0.18524913880313454,0.1143731316650978,0.8397686334918355,0.8874286497334742,0.9028600400118376
3162,0.10017772782145505,0.9357345696899246,0.09373976303552363,-0.11747887684953323,0.06917842699936945,0.7085558462993774,0.8133673929480869,0.8496824203237269
3163,0.22097327299279496,0.9379488114882333,0.20726161877425694,-0.29351223225971385,0.19975565899708864,0.8053494916660294,0.9057435296862854,0.9025973058188147
3164,0.14459555646913824,0.9397171584769208,0.13587892545356775,-0.1875329690518834,0.11644088251014963,0.792232360329614,0.8778196426434494,0.8937679032485815
3165,0.13885201740850178,0.943514641173012,0.13100891138133136,-0.18543749187479983,0.1151398089540635,0.8381147518308193,0.8872708878499765,0.9009684987140896
3166,0.15942416954682184,0.9472186143075964,0.15100954096527988,-0.2239277683750861,0.14287252181233911,0.9038388967488955,0.9145237179121328,0.9222971927103638
3167,0.14759946031800486,0.947653984395644,0.13987321666500405,-0.2069720491490162,0.12805534366561397,0.9003102170694484,0.9122532459252933,0.9249199813142842
3168,0.20233459779012378,0.9470973725945623,0.19163056595200376,-0.288288519305191,0.18847710306639426,0.902819176788924,0.9344449035163871,0.9307840378737976
3169,0.01762606356891458,0.9722646687102073,0.01713719885649579,-0.009940800202079861,-0.015052759047620011,0.5261925183875679,0.22385613947688188,0.5333626953583019
3170,0.13059269990454137,0.9497435675339156,0.12402957670122516,-0.18049357353619952,0.10692065936085433,0.8587473477821139,0.9002405099904667,0.9110490528390609
3171,0.3369021138009237,0.8969892141632618,0.30219756230823236,-0.2920218359528633,0.13857787701447982,0.18402871411139,0.7375362406711691,0.7378505661327116
3172,0.1679743981973219,0.9423341208230736,0.1582880068460582,-0.22726514949096174,0.14843830843224615,0.8524652631076866,0.9013860013380888,0.9085512183727654
3173,0.341388781607524,0.9570840789811229,0.3267377676193249,-0.31911069230274397,-1.4083098234184284,0.292329185283987,0.6035581363400786,0.292537854469585
3174,0.132007402238624,0.9478722166803226,0.1251261489781355,-0.18281063688761615,0.10936993657031241,0.8945201428926673,0.8978043150461702,0.912690115313303
3175,0.09962407370191224,0.9499599268479746,0.09463887776616578,-0.13430977192594568,0.07283078105426866,0.8628665375945306,0.8661088978845911,0.8974027735862723
3176,0.04777530533514106,0.9295610187239547,0.044410061497181706,-0.031611591545840874,0.0011559911353828957,0.2957666440835283,0.5897373358035146,0.6720360900394843
3177,0.2119344897337607,0.9421541924794967,0.1996749680336655,-0.2909048256189927,0.1942008105488516,0.8503018461338011,0.9188579520146635,0.9155104273651845
3178,0.028108471650132628,0.9825511755003381,0.02761801186135574,-0.01960159837073387,-0.0181000622688115,0.3110748930021588,0.5449288262818001,0.7017361109254467
3179,0.16543397516444072,0.9433290135517203,0.15605866859981166,-0.22462752764013236,0.1421872216601221,0.838762702324669,0.9039982233622186,0.9110130953225247
3180,0.3005424063373674,0.9856783259511788,0.2962381359559553,-0.31743921830772165,-1.0286986394754496,0.011697517646438735,0.005135124261012932,0.012099802644960895
3181,0.09936773542717893,0.9961269062266389,0.09898287486982293,-0.12689992035390163,-0.17156648871567332,0.028275858127575444,0.8505355782744926,0.8533087578420487
3182,0.15870200997589726,0.9330483406177047,0.14807664706070536,-0.19434291620753372,0.12903742009664657,0.7203906115263674,0.859627963751346,0.8707974233014554
3183,0.09105496921856075,0.9415263901548723,0.08573065647401452,-0.11245783549467187,0.06225022038393273,0.7826483887421694,0.8220723224454104,0.8634945948194167
3184,0.3050985080364935,0.9058000731688913,0.2763582509031754,-0.2747898396865218,0.19795990799810478,0.19457395658702153,0.7614266368719004,0.7259850282857929
3185,0.14327105893616177,0.9407442976897318,0.13478143171816367,-0.18624966829569378,0.11440708938297683,0.7798748245327274,0.879572808919561,0.8951980372689167
3186,0.20220200754853482,0.9468387373259147,0.19145269351201977,-0.28875121964089845,0.18671877031266554,0.9106938141957911,0.935656384487602,0.9358070862849316
3187,0.48636995643522407,0.8902887428822156,0.43300969709039366,-0.3832839946812471,0.27283555213411775,0.22171252865494387,0.7245843593805591,0.6838864206419051
3188,0.2492696304568754,0.926207946442832,0.23087551253602617,-0.30015764969566155,0.21265095058074537,0.6697176466962986,0.8673572382567264,0.8649186677359975
3189,0.06490881837933134,0.9116035222628336,0.059171107460517,-0.04230665424366413,0.006491894660752689,0.2609050529703235,0.6294975231881883,0.7119715622948212
3190,0.17177281345694517,0.9395674115116733,0.1613921377078195,-0.2263784088042965,0.14301658330304626,0.790929663300668,0.8933451305798468,0.9014328679263967
3191,0.019958488290268958,0.9768392657450662,0.01949623504684783,-0.01218062102306209,-0.022727902556738705,0.44469687613132836,0.32730782938797776,0.6018188668625003
3192,0.1305892801683888,0.9482219807773228,0.12382762590955439,-0.1814661194973724,0.11003022760259427,0.8921444738778244,0.900886237676263,0.919474149397372
3193,0.22299416711232087,0.9373914184513285,0.20903281861579104,-0.29582934766692004,0.20154815913155455,0.8141176800453481,0.9044281008330544,0.9045302895628231
3194,0.06728257498044686,0.9130386604318861,0.06143159213055513,-0.0444567470840763,0.014045943406158959,0.2643302004789736,0.6320227747457399,0.6959427325215594
3195,0.20151815616105156,0.9472593287273763,0.19088995333149628,-0.2874264320687733,0.18729061717241952,0.9001630522021188,0.9348467083392838,0.9311970672130393
3196,0.06449679013667148,0.9046277709406774,0.05834558749416579,-0.04090559014116189,0.018160676387699675,0.2838465376328029,0.5986558979657364,0.6779892207119603
3197,0.4881975992734847,0.8901186284314674,0.4345537774688494,-0.38572520146793754,0.3314651864251969,0.2224948123019903,0.7284359109887864,0.6871076080987624
3198,0.1291593889412851,0.9496618342620933,0.12265774221415193,-0.1796183725240468,0.10628243314374096,0.8663103693239573,0.9013238105120643,0.9194551422463549
3199,0.14693677330012808,0.9402195639782233,0.13815282892461345,-0.18931884182692685,0.12144070570642394,0.7808403682424715,0.8735307831710181,0.8798703944563968
3200,0.099424492818987,0.9498824255189928,0.09444157839489506,-0.13398823329563259,0.07126559153437817,0.865475684449626,0.8687847878436166,0.9001181032967642
3201,0.06865751370694098,0.9198846251015164,0.06315699125671162,-0.046995997244343175,0.018259201738286237,0.24620250052628745,0.6588592546685221,0.7176270606925266
3202,0.1421859087428689,0.9417620765506066,0.13390529667391926,-0.18519787213130803,0.11010164264428372,0.7660888216240821,0.8790445955249816,0.8944358644176235
3203,0.04196736235458999,0.9174570327316709,0.03850325173741696,-0.02569362680088844,-0.001673479191113299,0.3323348899967373,0.5236003033993334,0.6520374402734705
3204,0.13198432436009308,0.9490607516959743,0.12526114208927522,-0.1824134017232817,0.11077240353326406,0.8706902989397332,0.8951512272380386,0.9060288035532033
3205,0.21771238753890518,0.9384885890640307,0.2043205914031486,-0.2907075255985451,0.18819552020945082,0.7994915321695949,0.9043168387335601,0.9044765741715343
3206,0.1946030578274548,0.9486212294881309,0.18460459197843002,-0.2804553300504771,0.17202109085903555,0.881341824901753,0.9364860568450961,0.9366001875979245
3207,0.23463539250214763,0.9315725129634671,0.2185798822233951,-0.29557790190778804,0.20426881144164183,0.7254377919562606,0.8832534214877945,0.8806326753584811
3208,0.1990157365991022,0.9475595939995484,0.18857927057136636,-0.285349127109783,0.18419962168715784,0.8990957822158906,0.9364059739270233,0.9365281186964177
3209,0.19471286332377832,0.9486283847959541,0.1847101490338312,-0.2803338121877581,0.17576990707767182,0.8787591184368025,0.9335916412095113,0.933847123661061
3210,0.20013015744545773,0.9476008440076249,0.18964350610669461,-0.28543005831363644,0.18012863467322365,0.8896039266770799,0.929805614184969,0.926488884665999
3211,0.12191002121002782,0.9343981631936376,0.11391249989354739,-0.14585674994753806,0.09145010207314086,0.7139313953780535,0.8352242322427955,0.8594554692909796
3212,0.16627529711813735,0.9426936164433315,0.15674666116548636,-0.22556257945469915,0.14628034349512115,0.846931143229805,0.9023800254080844,0.9113763335399439
3213,0.1329365224517341,0.8947210418503441,0.11894110386797718,-0.08974354179578695,0.06740048913207358,0.22874938428991307,0.6840157176746251,0.7181733114768889
3214,0.08490599764168513,0.9015762651991301,0.07654923224679663,-0.05524526310597086,0.03324557677422798,0.2556722230517819,0.6456848324736677,0.7016124956939
3215,0.21753270326486907,0.9383813434081345,0.20412863032489093,-0.2906337586830487,0.19082090211717548,0.801774458376017,0.9069632174687452,0.9070683727488267
3216,0.023998046807074604,0.9782155783585829,0.023475263236858824,-0.01599680744163537,-0.02527429158977941,0.38131745727700805,0.4318761372694272,0.6277281017981867
3217,0.13325739400821812,0.9828809848707911,0.13097615866411247,-0.16689579749761393,-0.056373946948150386,0.11793952036800934,0.7662568131569972,0.6616826889724757
3218,0.10503733320220121,0.901836946444942,0.09472654783779305,-0.07049155477744508,0.04853641041819816,0.24464508809232338,0.6751700811479404,0.703066178570646
3219,0.13124951676182628,0.9477740159697521,0.12439488159544537,-0.1823048035424961,0.10647846416356037,0.8989004873454114,0.8984550605758594,0.9172213918666052
3220,0.14689334259452175,0.9389105668749951,0.13791971156558527,-0.18963739274371283,0.12209482479886725,0.799683452375178,0.8731294922024195,0.8860916942499507
3221,0.10039641576610024,0.9490671692323948,0.09528294211221132,-0.13506291258032388,0.07625058899090724,0.8741720871703836,0.8635713219738148,0.8917309788841055
3222,0.21258768274581705,0.9393995198487948,0.19970476709718846,-0.2857872882305517,0.18545200256903557,0.7890030888326063,0.9084881794661586,0.9085912253523191
3223,0.1182028514049664,0.9449826017290528,0.11169963805245778,-0.1562952164114886,0.09227361060215553,0.8224254178695771,0.875134830147931,0.8999466081570356
3224,0.13584145956948207,0.9447903880384578,0.12834170529836145,-0.1840625430961852,0.11323122890438056,0.8604083448429812,0.8919426600107039,0.909619543151389
3225,0.1574797734963541,0.9482115031428919,0.14932413274158005,-0.22148135602750244,0.13860937627133527,0.8861319494038352,0.9168095137866948,0.9225492154170709
3226,0.12969812082928642,0.9864353184466385,0.12793880712216774,-0.162927187624777,0.011495875944787204,0.12039039836699704,0.8113756281342153,0.696114063803702
3227,0.20082689193240486,0.9476103164061562,0.1903056346069311,-0.2858116199056093,0.18113911163513366,0.8881422383260777,0.9319818335049614,0.9248360901997061
3228,0.09516248075825895,0.9979288048296895,0.09496538068771766,-0.11587301079606664,-0.0761331433935356,0.02829875899276645,0.9188076670132417,0.9203050004041153
3229,0.2192709772997238,0.9387266885990786,0.20583551842645345,-0.2914489643872733,0.19371362858087984,0.7935341515894884,0.9032827629326468,0.896990814833518
3230,0.09889113008715836,0.9498568078081726,0.09393241314513098,-0.13368392913267285,0.06864152651770876,0.8683843286031957,0.8681958348078381,0.9032639852488125
3231,0.14694295765361398,0.938981988931599,0.13797679063708218,-0.189769656120153,0.12304951018704174,0.7994532964474428,0.8729508977192244,0.8858435501636422
3232,0.20384492980495175,0.9464662168939929,0.1929323395455142,-0.2902755949840699,0.19329980659764423,0.9147855287624328,0.9333009660225745,0.9335788236790343
3233,0.1114935894603256,0.9403350808175576,0.10484133345581487,-0.14075882172941329,0.08393793456959285,0.7906321455377253,0.8464916433298444,0.8741395034081632
3234,0.20610148956421015,0.9430690432674148,0.19436793457930873,-0.28549621883376175,0.1860942019770514,0.8400344664622483,0.9218966296616037,0.9220475961446277
3235,0.39989100298041147,0.8915715893770234,0.3565314571048175,-0.3313648290643257,0.2525348301384226,0.19972236347070693,0.7353617526765307,0.7250309931784804
3236,0.1320440005502266,0.9478209922254255,0.1251540756189304,-0.18279404325442938,0.11298396403492707,0.8942905327798261,0.8974943146779334,0.9124511761174421
3237,0.22643401916837536,0.9347497754866408,0.2116591485801766,-0.2933507910758626,0.1990668246001693,0.761485322715323,0.8949829646475048,0.8935685996067488
3238,0.06988823831021607,0.9154481453982595,0.06397905814623889,-0.0475343063091865,0.01752431858663006,0.2657777218214112,0.6324912867831108,0.6783096184611571
3239,0.15179383689713763,0.9361661395393056,0.14210425029385232,-0.1910114616086784,0.12042296152849427,0.7541794332751028,0.8684470121715039,0.8818226698079688
3240,0.02230996485249208,0.9688677983432575,0.02161540652774946,-0.014696961268656711,-0.02528690044125761,0.477266242058235,0.3140447997207697,0.48287692344611644
3241,0.10968322690594819,0.9297804609901288,0.1019813212754974,-0.1230499781750798,0.07667326927006073,0.6638233489660347,0.8014627514426205,0.8320144361720875
3242,0.1679058848724658,0.9422739244806297,0.15821333708217114,-0.22716253880064383,0.14695870601174235,0.8534253551762229,0.9023941277483122,0.9095730451214931
3243,0.20130985553303932,0.9469574049510974,0.19063185838664723,-0.2877370279322039,0.18689792845569544,0.9079954388935535,0.9360195598215866,0.9362243765446715
3244,0.2679542459547174,0.9055493965957438,0.2426458057395619,-0.24419866023595085,0.12029686169300968,0.1718457051654287,0.7749167932750706,0.7748869940130125
3245,0.17573889033405274,0.9380493771695227,0.16485175662232124,-0.2302629992380212,0.1533211759095659,0.8100831221792255,0.8906868344609988,0.8989779363296415
3246,0.2679233137896976,0.9208651019932607,0.24672122967932222,-0.30854795555520437,0.22886398993968146,0.6316894430494724,0.8507214827210404,0.8508384726892239
3247,0.23297563025938162,0.9745223002986562,0.2270399471139018,-0.2683827575919087,-0.41958151997066984,0.025331152823728352,0.00839234412706499,0.02682696457026033
3248,0.3427560175253566,0.901387862190938,0.3089561138902609,-0.2991216471603343,0.1967432510077677,0.20196340784459577,0.7464751632796548,0.7098796864221611
3249,0.11258485997929958,0.9488772611882605,0.1068292135884216,-0.15409873877658334,0.0897444791944271,0.8819762380348928,0.8835104107968094,0.9087541662201114
3250,0.045085030969019155,0.9282344402260385,0.04184947848410111,-0.029102195183494568,0.0036051095619866187,0.2932309592040015,0.5835466358187191,0.6953187447703736
3251,0.01781294937444893,0.9758560916579468,0.017382875157450604,-0.010189085286695012,-0.017802281727621667,0.49000246515892043,0.25258422830650046,0.5833003935162641
3252,0.2125492270556479,0.9393991560871622,0.19966856452305426,-0.2857387784624677,0.1868828777137441,0.7890019553072071,0.9084895896125896,0.9085910424070033
3253,0.2403665203014141,0.9305700926210103,0.22367789505987687,-0.30074364143913607,0.2118891049561346,0.7367440922257245,0.8828358705932794,0.8800590576990591
3254,0.06317487130008036,0.9030083639898285,0.05704743717795354,-0.03942223588240643,0.013633854996676104,0.2830415833679406,0.596122896066653,0.6866807156307376
3255,0.1581580765576639,0.9329992717195894,0.14756137024487148,-0.1941075857626429,0.1238744526489999,0.7217255498640106,0.8589549945568066,0.87292640913138
3256,0.02542754708001703,0.9846644487630055,0.025037601628940337,-0.016863533678910574,-0.021575701193582025,0.30854930151901494,0.5249888460355521,0.7433968825350123
3257,0.2038108140225369,0.9464525255103589,0.1928972596579521,-0.2905144052106054,0.19243189961999796,0.9175991956604166,0.9363197261379874,0.9364501124203508
3258,0.21416997537411026,0.9395938943519021,0.20123280121501122,-0.28640149752574107,0.18736838460112945,0.7821339543899888,0.9059389969098832,0.899813985515885
3259,0.11094057108841399,0.9411483723098509,0.10441153790298614,-0.14001652452279068,0.08280527506415242,0.7803958443499928,0.8504760773183415,0.877758388915065
3260,0.24061908857027475,0.9308118413493549,0.22397109689590097,-0.3009801395901531,0.2091597768669422,0.7340143837248376,0.8795819575870985,0.8767987061683595
3261,0.19644488790503206,0.9486510186621561,0.18635764302208174,-0.2810365939330836,0.17265550063611054,0.8709540782249185,0.9321511538573121,0.9251426870521661
3262,0.13095439246262203,0.9488121516462634,0.12425111887998963,-0.181456831454394,0.10377881867412891,0.8777695315976526,0.8988543689534867,0.9135222327611056
3263,0.09219923632581416,0.9986273229198159,0.09207267654729924,-0.1076856755319648,-0.03136889182139706,0.02895966907309804,0.9629629838309858,0.9641053912460099
3264,0.06914136526495529,0.9146310465078711,0.06323883926926901,-0.04595485138368225,0.009359438378161547,0.26912098938852047,0.6411193516109537,0.6872944232922812
3265,0.1592696615306346,0.947182976727028,0.15085751211089268,-0.22379231251729037,0.1412678564551656,0.9057303197495215,0.9165098014219397,0.9242302209925718
3266,0.17058718007614881,0.969755833356782,0.16542791297472914,-0.19274959750064932,0.02677426512318049,0.21045063272621864,0.7812076635861366,0.5711390796610872
3267,0.21110124193149413,0.9421004480271385,0.198878574602746,-0.29064344647830986,0.1947665075066208,0.8542153426294415,0.9198568490054456,0.9199707519260163
3268,0.14415066245372207,0.9408874524761639,0.13562954956883397,-0.18692460387329032,0.11436817232747225,0.7746479441711384,0.8762390748828982,0.8887756017109736
3269,0.1484365252956759,0.9391662735266415,0.13940657831718298,-0.19067226984659325,0.12377636392431804,0.7919660465625101,0.8703128006098048,0.876932362623463
3270,0.2714437277076018,0.907900967129878,0.2464440229070709,-0.2486996607487819,0.1467305158604082,0.17948039496436025,0.7697935415174648,0.7524918432350332
3271,0.06537772968304673,0.9120914785780366,0.059630470132685284,-0.04327066881315655,0.009163668437747232,0.2587937961590465,0.623620689570635,0.7056131885814406
3272,0.12432392736673725,0.9857106426424168,0.12254741834049572,-0.14847392034029927,-0.003745160854839512,0.12996398488715075,0.8762750171346801,0.7520393194766818
3273,0.13290650820297886,0.947922543621845,0.12598507531966535,-0.18339978202852003,0.10754268695977999,0.8887186395655085,0.8955053944658478,0.9067004551931117
3274,0.1460081052287496,0.9387278895994785,0.1370618804858027,-0.1889584918546626,0.12221368131877354,0.8047660442627345,0.8758290876358051,0.8920381359825491
3275,0.13371162726064365,0.9479944261336584,0.1267578773523515,-0.1839276986446899,0.11120209292903917,0.8837616774820809,0.89406563432544,0.9015808517024896
3276,0.19441800575106277,0.9484831165578305,0.18440219600972624,-0.2801733152055542,0.17739248507818836,0.8826921703628172,0.9378321820818556,0.9380305036431561
3277,0.01654862933520446,0.9730058533241078,0.01610191320764498,-0.009820167606047876,-0.020943933333369375,0.5187395868281519,0.1436766740560088,0.5264628494654758
3278,0.17832853081033173,0.9468257302401707,0.16884604140714912,-0.25257139295127917,0.16477426336085624,0.912189781453409,0.9259340108265011,0.9308910110628944
3279,0.22462107235796297,0.937673118897164,0.2106211414879167,-0.2962858127107823,0.20181014935863886,0.8051574499335433,0.9001718518625538,0.8939141665039888
3280,0.17057322291006616,0.9275558117501337,0.1582161842391829,-0.1999261537275275,0.1326222926244729,0.6675556691380856,0.8456095100220773,0.8581076104009944
3281,0.024609719228940653,0.9778170047511173,0.024063801944208724,-0.01714409377735125,-0.021280680415640116,0.37192839572981873,0.42023323754702213,0.6116160865073658
3282,0.022549275886423893,0.9794255299710097,0.02208533648552323,-0.014133665718638267,-0.015382478894320217,0.39174888852330547,0.4292186290153227,0.6553177522687064
3283,0.024879062599757508,0.9771702184511954,0.02431107903546601,-0.017541116190837317,-0.014270125659937263,0.3683971012113462,0.41518785967656646,0.6052497841967388
3284,0.1293014238754745,0.9497921146135352,0.12280947280522797,-0.17989954032843386,0.10457989790939007,0.8650439179774114,0.9000877728492658,0.9181149326422635
3285,0.13346165264399884,0.9490527376946484,0.1266621468190393,-0.18322022781385644,0.11252592915586905,0.8626422583998367,0.893574699033894,0.8973962367851186
3286,0.01572527248424859,0.9739915768278621,0.015316282942981077,-0.008357892102147019,-0.021671874561022753,0.545602317073125,0.1514048890452983,0.5536823314041202
3287,0.19894794692113216,0.9475175624281068,0.1885066737167875,-0.28522901297660225,0.18282589729668364,0.8992447099485383,0.9365210965748743,0.9366827713097668
3288,0.15341615301963132,0.9351794684000632,0.14347163642488156,-0.19250362483378924,0.12693094021028808,0.7647670066069238,0.8657874773923273,0.879416690055505
3289,0.04546440164347504,0.9284638618416552,0.04221205392622093,-0.029809245523545885,0.003949960416451897,0.29073463990648873,0.5776261667477595,0.6887267829746002
3290,0.04211561200035448,0.9219090902385115,0.038826765544084936,-0.025951976180611815,-0.006216635291740009,0.31119843312087797,0.551375475431059,0.6890802398376098
3291,0.21750729782536113,0.9383681601653316,0.20410192288291695,-0.29050547179213193,0.1877753005233747,0.8011697763027746,0.906206616571997,0.9063758293634572
3292,0.20230473520877804,0.9470556276534093,0.19159383798040605,-0.28821153350202905,0.18711648394334773,0.9029726231600698,0.9345626043832306,0.9309406320089186
3293,0.1976421942423923,0.9481121112088893,0.18738695804711195,-0.2832140605946219,0.18001100127982145,0.8860463001278558,0.9356876761073813,0.9320958341099584
3294,0.21829192219208599,0.9384395022432925,0.20485376280567272,-0.2907420729315998,0.19700085174085144,0.7976740982799434,0.9050187530629424,0.9020319858430916
3295,0.1569984134957968,0.9481877091652043,0.14886396603515106,-0.22120341654106046,0.1370354060160948,0.8890468087528417,0.9180809536872689,0.9256542122870276
3296,0.01938780391751117,0.972311591951599,0.01885098649148073,-0.012432083725060114,-0.01625086871901294,0.4948129176885728,0.24315610609440932,0.5013729578838285
3297,0.12986914822620746,0.9497664993446722,0.12334536628367938,-0.18011454061851093,0.10437097931853977,0.8630746289224922,0.9014889696467331,0.9158343906103549
3298,0.1376580899714651,0.9816168910500765,0.13512750630568127,-0.16295362952381973,0.026312483216138677,0.16012849226904835,0.8574701439084037,0.6967846123791894
3299,0.04349764438262374,0.9191361456806374,0.03998025720403182,-0.027293888696717065,-0.00262566037605455,0.33149335329363255,0.5288161445408759,0.6386790610108485
3300,0.13086411641848297,0.9487707162641837,0.1241600414676436,-0.18132772643734754,0.10891391358139446,0.8791625315321858,0.9003085203750953,0.9149702891066587
3301,0.1468549114998942,0.9389239080323319,0.13788558741922288,-0.18961875708116768,0.12204542588903719,0.8002696566560968,0.8738381396540625,0.8867472769216305
3302,0.02408940652609653,0.9791909101039218,0.023588127900151815,-0.016355831392460184,-0.026174663261071564,0.3791817351181974,0.4305562365209857,0.6247832006888693
3303,0.14538145506228625,0.9399151982551658,0.13664623915749324,-0.18816467500017647,0.11623978327337575,0.7884861693115739,0.8765396705496601,0.8891920053613939
3304,0.24870974515896277,0.926128929688733,0.23033729008722773,-0.2999275307918489,0.21447901644989611,0.6706998669159385,0.8667736179864056,0.8668521638784187
3305,0.1036996378093684,0.900931735808162,0.09342629469427198,-0.0697034294645151,0.042692112353487494,0.2406024250558927,0.6683969062855215,0.706399495359794
3306,0.19548614445010795,0.9485833097691824,0.1854348939164999,-0.2805896147580459,0.17160566858102758,0.8758658312543747,0.9339703651761265,0.9305642904978587
3307,0.16269717167668155,0.8885992937291471,0.14457259184362903,-0.10813233299240592,0.09835576993048253,0.22991354509888862,0.6867136578803872,0.7140701545594367
3308,0.08079853634085524,0.9499815685398831,0.07675712028881242,-0.10662283100613583,0.05513861490378557,0.8709708100195396,0.8371893188457519,0.8884625234833572
3309,0.11117581436876886,0.9421464667309286,0.10474390069346919,-0.14003445023672664,0.08073947662429014,0.7658250390955916,0.8518852809822813,0.8756309789011639
3310,0.1445917035928555,0.9397169066618494,0.1358752684292452,-0.18752603558346792,0.11215018752178924,0.7922325875506772,0.8778200687773892,0.8937676755146696
3311,0.06609217665991823,0.9181027866582349,0.060679411567779284,-0.044026934191317306,-0.0035081808940899246,0.2440192316808043,0.6614863281145722,0.7379228410483436
3312,0.3367506659228315,0.8963391067419053,0.30184279108801254,-0.29093265262683093,0.16792006912069335,0.1852327273286479,0.7423476995567159,0.7426882154888844
3313,0.23964126289330123,0.9303821365316327,0.22295795017180828,-0.3004139636126832,0.21105444019179395,0.7396223120905779,0.8839058262244175,0.8840033263200576
3314,0.09330830551235211,0.9996336697235607,0.0932741238549997,-0.11272474264301048,-0.06023398557842485,0.027295444975793254,0.940099483486425,0.9398090020020018
3315,0.09977472164074164,0.9498881831259662,0.0947748290612231,-0.13445244082605468,0.07425540987090769,0.8608054867608053,0.8638334724805938,0.8952494215457546
3316,0.22289428410466058,0.9373286454726228,0.20892519740341145,-0.29573010906359415,0.18982162145756554,0.8149884615028644,0.9053906312563961,0.905497846436096
3317,0.23679911906046802,0.9309201472690485,0.22044107078895187,-0.2978299550350685,0.20990381571238342,0.7332762148029801,0.8833761381941421,0.8835559850297962
3318,0.0658822311919558,0.9058224188653128,0.05967760201854116,-0.04235303404127667,0.018925403485061564,0.2844013143915309,0.5991199759737407,0.6682148295816343
3319,0.1446374981978964,0.9397878525773189,0.13592856383355686,-0.18765730822964793,0.11542142276116084,0.7920067348105605,0.8776420855345881,0.8935204734467361
3320,0.04064672669672706,0.9163728543981456,0.037247556965021085,-0.024635498912925848,-0.00019043353773207745,0.3310651835355749,0.515015767996927,0.6624428704062538
3321,0.15745561421733648,0.9481711902704524,0.1492948771472171,-0.22141158850107404,0.1375835646412774,0.8862774849284509,0.916919415506601,0.9226985402437862
3322,0.12449576210653795,0.9836941713443665,0.12246575554127626,-0.14851329902316096,-0.07554701607192962,0.12864598432625743,0.8491644024934359,0.7312070698111363
3323,0.21745833755568458,0.9382947649275046,0.20404001971833705,-0.2903676548656641,0.1930419587690092,0.8014129831464148,0.9064012273223043,0.9066400873342568
3324,0.06720957743947761,0.913022227245335,0.06136383808600966,-0.04431123648882677,0.02051437371866654,0.2646973604251935,0.633296857450314,0.6971922701943216
3325,0.5020107942207799,0.8828597251542336,0.44320511181021627,-0.38757266573774385,0.3309577910545843,0.20617445020195005,0.7223019661871104,0.7225191271706601
3326,0.01672929588258271,0.9760621312727387,0.01632883219384593,-0.010572294970360687,-0.028535504483148698,0.5105801051292496,0.14222726633941593,0.5181803831884725
3327,0.21844906670628159,0.9385724286629581,0.20503027107767124,-0.2909755747113046,0.19432267066007802,0.796607143071513,0.9038884272030295,0.9008330961357504
3328,0.19895829758346412,0.9475096322954385,0.1885149033854345,-0.2850461848117026,0.17185663770757445,0.8974938362622614,0.934584229870097,0.9348558960850308
3329,0.10551028597293491,0.9023905471125708,0.09521148468512053,-0.07158334224865376,0.04168069105269122,0.24320592583401746,0.6712258712764949,0.6989320335962615
3330,0.28322809594889536,0.9140384172076362,0.2588813605298608,-0.26353884233464825,0.1587006980924231,0.19883974050400574,0.7623482861828716,0.7008561121547665
3331,0.49113987852482716,0.8866401662848048,0.4354643435643516,-0.38304672978487114,0.2959428233626359,0.21458749996975407,0.7237670751993518,0.7025029581626565
3332,0.2134085855834087,0.9395190291582787,0.20050142714136557,-0.2860817256417582,0.18683021187513554,0.7848496462276342,0.9063728355595402,0.9033677451521
3333,0.1116108770317279,0.9412463571036878,0.10505333141926154,-0.1405357845244648,0.08282157467391342,0.7765864976492356,0.8489816985421399,0.8731330000090967
3334,0.1061885750832785,0.8970924572801757,0.09526096975653876,-0.06978054232250112,0.04958980850510894,0.2544984623735106,0.6558633097274987,0.6853816054849897
3335,0.2110072852488436,0.9420208772234809,0.19877326795066091,-0.2904398097572321,0.1907198918642935,0.8544865112770017,0.9200694786799055,0.9202577698572109
3336,0.08355602193154679,0.8973627039563219,0.07498005777232657,-0.05308553307228559,0.03406093538045708,0.26197505040659325,0.6334250476202661,0.6985587581658554
3337,0.17188687562301877,0.9469492575516307,0.1627681492540871,-0.24232476423828223,0.1567907613523694,0.9069970213334019,0.9214982530545265,0.9255327913111289
3338,0.1505635629482687,0.9758878774188681,0.14693315586220806,-0.1760411622272894,-0.01000229087804161,0.17838134404132847,0.8042938625793207,0.6282951787892409
3339,0.1359919286955175,0.9794659422899336,0.13319946258358048,-0.15701682178184545,-0.021052673337432364,0.16345784572203143,0.8634895001170175,0.7039356327983509
3340,0.10084781703174467,0.9350711345131293,0.09429988268504597,-0.11809288979830954,0.0682647864777066,0.7150559823824352,0.8102705096387401,0.844193312636561
3341,0.1588140184046354,0.9330887631496307,0.14818757600400392,-0.19447206252193536,0.1275200852951171,0.7188531636853392,0.8576683890943899,0.868915747483259
3342,0.1715344604589771,0.9469444562748934,0.16243360639173327,-0.24219124683539617,0.15594631586584207,0.9096122412072697,0.9229863952076237,0.9282259084535798
3343,0.07803926437843269,0.9435538724701231,0.0736342501089899,-0.09434501668626331,0.04661201154093458,0.7631078286390217,0.8007577700508332,0.8541301447164718
3344,0.19129011814690963,0.9937781920724564,0.19009994777336242,-0.25253693419392054,-2.048651371950795,0.008521546544942303,0.016612870191041566,0.012189167702134867
3345,0.218410902710701,0.9384999623142117,0.20497862396300584,-0.2908686853083544,0.19699539785495976,0.7968463187962836,0.9040821295515907,0.9010943502498332
3346,0.22290514070890247,0.9372915697371231,0.2089271092375215,-0.2954404310825576,0.2043292749193686,0.8131166911841939,0.9030920330531511,0.9033953091030248
3347,0.16743445768878362,0.9422223922053693,0.1577604952611344,-0.2268924501043519,0.14607541821626852,0.856027035654646,0.9035281932833289,0.9124522120999428
3348,0.02338688080792414,0.978646218049183,0.022887482454641978,-0.014839117705958983,-0.017287282996073544,0.3913091895603153,0.44424053987685774,0.6448016784332492
3349,0.0653773105958114,0.9052482680695928,0.0591826971879061,-0.04134458037730421,0.016120786133552334,0.28688738485142395,0.6050527568224848,0.6745197668106495
3350,0.2347999837528454,0.93170330663431,0.2187639212602083,-0.2959051298456395,0.2013126412380327,0.7250531815004221,0.8829287739699756,0.8801890979201394
3351,0.16419825451884315,0.9437954330966944,0.15496956273733284,-0.22329662638271564,0.13975189796108903,0.8321431520982923,0.9053214095967521,0.9122812438795554
3352,0.20910133427107155,0.9439186859831482,0.1973746566824729,-0.291991184127544,0.19529565329145845,0.8873677995459696,0.9269847911316658,0.9262022050423601
3353,0.15655051340955878,0.9480985894561631,0.14842532094224084,-0.22087384763270002,0.13555511063888873,0.8913701468638373,0.918605312095405,0.9281373966551834
3354,0.09934155791676326,0.9515469374315689,0.09452815519537691,-0.13353166219303406,0.07123072617313064,0.8333518535837007,0.8693627656132186,0.8997452360250052
3355,0.04280957333502238,0.922560673086057,0.03949442879048517,-0.02724030947639435,0.0006834849726058658,0.30609387840819674,0.5409479037293813,0.6768142675436529
3356,0.12187986788590006,0.9344063586674933,0.11388532354613905,-0.14582761299094082,0.09071393408667715,0.7143643883941686,0.8357910330844948,0.8599870131252079
3357,0.10456074955570527,0.9063416998504549,0.0947677674899556,-0.07213352385323199,0.04971454281310813,0.23419063538867294,0.6867179291105464,0.7135820914180527
3358,0.08097290458634765,0.950143454832058,0.07693587531145894,-0.10697033109238778,0.05517267846079716,0.8684642580015854,0.8348266110502469,0.885907650746548
3359,0.12198328047251004,0.9334599893394339,0.1138665116894584,-0.14612253068942413,0.08913459127579705,0.7256358715342603,0.833310317560025,0.8606216738121434
3360,0.19959430366024342,0.9475459833682686,0.18912478073645014,-0.285534640374868,0.1848425850961826,0.8963885530309952,0.9359699004910763,0.9336128892602199
3361,0.09061991259313612,0.9431806355035666,0.08547094674887179,-0.11202204973459395,0.060469225550693326,0.7623552617461424,0.8265381053974982,0.8698791318085274
3362,0.21085523015656346,0.9431693182723422,0.19887218368092377,-0.2925326635816765,0.1969565087159867,0.8774166237635648,0.9236133949622602,0.9225160967929903
3363,0.19888330150336656,0.9474758529024463,0.1884371257199566,-0.28508548186609406,0.1757801057465765,0.8993945562319476,0.9366349387380862,0.936837237998912
3364,0.12990355320548935,0.9497412856126747,0.12337476762703595,-0.18012516397690384,0.10540133649339345,0.8623631206537403,0.900675602979319,0.9150770788057643
3365,0.1440618111837478,0.9419266506736214,0.13569565929828323,-0.18627081969571901,0.1139863907871495,0.7588015040885737,0.8783731648680437,0.8845916497440165
3366,0.22526751773023546,0.9377137435146996,0.21123644734308306,-0.29657099043150714,0.1990195935789691,0.8036677283520687,0.901454561036755,0.8919485076374744
3367,0.15952052537349726,0.9410719174460451,0.15012028668523755,-0.21258317863822804,0.13805880563782108,0.8360662521062083,0.8928792015753971,0.9031998765558087
3368,0.1208317579231835,0.9362001720654667,0.1131227125586572,-0.14494356633753477,0.08455495842628515,0.6955458730188966,0.839438869585865,0.8629679119721817
3369,0.14673472436124457,0.9388786611282012,0.13776610154930097,-0.18946126492747445,0.11789760134073551,0.8016693188035896,0.8754314657975927,0.8883060732914337
3370,0.019215396006873258,0.9696869977334441,0.018632919664164138,-0.011687431865284613,-0.013280960030864512,0.5016118555473764,0.24502110164379362,0.5082146443993322
3371,0.1058545778367255,0.9027126999521177,0.09555627176128208,-0.07236340800174242,0.04898744273129772,0.24210939892646471,0.6677089995303841,0.6954406812607505
3372,0.49095427832124444,0.8874007719610406,0.43567320557984796,-0.38328791460725814,0.3406879800010433,0.2130607202258466,0.718741658123003,0.6975973735005134
3373,0.4274015485758339,0.888491603741055,0.37974268733555305,-0.34677513384078174,0.28977255704205873,0.20233502799239894,0.7331368745293865,0.7261848022629995
3374,0.19539467062213942,0.9486316230529704,0.18535756352818067,-0.2807208836676876,0.17303157236361658,0.877369162738239,0.9357327300895939,0.9321735735891883
3375,0.1843559055814831,0.9345276934258733,0.17228569921250148,-0.23384989165274025,0.1582945733161304,0.7674404227778323,0.8789701797591533,0.8836841814379874
3376,0.501701610723927,0.8828612777450243,0.442932925090463,-0.38744322589420166,0.3307585551848377,0.20617398972517278,0.7223025463636981,0.7225173366330747
3377,0.1108075454240156,0.9900866637288945,0.10970907296485154,-0.13381954865783352,-0.034446465314638595,0.08807069950777288,0.8854467603456074,0.8142559604618695
3378,0.09111067036850284,0.9414317262118829,0.08577447568134149,-0.11247487183946597,0.06156960577455003,0.7818005608576591,0.8209950174498798,0.8625411833730235
3379,0.13172411034333759,0.9488999501766077,0.12499300174185102,-0.18198286726132595,0.10561228955224981,0.8736900650488101,0.8982192820449705,0.9091488544480791
3380,0.07135156708019608,0.9161732108230887,0.06537039430912224,-0.0480607873383224,0.01576228896683951,0.27214857156073224,0.6447944144856598,0.674660201320522
3381,0.18490961582240992,0.9224514575625214,0.17057014463270792,-0.20744671619802918,0.14812118699717566,0.6287245615417429,0.8318851019917956,0.8410594193552808
3382,0.09810893100711345,0.9930313776709925,0.09742524691982223,-0.12087024550981192,-0.10953199055878109,0.03168798101400894,0.859721858581553,0.8661197676099569
3383,0.034089062850491084,0.9300238503733266,0.03170364148783204,-0.02090514021514791,-0.005152330218885891,0.34254421693457315,0.4884446814792781,0.663396325966199
3384,0.10967806172080878,0.9427834368647788,0.10340265997781145,-0.13874649014468343,0.07756952772159584,0.7599136067164742,0.8545119107303532,0.8841672820162304
3385,0.14858339930514852,0.9473831364988339,0.14076540686537026,-0.2079731446532586,0.13081724509035236,0.9034281872218003,0.9104143663973128,0.9218658794455147
3386,0.029777795087190216,0.9869691152233112,0.029389764070505187,-0.021364033018126095,-0.01923126526106042,0.25322665049611043,0.5988621448639851,0.7746999559486188
3387,0.1692498576680489,0.9424822371567588,0.15951498449344573,-0.22799469970158842,0.14860469888410197,0.8463124130210133,0.8997462003718734,0.9016881312248982
3388,0.13146752482029253,0.9363353207925492,0.12309768702641104,-0.16345080691655806,0.10143846357550217,0.7570889545891321,0.8546426446117862,0.8766830502993072
3389,0.023386498279855908,0.9786464924594883,0.022887114512490845,-0.014839177384864859,-0.01978231521320355,0.3912944755613793,0.44420424183328255,0.644787804813273
3390,0.13473621761026372,0.9810985918034865,0.13218951336235785,-0.15511601908086228,-0.046104532159387965,0.16593521003920417,0.8880797556595554,0.721794806601965
3391,0.2049038056794375,0.9465933593942029,0.19396058177075567,-0.29093706086544446,0.19294854435883935,0.9104841504215543,0.9327756990336563,0.9291174291123222
3392,0.42849131717140426,0.8881751884397845,0.3805753563735234,-0.3478365066108029,0.2905409527178297,0.2030306988984394,0.7362096838320009,0.7290947033709477
3393,0.11168137801195432,0.9412981016906693,0.10512546911685067,-0.14066719727762397,0.08183759828668535,0.77584202479375,0.8481739021415912,0.8722968286176117
3394,0.15855602677143923,0.9476880408032375,0.15026165036857092,-0.2226932813909489,0.13942026777206956,0.8948575252360806,0.9165691405997136,0.9223694575282936
3395,0.10026685639226358,0.9490385129806956,0.09515710829176278,-0.13487507759308998,0.07744573690398628,0.8758599645819783,0.8653021680873573,0.8934540212589261
3396,0.20332743204837941,0.9471811764894447,0.19258791630016162,-0.28871350312321964,0.18730308874229415,0.8974969810751317,0.932568116957427,0.9251916577299883
3397,0.1019893723599595,0.8939129588279574,0.0911696216152977,-0.06539305889830649,0.04079682613784591,0.25046727256606754,0.6549374391172824,0.7059460697586342
3398,0.025261147012290208,0.9862051277885541,0.024912672717341117,-0.016825465643646058,-0.021322753753598316,0.30933994800567727,0.5293437700935287,0.7477868821988375
3399,0.20880158052968753,0.9434521939699747,0.19699430925513203,-0.29057067438787654,0.1938279139221567,0.8735954360638737,0.924445291885323,0.9246124800830525
3400,0.1990063877233394,0.9475592434549056,0.18857034219382107,-0.28534357056563475,0.18224024602188466,0.8990935998604864,0.9364047663866184,0.9365268067480188
3401,0.12252922907489486,0.9346029058506674,0.11451617354503882,-0.14640279182322327,0.09136637815199677,0.7113012855672033,0.8344346313787008,0.855819515499143
3402,0.06590149178717743,0.9058234209977912,0.0596951147395189,-0.0423616941335286,0.016520794480142924,0.28439799180520375,0.5991148505552267,0.6682128000833307
3403,0.020421752551068765,0.9762051212336564,0.01993581942491982,-0.012988614671390687,-0.01790418618307511,0.4349373624043706,0.3193016828828966,0.5881941821453889
3404,0.06393734655620693,0.9072531812672062,0.05800736106490259,-0.04057171706024781,0.016257269554612146,0.27221513229144767,0.6152421493246921,0.701829494074387
3405,0.08084035280077269,0.9500427861880566,0.07680179401127156,-0.10671882860707337,0.05113202247854762,0.8703608570156024,0.8366402408718269,0.8878415664075793
3406,0.3461925152714425,0.9048084430836943,0.3132379107499819,-0.30543219265282673,0.194733091105629,0.2068754199112563,0.7410932421705276,0.6884863274374646
3407,0.2691585576816506,0.9953581841975065,0.26790917323522756,-0.30848003483973957,-3.692431488855855,0.0030818926154793443,0.008622502347088399,0.004209426041431279
3408,0.2128892524424513,0.9423058106808375,0.20060677960802153,-0.29133737512182933,0.1959528832956087,0.8453698555288132,0.9167469575082661,0.9099612570470744
3409,0.1989903573018744,0.9475058620284698,0.1885445300306657,-0.28522256982163036,0.1850613936802557,0.8988475085061157,0.9360656586938589,0.9362659871489382
3410,0.022122054709740484,0.9798281361109238,0.0216758116331889,-0.013776325330700015,-0.018175869955451684,0.39199215053868114,0.42128776920792965,0.6608902946524352
3411,0.06492912567711866,0.9116050470468071,0.059189718667597806,-0.04231873327815418,0.014615665047211538,0.2609074465611697,0.629508582528574,0.7119820435181116
3412,0.04938103716707202,0.9113046518059557,0.04500116888135552,-0.030637211365188807,0.008741285696591038,0.30979749163737963,0.5541579661322393,0.6656123718422767
3413,0.02249468394808169,0.967073671957132,0.021754016605186513,-0.014739483769169804,-0.016851368594929257,0.4744665060852801,0.3107833943017689,0.4800651584988935
3414,0.10999259758426391,0.9419233836347588,0.10360459969134626,-0.13913889453241496,0.07875436552660359,0.7716273067469267,0.8529488552196218,0.8830219556451457
3415,0.17518884229687787,0.9387047601120906,0.1644506001826056,-0.22943467263518702,0.1497021665580594,0.79987679384391,0.8903406489887716,0.8953062921519548
3416,0.12901779200308855,0.9496331607392224,0.12251957361148856,-0.17944033146756821,0.10354493789146536,0.868023220918223,0.9031744331486621,0.9212772246940976
3417,0.13217872465883895,0.9479057124677255,0.12529296817081206,-0.1830133204718196,0.11122903099698794,0.8927093519536797,0.8959147448719982,0.9108376839563028
3418,0.10180085347719421,0.8997747364536515,0.09159783610819922,-0.06790447595818637,0.04582885091058408,0.23798012035875962,0.6678833552227983,0.716037764044929
3419,0.06709532106982911,0.9130024010639651,0.061258189236911634,-0.044141147670883694,0.0176588075403288,0.26508714658335614,0.6345673577491837,0.6984358018901863
3420,0.24030776360670833,0.9305464112791474,0.22361752702674012,-0.30032348981206153,0.20938537829070292,0.7348047461751236,0.8802389890207357,0.8776975196766014
3421,0.40060299367276314,0.8911302712568745,0.3569894544179254,-0.3320941844955019,0.23466428319249452,0.20073394790868418,0.7398547552965756,0.7292668790579606
3422,0.1288136260800666,0.9505864111725892,0.12244848252557836,-0.17868886213733143,0.10270619143508124,0.8484501166361589,0.9034334590155083,0.9175986877420517
3423,0.022960804079494804,0.9686885705574695,0.022241868482615938,-0.01589371239233613,-0.021327723089577654,0.46354338901998265,0.3044255485409379,0.4690020388975367
3424,0.18898770938495285,0.9378491336719593,0.17724195952132607,-0.24862571328304978,0.16680730676823244,0.810923526494944,0.8946485893881811,0.9002610752890846
3425,0.15926879788380938,0.94718298697617,0.15085669571169047,-0.22378966646645493,0.14062286453111134,0.9057290992530596,0.9165086246152918,0.9242292090919865
3426,0.24511681456365114,0.9682151479259978,0.2373258128718949,-0.27312526996737707,-0.3576630671909794,0.03133479858747106,0.005873514825164073,0.032054261273760695
3427,0.2997071967725901,0.901851724507342,0.2702914522566217,-0.2672080449888294,0.1809840830671594,0.1837692123412225,0.7653855046961557,0.7558400612100986
3428,0.21742685698950306,0.9383071602708355,0.20401317674843367,-0.2904379123896427,0.1882652947028189,0.8020148760587094,0.9071580509902807,0.9073313360995555
3429,0.14467392767447967,0.9409103292690577,0.13612519292484251,-0.18713280190561743,0.11415299835791655,0.7734045844769033,0.8775641513219029,0.8869571773127558
3430,0.49799189024568197,0.8845444464881499,0.44049596091295423,-0.38692479154449705,0.2926766446224505,0.21105827571605415,0.7253992366776141,0.7144274925470375
3431,0.3386929684165526,0.8955420901151522,0.30331380884306475,-0.2922467453752044,0.19674703335279672,0.1870102116966465,0.7511613770547556,0.751131165556773
3432,0.14676968157208575,0.9388656114821751,0.1377970068362204,-0.18947967667286877,0.12034290225409756,0.8010843499977279,0.8747236112339059,0.8876506265252462
3433,0.42850585569055477,0.8881750747928409,0.38058822042712875,-0.34782931188291005,0.2724515421770788,0.20303348164952184,0.7362097772855649,0.7290947418817146
3434,0.06588334456197928,0.9058213703932899,0.05967854145722538,-0.04235258450740608,0.016514808296479444,0.28439427310985765,0.5991174379949447,0.6682121613523901
3435,0.1762918814108297,0.9382131116306188,0.16539935461367056,-0.23070968097661118,0.1516778948043833,0.806912016876703,0.8886740376221335,0.8952993848642196
3436,0.06462253695043985,0.9111568064679662,0.0588812643936209,-0.04165142563728042,0.012541047985046431,0.2623149288685846,0.632845069049729,0.7157668506217217
3437,0.2545869519628688,0.9250310883342479,0.2355008452499114,-0.30471850472513307,0.2226695864457079,0.6803548930268167,0.8664513669957085,0.8665382833322791
3438,0.2326856501137101,0.9156412607321293,0.21305658202439262,-0.22060588095564318,0.1024992707722996,0.16613882945088942,0.7824315483732037,0.7673442000796254
3439,0.06689676286571403,0.9129638576176498,0.06107432668801543,-0.04382040530754061,0.01514227941969982,0.2658548902690744,0.6371476467702627,0.7009560376564123
3440,0.016988772968285444,0.973859781966287,0.01654468273876921,-0.009853545250437827,-0.02144170339082042,0.5247536180640148,0.1862018219789073,0.5321995622527207
3441,0.2712866530441392,0.9073962155274767,0.2461644822953675,-0.2474566883459326,0.10852502120379495,0.18050872158748946,0.774185562557961,0.7568085946383927
3442,0.1464507399545856,0.9388333522815063,0.13749283913567073,-0.18932326154246878,0.12213659691927897,0.8028049273293549,0.8751859387137789,0.8897129511729797
3443,0.03145049055164579,0.9853486184773725,0.030989697415499836,-0.022244722561706523,-0.015668953157948154,0.2669085779160923,0.6268481823719281,0.75904444118479
3444,0.08090304010557518,0.9500925236664606,0.07686537354619481,-0.10684062614733236,0.05115108605523824,0.8694075789501272,0.8357313310249727,0.8868714566089738
3445,0.1013579333453464,0.8991753482107995,0.09113855500972885,-0.06680068702679624,0.03642624760312995,0.23945797837890828,0.6720098911898652,0.7204893709265433
3446,0.20486629215186514,0.9465340834977282,0.19391292808154348,-0.29057691291692034,0.1926824944923518,0.9084426706707232,0.9304921696023193,0.9270317501827838
3447,0.21828045822202288,0.9384660387911186,0.20484879697313205,-0.29092390163096776,0.19437831516617055,0.7988695093173095,0.9065200942669889,0.903399461147645
3448,0.10032207538738623,0.9490150765038647,0.09520716204878683,-0.13492682642029968,0.0749622565784292,0.8751534390303198,0.8645355649970996,0.8927310382140267
3449,0.21155621854671508,0.9421620466391045,0.19932023984520278,-0.29082721121459865,0.19252683661440176,0.8519397528473994,0.9190422587154837,0.9173987285460297
3450,0.16045674927072326,0.932081480756492,0.14955876445762892,-0.19585717044945747,0.13235822377230091,0.7298465647701619,0.8570186317901505,0.8683949567634086
3451,0.09957678272793559,0.949984128837323,0.09459636319222128,-0.1342624859174176,0.07204000435184665,0.8635566199158866,0.8668692525117178,0.8981229967405854
3452,0.1330510676026385,0.9478525537651914,0.12611279420834604,-0.18346998450206037,0.11402479320749168,0.8864673059949802,0.8930207598808254,0.9044000784628142
3453,0.2396531545853742,0.9303765087267519,0.22296766526849304,-0.3003420448624587,0.21407191541784965,0.7391302749590558,0.8832502958814926,0.8834045092082361
3454,0.18738299703470904,0.9504601883771573,0.17810007866028585,-0.2715668219137019,0.15951974539552868,0.8472814759819869,0.9391247511262393,0.9356971786053301
3455,0.15820762381128442,0.9477074751255816,0.1499345477078102,-0.2225742955930176,0.1393821664241287,0.8963818845928658,0.9163177242045407,0.9239909200074562
3456,0.016830132869763762,0.9731819478986752,0.016378781489590218,-0.009457403644751092,-0.01929511130328696,0.5303060196375605,0.18795492130677208,0.537831744902949
3457,0.0997642525700008,0.9357108736511776,0.09335049593143217,-0.11726919305820707,0.06862693967263736,0.7101617238523488,0.8130458264053446,0.8520790632598894
3458,0.17896004253393225,0.9418730409196191,0.1685576394645391,-0.24206859140937187,0.1562130187429892,0.8229782986357611,0.9061698774867961,0.9119578163265725
3459,0.1309353861914109,0.9487344166874703,0.12422290724205687,-0.18136149291205458,0.11000845991097612,0.8780563461249425,0.8990655730137693,0.9138143030747595
3460,0.13056163314101007,0.9497680553109569,0.12400326840655973,-0.18049137026348214,0.10353658396642805,0.8594484917752592,0.9010473255557708,0.9117964314320841
3461,0.17476440431298826,0.9385915774552687,0.164032397927158,-0.2291067836886334,0.1509284443083251,0.8015471553134745,0.8906887119092446,0.8973397044510031
3462,0.1599691539124411,0.932091375937767,0.14910586877784765,-0.1957593499032519,0.13156390569544876,0.7310586695035723,0.8561669891683588,0.8703231890305293
3463,0.2021282361424551,0.9467984170207924,0.19137469401488139,-0.28869134281745673,0.19052916793899868,0.9114464463033819,0.936426028346388,0.936580721624311
3464,0.10320502402523246,0.9005384347105057,0.09294009078994298,-0.06865276163811121,0.046374343416431416,0.2421193039069044,0.6736345578808561,0.7115711351263337
3465,0.21267074482426637,0.9394437000837744,0.19979219141728102,-0.2857816584204743,0.18441434493498726,0.7876036036467033,0.9068091881140112,0.9069705836659103
3466,0.11288589301706299,0.9484313983225637,0.10706452536506439,-0.15455443649748637,0.09035830077455351,0.8893652150912565,0.8819306165289503,0.9073913255613508
3467,0.2238036351896877,0.9375334973363204,0.20982340481596992,-0.2960541600958387,0.19819796502383405,0.8095968165589509,0.9022812335571425,0.899174093039161
3468,0.14689982329654414,0.938911076580804,0.13792587124088815,-0.18963711484338938,0.12210189053688798,0.7996863730280441,0.8731331509598703,0.8860938975907626
3469,0.10528125981789004,0.9452142928276791,0.09951335154677407,-0.1370560661849127,0.07908810853996082,0.8199999228319389,0.8590000933142303,0.8881685123822446
3470,0.16590218022969466,0.9433561572391344,0.15650484321907904,-0.22485281778619143,0.14356293081751764,0.8356394768614522,0.9021005644567655,0.9074814094430395
3471,0.09864452283226106,0.9506868110546848,0.09378004683941331,-0.1331520142178666,0.07242711714946823,0.8545938642605632,0.8714461071147597,0.9059404930764009
3472,0.21838069914619462,0.9384866130238488,0.2049473626914923,-0.2907261751067066,0.19698200573409924,0.7962501229373666,0.9033329977436879,0.9004119087215382
3473,0.13853012396587175,0.9434809118594267,0.1307005276793201,-0.18526095398908513,0.11525433356190141,0.8394394420604256,0.8870453731956154,0.9025036893878734
3474,0.1319270250162367,0.9478161901446025,0.12504257022800117,-0.18266846115394914,0.1080225117045477,0.8955813084246946,0.8988609524764919,0.9137708197993183
3475,0.02234189920587588,0.9804830740085224,0.021905854012565746,-0.014338659127861952,-0.017796088043198006,0.3874645464458126,0.4170366741617817,0.6536417649753586
3476,0.09908926656393312,0.9489214054423734,0.09402792609210138,-0.13410539859804968,0.07538857187065479,0.8829154836900375,0.8650355228924593,0.900776990621943
3477,0.19908549188536503,0.9475934881294434,0.18865211569161905,-0.28527694043112717,0.17506924808968477,0.8971963885466299,0.9343567872429493,0.9345481451816037
3478,0.19885066888511962,0.9474993622594762,0.1884108819535211,-0.28517800646362496,0.1690668303059855,0.900190832648427,0.937542274095481,0.9376705561639312
3479,0.339177968253481,0.8955891929752192,0.30376412286310955,-0.29258458909777024,0.2062353134195668,0.18680528473284186,0.749845201013293,0.7499539009157064
3480,0.13300776410880624,0.947979000926637,0.12608856733535195,-0.18355632822829507,0.10828751592991706,0.8876816389356073,0.8944639936275838,0.9056421595428689
3481,0.11292302911277942,0.9483683520148729,0.10709262702421413,-0.15454657759571427,0.09000728863005616,0.8887622988161686,0.8812224292438552,0.9067726934073426
3482,0.02091576657536435,0.9822238902471989,0.020543965613156703,-0.013060196165313639,-0.02523482299533008,0.3902107421833946,0.39407575058931354,0.6754105661448897
3483,0.23471982586324475,0.9316442079705382,0.2186753662613453,-0.29582676739777924,0.19890489428059865,0.7257148054251937,0.8837320126369216,0.8809934384790165
3484,0.10184684310710693,0.8995886610829024,0.09162026522624274,-0.06785658941193383,0.04048405661315368,0.23792836493259487,0.6666643278367196,0.7151217124758273
3485,0.1891349668298945,0.9378175460555177,0.17737409046570338,-0.2486115451918212,0.16668046041510062,0.8107768860943868,0.89546629622628,0.899991225011908
3486,0.20372711850069922,0.9207361225853326,0.18757891715381636,-0.196941707954168,0.07667655585853086,0.14878678038898852,0.8109606679802381,0.8109385240887618
3487,0.06446751273130905,0.9067281447789178,0.058454508217371116,-0.040952185416943586,0.019668294882590465,0.27687113007122366,0.6116249360512503,0.6923677549978139
3488,0.16041466580519007,0.9320879579805504,0.14952057828049203,-0.19582735017199634,0.12644967627381584,0.7303087536941574,0.8576273621346833,0.8689562707193992
3489,0.14195275125048298,0.9247080543794547,0.13126485242264482,-0.15659078222730688,0.10472431578151987,0.6199563516175797,0.8155620853589209,0.8352527661321142
3490,0.11108975458468746,0.9412541936002419,0.10456369736885877,-0.14028579882460038,0.08284359639182189,0.7788908226928875,0.8488436079069196,0.8760648444678335
3491,0.20702116888421607,0.9437694676119892,0.1953802583422683,-0.28878598134951167,0.191594479462691,0.8692619134609865,0.9259123695088141,0.9260574800939937
3492,0.28509028781202,0.9856115600342042,0.28098828332100534,-0.3108804634244429,-0.18931014431515483,0.012318060733622663,0.005772400888131631,0.012779822350055566
3493,0.2048865440201521,0.9466054126677215,0.19394671155225937,-0.29096997307353717,0.19014762314641323,0.9108928252999556,0.9332330777865037,0.9295355074072598
3494,0.21081824178167188,0.9431485279198102,0.19883291439502646,-0.2924985705569479,0.19657840384800454,0.8777602706311741,0.9239737362220967,0.9228777395996552
3495,0.34093118952710066,0.901022525230762,0.30718668131763577,-0.2960177216591521,0.21086241985079113,0.2019840880130979,0.7438418098495412,0.7081300230866119
3496,0.504267924571801,0.8827049457022861,0.4451197909785561,-0.3898146505630327,0.36605438779094307,0.20654767868450452,0.7241279024618729,0.7242073922369269
3497,0.19884038254921915,0.9474752771193019,0.18839634655832943,-0.2850489576963907,0.18060246418791046,0.8993872878740361,0.9366301655909841,0.9368324238738209
3498,0.14621159529507718,0.9388450513378087,0.13727003269098967,-0.1892760928711826,0.11785586488749704,0.8031171249083274,0.8740409632660667,0.890209604995955
3499,0.14463246310121963,0.9397876567263062,0.13592380358444914,-0.18764737954692798,0.11804730683835547,0.7920033635453032,0.8776402034526952,0.8935189759139542
3500,0.22449007664869577,0.937551039985153,0.21047090482833142,-0.29618498345883004,0.19610952099776263,0.8068529759371008,0.902056432582671,0.8957952129823793
3501,0.10099789295324543,0.9042131159286673,0.09132361948948405,-0.06863263207679723,0.0379671142354366,0.2288121606225732,0.685456527585841,0.7314941602888134
3502,0.019976052698241348,0.970755229350244,0.01939185761859384,-0.013281135725995975,-0.018253882326394667,0.48159917601957275,0.23532836292212506,0.48788243436062495
3503,0.1612897175810788,0.9323624501545361,0.15038047626862777,-0.1965834970623174,0.13053531845740374,0.7258657141077897,0.8546713134583399,0.8631894720414341
3504,0.22945876683572133,0.9326223242135845,0.21399836843751338,-0.29104632488361587,0.19910702085488285,0.715213488916756,0.8847624966537565,0.8821204116906083
3505,0.3411991015187134,0.8985583184218533,0.3065872909077023,-0.29635549875925177,0.1736930690025725,0.1951853656116511,0.7505668916319037,0.7310558139054231
3506,0.16747807492053485,0.9422523485417863,0.15780660942313118,-0.22695959391325699,0.14858441560515157,0.8555439835417866,0.90302116586113,0.9119375372820419
3507,0.13291301855491736,0.9479234796513024,0.1259913710395354,-0.18340363493359835,0.10972565925655858,0.8887192631081837,0.8955036531008815,0.9067004332868412
3508,0.1651481101198611,0.9433616642621894,0.1557943960124275,-0.22456901850632843,0.14318220018245348,0.8395166731072625,0.9032274620264712,0.9119646360733554
3509,0.12983025300098802,0.9496891046484736,0.12329837672879312,-0.179997197097353,0.10540230872849944,0.8633461851955823,0.9016939932799697,0.9161181846606098
3510,0.1081672364044591,0.9912810282419227,0.10722412932509935,-0.12741936603563386,-0.061078517454951846,0.09047044821323552,0.9242059254564696,0.8485075783453752
3511,0.17181870160563353,0.9395962037503697,0.1614401997619708,-0.22644511157779082,0.14576746391263842,0.790524444706994,0.8928899898406193,0.9009713652071714
3512,0.07267107484519614,0.9111954546204037,0.06621755308132188,-0.04830094297438357,0.018047419906024206,0.29341226665379655,0.618330115681969,0.6344540220375956
3513,0.3403200128635821,0.8964454746680319,0.30507833547052454,-0.29387803407464375,0.1913451315572181,0.192426669961136,0.7557138555579559,0.745653615439004
3514,0.12996035804564188,0.9498186813513084,0.12343877590685547,-0.18025748427833435,0.1043844456309376,0.8620916443160244,0.900468534998148,0.9147925552795686
3515,0.08573847449899406,0.8992370119568086,0.07709920961821046,-0.05518138292577203,0.034595473028395794,0.2647966799521702,0.6368210831375466,0.6873763670873356
3516,0.15823556255354734,0.9329848290967574,0.14763137928605063,-0.1941504338992037,0.12838129377598154,0.7208179414486134,0.8577442736431111,0.8718051901844728
3517,0.4012751061669478,0.8907709162718773,0.35744419399742694,-0.33228344363621515,0.2472040536710084,0.20141935516762136,0.7423761675400569,0.7317668223707843
3518,0.11360758691348237,0.9915928951026143,0.11265247601316186,-0.14210297276082381,-0.05153502933971091,0.08422785214005875,0.8613389089551892,0.7905177602519939
3519,0.22915876411707806,0.9342356547665562,0.21408828804041324,-0.2958431772473095,0.2015484620920152,0.7672631073950292,0.8941620671452034,0.8927369881934598
3520,0.4801598412917393,0.8913150953171303,0.42797371470840473,-0.37696413807348683,0.30650643476785716,0.2187695915040079,0.712353913046427,0.6731279709795518
3521,0.11972129219214905,0.9378045216627512,0.11227516915710482,-0.1438470017496831,0.08447692310343921,0.6788312052702387,0.8442535857893334,0.8671946702387696
3522,0.06662570622389598,0.9188605822753443,0.061219735215395095,-0.04526748391109147,0.009896824133030764,0.24164146658791344,0.6551038972004035,0.7307633795977392
3523,0.17561668658773244,0.9442919666183839,0.16583342634893422,-0.24227313192551,0.15603838362235736,0.8620935497483773,0.9129919802866939,0.9179398326756719
3524,0.2175362843133007,0.9383082727345794,0.20411609519111154,-0.2905587810155038,0.19354935643800705,0.8020204490429528,0.907161833251259,0.9073357164894551
3525,0.13151377664705904,0.9299683711200242,0.12230365264830817,-0.15088622676525001,0.09596012964015826,0.6541441595343738,0.826127903908478,0.8475575800626362
3526,0.1461961121402949,0.9388451865924001,0.1372555161814386,-0.18925993831542723,0.12054176254098371,0.8031153457357246,0.8740408254054223,0.8902084823514961
3527,0.500766677496789,0.8842898045081843,0.44282286734784854,-0.38897767468513894,0.34370436195924753,0.2090756426730477,0.7238624600631409,0.7163209779791955
3528,0.01585187736223421,0.9743336371884701,0.015445017326611231,-0.008640782242893729,-0.0175916487898299,0.5409811194515429,0.15011893487564645,0.5489776377032869
3529,0.10289592354898806,0.9054328026082575,0.09316534443592527,-0.07065383172438795,0.042242025877123536,0.23122841557281062,0.6851206409965028,0.7212851125069704
3530,0.018156338288695544,0.978893947511782,0.017773129659780493,-0.01026214307239891,-0.02147963837169267,0.4607316254338395,0.2984429936588585,0.6343197438583309
3531,0.06755676917292869,0.9134566278907996,0.06171017855990056,-0.045092044877057466,0.021876346175292924,0.26300739644760673,0.6288673781535623,0.6924442309342683
3532,0.144883701484953,0.9410035854094594,0.13633608256473456,-0.18743642939124527,0.11772024261497636,0.7713554488890841,0.8751780494137006,0.884597313029171
3533,0.17162017456993425,0.9469409065678603,0.16251416369258798,-0.24221827665385437,0.15600146905433104,0.9084339485436393,0.9217151682009862,0.9270212174011815
3534,0.48278613488135136,0.8940738440673035,0.43164645547576547,-0.3855560863391059,0.3284787818840602,0.22745678312717574,0.7244024945833158,0.6658929853298333
3535,0.15808032610278966,0.9476612484667608,0.14980659919260234,-0.22243433147509759,0.13719791733029138,0.8978508069540698,0.9178526678459967,0.9255065784693974
3536,0.12130207548289958,0.9342595616043113,0.11332762386234684,-0.1453810862887932,0.08583063811062762,0.7168560124139175,0.8364506911370293,0.8634741167056303
3537,0.12395780894094374,0.9813535439330106,0.12164643510236617,-0.14395411474579092,-0.009364831379571571,0.1319122528260975,0.8558612954061482,0.7394931314896531
3538,0.13080546417561312,0.9480816285645217,0.12401425750075347,-0.18175353119167673,0.1098807795219335,0.8946432066238672,0.9003640711423857,0.9189925238408989
3539,0.23474733748007862,0.9316449218961266,0.2187011648919515,-0.2958529196463149,0.20380007044215848,0.7257165662002333,0.8837330799447776,0.8809948758264569
3540,0.496225864320124,0.8865365620491786,0.43992237175424487,-0.387611807016045,0.2856282327498774,0.21493085133027137,0.7257856786495613,0.7042448769214731
3541,0.14766678321902574,0.9390457416456822,0.1386658639643422,-0.19017069642471832,0.1205430136964211,0.796082312583314,0.8720595849714495,0.881797073643223
3542,0.15930326016189172,0.9471713482900102,0.15088748371453323,-0.22379881153058326,0.14001811759858376,0.9053332362356169,0.916068369449336,0.9238230628437414
3543,0.17614201229769635,0.9443289012024577,0.1663359929286734,-0.2425309930570591,0.1569889850741304,0.8598926688924969,0.9129103024993134,0.9154612310792619
3544,0.08578349431922648,0.9361046075995101,0.08030232428821431,-0.09876816444418907,0.05362820423848935,0.7120268125440443,0.7898083011987381,0.8381564098298384
3545,0.13066882108938574,0.9497195696979143,0.12409873653794516,-0.18055662723513602,0.10631361726998875,0.8580518797601453,0.8994356871276078,0.9103055059470665
3546,0.14911680689920262,0.9393233695234602,0.14006890150913817,-0.19116051379061802,0.11945351963935608,0.7896062797687725,0.870653081681277,0.8740355802113071
3547,0.14677451654915608,0.9388660816607083,0.13780161524015094,-0.1894906499309245,0.12303895244106887,0.8010831271290723,0.8747219050111474,0.8876496982321734
3548,0.2290487315250367,0.9348577481725672,0.2141279813752787,-0.2975264341825547,0.2075220177990431,0.7862283069248801,0.8969168319263904,0.8959913501189353
3549,0.24859289421104153,0.9260123560607063,0.23020009166831648,-0.2997185736523491,0.2118682157035508,0.6714158787019904,0.8676255777818848,0.8677616784482963
3550,0.06877330141669859,0.9195494748129509,0.06324045319887796,-0.047000512638720876,0.009205133425331363,0.24608487382398678,0.6570203884772703,0.71622967222609
3551,0.5015440432582674,0.8831637604685934,0.4429455232845943,-0.3880266273552567,0.3383989380820156,0.20580226995606132,0.7217704928758691,0.721740038673617
3552,0.13818899810251253,0.9434562500536182,0.13037527394846304,-0.18507468808910627,0.11298021249455842,0.8411055347973208,0.8872030170422927,0.9044082560625001
3553,0.015573690126491693,0.9745135003548862,0.01517677127860975,-0.008138227948638568,-0.03450654510449303,0.5504538171482118,0.15308968320641642,0.5586342604502497
3554,0.15820760075395146,0.9477076583719333,0.14993455484716905,-0.22257541939516745,0.1404594312418398,0.8963824625076273,0.916318664234783,0.9239916599140864
3555,0.19951873647554938,0.9475874086475707,0.1890614424735034,-0.285516215388952,0.18335856240404352,0.896043987590483,0.9350009839834758,0.9332776244359969
3556,0.1337909646621112,0.900128178135998,0.12042901727236385,-0.09325306619336418,0.07080908634634547,0.22615246104075115,0.6960725452270674,0.7154002334747562
3557,0.07426659907249242,0.9183225779846615,0.06820069471840451,-0.051685002286469134,0.015650672003019273,0.271779544090238,0.6401120495369086,0.6549011200982214
3558,0.49350432894430446,0.8866384951308415,0.43755993555573386,-0.3850471840101954,0.3550363125542046,0.21455435887748583,0.7237687795333733,0.7024996140634168
3559,0.20568841886696296,0.9466101827935296,0.19470675178216787,-0.29105728788823904,0.18746813311390226,0.905736753004018,0.9315745336964749,0.9242057551416073
3560,0.12319825974119472,0.9336885805113847,0.11502880825922898,-0.14699931892920157,0.09147521213252752,0.7198067833434728,0.8310368651257467,0.8527905957071416
3561,0.1989678101251608,0.9475100500805896,0.18852399973611633,-0.2850665220766881,0.17623842452951533,0.8974947205192214,0.9345844957849758,0.9348566943989437
3562,0.2683797517787054,0.9066980288886939,0.2433393919313891,-0.24646052675927108,0.13581658760015827,0.16937987060884557,0.7621837073286067,0.7624723384319683
3563,0.17118276407583585,0.927672201481924,0.15880149160599147,-0.20028603916377027,0.13305665176709727,0.6653488137777813,0.8445460857868388,0.8546171809453735
3564,0.131032111580561,0.9482974506969608,0.12425741737128572,-0.18181305730580677,0.10855453628424143,0.8894711235183251,0.9000244585928538,0.9166692539491353
3565,0.06914172967045422,0.950958522434332,0.06575091708596915,-0.08907195891387398,0.04268538357282576,0.8577194687423678,0.8092654944118085,0.8748302100614046
3566,0.48717457925174673,0.8875919449120232,0.43241223230975445,-0.37920835282973825,0.2240480004247839,0.21233389769207547,0.7147901406728784,0.6941860386647565
3567,0.09292094912287824,0.9995991995227108,0.09288370636211962,-0.11218819023714405,-0.09630945516977349,0.027628787015197286,0.9401547955607147,0.9398176829153342
3568,0.11054691405069796,0.9420423010076726,0.10413986928161692,-0.13954976363533825,0.0793597764787786,0.768964831065203,0.8527363283884888,0.8796026745308995
3569,0.02591604609154926,0.9864687195567879,0.025565368803905295,-0.018274539560168775,-0.02734830852008125,0.30088007519078214,0.5149961154234596,0.7273899547399231
3570,0.1460188970161796,0.9387278847182875,0.13707201032489572,-0.1889719237311335,0.11952174420746246,0.8047649920800418,0.8758284311369222,0.8920379156910264
3571,0.14610553458235226,0.9400407881651861,0.13734516188409027,-0.18865975264576407,0.11965663557083263,0.785020518731748,0.8754571003248723,0.8849322028219846
3572,0.1578018920922639,0.9476979162353439,0.1495485243138331,-0.22237807023574463,0.1393407490713359,0.8984578194768499,0.9166152630333598,0.9261824071477878
3573,0.24983472167144777,0.9263930229443622,0.23144514304567587,-0.3002556021297435,0.2137998357747881,0.6669002822797423,0.8654195480050705,0.8605949099612933
3574,0.2135756861141289,0.9407753398794813,0.200926738694013,-0.29074322790301554,0.19328679440791405,0.8352726528267346,0.9158178872015085,0.9147911951769546
3575,0.11052218720255079,0.941045050983478,0.10400635729082992,-0.13980751786964704,0.0805890365195992,0.7813296266616045,0.848544154531753,0.8791231802193167
3576,0.1999698229989747,0.9475903310444942,0.18948947077450737,-0.2855128229299929,0.18603545322653625,0.8922357855167935,0.9327092158828407,0.929238699899788
3577,0.2136844025743326,0.941527980119673,0.20118984393889042,-0.2931595210486491,0.19657925691119066,0.8619515675643996,0.9192351862313306,0.9193881485428445
3578,0.12172738047007743,0.9842487212391177,0.11981001856746125,-0.1405146579865205,-0.02046516401686977,0.1345380260348234,0.8978610890441089,0.7719745746453294
3579,0.2551821805223379,0.9252331570439923,0.23610301450605267,-0.3049773569272644,0.22338799009020338,0.6781862045432021,0.8656172022810591,0.8631460940435706
3580,0.2395766596939443,0.9303705042012003,0.22289505767429432,-0.30017099958864313,0.21103323762905088,0.7386381247356573,0.8825922675497168,0.882804881022033
3581,0.1388319710116016,0.9429582356345301,0.13091275043476408,-0.18578508557897527,0.11415054346118855,0.848261927293167,0.8862187709631044,0.9035748024820084
3582,0.17614814933752537,0.9443548306721596,0.16634635574085307,-0.2425658072190924,0.15784880994457612,0.8597999224430857,0.9128395715019003,0.9153648191248486
3583,0.21687057082818034,0.9400530591861099,0.20386984355446885,-0.2940658374019369,0.20087508867301151,0.8452864296669071,0.9141194428981574,0.9142791901553293
3584,0.27522235539123163,0.9100843801502668,0.2504755667097255,-0.25306442525577333,0.1422941792387524,0.18591359830933626,0.7618744639877308,0.7294220090982791
3585,0.1329534457237617,0.948002543334023,0.12604020469114807,-0.18352845516785268,0.11101572500715307,0.888432744038393,0.8952944346262351,0.9064104509689738
3586,0.16026139089858538,0.9472948588766898,0.15181479167465745,-0.2244151428687088,0.14162112791360998,0.8998858398662936,0.9142717869987363,0.9181966642434551
3587,0.04365364081587097,0.927053420487004,0.040469257035064266,-0.027571069215515547,-0.0026613074100729685,0.2925965212094153,0.5808435864595987,0.7094915030090445
3588,0.10255465188253579,0.8943912658959374,0.09172398492073836,-0.06652703695284755,0.0435460082755609,0.24876596596919412,0.6494565332057413,0.7004247278654324
3589,0.01745159650813939,0.972570702518699,0.016972911475994,-0.010112227945176307,-0.017620543924948228,0.5213780017404761,0.2035809835477862,0.5286415580743203
3590,0.20184648221927132,0.9470425803074545,0.19115721334692143,-0.28803057163436624,0.18680725547464846,0.9051160209929165,0.9349431031697629,0.9332043555489328
3591,0.16623042186016584,0.9427113464109987,0.15670730480626527,-0.22556530511379003,0.14350295082361691,0.8476115354859803,0.9031792868196138,0.9121145076154007
3592,0.029094871886633938,0.9887269341254202,0.028766883479243454,-0.020286834214605896,-0.02385979292901212,0.2579764268328952,0.6151529447220376,0.7936887651136991
3593,0.016732515002760847,0.9735086077719357,0.01628924738486074,-0.009312959714994403,-0.016990266806945244,0.5332042159163236,0.18914457805207796,0.5407701452571334
3594,0.1701884588455885,0.9472408250580518,0.16120945617225355,-0.24087798968933002,0.15213089372554098,0.9060595564911765,0.9244497617817045,0.9309354053047915
3595,0.20230742523762552,0.9470850321262838,0.1916023343305623,-0.288192924763843,0.18870342419352734,0.902415824047899,0.933991592509816,0.9303682915863247
3596,0.23543329773040322,0.931818878943182,0.21938119155704075,-0.2961527993709526,0.20360636649698408,0.7230046024934592,0.882692440155169,0.8771630506725401
3597,0.033620656089359775,0.9262415248229755,0.031140847761757455,-0.02028289732045665,-0.004283408940036474,0.3634587379674915,0.46650902321165016,0.6356347091792844
3598,0.13890811756371127,0.943496527568368,0.1310593265724202,-0.18547067816670626,0.11399868914082033,0.8374601852315168,0.8865065497212051,0.9002595272622016
3599,0.10142511088316616,0.9992318841502565,0.10134720464793481,-0.13415209720497154,-0.3320001325228037,0.0244041748938256,0.8414832965667867,0.8408216736688707
3600,0.23012867872689763,0.9327866850795128,0.21466096737139104,-0.29135263293916625,0.19989112202041917,0.712616921678131,0.8837283803964479,0.878337540848307
3601,0.199884454231904,0.9476136994611707,0.1894132471394716,-0.2855168492432894,0.1843343474350555,0.8930162721438492,0.9336073107854798,0.9300566068336683
3602,0.13262414000675177,0.9282228380076208,0.12310475562538718,-0.15193602532434092,0.10002332605699579,0.6704394727266123,0.8209443547837226,0.8453575768524779
3603,0.16622375802713169,0.9427679622088682,0.15671043362593892,-0.22565086105737986,0.14553364941866828,0.8481632079615198,0.9038790615281009,0.912716010650968
3604,0.13138898422108794,0.9479115733491975,0.12454513875376436,-0.18258359908813251,0.10675233798927089,0.8975377181731053,0.8971775996582113,0.9158330990005089
3605,0.06726399303124556,0.913039567208179,0.061414687085942415,-0.04444473128839324,0.011104466836021433,0.26434555102066537,0.6320344094163463,0.6959498366253936
3606,0.3645930561200816,0.9586198819256997,0.34950615240876265,-0.3416990285358266,0.11716729031755803,0.3011266054151517,0.6292033743765709,0.3012954915559715
3607,0.1132477842308094,0.9484260443086234,0.10740714802474306,-0.15477174139269276,0.09034797528169623,0.8870372749212398,0.8813795012817222,0.9049815330180606
3608,0.13056551603420133,0.9482338559763263,0.12380664272664957,-0.18145185991234195,0.10964097397226391,0.8925253776498995,0.9013073375978564,0.9198679128589521
3609,0.2022790702072441,0.9470671391797215,0.19157186033710868,-0.2882394043390595,0.18733294348204577,0.9033730267827791,0.935017092761259,0.9313553917101821
3610,0.21855090588071446,0.9386453751260014,0.20514179703453067,-0.29117389389717685,0.1886786045688876,0.7963739352655993,0.903700728929219,0.9005775377689759
3611,0.22098486293399455,0.9379424662803565,0.20727108735093738,-0.2934777806080214,0.19845565460407258,0.805045765706852,0.9053651188343943,0.9022526439891599
3612,0.17654812186091753,0.9439227779285099,0.16664779362501836,-0.24327848005536917,0.15711827741896156,0.8683638531227972,0.9137199555693051,0.9186608872909799
3613,0.5028377843795164,0.8832394777495287,0.44412618206809423,-0.38861267737312755,0.3337897075240943,0.20553500643939132,0.720362186909034,0.720484625502551
3614,0.09597849644585253,0.9962072990157251,0.09561447870791312,-0.11710279392720309,-0.16277758470667109,0.029623404495330616,0.8981521255979492,0.901364051693733
3615,0.22382112035367355,0.9374961903509228,0.20983144765164433,-0.29577582125098284,0.20205291923459667,0.8077563490798556,0.900010948856182,0.8971072197425448
3616,0.12910383250942073,0.9496862062211239,0.12260812890447916,-0.17958093228421912,0.10158380834645014,0.8670284473550094,0.9021434719221886,0.9202213142761003
3617,0.09953612842519183,0.9499085047831884,0.0945502149242814,-0.13415726496608998,0.07405237584391915,0.8638212022664018,0.8670646220908904,0.8983969738428094
3618,0.1001319682714164,0.9499100438415636,0.0951163623706432,-0.13452351744586374,0.0707885573692103,0.8602889134455953,0.8668965310658091,0.8945981415103527
3619,0.22060391320437558,0.9378981807494353,0.20690400886059018,-0.2933316578907914,0.19928921235524355,0.8065287935204353,0.9055847127011492,0.9040920216241972
3620,0.18210006639400717,0.9408814247004905,0.17133456990684737,-0.24530778768004685,0.1620273392942663,0.8370886810390364,0.9047310315537908,0.9105756083720121
3621,0.06688842767772796,0.9129644624553526,0.06106675741928063,-0.04381394492933159,0.01673289671339694,0.26584679103681824,0.6371407966359285,0.7009504306681681
3622,0.1836462559830294,0.9344270394003062,0.17160402727517293,-0.23350151266588123,0.1578241484265844,0.7702032577009738,0.8795404616247414,0.8872825291873706
3623,0.02543301505994785,0.9846701825099715,0.025043131580857705,-0.01686611959719108,-0.02323542862454167,0.30852119059053107,0.5249561575876793,0.743387705593589
3624,0.2094683587056383,0.9427112850386714,0.19746818561033366,-0.2884694099313982,0.19093294539681172,0.8428075282333114,0.9194735645084315,0.9161196424352126
3625,0.02448766875806082,0.9730614482866993,0.02382800642688362,-0.01643814481503824,-0.012584688316363184,0.4235224515728227,0.4017873936504319,0.5500527013770764
3626,0.22463388437831028,0.9336339665733643,0.20972582449890434,-0.2866380267446093,0.19205696819736243,0.7048402632904787,0.8856019740008518,0.882995589713843
3627,0.04332391688782669,0.9187970016381161,0.039805884935754106,-0.02692444543354511,-0.002704402531413267,0.33294122697750633,0.5311200694180617,0.6414830234289183
3628,0.13257311856533896,0.9489389335768176,0.12580379375234574,-0.1825412914939004,0.10965846516339559,0.8682484055451744,0.8959775363170477,0.9033555184428458
3629,0.1662403387464553,0.9434089081584718,0.1568326164686879,-0.22507747939634676,0.14456921006197876,0.8349759546216883,0.9030597724954913,0.9066379531549452
3630,0.119691315997749,0.9378142346580923,0.11224821990764886,-0.14381832079139747,0.08398030010046288,0.6792191266365181,0.8447974472225229,0.8677039214451856
3631,0.16839087013709214,0.9423550889279767,0.15868399340269884,-0.2274624096791359,0.14893972001901296,0.8503717609934979,0.900769780295523,0.9062149056094979
3632,0.04376557411055644,0.9236759456449021,0.04042520805326026,-0.027883737877248564,0.0004744028220610158,0.3098655004699767,0.5530513410735126,0.6718794846034641
3633,0.03581745625557873,0.9312378964576488,0.03335457261990899,-0.02231988437266316,-0.004620840432866616,0.3441565461305408,0.5042300491161789,0.6481336165797311
3634,0.04454815338599773,0.9200359312253792,0.04098590178485745,-0.027956028573196685,-0.0009698164339081124,0.33439117043030964,0.5399820300013797,0.6335277391981322
3635,0.11714068684266478,0.9260096231419753,0.10847340327776815,-0.12694290406855782,0.08076188356527277,0.6184358942563069,0.7987106408717735,0.8284425555885105
3636,0.10518044084955754,0.9447661310395058,0.09937091816246607,-0.13716854428382733,0.07916469844447878,0.8276998098817273,0.8574345907055252,0.8885480406288814
3637,0.19709387482547505,0.9480338836960813,0.1868516716035044,-0.28287418556628025,0.18029456953526737,0.8887609930169307,0.9367427937290215,0.9350380003998703
3638,0.06636623406587598,0.9184849291032264,0.060956385790844225,-0.04465389898637669,0.015596703177712834,0.24283270769796528,0.6582863176612976,0.7343341031219931
3639,0.1662105807843775,0.942767808145592,0.15669798493669346,-0.22564373580720545,0.1461408316322496,0.848161277499886,0.9038778752766768,0.9127147449381573
3640,0.12078818346584944,0.9361412056621828,0.11307479569946523,-0.1448440250727514,0.08819318722328631,0.6957158532152113,0.8395800010113023,0.8631669446646368
3641,0.06716861804442889,0.9133843202431503,0.06135076253418247,-0.04445856454446017,0.011400582219116854,0.2645039731139188,0.6339298103381489,0.6973941448718376
3642,0.14681507085844628,0.9389369819148499,0.13785009953144436,-0.1896049521253762,0.11860203196907747,0.8008513131137104,0.8745424872853308,0.8874002863252038
3643,0.33844207359645057,0.895944822399763,0.3032254235209794,-0.292179205607179,0.19154425592359392,0.18610939978345076,0.7467347951391718,0.7468918588194204
3644,0.19127380634765923,0.9495897425895754,0.181631644533802,-0.2760633572502743,0.1687465102560007,0.8615479697944438,0.9369125247768404,0.9334202629611303
3645,0.10279975951087504,0.9052103332086145,0.09305540456060464,-0.07036503058023938,0.0443096350504806,0.23155006215352422,0.6855197444925756,0.7218939206796876
3646,0.21194082763772465,0.9421629601064815,0.19968279753457624,-0.29096271862161865,0.19579884101662828,0.8506495261294944,0.9192719520418041,0.9158878093121032
3647,0.21107759171102677,0.9420999305518626,0.19885618449201273,-0.29060647952414503,0.19201339953307373,0.8542143215539817,0.919857126089276,0.9199701552336302
3648,0.04197125297186715,0.9174571030529999,0.03850682416307385,-0.025695613465828986,-0.005115126496869709,0.3323349544489828,0.5235959007732217,0.6520361967406582
3649,0.06582429175218538,0.9125679337561527,0.06006913791525397,-0.04421886839008779,0.019557702915086524,0.2567033378692026,0.6178395163478568,0.699363439958141
3650,0.4989194435939622,0.884949304807337,0.44151841476334025,-0.3876202350533857,0.34567484659556574,0.21029646697350984,0.7227981864452374,0.7118558900136479
3651,0.2038300226687532,0.9444803711264829,0.19251345545690343,-0.28546286497661255,0.18627600854814694,0.8585966944048256,0.9264569468666606,0.9265987812240306
3652,0.17192361376887116,0.927958105834955,0.15953791098126208,-0.20097664256894607,0.13347198246037542,0.662706487832322,0.8430974824084544,0.8506162028600344
3653,0.04360502444086048,0.9233711427721417,0.04026362124856451,-0.027525024967880944,0.0012652790685989492,0.31117926445584493,0.5553762835662802,0.6747292109106362
3654,0.016364194905661628,0.9727531104454475,0.015918321494417895,-0.009418013571218554,-0.020116398389638683,0.5251487136980122,0.1451211620806728,0.5328804709814401
3655,0.16703024760546376,0.9428530818706355,0.15748498372042685,-0.22608957094360357,0.14478935487215433,0.8442477134180121,0.9029295106375604,0.9082684408996584
3656,0.20851297943697414,0.9425542908544517,0.19653480346716604,-0.2879671214405434,0.18572980261830468,0.8473698990083953,0.921196743216299,0.9213496103345152
3657,0.10125429616162016,0.9509304034206743,0.09628578869704588,-0.13517821614032366,0.07344523996508812,0.8373207756819339,0.8668036564093939,0.8869249804395932
3658,0.15948424633278285,0.9410519490438298,0.15008296085325157,-0.21252880669849458,0.13728305423924783,0.8363695065474428,0.8932021271942631,0.9035277487275267
3659,0.22612132034603022,0.9378381460439782,0.21206519985433747,-0.296785336366517,0.2079573454285719,0.7987570814374554,0.8986459033474578,0.8861679588651826
3660,0.1600577810382307,0.9333560821752369,0.14939090343150493,-0.19528500454109665,0.12962670370709142,0.7148155120430161,0.8573680427096916,0.8630348140180983
3661,0.20737357341403773,0.9438334151404472,0.19572610800524948,-0.2889974307916595,0.19100451656811754,0.8675667572634519,0.9252643257188784,0.9241828421227699
3662,0.12971330394272354,0.950657026987841,0.12331286388695976,-0.17937684841114232,0.10198508251087583,0.8424595475452672,0.9002060956461861,0.9108650892234016
3663,0.1439222977103982,0.9408081916178209,0.13540327664240137,-0.1866229072967452,0.10980370623497822,0.7772735547440087,0.8793363684104579,0.8918050619072483
3664,0.04934279524486505,0.9139359306543117,0.04509615349320088,-0.030754030254979352,0.008325831609132868,0.2982493343382388,0.5693215334149314,0.6863267641088857
3665,0.1654489362597364,0.943320152452292,0.15607131577560407,-0.22462101584337496,0.14427663538503388,0.8384294497189897,0.9036023527088133,0.9106482152544482
3666,0.12083902305191964,0.9351945951577025,0.11300800124229228,-0.14502858180057193,0.08802058971458,0.7064913096043031,0.8373840651886199,0.8640483990659942
3667,0.1310675147101896,0.948079083326587,0.1242623692003305,-0.18189802453645015,0.11067396074517132,0.8930385578282528,0.8999321357176538,0.9173135604569117
3668,0.06635813900605814,0.9184859362267369,0.06094901743124326,-0.044648010893645604,0.017748499657211602,0.2428285746637439,0.6582809185238515,0.7343274498607923
3669,0.10020127750556085,0.9499605286113001,0.09518725854671016,-0.13465569466198277,0.07403149021390978,0.8593416300593029,0.8659492733837625,0.8936148228179784
3670,0.11140643333607969,0.9402801317415913,0.10475325581410981,-0.14061229444604806,0.08245519930147228,0.791403625577623,0.8473154411195386,0.8749946581892923
3671,0.11274737904050765,0.940572229024378,0.10604705362078672,-0.14170322402669558,0.08384720310761275,0.7838814872747276,0.8448493366821258,0.8661091379948033
3672,0.17655773284464307,0.9381959031447631,0.1656457416233717,-0.23075682976552125,0.1535984770069738,0.8062829673473186,0.8894367844628667,0.8944439311256233
3673,0.06576092994987436,0.9121780031551022,0.059985673767298936,-0.04390585774517304,0.01969028698452512,0.2572968645036592,0.6184762157308765,0.7004318643390156
3674,0.20756237884159048,0.9441627405972914,0.19597266445196931,-0.29058969729258355,0.19343615270545805,0.8847391021596622,0.9279929650870551,0.9281159114587144
3675,0.33847875900976565,0.8952801672730305,0.3030333199846308,-0.29139938055907727,0.2068849899310638,0.18733796631870542,0.751659882820484,0.7518489484661185
3676,0.4003502130658307,0.8908567090365718,0.35665467327391626,-0.33118818358827923,0.2598505861448921,0.2010750614970426,0.7403607998805686,0.7299911575964653
3677,0.14690803864399316,0.9389953395931905,0.1379459636354859,-0.18974718472485894,0.12031202946640233,0.8000373442709818,0.8736580773339626,0.8864978030516293
3678,0.1989395160041756,0.9474761287245709,0.18849044247397612,-0.2851726000624256,0.18288762104519576,0.8993983995599373,0.9366379414703371,0.9368400606965014
3679,0.42716442023156537,0.8919879125719579,0.3810254995273646,-0.35001920272411663,0.27310977892701055,0.21034248841635125,0.7347515224515737,0.7074438499750163
3680,0.19450877916351897,0.9485148389466986,0.18449446334200417,-0.2801278746002532,0.17317659380017086,0.8808668451862319,0.9358216744265703,0.9360870151777776
3681,0.1824164240225252,0.9409196526558635,0.17163919832999913,-0.24547741543430954,0.16161142994838626,0.835453207278596,0.9039875914042005,0.9087045039939908
3682,0.2043824313780756,0.9465236060635324,0.19345279596400858,-0.2907522015023477,0.19277074430477964,0.914022743655067,0.934538596618577,0.9327637270228958
3683,0.14482153459379743,0.9399010374643706,0.13611791061189243,-0.18794934066209976,0.11476972113993544,0.790408900837853,0.8758793755149312,0.8917177801410295
3684,0.25448459519468614,0.9250244623461029,0.23540447584533017,-0.3042935879093398,0.21885288805125555,0.6787683836308839,0.8641681988841338,0.8644588651932109
3685,0.06328340754328926,0.9034549668224762,0.057173708862435633,-0.039772141305355044,0.014717804937751704,0.28232906107881556,0.5954317868998402,0.6855069996757862
3686,0.16618494503616635,0.9427291844954753,0.15666739770937047,-0.2255714403208688,0.14616988743025675,0.8482935450823695,0.903980402343562,0.9128548215731863
3687,0.04790824698202189,0.9331280460828977,0.04470452889759096,-0.03209871740352306,0.001994389381154204,0.27837013402174643,0.6086267989539541,0.6993976856601302
3688,0.2115273488523216,0.9421231021488237,0.19928480209006563,-0.29075615196198434,0.19289315092056694,0.8520768755745272,0.919148869697368,0.9175426742381834
3689,0.046434251341860355,0.9322526032024457,0.04328845169120597,-0.030448115967815596,0.001241263936047726,0.27788289504837144,0.6088136501429456,0.7142395348727929
3690,0.08175294782774747,0.9508209891246414,0.07773241871743405,-0.10734841648136428,0.05512433022987505,0.8484154186865467,0.8350534541184733,0.881795002625713
3691,0.02056231983879302,0.9819739506029638,0.020191662445661278,-0.012290703241853565,-0.022904132059607177,0.3973531346650283,0.4012207746296812,0.6878060976675019
3692,0.10505150154829394,0.9018359855873057,0.09473922443623203,-0.07049723308719373,0.04501805055296394,0.2446487604655755,0.6751747398823652,0.7030701951383258
3693,0.19534304843542483,0.9485766961062477,0.185297863492198,-0.2806660453793494,0.17263876691429617,0.8784182828878013,0.9368437438335361,0.9332856745247228
3694,0.34026177762643567,0.8985571604286209,0.3057446567064049,-0.295601432507798,0.18748011986641566,0.19519055587551454,0.7505670318258487,0.7310513634539509
3695,0.11113254904712981,0.9412398030029043,0.10460237857233107,-0.14032941220517475,0.0816808173910271,0.7783529080515555,0.8481929727752328,0.8754529813243789
3696,0.14397990056123394,0.9408621427035793,0.13546523774829083,-0.1867316337476724,0.11585590063833348,0.7765023741567598,0.8784703494702172,0.8909221666254601
3697,0.49588991950523637,0.8865367140552688,0.43962461977130396,-0.3873566844936262,0.30866407764491016,0.21493693017322119,0.7257936568936006,0.7042486125121289
3698,0.14694711487776677,0.9389818125368964,0.13798066827499297,-0.18976620629401886,0.12036318447163351,0.7994543700691424,0.8729526944306117,0.8858447457392699
3699,0.1489882884699587,0.9392806814330666,0.13994182111960912,-0.1910022284170382,0.12344530109040353,0.7909554267589315,0.8722040760115994,0.8755361840375382
3700,0.15541720279645502,0.9486141605874538,0.14743095937160927,-0.2196167622845951,0.13475384311539484,0.8839633110579693,0.920232186892473,0.9296097274146815
3701,0.15901098110134448,0.9477264798023317,0.1506989173690923,-0.22295999659308038,0.14142092516109073,0.8922809140364787,0.915729968444112,0.9196623710381793
3702,0.21847142860995822,0.9385856546385867,0.2050541488417049,-0.29110178255808916,0.19023109132228438,0.7972049332507539,0.9046394354673356,0.9015168872036025
3703,0.22376472689965995,0.9375331625012857,0.20978685206647474,-0.29602498296009183,0.20084770461122256,0.8095942198094092,0.9022793202682067,0.8991723896627061
3704,0.1306372553644065,0.9498198334137219,0.12408185612784645,-0.180624319258109,0.10589569918115019,0.858478741678262,0.900036232209178,0.9107688342067817
3705,0.40057730893185545,0.8896984199184644,0.35639299881186237,-0.33098280122917734,0.2392072630918406,0.19588155446201402,0.737292326740089,0.7372640588474568
3706,0.1235182238254963,0.984496108822959,0.12160321072492443,-0.14526456535263332,0.008831192200193688,0.13176704700841954,0.879851026133522,0.7564233975118198
3707,0.1692265966093754,0.9424908143728609,0.15949451285191785,-0.22799715898424966,0.15044880393239615,0.8466493467530657,0.9001414670593205,0.9020500584463437
3708,0.12264976438555716,0.9335983013205095,0.11450561168771689,-0.1466476294367287,0.09200355674544161,0.7221654498858795,0.8315214358885363,0.8560391351447149
3709,0.12938233488214126,0.9842325265549938,0.1273423023526342,-0.15910344948311997,0.045661302286273214,0.12349493344711832,0.8176017129921169,0.7038429315056306
3710,0.11091833718236747,0.9401171726758087,0.10427623354978935,-0.14027490323579717,0.08266763525449126,0.7931884602111077,0.8461734440193333,0.8772350187200492
3711,0.045023282768110066,0.924422554433729,0.041620538065488405,-0.02890235005806217,0.0004025185676199381,0.31168537525744194,0.5595558094987674,0.662236471699893
3712,0.04337733508437508,0.91912512337424,0.039869198461072,-0.027105854970003142,0.002811850943362089,0.33236484298061286,0.5306498623416482,0.640630815477508
3713,0.19927106450258064,0.9477109853334844,0.18885137688819303,-0.28544995939115686,0.17936805589298838,0.8950061382185337,0.9320862566162001,0.9322677619707264
3714,0.03655637469249283,0.9235448485198657,0.03376145152781374,-0.022028306793123918,-0.0027005979218584666,0.3391509631467947,0.5024428913812135,0.6661650752229895
3715,0.14672332086187312,0.9388788205294359,0.1377554184349574,-0.1894544134066602,0.12128220342833533,0.8016692559883851,0.8754319905976491,0.8883060574600795
3716,0.1581535884751336,0.9476782697658335,0.14987871908337227,-0.2225009230584309,0.13722598893269985,0.8969200384783377,0.9168657689153323,0.9245458862823228
3717,0.2027698630994659,0.9689549943336595,0.19647487155057988,-0.22712884140282913,0.11838902322327903,0.25323103622056226,0.7995543340631834,0.5267465824973904
3718,0.21260102534854566,0.9418164748511504,0.20023114824350735,-0.2919910880260611,0.19580237716375998,0.8574044138840781,0.9196638199295164,0.9189142684092971
3719,0.09866739642694543,0.9507604920032067,0.09380906237155807,-0.1332377000444898,0.07115664047067936,0.8543271448210815,0.8712494720388979,0.9056639525691008
3720,0.01596081545032254,0.9750560604544039,0.015562689834631277,-0.008953799433768471,-0.023945534485535803,0.5364630562070966,0.14921850111241133,0.5444419513467369
3721,0.13504924247541641,0.8906847274100622,0.12028629772115165,-0.08878808773277347,0.06141469032603019,0.23651945674889666,0.6741586642558861,0.7096403779351637
3722,0.13097356525970894,0.9487103556239567,0.12425597767487596,-0.18137148292812316,0.10733194201009946,0.8773182242557214,0.8982386218936232,0.9130448634246803
3723,0.16444268452401847,0.9382544497965289,0.15428908049114715,-0.21453953520518157,0.14191155703949604,0.808368860777209,0.8857309863580702,0.8967213026243825
3724,0.01862862533855667,0.9781436491909878,0.018221471568067523,-0.011082170438428001,-0.018464793971722203,0.4495302828002938,0.2903397217489629,0.6184076597983411
3725,0.14731160738916615,0.9765718783415994,0.14386037312955824,-0.16891698081046772,-0.05785346719472464,0.18625088517711805,0.8483166594091578,0.6608950721666418
3726,0.14752507172082074,0.9390013078243828,0.13852623528273655,-0.18999038587440129,0.11778398708059654,0.7974613098994269,0.8736357608814518,0.8833328306956354
3727,0.23389405720042183,0.9314015846857711,0.21784929552505727,-0.29529263763552327,0.20195660988248185,0.7286586485351977,0.8849512793317799,0.885104242343509
3728,0.06661129509495176,0.9156007385438751,0.06098935098430183,-0.044101302896507974,0.017325831955719333,0.25435004457665294,0.6482729430502663,0.7185443993205645
3729,0.1301413523446949,0.9486442516794613,0.12345784580758619,-0.18080472621356325,0.10917465796892757,0.8822014125719716,0.8997108777594655,0.918261179689803
3730,0.11082408093601427,0.9401444958926138,0.10419064970435138,-0.14018303821519634,0.08255602815575239,0.7943095774539582,0.8475010622770182,0.8784889403040109
3731,0.2346919667020553,0.9315859681361692,0.21863574301391578,-0.29579703199236035,0.2014153387498139,0.7263810381110968,0.8845391293377605,0.8818020062324635
3732,0.14691866025454373,0.9389956326233445,0.13795598032988948,-0.18976131471181462,0.12102071185346747,0.8000381057356891,0.8736571885445508,0.8864976201381813
3733,0.12536019259369044,0.9837363198433349,0.12332137451696872,-0.14968213858495988,-0.10860218259474269,0.12850720913350908,0.8491310689114855,0.7311898229438982
3734,0.06837739213218372,0.9146846352300612,0.06254374998040932,-0.04698386560737509,0.013866547131947862,0.25909845272436843,0.6195731114545755,0.6821436746829622
3735,0.23978191518238912,0.9304992258880761,0.22311688645917338,-0.3004502147192281,0.2094902706781749,0.737749296968081,0.8816053215186026,0.8817529397672095
3736,0.22959621252449292,0.9327361352406901,0.21415268393599565,-0.29118158978077907,0.19531707665868006,0.7139272708494735,0.8831775838052779,0.8805327094826881
3737,0.14614967600423212,0.9399439401094176,0.13737250230913275,-0.1885883204484435,0.11913098224745154,0.7841263888644191,0.8742496504219188,0.8838996940783704
3738,0.1988820886389847,0.9475000084296434,0.18844078066194309,-0.28523070413626966,0.18420294219318487,0.9001952428258394,0.9375480849322478,0.9376749539363559
3739,0.1902307110401515,0.9494766599352774,0.18061962013551594,-0.27552710966217114,0.166245383442388,0.8673566030130476,0.9398645751906373,0.939986295871499
3740,0.16270828492831763,0.9442883932173288,0.1536435449381084,-0.22192863933117485,0.13928092437681602,0.8263371781911906,0.9058725864867636,0.9144712898087701
3741,0.016831594645286888,0.973187097540791,0.016380290739829866,-0.009457796150227998,-0.018668516163444854,0.530309744069008,0.1879376508120586,0.5378262639163802
3742,0.09912733022985729,0.9489988907489505,0.09407172643103948,-0.1342082129655152,0.07535709515416192,0.882640181330535,0.8648380033599065,0.9004967650207739
3743,0.23234934395642687,0.9337997497673437,0.21696775924511788,-0.2985332765057618,0.20630625159172025,0.7714653810768624,0.8927216846810645,0.8897586773003788
3744,0.10058294308958972,0.9508170118054844,0.09563597338704478,-0.1346027942352412,0.072573692866934,0.8417172476220542,0.8680745198274942,0.8917536065348639
3745,0.12601702399795134,0.9395227006486958,0.11839585471426675,-0.1610138542769953,0.10037085829685101,0.7979340673927761,0.8612418757979765,0.883320873950878
3746,0.021826418493731535,0.9762524277302668,0.021308094043162203,-0.014441360677884922,-0.017530684826662202,0.4287786939390167,0.35001788431248987,0.5717727228530641
3747,0.15767651337712696,0.947586141242223,0.1494120788755595,-0.22213894402511253,0.13893691223370383,0.8992967025295014,0.9173890659679615,0.9270456367621296
3748,0.04629648388610769,0.9287992125265858,0.04300013777616658,-0.030095831906986267,0.002689469209747332,0.2954496674383534,0.5887725962641243,0.6855380352542789
3749,0.11849043282632565,0.944525091073945,0.1119171868566764,-0.1566642671326035,0.09285627454151181,0.829479917539995,0.8744506510445473,0.8994514186618368
3750,0.14733041834303037,0.9480390411699289,0.139674988541091,-0.20651740163136142,0.12742435898488202,0.8929482086555416,0.9121866517486609,0.9234779778698464
3751,0.06932242024039217,0.9146593129258841,0.0634063972674365,-0.0462641364056831,0.01795090529774319,0.2683770817606212,0.6386354155919713,0.6849333587119529
3752,0.14680984643413236,0.938936876891036,0.13784517870771684,-0.1895940085542061,0.11859772429256457,0.8008517468691418,0.8745431270593015,0.8874001817832576
3753,0.04372008816369923,0.9233663720509127,0.04036965919346101,-0.027708445488924434,-0.0015526859243541196,0.310394455304501,0.5535088704819694,0.6727194039224628
3754,0.146018400113924,0.9387414716304048,0.13707352780806226,-0.18899716570418443,0.12130533598082031,0.8053649969266953,0.8765471981084216,0.8927074239254531
3755,0.14541567852882936,0.9399013326255362,0.13667639003389329,-0.18817238999369496,0.11822921514511726,0.7879192388861492,0.8758430750175806,0.8885455064503368
3756,0.11880531835443027,0.9440500610283373,0.11215816804299093,-0.1570562129122293,0.09475020927348363,0.8363374186315845,0.8733826290425313,0.8985976920747276
3757,0.20702932267360696,0.9437761211405247,0.19538933111524684,-0.2888344329254505,0.18998639371473902,0.8695074343582018,0.9261986097520797,0.926320392212843
3758,0.42761698001460374,0.8882399500253959,0.3798264849581824,-0.346760945033952,0.2768456603824722,0.20280431783477404,0.7348391425317804,0.7278823990884659
3759,0.22015516647744077,0.937785816872811,0.2064583926338165,-0.29306961098971873,0.19785825663756235,0.808574090001,0.9063824498755209,0.9065584578337597
3760,0.024528196384566093,0.9827917399447856,0.02410610880249511,-0.016227104092018264,-0.01395390137473488,0.34496280505016924,0.48602869428746076,0.6945878249358918
3761,0.14065317862141535,0.9425176965435933,0.13256810992579096,-0.18343625407453953,0.10862899054859758,0.7574645684785505,0.8841020206316567,0.899264782741118
3762,0.02862913359730549,0.932317174933542,0.026691432956234808,-0.016961716153960502,-0.009339393901729585,0.38685205713131715,0.4156185103408005,0.6303845899127485
3763,0.09052218846812707,0.9431471439053954,0.08537574351377997,-0.11186347202618009,0.05889968109628863,0.7635623891035376,0.8279026431693612,0.8712642302932107
3764,0.22378560746083195,0.9375336518685987,0.20980653779838654,-0.2960276312923491,0.19929111785839848,0.8095955336615713,0.9022802099957058,0.8991726606245776
3765,0.15767037054911523,0.9476516735339096,0.1494165905175807,-0.22223278992214243,0.1399426164192006,0.8999364538661966,0.9181572760930552,0.9277082719203109
3766,0.13853734920028035,0.9434813729081051,0.1307074084225301,-0.18526755525056068,0.11410663674557393,0.8394412975404808,0.8870458741004019,0.9025047842457385
3767,0.081446774600212,0.949971088011686,0.07737208108200595,-0.10715225850966054,0.05643541154116077,0.8647915750213353,0.8345547029793953,0.8821007440153793
3768,0.17625425672482967,0.9381830535851294,0.16535875678147802,-0.23065363345356316,0.15003295336753114,0.8073328698291181,0.8891352451546322,0.895766504171008
3769,0.15804680975147814,0.9328801332622302,0.14743872894262927,-0.1938672523471977,0.12551188198067162,0.7225559847783781,0.8598706923141644,0.873919507609708
3770,0.20134628739141108,0.9469875861911926,0.19067243468535053,-0.28776331356622,0.18744771291312134,0.9074336250946266,0.9354438330504578,0.935645866165872
3771,0.16659854339544872,0.9427958391201744,0.15706841351671086,-0.22582865755334267,0.1455579564264585,0.8464317035784396,0.9036528511926586,0.9107359901673093
3772,0.20217944780071173,0.9468107856792095,0.1914256818203806,-0.288696209136683,0.1899788557874653,0.9107978022855594,0.9357346128931101,0.9359127590706523
3773,0.1306142082700379,0.948209743159201,0.12384966487667501,-0.18147969347441592,0.1086731650288284,0.8917628065729079,0.9004633264586897,0.9190792239750804
3774,0.01959868410340469,0.9702346447109176,0.019015322307868357,-0.012487061889018094,-0.020305478883733224,0.4914106131319521,0.2400394430666178,0.49782540920370116
3775,0.174427919552567,0.9385438259618294,0.16370824697142844,-0.22892693055874105,0.14888174744531146,0.8026947518149212,0.8904847371489328,0.8987928050924053
3776,0.20850976865030163,0.9425451944290069,0.1965298804328458,-0.28791948076209933,0.19076743394595178,0.8470240433535233,0.920784313286022,0.9209710266743196
3777,0.11000138297858064,0.9419233625666227,0.10361287254216353,-0.13915001361533524,0.07896969237631356,0.7716287960014403,0.8529498889333098,0.8830230256659923
3778,0.22293203083870772,0.9372917102695707,0.20895234445868102,-0.2957391412230727,0.2000935698668007,0.8151159322898152,0.9054926075950422,0.9056345008434559
3779,0.17053816266868155,0.947252758674008,0.16154274504710533,-0.24104064171262626,0.15407653292179194,0.9037349188993421,0.9232579916004715,0.928514010798375
3780,0.15780833226351934,0.934176960541762,0.147420908182099,-0.1934843797013246,0.1266896759850196,0.7072202211140741,0.8594001147842972,0.8676945325730138
3781,0.2146571667613284,0.9416793774336051,0.20213822715746926,-0.293542267648717,0.19722774552345082,0.8564671946941832,0.9166679089372105,0.9133249832384887
3782,0.1310184806453024,0.9487889313231568,0.12430888423504016,-0.18149454023859615,0.1090037455403365,0.8770394161217341,0.8980303869902246,0.9127568509290831
3783,0.07034295269416459,0.9093980835998886,0.0639697463748309,-0.04612501298528203,0.0217882255661203,0.29113135430768183,0.6134445508224758,0.6459280258766011
3784,0.20428555441837948,0.9436571635514608,0.19277552683698557,-0.2833350938562505,0.18081083126837347,0.8302467624617881,0.921269709881509,0.9197054592335477
3785,0.22367068124131417,0.9374103019765462,0.20967120084572013,-0.2959398943532826,0.20099957186280532,0.8113160624635749,0.9041868900713868,0.9010825636911876
3786,0.16660011793518958,0.942795646092975,0.15706986582787288,-0.2258345159173695,0.1449417896271357,0.846433130827938,0.903653153523815,0.9107368520344584
3787,0.06376493058666384,0.9040697696643534,0.05764794610814866,-0.04077604000499245,0.018022568826695295,0.27978992814844006,0.5893421264876736,0.6788247898743294
3788,0.1593243618962855,0.9472128337259151,0.1509140803133538,-0.2238645354379435,0.14217352500464606,0.9051820123560397,0.915956295426595,0.9236700092592898
3789,0.017906683261827077,0.977659509793027,0.01750663917977686,-0.010262267389645833,-0.017078859518645455,0.4698485410789369,0.2693369571486314,0.6128947501474994
3790,0.04260676442818848,0.9228788304597583,0.03932088092516102,-0.02703871438724846,0.0003256166364662353,0.3071352357197093,0.5442293952972108,0.6800830941837668
3791,0.20123699364630576,0.9478898523109353,0.19075050418689338,-0.28641825870298493,0.1853290672637211,0.8854336110707259,0.9293133331640852,0.9220211526728581
3792,0.16620900532977897,0.942720260490717,0.1566885968003922,-0.22556722887979644,0.14452810976792782,0.8479530789500975,0.9035800619705712,0.9124849099238975
3793,0.4918175243293095,0.8836229710515024,0.434581262063059,-0.3782175532027927,0.2855519972609018,0.20433369363098186,0.7133711199926531,0.7142415891897247
3794,0.21160144936879757,0.9421840026653079,0.1993675005360742,-0.2908193762383248,0.1936383673833568,0.8511083017225973,0.9181094185035735,0.9165000878063201
3795,0.10276497404925401,0.9053944546388016,0.09304283763529493,-0.07041214612334412,0.04541288825180071,0.23158902818056212,0.6866942586648391,0.7227624070339355
3796,0.18226158229451647,0.9469378681208529,0.17259039417830283,-0.25854004583637197,0.16813779825074252,0.9091945966488166,0.9284013605002029,0.9316393613017089
3797,0.06571466864263449,0.9057498582570871,0.05952105180847763,-0.04203839244190714,0.02073516515706414,0.2852939919760356,0.6017379882219811,0.6708015003435924
3798,0.2492387868365734,0.9262028130405938,0.23084566548685923,-0.2999749120088251,0.21171614172629014,0.6689518473108672,0.866235904942998,0.863900341969733
3799,0.10285351693350513,0.8975366941419312,0.09231480556936933,-0.06750038832701102,0.04932954579880072,0.24553312214135217,0.6627754623559118,0.7069707753352069
3800,0.13281687584646118,0.9478668825825706,0.12589271806294147,-0.18325248223054386,0.10929310116152936,0.8897567751539368,0.8965467864950507,0.9077604617119007
3801,0.19540545884350902,0.9486322095601468,0.18536791218283227,-0.2807212901196366,0.17412868149405686,0.8773692178334805,0.9357327424165273,0.9321731776994501
3802,0.22370688384097126,0.9374841821208694,0.20972166503246129,-0.2960781838381761,0.20089679877162575,0.8110704094077943,0.9039924603373227,0.900818656649612
3803,0.12202612254590986,0.933452668246654,0.11390560968627275,-0.14616520163968247,0.09251727402153445,0.7251886725804897,0.8327350240299255,0.8600810486510507
3804,0.1446272800160879,0.9397877980492749,0.13591895302417514,-0.18764403148425643,0.11638662203851144,0.7920027485078507,0.8776406641451004,0.893518478330397
3805,0.12031124061966426,0.9437691312252885,0.11354603503625718,-0.15838536891056146,0.09617298673357544,0.835826397588369,0.8693140319237213,0.8894698699052828
3806,0.11855892024079719,0.9445430503781652,0.11198400417378417,-0.15676146682054173,0.09302065385884024,0.8287228972693084,0.8736200875876731,0.8986276608859979
3807,0.07031114651030004,0.9260581988958279,0.06511221369962913,-0.050226550792749194,0.017479859219772985,0.2290823826205683,0.6766415709852156,0.7308241906157118
3808,0.18208248754544537,0.9408613344767304,0.17131437221685036,-0.24528281043417133,0.16084094886487613,0.8373967913693601,0.9050616389727271,0.9109102068469109
3809,0.06716703167054877,0.9133840621597906,0.06134929623046115,-0.04445716656349171,0.012994254129904171,0.2644945393434265,0.6339252626803095,0.6973912370251266
3810,0.22866090118064256,0.9323901280941094,0.2132011669419338,-0.29051813691482326,0.19085227018588133,0.7180381772058766,0.8859737762378558,0.8861791484753985
3811,0.1684071094323898,0.9423552315793571,0.15869932060876982,-0.22748018743582166,0.1485146002739072,0.8503726439165235,0.9007693295515375,0.9062149965919923
3812,0.1611327336795391,0.9322489585017041,0.15021582315328277,-0.19632093710383125,0.12794168583575857,0.7271576436347815,0.8561843836839941,0.8647262262615615
3813,0.25520936246911896,0.9252878043062699,0.23614211063745405,-0.3048590537882279,0.21857475907669519,0.6768406447874761,0.8637727847806624,0.8614050763346787
3814,0.14575839891473466,0.9393576497898486,0.13691926704167637,-0.18865908462259837,0.12054013414685473,0.7961251013426371,0.8757488374742783,0.8901484498567278
3815,0.21103351676678056,0.942069638671899,0.1988082688881411,-0.2905744672789339,0.19396324635594078,0.854701525241774,0.9203792581105897,0.9204955079788765
3816,0.20139867959547875,0.9470296874632326,0.19073052859281397,-0.2878573361366227,0.18236677984215377,0.9072796960827987,0.9353266951528805,0.9354879541040645
3817,0.1475384565728057,0.939001884242655,0.1385388887201177,-0.19000776941970865,0.12047952682449901,0.7974623173654691,0.8736359024971843,0.8833331279326987
3818,0.20569906260351026,0.9441528457565915,0.1942113553265675,-0.2872329289854631,0.18743599879096157,0.8624869733004292,0.9257916923053999,0.9247421421400284
3819,0.03778679259421804,0.9266427857773761,0.03501485875509813,-0.023220224521844413,-0.0026599575327526867,0.329564264191435,0.5226378109586446,0.6723067480777293
3820,0.20390566632238977,0.9465142114077497,0.1929996109607085,-0.29058820963896853,0.19190231858018963,0.916452764157395,0.9351555089344539,0.935280182002879
3821,0.09940112260407065,0.9158700262849934,0.09103850877214803,-0.07150906694505857,0.03440643476117705,0.20453176075649165,0.7261753980020978,0.7666260219252825
3822,0.10093606539970605,0.9490981756390937,0.09579823552704926,-0.13536481851867838,0.07688768894779582,0.8712234312904034,0.8641929110508954,0.8886635723874581
3823,0.2531702016335983,0.9748472096213733,0.24680226462179375,-0.28211664289477034,-1.6572819045129672,0.025248803847913892,0.006290263301359761,0.025603918267751664
3824,0.17763490199034457,0.9435961818312344,0.16761561527805469,-0.24442734269203806,0.1593544348349225,0.8732247892027932,0.9128396592875828,0.9178078581268131
3825,0.10023403980203179,0.9500350779089383,0.09522585381245088,-0.13475035020792112,0.07179915053992054,0.8590806118304605,0.8657577234260687,0.8933453986406682
3826,0.13155852980483967,0.9477669601701503,0.12468682787758702,-0.18243493324145876,0.11147275391690449,0.8977712215366945,0.89919353328745,0.9160363230505458
3827,0.22889507090838027,0.9325774905707368,0.21346239083174812,-0.29094037703764003,0.19681909205763903,0.7170063458481489,0.8848491707502734,0.8849320011514347
3828,0.48039497172640094,0.8935735436115383,0.42926823721872487,-0.3824384564253579,0.3082102217575024,0.22814653394997583,0.7253145592680527,0.6671466020448622
3829,0.1564578898223887,0.9338835468032105,0.1461134490726783,-0.19253295409494395,0.12022940803313226,0.7126391083056628,0.8616714961882289,0.8754628174314198
3830,0.2018607686789762,0.9470427842990026,0.19117078441047453,-0.28804649328148824,0.18740184382853323,0.9051178889797278,0.9349440612165523,0.9332053229465316
3831,0.17766823056176875,0.9470776637628271,0.16826561272531526,-0.25171017957532504,0.1628284161843236,0.9070571295778354,0.9264025617113363,0.9303816721867892
3832,0.13652762550023753,0.891655741699866,0.12173564117793582,-0.09015304654645749,0.06615404295797962,0.2387660635859771,0.6756125026351155,0.7037440150237434
3833,0.21440006580034796,0.9397647038737504,0.2014856143473766,-0.28663626242698287,0.19015883671024544,0.7797520483671943,0.9031956498761209,0.8970752462096585
3834,0.5039321393351796,0.8823986490125458,0.44466903894336446,-0.3892205502733787,0.3580473703264237,0.2070681430071196,0.7257054373685053,0.7258584936017081
3835,0.171890029798771,0.9469573753276425,0.16277253146323442,-0.24235505688179695,0.15553126166209008,0.907266776085807,0.921796437427804,0.925807615718568
3836,0.02891221025659114,0.9740103310759106,0.028160791484158676,-0.019830963032822398,-0.01786495635069147,0.3828983319067024,0.5040788949942848,0.5849762186314558
3837,0.15379966781823035,0.9440145792950592,0.14518912871114656,-0.21006935587879982,0.1337768539559977,0.8700598932303129,0.9021731823550617,0.9142425154042254
3838,0.12887084513407374,0.9506625105165627,0.1225126811675497,-0.1788246866806175,0.10075673369148633,0.8481872134064636,0.9032295454537465,0.9173195901273997
3839,0.13251898215510755,0.9281131464544463,0.12299260949291749,-0.151716696803335,0.09651763934408103,0.6711170449058563,0.8217102394680619,0.846200350016527
3840,0.2375163437755571,0.9179507757511022,0.21802831202233813,-0.2278331856030816,0.10585618076657312,0.17281601889331646,0.7822631503928594,0.7513646214532412
3841,0.13979661866856147,0.9436949175840936,0.13192535853296308,-0.18620007479756825,0.11653035398017629,0.8322775478526352,0.8842083848936922,0.8944673672460487
3842,0.016554702643647282,0.9730292463042223,0.016108209836138632,-0.009822006059515482,-0.018678691158967035,0.5187319182962984,0.14343993187189263,0.5263939017266239
3843,0.1470438934221222,0.9401779217072193,0.1382474221173487,-0.1893656203346833,0.121584144124877,0.7791925818994967,0.8714850842533363,0.8779904529142873
3844,0.10357009996497445,0.9008788707915416,0.09330411470421326,-0.06945488117098719,0.044575988740230915,0.24099279938599252,0.6700008423037243,0.7079073355332612
3845,0.11155219605826874,0.9412594919801152,0.10499956339107223,-0.14047484379179992,0.08104516796393658,0.7771165032569491,0.8496297602731224,0.8737379690342157
3846,0.13100587909384825,0.9487883068818991,0.12429684621702708,-0.18148101953176957,0.10656678345629873,0.8770334143782468,0.8980275970409382,0.9127535814704807
3847,0.06777885275594528,0.9073816770983341,0.061501289085490664,-0.043585685386906596,0.016449096726140495,0.28955522114336224,0.6107293668552998,0.6608251902331524
3848,0.24109127670078484,0.9308024738459919,0.2244083567757791,-0.3008956122012978,0.20909967705523202,0.7322732923784661,0.8796876273312627,0.8741991235311924
3849,0.13039770951344687,0.948834030711891,0.12372578431324209,-0.1812586625740427,0.10341148644813376,0.8798705998085203,0.8974161968507434,0.9158340764250725
3850,0.1107071698818941,0.9401035510224546,0.10407620352961477,-0.14000857028445687,0.08299790738187007,0.7956583761847507,0.8490008546019849,0.8799872287194102
3851,0.34058836594791503,0.8967670192419407,0.30542841371959506,-0.294530790767343,0.18615877161194935,0.1918022844520344,0.7532739307729314,0.7432348497400497
3852,0.14407804134556035,0.9409168756568802,0.13556546051362744,-0.18688699926853775,0.11587896660990477,0.7757405013660462,0.8776115319652832,0.8900462243123916
3853,0.10635778970494926,0.8975773362272229,0.09546434157038351,-0.07038112235162179,0.047822117604231745,0.2537912128656852,0.6550539268187123,0.6841281930031872
3854,0.17053161987340365,0.9472607129328139,0.16153790381886796,-0.24105627063205348,0.15249676385883845,0.9040014156672513,0.9235557101910943,0.9287884557467315
3855,0.14752210738321261,0.9390018668928882,0.1385235342408098,-0.18998821161961893,0.12384834631194358,0.797462621353263,0.8736375473976117,0.8833339130266026
3856,0.021370464332087235,0.9794786709066431,0.020931914000650628,-0.01351392215588182,-0.020162672181793587,0.3839888543935255,0.3844544772806751,0.6622403897113942
3857,0.2119859370807386,0.9421755745338521,0.1997279720621419,-0.2909010271221327,0.19443076278313232,0.8494739295515739,0.917928357515224,0.9146162310498924
3858,0.1020420730317436,0.8998837279378007,0.09182600108630676,-0.06839605209734285,0.04828862881356037,0.2371953448001417,0.6646264993380814,0.712922215243668
3859,0.22874556831748732,0.9341416921684923,0.21368077226414106,-0.2955496693649195,0.20517723907072366,0.7683603466727031,0.8940675177758926,0.8942291631739513
3860,0.06892360312593887,0.920236116665092,0.06342598888717998,-0.04761166456903445,0.011099271213111212,0.2450380373511188,0.655797673863682,0.7142810074898891
3861,0.07017300293335901,0.9511543845713901,0.06674535941860545,-0.09000585329328895,0.043700065825698506,0.848294679959891,0.8071264119300534,0.8651038631898047
3862,0.02050761228065742,0.9773878373114421,0.020043890815413325,-0.013354301592988551,-0.017146947607656143,0.4320907465826412,0.318143000338133,0.5847417878649653
3863,0.16756421386327003,0.9429683787254032,0.15800775507904447,-0.22649111011764994,0.14692038154263462,0.8411538127152302,0.901222788745967,0.9048235835138925
3864,0.20895711540009645,0.9426224883258526,0.19696767607183127,-0.28821498481438806,0.18621189049718156,0.8454881259488838,0.9207957442001752,0.9191699354958582
3865,0.21504070826272192,0.9417297215801865,0.20251022632065924,-0.2937762148927281,0.19965872392360717,0.8553686360691822,0.9172124412477456,0.9120543933272717
3866,0.09872402942369458,0.9931006863565002,0.0980429013805504,-0.12173370446646666,-0.04284547359100703,0.03148712633836627,0.8599481937078202,0.8663265978124105
3867,0.13119281779828534,0.9477050941349398,0.12433210174135201,-0.18218867894022328,0.11035922182339859,0.8995852165654535,0.8990982373002144,0.917919216759716
3868,0.17249489769608925,0.9265646663416834,0.15982767732941977,-0.20137259632906415,0.1377733658030721,0.6759411563468334,0.8437680570822959,0.8564831105207266
3869,0.22018621465331845,0.9378228284978091,0.20649565862240085,-0.2931473750891106,0.20015309148425528,0.8084521875638343,0.9062856147096725,0.9064261266847051
3870,0.08209843891112688,0.9508854279486278,0.07806620921792115,-0.10749863921965876,0.05513114845912297,0.847072627484456,0.8372260282473355,0.8802931279051961
3871,0.12192660430724009,0.9842661520666544,0.12000822965604077,-0.14081475679803604,-0.008797434436248067,0.13448943110532532,0.8978671095402546,0.7719850005645776
3872,0.06431949398624473,0.904150131381087,0.05815447893802821,-0.04040574466552138,0.013187264247538301,0.28498534030747313,0.6006699064763241,0.6804767736366367
3873,0.48866957881765644,0.8908239225712491,0.43531855104358486,-0.386524507933684,0.3676516430522063,0.22100575317124307,0.7236123753781016,0.6825423626175244
3874,0.17555570623706632,0.9387453062840706,0.16480209522143113,-0.2296250685308943,0.15117829100362043,0.7984531668245329,0.8901806848399466,0.8935418845489814
3875,0.10038339830882444,0.934925038111977,0.09385095248968746,-0.11773867382539381,0.06927343056718123,0.7170596167694918,0.8102023569903806,0.8469700890669966
3876,0.1590177446802412,0.9477265311453685,0.1507053355563649,-0.22296646122712105,0.13864965828052184,0.892281729084442,0.9157305268971411,0.9196627269532491
3877,0.1311985881850826,0.9477975932751771,0.12434970612292236,-0.18228039363792112,0.10672577204043193,0.8996754489886573,0.8993049031368537,0.9180150577402729
3878,0.2286642230013363,0.9323899802899374,0.21320423037722977,-0.29051263381081344,0.18988454648759037,0.7180373514518367,0.8859723911101006,0.8861778228381445
3879,0.1469098093272624,0.9389107794119994,0.13793520357872815,-0.18965673221470944,0.12041514158366286,0.7996859521353673,0.8731316868658708,0.8860937063516497
3880,0.1325746071452193,0.8942778126683126,0.11855852969318756,-0.088792092963166,0.06727615936618156,0.22975251921481415,0.6869930186038652,0.7213195368699771
3881,0.052750458215256354,0.9087128849149433,0.04793502106537077,-0.03261026375383022,0.010845418169097776,0.30256207167483573,0.569365460639215,0.6745591082901037
3882,0.1470402448742681,0.9483550198032205,0.13944635433960692,-0.20597160036116302,0.1273943431401988,0.885664967167871,0.9119805807615621,0.9219972682234939
3883,0.15974863444366058,0.9471597142313535,0.15130747094850652,-0.22397529063546442,0.14274376499248545,0.9024246793897052,0.9148945762284907,0.9208196234959725
3884,0.22751224501531855,0.9948451058615413,0.2263394434770615,-0.2887851956644402,-0.6569902652259679,0.005958578317371822,0.012113585224745873,0.007942833572147864
3885,0.271388189522004,0.9079661549816039,0.24641129094771277,-0.24842379290198902,0.16469445122648257,0.1790188920214602,0.7663309788766813,0.7494565348598431
3886,0.21928212808064004,0.9386681729927019,0.20583315453540602,-0.2914796149817375,0.19534512745661228,0.7943600526552531,0.9042161040694968,0.8979225141245631
3887,0.1036537295881242,0.9937552677704438,0.10300643980225155,-0.12315264575857111,-0.02040725467398667,0.07183444542598176,0.9289854915858181,0.8754010461744672
3888,0.23014811078253997,0.9327869982712661,0.2146791654146483,-0.291368084737463,0.1962031351842789,0.7126185008915191,0.8837292797202533,0.8783381191113285
3889,0.3992758388193367,0.8898795000693527,0.3553073838383228,-0.32918919392079776,0.25780514091002926,0.19521047411987258,0.7332111186263393,0.7336101962927181
3890,0.06716555291236269,0.9133850115066926,0.06134800931971177,-0.044456102793538246,0.01685741585569294,0.2645110479834498,0.633937219132806,0.6974005591290356
3891,0.25517167868097873,0.9252294882367372,0.23609236167851108,-0.3048215879905319,0.21962317588440813,0.6773997119808219,0.864482935724127,0.8621170477032998
3892,0.09868952194276864,0.950661775030179,0.09382035610699224,-0.13319644980765097,0.07320310283971733,0.853914255939068,0.8706842151391885,0.9052163815754121
3893,0.20003905118752507,0.9475180849454723,0.18954061869551306,-0.2852359590413693,0.17905338939037524,0.8898972426821143,0.9300303295458082,0.9267920837960651
3894,0.20377589112386635,0.9464050099479723,0.19285452426623964,-0.29022140641161526,0.1854122782302139,0.9159281700974937,0.9344585922768605,0.9347434802286431
3895,0.16425380885974253,0.9438143758873616,0.15502510609607986,-0.22335242838737832,0.13994603401107197,0.8313601745776621,0.9044356640882687,0.9114198402432746
3896,0.2245479490672332,0.9335785836242315,0.2096331562459136,-0.2865307668180308,0.19207332553751408,0.7054666156601389,0.8863857842676958,0.8837803206336043
3897,0.17661312095356974,0.9382257772853977,0.1657029826854629,-0.2308298039111026,0.15152319161010816,0.8058650403505002,0.8889770645919913,0.893979459069
3898,0.05087437028099531,0.9177618271468134,0.0466905550240298,-0.032188609815582594,0.00540716341176633,0.29015238300638774,0.5911589159971276,0.6945922847141094
3899,0.04262367692841844,0.9183001118910872,0.0391413272925762,-0.02631165240690024,0.004572226737451034,0.3327989507802194,0.5281210684051669,0.64724455380766
3900,0.06501636539978088,0.9112524187981261,0.05924632023201312,-0.0423051693370725,0.015325757793996985,0.26076710400445147,0.6275415797344323,0.7104257695620463
3901,0.3988362868849295,0.8916552662482433,0.35562447557184257,-0.3303182098988729,0.2765634432605187,0.19938774674691997,0.7333748571461733,0.7232832926690432
3902,0.23471870935050262,0.9316376829697668,0.2186727945289564,-0.2957361007246172,0.20035791635217368,0.725244442822456,0.8830910602057489,0.8804101480336782
3903,0.13197235838908752,0.9489844362112111,0.1252397141213321,-0.18231854191637517,0.10883612687669021,0.870971560260296,0.8953580616617072,0.9063148251729146
3904,0.03362332468758649,0.9262426993519028,0.031143359019815586,-0.020284030699221516,-0.004284399838969299,0.36345453163598623,0.46650046522243543,0.63563085526351
3905,0.1318250376739852,0.948852118653462,0.1250824662885333,-0.18203456910124183,0.10744863510656547,0.8722438208176738,0.8965863290982634,0.9076371359927301
3906,0.09112807839492991,0.9999300876390296,0.09112170741581863,-0.10495329022770016,-0.025300811116166853,0.028249359708151987,0.9867661175499142,0.9867028621531443
3907,0.14877549293002273,0.9740397698535105,0.14491324689340193,-0.17059792456117617,0.029233406763995915,0.18128124905814888,0.8090264791111783,0.6338865411248594
3908,0.16795009751447526,0.9423041700489754,0.1582600772480221,-0.2272273642093773,0.14908960709707114,0.8529472290101816,0.9018904339728613,0.9090630270300976
3909,0.020141423827031078,0.9770230473288714,0.01967863528502824,-0.012572642571579008,-0.02263390487084182,0.4404122575995715,0.32421210832144365,0.5960147524340823
3910,0.022679969337363496,0.9693367288147795,0.021984527287099435,-0.015481372545301762,-0.012672998251280636,0.46892021753137725,0.3086517481702286,0.4744406206718441
3911,0.2040429672773847,0.946612794367615,0.19314968342550495,-0.29054637367435854,0.19320305121447184,0.9133365095081686,0.9319100086337924,0.9321008408564502
3912,0.11141046775224452,0.940280072297049,0.10475704267272852,-0.14061519799848082,0.08121999033638894,0.7914059737693019,0.8473167132028893,0.874996022524978
3913,0.17475851938745654,0.9385984007453436,0.16402806681369084,-0.22912285258628673,0.15031109839815598,0.8018441708717158,0.8910535103939157,0.8976761206215159
3914,0.12871235140148735,0.984197408411427,0.12667836267988475,-0.15801672172551764,-0.04127327618886338,0.12362812654857537,0.8175402627962145,0.7038325468236051
3915,0.019596024393530812,0.9702230123677851,0.01901251381752406,-0.012485821001439367,-0.03202450116124605,0.49138749936133086,0.24007209043016536,0.4978270636788437
3916,0.08276362700653053,0.9517321017395486,0.07876880067851337,-0.10787434598193149,0.05584314612779317,0.8295757966843559,0.8390833000816597,0.8779140496785865
3917,0.11109258735583133,0.9412543987213681,0.10456638651401408,-0.14028893771081904,0.08213188719882085,0.7788916764813967,0.8488437502714483,0.8760657508724399
3918,0.1100273413537257,0.9419896247194882,0.1036446139906791,-0.13923485156045076,0.07823134659549327,0.7714176146732633,0.8527862693743344,0.8827900033437709
3919,0.21798908176017312,0.9384177392677693,0.2045648212904386,-0.29082509372237275,0.19451583241601594,0.8000219638707803,0.9063682004189085,0.9048876098416537
3920,0.06764777264961129,0.9138346323620931,0.061818877449371985,-0.04541467657910029,0.010189980182536836,0.26241265784831264,0.6282239345673528,0.6914067361702886
3921,0.19630080509610437,0.9486443263958003,0.18621964502134722,-0.28111100909886766,0.1710602376718479,0.8734682980214181,0.9349927085202353,0.9278224254821534
3922,0.2044880202865291,0.9464982116901398,0.19354754551325684,-0.2907171046802424,0.1931415153663827,0.9133192979363636,0.9344113319359012,0.9320336405531133
3923,0.19460852826656988,0.9485711497019972,0.18460003539963382,-0.28022858597137057,0.1705122197825114,0.879813174858803,0.9347070743245763,0.9349669308275926
3924,0.12634016270716064,0.939594214109177,0.11870848588926014,-0.1612473691228729,0.10113773131719589,0.7964404737479395,0.8610995500846614,0.8815228554519088
3925,0.10378654466940762,0.9011660383605516,0.0935289092948605,-0.06999151138823312,0.0467413014490852,0.24028130301505393,0.6680104266301161,0.7057851669143619
3926,0.05105190776845314,0.9179561056532428,0.04686341044129778,-0.03253936812178749,0.008271477695532327,0.28907220687014584,0.5886699002202375,0.691803204698044
3927,0.01586745921815407,0.9734422632338241,0.015446055413090303,-0.008574761206344171,-0.02416752950587376,0.540835467662182,0.15006962503556456,0.5488961750300266
3928,0.14539241025627989,0.9399009839619479,0.13665446946047666,-0.1881573554936061,0.11792042019467244,0.7879170649501567,0.8758416860425079,0.8885445133651556
3929,0.05182327410099652,0.9162728741297214,0.04748426030733243,-0.032990508097365846,0.009435226694750146,0.30156872350338026,0.5799469688021418,0.668558263983134
3930,0.06973628951234444,0.952590219782594,0.06643010735338678,-0.08940583459671567,0.037968717587403465,0.8300363899664327,0.8145898799322306,0.8779637873823329
3931,0.2123752082913513,0.9422062698795927,0.20010125281909566,-0.2910305308366494,0.19627551814681984,0.8477171773143738,0.9176439915969158,0.9126055226757569
3932,0.3371902423164361,0.8963414796767275,0.3022376007304686,-0.2914124636457815,0.17846998309538825,0.18523257547540922,0.7423495908417481,0.7426971481631557
3933,0.1219162989772775,0.9343976820811548,0.11391830717228116,-0.14586351771686226,0.08791154702010094,0.713930826447511,0.8352233098419526,0.8594549244770958
3934,0.20384550406928126,0.9464680322098333,0.1929332531112742,-0.2905484126289399,0.19267142189815065,0.9173133000633387,0.9360291822992705,0.9361579034956001
3935,0.06546133426747508,0.9124882696733928,0.059732699636239915,-0.04359292859947212,0.012917408238802447,0.258190014190057,0.6229632109383628,0.7045246972420273
3936,0.3427076911692134,0.902503104636794,0.30929475526312267,-0.30049757575946845,0.18254062432472076,0.19957560504868174,0.7377125844393062,0.7014984254681442
3937,0.13850951478520718,0.9434900678725976,0.13068235150569568,-0.18525014513470534,0.11522829459757643,0.8397691385550428,0.8874290504820092,0.9028605938831935
3938,0.02241159816960496,0.9834758611934847,0.022041265810574563,-0.014238998905440496,-0.01638354467167487,0.35922673628207,0.4474703339556356,0.7048994514742826
3939,0.06314750259407584,0.9030064126915776,0.05702259978790851,-0.039410301253981435,0.011918613999035148,0.2830365432225123,0.5961211372338825,0.6866749051431765
3940,0.015705709306828942,0.9747163235930816,0.015308611234973953,-0.008411095739127957,-0.01989364952004473,0.5456919517439599,0.1516349009518134,0.5537830496798466
3941,0.08207883441913007,0.9509808974546641,0.07805540361793709,-0.1075267166953464,0.054880199008040004,0.8474656453153464,0.8377470562685272,0.8807075197737791
3942,0.10208576495769872,0.9931783926572616,0.10138937595387422,-0.13080310742380047,-0.19989054674343354,0.029967973818587127,0.8161121196084202,0.8219271094778644
3943,0.11134556920296898,0.9402257581369949,0.10468997221905674,-0.14048851838221815,0.08193591003339881,0.7921829490430317,0.8481438602190784,0.8758549190083543
3944,0.347870364932418,0.9065196508235744,0.315351321750405,-0.3075520601010136,0.23280711414419694,0.21420542467731768,0.7450404180980014,0.6775964865553705
3945,0.15806996314147156,0.932872614487279,0.1474591397876924,-0.1938769219458464,0.1274252613865535,0.7221004963535401,0.8592639902296051,0.8733568003531277
3946,0.22376071522935068,0.9374721806571938,0.20976944565147274,-0.29601883871254714,0.19938408308278013,0.8104562321872125,0.9032326509603501,0.9001271707449605
3947,0.06818317336892074,0.9146522339313208,0.0623638918384099,-0.04667380342710157,0.018133025624984544,0.2598084149230755,0.622013382570508,0.6845280821529338
3948,0.06298909446201456,0.9029182731026009,0.05687400439593878,-0.03909327171531757,0.017756391615914063,0.2839646249401028,0.598862691254082,0.6894885201237058
3949,0.17578438646959563,0.9221832341942232,0.16210541403537895,-0.18522180201035127,-2.797900277794151,0.08172834973347805,0.006492190044986341,0.08329635025829524
3950,0.08887675540597641,0.9998435200101556,0.08886284797219307,-0.10014654052699927,-0.03711253096633226,0.02955829632842922,0.9986185868930124,0.9985276827914408
3951,0.13097197564653917,0.9488130946508508,0.12426792552572868,-0.18147768816581986,0.10995601821363798,0.8777747679227462,0.8988559669451214,0.913524848642692
3952,0.22447172563986983,0.9375753812097094,0.21045916373760226,-0.296369260584456,0.1980938320162384,0.8080683107105833,0.9035622649596216,0.8971608434527027
3953,0.24875007243548783,0.9261244555313247,0.23037352539769373,-0.2997992061567533,0.20722279826538756,0.6699314858402566,0.865648766581414,0.86582764684927
3954,0.09108901790298142,0.9423813132757234,0.0858405883164075,-0.11241411006793545,0.06080094179104143,0.7709236363219863,0.8240948735061573,0.8649295321439447
3955,0.2348171062324773,0.9317032777615042,0.21877986755127046,-0.2959240889864981,0.20032380757290721,0.7250521430113359,0.882928798921715,0.8801883569160611
3956,0.13051101732119558,0.948765946309436,0.12382440885255132,-0.1811393459333056,0.10950215298562738,0.8810959712416393,0.9005304578340968,0.9170480552463104
3957,0.04803632367569052,0.9364902278261036,0.04498554770297587,-0.03257090007274314,0.0005447675058698315,0.2619681494040028,0.6264183165604154,0.725176102669359
3958,0.13162897189877976,0.9488459030498474,0.12489561070882066,-0.1818282333295806,0.10559695406083232,0.8746946639255876,0.8992480306124272,0.9101939845167901
3959,0.217447250488531,0.9382943763741576,0.2040295322914114,-0.2903660950510308,0.19348484882276418,0.801411556406499,0.906401294908951,0.9066397262660739
3960,0.08083501295097262,0.9500431325306731,0.07679674892209956,-0.10671396378084816,0.053953407315269715,0.8703602697483117,0.8366414238750733,0.8878420750871057
3961,0.14794007917203966,0.9476994944752748,0.14020273824397414,-0.2072133458370543,0.12905224792534561,0.8982055076721149,0.9113421365508394,0.9227267321781891
3962,0.21459199256245584,0.9398928642117026,0.201693482526423,-0.2869126232832848,0.18575932833526812,0.7787398198922806,0.9021006838450916,0.8959175979154367
3963,0.2171066703480377,0.9400632705352607,0.20409400658239707,-0.29416901225634423,0.20121666608928845,0.8446754669206598,0.914551289149098,0.9135360464560572
3964,0.13106259412968815,0.9488675651504881,0.12436104457414385,-0.1816230644673562,0.10623171549037556,0.876758009685881,0.8978197457823034,0.9124673220410341
3965,0.21419363171245354,0.9416241034447759,0.20168988642481958,-0.2933983847733028,0.1995073823704595,0.8591260042001504,0.9178911363249695,0.9162686603965836
3966,0.14595650409726102,0.9387406074011514,0.13701529731041145,-0.18892699253453207,0.1204504433444311,0.8053556108598269,0.8765416071801325,0.8927006722739768
3967,0.21358454126294837,0.9407701216617693,0.20093395486901713,-0.2907167858016724,0.194193425296238,0.8350503519620467,0.9155492769691205,0.9145456698268529
3968,0.07208628358410414,0.9162651336221169,0.06605014826051099,-0.049284237804560004,0.02119454345322727,0.26927665969363307,0.6352780864603133,0.6658499669627453
3969,0.09115274840540442,0.9414178707027085,0.08581282631251554,-0.1125212445674363,0.06104646438773051,0.7812747160971539,0.8203815878368523,0.8619546633801725
3970,0.13150657303846475,0.9299094340281958,0.12228920290518636,-0.15082391682298077,0.0958305540669184,0.653946925294594,0.8257582423469623,0.847274054022868
3971,0.10781111161403732,0.8983822947818234,0.09685559385479815,-0.07114788693131374,0.05362052774548641,0.25765032518447,0.6610333221093095,0.6802336033644327
3972,0.12693038734484083,0.9860825399281702,0.1251638387470671,-0.15592225506988766,0.04230390767776296,0.1249555890602701,0.8424942919821847,0.722947865803663
3973,0.09879437230879144,0.949804804502543,0.09383536947670311,-0.1335240391205568,0.07184778780894222,0.8693507678956222,0.8691618957019717,0.9042726617585589
3974,0.019104025434557692,0.9801575101049758,0.018724954002918195,-0.01121270987322103,-0.01728298256322363,0.4343528021237685,0.3340955957490214,0.6496603561738775
3975,0.15896901849017964,0.947177239302753,0.15057183606819663,-0.22367196992271646,0.1430344849494944,0.9065154627849145,0.9153700548162353,0.9250628691976894
3976,0.06635785376556062,0.9184863937350389,0.06094878580112685,-0.044644600526563466,0.013442486347079743,0.2428307269375403,0.6582832714770529,0.7343276171031743
3977,0.13111986099623407,0.9477162747726307,0.1242644262120561,-0.1821157495526125,0.10789754504147465,0.8999665272447976,0.8995199648739283,0.9183124975866758
3978,0.14676941365228174,0.9388653284276294,0.1377967137517801,-0.1894802101137659,0.11864678842770167,0.8010840642334355,0.8747240187398162,0.8876507314314285
3979,0.11036326480226301,0.9410207747212068,0.10385412494498723,-0.1395857958327822,0.08218517240931394,0.7831780351218506,0.8506777987855653,0.8812179536821712
3980,0.06251536364456989,0.9535141547323566,0.05960928412333795,-0.07799234403517256,0.03373973180291313,0.8121791027776808,0.7888630335338466,0.8578987779265121
3981,0.03481161492599414,0.9305495742649097,0.03239393344885782,-0.021357640349965474,-0.010303810270363561,0.34477097242780763,0.4988908652625701,0.65843007377169
3982,0.03510371429699414,0.9335202564731999,0.0327700283736919,-0.021592199445740378,-0.003737214975618143,0.32717031856925044,0.5208005559537869,0.6871159088360691
3983,0.20432872876838082,0.9464810247253854,0.1933932645855324,-0.2906473758637339,0.1935127502758081,0.9141784372870854,0.9346563552622753,0.932921801159565
3984,0.10255148396855653,0.8943920926531931,0.09172123635132766,-0.06652327453741802,0.0422269046981504,0.24876634051566457,0.6494543586995798,0.7004259051383381
3985,0.04483673954690732,0.9203668107523398,0.0412662469813204,-0.028509959427573745,0.003555565136830671,0.33210981318717603,0.5358944736421941,0.6289789458138907
3986,0.3993311324628995,0.8909427781671129,0.355781188565115,-0.3299867280462806,0.2531783960958494,0.20074184781925675,0.7383505692606889,0.7282182522452716
3987,0.13114869516252387,0.9477287880108403,0.1242933939155819,-0.18216613994796285,0.1080120587596507,0.900364460686821,0.8999496618987101,0.918715108952403
3988,0.03359508653218319,0.9259628099082885,0.031107800724452444,-0.02016381983763525,-0.006571912293106473,0.36398061948429083,0.46684549011800175,0.6363726997469349
3989,0.024448303448936427,0.9818889772261773,0.02400551966839141,-0.015877202857481783,-0.01502552102067577,0.3469302685849598,0.487455437639845,0.6976353846956076
3990,0.2005198524426768,0.9471396039391067,0.189920293624485,-0.28692227605445497,0.1853563462730867,0.9053817623744734,0.9365334002855237,0.936711915417644
3991,0.14842633630372565,0.9391795675846322,0.13939898234790424,-0.19068970579482078,0.1210761765628021,0.7925380017043926,0.8710055146171819,0.877570279354633
3992,0.20936935402449153,0.9435209577600888,0.19754437343479933,-0.29084520273932823,0.19300557178637598,0.8711868854561484,0.9242297288857667,0.9219405073055942
3993,0.17686031025931018,0.9439525103172438,0.1669477338447624,-0.2434391769256309,0.1582258998666755,0.8665431256130429,0.9129102211408516,0.9166713908966269
3994,0.1305366680893948,0.9487537621337183,0.1238471549462138,-0.18115210519861524,0.10953237886386048,0.8807250960948367,0.9001143880361776,0.916660325211365
3995,0.11162908790571131,0.9404433232443402,0.10498083040078174,-0.14101728697038468,0.08447342690288488,0.7890834462751871,0.8448430871810889,0.8724287612803272
3996,0.032995575611856245,0.9900065477912583,0.03266583590387924,-0.024473304234532048,-0.020658780305696674,0.21934380146423627,0.6630375941801236,0.8119483756077173
3997,0.22914078427050266,0.9342357065413212,0.2140715024903855,-0.29582811117202296,0.20484879562063346,0.7672617286449367,0.8941608733083632,0.8927358876916524
3998,0.2088720558940346,0.9404789472099835,0.1964397712288065,-0.2814522610054021,0.17992610965811917,0.7721124295304779,0.9071419199862045,0.9042495411096731
3999,0.0659282779955202,0.9122963031956047,0.060146124291365226,-0.0430775670847517,0.016990348313465083,0.26341081671808325,0.6333904269283438,0.7063660936405234
4000,0.06597057349912344,0.9062421172200245,0.05978531220206487,-0.042687883402958426,0.012275453168564692,0.28373487570810274,0.5984585189333498,0.6671159732092635
4001,0.13113116110940143,0.948301220284749,0.12435184009740138,-0.1819160418439456,0.10928719043857975,0.888192444983981,0.8986603943533609,0.9153493914073432
4002,0.33760294039184974,0.895423441625884,0.30229758678868823,-0.290252375310588,0.2048016712464441,0.18676006854287258,0.7477157878859888,0.7483122972505297
4003,0.337061848712635,0.8956838047388622,0.3019008390872477,-0.290395568604996,0.16388284488892918,0.18646222861073827,0.7472238370554218,0.7476005834627688
4004,0.21754509921564716,0.9383685522866702,0.20413747980804683,-0.2905567531496645,0.19192108740856675,0.8011721819937816,0.9062081435387661,0.906377911136866
4005,0.23681213032508236,0.9171647393448451,0.21719573578330165,-0.22557847756792135,0.10006638248489613,0.17454722558511865,0.7900986527517613,0.7589322293884949
4006,0.21926577645537554,0.9387135183200037,0.205827748463593,-0.291337342991232,0.19629338545538802,0.7929472875487862,0.9025422376617742,0.8963187760111305
4007,0.14672747244659812,0.938878868157115,0.1377593232582163,-0.18946208686887178,0.12198483392192791,0.8016696444340132,0.8754313857561277,0.888306397814218
4008,0.06952457185271331,0.9146917709010148,0.06359355374909319,-0.04658465351925541,0.012115493974600709,0.2676396495708289,0.6361646108408547,0.6825863221158369
4009,0.1469253868843822,0.9388968540701826,0.13794778352879095,-0.1896446694979203,0.11875403506652031,0.7991019131679128,0.872427546104074,0.8854402738639283
4010,0.1574508331341704,0.9481712342039902,0.14929035077927286,-0.2214078994552446,0.13695757185698462,0.8862761476430937,0.916918720110357,0.9226980279772321
4011,0.2070931365496063,0.921727159642211,0.19088336853326518,-0.20021584357574584,0.09468139927661015,0.15698799080513837,0.8090085497273213,0.7943147085363003
4012,0.21105391600917597,0.9420697146105227,0.19882750242219763,-0.2905910921619616,0.19157486095145992,0.8547040237323933,0.920380319806206,0.9204967643723975
4013,0.2751608337249387,0.9099734946888973,0.2503890654661931,-0.2532872394881466,0.144117693852533,0.18686019477469804,0.7684684032615025,0.7350606431735343
4014,0.2141179516491425,0.9415618323792174,0.20160529090005128,-0.29333412452330293,0.19572007831012522,0.8601151049134056,0.918941466225603,0.9173220992534692
4015,0.04372418921097269,0.9233687314999456,0.04037354912759945,-0.027711024512139144,0.0026409535452487022,0.31040325614394654,0.553519385891818,0.672730568650497
4016,0.27064864448414494,0.90746242726342,0.24560347585913658,-0.24681584909784182,0.12954821585214005,0.1800602409098432,0.770688049508022,0.7537367556720638
4017,0.42704027973529457,0.8883034951293738,0.3793413730498877,-0.3459994633960105,0.30135844772897546,0.2025693722021417,0.7334789824317989,0.7266774267919274
4018,0.3574367164167471,0.9590306881228612,0.342792780105529,-0.3338731333813212,-0.27010614357668805,0.2776620022689624,0.5742978836284408,0.2778096849300803
4019,0.17791189997000842,0.9436068267423766,0.16787888337040677,-0.24453535982777938,0.16138749039598116,0.8717129945507227,0.9123783951931527,0.9161629926531244
4020,0.019292056689857943,0.9795513101983312,0.018897559406970826,-0.011492278934956092,-0.016212474330828303,0.430572111561214,0.33053873894466484,0.6436047948147888
4021,0.21835515657512838,0.9384991095982206,0.20492612002193802,-0.29080351679950106,0.19436713388853338,0.7968430773208294,0.904081099812028,0.90109276123609
4022,0.3368445264498358,0.895686016437829,0.30170693205474036,-0.29021455512645633,0.16377973894106967,0.1864631649939568,0.7472160348671321,0.7475930631484003
4023,0.25231866448667617,0.9702327255788258,0.24480782555931713,-0.2780882087468703,-0.8332992159087708,0.02893927779349233,0.005702162802833333,0.029658257755479284
4024,0.017308438024623646,0.9730492649641598,0.01684196289753775,-0.00989743387031448,-0.019611775287111013,0.5254886998196299,0.205372403410243,0.5327856819501543
4025,0.13926732767052957,0.9435583044564632,0.13140684356298754,-0.18571078439767497,0.11644365934025334,0.8356950139984249,0.886256201736706,0.8982521863445982
4026,0.06609327523081684,0.9058959570781306,0.059873630821649135,-0.042688118686255945,0.023285037607020605,0.2835006827010407,0.5965100052444743,0.6656459326465592
4027,0.22342315081917538,0.9374323451777996,0.2094440882394328,-0.29598733756883966,0.20478368354718657,0.8122817884236408,0.9038298861875766,0.9023220151458415
4028,0.1478968778403237,0.9752858555323146,0.14424173303505833,-0.1698258980375543,0.01754578353136014,0.18371014940786948,0.8281717555482937,0.6470630002846041
4029,0.2018884119111191,0.9470727443732657,0.19120301232582387,-0.2880598917010173,0.1871156113352377,0.9045591703679915,0.9343695526019169,0.9326299059276929
4030,0.0159579508702131,0.975028324344429,0.015559454096954604,-0.008952922427997828,-0.030805172215237826,0.5364446163891982,0.14933581558168268,0.5444476334000833
4031,0.11022143975336787,0.942078521459756,0.10383725099601838,-0.13955119838306515,0.08022243107477821,0.7694179931556124,0.8505168674851339,0.8804918950440916
4032,0.217553258857889,0.9383686603825232,0.2041451600763296,-0.2905557216647519,0.19040658021384432,0.8011727690916939,0.906208019904251,0.9063777565764577
4033,0.166655837120631,0.9428255161685708,0.1571273756557642,-0.225906547596335,0.14494671447090576,0.8459609787324505,0.903151332232048,0.9102289178996862
4034,0.1597769174321816,0.9472130012912994,0.15134277349800887,-0.22407919247333005,0.14270839481148317,0.9026728399442545,0.9152224526472695,0.9210732700257909
4035,0.08159850886883528,0.9508205261975672,0.07758553713960283,-0.10712594080872632,0.05188357335315971,0.8506158437152009,0.8373439730796639,0.8840871458980949
4036,0.10078641573486129,0.9499612912321113,0.0957431936301452,-0.1350090427153017,0.07399011836240463,0.855872887323719,0.865794204292785,0.8898857929588598
4037,0.06316930629601973,0.9030086473219588,0.05704242983063527,-0.03942231002661493,0.013630899427591209,0.28303169777086157,0.5961162845500666,0.6866758926489884
4038,0.24027721166681254,0.9305638090140672,0.22359327730794834,-0.30054368826513217,0.21078719995131967,0.7362568154055467,0.8821866360138172,0.8794662437084075
4039,0.5002385357437368,0.8848417016203044,0.4426319171835375,-0.3891305574486709,0.3220719462231339,0.2106750711544049,0.7248741915390582,0.7136748650164499
4040,0.14343588088454703,0.9407704269991277,0.13494023490675133,-0.186431621466577,0.11452476411605388,0.7779963064374228,0.8773187088171372,0.8930218962049007
4041,0.06527127214205845,0.9085358721460192,0.05930129216166524,-0.04201724433602603,0.018480504045667166,0.2731523266516456,0.6162546405662129,0.692389680761615
4042,0.19824269730624844,0.9283617863911039,0.1840409446102197,-0.23940264337326508,0.16695479052029913,0.7053065005492247,0.8622593858150788,0.8691090920729957
4043,0.18660444150528344,0.938459283345318,0.17512067044410162,-0.24628904619888423,0.16299212671894706,0.8033530876780786,0.8970509361604462,0.9026143614859006
4044,0.15771239614599222,0.9476273499230703,0.14945258000984407,-0.22222223214195386,0.13954912550147858,0.8991477026634855,0.9172772295936467,0.9268930097047686
4045,0.19891624954673295,0.947533878372868,0.1884798854044011,-0.2851105168689171,0.17892879864411818,0.8982878391820667,0.9354917527066217,0.9356882377522178
4046,0.1469705598063135,0.938982550636112,0.13800279111534947,-0.18979025867370886,0.1190914104274051,0.799457430682759,0.8729532610702063,0.8858463014667526
4047,0.043720801392904234,0.9233667692005662,0.040370335129025596,-0.02770877985338431,0.003872661309128795,0.3103984142808071,0.5535169485355258,0.6727245603773009
4048,0.03292275232461052,0.9894371634667549,0.032574994673581145,-0.02415839281100652,-0.016355553137656974,0.22038529484328356,0.6643228870893372,0.8141362926262561
4049,0.16074749029799795,0.9335105558523025,0.15005947901994668,-0.19578113361112728,0.12880842117949215,0.7123077597907488,0.85655608980182,0.8595070503680896
4050,0.13410597052904608,0.9285675894120317,0.12452645777991726,-0.15288392303034623,0.10116635214881466,0.6657660737819087,0.8208328379628361,0.8377845643804797
4051,0.17523649449421444,0.9387341767677528,0.16450048639869325,-0.22950481697262673,0.14867839595199708,0.7994646560481269,0.8898838080129117,0.8948448242040352
4052,0.19028289494503406,0.9494516222728984,0.18066440329634606,-0.2754728952350074,0.1637698963307856,0.8666187805202623,0.9389859587484998,0.9391795354350907
4053,0.11040022897415185,0.9410885760559937,0.10389639428154022,-0.13968765084068993,0.08215548585363666,0.7829633299370269,0.8505111343924198,0.8809824180847213
4054,0.3391063961581836,0.8952078990648104,0.3035707244642068,-0.29212322505305105,0.1866321619621654,0.1876265922033945,0.7536449796840163,0.7536301083614751
4055,0.1440465678373431,0.9408482630056216,0.1355259631416857,-0.18678593382182407,0.11593053492199022,0.7759586318893444,0.8777843043839325,0.8902875988264074
4056,0.21249194372341304,0.939327069474645,0.19959943478468473,-0.28559980854923156,0.1844634042764907,0.7892322992105701,0.9086761724901787,0.9088465871789584
4057,0.22449075232405521,0.9375639534022804,0.21047443725119339,-0.296276559321437,0.20301600717199036,0.8074607324952002,0.9028096683126287,0.8964780267327911
4058,0.0997867917673638,0.9489832931452253,0.09469599826378976,-0.13462707902715793,0.07305189896102925,0.8781547458886947,0.8639129242130071,0.8958523354756636
4059,0.0965604084070144,0.9898528975456644,0.09558060004987594,-0.11410537110739201,-0.05780812900935005,0.035498761800135774,0.8691582685603587,0.879187375583467
4060,0.14625347488112697,0.9400827174706178,0.13749036410577056,-0.18883967991307377,0.11712235194305276,0.7836836732105563,0.8738998475229801,0.8834163263585478
4061,0.09953955229555538,0.9499090318633676,0.09455351975318406,-0.1341604113965903,0.07457051587420535,0.8638220514482637,0.8670639141384783,0.8983972315385101
4062,0.1734426927634623,0.939137694393639,0.1628865705913023,-0.22788339832821608,0.14849661149759077,0.7953835406114925,0.8918487776955276,0.8983816283360754
4063,0.06518727790591926,0.9120497093779909,0.05945403786923599,-0.04294977033518665,0.014395050430768854,0.25955134757101256,0.6262269584590767,0.7082366754456519
4064,0.1592429223794449,0.9471414230520186,0.1508255681134296,-0.22371758442934836,0.14020249486157907,0.9058819814010387,0.9166222491140849,0.9243835533638893
4065,0.13920350845476268,0.9430231851441876,0.13127213592625614,-0.18603917251241706,0.11628232213295261,0.8464238409335056,0.8859638589305467,0.9015202373738369
4066,0.20800385128102294,0.9442022036095722,0.1963976947388196,-0.2907563844876344,0.1928275232435785,0.8824783018840331,0.9273771669238208,0.925663612629178
4067,0.42785609876316144,0.8894135390800078,0.3805410070179088,-0.3484276447693552,0.29717654951898564,0.20572243866548204,0.7362695092666348,0.7221589366409548
4068,0.1963171791046393,0.948594838614959,0.18622546283010932,-0.2809030651743639,0.17265288875259555,0.8719782000247339,0.9332434538377697,0.9262310272457429
4069,0.1581757401511549,0.9329212013304862,0.14756550152315426,-0.1940166920079626,0.12840885684875833,0.721003266027672,0.8578978202476034,0.8720189630187978
4070,0.1705130439041512,0.9472685930322121,0.16152165119272513,-0.24105899482686727,0.1537212551516598,0.9042674083651518,0.9238534503544903,0.9290626878770948
4071,0.18316613604776505,0.9405121760944863,0.17226998120110223,-0.24636269055146598,0.16288930302473403,0.842168797802498,0.904505991258277,0.9103887193350201
4072,0.3195965292712836,0.9557931813307167,0.3054681834544557,-0.2999697089218946,-0.6465357365522616,0.24079361814005057,0.47732300728997923,0.2410487232014811
4073,0.15809260742557055,0.94764890095693,0.1498162856762573,-0.22241865317157453,0.13784963811375114,0.8974577006028781,0.9174144520678932,0.9251011224878658
4074,0.020841534589171793,0.9811449296039104,0.020448565987330424,-0.012704368241566944,-0.018314288402804055,0.39275053262836757,0.39539370912588395,0.6790381769696866
4075,0.2136888543803895,0.9415361379247237,0.20119577867087063,-0.29322519340471326,0.19345187550746537,0.8623081576934041,0.9196539739279355,0.9197716960785149
4076,0.14528822150023987,0.9398590332928076,0.13655044740804675,-0.18801610953178963,0.11719460941959686,0.7892760180457606,0.8774159744807132,0.8900840422273206
4077,0.10081774515006435,0.9350121141936536,0.09426581304099863,-0.11801497289815233,0.06979855370052757,0.7152277294019856,0.8104051257779761,0.8443881813896479
4078,0.23200144963780983,0.9337395739704334,0.21662893474533151,-0.29835517690881797,0.2084690845222191,0.7724722087136188,0.8925330198582845,0.8911263596888642
4079,0.13060044162407689,0.949743230514226,0.12403688533463539,-0.18051222364016895,0.10456930976728017,0.8587462814644959,0.9002389352686067,0.9110483541113403
4080,0.03299976799148446,0.9786056470430989,0.0322937593075788,-0.023952218587999938,-0.015009899975952833,0.3194849014238396,0.581843047812539,0.6482875029281775
4081,0.14861310998609287,0.9473672296082194,0.14079119029098638,-0.20797443638354451,0.130853132003262,0.9029011357370523,0.9098332024609749,0.9213270004203764
4082,0.21837076432141,0.9384993871490098,0.20494082848690415,-0.2908124194990394,0.18983856405729874,0.7968436362009976,0.9040798717740345,0.901092281924464
4083,0.06615844996291786,0.9125325342489656,0.060371738006644825,-0.04355740817483483,0.016374385723965882,0.26235355355234585,0.6304695975411321,0.7032533438982403
4084,0.2287391894263229,0.9324338223330665,0.2132841567141536,-0.2904345809085992,0.19833537572367999,0.7164660760206709,0.8838991146186598,0.8842124394320982
4085,0.10030593798989139,0.9490145540053193,0.09519179500556198,-0.13491026646981366,0.07674684367284838,0.8751476748141416,0.864532444343518,0.8927280075476941
4086,0.2763375683910172,0.9108996804310276,0.2517158027384648,-0.2560057153610974,0.1205189598158618,0.1848334507238644,0.7602309982201538,0.7271324739939249
4087,0.12963535435727305,0.950707350825403,0.12324528431431543,-0.17934682787478815,0.10254953104667824,0.8438062896498616,0.9017875941782861,0.9123310908828796
4088,0.07372061398867341,0.9271166628098314,0.06834760962147067,-0.05265035920907556,0.013698299622575114,0.2391972579629495,0.6867194053422402,0.7130085462989642
4089,0.06584191372859555,0.9125670248685741,0.060085159322957764,-0.04422798008280756,0.011820374338574203,0.25669714206299193,0.6178365450503603,0.6993650183197105
4090,0.10258703008663703,0.8946477359525078,0.09177925420510162,-0.06680299552452286,0.04274628015514154,0.24840206528250616,0.6490374432799919,0.6997558263073691
4091,0.06959331780482299,0.9150561273232456,0.0636817918780572,-0.046894432911428634,0.018071832266548803,0.26708169748691873,0.6355593061474825,0.681608895984677
4092,0.09908898401240956,0.9490229546433671,0.09403772038006628,-0.13417455226850794,0.07147503814985978,0.883368619774807,0.865616679181618,0.9012396344067946
4093,0.08458974987166176,0.8981538819905397,0.07597461222384178,-0.053966084749964637,0.03108703138070281,0.26365512016768256,0.6354162763929816,0.6932984002759154
4094,0.06609847022977616,0.9181059529266955,0.06068539899730546,-0.04403234490695243,0.013966340840642215,0.24401411167542408,0.6614838040366379,0.7379216369449116
4095,0.21837931141451566,0.9385259771539243,0.20495465663550944,-0.29101524009601587,0.18722324029737641,0.7980374051198026,0.9055790481311199,0.9024579852806566
4096,0.21342711941291626,0.9395054816358243,0.20051594861817845,-0.28600250618356005,0.18395277930922876,0.784274456789069,0.9056337527155838,0.9026952437251818
4097,0.04404443158937442,0.9273042642989037,0.040842589231448234,-0.028290167820356225,-0.0027876383556027294,0.2900113190655364,0.5747330593830587,0.7025079113643228
4098,0.09840084963233661,0.9930906946762932,0.09772096811811465,-0.12109135603123669,-0.16614958288104514,0.03165947951098711,0.8597824165163138,0.8662172796813534
4099,0.23956204266394554,0.9303700967333456,0.2228813608068929,-0.3001487646387865,0.2089230531236343,0.7386350835848678,0.88259053271338,0.8828023520683344
4100,0.1104484990105668,0.9410743203020752,0.10394024613475357,-0.13973280454440704,0.07906240479913806,0.7824182754255108,0.8498543114516534,0.8803617469176579
4101,0.1571031767163855,0.934035210704027,0.14673989876656113,-0.1929868311073752,0.12407370324800995,0.7101284280871075,0.8608258999711744,0.8718251959895756
4102,0.09869098665730235,0.9506615684987276,0.09382172817231804,-0.13319391597255262,0.07002575977785491,0.8539160715644685,0.870685914220617,0.9052172755871115
4103,0.2717117178328554,0.9073267495040771,0.2465313097434537,-0.24812432398402504,0.13612099528365867,0.18097290527677684,0.7777325325760748,0.7599234845289614
4104,0.1762370463137749,0.9438863825411118,0.16634774811483938,-0.24310666787312035,0.15832982088405564,0.8699535596431146,0.9142547396177287,0.920405172685881
4105,0.1321531813433359,0.8988872688832541,0.11879081225194463,-0.09119077911987394,0.06609492864590263,0.2245700178071875,0.6959389513167656,0.7222884466795353
4106,0.16791236017363373,0.9422649290849914,0.15821792815150254,-0.22714516411712146,0.14697261220810387,0.853078589019071,0.9019912101648139,0.9092014061720125
4107,0.04850852723587372,0.9103878544914289,0.04416157403480612,-0.029837481268134954,0.008609444713303618,0.3089677426007361,0.5503408227484591,0.6721134225724695
4108,0.13183773964519446,0.9488529047641122,0.12509462221987752,-0.18205131771560515,0.10715983332595466,0.8722473110531673,0.8965880050404765,0.9076393485783204
4109,0.04882885706389163,0.9306176975374553,0.04544099853418434,-0.03257498854389838,0.006577648510013991,0.29814611589223616,0.5970279501777207,0.6654518836343449
4110,0.1299728385915429,0.949717250017173,0.12343744684408602,-0.18017692408502953,0.10547831818767396,0.861660199678957,0.8998648853008726,0.9143241903257728
4111,0.07082584891682163,0.9098860489468614,0.06444345183423418,-0.04710092308033676,0.021453828257468003,0.28880842582871624,0.6079265845390704,0.6404074700374679
4112,0.0920560413746578,0.9425268496806809,0.08676529067093064,-0.11310671780281609,0.06263426453665624,0.7654940182721934,0.8236119151443805,0.8582176270965516
4113,0.1574430962731889,0.9482232715999429,0.14929120783898794,-0.22146992587821082,0.13751191593871437,0.8865101951647777,0.9172402120601856,0.9229457025848874
4114,0.04073102318253614,0.9160438269780444,0.03731140235286185,-0.024651395656665784,0.001308176787864885,0.3307174208749404,0.51355662220799,0.6611819874970905
4115,0.2192407711144646,0.9386681846059609,0.20579433661362548,-0.29142100651214337,0.19077579795483368,0.7943582747521003,0.9042136503537764,0.8979207352652396
4116,0.025443127918753333,0.9773845447276848,0.02486771999731897,-0.017431859915940193,-0.013242412034834705,0.37847812084830235,0.4491081062971265,0.6101887071857163
4117,0.07050870827816073,0.9094491674727792,0.06412408604315432,-0.04643230951030103,0.02132350808125087,0.2902800550403658,0.6109930392527733,0.6436517499386263
4118,0.11076003230559556,0.9400898282915399,0.10412437975173275,-0.14005908989213628,0.08108752343273444,0.7950973301956286,0.8483348827182378,0.8793586629225129
4119,0.20426737142519918,0.9464982103607791,0.19333870148905155,-0.2906632490150611,0.19158508918046369,0.914793406914589,0.9353462098496871,0.9335525997646205
4120,0.12242732653888523,0.933505261369993,0.11428655345951154,-0.14630860981772653,0.09187104165436887,0.7243052965947722,0.834102365367148,0.8585965327854486
4121,0.13951660521980422,0.9430209124417491,0.13156707635515508,-0.18616579984907583,0.11533091839537701,0.8451939014381277,0.8862923093334245,0.9001103426639019
4122,0.06519208930143154,0.9120474066940654,0.05945827598433856,-0.04295269183537326,0.008907585281121157,0.2595407070245529,0.6262170005333612,0.7082307704205477
4123,0.06442163122096024,0.9041927432728061,0.058249571459789096,-0.04057559524877561,0.021571917292141467,0.2845188915676007,0.599325250002922,0.6791266833429902
4124,0.15979455868282033,0.9472012154131176,0.15135760020077016,-0.22406923668808093,0.14337318283191142,0.9022773709594029,0.9147843574650285,0.9206690803360096
4125,0.49427297710340845,0.8876801893420403,0.4387563299018076,-0.386448212138654,0.3650392170771606,0.21267738603905453,0.7182447879195328,0.6968853073619884
4126,0.14465574299874728,0.9396894305035973,0.1359314727575676,-0.18755048291671025,0.11750272205865218,0.7910848136149841,0.8764139202688804,0.8924589003898504
4127,0.34270468887371497,0.9019480781037671,0.30910183548679665,-0.2999287794856992,0.23296362624600533,0.20074971710573142,0.7420582741096443,0.7056574313454707
4128,0.2087176436231432,0.9434237906150063,0.19690919051517777,-0.2905679657324595,0.19104508116757107,0.8747748276264854,0.9257421259159792,0.9258643708523976
4129,0.06385592455877664,0.9037119837542549,0.05770736425747409,-0.04076386375337116,0.011867505053470291,0.2795692421015591,0.5873584001628472,0.6772587803944667
4130,0.4903745481316733,0.8838444203956678,0.4334148082702263,-0.3760522143723654,0.23568871481233314,0.2035812289757315,0.7092311652314577,0.7105465372340316
4131,0.17082705123585773,0.9472959770502742,0.16182377840708909,-0.2412254349899851,0.15281020246768656,0.9024854906889479,0.9232604293130895,0.9272011330153362
4132,0.10960599005832346,0.9428142761308391,0.10333809217644219,-0.13867215373988764,0.07726826183701664,0.7609403394349474,0.8557960040514695,0.8853797957782353
4133,0.10098905581678526,0.949074730614276,0.09584616094430556,-0.1354163897673372,0.07217145969596732,0.8705273080186651,0.8634318522294437,0.8879503869072766
4134,0.15770818442243115,0.9476271885408016,0.14944856341410268,-0.22221697856591177,0.13954546126222123,0.8991472631451725,0.9172770893923643,0.9268927357172704
4135,0.4970725853882496,0.8868213345575188,0.4408145735459637,-0.3889859677391996,0.3166946565619885,0.214566039344823,0.7252783333128151,0.7035215385786918
4136,0.4010807949898679,0.8914886582733633,0.3575589797847312,-0.33284226356145485,0.2683868101411029,0.20004077788174626,0.7373443445081637,0.7267805285885275
4137,0.06635578856138834,0.9184854482000853,0.06094682619747685,-0.04464743796352566,0.015594077213354384,0.24282493451382312,0.6582824361005071,0.7343284958027069
4138,0.09905573163956302,0.948945281414608,0.09399846913643502,-0.13407758790274416,0.07353870963867626,0.8836460968567464,0.8658171045393995,0.9015216291334454
4139,0.016802389701625224,0.9726804825047947,0.016343356522210417,-0.009332312679675644,-0.019873455456922255,0.5316827528650843,0.18821975161264118,0.5392090726936583
4140,0.27426812445772536,0.9183942436908664,0.2518862667298651,-0.3078643975334927,0.22804524510038304,0.5864624249267092,0.8416712554200144,0.8396677943636782
4141,0.19650364384391997,0.9487061098951513,0.1864242075313876,-0.28108864398153594,0.17936494569708467,0.8699317270181516,0.9310628567198255,0.9240571286650537
4142,0.1604195054594056,0.9320881576464247,0.14952512129420792,-0.19582741636407164,0.12904532619020004,0.7303103784674164,0.8576287419881866,0.8689570718779175
4143,0.217527914457578,0.9383816794167102,0.20412420968871653,-0.29062764746658637,0.18777257282669932,0.8017754940237175,0.9069650065388997,0.9070692752586447
4144,0.2672770327873785,0.9057088278432716,0.24207516807528423,-0.2434043036842858,0.12876593005976836,0.17094820279361636,0.7676035648018301,0.768304937115655
4145,0.18270013157072906,0.9409679086374066,0.17191496071188797,-0.24565010522843805,0.1592014027891124,0.8342649566927469,0.9037720252829491,0.9073253061555788
4146,0.07249308320115608,0.9111504675104241,0.06605210665000544,-0.047993992718512804,0.020160681131658104,0.2942481577203034,0.6207300513498042,0.6366207437034623
4147,0.15989202233071625,0.932033341145197,0.14902469579535993,-0.19562790830260005,0.12636835609451724,0.7317170578885257,0.8569346429830965,0.8711074171156734
4148,0.3400645624900964,0.8965129399765251,0.30487228069982714,-0.29336958046199807,0.2040816898421164,0.19213583219071503,0.7537721735073157,0.7439383671613685
4149,0.24107149036462067,0.9308080990844276,0.22439129568974245,-0.30096586980887374,0.2090605175040796,0.7327513565850858,0.880331412820433,0.8747820299216413
4150,0.19892646815311693,0.9475587529396142,0.18849451608984935,-0.2852300577024,0.18054370916922868,0.8990859853807731,0.9364004905218103,0.9365215644856489
4151,0.13105523154873117,0.9488672792278888,0.12435402098822552,-0.18161444483112307,0.10723447988530427,0.8767563703305269,0.8978197200379862,0.9124664545931669
4152,0.1032056111595288,0.9059124056260751,0.09349524347963803,-0.07146986152763914,0.04755229714815042,0.23024982545718545,0.6827748184005443,0.7186150379122292
4153,0.24112789846195332,0.9308145503991709,0.22444535639556,-0.3011010039050163,0.2105706268888888,0.7332320872476844,0.8809767174996618,0.8753663267404795
4154,0.1455354391278123,0.9411462457900225,0.1369701321645429,-0.1879083693973256,0.11332831632621382,0.769176297984316,0.8754790849904758,0.8817198916316504
4155,0.20593903785374335,0.9467077405813399,0.1949640812240124,-0.2911802022828926,0.19364984277318895,0.902727558491732,0.9284101043229175,0.9211320231078968
4156,0.09148587392335092,0.943282276859946,0.08629700345494042,-0.11255886000040258,0.060555485001144944,0.7582723930252621,0.8273735444648327,0.8645132945559791
4157,0.21088408071682574,0.9431566502718981,0.19889672316454995,-0.2924861958713786,0.1969905220720308,0.876919758216904,0.9230380261768525,0.9219901656915483
4158,0.037039586864998426,0.9351499727516662,0.03463756864753625,-0.023591711166291492,-0.0017633564965668968,0.3268524787087136,0.5303350924826548,0.6662316602596253
4159,0.11271629108749098,0.940504799263625,0.10601021272298103,-0.1416101345133391,0.08460601726441024,0.7840963825269065,0.8450133154249949,0.8663404535227819
4160,0.20479924765767968,0.9466041818946036,0.19386382428162818,-0.2908629361750727,0.18061343489568393,0.910883796564627,0.9332285066510451,0.9295296942351681
4161,0.04090169224792772,0.9164199362901447,0.037483126204005034,-0.02502446714324531,0.00266150015808838,0.3291745103678417,0.5111776710841551,0.6580885056581299
4162,0.1061797073281054,0.8970916312753743,0.09525292685531189,-0.06977381868587333,0.04586576602068236,0.25450003995355247,0.6558653450468023,0.685381745606145
4163,0.2748167473796949,0.9095023876409504,0.2499464879055524,-0.25215970943671356,0.1541579248035032,0.18789328256871463,0.7726655939474547,0.7390948473560548
4164,0.21121176513155104,0.9421528207384693,0.19899376029184188,-0.29068517560149,0.19121899188339045,0.8528919419298129,0.91839792761136,0.9185419348322215
4165,0.13883339890256133,0.9429582397018397,0.13091409744098256,-0.1857878678533835,0.11364166947615478,0.8482616426452344,0.8862185266624717,0.9035747878860955
4166,0.066067565248243,0.9125127631773018,0.06028749652107091,-0.043398853244106604,0.02012996292094771,0.26273672797238706,0.6317695894347874,0.704541657194608
4167,0.02174278532308068,0.9751471278013875,0.02120241465820429,-0.014077660108631734,-0.016477543909111592,0.4314631431010085,0.3512203737618954,0.5749676483680728
4168,0.4913272734238671,0.8844383117590275,0.4345486642281711,-0.378532842908351,0.29173016257948003,0.20282827254502903,0.7081984958891715,0.7090325154948348
4169,0.02364539967044841,0.9779251895532436,0.023123431954785466,-0.015237324685552328,-0.03042366828780927,0.38739986701958756,0.4387320364944739,0.6376999008872807
4170,0.2141386467557151,0.9415924744534194,0.20163133827482047,-0.29335267380788893,0.19673657351307902,0.8596196178647542,0.9184161295926335,0.9167950429766727
4171,0.16669107417016715,0.9428075115878323,0.15715759684227806,-0.22589493862688784,0.1456114394656529,0.8452836286347202,0.9023550438616817,0.9094946296865203
4172,0.20372561104598713,0.9464279284771246,0.19281160803999,-0.29029821239148335,0.19043380379727665,0.9167569252689046,0.9353869182247371,0.9355926248386098
4173,0.044861496948788326,0.9241272343282302,0.04145773110310809,-0.028545649747969422,0.005237732661403516,0.31296305914668904,0.5618379107045243,0.6649565771513716
4174,0.19910087903619536,0.9475649135347082,0.18866100722861687,-0.28531985573004426,0.18146784071907737,0.8977496412879228,0.9349275808202633,0.9351223598448487
4175,0.20473427153625054,0.946520178207469,0.19378511917966823,-0.2907082999273438,0.18811955619712498,0.9111923714801836,0.933459009502435,0.9298425390266832
4176,0.3446624420046337,0.9033216998856257,0.31134106299835657,-0.30175030189268814,0.1823233269401947,0.2098578613930706,0.7504034566557667,0.6975549767269655
4177,0.22376032108162214,0.9374476331165118,0.20976358338335738,-0.2960983282394829,0.2039414802906135,0.8111961508245534,0.90409192529629,0.9009529331584731
4178,0.21752907320097037,0.9383682803786171,0.20412238235194888,-0.2905140858063077,0.19190828786115469,0.8011732652015122,0.9062098629356629,0.9063782728429907
4179,0.1990866008912425,0.9475772160703871,0.1886499270294398,-0.28536359242630693,0.18420762413825348,0.8981478472872232,0.9353811803927524,0.9355387431526596
4180,0.20130223869604688,0.9469696896146156,0.19062711849672276,-0.28778473425393025,0.18746806493707888,0.9084030411062068,0.9364790715013648,0.9366460448119651
4181,0.16049529437437313,0.9321454362049162,0.14960495618343647,-0.19596703366184728,0.13068005295471619,0.7296547203366515,0.8568636239662258,0.8681779824799107
4182,0.13079321817245487,0.9497466417013415,0.12422041971659988,-0.18071501710160642,0.10206355382070248,0.8563901304672842,0.8976276121090964,0.9085385362212661
4183,0.14654638707968468,0.9388918340808324,0.13759120614316475,-0.1894761225447321,0.1226511532185035,0.801985806478975,0.8742961481666549,0.8888041860884677
4184,0.15817837849884253,0.9477194488941573,0.14990872569789446,-0.22257017369526685,0.13998122135223054,0.8967698355540935,0.9167536160252038,0.9243932606766656
4185,0.22279761022391228,0.9372535314105208,0.20881784697218655,-0.2955623123188737,0.19733596189640654,0.8152322448980382,0.9055849211735459,0.9057623244605456
4186,0.1027903593510765,0.9052113873175244,0.09304700379105482,-0.07035505810676664,0.04766050081586367,0.23155365446041365,0.6855232071197646,0.7218948184809736
4187,0.19450831798971185,0.9485394642670444,0.1844988157414452,-0.2802523407734456,0.17160566989349882,0.8816343139356717,0.9367126511066968,0.9369056690807762
4188,0.024571338266234016,0.9815321086017877,0.024117557459624468,-0.016071079404900712,-0.014868035159752248,0.3453609749775421,0.4846164109521438,0.6939945697069082
4189,0.21335834308869825,0.9394754539577297,0.20044492622892382,-0.28612082464126243,0.18395362079961947,0.7862350778624567,0.9080392792516359,0.9049706247962505
4190,0.12087722155356997,0.9352548711683788,0.11305101027127568,-0.1451278411050722,0.08614962498734621,0.7063148014711111,0.837240536375533,0.8638450212235893
4191,0.13852268861603056,0.8932192742012055,0.12373113538601041,-0.09278737207706028,0.06828526956406848,0.23964402567709392,0.6737847242401723,0.6945596172549497
4192,0.18207279423576903,0.9408612830802217,0.17130524279866682,-0.24527176178877882,0.16127751261605225,0.8373954200729632,0.9050611201664012,0.9109094477239752
4193,0.016216935052774353,0.9732525589648147,0.01578317353867884,-0.009201237463580028,-0.023923055251552007,0.5295805936777536,0.14655594966016658,0.5373807789933887
4194,0.14475027252770908,0.9397462904847524,0.13602853165457157,-0.18770634683907086,0.11820198372439529,0.7902893425809953,0.875533567299819,0.8915600730668571
4195,0.2229581367926608,0.9373792365433665,0.20899632804783586,-0.2956964813661342,0.20105893775032604,0.8134912623685469,0.9036595643223951,0.9038279319504884
4196,0.13119797224642638,0.9476928302845202,0.12433537764580574,-0.1821695698804713,0.10652205202870627,0.8991934765319687,0.8986718739488888,0.917519906149901
4197,0.12053029264974566,0.9852731117718413,0.11875525650178559,-0.13871190916489842,0.005925883402500285,0.13539848232015836,0.9125004078149186,0.7833426922670064
4198,0.023700753872397513,0.9784432029989311,0.023189841532397937,-0.015423192636056387,-0.012806432315242203,0.38625583875682756,0.43795032724877414,0.6361613981096734
4199,0.15877487101651927,0.9470997222241794,0.15037563623592531,-0.22344954098620118,0.1419003224963181,0.9085743392742639,0.9174802164640121,0.9271654131376348
4200,0.06772288920509009,0.9142130459516643,0.0619131488208325,-0.045732520183316076,0.015507443818834957,0.2618424584551507,0.6276021853099063,0.6903891033367014
4201,0.13200875930449965,0.9477683364218275,0.12511372219913508,-0.1827027444680219,0.11123990561470085,0.8940471210544397,0.897178444593018,0.9122037188938579
4202,0.13203084694649603,0.9478727961543761,0.12514844807380565,-0.18282795152289555,0.10938976003136583,0.8945247969203352,0.897806319149953,0.9126924402060002
4203,0.1598237446546369,0.947242278781858,0.15139180809010805,-0.22414388774869845,0.14289375133946275,0.9021262281349913,0.9146719333745519,0.9205162586441186
4204,0.01853828230143306,0.9762182010352163,0.01809740859858797,-0.010859588634754551,-0.017363421316450866,0.47353387622497134,0.2797596790055582,0.5900408935375365
4205,0.2018222705771038,0.9470545614573219,0.19113670195372,-0.28806326150739897,0.18959532844574944,0.9055207604885035,0.935400469353835,0.9336229411608513
4206,0.11027278901620016,0.9429604798719318,0.1039828820475324,-0.13926253560956584,0.07931811331481492,0.7571706534486781,0.8541315025434343,0.8805679784297482
4207,0.15312275724238222,0.9351640107484601,0.14319489179964898,-0.1923890184435451,0.1270100823580465,0.7658767646183281,0.8657720434237073,0.8808975173981316
4208,0.06708157169570554,0.9130000737815267,0.06124547990755993,-0.0441322278316199,0.011526853477296387,0.2650923886000208,0.634572204135962,0.6984369340497619
4209,0.13751180262148874,0.9439175381493823,0.1297998021969594,-0.1842962909472045,0.11366792728147729,0.8345255495294819,0.8886517038706166,0.9057189226876046
4210,0.09960921711229309,0.9489781109585269,0.09452696668928166,-0.13439569953654906,0.07482796768184467,0.8805823556250344,0.866434138041951,0.8983330189061457
4211,0.04200989288510465,0.9177933255687344,0.038556399297806514,-0.025871487884023995,-0.0017465891923605877,0.3317401551279827,0.5231232372629672,0.6511425298564586
4212,0.16660312328299762,0.942795852590775,0.15707273365987975,-0.2258344235139295,0.14432720486511352,0.8464330909111488,0.9036531539734646,0.9107366338975876
4213,0.07406686654143788,0.9183066357532793,0.06801609503445495,-0.051375598198675196,0.02296920649966297,0.27247846175144025,0.6424062948871273,0.6569678069751501
4214,0.06699006241311828,0.9188891785871182,0.06155644342429003,-0.045874136008692654,0.010377842008315008,0.2403886636443478,0.6500884883602818,0.7257674715016488
4215,0.15281439635157876,0.944717747903913,0.14436647236855943,-0.2088439061603564,0.13099293860212807,0.8581331458765649,0.9025833625303172,0.9133253864655906
4216,0.22356469022789494,0.937409488675057,0.2095716619523285,-0.2958285510122577,0.2051708021335899,0.8113097425388844,0.904184399333131,0.9010788756584943
4217,0.15727894482055907,0.8951824260177715,0.14079334738598331,-0.108851084285999,0.0873308793051583,0.22137221055609962,0.7054460656445025,0.7258519464711487
4218,0.020566307979081367,0.9819787277850174,0.020195676944533173,-0.012292737670406794,-0.02895328343780471,0.39736485181386955,0.40120536059004125,0.6877932637184566
4219,0.0655747574015604,0.9121332895785642,0.059812919182001587,-0.04359150590952073,0.00554564291139117,0.2580366824020418,0.6210337718672183,0.7030094908687586
4220,0.0996943024575512,0.9489306967123491,0.09460298388929572,-0.13447079828728606,0.07609625326684107,0.8791408672464008,0.8648800098421875,0.8968603897120924
4221,0.2254127507923988,0.937787689832552,0.21138930282440443,-0.2968204876119743,0.20168192747502697,0.8034337561958967,0.9012660467220894,0.8916945032580355
4222,0.22530559968709019,0.9377276282817342,0.2112752856331689,-0.29673483842814835,0.19967032895635198,0.8042718067152299,0.902201293197752,0.8926246848052021
4223,0.17733009973506283,0.9435517023936023,0.16732011749064582,-0.24423711310790008,0.1591702346336547,0.8745920390941619,0.9130924916644146,0.9192993228785055
4224,0.23468260008914804,0.9315790344510727,0.21862538999351575,-0.2957045307329533,0.2004247539154415,0.7259106204866131,0.8838968431238193,0.8812177583416623
4225,0.2062530346346012,0.9431671021746095,0.1945310769910362,-0.2856927421805305,0.18605029262950257,0.8389623459762414,0.920764378972824,0.9208737290070136
4226,0.1014693331546311,0.950084852630769,0.09640447643676009,-0.13558939109205148,0.07590109371894758,0.8512780949107358,0.8645219511206151,0.8849912109249425
4227,0.026022962102860158,0.9366115451654607,0.02437340674494208,-0.015008582290534294,-0.009002324072237458,0.40730446705545753,0.3855925278561967,0.6237278724816848
4228,0.21154435376882322,0.9421143312094232,0.1992989673720445,-0.29071694400928944,0.19155350177529792,0.8517283984836602,0.9187343003471645,0.9171640537699027
4229,0.1152171316554541,0.9217767684238337,0.10620447528442788,-0.13525266247501527,-2.403572893819444,0.09196986748822732,0.02472420466603303,0.09846115254010437
4230,0.01586522940513332,0.9734317127737995,0.015443717433388175,-0.008574018845960677,-0.019584753262073498,0.5408506438662035,0.150188492907429,0.5489508449896726
4231,0.1441573186827097,0.9408881037818628,0.13563590622165245,-0.18693102791956503,0.11692749775793762,0.7746475374979893,0.876238399858246,0.8887749587624535
4232,0.15808495667725664,0.9329431948325884,0.14748428453745113,-0.19397990870977855,0.12640280015690827,0.7223681722410046,0.8597159923047524,0.8737039267026556
4233,0.22060004262136498,0.9378918391131843,0.20689897968259885,-0.29327805569784343,0.19983741803063088,0.8062231227100923,0.9052047300839416,0.9037453418629748
4234,0.06519575880147728,0.911299112982274,0.05941283716599253,-0.0426194577755301,0.017171439628552086,0.2599932988716674,0.6249256212093247,0.707782948787385
4235,0.09915984303546167,0.9498119275570015,0.09418320164976156,-0.13400736824335588,0.07411758733720102,0.8646247754329955,0.8641692656213678,0.8993426252987617
4236,0.13495756193003447,0.890626621374203,0.12019679741064637,-0.08857961143434269,0.06879355308157734,0.23680191616569474,0.6753697473340596,0.7107771794462229
4237,0.06610286028661227,0.9058961972230581,0.05988232975920917,-0.04269430461535408,0.01847070279715921,0.28348699437010016,0.596497474303105,0.6656387369840786
4238,0.4881687086931185,0.8901174849376874,0.43452750320719724,-0.38569102744026695,0.27274597914894455,0.22249691345994657,0.7284402966600542,0.6871124639010046
4239,0.13291915661964557,0.8945965110382242,0.11890901376207821,-0.08965871116377823,0.062431801867720564,0.22873093206719258,0.6831319156574556,0.7175225768059813
4240,0.1011732925515843,0.90407026751882,0.09146776566287067,-0.06883453629426695,0.037064010757117426,0.2284281322005816,0.682662022714867,0.7290669718122428
4241,0.21471956960086114,0.941727879676299,0.20220740500522646,-0.29371226905254855,0.19859784976940056,0.8566857318610136,0.9169777705649537,0.9135617473209114
4242,0.1308168959195072,0.9487823602105941,0.12411676326593368,-0.18128590760045676,0.10684322786268179,0.8795247229929579,0.9007180199847489,0.9153515016370876
4243,0.06718410467348086,0.913385325194699,0.061364975295102014,-0.0444652941975122,0.015266048938672979,0.2645000727283454,0.6339285416289221,0.6973959003569614
4244,0.15929572164933825,0.9471714283386573,0.1508803562028409,-0.22379339442001633,0.14284575797932725,0.9053327149569859,0.9160683840764297,0.9238229086240836
4245,0.017851654843576405,0.972147269531349,0.017354437512798884,-0.010354295601333021,-0.017295941380770473,0.5195534293548942,0.2208414500934694,0.5266248791809459
4246,0.1445348730001845,0.9397309044985195,0.13582388693604203,-0.1874980271759659,0.11802839841904961,0.7928056622608489,0.8785259133800991,0.894424101511943
4247,0.14323474604782246,0.9406750445329849,0.1347373511172062,-0.18613719910881937,0.11189044600589265,0.7800946027332636,0.8797465471449647,0.8954411830407578
4248,0.08283336443930646,0.9517778620802815,0.07883896251495992,-0.10800239516620797,0.055300546672849275,0.828726008000362,0.8382259356600716,0.8770135993411448
4249,0.2238489298467181,0.9375464995045862,0.20986878059563824,-0.2962122530232672,0.2051767247326269,0.8102139521112572,0.9030407622167027,0.8998661442111793
4250,0.13166430433502335,0.9488220596066727,0.1249259964158366,-0.18184295165712216,0.10907285783382038,0.8739638858467279,0.8984247083916411,0.9094321343911335
4251,0.22448499119397045,0.9375634329555084,0.210468918990806,-0.2962754036745557,0.20080271650714263,0.80746009802092,0.9028090101185684,0.8964772282576385
4252,0.4910805645585905,0.8894417861839063,0.4367875745011939,-0.38518983239636634,0.2831055589683084,0.20940300090213362,0.7079421330997038,0.6866061807865068
4253,0.33756839842070163,0.8963398287964236,0.3025760004474946,-0.29169908935386507,0.16833270751356258,0.1852260439558876,0.7423486791494721,0.7426941404127446
4254,0.23535466837397256,0.9317605167612758,0.21929418742631138,-0.2960825610134533,0.2036372355993182,0.7236609328469326,0.8834890325908856,0.8779594816830895
4255,0.09879560342472175,0.9498049452394421,0.09383655270071549,-0.1335248649914152,0.07184936691382421,0.8693513063450629,0.8691626373298572,0.9042729757483958
4256,0.13922129005010914,0.9429673733933776,0.13128113419898896,-0.1859931005382198,0.11722296918972254,0.8458830102748433,0.8852897305486714,0.9009378080251497
4257,0.017144572047382088,0.9711467406913022,0.01664989526436232,-0.010682644652662542,-0.020272411736518548,0.5023164740011365,0.1381613148706853,0.5096997746861784
4258,0.04344838257660191,0.9188116979204148,0.03992088216710337,-0.027114311646305275,0.004299873399408427,0.33205984953066053,0.5292790205210693,0.6395249119162246
4259,0.13162703787184865,0.9488459674542976,0.12489378409265771,-0.18182888682146062,0.10630166579657199,0.8746934295294652,0.8992453424270815,0.9101930510178354
4260,0.2010186850252471,0.9477742471763374,0.19052033286818087,-0.28621904785597796,0.18698189055189973,0.8875560794666185,0.9315319252633593,0.9242319628207729
4261,0.0991518576942252,0.9488981583846189,0.0940850151664641,-0.1341692411439734,0.07545636320035683,0.882191949070407,0.8642554474756802,0.9000354977277631
4262,0.16538213951819683,0.9433001701420003,0.1560050003459631,-0.22455437557439548,0.14303770733012341,0.8392257024455293,0.9044952402869123,0.9115162526582119
4263,0.11261028976658138,0.9488652642276573,0.1068519923541203,-0.15411787882671096,0.09007664624236386,0.88160952075891,0.8831067403523726,0.9083748064572433
4264,0.22382734653267447,0.9334203033362349,0.20892498969547357,-0.28616840214467043,0.1840298951327787,0.7079941522768346,0.8874312480925419,0.8875746067466901
4265,0.33926905702825355,0.8993974922420683,0.3051377390865425,-0.2948203145578538,0.21192096011419295,0.19279971693755202,0.7385454583735482,0.7200853204002631
4266,0.18280415793274518,0.923389077430589,0.16879936274399326,-0.20598288100823486,0.14470708429692442,0.6214255359913083,0.8332026863909208,0.8422632665388662
4267,0.14271117121043003,0.9417648778828718,0.13440036872751224,-0.185395074698736,0.11242086528237336,0.7643659531262471,0.8796658778884292,0.8919738073120786
4268,0.49453009812584137,0.8883269813412346,0.43930442925051316,-0.38910358550904667,0.33154864529056033,0.2189860148431174,0.7281338660304876,0.696296678366146
4269,0.21743912448416558,0.9383079506013607,0.20402485927529157,-0.2904505692297038,0.19041518220110015,0.8020150942969992,0.907157322540045,0.9073312625018183
4270,0.21232724821122045,0.9417734120057681,0.1999641570096767,-0.2918817664944304,0.19611420122609396,0.8589838671795841,0.9205470152808986,0.9206661631481016
4271,0.12360964073981662,0.9813487981133341,0.12130417237524005,-0.1435695086984397,0.045560751032711205,0.13197873163564025,0.8558337941345121,0.7394978343757863
4272,0.176176425437857,0.9381099173270857,0.1652728519024895,-0.23049132365284908,0.153806292610892,0.807569715167217,0.8893216457630374,0.8960227239047901
4273,0.3403261295848423,0.9022364322153692,0.30705463294629354,-0.2965194928482148,0.20626253796378752,0.1990432429846125,0.7317180440189219,0.6969038994051985
4274,0.10036963888613396,0.9500614830508163,0.0953573279734353,-0.13494715337592714,0.0735672308711164,0.8574604083569903,0.8640613258085342,0.8916576361941396
4275,0.18913528355978318,0.9378219394720346,0.1773752184506291,-0.24863272676483264,0.16787046234966405,0.8109821387262166,0.8957164501256968,0.9002210997644986
4276,0.12518140462765387,0.9404565096555851,0.11772766686990685,-0.16010185500708216,0.0977298173142193,0.7864623874187004,0.864181174574359,0.8859025698401694
4277,0.13154091499055548,0.9477789211878822,0.1246717065018156,-0.1824298258806042,0.10879492676002364,0.8981586335246223,0.8996168783728405,0.9164315134821175
4278,0.2486149911732138,0.9260121379893882,0.23022049951252058,-0.29973889319202374,0.2086195797639695,0.6714155264641983,0.8676257032675597,0.867761308057264
4279,0.10529476031676197,0.9021171164899033,0.0949882055584528,-0.07104959057344548,0.04802234573708835,0.24393111890865612,0.673196764742739,0.70099929985179
4280,0.2018024828460697,0.9470004395850944,0.19110703996459147,-0.2879357622098061,0.18683750854936343,0.9052690621928351,0.9350591434116305,0.9333606368418341
4281,0.09997529625712737,0.948997071375376,0.09487626335789946,-0.13467177420562917,0.07649538845607194,0.8778582442636536,0.8654817109321481,0.8955204971299465
4282,0.11263003317236091,0.9404511586389201,0.10592304519448684,-0.14146446787688044,0.08581136510964847,0.7848508364012017,0.8458241362371055,0.8671759148807119
4283,0.1395573311213899,0.9430499222053316,0.13160953025721045,-0.18623439410978457,0.11808018085753655,0.8447309522556282,0.8858104143371288,0.899618119937848
4284,0.1321158547629376,0.9479294571146503,0.12523651048166942,-0.18297383415952745,0.11292222887539569,0.8934675047124874,0.8967502992058871,0.9116153794686728
4285,0.158855665981377,0.9471175940839579,0.15045499617088662,-0.2235215873083178,0.14083454010408317,0.9076182754476615,0.9164793124275626,0.9261888819622487
4286,0.04213806361668457,0.9178136828489839,0.03867489135615404,-0.026064772403187414,-0.0015962665667042634,0.330823855621236,0.5212398046796863,0.6490794292032197
4287,0.04490850745345519,0.9244276184920966,0.041514664595232155,-0.028720829694079433,0.003942260485604877,0.3124461657210806,0.5613761231155274,0.6641406105541783
4288,0.0687629105523862,0.9202316580519386,0.0632778071900995,-0.04732377465382954,0.02028383844839167,0.2456569610578075,0.6582302198611732,0.7166449411161578
4289,0.11142572775255628,0.9401984836730399,0.10476230027511838,-0.14056835022000233,0.0845142649018216,0.7910713347835399,0.846825939751998,0.8746133498338957
4290,0.16544381811589712,0.9433199773733647,0.15606645876165115,-0.22461548448091423,0.1436646916723648,0.8384291937515059,0.9036026572279084,0.9106484152221225
4291,0.11853261972427787,0.9445523724026844,0.11196026716767188,-0.15673733250125502,0.09328452661776235,0.8290390625186324,0.8739884314549747,0.8989736634346954
4292,0.016637084908496944,0.9745418828846373,0.016213536052438197,-0.010195535474608386,-0.019225656052944948,0.5146123044891244,0.14291696492965753,0.5222838904076448
4293,0.01995419766840067,0.978808083528887,0.019531329978163845,-0.011820274868123403,-0.021509657952258322,0.43284333132024727,0.3569451206202476,0.638527810375997
4294,0.06924723349556007,0.9509829464563785,0.06585293814356055,-0.089237679350237,0.04097159016659854,0.8561799257665961,0.8077520305943034,0.8732552270230508
4295,0.22283695724394692,0.9372663899076887,0.20885759045404811,-0.2957024536857339,0.20005691837397302,0.8158620240009723,0.9063571397720214,0.9064687391897753
4296,0.22558574501861112,0.9379093424215947,0.21157897777009108,-0.2969809810332172,0.20380283803445834,0.8017612418249942,0.8993973663792886,0.8898377348100707
4297,0.13193504125347927,0.9478161038166193,0.12505015675775766,-0.18267416791020297,0.108029290558138,0.8955826926608214,0.8988617964568896,0.913771301911676
4298,0.13877425196614898,0.942928807539725,0.1308542399236582,-0.1856998758267931,0.11551235652897049,0.8487273745880924,0.88670440148309,0.9040721410339174
4299,0.13895108260297417,0.9435250838145436,0.13110383185909277,-0.18554205675226612,0.11520843951945062,0.8370072773158008,0.8860290574553218,0.8997722282520614
4300,0.1040869359248563,0.8955462392628767,0.09321466402390106,-0.06759306684100759,0.0492960557863395,0.25254118365242584,0.6554157634754483,0.695379127059271
4301,0.016109143014584756,0.9745338597821236,0.015698905319785517,-0.00917135054100873,-0.024168823294740356,0.5319096235946421,0.1477465733211254,0.5398032787422791
4302,0.03698453464892324,0.9346759686662125,0.03456855574865143,-0.023358380750551216,-0.004477583605005181,0.3277162757408779,0.5310351781482886,0.667562443832501
4303,0.21850288866027276,0.9385725353338111,0.2050808101876337,-0.29104478633722825,0.18876371034109718,0.7966121763009884,0.9038922916583092,0.9008372296693791
4304,0.5010335672353644,0.8831656967254289,0.44249565949024766,-0.3874951104608201,0.2711464812199715,0.2058044935673304,0.7217668121557865,0.7217362090639459
4305,0.18345587570870278,0.9405569530538955,0.17255069947641163,-0.24652205509488234,0.16428453933170456,0.8407295022499054,0.9040231057371292,0.9087495534182941
4306,0.04227252718918651,0.9220785618441695,0.03897859107612365,-0.026234851821213503,0.0010798575080373984,0.3101030439814846,0.5492037891280732,0.6865067951842471
4307,0.20372851788812973,0.9464522102313145,0.1928193060423703,-0.2903956641787737,0.18364447074905454,0.9175921940777477,0.9363143106515833,0.9364450214972281
4308,0.06762631758559862,0.9138351979150872,0.061799309315104044,-0.0454055919838003,0.013368509932602803,0.2624239408671587,0.628237000058697,0.6914161430976322
4309,0.09999550930651199,0.9489852827870189,0.09489426667667226,-0.13469141661715942,0.07715734064505594,0.877500078431853,0.8650950022123869,0.8951549122570293
4310,0.03370932238405683,0.9262299886199518,0.03122258528817124,-0.020416609439407547,-0.006516276282980885,0.36257932946628235,0.4650732147774807,0.6339232893610818
4311,0.3380993816109845,0.8989148775558364,0.30392256422254216,-0.29248677910252213,0.21225527487101462,0.19344479944132462,0.7394663904358474,0.7213869580859648
4312,0.13700511176266394,0.9449462279572383,0.12946246357098914,-0.1833719221387299,0.11120360106290081,0.817597739114807,0.8901054936385231,0.9034561145575444
4313,0.16068331191490692,0.9321822919749699,0.14978613798296694,-0.19615265391739886,0.12987529463216702,0.7276155374835414,0.8542766661395669,0.8657187778704846
4314,0.08090406327955499,0.9500929153620531,0.07686637734590843,-0.10684217972757536,0.05415044641625748,0.8694099668151977,0.8357323124019668,0.8868729981443219
4315,0.13272878032216925,0.9292213743450426,0.12333441966610736,-0.15175597192206547,0.09577891397204703,0.6604225491114909,0.8241209401896363,0.8433433775371632
4316,0.14738326943755956,0.9480150719992135,0.13972156078732753,-0.20653068324226678,0.12776021410318816,0.8921791639327017,0.9113250097176977,0.9226792150372619
4317,0.09045640875709693,0.9413658064499743,0.08515257017819305,-0.11191846293924693,0.06182465613725545,0.7866663306028276,0.8234758764551924,0.8682019322602518
4318,0.14829149016871404,0.9477713841376271,0.14054643089303342,-0.2074982868746699,0.1290782218365342,0.8960170819481682,0.9103643635152607,0.920449004867306
4319,0.17612825508711405,0.9380861427906481,0.16522347545111815,-0.230446498534502,0.15048937562072964,0.808295148946148,0.8901527119722891,0.8968304792083839
4320,0.08243883970717224,0.9501401823472903,0.07832845419187166,-0.10788180884373082,0.05747845918827734,0.8580875469817085,0.8350599155464525,0.8751462616866744
4321,0.20381630268945805,0.9464890581153941,0.1929099003611072,-0.2903452973951993,0.18292855928400487,0.9156117115642715,0.9342243104702432,0.934424135743112
4322,0.16792707781452296,0.9422563072974627,0.15823034823676607,-0.22713189757820823,0.14806073745243764,0.8527321281012499,0.9015891238442492,0.9088305233063964
4323,0.21198605983588212,0.9421755370741639,0.19972807977810808,-0.2909016798788343,0.19443080292757348,0.84947449983314,0.9179289143611182,0.9146169174020454
4324,0.13104965264207702,0.9482852057850243,0.12427244682374797,-0.18181910740456997,0.11098786798618512,0.8890912828774893,0.8996047740864918,0.9162776019049153
4325,0.06502135057203957,0.9112539250704207,0.05925096092215091,-0.04230682663006322,0.014647789136443741,0.2607558265343825,0.6275334724536225,0.7104215921754753
4326,0.06646720686652974,0.9181391747663633,0.06102614646146076,-0.04464661706373615,0.012287653357056923,0.242725656403262,0.6563705558666458,0.7328252269893961
4327,0.04372489122322293,0.9233658814513845,0.040374072725697145,-0.0277108418709937,-0.002416944224035785,0.31039738668085165,0.5535138508473649,0.6727239123464973
4328,0.1721856949942276,0.9396261107869732,0.16179017492057807,-0.22661705247853287,0.14622738699771648,0.7888577635075565,0.8923616553702581,0.8988698963777902
4329,0.12898532080958092,0.9506871715204153,0.12262468980811385,-0.17897062482402798,0.10177217761402448,0.8465568976671739,0.9014274331216441,0.9155517321569159
4330,0.13107655358934733,0.9483253758757594,0.12430322195111693,-0.1818882866875818,0.11096836020199921,0.8889472446177527,0.8994974328522162,0.9161299759113644
4331,0.4964538543532976,0.8857441435211811,0.4397310940219508,-0.3859386462566756,0.3512420294714219,0.20878879471761236,0.7176483019395772,0.7067522463333598
4332,0.1370207089974629,0.8972874787662497,0.1229469665150975,-0.09336553737970764,0.07596496590502294,0.23597816287952808,0.6907333966417832,0.7039383420651659
4333,0.22291004778575085,0.9372915678672786,0.20893170818247644,-0.2957195605710149,0.2022189682696188,0.8151143411732903,0.9054910880070177,0.9056333989791033
4334,0.10395383769503161,0.8954791429517219,0.0930884934856893,-0.0673295647200823,0.04159198222066579,0.2529880482099161,0.657072717540066,0.696940001072326
4335,0.21367354562450913,0.9415363533730259,0.2011814109595852,-0.2931995711598807,0.19680694406302873,0.8623089456528189,0.9196549018206905,0.9197723360269245
4336,0.13107712603331212,0.9477391392362287,0.1242269226003699,-0.1820961511067372,0.10283729128886135,0.9007455214540829,0.9003725852835422,0.9191085243699479
4337,0.09957732657011147,0.9499840294685039,0.0945968699387756,-0.1342656143656972,0.07078985829507324,0.863556325510682,0.8668696432526855,0.8981235820983925
4338,0.11919240239884189,0.9435395413223664,0.1124627446885142,-0.15750418356623888,0.09548132575239221,0.8423290296948185,0.8711754966629216,0.8966748941181978
4339,0.13062557103956982,0.9482496259898386,0.12386564888298118,-0.18153182449008318,0.11053983608016851,0.891615766835745,0.9003559261806806,0.9189303683720956
4340,0.04223673526632809,0.9219141863524778,0.03893864542724187,-0.026140595463978372,-0.000990922686844802,0.31038137779322167,0.5494487335712388,0.686948568325164
4341,0.17482833090505412,0.9386147741713816,0.16409645433120695,-0.22916851100056518,0.15034845350106416,0.8008352769490197,0.8898642074650023,0.8965386672940092
4342,0.22276309742294637,0.9372531649835323,0.20878541810119142,-0.2955091743101034,0.20159195623697615,0.8152299319442932,0.9055842098444197,0.9057608873890463
4343,0.15164289320336954,0.9425991984837451,0.1429384695892523,-0.20420622499046465,0.13081076589232343,0.852274053936563,0.8949737553029565,0.9081481839084244
4344,0.0675298099897425,0.9134548790516216,0.061685434416559236,-0.04508004961519585,0.01801550722302069,0.2630108352393695,0.6288707133763513,0.6924438544946102
4345,0.13192274723023734,0.9478161791204905,0.12503851421884182,-0.18266556193419076,0.11186095356512633,0.8955787765137005,0.8988597627712315,0.9137693794576669
4346,0.12911791222350832,0.9495840094470265,0.12260830478062827,-0.17949553391826809,0.102682002484516,0.8665850938002371,0.9015297523085042,0.9197419365434766
4347,0.2353244381351525,0.9317404058696702,0.2192612874990991,-0.2957947730375304,0.20509208703764056,0.7222646079127231,0.881578718305978,0.8762289752842566
4348,0.25455142685788557,0.9250306749557093,0.2354678781972888,-0.3046723487894175,0.2140220320372509,0.680355324621117,0.8664506059943601,0.8665372212718934
4349,0.131443519697696,0.9482806657023048,0.12464534836118518,-0.18203578881246057,0.11042968886280248,0.8867332299767209,0.8989675747500143,0.9137959229381417
4350,0.14318443494637803,0.9406895938904712,0.13469210796114497,-0.18610438817665828,0.11154640675088712,0.7806516024769105,0.8804440435710627,0.89608916488405
4351,0.16663325309908864,0.9427778476514324,0.15709813970391515,-0.22581851948158943,0.14560443685361665,0.845752861138274,0.9028546671939983,0.9100002377770624
4352,0.19929781616920914,0.9477366329512872,0.18888184125075086,-0.2855845529181845,0.1788948958683893,0.8958034374853315,0.9329935965073202,0.9330996344321542
4353,0.021106520005694462,0.9802943818665222,0.02069060298233564,-0.013109463519073512,-0.03153741122048092,0.38829805202344947,0.38983597291939825,0.6705004757238697
4354,0.20473199461358163,0.9464960738937792,0.19377802910219735,-0.29057904526900763,0.18694833823154974,0.9103751146727994,0.9325460122432592,0.9290072172919036
4355,0.13493508007657895,0.8906253378276778,0.12017660127800787,-0.08856699744426813,0.06531094186417459,0.23679852807008037,0.6753730294863662,0.7107774488873612
4356,0.11057154531210477,0.9420432661114363,0.10416317968480385,-0.13957320707927381,0.08007832452008096,0.7689674071880455,0.8527358228117142,0.8796034876522403
4357,0.11046249891222101,0.9887161026474973,0.10921605141319457,-0.13113453463094402,-0.004061098922098775,0.08996173207041483,0.8897039565181385,0.8197158748358787
4358,0.23561530300088795,0.9319353459713275,0.21957822891827167,-0.2963379404725325,0.20356693657427696,0.7216942766242079,0.8810986725201069,0.8755722543421272
4359,0.10031982322834902,0.9490151351500183,0.0952050305992776,-0.13492518923749397,0.07548555118950863,0.8751525377544614,0.8645339479252657,0.8927299756299033
4360,0.1565337292793534,0.8949234328819943,0.1400857023684997,-0.10884210292620031,0.08359275231526342,0.21841802388219247,0.7006288177798702,0.7263296953392486
4361,0.22289954669326328,0.9373036193878272,0.20892455187550169,-0.2955392669322252,0.19732964792290777,0.8137394830637888,0.9038575567422636,0.9040951572566347
4362,0.16016634891970066,0.94722436292584,0.15171346781762127,-0.22425382424926338,0.14272813717407148,0.9005738876917985,0.9149292736419342,0.9188990237497672
4363,0.27150481897392764,0.9073282798331297,0.24634400036601903,-0.24787431180179798,0.15374131609315628,0.18098350202446406,0.7777272694389584,0.7599194556283378
4364,0.025544084353174863,0.9666986356723039,0.024693431493712385,-0.017703719664478753,-0.011167928435644072,0.4567672655824637,0.3622036872975342,0.46162387455113035
4365,0.015769494418394567,0.974796806410245,0.01537205279775521,-0.008547086651375296,-0.023097624873779962,0.5433559740654019,0.15104657039287558,0.5514175714914991
4366,0.21369056400324865,0.941519126032415,0.20119375306171253,-0.2931165981425323,0.19601484668053346,0.8615909931401784,0.9188129914997086,0.9190017765897351
4367,0.2202027174540201,0.9378101894480065,0.20650835217252042,-0.2930666863337575,0.20018269224997035,0.8078387594136311,0.9055235823115315,0.9057294734030339
4368,0.2520306662559544,0.9239157629047653,0.2328551052892664,-0.2957188433111536,0.2083586092865049,0.6086168121259063,0.8556266591151286,0.8512803141526246
4369,0.176239068895901,0.9438864021900558,0.16634966066547735,-0.24311109904913358,0.1578783917139896,0.8699544409751201,0.9142550327458255,0.9204056084786141
4370,0.14540880861787758,0.9399015403653913,0.13666996320263952,-0.18816833766730912,0.11890525875415,0.7879181123570362,0.8758422317475281,0.8885448014396381
4371,0.4831367699750279,0.8940757308637242,0.43196086072256207,-0.3857967300280136,0.31447855583495227,0.22747591871211453,0.7244165645538576,0.6659018899106353
4372,0.01878733441815019,0.9709123465903301,0.018240854946103478,-0.011049356632138602,-0.015128338215960756,0.5123936966768992,0.2510870783610101,0.5191121331028029
4373,0.20189814413860033,0.947084784371976,0.1912146603066084,-0.2881376278026226,0.18736561791194764,0.9049650145213332,0.9348273727781693,0.9330490249365123
4374,0.21843966553108127,0.9385588414076592,0.20501847939832823,-0.29087981272910585,0.1943310556824866,0.7960133927541669,0.9031430497425573,0.9001540849029946
4375,0.21920230445167133,0.9386678778175804,0.20575816193237348,-0.2913957571775817,0.19633221567338754,0.7943543033669019,0.9042114810038295,0.8979181634247114
4376,0.4851441718111625,0.8909860452994645,0.43225668704211156,-0.3829790144194601,0.32928386540809035,0.22023630839531574,0.7198220690726452,0.679369210138713
4377,0.14320426654877982,0.9406744685750696,0.13470859733345608,-0.18610336421786222,0.11443103828054833,0.7800943118890976,0.8797479337530857,0.8954411869632473
4378,0.06554884549283364,0.9149788941910941,0.059975810164535806,-0.043200976641537325,0.014449699150615353,0.25212830065844916,0.6461004791274112,0.7254467550801003
4379,0.15780619951045396,0.9341770295199513,0.14741892669850867,-0.19348027361212522,0.12396055430720675,0.7072207494997864,0.8594001455571283,0.8676948697148366
4380,0.042241564935619695,0.9219164410860667,0.0389431932113525,-0.02614208547682573,-0.000988973638415491,0.3103976380710935,0.5494577226356233,0.686953481018732
4381,0.10843265386956565,0.9912856341504932,0.1074877320537133,-0.12778562342235056,-0.008293655833670973,0.09033526492182263,0.9242579843856585,0.8485350346725345
4382,0.016066741045245976,0.9737530360644129,0.015645037872468986,-0.008983464603205274,-0.019112525164764173,0.5340852220293336,0.14809209407148588,0.5419916097951661
4383,0.220047577421386,0.9345450796640854,0.20564438077115818,-0.2821966400710099,0.18425978145456037,0.6945266451554583,0.8859589468722093,0.8834998114559552
4384,0.019974034764713138,0.9707365177055031,0.01938952495202629,-0.013280101211884082,-0.02917344632101704,0.4815520235560103,0.2353014693540382,0.48785466417713347
4385,0.327530717143752,0.9580784963420144,0.3138001369869075,-0.3102641672772517,-0.4084787872944028,0.25214566793572496,0.5101435665827697,0.2523815449422439
4386,0.17153736315115975,0.9469445606356108,0.1624363729817662,-0.24219343517430303,0.15721041722333895,0.9096129476108724,0.922986950565487,0.9282263718459924
4387,0.10248335075777322,0.9142512918289918,0.09369553582125785,-0.07472804117392205,0.04334821331268012,0.2119363060070817,0.704166422889134,0.7368987291965338
4388,0.13118418874614285,0.9477975722738947,0.12433605561431456,-0.18226610622766576,0.10921525308218076,0.8996746673584616,0.8993047973215034,0.9180147662344561
4389,0.0708193172293531,0.9098849228675415,0.0644374289947619,-0.0470980617914441,0.028573694729039825,0.28881442880607316,0.6079324508635265,0.6404103051215041
4390,0.20472118906231204,0.946543541813666,0.19377751937934598,-0.2908005567429626,0.19147097543966804,0.9120146493356975,0.9343804688065691,0.9306824027444949
4391,0.0665781569341302,0.9064531450318224,0.06034997974336456,-0.04367806685996711,0.019566406853266227,0.2810816631273077,0.5907389238753088,0.6595092000797175
4392,0.019968869216709085,0.9707334178291214,0.01938444866491874,-0.01327796075065353,-0.020109792116784424,0.4815778850928206,0.23542029794150654,0.487911962277234
4393,0.20443548166231185,0.9465905013989161,0.1935166850904567,-0.29080185915416357,0.191539457978749,0.913090570732871,0.9336125104450121,0.9318141516336108
4394,0.20387018920207753,0.9445002169320992,0.19255543792735036,-0.28549934104207564,0.18575137777161496,0.8582679922243777,0.9261032964526654,0.9262433079915537
4395,0.2153861377452551,0.940449412286682,0.2025597666572235,-0.2924132426230213,0.196391580801452,0.8387636090054857,0.9138393816362327,0.9128737091476955
4396,0.12188524722863679,0.9344065643442651,0.11389037510716186,-0.14583184288405304,0.0907170919541108,0.7143631042377114,0.8357905834646525,0.859986655678327
4397,0.18346667081245152,0.9443089803923578,0.17324922485088642,-0.2544048587899111,0.16659334523015218,0.8820249057812034,0.9174917211076756,0.9204091892582544
4398,0.16664497006889029,0.9428254023789293,0.1571171109596261,-0.22589578811658523,0.1459889510924598,0.8459613268329249,0.9031522971594508,0.9102293640152856
4399,0.09952742498930464,0.9363889203027607,0.09319637802624899,-0.11687554707327447,0.06581569338234153,0.7021382457593709,0.8164232670224986,0.855100099480905
4400,0.1320029694657355,0.9478725151106508,0.12512198666956117,-0.1827924420111808,0.10978596211152188,0.8945214104484553,0.8978057023214776,0.9126911239491274
4401,0.2175680272072905,0.9384148331350024,0.20416906394724116,-0.29046451730083134,0.19595713267003223,0.7997288734714507,0.9045092050111871,0.9047371235453378
4402,0.17517545257600947,0.9386621299849311,0.16443056343607135,-0.2293581660852782,0.1513752055699173,0.7996977671450115,0.8900683669005,0.8950982608273373
4403,0.21911177020017245,0.9386086460934611,0.20566020197072543,-0.2912895940415594,0.19334163108683855,0.7951790519252608,0.9051453516107275,0.898849362155002
4404,0.13185817194738092,0.9483152461595287,0.125043114788426,-0.1823118520602947,0.11102269841842036,0.884253384792738,0.8982305338934612,0.9111910635906353
4405,0.13115299080571943,0.9489216604774817,0.12445391381195117,-0.18177302453553096,0.10624272855532452,0.87574504168347,0.896787498505217,0.9114135159114813
4406,0.15702087834610912,0.9339809000047555,0.14665450127723623,-0.19284287636490488,0.12186828208244584,0.7107472000012389,0.861573751768119,0.8725851186610731
4407,0.21377184727631374,0.941599013650229,0.20128736054156443,-0.2932928386608338,0.1975896237833823,0.8613159472201917,0.9186006908329754,0.9187131067426838
4408,0.0254286403040629,0.9846652072370721,0.025038697374757057,-0.016864231464099166,-0.016879131222737584,0.30850216560255883,0.5249546219049884,0.7433736347647654
4409,0.1587737462326255,0.9331036048045632,0.1481523549579878,-0.19446811833413152,0.1274469487331115,0.719753932437363,0.8588715705091162,0.8700274074241082
4410,0.14752579688424453,0.9390014739270551,0.13852694071656896,-0.18999062398453448,0.11649650432467559,0.7974636370330687,0.8736370729284502,0.8833342361157968
4411,0.2174407532910895,0.9382942910473157,0.20402341745405708,-0.2903446805507855,0.18936747029400974,0.8014110102435076,0.9064009902457648,0.906638960137403
4412,0.22539984940071714,0.9377751957524263,0.2113743878943249,-0.29669776137290566,0.20435075420191107,0.8028332310533881,0.9005205284821909,0.8910206766599568
4413,0.15939923629379793,0.93319947042374,0.1487512828953208,-0.19482611641815636,0.1263717293617162,0.7173604191969377,0.8581911811999883,0.8666130371802581
4414,0.027032574037330743,0.9751761559542593,0.026361521635273107,-0.018882521736641893,-0.018384156497591665,0.374637520472191,0.4606527355400538,0.591514640960445
4415,0.3361944427225403,0.8950180187240484,0.30090008403156354,-0.2886315081150336,0.1383308676451674,0.18771231428140306,0.7521518652944417,0.7525573728154042
4416,0.17705966490834843,0.9473409984421923,0.16773587973811482,-0.25090009139459046,0.16118174511992756,0.901720623088659,0.9265853822689878,0.9295975811701741
4417,0.157617120523885,0.9476220932921069,0.1493614656895182,-0.2221563769149874,0.13606726683469608,0.9004787822494936,0.9187082067579502,0.9282676215181201
4418,0.18754406472709645,0.9418788166535466,0.17664378175555376,-0.2557256434941463,0.1695601202322938,0.8589610162184147,0.9113014529361615,0.9158857348838872
4419,0.14678420085726968,0.9388663023686736,0.13781073990500547,-0.18949500254574247,0.11736567794337888,0.8010836464147616,0.8747215905468275,0.887649787950756
4420,0.2324466535423398,0.9151345469565977,0.21271996298104634,-0.21952822370578667,0.10417139016183397,0.16813652940407708,0.7963747265430453,0.7800658554176556
4421,0.44542017895205543,0.8857828049708368,0.3945455355027638,-0.35678530102648226,0.3052432384211578,0.20195799019533658,0.7339666617405609,0.7340781515261188
4422,0.34065204003173155,0.8989811687519519,0.3062397690854627,-0.2960364466051609,0.22659951992376715,0.193969604620359,0.7445111265127925,0.725526948254686
4423,0.2401459874993226,0.9630268663990661,0.23126703781978192,-0.2624865689481065,-2.859644545849823,0.03719388256076158,0.006373434629660705,0.037865044665110835
4424,0.2115300141947407,0.9421229707032429,0.19928728536604826,-0.29075632824787,0.19257151432103706,0.8520760450581351,0.9191481031025456,0.9175418457080396
4425,0.09114707454147938,0.9424305950294957,0.0858997916953242,-0.11252850750528813,0.061549481884448254,0.7702053797227167,0.8233319272154354,0.8641238313946555
4426,0.12926023875556455,0.9498171292639649,0.12277358890278503,-0.17988014334746055,0.10354054136847136,0.8657612315002656,0.9009060457092504,0.9188798733856507
4427,0.19924513530454885,0.9475271897874233,0.18879018313393411,-0.2854084675397368,0.18393304469736466,0.8984191874303401,0.9369085673645703,0.9357763722748692
4428,0.23545502150553374,0.9318190842641051,0.21940148252467162,-0.2961774935364474,0.20077723054611235,0.723005503153169,0.8826913354407302,0.8771630482155147
4429,0.399216438158263,0.8891355747575153,0.35495753719449524,-0.3283673981962054,0.24257394470946403,0.19658951649595083,0.738330323335312,0.7387589602464313
4430,0.22915770825342197,0.9342357169035155,0.21408731585410232,-0.2958413943853094,0.20207644310572043,0.7672626336451434,0.8941617633658149,0.892736644621748
4431,0.1678721898399206,0.9422829985331288,0.15818311041268301,-0.2271496856465176,0.14717539727089596,0.8537706452419499,0.9027964764824694,0.9099436995286421
4432,0.2036727321235242,0.9207434275681489,0.1875303294775831,-0.19690379272315484,0.07512360794140545,0.1485108362347025,0.8077382848138132,0.8080207937218236
4433,0.13117865160570016,0.9477977457616327,0.1243308302839332,-0.18225633299169092,0.11098057582431445,0.8996711991380216,0.8993026308365741,0.9180128001993133
4434,0.26842438171875066,0.9209594134252255,0.2472079611367294,-0.3088180739745969,0.22834122125167738,0.6312931156775617,0.8518269837135909,0.8496017110643684
4435,0.0774796554483384,0.9433710090841122,0.07309206074378834,-0.09376766123136997,0.046880554926192364,0.7674618182402588,0.8026425724460449,0.8593045387865561
4436,0.042142286511025126,0.9178146419596149,0.03867880760547603,-0.026067058117379298,-0.0028693272341592468,0.3308245574584047,0.5212318746448755,0.649077654386083
4437,0.13828771434934709,0.9440188506863106,0.13054620916410747,-0.18482131050050257,0.11499927855316071,0.830389321573496,0.8873769574936212,0.9009748801395803
4438,0.5006041940952656,0.8837696448114192,0.44241879080667956,-0.3874406127269438,0.3494293668225931,0.20844525953318013,0.7228245542688682,0.7174958069087725
4439,0.23543799639142296,0.9318189597561486,0.21938558888452758,-0.2961660430892179,0.20746029721502962,0.723004425921441,0.8826908080943691,0.8771624395375284
4440,0.11164616670291602,0.9413128652350007,0.10509397307162642,-0.14063306392212607,0.08350411779580617,0.7763761567321975,0.8488209812575152,0.8729035477625354
4441,0.031624120436606416,0.9723390795462387,0.030749368156789275,-0.022281476181578233,-0.019007201251005048,0.3799079070343657,0.5257548300033927,0.563349196745752
4442,0.16835550762313928,0.9423726206942618,0.15865362092713053,-0.22747521441454938,0.14782693923817739,0.8510563601215337,0.9015678972205502,0.9069491377759433
4443,0.08666570728378442,0.9364113459425218,0.08115475160466919,-0.09953266649722638,0.054086730192054795,0.7072523817460626,0.7890393851891513,0.8317569688345812
4444,0.13171724742903843,0.948899998818641,0.12498649592980919,-0.18197663115441345,0.1090334097269548,0.873689750344449,0.8982194722835306,0.9091488865773959
4445,0.16667920580566148,0.9428165059606866,0.15714790643399593,-0.2259057542864357,0.14330743215633068,0.8456226281344956,0.9027526797992614,0.9098616437767759
4446,0.06334407533959059,0.903276974944856,0.05721724475342445,-0.0397761273760952,0.019056868427133385,0.2822007401937004,0.5944043279292895,0.68469809305642
4447,0.15933283731775388,0.9472128477778908,0.15092211058028104,-0.223875902944597,0.14237230198460862,0.9051813315905874,0.9159556640209748,0.9236694620414241
4448,0.1447333034835037,0.9409787892538315,0.13619096867661468,-0.18726964109830999,0.11601039476846693,0.7731885427532761,0.8773900705162202,0.8867177308011794
4449,0.10411844494168346,0.8955470857389577,0.09324296993919674,-0.06760835673366503,0.047107959178632246,0.2525388694828897,0.6554163360259391,0.695381615834237
4450,0.0178217828009206,0.9716693311354702,0.017316879773812143,-0.010228832755296886,-0.016349347215524692,0.5208275994105814,0.2211726210684379,0.5279113468937982
4451,0.1029652424061581,0.9056545972448984,0.09325094514157245,-0.07093116815342473,0.04351850203742297,0.23092028027399633,0.6847293117465236,0.7206826961934294
4452,0.15340261932959298,0.9351843149371858,0.1434597234673153,-0.19249909462722525,0.12607731639890063,0.7650279721164661,0.866116384299027,0.8797214282401618
4453,0.06555776649435013,0.9054996701226808,0.059362535934613776,-0.041696906643030246,0.01825324606284855,0.2860855971281281,0.6033918979884131,0.6726579464162781
4454,0.18678677541894675,0.950542994638598,0.17754886086561295,-0.2713649647021074,0.16137164384292982,0.8481992653254663,0.9368616024483033,0.9370366244229371
4455,0.21148415408147844,0.9420923705310308,0.1992376080483698,-0.29071738816125375,0.19395437975778498,0.8525616203745455,0.9196690719912164,0.918064191002555
4456,0.2038485932944434,0.9464897818307436,0.19294061059376175,-0.2903895600390642,0.18584073012769534,0.9156158423895555,0.9342259526276482,0.9344267128102096
4457,0.044089661435276345,0.9276003405055683,0.04089758496013756,-0.02846227041824363,-0.004052411189659469,0.28951254116955927,0.5742624207297283,0.7016643739292444
4458,0.22647127461966912,0.974418544090455,0.2206778096932076,-0.26711035321888293,-0.7832901609536715,0.02586348607604814,0.008875569126030736,0.027388935732423705
4459,0.1821114001284529,0.9348764766961574,0.17025166411829218,-0.23205152540710655,0.15394850975361887,0.7651907671757306,0.8813209977788401,0.8890145176232847
4460,0.04102245548230668,0.9164391146233883,0.03759458278188249,-0.025213961343188998,-0.0006386081508971178,0.32823728905715066,0.5092784370940433,0.6559308467447736
4461,0.1571495444002468,0.9340274006040776,0.1467819804622776,-0.1930159849225341,0.12440213523075322,0.7096897114853624,0.8602287822104374,0.8712746321796271
4462,0.40036334856758093,0.8931797353574227,0.3575964297204035,-0.3335930945534617,0.2349891535946722,0.20399300570229598,0.7373979362404478,0.7168472132626925
4463,0.18132574884001287,0.9412684061377063,0.170676198602365,-0.24439945002394886,0.16001212716240898,0.8309798171366887,0.9048015310525475,0.9094698786894241
4464,0.2347596718955811,0.9316447995241298,0.21871262745950915,-0.2958573091661441,0.19464690872769466,0.7257162000025273,0.8837314997182738,0.8809939996495179
4465,0.04492792564608713,0.927964493785854,0.041691519779019734,-0.02875083472428591,0.001147283106937414,0.2944041760805445,0.5858634453610474,0.6980985951401708
4466,0.20691488675552494,0.946841816696386,0.1959156672771282,-0.2918066361416428,0.18847640121884413,0.898998749177708,0.9283737221616122,0.9172610492183245
4467,0.2117025057708386,0.9422535566434221,0.19947743901289727,-0.2909642699185839,0.19383910238960583,0.8504913525562986,0.9174863537517515,0.915838336945334
4468,0.07464798171496444,0.9231757245410539,0.06891320460523964,-0.05242878743554392,0.020211553216541413,0.25766738923223126,0.6697157000252929,0.6836599029208124
4469,0.5035962807465864,0.8826819266994241,0.4445153353680609,-0.3891515583387087,0.340790444886529,0.20656042894277551,0.723916447282123,0.7240600946668613
4470,0.1580933782102771,0.9476494532163228,0.1498171034180904,-0.22241790434596737,0.13874032412149895,0.8974589820664332,0.9174150212083583,0.9251017892938816
4471,0.1717898965944184,0.9395606508905834,0.16140702706067778,-0.2263752151642868,0.1462019055525956,0.7906391086369298,0.8929812615935899,0.9010976160153006
4472,0.10528129884930727,0.9112725129274295,0.09593995376667193,-0.07442075316776876,0.042528977524512,0.22857742911918302,0.7039160687309824,0.7206815832947399
4473,0.20902207227888975,0.9434558125703569,0.1972030890470198,-0.29064957314983186,0.19306777503525,0.8728983306633148,0.9248764113828679,0.9238139275112913
4474,0.06836546943498194,0.9146840448361709,0.0625328041099129,-0.046979507189696505,0.019961621135502507,0.25910338295179164,0.6195773468341292,0.6821467215041834
4475,0.06491633747859012,0.9116056477548307,0.05917809987704134,-0.04230888864272632,0.00809825826852634,0.2609187394453923,0.6295041408703455,0.7119777655398094
4476,0.1540589984404348,0.9440305265078971,0.14543639741100298,-0.21020337978584597,0.13381222281056368,0.8688155176918401,0.902022404232959,0.9128808284463117
4477,0.22374115150171708,0.9333564519250627,0.20883024731527056,-0.2859921332303044,0.18446614222570326,0.7081787751881162,0.8875914171952333,0.8877926827945316
4478,0.10432163033692791,0.9062693976105707,0.0945435010832003,-0.07166929200612078,0.049362029966796915,0.23488694690519077,0.6897992608760785,0.7164360461248372
4479,0.04095062109170971,0.9167688057385812,0.037542251992499866,-0.025204295376261888,-0.002139334657587692,0.32855776399426423,0.5106928458559744,0.6571610324954118
4480,0.02869747085950939,0.9322916901178124,0.02675441360971868,-0.017064309680803146,-0.0081424713656879,0.3860083428985092,0.4144878952495394,0.6288773535371506
4481,0.14328568466800992,0.9418347282244479,0.13495143387774908,-0.18572007944552066,0.11377685675129143,0.7624533875601118,0.8801105266223294,0.8893050579760944
4482,0.13382462257357913,0.9479487660139547,0.12685888583090757,-0.18399166181433738,0.11483900904406652,0.8822901635418994,0.8924311644248828,0.9000741662081564
4483,0.2000526213909543,0.9476483222023492,0.18957953101331965,-0.2855678316974691,0.18163511183027842,0.8911557486093103,0.9315867836124764,0.9281144317917563
4484,0.14326584717402524,0.9406606815665991,0.1347645494479348,-0.1861432022812356,0.11098975862662003,0.7795410020574043,0.8790527246054592,0.8947957372557781
4485,0.3170092330062264,0.9522785203863726,0.30188108335598807,-0.2936218721133422,0.11087916260028038,0.2623045446731695,0.5191857498347952,0.26250760098842024
4486,0.11010079907524495,0.9420415215282858,0.10371952428232384,-0.13937010637371217,0.07944500139078592,0.7706781644795594,0.8519721879289804,0.8819442226514796
4487,0.031984337279854454,0.9849488786555995,0.03150293713833514,-0.02328518449237801,-0.014598219979820385,0.2625809987112045,0.6152652864413848,0.7456256055320712
4488,0.20377286148523066,0.946488896777468,0.19286875086034375,-0.29031539360205527,0.19033989228785492,0.9156078172972785,0.9342227286584355,0.9344230248498013
4489,0.023396733405993075,0.9786610356778933,0.022897471346588746,-0.014843907060599673,-0.01942421390212272,0.39128971258093764,0.4441789661328249,0.6447959134089605
4490,0.15844161541515758,0.9473829213576574,0.15010488047663845,-0.22295754796910475,0.14171917755631264,0.9031777683168354,0.9176701665927482,0.9263323746754678
4491,0.2123795008509858,0.9422061156079347,0.20010526453155938,-0.2910334538325536,0.19492407548154408,0.8477177923783471,0.9176447009565635,0.9126059482159171
4492,0.15233849865130705,0.9356527322550171,0.1425359324907227,-0.1916521458872599,0.12327440831637293,0.7600027776823582,0.8664595696781512,0.881493420692931
4493,0.10801201629994886,0.9912573811463434,0.10706770840982346,-0.12720164348826418,-0.03819215023387552,0.09045612683286927,0.9241145948905153,0.8484385222833281
4494,0.14331311020247733,0.9406466315328184,0.13480699436645188,-0.18617827680371254,0.11522621392227661,0.7789904099207727,0.8783619523466479,0.8941537835510934
4495,0.15760376680676988,0.9476222109045006,0.14934882994830861,-0.2221478641612247,0.13884961810230606,0.9004774026590477,0.9187082739783018,0.9282671700632126
4496,0.2671321533025098,0.9050852751961932,0.24177737848555375,-0.24224183861507542,0.09181896319309125,0.17244159569985254,0.7758537110209454,0.7762155142876438
4497,0.48800495787090215,0.8868373252108019,0.432781011527841,-0.37970902779185395,0.30182564441016546,0.21381780593623606,0.7197476019537845,0.6990319684477176
4498,0.20815305213189694,0.9404121645908652,0.19574966232155241,-0.281148335148397,0.17997779445919093,0.7747298702174455,0.9075761274368025,0.9077973172550654
4499,0.21913558238828176,0.9385954607688394,0.20567966292257728,-0.2912313947768912,0.19382856227947035,0.79458689777607,0.9043982416947107,0.8981722378435041
4500,0.1712267813381514,0.946907790556031,0.1621359732009296,-0.24200598239801913,0.15595268639768603,0.9111617767627409,0.9232830676313201,0.9298300704961512
4501,0.2486341068168583,0.9260122418713166,0.23023822665915136,-0.2997530290492089,0.21462210684831629,0.6714163687107055,0.8676267050639946,0.8677624526133116
4502,0.13693456004327412,0.8921193182959964,0.1221619663569679,-0.09114862210226958,0.07661845713309262,0.23770348680552097,0.6726316216421618,0.7006240712385605
4503,0.02418163148630917,0.9765807217836415,0.02361531513080584,-0.016039390419369002,-0.02305478031345943,0.3798062924664331,0.42794743867285373,0.6239616843536049
4504,0.24050817417396117,0.9306908650803106,0.22383876068084996,-0.30087672811917965,0.20718353645406157,0.7353757113575784,0.8812051604280362,0.8784248745648147
4505,0.1666041681116367,0.9427955215437955,0.15707366356618072,-0.22583690561300632,0.14135747253765996,0.8464315209618195,0.9036520907912038,0.9107354512637511
4506,0.1821569695053914,0.9348576074116381,0.17029082868516496,-0.23201263840455907,0.15662020925632203,0.7641296409723598,0.8799612402316966,0.8877626180850481
4507,0.13056312671242903,0.949768363296043,0.12400472716447758,-0.18049487077316612,0.10422702186621553,0.8594491493236037,0.9010465945993862,0.9117968358968896
4508,0.021545408961843246,0.981650606540421,0.021150063775554846,-0.014234129031463455,-0.027240018306824054,0.3790736883292305,0.3817828718209507,0.6553244925750175
4509,0.09112157219712493,0.9415776863121654,0.08579803912249583,-0.11258325775069222,0.06186935620402063,0.7819106476190172,0.8212994574350465,0.8626794422555586
4510,0.20257395227430697,0.9471807258275448,0.19187414314893247,-0.28833188022951844,0.18927803825128167,0.8994194370058042,0.9308193778765789,0.9272744924410259
4511,0.21930010931345975,0.9387271806015113,0.2058629733214273,-0.2914803415646121,0.19781768312017584,0.793537192425844,0.9032843768314277,0.8969927243570921
4512,0.49310191634589234,0.8886967365995385,0.43821806386757317,-0.3879558568494764,0.3571635188829744,0.21824357322228433,0.7256626289348215,0.6939159207617144
4513,0.2486622966911221,0.9260673367244668,0.23027803084053663,-0.29971117496402727,0.20954764141354743,0.670480213958973,0.8663547806561845,0.866537101612766
4514,0.2040695255799212,0.9464911381257683,0.1931499975229252,-0.29062737332180316,0.19292615329986565,0.9158530211550868,0.9352806505133047,0.9346530059071081
4515,0.020570524250043222,0.9819931520151383,0.020200113946903783,-0.012294496222139318,-0.022542608727768292,0.39734440821482003,0.4011604507409948,0.6878082009547813
4516,0.17324183757505196,0.9268642747507173,0.1605716701404821,-0.20206534493263537,0.14002530106096017,0.673169238796819,0.8422977155313862,0.8523895896089987
4517,0.10035290630203805,0.9490911692867964,0.0952440571835296,-0.1350222693451632,0.07545063653934762,0.8748815712750257,0.8643398258868488,0.8924554972393433
4518,0.18765322603577606,0.9504881463723668,0.17836216697553953,-0.2715662836700481,0.1649058853060806,0.8432561363859676,0.9344384077363359,0.9312289950294488
4519,0.06743675526719368,0.913799886704584,0.061623699322886354,-0.04509014483834994,0.016975410831697568,0.263167957455724,0.6307550874991386,0.6938777282973763
4520,0.21258342295011398,0.9393992312963566,0.19970070410568533,-0.28579279775070077,0.18691258220081736,0.7890039220881517,0.9084890254257203,0.9085919559797235
4521,0.2038954259945095,0.9465138157407008,0.19298983767013886,-0.2905757662523872,0.18900661860375872,0.91644973748919,0.9351531763632004,0.9352781366454869
4522,0.34362968645262193,0.9011035331449784,0.3096459245559587,-0.2996257099469075,0.2344714986275168,0.20254362182076407,0.7487044231704113,0.7120093466467066
4523,0.08943337122776791,0.9508009529352156,0.08503333458757063,-0.11883045660248592,0.06311161393639758,0.8510887682895072,0.8543423521117612,0.8931977372499527
4524,0.21923844334372328,0.9386677146037034,0.20579204856672623,-0.29142402973561404,0.19122328666537214,0.7943562991733842,0.9042123975575815,0.89791909583857
4525,0.1017570479325067,0.899347747700094,0.0915149718707104,-0.06756171952971095,0.046236626694086624,0.23827234442767894,0.6670778431386926,0.7157685417319046
4526,0.1834877381000737,0.9405772772208774,0.17258439710558476,-0.2465653877718686,0.1647291363353059,0.84041898385525,0.9036905720494162,0.9084141619592885
4527,0.0663742225318101,0.9184845094103675,0.06096369521962416,-0.044657904014116914,0.01408531706135574,0.2428266420329675,0.6582777853958818,0.7343286727402393
4528,0.3396012507439304,0.8972184344838652,0.30469650254123176,-0.2936719583929852,0.21097558911641184,0.19060406583208447,0.7470214948136013,0.7374476522116009
4529,0.22279868783487272,0.9372656457680777,0.20882155602983235,-0.2956648541337964,0.19890662470113857,0.8158603110765708,0.9063565849181289,0.9064674939192667
4530,0.2791485548572491,0.9119219595499138,0.2545616971509492,-0.25786124661789406,0.15894720168981738,0.19313583263310963,0.7641005723290905,0.7164354394292647
4531,0.27240467497223475,0.9083346146376237,0.24743459546639196,-0.2507536986344502,0.11132818680907271,0.17889795803968042,0.7689002945669944,0.7512499612492091
4532,0.022305809454214152,0.9688606947725789,0.02161122204527468,-0.01469559753658708,-0.012850296309771827,0.4771979876308486,0.31400888046562914,0.4828443931141808
4533,0.1521269370547481,0.9776766595024874,0.1487309556400313,-0.18129898360014027,-0.023541478957780786,0.17544319462782423,0.7995789053764402,0.6227210309730121
4534,0.17572612174564486,0.9380491129954213,0.16483973263362758,-0.2302542318188137,0.15269609964709055,0.8100824534293943,0.8906867041034788,0.8989778160529469
4535,0.23392649124226028,0.9314016037954059,0.2178795091132732,-0.29533709649888823,0.2009777893383617,0.7286601900089692,0.8849536077983089,0.8851059693929257
4536,0.2339101251726698,0.9314016632338985,0.21786427963307406,-0.29530467423774925,0.2005363280053715,0.7286614286053473,0.884953744489106,0.885106076342159
4537,0.4012204886900817,0.89113034214883,0.35753975136351324,-0.33256603427468034,0.2532930086128788,0.20072224571234662,0.7398534406814824,0.7292652252281638
4538,0.3418098835789345,0.9025983789375087,0.30851704682316483,-0.2993227274677829,0.2055555373322938,0.19901864100475256,0.7342737336111582,0.698590406306507
4539,0.13282123223974837,0.9478668894522776,0.12589684825630887,-0.18325492165958315,0.1082632154305451,0.88975922533377,0.8965481254907982,0.9077619738553477
4540,0.10269284504066195,0.8949049249860475,0.09190033278771738,-0.0671194193530163,0.04706406437729232,0.24803355386834014,0.6486179952496655,0.6990881444804988
4541,0.02643217885165281,0.9754746082479518,0.025783919310455823,-0.017748179883141445,-0.009710914554073576,0.38319376236975305,0.4721926470888855,0.6055546146356046
4542,0.2237380153681401,0.9374844633002796,0.20975091325727052,-0.2960968499560583,0.2009266402151058,0.8110709788449306,0.903992169329883,0.9008184957172627
4543,0.3425063119308151,0.9636885247555504,0.33006940246407157,-0.3313677083293006,0.2984111443614814,0.2800071964404721,0.5915757724428045,0.280591607991411
4544,0.16539403062948768,0.9432907553305037,0.1560146600796459,-0.2245431526313984,0.14262967350548147,0.8388906531686449,0.904097449100994,0.9111497258434559
4545,0.17090364207348321,0.9473355634278064,0.16190309805554737,-0.24132214644462568,0.15562129452904552,0.9017562353017717,0.9225171915304107,0.9264516146176119
4546,0.22289974390835032,0.9373166680188985,0.2089276452624407,-0.29564815541069783,0.19255160831182974,0.814361664287449,0.9046205658235918,0.9047942835212504
4547,0.13279086194362472,0.9478665520701439,0.12586801645692602,-0.1832228737128409,0.11279202292167283,0.8897546847126468,0.8965477700316643,0.9077599817837542
4548,0.21137401967021424,0.9431855793816784,0.19936492720888532,-0.29269310123324355,0.1948383028095176,0.8751695501435812,0.9235468903301022,0.9200425412438235
4549,0.05335977611084549,0.9112251704916646,0.04862277108400224,-0.03335487002756683,0.010235104687973973,0.29501800304490755,0.5812008023095073,0.6834956089522629
4550,0.12601838266114085,0.9395228041894695,0.11839714425721667,-0.161014875475914,0.10037230265848088,0.7979349148590054,0.8612428120700996,0.8833216308262072
4551,0.13745579470690944,0.943888822410086,0.1297429881993473,-0.1842127042326824,0.1124589556320681,0.8349766248285397,0.8891309504579815,0.9062093721289681
4552,0.20079900569855552,0.9476583283116086,0.1902888500669263,-0.28601499980136336,0.18269020590136356,0.889691228282224,0.9337625770674177,0.9264546049205784
4553,0.06763761598297445,0.9138363783270181,0.061809714028555,-0.04540903813378107,0.01563386603922612,0.26243262147368157,0.6282421341929195,0.6914197126247684
4554,0.09051868871447455,0.9422951114119047,0.08529531786706532,-0.11194641632960799,0.05995093997727456,0.7745711565050338,0.8253392143675325,0.8693486012417938
4555,0.2059436770406357,0.9467546885915555,0.19497814182400694,-0.2914143573986366,0.18742938333797302,0.9043282510699246,0.9302093919885638,0.922768275440857
4556,0.20933330222399388,0.9439466895795361,0.19759947765309155,-0.29208220516827227,0.19608070514930598,0.886094070403562,0.9265407548159154,0.9248369931093413
4557,0.16666550818519285,0.9427692132714123,0.15712711003123436,-0.22582721898080915,0.14607403803064928,0.8454159193955032,0.9024567386865684,0.9096339347511595
4558,0.09112462917977097,0.9423663229650274,0.08587278173169241,-0.11245499239551802,0.06253814684909317,0.7704105689775118,0.8234866169781992,0.8643472737469305
4559,0.176551554783447,0.9381956265854002,0.16563989656468267,-0.23074594563084985,0.15255218978443552,0.8062823452619128,0.8894368485773259,0.89444363675569
4560,0.21417941388810308,0.9416324836160641,0.20167829343888743,-0.29343669650498505,0.19809599028446429,0.8594815287852089,0.9183095524002372,0.9166506091053527
4561,0.17728609819166408,0.9435379793473726,0.16727616685414262,-0.24420724837660324,0.16026370583490698,0.8751786600205038,0.9137282020562119,0.9199170164767283
4562,0.15934303555592153,0.947212955320716,0.15093178761869835,-0.22388538108262465,0.14238193042672612,0.9051832372416759,0.9159562712468581,0.9236703613289852
4563,0.14647999000652306,0.938777475461878,0.13751211522400483,-0.18928439471794148,0.12272770537170205,0.8020385806532068,0.8742111827348507,0.8888496851132662
4564,0.22015001827063518,0.937785819727756,0.2064535653470081,-0.2930702704137919,0.19940894082188879,0.8085737861056832,0.9063823130756173,0.9065580974496179
4565,0.016831387706178265,0.9731853426626758,0.016380059812325442,-0.009457832521888325,-0.019561912440356977,0.5303214481418155,0.18796827572302544,0.5378387115099089
4566,0.15819931252413613,0.9476546542793467,0.14991831481729057,-0.2224928667155637,0.13988013624969087,0.8961399797196167,0.915992893578337,0.923739571490632
4567,0.4952844474344146,0.8869208199537011,0.43927808822884673,-0.3870136908784167,0.3275858182637359,0.21418257288762363,0.7232540435800393,0.7017754133633214
4568,0.14344560691030386,0.9418730761427451,0.1351075550397709,-0.18592419754405692,0.11387051803782522,0.7611980490082572,0.8785933904778765,0.8878292453923239
4569,0.09955318217593094,0.9499098383766696,0.0945665471906217,-0.13417667167562153,0.07311228035103964,0.8638256001840537,0.8670637347650816,0.8983985516629327
4570,0.11086382372072712,0.9402140268475505,0.10423572213218182,-0.14028674051372908,0.08303878802982506,0.7940855568466055,0.8473300166143884,0.878248197264853
4571,0.10276703346319649,0.8947198450186885,0.09194770425322153,-0.06708653740700932,0.04739152931937512,0.24796443265366497,0.6473753830158624,0.6981642006548692
4572,0.19950288411083122,0.9475995577902349,0.18904884476130016,-0.2855529614565263,0.18471464084213363,0.8964390935121898,0.9354519690605597,0.9336907464161894
4573,0.20901186953596468,0.9426526531388445,0.19702559335558714,-0.2882683813648089,0.18832251364363287,0.8450118219608412,0.9202791217315491,0.9186520727172803
4574,0.12891675512499817,0.9506370964466658,0.1225530497753541,-0.17884991825727264,0.10014302339201248,0.8475035456787242,0.9024277385221,0.9165737828218035
4575,0.2680259198983201,0.9053192767566572,0.2426490319543849,-0.24380963715704213,0.14270539444813046,0.17211428030868936,0.7753885026894083,0.7755567620762519
4576,0.10797763463354428,0.8984420060023334,0.09701164266354854,-0.07141398333968829,0.04730358063690932,0.25721776089841336,0.6594427364871306,0.6787861406114774
4577,0.17626407809149552,0.9624551198194201,0.16964626439940994,-0.22260869433044844,-1.171697011914711,0.042030927219553774,0.013496584031613391,0.04475451985811129
4578,0.06986370202020395,0.9154453878540624,0.06395640379280625,-0.04752151619941737,0.018189078117479225,0.2657817205533182,0.6325021848390974,0.6783113119407879
4579,0.11205467964904176,0.9403188043630849,0.10536712239087544,-0.1410411109057281,0.08446818869481004,0.7876677280698947,0.845996652755099,0.8705632745489644
4580,0.3397275023646062,0.8980646884947441,0.3050972735841675,-0.293798697326741,0.17396803639486325,0.19582931085548885,0.7515099189219161,0.7323905907525616
4581,0.17995991475425874,0.9415472013390971,0.1694407540900948,-0.24313308766898448,0.1587281073054232,0.8280146440294021,0.9061524230563359,0.9119329437669806
4582,0.09993703399296769,0.9122592089649332,0.09116847957672634,-0.07067613089692462,0.03928403905661619,0.21183877795484302,0.7128541597505698,0.7551283904584138
4583,0.16584156389844346,0.9433364596824387,0.1564443937561566,-0.22479613118172537,0.1441502075894478,0.8364289040926468,0.9029860165284177,0.9083411606829643
4584,0.03481017014387621,0.93055089975799,0.032392635148112726,-0.021357157140097907,-0.002854286966458368,0.3447678733480079,0.4988911104972676,0.6584292594746031
4585,0.17764100093507043,0.9435895158746211,0.16762018607180623,-0.24441021178229358,0.15982245167069672,0.8729793435330556,0.9125585527283806,0.9175490503454292
4586,0.021255008731577686,0.9776487635058327,0.020779933004732604,-0.013342298808156714,-0.015014692723421274,0.4219568498867147,0.36925915382938956,0.6143462990040138
4587,0.15824602389062759,0.9330552303981109,0.1476522802808545,-0.19425193034792035,0.12416786101525695,0.7210839376773157,0.8581959206699578,0.8721508780185321
4588,0.12902059595133003,0.9496464052086726,0.12252394514306118,-0.17946112752334312,0.1062032790089803,0.8683880198969312,0.9035884003486242,0.9216652973114418
4589,0.02465571421542417,0.982439383866037,0.024222744682578415,-0.016422380416321096,-0.017072217260212023,0.3433919638381747,0.48319208420816684,0.6909720327212209
4590,0.23467470268533988,0.9316375238283708,0.21863175891492917,-0.29569740877141004,0.20418241783932212,0.7252440270343321,0.883091036644212,0.8804100068498124
4591,0.3364748851935981,0.8956832477749083,0.30137491796489135,-0.2899956594399105,0.2183230315173313,0.1864439035440904,0.7472087857967694,0.7475842723041617
4592,0.13090315208081832,0.9487338560694949,0.12419225224528628,-0.18132365481921708,0.10624641161334947,0.8780514223184335,0.8990648543215776,0.9138120508764748
4593,0.17729640629605142,0.9435314896909065,0.1672847423493576,-0.24419483078450827,0.15949637012101756,0.8749325781595553,0.9134462746011867,0.9196570903180917
4594,0.13217312292897704,0.9479055229298071,0.12528763320725766,-0.18300641144616553,0.11122423555157111,0.8927070667901101,0.8959129851364378,0.9108364195227878
4595,0.17531715545955892,0.9442569853179399,0.1655444486887597,-0.24210552569646457,0.1557168442852734,0.8636522820723868,0.9135206097347394,0.9196689115809223
4596,0.5056690118305188,0.8823183300956197,0.4461610380994055,-0.3910484528264997,0.3289671275613519,0.2073186467256456,0.7271405227554213,0.7271400620026843
4597,0.12986688627252213,0.9496647957932107,0.12333001003229485,-0.18000709280491453,0.10614283895481184,0.8626368956269749,0.9008815918022378,0.9153619257241246
4598,0.01576861969629223,0.9747987703921535,0.015371231090727156,-0.008546736937400852,-0.019458869222592483,0.5433571405951825,0.151044239529657,0.5514237942012947
4599,0.1662507810668968,0.9427495907646792,0.15673285581512525,-0.22562719929454428,0.14303491993773002,0.8474795619655461,0.9030783270890067,0.9119752780743289
4600,0.021254962707998475,0.9776482713662192,0.020779877549428165,-0.013342213143917515,-0.01731798667809985,0.4219562561363812,0.36925971390960893,0.6143457600752118
4601,0.026329577289952454,0.9843084714361039,0.025916425975831856,-0.018689038716837948,-0.0162653953870872,0.29782188733795106,0.505461424546627,0.716444102828821
4602,0.15766766875753974,0.9476516530894064,0.1494140269368355,-0.22223047007544616,0.1399402499155339,0.8999362241426043,0.9181568407522567,0.9277078729358702
4603,0.23960213079790693,0.9303817979241765,0.22292146123822035,-0.30037805175230714,0.20891866971329104,0.739618385538782,0.8839034507645637,0.8840006123377783
4604,0.1454106955872536,0.9399012863944644,0.13667169983797353,-0.1881704960599391,0.1189060183628233,0.7879186831642582,0.8758420723714831,0.8885449761256125
4605,0.1326580341980228,0.894326165969432,0.11863955110935953,-0.08899314542257764,0.06607192756227442,0.22948920786136834,0.685801198174751,0.7202016041117661
4606,0.09901127308175967,0.949884318007175,0.09404925560628945,-0.1338645946861831,0.07394382111523944,0.8667140369685876,0.8664642921622638,0.9015254135471887
4607,0.17570427977196412,0.9388266735547937,0.1649558645076539,-0.22981184393923246,0.15281233444322126,0.7969310590037373,0.888454812982443,0.8918347787857108
4608,0.02127282202937109,0.9824709742136283,0.020899930183469344,-0.013828094473436645,-0.029329954061365307,0.38332053553837386,0.38716862900185117,0.6634543090101821
4609,0.21837292296562286,0.9384860957464846,0.20493995189075523,-0.2907189163436664,0.1898609988050225,0.7962508849516006,0.9033335112082288,0.9004128355582297
4610,0.20175976392013045,0.9477351701013568,0.19121482417845442,-0.2864298240898855,0.18099955219239158,0.884586314435352,0.9319232731342177,0.9210029150757847
4611,0.21410683405641326,0.941553039363729,0.20159294035436146,-0.2932706239388007,0.19956045707468828,0.8597562251641551,0.9185224615833218,0.9169386381602826
4612,0.2039433112596098,0.946551603237406,0.19304286824232894,-0.29046710335945797,0.18986273128867098,0.9144730389347686,0.933063604283152,0.9332608018673756
4613,0.1298582301216463,0.9497664219618024,0.12333498658492835,-0.18010519844361453,0.10505159886090407,0.8630704517607692,0.9014861674714602,0.91583243134113
4614,0.15253530073903507,0.9363402547131244,0.14282494234673115,-0.19156762830401233,0.12411382486454876,0.7508198037520356,0.8670825029197395,0.8774541275366347
4615,0.13007877184154296,0.9487718128306442,0.12341507217088447,-0.18087477323234535,0.10424331124278664,0.8834105316343248,0.9011680844682398,0.9195281889758966
4616,0.029617915936873396,0.9882063630177241,0.02926861298814235,-0.021330341393049523,-0.017428088652975356,0.25353828222844393,0.6028721503313031,0.7784346916986128
4617,0.17759225200732237,0.9435756883149102,0.16757173142720422,-0.24437594574814797,0.16026657080302026,0.8735618544923273,0.9131907155683177,0.9181626251023229
4618,0.14217789767566472,0.9427537098563574,0.1340387404933105,-0.18459465154641155,0.10961990433068985,0.7500944378724236,0.8804207467386159,0.8895157459963707
4619,0.11621983740216908,0.9370337986844983,0.10890191572344922,-0.1428933126336444,0.08675881850081443,0.7528359440818696,0.8415211338983999,0.8703590054402567
4620,0.2206219604719586,0.9378789904481756,0.20691670155813782,-0.29319615479184175,0.19723348813471803,0.8056141471960272,0.9044481177847236,0.9030543502575519
4621,0.13221463507284104,0.9291147540365143,0.12284256814573019,-0.15141452249324683,0.09811158474430658,0.662162523399853,0.8245114418422016,0.8461694357564973
4622,0.19938700086354685,0.9475403968762591,0.1889272379302122,-0.28545006479106166,0.18473426742019264,0.897532611351239,0.9365883461054935,0.9348299367783103
4623,0.20389208335888145,0.9465505711809492,0.19299416796262295,-0.2904216097474333,0.18405851237073578,0.9144702528603097,0.9330649745048649,0.9332599277670983
4624,0.13210195586133308,0.9301723254479449,0.12287758347975798,-0.1514219922176106,0.09769128238128998,0.6518346284287452,0.8249915446316811,0.8439470390035027
4625,0.1587674975529458,0.9435063285811823,0.14979813871420175,-0.21615500202636853,0.13877588974342417,0.8606294561733145,0.9029811223733486,0.9130222724949411
4626,0.10999957966685074,0.9419237076816179,0.10361121192321955,-0.1391474206443705,0.08065706239420171,0.7716316585395304,0.852951444045143,0.8830244718429822
4627,0.06589299421894293,0.9121009575052383,0.06010106311998498,-0.04291848312333971,0.015116330380956037,0.26371685182250637,0.63372293054125,0.7069077240443387
4628,0.21346503708425782,0.9395198569911016,0.20055464111400212,-0.28613645066256155,0.18498893725133472,0.7848537759263509,0.9063734212206941,0.9033701085371713
4629,0.11291710789348133,0.9484195927501257,0.10709279748285756,-0.15458225396930408,0.09082836569281443,0.888992839756176,0.881524308767667,0.9070097239279318
4630,0.13121955625189421,0.9477459773146801,0.12436280658275015,-0.18225579780589535,0.10966379713436532,0.8994385364418955,0.8989899624005844,0.9177698785933704
4631,0.24034646627300224,0.9306181792637956,0.22367079083546862,-0.3005403778467354,0.21075855829280374,0.7350885692796781,0.8807217716216328,0.8780604919240519
4632,0.10160235002626199,0.899475661495544,0.09138884099937379,-0.06736439942354211,0.045752644770920524,0.23870732913650908,0.6699409589694969,0.7182577001139524
4633,0.2037511621874346,0.9465126503867841,0.19285305254141624,-0.29040833405626165,0.1881143360541566,0.9164428243637014,0.9351509885267114,0.9352749711370479
4634,0.06545259168651756,0.9089753267290613,0.059494790913516137,-0.04251001146935807,0.0188260907233072,0.272098756398073,0.6142758089475728,0.6899730961757918
4635,0.09383891520838866,0.9996923230134558,0.09381004313373677,-0.1137427816233843,-0.034755550355738275,0.02719509204833176,0.9403009383485671,0.9400326089581056
4636,0.03465402444237876,0.9271096603276474,0.032128080829759764,-0.021262424155210242,-0.004012939679634481,0.3622027356692136,0.47319899692332834,0.6254954686920086
4637,0.01830186323814856,0.9784289518977307,0.017907072865877303,-0.010475210671835225,-0.020020197803126565,0.4574574476802967,0.2958251423453969,0.6295723593768853
4638,0.21839751042842082,0.9384990557142325,0.20496585730741218,-0.29084103126513855,0.18364322341457998,0.7968461056527576,0.9040813302083468,0.9010936079712616
4639,0.16049480446530057,0.9321454464549799,0.14960450116201232,-0.1959649773129843,0.1287618629003941,0.7296551783707449,0.8568632932181155,0.8681782310280168
4640,0.20277393295408877,0.9471098388595862,0.19204918696507156,-0.28845400127404813,0.19065917755695586,0.900694071039299,0.934069303429708,0.9285403971870713
4641,0.21148042288199212,0.9420924841572464,0.19923411694352094,-0.2907085201863935,0.19451356203019465,0.8525617886530719,0.9196697422797568,0.9180647782587747
4642,0.14476426888467478,0.9398309391972169,0.13605393878808233,-0.18781193586011813,0.11714228823904223,0.7906345484522772,0.8760579919098969,0.8919652426457119
4643,0.16831662709667075,0.9479379314288354,0.15955371531509674,-0.2387903125097259,0.15002165662508427,0.8944280200771005,0.9250395000266102,0.9314373749712133
4644,0.1305603552773891,0.9497683759813524,0.12400209659935424,-0.18049088938231478,0.10589378364868687,0.8594494845654895,0.9010478165177859,0.9117976504316115
4645,0.233713470610216,0.9744140792481373,0.22773369627254023,-0.26941990732611953,-0.8084324239878907,0.02564405875333116,0.007919390069288667,0.026839726910448624
4646,0.09941633473672136,0.9498820615466114,0.09443379299112488,-0.13398034302144798,0.07324463274376633,0.8654735513977965,0.8687851271890358,0.9001176384515379
4647,0.23467732507076888,0.9315856450646477,0.21862202725809826,-0.2957794923652932,0.2014038815684621,0.7263828682017109,0.8845397534250927,0.8818029990186333
4648,0.18257448026906356,0.9350160628678116,0.17071007172131675,-0.23240900552087465,0.15536659832666777,0.7628538472763232,0.8799260476801464,0.8860818178858013
4649,0.20706772634454915,0.9437899328394556,0.1954284355399408,-0.28883257374960764,0.1899846668453832,0.8689240564074093,0.925553398979552,0.925697182098591
4650,0.12256201037837551,0.983275222242382,0.1205121879932703,-0.14183141075181108,-0.05631436398885792,0.1336159997012256,0.8833344613054297,0.7607737365773429
4651,0.1213275365388094,0.9343209530341648,0.11335885956822785,-0.14546591275224996,0.09073733027940524,0.7166736895990938,0.8363046382517657,0.8632667667511735
4652,0.12145059373866236,0.9353923825081589,0.11360396023423788,-0.1455712750401413,0.08862681857674277,0.7039357388784083,0.8365885704770916,0.8604106534209365
4653,0.10896199513444675,0.9444732739982801,0.1029116922860156,-0.1378610272448983,0.07504851451903154,0.7390067045929408,0.8593676631658882,0.8881197005506645
4654,0.17656181514076172,0.9439162597311,0.1666595681590017,-0.2432751278964782,0.1559125668512557,0.8681228503158789,0.9134406759625091,0.9184039996488698
4655,0.13240002901822423,0.9280076801913709,0.12286824378647246,-0.15147870778418512,0.09629309063498276,0.6721670605235676,0.822987435229881,0.8475234256916687
4656,0.017409416127699025,0.9718459576053001,0.016919270687972814,-0.009924871795475037,-0.022109861823636494,0.5233350393475276,0.20396584513261712,0.5305964086042919
4657,0.12250493311442032,0.933559519874049,0.11436564654050071,-0.1464436999157788,0.08927366869001899,0.7236775314433038,0.8333810860310142,0.8578516623936133
4658,0.13100779533157483,0.9487886023070916,0.12429870302397841,-0.18148516768255257,0.10899480380617206,0.8770374408898236,0.8980296190685192,0.9127556009827683
4659,0.4987650260858906,0.8826741711950328,0.4402470060214324,-0.3837375786304304,0.29700907673189025,0.2061933761544897,0.7207255999687183,0.7214083750583364
4660,0.20055034666221577,0.9471677415681724,0.18995481891876498,-0.2869934179233668,0.18533765868561805,0.905279445500729,0.9364551060657489,0.9366069622541815
4661,0.2238480168908383,0.9375342978746338,0.20986519334638126,-0.29610036767039566,0.2020322744729666,0.8095996120236868,0.9022822530508454,0.8991756782123179
4662,0.053392303698520396,0.9093655586218214,0.048553122078910944,-0.03320199235500716,0.01280339740674282,0.30322033804265847,0.5717269242700734,0.6700535831741656
4663,0.15883548253818758,0.9330889050548183,0.14820762648541116,-0.1944982878354117,0.12501311214157243,0.7188529511812859,0.857666741993679,0.8689153975076811
4664,0.19951076491272468,0.9475994185377565,0.18905628482332093,-0.2855650921249716,0.18253583918867508,0.8964409769568857,0.9354530102370765,0.9336919232200533
4665,0.16530158563446723,0.9302613766267208,0.15377368061089924,-0.1956826828336517,0.1240196895300314,0.6432494133932269,0.8500816442158969,0.8621478856701167
4666,0.1743097551141792,0.9385333916616434,0.1635955256670211,-0.22885656353708056,0.1477655339225015,0.8040082463490406,0.8920482534955553,0.90027654286302
4667,0.06764605131589298,0.9138351661653812,0.06181734054469096,-0.04541496851601582,0.009515964258546271,0.2624232906766506,0.6282319257571687,0.6914162288588689
4668,0.20178363640987534,0.947000299146156,0.19108916404295112,-0.2879115572043438,0.18657359003902765,0.9052681671870583,0.935058340086346,0.9333600693932561
4669,0.020975967704810562,0.9807167436877398,0.020571482743161007,-0.012907957441705415,-0.024563439777625956,0.390499029831514,0.3925909507578818,0.6747488826371786
4670,0.020902228795893325,0.978565613565097,0.02045420234653139,-0.012691050341377613,-0.014742596983519264,0.41969327027531655,0.38056025413926403,0.6382873664615649
4671,0.064689127577741,0.9045224674215725,0.05851276929196718,-0.040728638118198636,0.021046910966173494,0.2856192441196406,0.6021513187134367,0.6784674341065837
4672,0.21959318854381776,0.9380396123235867,0.20598710945054308,-0.29246016367678307,0.19649445173811778,0.8052264721093711,0.9063660008481207,0.905408377888275
4673,0.3388998969639415,0.8993985491625527,0.30480607564070755,-0.2942355149349878,0.1780443319826729,0.19282929200769733,0.7385556616254106,0.7200858635878822
4674,0.131139426732425,0.9477290819203301,0.12428464850067955,-0.18215801074273905,0.1120685021993416,0.9003628311491292,0.8999493356083298,0.9187144759003445
4675,0.20378440044923657,0.9464165914701242,0.19286493766794935,-0.290306015221237,0.19253255448293086,0.9163467939169297,0.9349262723224767,0.9351711170893255
4676,0.20184015452859638,0.9470546218018824,0.19115365121151334,-0.2880755987245877,0.18737718796670008,0.9055212481261369,0.9354002956271774,0.9336228892878005
4677,0.15808201710629774,0.9329429786633125,0.14748150791225417,-0.19397629666187038,0.1266799550840659,0.7223686482452663,0.8597176476549643,0.873704511030614
4678,0.14612186747924846,0.9400408225006508,0.1373605204905238,-0.18867260438746625,0.11899060088398,0.7850220445311978,0.8754579006681437,0.8849327866878842
4679,0.13191638856767132,0.947815422925978,0.12503238762113505,-0.18265927349860042,0.10832321334578639,0.8955786206144505,0.8988601757649572,0.9137691123614525
4680,0.15779589899991067,0.9476977419721849,0.1495428171746863,-0.22237222848114835,0.13996850755020648,0.8984571510845634,0.9166149430598165,0.926182021036024
4681,0.09864173410061758,0.9506862820493136,0.09377734344701312,-0.13314660577085582,0.06903036561967646,0.8545943651759978,0.8714459614120857,0.9059404129100015
4682,0.13070991800323803,0.9497958817296576,0.1241477418206967,-0.1806758923425305,0.10626667444570097,0.8577823950048188,0.8992318351069418,0.9100244205434794
4683,0.13722001358903574,0.9444291222581215,0.12959457699014051,-0.18378503597772952,0.11257196046005494,0.8263371734736307,0.8898135661189244,0.9049914278069878
4684,0.13080386009197126,0.9487824499051825,0.12410440683511521,-0.18127135689963883,0.10481351757363402,0.8795233422744299,0.9007173537512901,0.9153506896526435
4685,0.11075172254564787,0.9400893534691532,0.10411651524353314,-0.14005224230202284,0.0820274896063152,0.7950924202761622,0.8483326359104407,0.8793556318046587
4686,0.2229350745246994,0.9372918109925007,0.2089552197350036,-0.295750777676943,0.20438764416302474,0.8151162647047477,0.9054925327501805,0.9056348001008185
4687,0.017318747481793028,0.9776222277147281,0.016931192494379337,-0.009565782359271966,-0.019233723510660546,0.4869870118517042,0.25577268636207606,0.6121277249701479
4688,0.10578342882485335,0.9448303973615936,0.09994739909085805,-0.13757903528804025,0.08057690665649091,0.8241940613058945,0.8569040558242227,0.8845731106272606
4689,0.08097464871377769,0.9508977156226434,0.07699860848527722,-0.1066668918049274,0.05288301011911846,0.8559358157971857,0.8394229870055475,0.8897454270722495
4690,0.10689441568940379,0.8980009055012184,0.09599128208210825,-0.07146425243384653,0.04614597269438025,0.25216393802895865,0.6498761738275277,0.6790856404430403
4691,0.17688171349045748,0.943978812629768,0.16697258987664088,-0.2434889449578439,0.1578890756526591,0.8664505322154757,0.9128390538172652,0.9165748740913099
4692,0.10031824876452619,0.9490151392075623,0.09520353681632569,-0.13492402974763223,0.076231684561674,0.8751507735308701,0.8645328112785773,0.8927288565239053
4693,0.09875463306216645,0.9498296186541499,0.09380007546176806,-0.13348743063192126,0.07253326223039451,0.8700569109051449,0.869934998439176,0.9050087282820191
4694,0.1755606159484406,0.9442854566495302,0.16577933640054604,-0.24224879365782925,0.1555634760383318,0.8628992925032493,0.9138939930047216,0.9188013928386997
4695,0.06431195884526812,0.9041510324132769,0.05814772398646934,-0.04040310076645318,0.016952352681397824,0.2849853373529107,0.6006722173119374,0.6804789033363764
4696,0.33777301784974706,0.895542365299704,0.3024900473395816,-0.2914304977076224,0.16777448675197815,0.1870290037568316,0.7511425627313568,0.7511163666939101
4697,0.04754053493784972,0.9329606663237172,0.04435344915300223,-0.03141188915117689,0.004772813521122942,0.28054554587703956,0.6143457993092685,0.7055401363104129
4698,0.10017683279388973,0.9498864488342592,0.09515661595805128,-0.13456690626495615,0.07458644036938321,0.8596079162201367,0.8661427713979011,0.8938874037635702
4699,0.2142084311952371,0.9416240191204377,0.2017038039115429,-0.29342043418580865,0.19812910065623296,0.8591262686044353,0.9178915440188474,0.9162690029076879
4700,0.17733130291272442,0.9435520414656027,0.1673213128790563,-0.2442387028879538,0.1593569095091137,0.8745923842450534,0.9130921942846777,0.9192994235538667
4701,0.02259394949907885,0.9682229278021791,0.021875979934612703,-0.015113516258160941,-0.009879638009804655,0.4717108364689528,0.30971311898903664,0.4772499872117099
4702,0.1426771794756397,0.9417801068247716,0.13437052932802507,-0.18538260157285158,0.11394478555418831,0.7648965913005732,0.8803449352623688,0.8926027138135808
4703,0.1308605435232597,0.9487579435399154,0.12415498016364349,-0.18130567654631785,0.10720034809402273,0.8787861617484939,0.8998909004495291,0.9145802727648226
4704,0.20799337234323953,0.9439001887202029,0.1963249834073352,-0.28922496648152174,0.19258000866374098,0.8641534834762515,0.9238418832683631,0.920405023364512
4705,0.11039651221467325,0.9410061014631297,0.10388379157425646,-0.13961902166491402,0.08294486507956798,0.7826319801579205,0.8500211280512335,0.8805967345104234
4706,0.1217569402114956,0.9832077915719645,0.11971237229390432,-0.14067480257084408,-0.06913848146996218,0.1337918672347398,0.8832999278493436,0.7607392278996393
4707,0.2348057853829389,0.9317038159686114,0.21876944625279096,-0.2959030081441589,0.20375103305149148,0.7250523012815143,0.882928010217491,0.8801883480583375
4708,0.1570023880790444,0.9481877769976358,0.14886774533598923,-0.22121425191491753,0.13641669243346352,0.8890483965337036,0.9180816432863129,0.9256553483095498
4709,0.14217974027638694,0.9427538134544452,0.13404049234152637,-0.1845947702213517,0.11025238816966364,0.7500952880384107,0.8804203472171214,0.8895160966373369
4710,0.14738889510060516,0.9451983852492539,0.1393117456527637,-0.20208900987201336,0.12738990257260657,0.8724125185059102,0.9018137827633994,0.9145197041397382
4711,0.13368176329539247,0.9499765994844529,0.1269945469084425,-0.18261186053022083,0.10761290418824751,0.8418235501146791,0.8954532902199618,0.8923611329485311
4712,0.028763624729157267,0.9828926372228045,0.028271554966128463,-0.0210337995731643,-0.013828278300292448,0.3034634708687514,0.5317131482572977,0.6846489064234874
4713,0.14463858685517972,0.9397030218137423,0.1359173171386818,-0.1875568530688382,0.11152657808006745,0.79165795716959,0.877114986516698,0.8931123305868789
4714,0.23534377867678868,0.9317410395674133,0.21927945700003432,-0.29582458818507984,0.2061086524074425,0.7222645553002965,0.8815788282948539,0.876229127125561
4715,0.165518989879443,0.9433399819925385,0.15614068093229694,-0.22468373233221542,0.1426626037871471,0.8376351305824528,0.9027120719438122,0.9097825576055263
4716,0.1426510624946232,0.9417131116817169,0.13433637594651465,-0.1852844878384804,0.11215304817289254,0.7651122210468643,0.8805175040933898,0.8928427801595309
4717,0.02189559025514795,0.9818960757238019,0.021499194147186092,-0.014993701229099723,-0.020298346900098938,0.3725012581303753,0.37524849737633775,0.6440438380173799
4718,0.19640794055708752,0.9486507265175574,0.1863225355032983,-0.28098163015392813,0.17262365989048262,0.8709525053731159,0.9321516263548952,0.9251417471032977
4719,0.12560217545742564,0.9400103432200485,0.11806734406091941,-0.16057931004093598,0.09810781853868378,0.7920993561816266,0.8626796022836392,0.8845609391079847
4720,0.1588185224418632,0.9331588654278223,0.1482029122107722,-0.1945703266578713,0.12649265857356506,0.719116594839402,0.8581160541299051,0.8692574954771763
4721,0.20602322972008616,0.9467906533338936,0.19506086826863922,-0.2913590357853769,0.18738900467133257,0.9024238564222755,0.9281802760438368,0.9208246388329567
4722,0.13073834033899992,0.9483061924106464,0.12397997772896421,-0.18170162049516467,0.10779454614574219,0.890567735132979,0.8992999794925699,0.9178484473719978
4723,0.2087183018198373,0.9434175641733537,0.19690851190126973,-0.2905308852652644,0.19328776454841926,0.874526395201665,0.9254536617207254,0.9256001618529407
4724,0.1301961104920141,0.9487236034990877,0.12352012310754899,-0.18094969687383428,0.10741510105601985,0.8819179202570687,0.8994972882265527,0.9179677368419917
4725,0.06336143178464733,0.9030935261871033,0.05722129885466076,-0.039753883161452265,0.008056082672349404,0.2820914268657683,0.5933886751553945,0.6838885754417834
4726,0.10609842146510814,0.9911428821866395,0.10515869524638011,-0.12181924773620964,0.020741214906224898,0.09266363985490395,0.9472000855174478,0.869710760878541
4727,0.13091550576017016,0.9487981801355476,0.12421239361677426,-0.18140914040888367,0.10942836347056982,0.8786519503844648,0.899788211449787,0.9144394599664214
4728,0.1477111035732252,0.9477124148004499,0.13998764666022062,-0.20713171941270056,0.129805110710336,0.8992298489601968,0.9111626615509656,0.9238092413505307
4729,0.06599196991351662,0.9062440085338027,0.0598048273454674,-0.04269824771086087,0.009867863829856197,0.2837226533239986,0.5984443395365442,0.6671083912247913
4730,0.20380940690484395,0.9464445563338513,0.19289430369472038,-0.290466976669875,0.19034103809005876,0.917321196720326,0.936010686626923,0.9361660156085065
4731,0.01839909279918746,0.9751198493643752,0.017941320598784838,-0.010547442415309766,-0.018239702055843136,0.4884201855858076,0.27580582961480316,0.578629661889291
4732,0.22952315223036515,0.9147310369519536,0.20995195104416303,-0.21851443522834124,0.12258907136878165,0.1572427785055716,0.7825859318205978,0.7828479016317594
4733,0.3394433841167594,0.8972189932397611,0.30455505135913635,-0.2936278223988274,0.21598122564602437,0.19060250223190162,0.7470235588319926,0.7374484302588543
4734,0.08403547166554265,0.9038049190429047,0.07595167266540809,-0.05516349129194639,0.02846088219101027,0.2471204466762846,0.6552587921402312,0.7163463862766225
4735,0.16751134019306205,0.9422438033786019,0.15783652229255765,-0.22696493438118298,0.14673598358038625,0.8551987683947827,0.9026178516038177,0.911565519062407
4736,0.23201531378243062,0.933739723933531,0.21664191503955832,-0.298371470336322,0.20771366101128239,0.7724722401030231,0.8925324783236995,0.8911261797687932
4737,0.14732730045619924,0.9480390383765739,0.1396720322511117,-0.20651411493333655,0.12769504757482575,0.8929479398199339,0.912186764051845,0.9234780127640044
4738,0.08477758270490303,0.8985147037458698,0.07617390460838692,-0.05444382462652355,0.03339511698131038,0.26286979310533237,0.6338570062946867,0.6914555161182396
4739,0.21847035376293228,0.938572395036604,0.20505024317576948,-0.2909942441826835,0.18873551767581895,0.7966099002631077,0.9038899597959371,0.9008350871430014
4740,0.027116387031633764,0.9760318809629815,0.026466458239405705,-0.01923478849984373,-0.016060379622845827,0.3727445792789097,0.4594284921724552,0.5890166227834238
4741,0.017609102992142887,0.9731457597808787,0.017136223910348632,-0.011853644723914033,-0.0156852035528407,0.4870756027452462,0.13462930513244617,0.4942935233736756
4742,0.1036653990676775,0.9011134060386837,0.09341428084223426,-0.06975267959549895,0.0480128963100375,0.24065572122666506,0.6695974840450055,0.7072833235423226
4743,0.043817598262898966,0.9273370538766122,0.04063368248106569,-0.02792791065626029,-0.0022315347538341495,0.29139282284827334,0.5784760129254776,0.7065790585655538
4744,0.17788409131950175,0.9436130182997972,0.1678537443175118,-0.24452563828165047,0.16012140118953888,0.8719551145865241,0.9126579858922917,0.9164195139762407
4745,0.0987436608914773,0.9498292239286494,0.09378961479242562,-0.13347762139156943,0.07377851788598208,0.8700545220155776,0.869934967836386,0.9050079044102565
4746,0.021277582162963743,0.9757095922811252,0.020760741016953493,-0.013272788529459977,-0.01468690948664554,0.4405052633915044,0.35950466889697885,0.5874139218559943
4747,0.5007414396811671,0.8840926958262719,0.4427018493196516,-0.38847877772766853,0.3248120808465896,0.20932663257072737,0.7242097005972404,0.7168267268967794
4748,0.17555124350777437,0.938745075906596,0.16479786541220298,-0.2296172186880702,0.14912886860313534,0.798452170387122,0.8901804325991286,0.8935413317149701
4749,0.18150533881059366,0.9355578411701458,0.1698087429384949,-0.2312685908845479,0.15399674509214273,0.7557760439580119,0.8803873409625647,0.8850249189865494
4750,0.22387210271959146,0.9334207303705445,0.2089668616301106,-0.28621424752644986,0.18900648149649085,0.7079942768043679,0.8874315673541834,0.8875751716501511
4751,0.15188658542621158,0.9746879113054416,0.14804201870438968,-0.1776380351582241,-0.026659429063125805,0.17606030321397603,0.7861564062884843,0.615868016086397
4752,0.34057305606863764,0.8985603056126024,0.306025429344453,-0.29566158275497967,0.18339822580316856,0.19518268410693299,0.7505503651614563,0.7310418480638317
4753,0.15765457941903793,0.9476513898414584,0.1494015813013219,-0.2222171806261344,0.13929409626396932,0.8999343641500088,0.91815642606507,0.9277070653994594
4754,0.16749855384039714,0.942243384874288,0.15782440433212397,-0.22695254998561767,0.14584105502301029,0.8551964092081048,0.9026175199916975,0.9115644394390771
4755,0.20810705574520152,0.9404406987245577,0.1957123449145278,-0.2812898456934234,0.17890950657649962,0.7758541650136562,0.9090415503312053,0.9091372172467954
4756,0.20543398223785642,0.946668586386968,0.19447789756095704,-0.29115957309355245,0.19486039475366373,0.9071891601193078,0.9312612162090328,0.925720970364656
4757,0.2022839776701469,0.9470674245382322,0.19157656575741527,-0.2882494520556816,0.18486111166567554,0.9033724957001744,0.9350156055749804,0.931354537280672
4758,0.3998950769482989,0.8914883684935516,0.3565018097172423,-0.3317966978395886,0.25852819681215605,0.20005334991786786,0.7373487680543771,0.7267781585191488
4759,0.03622528722535664,0.9345536163609425,0.0338544731801709,-0.022903183326638318,-0.004054192745184038,0.3255473254524691,0.5232051309191318,0.6732317119339264
4760,0.07920574802961283,0.9428871211517794,0.07468207973831487,-0.09524779037077956,0.05079256931434431,0.7651853878100106,0.7969131247037294,0.841775675376785
4761,0.11948598873348944,0.9436188175050875,0.11274922739712151,-0.1577089648997775,0.0935980543952875,0.84120376612316,0.8717274126725354,0.8953870339864309
4762,0.18351333021782307,0.9405721290661184,0.1726075237149915,-0.24656942064849333,0.1627756473764851,0.8401976033500469,0.9034274385898331,0.9081722392990595
4763,0.132900570853713,0.928182365842235,0.12335596627678291,-0.15185929484065203,0.09919592598593344,0.6705447697405955,0.8229806442358355,0.8449276977342709
4764,0.48652864950043034,0.8875932118015452,0.4318395266435552,-0.378878591803088,0.2844210952798614,0.21234529985755046,0.7148010114786222,0.6941943088489618
4765,0.21082855267582556,0.9431355389465728,0.19883990065324064,-0.29243093964579103,0.19416572308757282,0.8772618927586895,0.9233981769765961,0.9223509771162722
4766,0.11314009675508961,0.9494144764067226,0.10741684572133933,-0.15434756648748268,0.08985307935887997,0.8686758545711049,0.8823694612063594,0.9036822188972072
4767,0.16637279437880226,0.9428567727351135,0.15686571597892013,-0.22586201758846508,0.1434284876270714,0.8467438191333806,0.9023732324816697,0.9111883640831738
4768,0.235465074269058,0.93181220221114,0.21940922939846055,-0.2961073693767092,0.20365406549369844,0.7225406526582472,0.8820546059276629,0.8765864919569643
4769,0.022297122453394966,0.979958969260709,0.021850265136908745,-0.014157992533777771,-0.014335438795765345,0.38868308146109487,0.4177844690929752,0.6553172777026087
4770,0.14611108913114426,0.9387506813789583,0.1371618844788834,-0.18908380215830456,0.12007692558031634,0.8040599121306181,0.8750266481082476,0.8912510183497556
4771,0.16003108552361509,0.9320776463189803,0.1491613975327226,-0.19577628892448562,0.12905919756419393,0.7301244033675952,0.8549431663964022,0.8691893319367069
4772,0.14778194294185878,0.9784513577266937,0.1445974427189505,-0.17328226924412315,0.0725111130243314,0.18318528281096633,0.8430553885325285,0.6548360718239007
4773,0.02229783218033271,0.9799596881068329,0.021850976668897345,-0.014158363072103141,-0.016466741064462408,0.38868034865919543,0.41776533416138184,0.6553105933652401
4774,0.015918710368444878,0.9742679101709486,0.015509088683281404,-0.008765553584021741,-0.021578926152163988,0.538655650307176,0.14952989179573437,0.5466412761933129
4775,0.14851558613830845,0.9477584629284649,0.14075690363936325,-0.20757573898812387,0.13032985784910608,0.8950065684221686,0.910544902293532,0.9193810753505062
4776,0.06404614608208688,0.9045914447443097,0.05793559581470008,-0.041441789636302157,0.015726076201678773,0.2782234800657968,0.5860339288337463,0.6749786976915755
4777,0.19025649144099663,0.9494769521565458,0.1806441536213954,-0.27555635339141415,0.16776174401251898,0.867356666335462,0.9398656273970237,0.9399867628697953
4778,0.1103328516665693,0.9410353009280145,0.10382710827029602,-0.13955583968500263,0.07755975305557349,0.783727487550299,0.8513361217158938,0.881841455582093
4779,0.24044980124066329,0.9306308761026765,0.2237700091873129,-0.30083028522006433,0.20932485157322356,0.7360605890848493,0.8820213088929983,0.8792427762593573
4780,0.04760319114671268,0.926334847330158,0.044096494803318426,-0.031268056426571676,0.006080699828238183,0.31401984298805,0.5705312181392342,0.6431809895483293
4781,0.2214895005258681,0.93808382289938,0.2077757173853806,-0.2937908500960208,0.19887223193605266,0.8026127772623245,0.9041070135368566,0.8993539574568683
4782,0.10504350898036,0.9451781296354437,0.09928482734840059,-0.13692797348080263,0.07916901359110859,0.8208981139574667,0.8583434782799098,0.8892556339543621
4783,0.16748207709133817,0.9422522646796484,0.15781036643256485,-0.22696430328519418,0.14751784727700792,0.8555441166356496,0.9030207736220167,0.9119372657030501
4784,0.1039348360665466,0.8954793738460133,0.0930715019216592,-0.06732534896729016,0.05063586094140855,0.2529875219613746,0.6570692313469797,0.6969404293019079
4785,0.4972366851463171,0.8846546298952297,0.439882735668446,-0.3855785674422975,0.3334806508636114,0.21067036332459302,0.7233203198241296,0.7126042432115788
4786,0.15705585562154806,0.9481635669123569,0.14891464027059914,-0.22121735290521108,0.13772433075509177,0.8882831464352932,0.9172153358907349,0.9248547468959194
4787,0.14464572301946071,0.9409245485743691,0.1361007116352993,-0.18712283309361455,0.112782645615761,0.7739460281587636,0.8782466989562817,0.8875867119000717
4788,0.02373982606080995,0.9789303708092231,0.02323963672865514,-0.015600302877778766,-0.022107772520067126,0.3851395228870974,0.43726166272498745,0.6346261513437755
4789,0.11181251645203116,0.9502215468406642,0.10624666233919626,-0.1529229124691881,0.08746650916596899,0.8595917749126322,0.8871011605963082,0.9116849572964608
4790,0.1462709071438127,0.9399855694845777,0.13749254195060254,-0.18874123042458785,0.11793634797771414,0.7827942756102512,0.8726998585872598,0.8823894852792132
4791,0.15940456453745344,0.9331999058469302,0.14875632461792246,-0.19483314912259936,0.1298267148264203,0.7173597772199736,0.8581908038067892,0.8666128829137498
4792,0.09907680538262233,0.9490227271515896,0.09402614004168353,-0.13416135680004432,0.07402048061013311,0.8833630773282054,0.8656156854703667,0.9012372691591827
4793,0.16803528831323097,0.942364049961069,0.15835041483123224,-0.2273461400318288,0.1463112365041033,0.851988283166642,0.9008828891711715,0.9080422707723298
4794,0.20080085521565894,0.9476341676473886,0.19028575129517478,-0.2859044590999875,0.18270586194937172,0.8889132773600074,0.9328703135611791,0.9256431531393757
4795,0.21411260165745838,0.9415618160939896,0.2016002500652055,-0.2933385520559365,0.19735115110717302,0.8601135503425904,0.9189407345930876,0.9173213089670964
4796,0.01863275835400339,0.9759145935470656,0.018183980795707908,-0.011000730501613282,-0.015502468545322504,0.4713166776164104,0.2782177825422353,0.5871769823805132
4797,0.20801808626443177,0.9403840417250714,0.19561688871326094,-0.28119574537251335,0.17512016072384975,0.7766438185423513,0.9099623876375232,0.9100625723835173
4798,0.11124387887328815,0.942197266844158,0.10481367862755467,-0.14016542135719717,0.08124592368586814,0.7651014235088112,0.851085085939418,0.8748045832196321
4799,0.11107612442633895,0.9411059148800788,0.10453439769958318,-0.14014866335140275,0.08104037187960184,0.7787838455898719,0.848523252214047,0.8759211336545487
4800,0.13202863300343223,0.9477810435771066,0.12513423557005182,-0.18273958896532494,0.1130146690222602,0.894437733378449,0.8976026230640117,0.9125998350366754
4801,0.15649388814621912,0.9338758268863444,0.14614585919520948,-0.19255418576829866,0.12430808311391964,0.7121985420033876,0.8610727705291693,0.8749082445787604
4802,0.14685632187870612,0.938839230948648,0.13787447629255153,-0.18952528293381163,0.12045261855812596,0.7999157947070844,0.8733108616296964,0.8863420371774038
4803,0.23964643816739814,0.9304372153914318,0.22297596460694885,-0.30032852174893593,0.21141279646532157,0.7384368366718731,0.8824257017816816,0.8825762134541384
4804,0.4921362164319613,0.8844391509591906,0.4352645374173523,-0.37868833821930503,0.27546204748432923,0.20283393899306382,0.7081992406270591,0.7090318671851451
4805,0.11216120532631775,0.9404408672997615,0.10548098121446889,-0.14127031428265088,0.0851773870683227,0.7866814317762337,0.8450106097612444,0.8694807193284774
4806,0.023921976553409434,0.9790722555820075,0.023421343542126473,-0.015982264542912784,-0.017417191460024777,0.38211351640016356,0.4338430996794787,0.6296640096882196
4807,0.2228946094072627,0.9373167298121748,0.2089228463823775,-0.2956333768434686,0.1995349427682737,0.8143648499497665,0.9046243034978825,0.9047972817288255
4808,0.13119401664443528,0.9477977785870305,0.12434539753950566,-0.1822782320148871,0.110263347725018,0.8996729144597808,0.8993022698463407,0.9180133175618589
4809,0.09885615174848526,0.9497813429214351,0.09389172856372151,-0.13358292097682967,0.07191596646499467,0.86865326487772,0.8683937273810793,0.9035421215137353
4810,0.21341300983304434,0.9395190136571463,0.20050558049994469,-0.2860803441542896,0.18537690079492825,0.7848491432264524,0.9063722004912195,0.9033674439290762
4811,0.19980118625393037,0.9475798475310173,0.18932757760701574,-0.2855614958811991,0.18437093513778252,0.8948867472693129,0.9356316021281093,0.9320062779388917
4812,0.12208666786760859,0.9345637004315456,0.11409776809570936,-0.146211896948665,0.08840008996844159,0.7125349621318473,0.8336614424524059,0.8577849414081125
4813,0.19885895246509563,0.9475002946048434,0.18841891604548866,-0.2851813821836851,0.18012399059690773,0.9001946751512462,0.937545808819601,0.9376734987175179
4814,0.20103288003868403,0.9477504898266489,0.19052901052792473,-0.28612689220224535,0.18540297681032983,0.8867847763550898,0.9306441117200731,0.9234254060049988
4815,0.20133598578291914,0.947011412168389,0.19066747621659694,-0.28786408965043275,0.1862633621611052,0.9082478141003746,0.93636252799776,0.9364882027987858
4816,0.21197119383328844,0.9421932442505094,0.19971782680543962,-0.29098780158200094,0.191447162289059,0.8501677872264022,0.9187534552575995,0.9153686648866409
4817,0.49991260849024344,0.8829767732256218,0.44141122193951876,-0.3853318017090796,0.2757818946503289,0.20581399870556824,0.7201910560665274,0.7206308254293629
4818,0.08143754016670464,0.9500689882056973,0.07737128138814191,-0.1071939412109068,0.0547787311644957,0.8652104671099935,0.8350872484894345,0.882528654848071
4819,0.03363346407380756,0.9835432617484509,0.03307996695905203,-0.024157456995365506,-0.014789903295978365,0.2747942246821385,0.6404148957445869,0.7325558752205058
4820,0.19950259490121613,0.9475993449146519,0.18904852823716556,-0.28555369664518315,0.1827694529285794,0.8964390128675321,0.935452886898255,0.9336910131940205
4821,0.2413224955093046,0.9309819052088683,0.22466687663901094,-0.3011189776621926,0.2089911657559533,0.7302567765627667,0.8772758646753919,0.8717913323444095
4822,0.10214459042015853,0.8939882337368975,0.09131606197549635,-0.06566657956906083,0.0485613163308212,0.25001426574993485,0.6532341770096088,0.704313923386577
4823,0.0910565311244955,0.9415261771161061,0.08573210765109998,-0.11246269650839577,0.06339713033848154,0.782648608936935,0.822071347947438,0.8634947910832467
4824,0.1119294253226591,0.9492863917945247,0.10625308030018177,-0.1533931760487801,0.08820297892711251,0.8770984689386189,0.8857236829472307,0.9126386697433525
4825,0.22017118512547465,0.9378291412416243,0.20648295347237458,-0.2931757659632822,0.19880842767414858,0.8087592900412656,0.9066674601333409,0.9067749679627752
4826,0.3396780175418862,0.8992848434675641,0.3054672928345276,-0.2954441702490091,0.197462157920834,0.19338532733102076,0.7421974681247036,0.7232619138129186
4827,0.20976170704035565,0.9406562025239745,0.1973136507795274,-0.28193694530760116,0.18179252139741012,0.7679918991305207,0.9049079559994209,0.8989496509804443
4828,0.29972317250810404,0.9021390443366996,0.2703919764120247,-0.26760824137606,0.15562077594492812,0.18320566934943283,0.7630501659690527,0.7535147597013006
4829,0.37797908943779585,0.8923986942156351,0.33730804585510377,-0.3177458063937368,0.2391724492285587,0.19650602800969674,0.7453762851041493,0.7383735212038792
4830,0.19942020264328528,0.9475283665838559,0.18895629887441365,-0.28542875710538207,0.18201595257415365,0.8971376473737208,0.93613658293638,0.9344161031403158
4831,0.14678635982205857,0.9388658105079772,0.13781269468585258,-0.18948962927683366,0.1196563548085826,0.8010835839472427,0.8747233831140866,0.887650162827957
4832,0.24859356148937065,0.9260139496568123,0.23020110573402575,-0.29980051533785007,0.2076230412403161,0.6718022042356221,0.8681918395368684,0.8682764562822358
4833,0.21720120624217357,0.9401257629032604,0.20419644972193185,-0.2942529735798964,0.20063807801981715,0.8437309314341227,0.9135327505173294,0.9125137984375021
4834,0.22375452126047773,0.9374411018410393,0.20975668495233651,-0.2960341866679994,0.20394222468591092,0.8108882280997362,0.9037119663139404,0.900606878272074
4835,0.2192939843122307,0.9386870118780436,0.2058484148568784,-0.2911840479563378,0.19635095267543784,0.791777581292321,0.9010652907887257,0.894979124455712
4836,0.14473033099358984,0.9398446929488294,0.13602403349305286,-0.1878013601350494,0.1180677581751645,0.7912069394940404,0.8767602178563098,0.8926186964621995
4837,0.21910422496306126,0.9385954394915368,0.20565022632365704,-0.2912103845903501,0.19788115552201777,0.7945853467818323,0.9043999773656264,0.8981726094203624
4838,0.20279945267959285,0.946857213106148,0.1920221245836514,-0.288972409506774,0.19028330933853282,0.9077833135663491,0.9351412831510192,0.9327529776616911
4839,0.06706711607752955,0.9131747804885825,0.06124399900210032,-0.044157300270877435,0.015210853510206165,0.26516109393407544,0.6355319314393751,0.6991730551401396
4840,0.13208749938333156,0.9478495170656787,0.12519907250090392,-0.18286472005753693,0.11121956643660451,0.8937608832805936,0.8969648344958476,0.9119112589391056
4841,0.09837440434412954,0.9930764631068578,0.09769330552631207,-0.12126329239527939,-0.02505409335001287,0.031687772058423866,0.8598413078045943,0.8662404067939223
4842,0.1309131679878274,0.9488368132484908,0.12421523312583448,-0.18143408524887178,0.10443270113304776,0.8785070176555786,0.8996810114198638,0.9142914177489301
4843,0.495311640324479,0.8842206507850058,0.4379647809490995,-0.3823736263781802,0.22772461232115174,0.2035648597516856,0.7123069362460014,0.7126984938844518
4844,0.2141781836880727,0.9396075948581867,0.2012434480462449,-0.28650365568394504,0.18735808635504644,0.7827050827702778,0.9066742094736612,0.9004806363835386
4845,0.20495267517468363,0.9466185549511408,0.19401200520722955,-0.2907830961292583,0.1897571959580823,0.9081319744432769,0.9302575704894455,0.9267174953264387
4846,0.15644027392629548,0.9338836076391035,0.1460970073943384,-0.19251511950425468,0.12241399201718439,0.7126390611757223,0.8616708483237427,0.8754626243023815
4847,0.13124132823264714,0.9477739331847447,0.12438710985544606,-0.18229845918309998,0.10928172056057951,0.8988994203287246,0.8984553612367641,0.9172212803837745
4848,0.046991385794943503,0.9173060488832367,0.04310548243510748,-0.02932456771517412,0.005970029138038764,0.3035139772624069,0.5650426412650315,0.6831102619898705
4849,0.06916709430183234,0.9510302718858161,0.06578000049942348,-0.08914275574668637,0.04218237398116195,0.8574722709062922,0.8090937253889554,0.8745771979877405
4850,0.06800732935067196,0.9146229303653302,0.06220106285703172,-0.04637041530636316,0.019483987212625384,0.2605342759194753,0.6244877124524955,0.6869430390878635
4851,0.16025298440288804,0.9472947600370385,0.1518068124051531,-0.22440387331731715,0.1444372924331112,0.8998848929563363,0.9142714354141885,0.9181962665257434
4852,0.14538087300539648,0.9399009059715898,0.1366436142487128,-0.18814249991959847,0.118880938536598,0.787915262536525,0.8758419348376846,0.888543732709084
4853,0.15883315155806968,0.9330886676224602,0.14820541376159554,-0.19449180565017166,0.12594579864630912,0.7188543697351992,0.8576692457138014,0.868916895683273
4854,0.1317310060016367,0.9478406830353752,0.12486000670552844,-0.1826815334809335,0.11256151781326143,0.8957921353605564,0.8971810176409265,0.9140155998300226
4855,0.2094099746560828,0.9435282534826201,0.19758422764909356,-0.2908132070614214,0.19317012023441546,0.8703573036087671,0.9233005335843166,0.9210597744216301
4856,0.21374724456618346,0.941559163281104,0.2012556767473772,-0.29321862933368403,0.1968170977339709,0.8614547776192611,0.9187071118909392,0.9188581518273664
4857,0.0684736265988171,0.9079711853328394,0.06217207990696621,-0.044906120179010606,0.011348146758787024,0.28626523208959953,0.6024530392233235,0.6524959699341185
4858,0.19666486825680113,0.9480254501273282,0.18644330025338557,-0.28272876563917776,0.17976721516185865,0.8908162921560286,0.937127403573058,0.9372876028022866
4859,0.0810015503321699,0.9508020846236157,0.07701644291357186,-0.10664439275026295,0.05279606651195894,0.8555311382800647,0.838890228800359,0.8893178979122449
4860,0.19647356275678304,0.9487304185536495,0.1864004454289695,-0.281136460247132,0.17101480618486792,0.8706700265766758,0.9319321987727714,0.9248462700105827
4861,0.19119627778124085,0.9312501698385063,0.17805156615627077,-0.23660076929079074,0.1633061411202761,0.7350210784401474,0.869456637412969,0.8767432797635775
4862,0.21114965016613899,0.9431750745695093,0.19915108704077394,-0.2925697850082361,0.19638280988674545,0.8756230224473688,0.9228262510353894,0.9205716766588916
4863,0.20173296749337039,0.9477354549016006,0.19118948571597918,-0.28640313438992804,0.18641907410777084,0.8845835855572618,0.9319214367076826,0.9210015620714299
4864,0.18376131318490363,0.9406016032405685,0.17284618579531258,-0.2466978054258539,0.16460990674691087,0.8392984269226678,0.9035426149752737,0.9071198231599354
4865,0.09985709492145231,0.9490364794030404,0.09476802580767033,-0.13476138618943886,0.07539110787722267,0.8771637159752375,0.8629437884572994,0.8948429366812584
4866,0.027797120581275894,0.9823960224783062,0.027307780695395297,-0.018891019391312124,-0.020613831778467283,0.31496908821028125,0.5517091894807031,0.7105953321572073
4867,0.09926313307285746,0.949370269653289,0.09423746741200899,-0.1340220891189797,0.07508530191090025,0.8742338145330518,0.8670340029698828,0.9005865832416511
4868,0.023997175123038166,0.9782210677657293,0.023474542272219588,-0.015996039610767763,-0.017537301926118205,0.38135158996493507,0.4319049956485061,0.6277482987517339
4869,0.2038324663755126,0.9464618702974645,0.1929196573531127,-0.29050214073523084,0.192236843946439,0.9171045106060568,0.935797360016074,0.9359450646852252
4870,0.2229009872701582,0.9373038903023502,0.2089259625205539,-0.2955416823845876,0.19574597502664057,0.8137373783553696,0.903855452987287,0.9040936626372267
4871,0.14350385267249627,0.9474185062753148,0.13595820574372924,-0.20063856605534025,0.12503799662897322,0.9044252990553392,0.908615548032479,0.9228937325655867
4872,0.09954490596260047,0.949909482215388,0.0945586500801133,-0.13416740861639637,0.07384018344568008,0.8638227876068802,0.8670634679951094,0.8983974675287935
4873,0.14470873699409875,0.9396759571508092,0.13597932094301446,-0.18758822380051612,0.11824874218611643,0.7905148422560955,0.875710170374244,0.8918061301240017
4874,0.23476084634749916,0.9317030231955574,0.2187273902699127,-0.2958650049458565,0.2051412763165782,0.7250507275522502,0.8829277003245491,0.8801876433928261
4875,0.16985139189289192,0.9476344584696451,0.1609570317767361,-0.24014700692142038,0.15296166324562568,0.8968711941086642,0.9237469050683365,0.9276627702603892
4876,0.10014004115232276,0.9508473749991623,0.09521789526199419,-0.1344450083416885,0.07391642286184326,0.843456846942621,0.8665718777548456,0.893770039927279
4877,0.06851518352767011,0.9198766878393978,0.06302552009014165,-0.046721804402038686,0.016530286840650034,0.24681649173668757,0.6613019291161086,0.7200120938742003
4878,0.15547455634223625,0.934888807506098,0.1453514225763329,-0.1914567911999993,0.12052095502514379,0.7013715983117651,0.8634641044939069,0.874325686285875
4879,0.1460450055133842,0.9399853140855411,0.13728016037812305,-0.18854513902536318,0.11898778165442209,0.7858041506557353,0.8763251869097654,0.8858145148418882
4880,0.1320260323699247,0.9478727571819809,0.12514387932227797,-0.1828198361324707,0.1090763556029417,0.8945246508268818,0.8978059721803862,0.9126924731475599
4881,0.47321243395730245,0.8966667044621548,0.4243138336670094,-0.3790594761505223,0.33674390368548485,0.2332233415202445,0.7225444566757202,0.649276048501139
4882,0.21756822860805125,0.9383814266053654,0.2041619847452254,-0.29067852762413204,0.18826019641722047,0.8017775316183272,0.9069655168145921,0.907070509318023
4883,0.23612323144805844,0.9319838212874092,0.22006303153969287,-0.2963826262043188,0.20585557203435598,0.7198710583710126,0.8810331315443778,0.8728156257976777
4884,0.06589283392968011,0.9058238891948992,0.05968730310025645,-0.042355876562899034,0.01821127657671554,0.284401432998733,0.5991080186774816,0.6682089419748856
4885,0.14398840493651546,0.9407790614301319,0.1354612764529968,-0.18664443057129973,0.11368660745176774,0.7761749846549253,0.8779597249101837,0.8905282731579337
4886,0.0782635902601256,0.9450231521898095,0.07396090476931556,-0.09430742405582418,0.04748917041466402,0.7434608046428612,0.807131921362814,0.8591312649976993
4887,0.06394006154815071,0.9072535764474929,0.05800984951783256,-0.040572580610011094,0.01826412490529089,0.27221854364688536,0.61524123784102,0.7018308080345386
4888,0.018529707998445815,0.9792584089224442,0.01814537237235554,-0.011055633786535703,-0.020918218471374116,0.4510262760575501,0.2921923456520015,0.6209394712845316
4889,0.13086610009935407,0.948758391905391,0.12416031068519309,-0.18131601493454838,0.10720545327468906,0.87878750710738,0.8998893626279916,0.914580283802269
4890,0.21824400166201335,0.9384654783629697,0.20481446141959012,-0.29088025803117695,0.19434489370307448,0.7988670026898128,0.9065193368721101,0.9033984646715448
4891,0.121333657821626,0.9343210150986081,0.11336458634152878,-0.14547192262004832,0.08955734711745454,0.7166748208172313,0.836305008081853,0.8632675246034035
4892,0.21108258829712553,0.9420523613772704,0.1988508507509333,-0.29052205763980676,0.1948234905074011,0.8540006418112405,0.9195464257376318,0.9197331730366312
4893,0.17479384244324034,0.9386279217835057,0.16406638107305221,-0.2291769798392136,0.1496981607448119,0.8014288979928489,0.8905950636680627,0.8972114741860631
4894,0.14681803392385634,0.9389373594910272,0.13785293709812974,-0.1895995467971073,0.12299371185308997,0.8008528673173061,0.8745450577775092,0.8874012532004983
4895,0.5050168976213866,0.8823200611308349,0.44558653998140635,-0.3904505974121238,0.3358956970578984,0.20732225193572995,0.7271353195607513,0.7271360428768224
4896,0.20853671648982378,0.9425932079072784,0.1965652925625936,-0.28804535495020245,0.1885940822270822,0.8472354298595133,0.9210923454494592,0.921207441377772
4897,0.06589542604733925,0.9058198692554891,0.05968938620673559,-0.04235902754368089,0.008308612774491618,0.28438654645178774,0.59910759416375,0.6682061659987703
4898,0.21197070306512233,0.9421844611698331,0.19971550265120297,-0.2909305143115164,0.19497127645846762,0.8498201895883182,0.9183407188807103,0.914992161694074
4899,0.4907742691015585,0.8894435640763525,0.43651601506665716,-0.3848078821543774,0.2604725304601377,0.20939818320563364,0.7079239380204219,0.6865968469646478
4900,0.21850097090019333,0.9385860721294578,0.2050819680336854,-0.2911401776179505,0.1939021878708078,0.7972065390128673,0.9046389574223205,0.9015178143917727
4901,0.08371492035244509,0.9005161780258069,0.07538664011951868,-0.05391187069929967,0.031971132511371306,0.25468060573590817,0.6454812431167942,0.7086725275912337
4902,0.20417468662198157,0.9466979068156948,0.1932917484497804,-0.29079399124970723,0.1903037097280612,0.9130290140554572,0.9316783091864465,0.9317874459021209
4903,0.14470892628481186,0.9397600873043925,0.1359916731991397,-0.18768417140521684,0.11912125887050658,0.7908573459692088,0.8762332953107527,0.892210217286927
4904,0.13080690029096959,0.9487823920044823,0.12410728374875794,-0.18127965270272067,0.10885550494871088,0.8795243176833992,0.9007189607460545,0.9153514700514945
4905,0.3976668015080478,0.8896022542271033,0.35376528305284133,-0.3271111276489025,0.26395498365261505,0.19558857488254508,0.7337284862127003,0.7343543203587253
4906,0.2989161951584681,0.9020011689243146,0.2696227574433468,-0.26616024558377727,0.17095856720553335,0.18298917224273725,0.759806622007099,0.7508938339219187
4907,0.01726123099258727,0.9723028883790684,0.0167831447510709,-0.009708091804440475,-0.019054717341188215,0.5274649994111752,0.20590589062298092,0.5348122954147578
4908,0.17618024805108806,0.9380603873021629,0.1652677117217948,-0.2304058273672079,0.15222454295025759,0.8070851020050833,0.8886792743972723,0.8954738201134429
4909,0.09941888483255822,0.9961477745519528,0.09903590087438977,-0.12705695991193885,-0.20698643239680295,0.028015515640694814,0.8505016555916275,0.8532997692406883
4910,0.2403253245107439,0.9305637198544285,0.22363802795194052,-0.3006025790112044,0.20785470063652334,0.7362583786523549,0.8821867961069892,0.8794677159591391
4911,0.0677942687944281,0.9073831872756313,0.06151537969770904,-0.04359442049778376,0.021251442458623246,0.2895564563334966,0.6107224295521552,0.6608246278405101
4912,0.4808633895695162,0.8911504286992475,0.4285216157606476,-0.3786127579086672,0.2850779377644723,0.219512995240129,0.716070240282683,0.6762316819643932
4913,0.09877357328963317,0.9507117698903682,0.09390519868058315,-0.1333414273279503,0.06911457403355817,0.8529815385973156,0.8697357030652676,0.9042256924088559
4914,0.1575535351081962,0.895416178550822,0.14107598432375382,-0.10956394796869175,0.08812595353777589,0.22064441988569894,0.7024892573416194,0.7230021092431461
4915,0.26718907826897204,0.905545938869375,0.2419519847367192,-0.24355556241905987,0.09859917476668517,0.171848285727302,0.7749085092947409,0.7748771320510067
4916,0.23610560526344535,0.931990273078348,0.22004812752480704,-0.29646192682621647,0.20582174188126853,0.7203316490420598,0.8816649303580996,0.8733856763394591
4917,0.2353336438532458,0.9317602977846053,0.21927454607543653,-0.2960566263322151,0.2036193947042517,0.7236615125124006,0.8834908655264,0.8779602199842744
4918,0.15663710813515574,0.9339844455676339,0.14629662259693096,-0.19280482735077997,0.12275870332494691,0.7109501702293478,0.8595708895302059,0.8733748213642785
4919,0.158127975977865,0.9476905168791269,0.14985638328751302,-0.22249770898246124,0.14042807624775502,0.897311651768002,0.9173042156149926,0.9249507138087806
4920,0.044317073484325356,0.9275673843243837,0.041107071932767164,-0.028822288609301416,0.0014942677336401398,0.28815147088745896,0.5705705052273444,0.6976511367356224
4921,0.3833246674460831,0.9549515436762777,0.3660564829068329,-0.35735420424889025,0.24667855879517622,0.34338776194448234,0.7212845416617372,0.3434903338736529
4922,0.5019670684542329,0.8824390091427082,0.4429553225090233,-0.3873345004118718,0.31896963699954606,0.2069588420226586,0.7249922412663252,0.7252185237297331
4923,0.15923905692062507,0.947141686861369,0.15082194898601436,-0.22371552835225764,0.14174745120300988,0.9058818357046916,0.9166221534528037,0.9243833218888112
4924,0.1299504756078297,0.9498179695977256,0.12342929689008757,-0.18025252677050227,0.10102984087676849,0.8620907928185495,0.9004674524362483,0.914792009443626
4925,0.341986572605924,0.9013872286794863,0.3082623289268498,-0.2983495725102542,0.15955016224150959,0.2019841382251541,0.7464789398312149,0.7098805080812833
4926,0.23967651262924133,0.9304434995487043,0.22300545317038054,-0.3004561518229783,0.21142173550632684,0.7389256230212545,0.8830791102428002,0.883172589850695
4927,0.08094626402013871,0.9500691691023853,0.07690454979955548,-0.10688722847919296,0.05578695142247878,0.8687248629646768,0.8350104265126763,0.8861731051085464
4928,0.23395004104782072,0.9314020533552905,0.2179015486144947,-0.2953428391263756,0.20445230545750487,0.7286621016884123,0.884953691477957,0.8851070377250411
4929,0.17341450178620257,0.9391018181948716,0.16285387392878065,-0.22781016793342398,0.14852172032924296,0.7954992995683917,0.8919406786763998,0.8985081401741694
4930,0.018785236818196542,0.9709030867970786,0.018238644413001156,-0.011048729639335347,-0.013787423072424863,0.5124195547705714,0.2511486210308984,0.5191418433133355
4931,0.18553700658917605,0.922694201068288,0.17119392006340148,-0.20798255842923524,0.14814911656456148,0.6266817038772289,0.8307618773407326,0.8376520682230206
4932,0.017443814379035534,0.9777603294946671,0.017055869694889595,-0.009832824166691984,-0.016802982935019927,0.4833158427561853,0.2538791577424517,0.6075128310764245
4933,0.06687911202918388,0.9129628332724737,0.061058143604910894,-0.043811712954865425,0.017409501101191303,0.26585952020834364,0.637152262026484,0.7009544199027359
4934,0.10038150182261282,0.9490662335518989,0.09526869385307023,-0.13504530158479808,0.07496720564262312,0.8741681668590893,0.8635718023941356,0.8917298727880348
4935,0.14614297740933843,0.9388295531828199,0.13720334618201613,-0.18920351173142752,0.12086192264203502,0.804123323969055,0.8752022706634551,0.8913311925449213
4936,0.2397379205863117,0.930504721415013,0.22307726700778047,-0.30050650678468654,0.20838409223718724,0.7382359626629763,0.8822581963231737,0.8823475054321713
4937,0.1311906092898842,0.9477793561751897,0.12433975120899735,-0.18225977440650815,0.11077313294316715,0.900039431705828,0.8996644361388562,0.9183840958058758
4938,0.15872238602830296,0.9330407043348838,0.14809444685356113,-0.19434833880105373,0.12654715784994766,0.7199392291243585,0.8590249645457808,0.8702404305030875
4939,0.1312211097826022,0.9477735994230353,0.12436790353894216,-0.1822694748298964,0.11207504254939439,0.8988941877400211,0.8984558292804367,0.9172188652790007
4940,0.08486764747447863,0.8985545690601718,0.07625821240358073,-0.05459607470145859,0.03316877995567715,0.26257393844895943,0.6328311087544072,0.6904624579049939
4941,0.1555979646746167,0.934923891098168,0.14547225458054794,-0.19160867377223145,0.11998612169625525,0.6999182652931812,0.8615495517300791,0.8724885408381626
4942,0.20090446359722736,0.9476915134242822,0.19039545516015,-0.28599677586965727,0.1772148307331424,0.8878466299383193,0.9317559445486314,0.9245326310504438
4943,0.22299614382502436,0.937378735029286,0.20903184321511006,-0.2957220298226246,0.19141172886780816,0.8134921986536922,0.9036597947549457,0.9038280602709762
4944,0.10434560730170611,0.8958664706079266,0.09347973093682015,-0.06817543077952416,0.05094219201851032,0.2517402202996854,0.6533515766971317,0.6931772562062691
4945,0.21267763717878535,0.9394441570538181,0.19979876358362178,-0.2857835613948511,0.1810614322955941,0.7876071161212584,0.9068110228959848,0.9069730587651439
4946,0.13095958584280168,0.9488124413143786,0.12425608435702858,-0.18146490897612075,0.10650900367328144,0.8777699075327662,0.8988539277110997,0.9135224041595168
4947,0.20187124463808476,0.9470308917735837,0.19117830483304868,-0.28800000443572193,0.1865901136408989,0.904713576601924,0.9344861894699971,0.9327869442599286
4948,0.03399808158923938,0.9300445226273597,0.03161972956191016,-0.020771282716080617,-0.003810488905131815,0.34332651118292856,0.48989918734902926,0.6651322536045942
4949,0.143443589605481,0.9240895215432636,0.13255471808697722,-0.15774180865640572,0.10764799774215764,0.6246309394059979,0.8125202114660895,0.8301431184180165
4950,0.0686773542350053,0.9087740379990908,0.062412196527239734,-0.045584401179363666,0.025696303763220605,0.28499262462111696,0.6011911104796972,0.6504436635740319
4951,0.17659297211803296,0.9381829435583514,0.16567651439341405,-0.230742485081263,0.1532168740999026,0.8056824222562099,0.8887037847147374,0.8937703350280022
4952,0.15777050484095526,0.9341155228076763,0.14737587761313994,-0.19337616036970412,0.12582417865721335,0.7073995699645212,0.8595502868909408,0.867902965730435
4953,0.22013693828834321,0.9377856569778027,0.20644126329781595,-0.2930507700567058,0.19861929398563305,0.808573531257074,0.9063824093069953,0.9065580777488107
4954,0.08087655788116756,0.9500193332028446,0.07683429359000808,-0.10675990512080738,0.054590562333938296,0.8696726668011601,0.8359173006300171,0.8871398796491332
4955,0.20180698518778542,0.9470125297825395,0.19111374357047212,-0.2879985095100158,0.18600971079106265,0.9056752948685651,0.9355167051048784,0.9337796315149856
4956,0.19550216221487615,0.9188207348978774,0.17963144036039655,-0.21258647171917386,0.15503723357378468,0.5917635078436819,0.8215666382009399,0.832042454893521
4957,0.020832250251432073,0.9811175722455882,0.02043888679109758,-0.01270017590857093,-0.01829857798095116,0.3927990244412186,0.3954917416863993,0.6790415070669172
4958,0.2141963248324683,0.9416239582024778,0.2016923912211725,-0.2934020181207571,0.19345590969144905,0.8591264932783466,0.9178905965629773,0.9162688113794228
4959,0.09913799905836544,0.9489989483888709,0.09408185685176568,-0.13422133173830195,0.07356150254086234,0.882642458069866,0.8648376971649803,0.9004974755969802
4960,0.20256686034486393,0.9467126596655523,0.19177261111718663,-0.2891700968120409,0.19042133841711567,0.9129798996386405,0.9364018713983384,0.9365505337218712
4961,0.2227431258382323,0.9372656039491628,0.20876947036429516,-0.29560991904566625,0.2015575955673246,0.8158565095421004,0.9063540656991483,0.9064654096955758
4962,0.15974883044059796,0.9319113685004202,0.14887175119223922,-0.19535084482245502,0.13062251808698058,0.732571408842673,0.8578635298064737,0.872113327765256
4963,0.340432324526254,0.8987367509771524,0.3059590412723251,-0.2951700443918148,0.2270092570086539,0.1942871163801948,0.7449831734928911,0.7261901485763992
4964,0.0184054572114655,0.9775568935773722,0.01799238157651146,-0.010695368220338997,-0.01711926018691569,0.46776984946976247,0.2868827805875175,0.606811462248689
4965,0.2128182051395479,0.9395029051150542,0.19994332198997683,-0.28593329624609676,0.18400603077147337,0.7867970974813476,0.9058802633772413,0.9060386652188782
4966,0.02737605345358027,0.9754584368542639,0.026704202309068184,-0.01962316273833943,-0.0157544820313192,0.3695329255761428,0.45446097974576616,0.5834965817757682
4967,0.06857064697319111,0.9083737997295372,0.0622877791409503,-0.04524457611622946,0.02103760824686814,0.28562866951965266,0.601822662027397,0.6514721687214042
4968,0.17735217706374443,0.9435786492143129,0.16734572766902564,-0.24429003375555042,0.16025431338483706,0.8744986938775884,0.9130216430853805,0.9192023591847895
4969,0.17631060917486663,0.9439265149891864,0.16642425887405232,-0.24319975401851354,0.15878166533712124,0.8692830373109123,0.9135522947325836,0.9196950424434425
4970,0.20615919425441626,0.9468506318273142,0.19520196333680404,-0.2914857571533554,0.18503682375445712,0.9013244535324061,0.9270538624882628,0.9197019312135476
4971,0.026174081091791816,0.9760789000424968,0.025547968281699265,-0.0173551969055014,-0.01671183399372822,0.38663566939477606,0.4775187105805992,0.6115138134090755
4972,0.1601824386421246,0.9334720404542074,0.14952582784419494,-0.19553385111006458,0.125778885337896,0.7140102599401335,0.8564742454961569,0.8620737650832018
4973,0.13378755855038607,0.9480735061762223,0.12684043971762116,-0.18408255675243146,0.10767258929705796,0.88348804274267,0.8938621319185373,0.9012994491551335
4974,0.17659808594279114,0.9439296972290374,0.16669617779520637,-0.2432996578263122,0.15913252850119544,0.8675466511850922,0.9128116710724824,0.9177935181106474
4975,0.022955404884074448,0.9839037759987664,0.022585909545021373,-0.014436742944185064,-0.019593949105195723,0.3484525020262289,0.47462890887851106,0.7235207524943559
4976,0.1328528544799252,0.9479464226095133,0.12593738813770736,-0.18337407489626,0.11275826428460754,0.8894702619126156,0.8963354438670371,0.9074699406489342
4977,0.21147099103673048,0.9420924489541818,0.19922522382856123,-0.29070308693230057,0.1937034484633815,0.8525606933589959,0.9196684813470513,0.9180637350096167
4978,0.22370669504927912,0.9374592348798416,0.20971590717839525,-0.2958682608825124,0.2036148138623421,0.8098379328619162,0.9024727612081852,0.8994347427466653
4979,0.08207209985146291,0.9509802216711946,0.0780489437097646,-0.10751803178765804,0.054875911435958276,0.8474651054153615,0.8377490702448848,0.8807078037682448
4980,0.11079353309669417,0.9401589511947851,0.1041635318753527,-0.14015599552386765,0.08251243784572171,0.7948721945850769,0.8481644623481239,0.879117411927668
4981,0.20584714921883152,0.9466475168700653,0.19486469266278866,-0.2911154299474281,0.19537353267676755,0.9038310089170664,0.9295392122354902,0.9222574752080034
4982,0.3993661213768156,0.8894178110446372,0.3552033414803542,-0.3292531682198115,0.25505113658498624,0.19623827454829892,0.7378108984775431,0.7380103816372116
4983,0.11953062237853364,0.9436469737849034,0.11279471008212931,-0.1577845048814736,0.09403739295219517,0.840752207965415,0.8712617760488277,0.8949058122600736
4984,0.11010983517014138,0.9420419151896944,0.10372808000490157,-0.13937930500547058,0.07875059540202224,0.7706808503916956,0.8519728554589997,0.8819454123642463
4985,0.13128737786123507,0.9478547482833602,0.12444136449544335,-0.182425375650129,0.10569304007135633,0.8986030356101454,0.8982387874775396,0.9169213905566714
4986,0.019103394742660644,0.980154332398868,0.01872427512054459,-0.01121253583029337,-0.016424742915589673,0.4343602036415863,0.3341099934100196,0.6496687995058247
4987,0.199089232118059,0.947593592514002,0.18865568069360555,-0.28528705044111347,0.17669112960593086,0.8971941469558568,0.9343539724632609,0.9345458139203331
4988,0.15147470777998823,0.9361207953953988,0.1417986239292882,-0.19082915538698406,0.12294591739230681,0.7553420131798315,0.8685232799903838,0.8834051570571103
4989,0.13238911094806874,0.9478417479089383,0.12548392632512784,-0.1829844375301717,0.11162789896805927,0.8926581370354543,0.8977014698658702,0.9107531947357935
4990,0.17061987780476182,0.9275490893719335,0.15825831228655737,-0.19995253380144332,0.1369477014207325,0.6668099184701118,0.844541342515148,0.8571218527602781
4991,0.2135282194042647,0.9395904604501277,0.20062907798914895,-0.2862805597036129,0.1793709023828673,0.7846213773901305,0.9061854462907988,0.9031136401927721
4992,0.06326148906884696,0.9034532338781166,0.05715379687919491,-0.03975968033465917,0.0010786529578114307,0.2823399157524226,0.5954280093143574,0.6854995345920948
4993,0.20447343798279943,0.9464980298411237,0.19353370620556087,-0.2906977599734707,0.19312724932771425,0.9133183112209569,0.9344116813851829,0.9320335338479374
4994,0.16744046997454218,0.9294618644852471,0.155629531412824,-0.19728032492707087,0.13128201573324358,0.6503681958444898,0.849391210657684,0.8591312920316195
4995,0.18249359502518744,0.9349570703355323,0.17062367695974834,-0.23228774922105755,0.155966074278983,0.7635926917964465,0.8807743964077983,0.8869402500503261
4996,0.1989695873559547,0.9475179534362984,0.188527256207579,-0.28524852789022453,0.18341490285678397,0.8992452835611369,0.9365207606143127,0.9366829935530734
4997,0.023050902580122327,0.969789216529375,0.02235451675347178,-0.01626233105270605,-0.021486225730585562,0.4608227126642495,0.3033579539229588,0.46624601694588513
4998,0.07166489904988027,0.9264778469977847,0.06639594137704666,-0.05074107673578972,0.017917077579470874,0.2355566713736402,0.6866759061195563,0.7264162317927321
4999,0.13253345278772521,0.9489624649098991,0.12576927204045946,-0.1825248529080743,0.10719413947474857,0.8689630373255779,0.8967853644658821,0.9041006518367226
