sample_index,domain,scene_id,scan_id,image_relpath,region_id,row,column,x0,y0,x1,y1,valid_pixel_count,boundary_pixel_count,weight_sum,base_primary_error_sum,refined_primary_error_sum,primary_utility_sum,base_absrel_error_sum,refined_absrel_error_sum,absrel_utility_sum,rgb_gradient_score,base_gradient_score,patch_affine_scale,patch_affine_shift
0,indoors,scene_00019,indoors/scene_00019/scan_00183,val/indoors/scene_00019/scan_00183/00019_00183_indoors_000_040.png,0,0,0,0,0,256,256,65501,11870,112981.0,20732.629264704912,20972.278828811704,-239.64956410679343,12588.462237983886,12698.542562370789,-110.08032438690363,0.007223521767845352,0.010753160804388272,0.05424246458542864,2.6414011642123794
0,indoors,scene_00019,indoors/scene_00019/scan_00183,val/indoors/scene_00019/scan_00183/00019_00183_indoors_000_040.png,1,0,1,256,0,512,256,65530,7606,95954.0,10801.345541822217,10551.792330301207,249.5532115210085,5706.039718989604,5769.605349294761,-63.56563030515767,0.008813551448432034,0.005447431472607767,0.48871614147260295,0.8879864280650395
0,indoors,scene_00019,indoors/scene_00019/scan_00183,val/indoors/scene_00019/scan_00183/00019_00183_indoors_000_040.png,2,0,2,512,0,768,256,65534,8631,100058.0,14650.271127892702,14679.241058234642,-28.969930341942728,7651.236808749676,7577.316452252651,73.92035649702532,0.011273577415551746,0.004184813348552407,0.10347371642341709,1.4533753419293742
0,indoors,scene_00019,indoors/scene_00019/scan_00183,val/indoors/scene_00019/scan_00183/00019_00183_indoors_000_040.png,3,0,3,768,0,1024,256,65530,10881,109054.0,22805.340183028333,22230.758402662694,574.5817803656421,12223.22162224966,11968.518966809848,254.70265543981446,0.012605063509686416,0.009486787211144519,0.3084452911897827,1.0981630454360898
0,indoors,scene_00019,indoors/scene_00019/scan_00183,val/indoors/scene_00019/scan_00183/00019_00183_indoors_000_040.png,4,1,0,0,256,256,512,65536,4576,83840.0,15258.80741464026,15321.395034103261,-62.58761946300224,11940.963878161343,11918.95956620948,22.004311951863095,0.009565170190596297,0.009988338955417534,0.45579119949639507,1.7050481343746307
0,indoors,scene_00019,indoors/scene_00019/scan_00183,val/indoors/scene_00019/scan_00183/00019_00183_indoors_000_040.png,5,1,1,256,256,512,512,65513,3418,79185.0,12932.763435130102,12870.430278777863,62.33315635223864,8679.344235243807,8674.866531035892,4.47770420791534,0.00797537266225122,0.00428473754504283,0.3905840704582708,0.7477559116604006
0,indoors,scene_00019,indoors/scene_00019/scan_00183,val/indoors/scene_00019/scan_00183/00019_00183_indoors_000_040.png,6,1,2,512,256,768,512,65536,9242,102504.0,31504.764606275512,31446.149394273707,58.615212001804814,17910.050828290805,17871.926575236983,38.12425305381996,0.011149062877314516,0.007004176500617485,0.28459307356914504,0.8844529745258505
0,indoors,scene_00019,indoors/scene_00019/scan_00183,val/indoors/scene_00019/scan_00183/00019_00183_indoors_000_040.png,7,1,3,768,256,1024,512,65508,10531,107632.0,70285.09770336087,65924.59107602268,4360.50662733818,41638.89831082765,39679.55261687516,1959.345693952491,0.013144029031475967,0.014046522095038937,0.2299566981874977,0.8677701802674198
0,indoors,scene_00019,indoors/scene_00019/scan_00183,val/indoors/scene_00019/scan_00183/00019_00183_indoors_000_040.png,8,2,0,0,512,256,768,65535,3907,81163.0,23925.888491755795,23983.31169184568,-57.42320008988597,19283.884051960624,19309.7061442258,-25.82209226517618,0.017049323452122216,0.008935675515251344,0.4344825361292604,2.246223614819513
0,indoors,scene_00019,indoors/scene_00019/scan_00183,val/indoors/scene_00019/scan_00183/00019_00183_indoors_000_040.png,9,2,1,256,512,512,768,65535,888,69087.0,13113.720009822213,13107.153294860982,6.566714961231638,12326.613184301554,12318.167405498822,8.445778802732683,0.00948214468960067,0.004419346318751709,0.3013390258891687,1.70911121561327
0,indoors,scene_00019,indoors/scene_00019/scan_00183,val/indoors/scene_00019/scan_00183/00019_00183_indoors_000_040.png,10,2,2,512,512,768,768,65536,3426,79240.0,9987.994329336412,10294.733947980558,-306.73961864414633,8057.517705487427,8133.3575451537645,-75.83983966633872,0.00942233613285429,0.008788270412703586,0.3608526420654939,0.9654505131453988
0,indoors,scene_00019,indoors/scene_00019/scan_00183,val/indoors/scene_00019/scan_00183/00019_00183_indoors_000_040.png,11,2,3,768,512,1024,768,65536,3657,80164.0,17487.520179553005,17512.762013027885,-25.24183347488161,13947.11220653218,13940.363602327976,6.7486042042015315,0.013051226036984501,0.0031815623913424955,0.2669437191570022,1.026883001780688
1,indoors,scene_00019,indoors/scene_00019/scan_00183,val/indoors/scene_00019/scan_00183/00019_00183_indoors_030_040.png,0,0,0,0,0,256,256,65536,3848,80928.0,7737.844847133209,7737.9883124380285,-0.1434653048187755,6485.3531393681615,6489.354981491556,-4.001842123394113,0.00911156512000569,0.007606234046943563,0.47595523862803835,2.6107541454939285
1,indoors,scene_00019,indoors/scene_00019/scan_00183,val/indoors/scene_00019/scan_00183/00019_00183_indoors_030_040.png,1,0,1,256,0,512,256,65468,10507,107496.0,21595.066756983375,21912.3165075403,-317.24975055692846,10847.7206544833,10980.82314567417,-133.10249119087,0.010384250975668825,0.008688496743096179,0.6556584551455815,0.8064672524794303
1,indoors,scene_00019,indoors/scene_00019/scan_00183,val/indoors/scene_00019/scan_00183/00019_00183_indoors_030_040.png,2,0,2,512,0,768,256,65516,19316,142780.0,76032.10991548578,74796.68000079837,1235.429914687396,31374.491263946795,30912.859839520104,461.63142442668686,0.006646551260623729,0.0076892217712302684,0.2775943682820639,1.1138868911874094
1,indoors,scene_00019,indoors/scene_00019/scan_00183,val/indoors/scene_00019/scan_00183/00019_00183_indoors_030_040.png,3,0,3,768,0,1024,256,65509,10469,107385.0,102631.14017579862,102309.98041776921,321.15975802940693,61160.68141926479,60933.98837471883,226.69304454596107,0.008508517172452516,0.0073633190836476705,0.18544027060903956,0.8249820510880062
1,indoors,scene_00019,indoors/scene_00019/scan_00183,val/indoors/scene_00019/scan_00183/00019_00183_indoors_030_040.png,4,1,0,0,256,256,512,65536,0,65536.0,14956.142709264379,14957.133522473623,-0.9908132092439921,14956.142709264379,14957.133522473623,-0.9908132092439921,0.00030239138371819296,0.007733390657968924,0.6067296876653899,2.965906399025606
1,indoors,scene_00019,indoors/scene_00019/scan_00183,val/indoors/scene_00019/scan_00183/00019_00183_indoors_030_040.png,5,1,1,256,256,512,512,65521,793,68693.0,7986.524878071588,7983.961705406342,2.5631726652453373,7519.846055220577,7519.810807847932,0.035247372645700104,0.00551773288162325,0.008269878446648608,0.5242508728973525,1.9004769723116592
1,indoors,scene_00019,indoors/scene_00019/scan_00183,val/indoors/scene_00019/scan_00183/00019_00183_indoors_030_040.png,6,1,2,512,256,768,512,65496,14399,123092.0,41874.01484450596,41556.01395968195,318.0008848240159,19450.91908501726,19459.831949628006,-8.912864610747661,0.012029061508883453,0.017311839541558995,0.41872464158729134,1.0583027952673125
1,indoors,scene_00019,indoors/scene_00019/scan_00183,val/indoors/scene_00019/scan_00183/00019_00183_indoors_030_040.png,7,1,3,768,256,1024,512,65536,278,66648.0,80103.69266235332,80001.64987813482,102.04278421849492,78262.74900042167,78169.44191760547,93.30708281620275,0.006824279739594137,0.0031302254726699006,0.3241267698091109,0.5738342095030137
1,indoors,scene_00019,indoors/scene_00019/scan_00183,val/indoors/scene_00019/scan_00183/00019_00183_indoors_030_040.png,8,2,0,0,512,256,768,65536,4876,85040.0,27860.52295893362,28182.062591385366,-321.53963245174725,21662.952160591773,21660.381006553034,2.5711540387356457,0.011156618884891088,0.00822169419709628,0.36885492423654687,4.922473479011687
1,indoors,scene_00019,indoors/scene_00019/scan_00183,val/indoors/scene_00019/scan_00183/00019_00183_indoors_030_040.png,9,2,1,256,512,512,768,65536,4872,85024.0,23163.953446851752,23148.647933541426,15.305513310326354,17436.249562373232,17432.047045543615,4.2025168296194515,0.008720588101663429,0.008774788245318086,0.6338573055456526,2.6046394412994274
1,indoors,scene_00019,indoors/scene_00019/scan_00183,val/indoors/scene_00019/scan_00183/00019_00183_indoors_030_040.png,10,2,2,512,512,768,768,65536,7248,94528.0,12376.00154735411,12374.291551394012,1.709995960098027,8276.684293994556,8298.704420746528,-22.02012675197208,0.012959434245391005,0.012491631816217569,0.442867819959044,1.7430195092073055
1,indoors,scene_00019,indoors/scene_00019/scan_00183,val/indoors/scene_00019/scan_00183/00019_00183_indoors_030_040.png,11,2,3,768,512,1024,768,65534,2020,73614.0,15809.626183364731,15822.726635644725,-13.100452279992307,14220.64208934189,14234.912558767135,-14.270469425243824,0.014929741892947835,0.004456500370384052,0.5627584221628825,0.9886883588120465
2,indoors,scene_00019,indoors/scene_00019/scan_00183,val/indoors/scene_00019/scan_00183/00019_00183_indoors_060_000.png,0,0,0,0,0,256,256,65536,0,65536.0,10288.284619215541,10279.367359515505,8.917259700036068,10288.284619215541,10279.367359515505,8.917259700036068,0.007614974240022061,0.001535993402860296,0.4877203698616629,0.07126722335024926
2,indoors,scene_00019,indoors/scene_00019/scan_00183,val/indoors/scene_00019/scan_00183/00019_00183_indoors_060_000.png,1,0,1,256,0,512,256,65536,71,65820.0,4357.5850037851305,4388.092329622396,-30.507325837265746,4306.668310786046,4337.302233092183,-30.63392230613716,0.010672387012527054,0.0020562300974194575,0.1780385456978283,0.9118216688975316
2,indoors,scene_00019,indoors/scene_00019/scan_00183,val/indoors/scene_00019/scan_00183/00019_00183_indoors_060_000.png,2,0,2,512,0,768,256,65536,61,65780.0,5328.599823683486,5229.333171974574,99.2666517089124,5283.918176330812,5189.646859796,94.27131653481186,0.00997910175481817,0.0018444762966560288,0.15893465313909277,0.7779816002031665
2,indoors,scene_00019,indoors/scene_00019/scan_00183,val/indoors/scene_00019/scan_00183/00019_00183_indoors_060_000.png,3,0,3,768,0,1024,256,65536,16,65600.0,17673.547729393573,17550.544740968613,123.00298842495984,17650.0514859771,17525.471120784925,124.5803651921744,0.009193610168285888,0.0021553378110783237,0.1749711833330538,0.5444966869111172
2,indoors,scene_00019,indoors/scene_00019/scan_00183,val/indoors/scene_00019/scan_00183/00019_00183_indoors_060_000.png,4,1,0,0,256,256,512,65507,635,68047.0,4825.818790497711,4799.41049370816,26.408296789551954,4513.8452156252215,4490.877060396131,22.96815522908974,0.0355071348610127,0.003872135966934022,0.17949604503449557,1.121467592984028
2,indoors,scene_00019,indoors/scene_00019/scan_00183,val/indoors/scene_00019/scan_00183/00019_00183_indoors_060_000.png,5,1,1,256,256,512,512,65536,1326,70840.0,5010.921869842965,5065.23966599735,-54.317796154386336,4060.480824304597,4136.062027043836,-75.5812027392391,0.03327899759116061,0.0031940267553966424,0.18393914969617917,0.7882119870339727
2,indoors,scene_00019,indoors/scene_00019/scan_00183,val/indoors/scene_00019/scan_00183/00019_00183_indoors_060_000.png,6,1,2,512,256,768,512,65536,759,68572.0,15061.81509194098,15077.85787125479,-16.042779313809696,14301.853188895282,14305.48001164131,-3.6268227460286404,0.03301448309550189,0.0023401367903339507,0.21579817524876746,0.5355984049987063
2,indoors,scene_00019,indoors/scene_00019/scan_00183,val/indoors/scene_00019/scan_00183/00019_00183_indoors_060_000.png,7,1,3,768,256,1024,512,65526,1613,71978.0,36388.02236297269,36466.42107388675,-78.3987109140549,32771.6966526848,32679.64887346292,92.0477792218746,0.028892467567756354,0.0037076069829950903,0.4787262304503334,0.2604665273381754
2,indoors,scene_00019,indoors/scene_00019/scan_00183,val/indoors/scene_00019/scan_00183/00019_00183_indoors_060_000.png,8,2,0,0,512,256,768,65317,8062,97565.0,27088.580875070187,27152.67022242292,-64.08934735273536,15313.553059497055,16518.154302955358,-1204.6012434583045,0.02222438436395021,0.03035284577221834,1.7935833624937725,-1.4595294379677886
2,indoors,scene_00019,indoors/scene_00019/scan_00183,val/indoors/scene_00019/scan_00183/00019_00183_indoors_060_000.png,9,2,1,256,512,512,768,65527,18939,141283.0,46382.042671627685,45245.45061433335,1136.5920572943417,19375.17695017394,19306.358044595516,68.81890557842335,0.02110563740805754,0.03091282784671698,1.4269093296195894,0.19442280142318646
2,indoors,scene_00019,indoors/scene_00019/scan_00183,val/indoors/scene_00019/scan_00183/00019_00183_indoors_060_000.png,10,2,2,512,512,768,768,65482,19714,144338.0,60000.09328433698,58081.54863479831,1918.544649538666,27507.05857549516,26515.791214896468,991.2673605986963,0.022368034842430357,0.03261720843516393,1.2752694705731031,0.7581542455617029
2,indoors,scene_00019,indoors/scene_00019/scan_00183,val/indoors/scene_00019/scan_00183/00019_00183_indoors_060_000.png,11,2,3,768,512,1024,768,65508,27413,175160.0,74973.51475288998,73302.07554592879,1671.4392069611708,29743.72656268548,28674.550141344047,1069.1764213414303,0.018483160745753825,0.034546037836409395,0.9961466875682092,1.111849647852359
3,indoors,scene_00019,indoors/scene_00019/scan_00183,val/indoors/scene_00019/scan_00183/00019_00183_indoors_140_050.png,0,0,0,0,0,256,256,65535,9347,102923.0,87620.76628470203,88425.87251337826,-805.1062286762369,56922.513919237346,56825.15324036652,97.36067887082899,0.013399945375275248,0.004308876805151468,0.08457531143719935,0.5899417989619374
3,indoors,scene_00019,indoors/scene_00019/scan_00183,val/indoors/scene_00019/scan_00183/00019_00183_indoors_140_050.png,1,0,1,256,0,512,256,65536,7184,94272.0,62601.464245090545,63108.03899929274,-506.5747542021948,42218.83071377007,42097.130905332466,121.699808437608,0.012553854941011435,0.003335695236954504,0.031195576372593892,0.8188115752561147
3,indoors,scene_00019,indoors/scene_00019/scan_00183,val/indoors/scene_00019/scan_00183/00019_00183_indoors_140_050.png,2,0,2,512,0,768,256,65536,18887,141084.0,54966.02256347603,53793.17086214834,1172.8517013276892,26113.680127729334,25063.305090092384,1050.3750376369505,0.01501392444612886,0.022796618840922822,0.5475883194051137,0.6432640661252063
3,indoors,scene_00019,indoors/scene_00019/scan_00183,val/indoors/scene_00019/scan_00183/00019_00183_indoors_140_050.png,3,0,3,768,0,1024,256,65499,8963,101351.0,38433.34562916527,38439.1915820244,-5.845952859136862,25776.626575407303,25774.49441904742,2.132156359882398,0.010723367078961979,0.015936923528602636,0.7272190562866704,1.4939461140175154
3,indoors,scene_00019,indoors/scene_00019/scan_00183,val/indoors/scene_00019/scan_00183/00019_00183_indoors_140_050.png,4,1,0,0,256,256,512,65429,4474,83325.0,67765.2560735394,67670.25831813368,94.99775540572242,50370.353799252625,50378.74026823946,-8.386468986830423,0.00980915863921604,0.0026674416828335926,0.34409651711235767,0.06435352811406223
3,indoors,scene_00019,indoors/scene_00019/scan_00183,val/indoors/scene_00019/scan_00183/00019_00183_indoors_140_050.png,5,1,1,256,256,512,512,65536,611,67980.0,26178.857094078965,26196.110936710054,-17.2538426310865,24745.115239681523,24768.540446414532,-23.425206733006508,0.008805519417889679,0.002647102512022757,0.38673016308105534,0.14348118347250144
3,indoors,scene_00019,indoors/scene_00019/scan_00183,val/indoors/scene_00019/scan_00183/00019_00183_indoors_140_050.png,6,1,2,512,256,768,512,65536,10797,108724.0,35114.55862550061,34553.02840345666,561.5302220439562,18647.717020095082,18453.661372550923,194.05564754415744,0.011916622230239527,0.01973438165248936,0.7081142362552157,0.26511176756159166
3,indoors,scene_00019,indoors/scene_00019/scan_00183,val/indoors/scene_00019/scan_00183/00019_00183_indoors_140_050.png,7,1,3,768,256,1024,512,65316,6202,90124.0,39256.48617479255,39214.77758721424,41.708587578320966,29413.156351010257,29439.12535294307,-25.969001932812716,0.007967342918634305,0.0173435708685099,0.8582288523501256,1.4951098048995108
3,indoors,scene_00019,indoors/scene_00019/scan_00183,val/indoors/scene_00019/scan_00183/00019_00183_indoors_140_050.png,8,2,0,0,512,256,768,65536,0,65536.0,12731.756487491331,12719.183700325097,12.572787166233729,12731.756487491331,12719.183700325097,12.572787166233729,0.006094606439262233,0.003073073767315959,0.3020922031344209,0.47864369528374695
3,indoors,scene_00019,indoors/scene_00019/scan_00183,val/indoors/scene_00019/scan_00183/00019_00183_indoors_140_050.png,9,2,1,256,512,512,768,65536,0,65536.0,4770.30600026637,4761.594600655337,8.71139961103315,4770.30600026637,4761.594600655337,8.71139961103315,0.006848989974950203,0.0030130432914167405,0.26835333775494424,0.9389733537144079
3,indoors,scene_00019,indoors/scene_00019/scan_00183,val/indoors/scene_00019/scan_00183/00019_00183_indoors_140_050.png,10,2,2,512,512,768,768,65536,5362,86984.0,24122.266689342567,24110.7508498444,11.515839498164967,14903.681846479976,15088.52628794629,-184.84444146631398,0.010051329323261873,0.013463067027164032,0.8493065233257467,0.9274932588132991
3,indoors,scene_00019,indoors/scene_00019/scan_00183,val/indoors/scene_00019/scan_00183/00019_00183_indoors_140_050.png,11,2,3,768,512,1024,768,65536,6780,92656.0,43717.47260183015,43855.9076472344,-138.43504540425192,32191.907504546136,32239.318707599563,-47.41120305343297,0.007316084899125511,0.013043439127196734,0.6686496059443747,2.930617842193195
4,indoors,scene_00019,indoors/scene_00019/scan_00183,val/indoors/scene_00019/scan_00183/00019_00183_indoors_150_020.png,0,0,0,0,0,256,256,65536,254,66552.0,59329.384461560556,59416.730525171006,-87.34606361045603,57900.687245376386,57974.550415883845,-73.86317050746298,0.006983546214951187,0.003006689362658667,0.3996359130965626,0.15187373123651235
4,indoors,scene_00019,indoors/scene_00019/scan_00183,val/indoors/scene_00019/scan_00183/00019_00183_indoors_150_020.png,1,0,1,256,0,512,256,65536,0,65536.0,17745.36259103362,17756.378474106197,-11.01588307258024,17745.36259103362,17756.378474106197,-11.01588307258024,0.006040988544086506,0.0027656669166062774,0.4064300293987474,0.6963835980783855
4,indoors,scene_00019,indoors/scene_00019/scan_00183,val/indoors/scene_00019/scan_00183/00019_00183_indoors_150_020.png,2,0,2,512,0,768,256,65536,30,65656.0,3878.8646950025495,3882.089514246056,-3.2248192435053777,3872.675084120352,3875.9334399137515,-3.25835579339937,0.0063841236480746385,0.0030021414941007606,0.8163719182256626,0.4576022164575457
4,indoors,scene_00019,indoors/scene_00019/scan_00183,val/indoors/scene_00019/scan_00183/00019_00183_indoors_150_020.png,3,0,3,768,0,1024,256,65512,5813,88764.0,22227.139417075687,22167.174741949442,59.96467512624494,14569.324509245747,14576.56414384488,-7.239634599131113,0.011017990149489116,0.017001749034152757,0.7002174455725569,1.8725600981549353
4,indoors,scene_00019,indoors/scene_00019/scan_00183,val/indoors/scene_00019/scan_00183/00019_00183_indoors_150_020.png,4,1,0,0,256,256,512,65535,10171,106219.0,59373.64941578449,59218.9252640427,154.72415174179184,31368.87344931854,31378.966861584417,-10.093412265875916,0.012946878876435279,0.004007662697688623,0.4324470161905755,0.40264530922515457
4,indoors,scene_00019,indoors/scene_00019/scan_00183,val/indoors/scene_00019/scan_00183/00019_00183_indoors_150_020.png,5,1,1,256,256,512,512,65536,13526,119640.0,37651.823304052254,37483.59840763257,168.22489641969165,11074.998782692986,11074.807518431542,0.19126426144659847,0.012637278196108177,0.004113294639792249,0.5115655474469412,0.6146366744754391
4,indoors,scene_00019,indoors/scene_00019/scan_00183,val/indoors/scene_00019/scan_00183/00019_00183_indoors_150_020.png,6,1,2,512,256,768,512,65521,5634,88057.0,11331.209215132109,11665.331530395852,-334.122315263741,7090.038862178864,7170.485703604617,-80.44684142575302,0.011769786449120028,0.005224361091559261,0.5597354371747414,1.2262283757788124
4,indoors,scene_00019,indoors/scene_00019/scan_00183,val/indoors/scene_00019/scan_00183/00019_00183_indoors_150_020.png,7,1,3,768,256,1024,512,65527,3413,79179.0,17804.478469764406,17788.904013752795,15.57445601160856,15156.617850959703,15154.066713851877,2.551137107826336,0.007395250652851777,0.005272813484800283,0.6394167422286859,2.3308103404782496
4,indoors,scene_00019,indoors/scene_00019/scan_00183,val/indoors/scene_00019/scan_00183/00019_00183_indoors_150_020.png,8,2,0,0,512,256,768,65523,10909,109159.0,31012.15848772192,31088.198518691934,-76.04003097000879,12028.2308182456,12055.508774703721,-27.27795645812038,0.01649476512839578,0.00420695036536572,0.1062643144387578,1.6607488885783834
4,indoors,scene_00019,indoors/scene_00019/scan_00183,val/indoors/scene_00019/scan_00183/00019_00183_indoors_150_020.png,9,2,1,256,512,512,768,65535,20551,147739.0,25948.69746206476,26125.135161936312,-176.43769987155235,8005.533935873924,8004.4477213285245,1.0862145453996632,0.016312034751621782,0.006203767881997579,0.22399275295125065,1.8590352843047884
4,indoors,scene_00019,indoors/scene_00019/scan_00183,val/indoors/scene_00019/scan_00183/00019_00183_indoors_150_020.png,10,2,2,512,512,768,768,65536,5764,88592.0,10688.954883947103,10774.71252376803,-85.75763982092778,8080.944709951673,8040.344677610679,40.60003234099571,0.013576188296503306,0.0064142056184327036,0.7126440172472753,1.397999005922232
4,indoors,scene_00019,indoors/scene_00019/scan_00183,val/indoors/scene_00019/scan_00183/00019_00183_indoors_150_020.png,11,2,3,768,512,1024,768,65536,2573,75828.0,22053.09846223722,22341.7352618703,-288.63679963308095,19467.692837856004,19436.7094931373,30.983344718706043,0.011934545350415774,0.0036263860123236097,2.2637240768957794,0.46995663637751695
5,indoors,scene_00019,indoors/scene_00019/scan_00183,val/indoors/scene_00019/scan_00183/00019_00183_indoors_200_020.png,0,0,0,0,0,256,256,63737,4881,83261.0,67713.55908316872,67801.85928404503,-88.30020087632393,46900.10775791135,46960.59671593283,-60.488958021478716,0.011987703651254959,0.0019735947443359457,0.11760341414564186,0.38116457974171186
5,indoors,scene_00019,indoors/scene_00019/scan_00183,val/indoors/scene_00019/scan_00183/00019_00183_indoors_200_020.png,1,0,1,256,0,512,256,63966,4370,81446.0,37428.01562234898,37379.19008232851,48.825540020473156,23320.665593317062,23325.394010897726,-4.728417580668759,0.014208194776316173,0.002022955125251377,0.15160295423939596,0.4704876704642072
5,indoors,scene_00019,indoors/scene_00019/scan_00183,val/indoors/scene_00019/scan_00183/00019_00183_indoors_200_020.png,2,0,2,512,0,768,256,64786,4135,81326.0,13956.866874552292,14020.058175558994,-63.191301006703384,7737.589750276438,7782.542973825578,-44.953223549139,0.018112754332723927,0.002209758871189311,0.21959521702340498,0.6259616794411836
5,indoors,scene_00019,indoors/scene_00019/scan_00183,val/indoors/scene_00019/scan_00183/00019_00183_indoors_200_020.png,3,0,3,768,0,1024,256,65465,2052,73673.0,7862.536995851586,7818.640642496586,43.89635335499989,6627.088033724078,6592.295399914671,34.79263380940725,0.01436407555816925,0.002353611255669969,0.2189164137060795,0.9934128079864561
5,indoors,scene_00019,indoors/scene_00019/scan_00183,val/indoors/scene_00019/scan_00183/00019_00183_indoors_200_020.png,4,1,0,0,256,256,512,65505,3119,77981.0,32983.3418112565,33121.335956086914,-137.99414483042182,24220.255079094935,24303.501426481915,-83.24634738697843,0.015462380696963623,0.002323249920445113,0.2060719028474484,0.49784319183431147
5,indoors,scene_00019,indoors/scene_00019/scan_00183,val/indoors/scene_00019/scan_00183/00019_00183_indoors_200_020.png,5,1,1,256,256,512,512,46026,10300,87226.0,27803.12586971062,27722.153868241257,80.97200146936714,10568.876310210313,10557.114747737109,11.761562473202801,0.01705485884287205,0.0025770248013083042,0.23526705011608542,0.4932101879217473
5,indoors,scene_00019,indoors/scene_00019/scan_00183,val/indoors/scene_00019/scan_00183/00019_00183_indoors_200_020.png,6,1,2,512,256,768,512,50823,4476,68727.0,6759.174382089307,6794.6552980982715,-35.48091600896373,3454.8715482628595,3483.73446884685,-28.862920583990515,0.017048516228492964,0.00278385148147243,0.233996563502628,0.8439861622068011
5,indoors,scene_00019,indoors/scene_00019/scan_00183,val/indoors/scene_00019/scan_00183/00019_00183_indoors_200_020.png,7,1,3,768,256,1024,512,45764,4946,65548.0,11723.497534021255,11726.9031003628,-3.4055663415470745,8813.71907927628,8809.525245598563,4.1938336777169845,0.012014910311452576,0.0026799169470732805,0.22582461662289777,1.1158549135824531
5,indoors,scene_00019,indoors/scene_00019/scan_00183,val/indoors/scene_00019/scan_00183/00019_00183_indoors_200_020.png,8,2,0,0,512,256,768,65345,7904,96961.0,37387.744968473846,37449.27588553083,-61.530917056982815,24978.46083416405,24801.634253020813,176.8265811432368,0.01667427039697977,0.02857272639344545,0.9838856279623172,0.7644635529542039
5,indoors,scene_00019,indoors/scene_00019/scan_00183,val/indoors/scene_00019/scan_00183/00019_00183_indoors_200_020.png,9,2,1,256,512,512,768,58883,9034,95019.0,35561.16148601119,35747.04805405528,-185.8865680440886,21554.289468106257,21486.281575586618,68.00789251963613,0.021957228674344662,0.028429743642746003,0.9654295300240185,0.830014708964748
5,indoors,scene_00019,indoors/scene_00019/scan_00183,val/indoors/scene_00019/scan_00183/00019_00183_indoors_200_020.png,10,2,2,512,512,768,768,50600,8968,86472.0,31038.977517794876,31288.278461337246,-249.3009435423745,17804.17701747098,17775.967689313256,28.2093281577256,0.022645492324504475,0.02535483922727717,0.8229252481737456,1.2213037221699485
5,indoors,scene_00019,indoors/scene_00019/scan_00183,val/indoors/scene_00019/scan_00183/00019_00183_indoors_200_020.png,11,2,3,768,512,1024,768,47124,4614,65580.0,23568.431875640556,23731.76540735845,-163.33353171789375,17064.888437353115,17048.304872948316,16.583564404800438,0.018414812855311272,0.019245300226070357,0.9956480549149754,1.3027164147090016
6,indoors,scene_00019,indoors/scene_00019/scan_00183,val/indoors/scene_00019/scan_00183/00019_00183_indoors_240_000.png,0,0,0,0,0,256,256,64356,8815,99616.0,422214.65447089315,383475.59604225797,38739.05842863518,329534.3991379224,301069.1790398788,28465.22009804357,0.026112823192064077,0.014187333113383252,0.39175177173129,0.08588418221885492
6,indoors,scene_00019,indoors/scene_00019/scan_00183,val/indoors/scene_00019/scan_00183/00019_00183_indoors_240_000.png,1,0,1,256,0,512,256,65071,8738,100023.0,407293.62394898507,400753.9985917569,6539.625357228115,263664.5856848152,258192.261151087,5472.324533728153,0.019741831192100514,0.011184619387275937,0.3610492696823617,0.009515527202169428
6,indoors,scene_00019,indoors/scene_00019/scan_00183,val/indoors/scene_00019/scan_00183/00019_00183_indoors_240_000.png,2,0,2,512,0,768,256,65349,7012,93397.0,144480.82060246734,143396.92846547277,1083.8921369945542,98389.8494083007,98095.32968942297,294.5197188777099,0.01707972323703548,0.007324214815430958,0.2989330132565092,0.15547917698810637
6,indoors,scene_00019,indoors/scene_00019/scan_00183,val/indoors/scene_00019/scan_00183/00019_00183_indoors_240_000.png,3,0,3,768,0,1024,256,65226,5431,86950.0,102431.42897038191,101556.50797063707,874.9209997448681,71417.11929894058,71353.22925204776,63.8900468928031,0.016083039099459056,0.008240852436776165,0.27587212624939145,0.35478339479398413
6,indoors,scene_00019,indoors/scene_00019/scan_00183,val/indoors/scene_00019/scan_00183/00019_00183_indoors_240_000.png,4,1,0,0,256,256,512,64777,6367,90245.0,16334.654192598906,16098.917872889684,235.73631970922048,7591.70990437728,7437.324472407561,154.38543196972037,0.019975018732351676,0.021128914655843593,0.5887225877519404,1.4170175722882132
6,indoors,scene_00019,indoors/scene_00019/scan_00183,val/indoors/scene_00019/scan_00183/00019_00183_indoors_240_000.png,5,1,1,256,256,512,512,65156,5648,87748.0,16715.956542984582,16268.37271902048,447.58382396410184,7433.4882604183595,7278.07085301044,155.41740740791917,0.017995246267747872,0.019164129410560206,0.611378361875785,1.263582322359784
6,indoors,scene_00019,indoors/scene_00019/scan_00183,val/indoors/scene_00019/scan_00183/00019_00183_indoors_240_000.png,6,1,2,512,256,768,512,65252,7903,96864.0,39828.92744353478,38720.07741664516,1108.8500268896184,14530.707753607312,14132.314349228114,398.3934043791979,0.01828240828643931,0.022367805595721067,0.5723188424164236,1.0332223104946079
6,indoors,scene_00019,indoors/scene_00019/scan_00183,val/indoors/scene_00019/scan_00183/00019_00183_indoors_240_000.png,7,1,3,768,256,1024,512,65229,9910,104869.0,58551.70255177363,57171.32012426686,1380.3824275067805,21094.541243306277,20638.846822379302,455.6944209269774,0.017810939901012,0.02484462550414169,0.5388412642415457,1.0839130673236113
6,indoors,scene_00019,indoors/scene_00019/scan_00183,val/indoors/scene_00019/scan_00183/00019_00183_indoors_240_000.png,8,2,0,0,512,256,768,65222,4204,82038.0,15264.078546171982,15228.878762475506,35.19978369647566,11479.729445977275,11425.216705856994,54.512740120279304,0.014822596758162927,0.0184393532547575,0.6710163811948155,3.865201527233193
6,indoors,scene_00019,indoors/scene_00019/scan_00183,val/indoors/scene_00019/scan_00183/00019_00183_indoors_240_000.png,9,2,1,256,512,512,768,65443,4794,84619.0,15114.316895236863,15153.84397967258,-39.52708443571636,11561.11441146367,11620.841711135281,-59.727299671611405,0.014956959656813155,0.025083433471859214,0.5631123620787641,4.143209559814843
6,indoors,scene_00019,indoors/scene_00019/scan_00183,val/indoors/scene_00019/scan_00183/00019_00183_indoors_240_000.png,10,2,2,512,512,768,768,65513,4699,84309.0,15722.163280859604,15749.357839963983,-27.194559104381373,11603.954599828796,11624.40559654501,-20.450996716215297,0.014037144431251727,0.023352547088837265,0.9288666299032241,2.7970113394732605
6,indoors,scene_00019,indoors/scene_00019/scan_00183,val/indoors/scene_00019/scan_00183/00019_00183_indoors_240_000.png,11,2,3,768,512,1024,768,65510,4689,84266.0,15759.669087430726,15797.325461987284,-37.65637455655673,11971.15275571304,11957.915374199532,13.237381513505134,0.013953395885728683,0.029147135276680343,0.9626518240339134,2.6545413478438715
7,indoors,scene_00019,indoors/scene_00019/scan_00183,val/indoors/scene_00019/scan_00183/00019_00183_indoors_250_030.png,0,0,0,0,0,256,256,65536,10243,106508.0,17108.00015039828,17285.854057611825,-177.85390721354597,10382.483037997055,10387.645712432975,-5.162674435920792,0.01733749224070851,0.004706094401928864,0.8467852241546828,-0.08979831730357248
7,indoors,scene_00019,indoors/scene_00019/scan_00183,val/indoors/scene_00019/scan_00183/00019_00183_indoors_250_030.png,1,0,1,256,0,512,256,65525,13155,118145.0,21958.644047283742,23268.86341890436,-1310.2193716206154,11753.261041863121,12261.348444417992,-508.08740255486975,0.01665165642958527,0.008611537737412942,0.6992338004750069,0.4338628320270184
7,indoors,scene_00019,indoors/scene_00019/scan_00183,val/indoors/scene_00019/scan_00183/00019_00183_indoors_250_030.png,2,0,2,512,0,768,256,65535,7776,96639.0,14614.36987584838,14888.396489501954,-274.0266136535706,9688.926703757403,9750.244472237078,-61.317768479673646,0.01452000710840044,0.005201979591483553,0.6588825654750468,0.6053356054004113
7,indoors,scene_00019,indoors/scene_00019/scan_00183,val/indoors/scene_00019/scan_00183/00019_00183_indoors_250_030.png,3,0,3,768,0,1024,256,65504,9884,105040.0,25874.1065463841,26141.844819578142,-267.7382731940433,16890.594585720562,16951.724258836686,-61.12967311611953,0.013682117404298363,0.012593389983646598,0.38834445328395284,1.2768820158360217
7,indoors,scene_00019,indoors/scene_00019/scan_00183,val/indoors/scene_00019/scan_00183/00019_00183_indoors_250_030.png,4,1,0,0,256,256,512,65536,4117,82004.0,28925.806084196265,28804.34633679899,121.45974739727431,21155.16316225261,21042.302465244793,112.86069700781735,0.01419716751963122,0.0023320437410643945,0.07911680350044714,0.9233935895277505
7,indoors,scene_00019,indoors/scene_00019/scan_00183,val/indoors/scene_00019/scan_00183/00019_00183_indoors_250_030.png,5,1,1,256,256,512,512,65460,8611,99904.0,56068.71717125275,53931.46325799952,2137.253913253233,33489.37669339958,32118.911516811426,1370.4651765881583,0.013877414186198374,0.008483666608799678,0.2804846917832487,0.6001509317010019
7,indoors,scene_00019,indoors/scene_00019/scan_00183,val/indoors/scene_00019/scan_00183/00019_00183_indoors_250_030.png,6,1,2,512,256,768,512,65381,6204,90197.0,38602.41214335995,39021.4513085025,-419.03916514255303,23725.07021833259,23809.386484542134,-84.3162662095471,0.011943092704706473,0.004962053104922926,0.3461245858848526,0.44474237096013636
7,indoors,scene_00019,indoors/scene_00019/scan_00183,val/indoors/scene_00019/scan_00183/00019_00183_indoors_250_030.png,7,1,3,768,256,1024,512,64779,2720,75659.0,11187.25929115681,11321.707566874677,-134.44827571786732,7525.012003923492,7520.18776687249,4.824237051001222,0.012305945382588258,0.005511811472733663,0.40449740696910647,0.7230151899466283
7,indoors,scene_00019,indoors/scene_00019/scan_00183,val/indoors/scene_00019/scan_00183/00019_00183_indoors_250_030.png,8,2,0,0,512,256,768,65299,3871,80783.0,23291.409898434336,23605.763610566777,-314.35371213244144,9476.63121426736,9639.940405495423,-163.3091912280631,0.009279629470334855,0.010135992102737714,1.2396565576635277,-0.1243401040024214
7,indoors,scene_00019,indoors/scene_00019/scan_00183,val/indoors/scene_00019/scan_00183/00019_00183_indoors_250_030.png,9,2,1,256,512,512,768,65535,2028,73647.0,11217.129401621689,11513.475155786944,-296.3457541652556,9368.93183708136,9651.060423490846,-282.12858640948565,0.007536424482374222,0.008347110753793525,0.4447441254077345,0.4416001386586898
7,indoors,scene_00019,indoors/scene_00019/scan_00183,val/indoors/scene_00019/scan_00183/00019_00183_indoors_250_030.png,10,2,2,512,512,768,768,65511,6569,91787.0,19635.341493320226,20199.15205731326,-563.810563993034,10086.725560718136,10339.000317805789,-252.27475708765456,0.01660629678322769,0.012629888429010841,0.48342874257620416,0.8175027515399377
7,indoors,scene_00019,indoors/scene_00019/scan_00183,val/indoors/scene_00019/scan_00183/00019_00183_indoors_250_030.png,11,2,3,768,512,1024,768,65536,3335,78876.0,15481.662084493051,15594.5096209274,-112.84753643434746,13038.146000572317,13132.58716753804,-94.44116696572365,0.015915644931880312,0.009124115476494131,0.4949343225310287,0.9299999604566674
8,indoors,scene_00019,indoors/scene_00019/scan_00183,val/indoors/scene_00019/scan_00183/00019_00183_indoors_300_010.png,0,0,0,0,0,256,256,65382,2870,76862.0,78064.49005209446,78046.5562871286,17.93376496587392,59364.732956452805,59379.1294213465,-14.396464893689124,0.019501797900487887,0.0014106382112367053,0.11417712503971023,0.28589030598464404
8,indoors,scene_00019,indoors/scene_00019/scan_00183,val/indoors/scene_00019/scan_00183/00019_00183_indoors_300_010.png,1,0,1,256,0,512,256,65536,3041,77700.0,128092.27470846515,128060.14144472254,32.13326374262405,105397.96735992855,105313.68196599098,84.28539393755459,0.014784683683536241,0.0009971264237348975,0.08694758959417304,0.2037608814548731
8,indoors,scene_00019,indoors/scene_00019/scan_00183,val/indoors/scene_00019/scan_00183/00019_00183_indoors_300_010.png,2,0,2,512,0,768,256,65536,1942,73304.0,149233.72143813808,148840.22533953836,393.4960985997206,131105.6228934537,130985.93367684147,119.68921661222302,0.015843610891573403,0.0004801046791300471,0.08233556871636356,0.19859987411024438
8,indoors,scene_00019,indoors/scene_00019/scan_00183,val/indoors/scene_00019/scan_00183/00019_00183_indoors_300_010.png,3,0,3,768,0,1024,256,65525,4246,82509.0,95054.688574345,96438.86609286175,-1384.1775185167523,63660.674360936915,63879.312006411536,-218.63764547462551,0.010368559064163676,0.0035953535328777575,0.3021610674685761,0.20446173215458605
8,indoors,scene_00019,indoors/scene_00019/scan_00183,val/indoors/scene_00019/scan_00183/00019_00183_indoors_300_010.png,4,1,0,0,256,256,512,65482,5696,88266.0,34453.924533593425,34442.21963466271,11.704898930718912,27956.28378002646,27897.42468652028,58.85909350618283,0.01793324772552702,0.009641060921985582,0.4345501647036616,0.2950134865837385
8,indoors,scene_00019,indoors/scene_00019/scan_00183,val/indoors/scene_00019/scan_00183/00019_00183_indoors_300_010.png,5,1,1,256,256,512,512,65429,9069,101705.0,58843.266876150636,58564.33155513294,278.9353210176879,40985.95955850335,40829.38217971706,156.57737878629058,0.02151376572179102,0.013588577748089343,0.5137978824067571,0.1656405482043546
8,indoors,scene_00019,indoors/scene_00019/scan_00183,val/indoors/scene_00019/scan_00183/00019_00183_indoors_300_010.png,6,1,2,512,256,768,512,65237,10391,106801.0,50757.04110814262,50408.976811279106,348.06429686351737,35212.7431554662,34750.791809694405,461.9513457717997,0.020117187509207116,0.017422780966380197,0.5801546643410095,0.23127678026209977
8,indoors,scene_00019,indoors/scene_00019/scan_00183,val/indoors/scene_00019/scan_00183/00019_00183_indoors_300_010.png,7,1,3,768,256,1024,512,64567,13583,118899.0,47548.97126242563,46220.766304962825,1328.2049574628024,21521.055484937526,20570.84125552754,950.2142294099915,0.02801331781769183,0.03220787156326989,0.5259937907459912,0.4619371872496337
8,indoors,scene_00019,indoors/scene_00019/scan_00183,val/indoors/scene_00019/scan_00183/00019_00183_indoors_300_010.png,8,2,0,0,512,256,768,65222,7669,95898.0,36742.102189689045,36832.2020892249,-90.09989953585675,27149.937880306323,27148.642143236662,1.2957370696613921,0.018627608966064704,0.02632674235500992,0.7945399966260207,1.8111895990422724
8,indoors,scene_00019,indoors/scene_00019/scan_00183,val/indoors/scene_00019/scan_00183/00019_00183_indoors_300_010.png,9,2,1,256,512,512,768,65309,7470,95189.0,38140.298325463795,38395.93343296409,-255.63510750030343,27889.830638671207,27880.739736628962,9.090902042244958,0.016431519613238285,0.026582091989809403,0.901422964758677,1.756011989710378
8,indoors,scene_00019,indoors/scene_00019/scan_00183,val/indoors/scene_00019/scan_00183/00019_00183_indoors_300_010.png,10,2,2,512,512,768,768,65392,6286,90536.0,35426.203641959466,35561.28454792898,-135.08090596951865,27590.784142903736,27574.302650330697,16.481492573038945,0.014921328298613812,0.026110945633855735,0.8383736249204733,1.9775714486198106
8,indoors,scene_00019,indoors/scene_00019/scan_00183,val/indoors/scene_00019/scan_00183/00019_00183_indoors_300_010.png,11,2,3,768,512,1024,768,65308,6131,89832.0,36605.53467410123,36683.85990378373,-78.32522968249545,27980.78765417805,27949.750978810625,31.0366753674257,0.016959298337593673,0.026410838889517157,1.0461891289996819,1.8173079580799203
9,indoors,scene_00019,indoors/scene_00019/scan_00183,val/indoors/scene_00019/scan_00183/00019_00183_indoors_330_050.png,0,0,0,0,0,256,256,65535,4396,83119.0,39223.71923452542,39246.652569222046,-22.933334696627497,31894.192562982396,31885.905211551137,8.287351431259058,0.009423485572048734,0.00489990562280994,0.45490165046517694,1.9775600804639526
9,indoors,scene_00019,indoors/scene_00019/scan_00183,val/indoors/scene_00019/scan_00183/00019_00183_indoors_330_050.png,1,0,1,256,0,512,256,65531,6213,90383.0,38521.60433297603,38612.550616485634,-90.9462835096058,29175.884043501235,29275.444872878266,-99.56082937703103,0.012788254816000313,0.011086557996840014,0.2623303955295584,2.0789643660417085
9,indoors,scene_00019,indoors/scene_00019/scan_00183,val/indoors/scene_00019/scan_00183/00019_00183_indoors_330_050.png,2,0,2,512,0,768,256,65536,8322,98824.0,13921.036043425587,13955.154530603708,-34.118487178119764,9344.08790192814,9393.163520682849,-49.07561875470776,0.016376658084860246,0.009090485487027851,0.3030708661402674,1.01362305621256
9,indoors,scene_00019,indoors/scene_00019/scan_00183,val/indoors/scene_00019/scan_00183/00019_00183_indoors_330_050.png,3,0,3,768,0,1024,256,65536,8174,98232.0,15101.840323052931,16939.84882758047,-1838.0085045275368,9784.552032709209,10860.077055342783,-1075.5250226335738,0.015144174781742287,0.018450038234209765,0.18627538888502218,1.0230395820070985
9,indoors,scene_00019,indoors/scene_00019/scan_00183,val/indoors/scene_00019/scan_00183/00019_00183_indoors_330_050.png,4,1,0,0,256,256,512,65534,6129,90050.0,39119.05196691438,39075.01870684393,44.03326007045099,29868.099303534735,29828.011350607147,40.08795292758356,0.011728683580299245,0.007922006974192092,0.2649832985040478,2.1397562220828013
9,indoors,scene_00019,indoors/scene_00019/scan_00183,val/indoors/scene_00019/scan_00183/00019_00183_indoors_330_050.png,5,1,1,256,256,512,512,65499,6980,93419.0,16652.839380129655,16458.21251562234,194.6268645073183,10560.180756774398,10440.283787462338,119.89696931205972,0.013808325236732514,0.011851878139538398,0.45718531945926566,0.6802806812798029
9,indoors,scene_00019,indoors/scene_00019/scan_00183,val/indoors/scene_00019/scan_00183/00019_00183_indoors_330_050.png,6,1,2,512,256,768,512,65378,7300,94578.0,11539.80698835327,11629.33174412782,-89.52475577455078,5842.22852168361,5910.249610774201,-68.0210890905905,0.016173884853236356,0.004719182306217486,0.22397116057953498,0.643478404126591
9,indoors,scene_00019,indoors/scene_00019/scan_00183,val/indoors/scene_00019/scan_00183/00019_00183_indoors_330_050.png,7,1,3,768,256,1024,512,65525,8800,100725.0,17860.788727051164,17889.858376828768,-29.06964977760333,8940.465046647856,8942.754800147319,-2.289753499462819,0.015637478147480982,0.01768756320234761,0.09463793542512301,0.8511792836925722
9,indoors,scene_00019,indoors/scene_00019/scan_00183,val/indoors/scene_00019/scan_00183/00019_00183_indoors_330_050.png,8,2,0,0,512,256,768,65536,5935,89276.0,33763.74801971503,34466.667797130096,-702.919777415074,23984.965382906114,24416.669591861246,-431.7042089551366,0.011976510305670995,0.014008122715046891,1.0511379278459438,-0.03591305129829254
9,indoors,scene_00019,indoors/scene_00019/scan_00183,val/indoors/scene_00019/scan_00183/00019_00183_indoors_330_050.png,9,2,1,256,512,512,768,65502,5187,86250.0,27817.99453674611,27843.641468181282,-25.646931435174963,19655.098138649933,19826.51069098951,-171.41255233957625,0.013977589920734165,0.016695402082216787,0.5475549003237243,0.20126219698887016
9,indoors,scene_00019,indoors/scene_00019/scan_00183,val/indoors/scene_00019/scan_00183/00019_00183_indoors_330_050.png,10,2,2,512,512,768,768,65536,3524,79632.0,36908.88522983953,36982.58724320663,-73.7020133671023,29279.351996026802,29272.928430159318,6.4235658674886515,0.014129838616033842,0.0037609117441776015,0.23204575810890038,0.3325860216711473
9,indoors,scene_00019,indoors/scene_00019/scan_00183,val/indoors/scene_00019/scan_00183/00019_00183_indoors_330_050.png,11,2,3,768,512,1024,768,65502,7656,96126.0,57102.250133877926,56824.35318175936,277.89695211856775,36794.87241782827,36495.10205390181,299.77036392646085,0.01389119060710003,0.011531004288360049,0.3188626632335294,0.2770517697474545
10,indoors,scene_00020,indoors/scene_00020/scan_00184,val/indoors/scene_00020/scan_00184/00020_00184_indoors_050_000.png,0,0,0,0,0,256,256,65446,3150,78046.0,11897.921824477904,11605.085531910752,292.8362925671528,9289.843959308164,9231.886663382593,57.95729592557209,0.009418986308983237,0.01525718028349921,0.372981232172165,1.966975619402185
10,indoors,scene_00020,indoors/scene_00020/scan_00184,val/indoors/scene_00020/scan_00184/00020_00184_indoors_050_000.png,1,0,1,256,0,512,256,65425,983,69357.0,8190.705676913167,8658.455137824749,-467.74946091158205,6214.889680842985,6319.698848316305,-104.80916747332023,0.007038552522494282,0.008943149686402845,0.47542192534655797,1.2640837492202566
10,indoors,scene_00020,indoors/scene_00020/scan_00184,val/indoors/scene_00020/scan_00184/00020_00184_indoors_050_000.png,2,0,2,512,0,768,256,65536,8441,99300.0,27740.833163120624,27071.46595911171,669.3672040089127,12432.860786072142,12341.79609038182,91.0646956903209,0.020048265318866262,0.005838354637173766,0.509949112210132,0.2520265091252205
10,indoors,scene_00020,indoors/scene_00020/scan_00184,val/indoors/scene_00020/scan_00184/00020_00184_indoors_050_000.png,3,0,3,768,0,1024,256,64294,8911,99938.0,662428.2875158133,43069.356597393926,619358.9309184193,249376.50007702364,17711.083704975354,231665.41637204823,0.0227496079943191,0.04295764155913001,0.6040517347760638,1.60308872454382
10,indoors,scene_00020,indoors/scene_00020/scan_00184,val/indoors/scene_00020/scan_00184/00020_00184_indoors_050_000.png,4,1,0,0,256,256,512,65536,4008,81568.0,5894.560241874553,6017.030335480484,-122.47009360593043,3113.8968015077435,3452.192765405921,-338.29596389817726,0.011249700638108736,0.016202618442806682,0.38247425744859426,1.6672291776264678
10,indoors,scene_00020,indoors/scene_00020/scan_00184,val/indoors/scene_00020/scan_00184/00020_00184_indoors_050_000.png,5,1,1,256,256,512,512,65529,2434,75265.0,17353.044904792536,17200.054855026996,152.99004976554045,13267.018919501013,13213.47147172683,53.54744777418409,0.010325814073967373,0.010604691789608107,0.50352154670741,0.8127493422753933
10,indoors,scene_00020,indoors/scene_00020/scan_00184,val/indoors/scene_00020/scan_00184/00020_00184_indoors_050_000.png,6,1,2,512,256,768,512,65528,8660,100168.0,47845.05017214532,47817.50189410284,27.548278042473,23777.890998202063,23750.22821386958,27.662784332481937,0.022745173773329155,0.006746527664794692,0.4622070100825295,0.34240367366212954
10,indoors,scene_00020,indoors/scene_00020/scan_00184,val/indoors/scene_00020/scan_00184/00020_00184_indoors_050_000.png,7,1,3,768,256,1024,512,60750,21471,146634.0,958239.7402435893,178105.21862798382,780134.5216156055,214872.98295883625,44314.42310346071,170558.55985537556,0.03653182152123065,0.0514239714697902,0.5782728200472779,1.3507589920072702
10,indoors,scene_00020,indoors/scene_00020/scan_00184,val/indoors/scene_00020/scan_00184/00020_00184_indoors_050_000.png,8,2,0,0,512,256,768,65478,4709,84314.0,19838.903718965114,19194.502125953823,644.4015930112894,12903.402027532356,12983.828386823032,-80.4263592906757,0.011162448724970351,0.032131808361795515,0.45498947894425723,1.662269251176813
10,indoors,scene_00020,indoors/scene_00020/scan_00184,val/indoors/scene_00020/scan_00184/00020_00184_indoors_050_000.png,9,2,1,256,512,512,768,65463,2445,75243.0,17807.5633884157,17575.45166367422,232.11172474147685,15060.732326715188,14906.631466911105,154.10085980408152,0.013915264518899097,0.02078159166662403,0.7383159378485351,0.7772908180509789
10,indoors,scene_00020,indoors/scene_00020/scan_00184,val/indoors/scene_00020/scan_00184/00020_00184_indoors_050_000.png,10,2,2,512,512,768,768,64946,3620,79426.0,25302.637963538233,24917.82137635319,384.81658718504593,18111.2707875197,17959.131050451004,152.13973706869947,0.01496043662678062,0.0194940341925189,0.766341134512736,0.6830411538108291
10,indoors,scene_00020,indoors/scene_00020/scan_00184,val/indoors/scene_00020/scan_00184/00020_00184_indoors_050_000.png,11,2,3,768,512,1024,768,62275,8784,97411.0,36317.69558496601,36305.55623320899,12.139351757021231,15344.136571415287,15405.915897430417,-61.779326015130394,0.025808858954739618,0.025559564855122213,0.9775665580422849,1.2638095269018685
11,indoors,scene_00020,indoors/scene_00020/scan_00184,val/indoors/scene_00020/scan_00184/00020_00184_indoors_060_010.png,0,0,0,0,0,256,256,65536,0,65536.0,12515.029938573301,12503.631254553336,11.39868401996507,12515.029938573301,12503.631254553336,11.39868401996507,0.005236279534287961,0.0022631792161052766,0.6617573049145428,0.3738408851961282
11,indoors,scene_00020,indoors/scene_00020/scan_00184,val/indoors/scene_00020/scan_00184/00020_00184_indoors_060_010.png,1,0,1,256,0,512,256,65533,1628,72045.0,11480.550857248012,11523.518450004332,-42.96759275632207,9382.237376242756,9451.593752913355,-69.3563766706001,0.006818346706559455,0.011697374997975771,0.5307900920730798,1.0806910361589137
11,indoors,scene_00020,indoors/scene_00020/scan_00184,val/indoors/scene_00020/scan_00184/00020_00184_indoors_060_010.png,2,0,2,512,0,768,256,65515,1035,69655.0,25440.52530525105,25886.367646682957,-445.8423414319093,23480.309989011104,23626.94547111375,-146.63548210264733,0.006135069871704371,0.00904891424664612,0.563974967854597,0.5908381990932279
11,indoors,scene_00020,indoors/scene_00020/scan_00184,val/indoors/scene_00020/scan_00184/00020_00184_indoors_060_010.png,3,0,3,768,0,1024,256,65536,16247,130524.0,56267.55545601604,55300.96351180127,966.5919442147715,24709.03552612694,24486.572207943987,222.46331818295485,0.019204377833686108,0.008222135613056241,0.6602875026250234,-0.36894523410364544
11,indoors,scene_00020,indoors/scene_00020/scan_00184,val/indoors/scene_00020/scan_00184/00020_00184_indoors_060_010.png,4,1,0,0,256,256,512,65536,0,65536.0,10310.061194501708,10308.598156965903,1.4630375358038654,10310.061194501708,10308.598156965903,1.4630375358038654,0.005870539003343567,0.002262296923141819,0.1456680830161906,1.6943154078516256
11,indoors,scene_00020,indoors/scene_00020/scan_00184,val/indoors/scene_00020/scan_00184/00020_00184_indoors_060_010.png,5,1,1,256,256,512,512,65447,7416,95111.0,18730.63455362303,17780.54105233056,950.0935012924714,11686.484598533702,11421.42097888517,265.063619648532,0.010611886544829193,0.029179594567258403,0.6307028102125665,1.0603268100164944
11,indoors,scene_00020,indoors/scene_00020/scan_00184,val/indoors/scene_00020/scan_00184/00020_00184_indoors_060_010.png,6,1,2,512,256,768,512,65421,986,69365.0,35075.52725314502,36110.42934344511,-1034.9020903000849,32826.08685413458,33140.02413779119,-313.9372836566083,0.006664022531362351,0.010428496577803719,0.714485731423025,0.22276336386159132
11,indoors,scene_00020,indoors/scene_00020/scan_00184,val/indoors/scene_00020/scan_00184/00020_00184_indoors_060_010.png,7,1,3,768,256,1024,512,65536,16491,131500.0,71913.9776117228,70704.92929804625,1209.0483136765486,29394.946012751163,29279.393013689027,115.55299906213834,0.02009118524498961,0.008089226932898722,0.560114416432403,0.1388347213563148
11,indoors,scene_00020,indoors/scene_00020/scan_00184,val/indoors/scene_00020/scan_00184/00020_00184_indoors_060_010.png,8,2,0,0,512,256,768,65474,2786,76618.0,17367.655245371887,17685.704610358247,-318.04936498635874,14384.506845456073,14430.602311756511,-46.09546630043583,0.011074548683501668,0.010391455021601246,0.7070078480748545,1.5075758969347004
11,indoors,scene_00020,indoors/scene_00020/scan_00184,val/indoors/scene_00020/scan_00184/00020_00184_indoors_060_010.png,9,2,1,256,512,512,768,65536,8581,99860.0,15970.071669859397,11404.630421748096,4565.441248111301,9484.729510548801,6735.7214163104445,2749.0080942383574,0.012374148469834341,0.03193810017329769,0.25291846821756314,1.0878126309858414
11,indoors,scene_00020,indoors/scene_00020/scan_00184,val/indoors/scene_00020/scan_00184/00020_00184_indoors_060_010.png,10,2,2,512,512,768,768,65524,4209,82360.0,57014.75564707827,56461.01341074186,553.7422363364127,44707.18616500348,44469.998030503644,237.1881344998329,0.00949511633253932,0.0141038238910141,0.47243285535032153,0.19586897196161154
11,indoors,scene_00020,indoors/scene_00020/scan_00184,val/indoors/scene_00020/scan_00184/00020_00184_indoors_060_010.png,11,2,3,768,512,1024,768,65505,19231,142429.0,72889.54277807694,73677.58692072914,-788.044142652204,26999.83146532096,27172.27116687414,-172.43970155318166,0.022348141707320544,0.0109556780291186,0.48775047890976947,0.27768749035176404
12,indoors,scene_00020,indoors/scene_00020/scan_00184,val/indoors/scene_00020/scan_00184/00020_00184_indoors_070_020.png,0,0,0,0,0,256,256,65536,2545,75716.0,5417.473824255069,5415.4993612933595,1.9744629617096705,4852.118577215964,4843.441839897652,8.676737318311776,0.010069461840690998,0.0026313237814717763,0.1983275134296817,1.5089652846819788
12,indoors,scene_00020,indoors/scene_00020/scan_00184,val/indoors/scene_00020/scan_00184/00020_00184_indoors_070_020.png,1,0,1,256,0,512,256,65536,1111,69980.0,11689.228361495014,11692.536983113649,-3.308621618633935,10985.4440737466,10988.617600116824,-3.1735263702238443,0.004953825114416863,0.0019474708337815765,0.26643679010415694,1.0502230429912867
12,indoors,scene_00020,indoors/scene_00020/scan_00184,val/indoors/scene_00020/scan_00184/00020_00184_indoors_070_020.png,2,0,2,512,0,768,256,65536,2418,75208.0,39694.05781910996,39640.108323797904,53.94949531205821,33139.88523788158,33099.999086043535,39.88615183804793,0.006241623016668921,0.00219997820851078,0.09186186241307437,0.861139161997016
12,indoors,scene_00020,indoors/scene_00020/scan_00184,val/indoors/scene_00020/scan_00184/00020_00184_indoors_070_020.png,3,0,3,768,0,1024,256,65536,9116,102000.0,123563.36758740188,121862.8914724289,1700.476114972989,80736.83412246197,80124.30204799931,612.5320744626711,0.007037266636552276,0.0034559870694658387,0.08753649353547151,0.5887061837327159
12,indoors,scene_00020,indoors/scene_00020/scan_00184,val/indoors/scene_00020/scan_00184/00020_00184_indoors_070_020.png,4,1,0,0,256,256,512,65536,2259,74572.0,13012.1622134914,12894.874505376092,117.287708115306,11667.956996266324,11647.901536989197,20.055459277129327,0.013569184473081086,0.0026054984137003708,0.23857144057084756,1.6161913748979815
12,indoors,scene_00020,indoors/scene_00020/scan_00184,val/indoors/scene_00020/scan_00184/00020_00184_indoors_070_020.png,5,1,1,256,256,512,512,65536,1156,70160.0,4240.362881855561,4246.162003543746,-5.799121688185675,3957.618927815715,3963.0770454880553,-5.458117672340137,0.005272191761057017,0.0019477404120504796,0.7121406358070673,0.2965306173163832
12,indoors,scene_00020,indoors/scene_00020/scan_00184,val/indoors/scene_00020/scan_00184/00020_00184_indoors_070_020.png,6,1,2,512,256,768,512,65531,16609,131967.0,45145.90792071553,45546.79074002542,-400.8828193098797,18549.348327453336,18872.99487366742,-323.6465462140841,0.006786585893295276,0.016389215807516642,0.7283995009361365,0.5836389074010548
12,indoors,scene_00020,indoors/scene_00020/scan_00184,val/indoors/scene_00020/scan_00184/00020_00184_indoors_070_020.png,7,1,3,768,256,1024,512,65491,10591,107855.0,59403.308811707146,60203.885656427,-800.5768447198565,40980.3277021979,41322.0034327099,-341.6757305119973,0.00611472812462571,0.011363513979357214,0.6857090617240635,0.2971769188834078
12,indoors,scene_00020,indoors/scene_00020/scan_00184,val/indoors/scene_00020/scan_00184/00020_00184_indoors_070_020.png,8,2,0,0,512,256,768,65536,1745,72516.0,18873.457572878095,18817.094938415004,56.36263446308985,17078.67427243189,16938.748330596405,139.9259418354852,0.005627186400648377,0.0025489663073580207,1.068022894189019,0.3103300515188834
12,indoors,scene_00020,indoors/scene_00020/scan_00184,val/indoors/scene_00020/scan_00184/00020_00184_indoors_070_020.png,9,2,1,256,512,512,768,65536,928,69248.0,11460.406759585841,11458.669868617722,1.736890968118861,10835.880069673476,10834.22245869011,1.6576109833641006,0.005814609471232024,0.0018826253885154069,0.13208044533519153,1.731288801726615
12,indoors,scene_00020,indoors/scene_00020/scan_00184,val/indoors/scene_00020/scan_00184/00020_00184_indoors_070_020.png,10,2,2,512,512,768,768,65427,21341,150791.0,42907.6823969696,42142.714698272335,764.9676986972638,13020.56855519586,13083.25081955359,-62.68226435773271,0.011567100418788372,0.03923410546832647,0.7203805116998965,1.2626402072590264
12,indoors,scene_00020,indoors/scene_00020/scan_00184,val/indoors/scene_00020/scan_00184/00020_00184_indoors_070_020.png,11,2,3,768,512,1024,768,65431,8798,100623.0,32275.628489962157,32538.67262781279,-263.04413785063707,17542.8628501902,17582.538444226648,-39.67559403644908,0.006732696162366223,0.010625619407409765,0.7444074335323929,0.7934435332646623
13,indoors,scene_00020,indoors/scene_00020/scan_00184,val/indoors/scene_00020/scan_00184/00020_00184_indoors_080_010.png,0,0,0,0,0,256,256,65536,0,65536.0,18557.628391364873,18561.948852234764,-4.320460869887732,18557.628391364873,18561.948852234764,-4.320460869887732,0.023308307312495558,0.0005324029448394631,0.06642516181244039,0.7823622931097624
13,indoors,scene_00020,indoors/scene_00020/scan_00184,val/indoors/scene_00020/scan_00184/00020_00184_indoors_080_010.png,1,0,1,256,0,512,256,65536,1452,71344.0,11696.850589537873,11645.824794992885,51.02579454499011,10758.117584740088,10726.45576995712,31.6618147829678,0.01236192075071803,0.0014365869240079109,0.019048921197427317,1.0047856951172318
13,indoors,scene_00020,indoors/scene_00020/scan_00184,val/indoors/scene_00020/scan_00184/00020_00184_indoors_080_010.png,2,0,2,512,0,768,256,65536,0,65536.0,4678.65455828073,4678.514518003556,0.140040277174302,4678.65455828073,4678.514518003556,0.140040277174302,0.005320602719320434,0.0011828592413993923,0.14298613418179984,0.9069561889203599
13,indoors,scene_00020,indoors/scene_00020/scan_00184,val/indoors/scene_00020/scan_00184/00020_00184_indoors_080_010.png,3,0,3,768,0,1024,256,65530,9437,103278.0,41493.51245864168,41426.52882324918,66.98363539249183,20734.15845320619,20735.43570018828,-1.2772469820934997,0.0068780311274439674,0.015376703003965753,0.6198300666630461,0.9866314308488077
13,indoors,scene_00020,indoors/scene_00020/scan_00184,val/indoors/scene_00020/scan_00184/00020_00184_indoors_080_010.png,4,1,0,0,256,256,512,65536,1339,70892.0,32196.990831294213,32154.15744683447,42.83338445974256,29912.601177246037,29852.39296298074,60.20821426529601,0.0085589229057937,0.0014784696608500746,0.07072909429201912,0.6862850113027826
13,indoors,scene_00020,indoors/scene_00020/scan_00184,val/indoors/scene_00020/scan_00184/00020_00184_indoors_080_010.png,5,1,1,256,256,512,512,65536,1240,70496.0,14184.60899164934,14242.864375736859,-58.255384087518955,13389.799616997716,13379.17720518317,10.622411814546195,0.00653316822904702,0.0013529787832492735,0.11315002440679126,0.7420821430115159
13,indoors,scene_00020,indoors/scene_00020/scan_00184,val/indoors/scene_00020/scan_00184/00020_00184_indoors_080_010.png,6,1,2,512,256,768,512,65536,0,65536.0,3740.9360673304554,3747.651392521924,-6.715325191468211,3740.9360673304554,3747.651392521924,-6.715325191468211,0.005832290225115165,0.001183180828405858,0.11660287981620135,0.9035850844734858
13,indoors,scene_00020,indoors/scene_00020/scan_00184,val/indoors/scene_00020/scan_00184/00020_00184_indoors_080_010.png,7,1,3,768,256,1024,512,65430,17142,133998.0,58516.85552268476,58276.884743440656,239.97077924410243,24630.169417554942,24523.706058405427,106.46335914951678,0.010799292750976417,0.036415268468525955,0.7912283633421453,0.8565644777164472
13,indoors,scene_00020,indoors/scene_00020/scan_00184,val/indoors/scene_00020/scan_00184/00020_00184_indoors_080_010.png,8,2,0,0,512,256,768,65496,18371,138980.0,67518.92485396186,68510.58382536785,-991.658971405988,32271.548523451,32867.8546375019,-596.3061140508968,0.016204349103993147,0.013561511113175967,0.708260160963879,0.5284937125194861
13,indoors,scene_00020,indoors/scene_00020/scan_00184,val/indoors/scene_00020/scan_00184/00020_00184_indoors_080_010.png,9,2,1,256,512,512,768,65506,10582,107834.0,49244.395292626854,48949.47915717478,294.91613545207935,29510.086074474475,29394.743258204806,115.34281626967109,0.015233115344369344,0.012481844260489162,0.7024745197557875,0.4357681293637604
13,indoors,scene_00020,indoors/scene_00020/scan_00184,val/indoors/scene_00020/scan_00184/00020_00184_indoors_080_010.png,10,2,2,512,512,768,768,65482,6854,92898.0,26085.674326044656,26441.065802104393,-355.3914760597339,13124.141533395974,13233.138444925295,-108.99691152931979,0.009909292211645729,0.010773040042890475,0.6723655347330827,0.7175936140017771
13,indoors,scene_00020,indoors/scene_00020/scan_00184,val/indoors/scene_00020/scan_00184/00020_00184_indoors_080_010.png,11,2,3,768,512,1024,768,65517,12201,114321.0,34489.25785967427,33730.26933576833,758.9885239059452,16042.691549448115,17391.15071763443,-1348.4591681863174,0.014386157096062727,0.04728080205108413,0.5989192463052488,0.2330825362452874
14,indoors,scene_00020,indoors/scene_00020/scan_00184,val/indoors/scene_00020/scan_00184/00020_00184_indoors_110_030.png,0,0,0,0,0,256,256,65536,13532,119664.0,16967.88614674108,16935.170023030965,32.71612371011625,12954.311644292513,12921.077600252545,33.234044039966804,0.0046177593744339464,0.015063133159475805,1.3103463002563236,0.676067890867768
14,indoors,scene_00020,indoors/scene_00020/scan_00184,val/indoors/scene_00020/scan_00184/00020_00184_indoors_110_030.png,1,0,1,256,0,512,256,65536,14203,122348.0,19172.455951310658,19163.78194727144,8.674004039222925,12751.542553476374,12739.893734933608,11.64881854276721,0.004591539768953658,0.015748663791466708,1.0967463171361702,0.9787995645062944
14,indoors,scene_00020,indoors/scene_00020/scan_00184,val/indoors/scene_00020/scan_00184/00020_00184_indoors_110_030.png,2,0,2,512,0,768,256,65536,9268,102608.0,17698.239841216484,17804.871330935523,-106.63148971903878,12408.172734759568,12444.079765015667,-35.9070302560996,0.005227498069905407,0.01538233180312044,0.8873711343780649,2.0956984947810535
14,indoors,scene_00020,indoors/scene_00020/scan_00184,val/indoors/scene_00020/scan_00184/00020_00184_indoors_110_030.png,3,0,3,768,0,1024,256,65536,1070,69816.0,10165.07878620276,10415.685367414466,-250.60658121170562,9883.75946460989,10038.529056704305,-154.76959209441372,0.00505478258784383,0.013370858541801572,1.5324453522449863,1.599148460990054
14,indoors,scene_00020,indoors/scene_00020/scan_00184,val/indoors/scene_00020/scan_00184/00020_00184_indoors_110_030.png,4,1,0,0,256,256,512,65536,24511,163580.0,145268.65956578453,145612.11872896214,-343.45916317760486,74853.1080516449,74970.33734332406,-117.22929167917432,0.0053949788862933485,0.008545079869246056,0.4933305774923713,0.20648982743550573
14,indoors,scene_00020,indoors/scene_00020/scan_00184,val/indoors/scene_00020/scan_00184/00020_00184_indoors_110_030.png,5,1,1,256,256,512,512,65536,10925,109236.0,50621.67688379799,50621.967468097224,-0.2905842992293346,30560.959072024496,30573.884276034565,-12.925204010064835,0.005996130333160274,0.006382556809574492,0.46780568919677373,0.6963406684482101
14,indoors,scene_00020,indoors/scene_00020/scan_00184,val/indoors/scene_00020/scan_00184/00020_00184_indoors_110_030.png,6,1,2,512,256,768,512,65536,2264,74592.0,10886.704474236412,10888.609830814195,-1.9053565777823467,9059.14562501552,9056.082478817205,3.0631461983170807,0.012541405858071624,0.005176539027459735,0.49646509503430897,1.394599948840676
14,indoors,scene_00020,indoors/scene_00020/scan_00184,val/indoors/scene_00020/scan_00184/00020_00184_indoors_110_030.png,7,1,3,768,256,1024,512,65536,1311,70780.0,5363.592221038897,5337.799004973743,25.793216065154226,5087.696411862308,5084.513974942343,3.182436919964286,0.011615326982670732,0.005439393118003308,0.5196017384808544,2.14990201660784
14,indoors,scene_00020,indoors/scene_00020/scan_00184,val/indoors/scene_00020/scan_00184/00020_00184_indoors_110_030.png,8,2,0,0,512,256,768,65536,0,65536.0,42736.31357206423,42771.27200989043,-34.95843782619981,42736.31357206423,42771.27200989043,-34.95843782619981,0.006196618001404532,0.004280167434538959,0.31471937149401596,0.6097279916569511
14,indoors,scene_00020,indoors/scene_00020/scan_00184,val/indoors/scene_00020/scan_00184/00020_00184_indoors_110_030.png,9,2,1,256,512,512,768,65536,0,65536.0,9942.048003166918,9955.959888805306,-13.911885638388533,9942.048003166918,9955.959888805306,-13.911885638388533,0.006098918307840503,0.0043744945859563195,0.7677230504180421,0.09115757199564123
14,indoors,scene_00020,indoors/scene_00020/scan_00184,val/indoors/scene_00020/scan_00184/00020_00184_indoors_110_030.png,10,2,2,512,512,768,768,65536,1560,71776.0,6877.500903896265,6947.254460590642,-69.75355669437755,6157.668361254436,6153.6499745826795,4.018386671755607,0.01914269493933807,0.004558150763051192,0.38968380666406593,2.3692402025681747
14,indoors,scene_00020,indoors/scene_00020/scan_00184,val/indoors/scene_00020/scan_00184/00020_00184_indoors_110_030.png,11,2,3,768,512,1024,768,65536,0,65536.0,12035.4024892416,12028.339575486396,7.0629137552049865,12035.4024892416,12028.339575486396,7.0629137552049865,0.022580040868245218,0.004494224336953462,0.6356458434662963,2.588319754403422
15,indoors,scene_00020,indoors/scene_00020/scan_00184,val/indoors/scene_00020/scan_00184/00020_00184_indoors_130_010.png,0,0,0,0,0,256,256,58085,5811,81329.0,40537.80134541019,42614.704480574845,-2076.9031351646527,17405.773041474986,17557.167885634124,-151.39484415913654,0.011959953588285497,0.013034906920313404,0.6095056459833612,0.11183962612491971
15,indoors,scene_00020,indoors/scene_00020/scan_00184,val/indoors/scene_00020/scan_00184/00020_00184_indoors_130_010.png,1,0,1,256,0,512,256,65536,3836,80880.0,47507.38033669942,46645.01073322914,862.3696034702779,35033.11057547547,34754.377495581706,278.73307989376957,0.007431216504990826,0.007124546340893346,0.23640736930047218,0.7324295758983891
15,indoors,scene_00020,indoors/scene_00020/scan_00184,val/indoors/scene_00020/scan_00184/00020_00184_indoors_130_010.png,2,0,2,512,0,768,256,65536,0,65536.0,3611.507290710073,3609.633562599871,1.8737281102023657,3611.507290710073,3609.633562599871,1.8737281102023657,0.006253015264783113,0.004426826687314488,1.0168234357013828,0.060799944336153766
15,indoors,scene_00020,indoors/scene_00020/scan_00184,val/indoors/scene_00020/scan_00184/00020_00184_indoors_130_010.png,3,0,3,768,0,1024,256,65536,0,65536.0,6241.862079695625,6223.934726298876,17.927353396749208,6241.862079695625,6223.934726298876,17.927353396749208,0.006198728674901794,0.005266138424657232,1.375859733490805,0.17440474382836735
15,indoors,scene_00020,indoors/scene_00020/scan_00184,val/indoors/scene_00020/scan_00184/00020_00184_indoors_130_010.png,4,1,0,0,256,256,512,56260,5504,78276.0,33267.675753818796,29156.21137989927,4111.464373919522,16282.095750394621,14711.332855802899,1570.7628945917204,0.012664107564098578,0.017693214880232275,0.7976494193390993,0.2882663341657842
15,indoors,scene_00020,indoors/scene_00020/scan_00184,val/indoors/scene_00020/scan_00184/00020_00184_indoors_130_010.png,5,1,1,256,256,512,512,65536,1472,71424.0,37853.87589835413,37599.50561454471,254.37028380942124,33384.17785758588,33296.42360365738,87.75425392850264,0.007017886656478275,0.006605351320878686,0.4756188262157458,0.07729321889004767
15,indoors,scene_00020,indoors/scene_00020/scan_00184,val/indoors/scene_00020/scan_00184/00020_00184_indoors_130_010.png,6,1,2,512,256,768,512,65536,0,65536.0,3147.0334884299464,3142.0450341135997,4.9884543163466715,3147.0334884299464,3142.0450341135997,4.9884543163466715,0.006086055614190928,0.004569591156971822,0.7450734397083794,1.6834079583790509
15,indoors,scene_00020,indoors/scene_00020/scan_00184,val/indoors/scene_00020/scan_00184/00020_00184_indoors_130_010.png,7,1,3,768,256,1024,512,65536,42,65704.0,7201.557892193166,7193.316232118215,8.241660074949936,7179.384713333796,7171.199004264954,8.185709068841534,0.005600439167456788,0.005375487325912591,0.7215795051323253,3.0350298275042378
15,indoors,scene_00020,indoors/scene_00020/scan_00184,val/indoors/scene_00020/scan_00184/00020_00184_indoors_130_010.png,8,2,0,0,512,256,768,63396,26391,168960.0,34551.36552411478,35023.4427791133,-472.07725499852063,11434.934702681472,11530.398149560457,-95.46344687898223,0.014253912427721581,0.022854989422308087,0.6386224288253759,1.1663515930725918
15,indoors,scene_00020,indoors/scene_00020/scan_00184,val/indoors/scene_00020/scan_00184/00020_00184_indoors_130_010.png,9,2,1,256,512,512,768,65533,21260,150573.0,44138.05912954601,43959.78698788784,178.2721416581715,21256.466969748002,21249.612103034782,6.854866713219039,0.0077092034292035256,0.01060982480423953,0.5975177218201835,0.8308357911524442
15,indoors,scene_00020,indoors/scene_00020/scan_00184,val/indoors/scene_00020/scan_00184/00020_00184_indoors_130_010.png,10,2,2,512,512,768,768,65429,5897,89017.0,13280.50901837484,13533.78498955585,-253.27597118101275,8763.943204405603,8928.823451639248,-164.88024723364356,0.012304956813167293,0.021200885909721964,0.9033278657222523,1.7197597981563217
15,indoors,scene_00020,indoors/scene_00020/scan_00184,val/indoors/scene_00020/scan_00184/00020_00184_indoors_130_010.png,11,2,3,768,512,1024,768,65504,6530,91624.0,20198.888500373712,20254.45760086654,-55.569100492828134,15262.497542775687,15260.984498438602,1.5130443370865976,0.012703494508590289,0.014079335000300357,0.7062218432388642,3.5710965516901143
16,indoors,scene_00020,indoors/scene_00020/scan_00184,val/indoors/scene_00020/scan_00184/00020_00184_indoors_140_000.png,0,0,0,0,0,256,256,65465,14517,123533.0,26570.97733331115,26566.100639629713,4.8766936814383435,9315.33179130132,9213.345416980388,101.98637432093042,0.01404879863939815,0.007002455064542391,0.2168499195931484,2.097891788283318
16,indoors,scene_00020,indoors/scene_00020/scan_00184,val/indoors/scene_00020/scan_00184/00020_00184_indoors_140_000.png,1,0,1,256,0,512,256,57775,3383,71307.0,80572.68819177186,52837.79063027937,27734.89756149248,52283.30291157748,39577.10954603962,12706.193365537869,0.012901590198508167,0.011052041896226633,0.6100380139542253,-0.02381826442341206
16,indoors,scene_00020,indoors/scene_00020/scan_00184,val/indoors/scene_00020/scan_00184/00020_00184_indoors_140_000.png,2,0,2,512,0,768,256,65536,1403,71148.0,85156.86080531267,85828.38345545296,-671.5226501402826,76164.26950399873,76608.57119369521,-444.30168969648713,0.007090067757001499,0.006396968844188275,0.45544010835626586,-0.49292352586321253
16,indoors,scene_00020,indoors/scene_00020/scan_00184,val/indoors/scene_00020/scan_00184/00020_00184_indoors_140_000.png,3,0,3,768,0,1024,256,65536,0,65536.0,4898.386721502886,4897.005899278383,1.3808222245018937,4898.386721502886,4897.005899278383,1.3808222245018937,0.006288218179238559,0.005176603894845367,0.662742586606739,0.7322387201743349
16,indoors,scene_00020,indoors/scene_00020/scan_00184,val/indoors/scene_00020/scan_00184/00020_00184_indoors_140_000.png,4,1,0,0,256,256,512,65256,15497,127244.0,18221.676547071384,18501.92994406555,-280.25339699416594,7907.681389485912,8017.678087650718,-109.99669816480457,0.015960795596862632,0.02357320901972368,0.4928856919261085,1.6150845354461394
16,indoors,scene_00020,indoors/scene_00020/scan_00184,val/indoors/scene_00020/scan_00184/00020_00184_indoors_140_000.png,5,1,1,256,256,512,512,63138,17988,135090.0,60424.59218357935,62724.43560211058,-2299.8434185312267,23729.142113498383,24065.96953834054,-336.82742484215385,0.014789559775633215,0.02053522876539272,0.5959135682113761,0.16124566063801588
16,indoors,scene_00020,indoors/scene_00020/scan_00184,val/indoors/scene_00020/scan_00184/00020_00184_indoors_140_000.png,6,1,2,512,256,768,512,65532,6805,92752.0,101482.53022657328,102620.60944095282,-1138.0792143795425,65114.53361530139,65471.487875703686,-356.9542604022904,0.0071734222675537565,0.00864867002822198,0.45800150053597605,0.06557618739692607
16,indoors,scene_00020,indoors/scene_00020/scan_00184,val/indoors/scene_00020/scan_00184/00020_00184_indoors_140_000.png,7,1,3,768,256,1024,512,65458,2985,77398.0,10658.328725874397,10672.033912030674,-13.705186156276,8364.046138518315,8377.784068569503,-13.737930051186044,0.011481002225491097,0.015199030010645497,0.6342008710739785,1.380019456086019
16,indoors,scene_00020,indoors/scene_00020/scan_00184,val/indoors/scene_00020/scan_00184/00020_00184_indoors_140_000.png,8,2,0,0,512,256,768,65469,3441,79233.0,14421.102675879352,14802.811258132766,-381.70858225341226,12006.573589704154,12121.857280846574,-115.28369114241812,0.01573875340349864,0.014674969271210345,0.6115532878610258,1.950859222276481
16,indoors,scene_00020,indoors/scene_00020/scan_00184,val/indoors/scene_00020/scan_00184/00020_00184_indoors_140_000.png,9,2,1,256,512,512,768,65418,4056,81642.0,17287.04577790812,17694.743568871945,-407.6977909638261,13192.867462256514,13592.005697786626,-399.13823553011275,0.014322540741583012,0.030015550393556814,1.0304587855677785,0.5804978639634099
16,indoors,scene_00020,indoors/scene_00020/scan_00184,val/indoors/scene_00020/scan_00184/00020_00184_indoors_140_000.png,10,2,2,512,512,768,768,65536,1350,70936.0,16747.25124375771,16843.970335410453,-96.71909165274137,15284.158726583466,15216.387513296893,67.7712132865731,0.006370419622221681,0.029525184861238625,0.9239216403971123,1.5508433257779324
16,indoors,scene_00020,indoors/scene_00020/scan_00184,val/indoors/scene_00020/scan_00184/00020_00184_indoors_140_000.png,11,2,3,768,512,1024,768,64938,6081,89262.0,24841.23411272347,25055.01432330737,-213.7802105838983,17877.794684502143,17981.862333115474,-104.06764861333374,0.015722527770168086,0.028133327188024727,1.0739180184470205,1.3207283835803003
17,indoors,scene_00020,indoors/scene_00020/scan_00184,val/indoors/scene_00020/scan_00184/00020_00184_indoors_160_010.png,0,0,0,0,0,256,256,65423,8482,99351.0,16004.141065301625,15746.560798274484,257.58026702714267,6559.049757113203,6375.9972915428625,183.05246557034013,0.00923424709162307,0.021731289964531164,0.78519084633618,1.3290512328145596
17,indoors,scene_00020,indoors/scene_00020/scan_00184,val/indoors/scene_00020/scan_00184/00020_00184_indoors_160_010.png,1,0,1,256,0,512,256,65288,2924,76984.0,16016.533294531162,15971.32819605593,45.20509847522997,8789.758119509399,8366.219864285347,423.5382552240518,0.008709504824227129,0.009572915401522698,0.10635550561389379,2.3575501697241315
17,indoors,scene_00020,indoors/scene_00020/scan_00184,val/indoors/scene_00020/scan_00184/00020_00184_indoors_160_010.png,2,0,2,512,0,768,256,65536,834,68872.0,8406.294761769286,8461.027669310433,-54.732907541148705,7617.845084777606,7866.778760229596,-248.93367545199018,0.014992996247862983,0.0010748131743890453,1.4737950954274284,0.39736446535200576
17,indoors,scene_00020,indoors/scene_00020/scan_00184,val/indoors/scene_00020/scan_00184/00020_00184_indoors_160_010.png,3,0,3,768,0,1024,256,57849,2698,68641.0,68360.913868838,76186.17246660977,-7825.258597771756,44699.4619683716,50061.244939014534,-5361.782970642929,0.009954214365742602,0.010811818395054873,0.5464217969875171,-0.10107812431729377
17,indoors,scene_00020,indoors/scene_00020/scan_00184,val/indoors/scene_00020/scan_00184/00020_00184_indoors_160_010.png,4,1,0,0,256,256,512,64674,10877,108182.0,20231.358625353412,20271.83808877618,-40.47946342277016,8204.310492046963,8045.541718582939,158.76877346402532,0.016234744645247053,0.022551326473509423,0.47760758580042223,1.547732407774385
17,indoors,scene_00020,indoors/scene_00020/scan_00184,val/indoors/scene_00020/scan_00184/00020_00184_indoors_160_010.png,5,1,1,256,256,512,512,64980,5573,87272.0,20488.13496407592,21146.457144396292,-658.3221803203721,9150.235347256086,9381.30505877749,-231.06971152140346,0.01071675680961818,0.015512343554013135,0.5733216480677378,1.1653071897621736
17,indoors,scene_00020,indoors/scene_00020/scan_00184,val/indoors/scene_00020/scan_00184/00020_00184_indoors_160_010.png,6,1,2,512,256,768,512,65459,10942,109227.0,22817.742901407128,22696.406980823194,121.33592058393903,9779.482064940003,9791.225144589753,-11.743079649750964,0.015863459079978492,0.012275377447997594,0.4947000884206027,2.024215537349085
17,indoors,scene_00020,indoors/scene_00020/scan_00184,val/indoors/scene_00020/scan_00184/00020_00184_indoors_160_010.png,7,1,3,768,256,1024,512,56957,2444,66733.0,55483.1324419878,48671.77926944468,6811.353172543117,37634.84814688146,34814.259674782385,2820.5884720990707,0.011625448870921366,0.015018902382180607,0.7024684021847322,0.012466314604289224
17,indoors,scene_00020,indoors/scene_00020/scan_00184,val/indoors/scene_00020/scan_00184/00020_00184_indoors_160_010.png,8,2,0,0,512,256,768,65536,3667,80204.0,8524.115122646748,8821.298028174147,-297.18290552739745,6841.917661706597,7033.463733991886,-191.54607228528943,0.008401231853938543,0.009513517115486193,0.3846628423303546,2.571534433975762
17,indoors,scene_00020,indoors/scene_00020/scan_00184,val/indoors/scene_00020/scan_00184/00020_00184_indoors_160_010.png,9,2,1,256,512,512,768,65033,5175,85733.0,14777.325340090294,14756.834546986252,20.49079310404266,8490.54247548226,8624.520505242353,-133.97802976009297,0.009036662850114858,0.0237291120088943,0.5832098551173759,2.2476921607972002
17,indoors,scene_00020,indoors/scene_00020/scan_00184,val/indoors/scene_00020/scan_00184/00020_00184_indoors_160_010.png,10,2,2,512,512,768,768,65282,13891,120846.0,26708.80521508785,26263.950018899886,444.8551961879647,12547.42575831703,12486.424031589519,61.00172672751125,0.016480115425540235,0.0317274880732519,0.6131846655733658,2.0577441244203047
17,indoors,scene_00020,indoors/scene_00020/scan_00184,val/indoors/scene_00020/scan_00184/00020_00184_indoors_160_010.png,11,2,3,768,512,1024,768,63027,8997,99015.0,31155.080243132667,29842.031890689093,1313.0483524435701,18160.151763689915,17808.460831058535,351.69093263138024,0.013199922477891608,0.023223453676366926,0.6642335265423497,0.7352904034278861
18,indoors,scene_00020,indoors/scene_00020/scan_00184,val/indoors/scene_00020/scan_00184/00020_00184_indoors_190_020.png,0,0,0,0,0,256,256,65536,0,65536.0,20129.829276691496,20132.499174286044,-2.669897594544204,20129.829276691496,20132.499174286044,-2.669897594544204,0.006469489233473827,0.009182097178546768,0.6688468127686819,1.6877423617305423
18,indoors,scene_00020,indoors/scene_00020/scan_00184,val/indoors/scene_00020/scan_00184/00020_00184_indoors_190_020.png,1,0,1,256,0,512,256,65536,4638,84088.0,25861.036286367937,25790.00160406785,71.03468230008792,15627.889162207393,15579.727858499871,48.16130370752279,0.00636997987441828,0.009682048461949477,0.511038640048708,0.6315460192309006
18,indoors,scene_00020,indoors/scene_00020/scan_00184,val/indoors/scene_00020/scan_00184/00020_00184_indoors_190_020.png,2,0,2,512,0,768,256,65536,12535,115676.0,60161.36056786933,59754.92485095338,406.4357169159542,33155.52182084779,33173.860300607615,-18.33847975983214,0.006769751949498478,0.007221439549741617,0.3540355527297568,0.3842570518108292
18,indoors,scene_00020,indoors/scene_00020/scan_00184,val/indoors/scene_00020/scan_00184/00020_00184_indoors_190_020.png,3,0,3,768,0,1024,256,65536,4457,83364.0,25736.374346373697,25426.65338188319,309.72096449050713,19643.452350698197,19462.04673984505,181.40561085314692,0.006949500818552548,0.005417492160897517,0.18063404103535857,0.9766746674322003
18,indoors,scene_00020,indoors/scene_00020/scan_00184,val/indoors/scene_00020/scan_00184/00020_00184_indoors_190_020.png,4,1,0,0,256,256,512,65536,0,65536.0,22897.776528540948,22884.822683201488,12.953845339460107,22897.776528540948,22884.822683201488,12.953845339460107,0.005795415606221111,0.009341663287042277,1.626734047244032,1.8703484614523302
18,indoors,scene_00020,indoors/scene_00020/scan_00184,val/indoors/scene_00020/scan_00184/00020_00184_indoors_190_020.png,5,1,1,256,256,512,512,65536,330,66856.0,17885.13145013451,18007.03558475289,-121.9041346183815,16653.068065980926,16767.790996139884,-114.72293015895397,0.006497726119708661,0.008842819129475876,0.6142106768086292,0.04776180987220591
18,indoors,scene_00020,indoors/scene_00020/scan_00184,val/indoors/scene_00020/scan_00184/00020_00184_indoors_190_020.png,6,1,2,512,256,768,512,65409,5142,85977.0,38772.12624153995,38307.19080298158,464.93543855836106,33316.36284638493,32822.487215382906,493.8756310020273,0.006773362392167299,0.006483569467506413,0.036781245035597786,1.0043808663311182
18,indoors,scene_00020,indoors/scene_00020/scan_00184,val/indoors/scene_00020/scan_00184/00020_00184_indoors_190_020.png,7,1,3,768,256,1024,512,65439,11603,111851.0,22096.83400584729,22003.160565519327,93.67344032796103,11562.176619619153,11382.593993942726,179.58262567642893,0.011181928760934698,0.01525821994485931,0.39789184324002064,0.6910541449433479
18,indoors,scene_00020,indoors/scene_00020/scan_00184,val/indoors/scene_00020/scan_00184/00020_00184_indoors_190_020.png,8,2,0,0,512,256,768,65313,3926,81017.0,29598.03745997239,29606.72029509278,-8.68283512038743,24592.045714122214,24579.83497934983,12.210734772382533,0.0077757856734455375,0.0143117653174005,0.6820002213849515,3.795758872015407
18,indoors,scene_00020,indoors/scene_00020/scan_00184,val/indoors/scene_00020/scan_00184/00020_00184_indoors_190_020.png,9,2,1,256,512,512,768,63324,16589,129680.0,38905.94734691057,39407.18595007964,-501.23860316907235,14782.138143463037,15087.459711473257,-305.3215680102219,0.0067791419000508045,0.011295157000301178,1.4395078851830632,0.06703591569703594
18,indoors,scene_00020,indoors/scene_00020/scan_00184,val/indoors/scene_00020/scan_00184/00020_00184_indoors_190_020.png,10,2,2,512,512,768,768,65527,1942,73295.0,15817.505843482584,15745.389105198044,72.11673828454103,14226.64525775849,14177.25194916925,49.39330858924088,0.006237998221416374,0.0034354122744078277,0.09636404883304685,1.159557486196184
18,indoors,scene_00020,indoors/scene_00020/scan_00184,val/indoors/scene_00020/scan_00184/00020_00184_indoors_190_020.png,11,2,3,768,512,1024,768,64718,17131,133242.0,23541.08390605735,22320.6327372705,1220.451168786853,7972.521566383435,7743.786818231261,228.7347481521734,0.015440487378704083,0.017021365070434086,0.30037740120254747,1.0350707270251338
19,indoors,scene_00020,indoors/scene_00020/scan_00184,val/indoors/scene_00020/scan_00184/00020_00184_indoors_290_040.png,0,0,0,0,0,256,256,65536,2843,76908.0,10950.692907539898,10951.139796605374,-0.4468890654767712,8966.440546478374,8963.356337788711,3.08420868966331,0.006507268462781944,0.010228847340036226,0.7154524849094731,1.655536437425819
19,indoors,scene_00020,indoors/scene_00020/scan_00184,val/indoors/scene_00020/scan_00184/00020_00184_indoors_290_040.png,1,0,1,256,0,512,256,65536,3568,79808.0,11362.520329307576,11360.261713853448,2.258615454128214,9132.966781013138,9129.307310654935,3.6594703582025763,0.007285126882024599,0.010364462874710401,0.641241675119235,1.609005521642828
19,indoors,scene_00020,indoors/scene_00020/scan_00184,val/indoors/scene_00020/scan_00184/00020_00184_indoors_290_040.png,2,0,2,512,0,768,256,65536,2379,75052.0,10282.75117310908,10382.60483034463,-99.85365723555086,8788.826487833572,8855.13555585751,-66.3090680239366,0.008346632991858293,0.009962998593576234,0.804601045002037,1.530299818540256
19,indoors,scene_00020,indoors/scene_00020/scan_00184,val/indoors/scene_00020/scan_00184/00020_00184_indoors_290_040.png,3,0,3,768,0,1024,256,65536,369,67012.0,6429.092749447371,6424.135920111697,4.956829335673934,6353.9871650617015,6348.861771659281,5.125393402420654,0.006951122635629077,0.008586050516727783,0.48993741576227245,2.6881978897570193
19,indoors,scene_00020,indoors/scene_00020/scan_00184,val/indoors/scene_00020/scan_00184/00020_00184_indoors_290_040.png,4,1,0,0,256,256,512,65534,25093,165906.0,151769.35307627125,151865.42829034542,-96.07521407417815,59207.778633276,59269.51701137506,-61.738378099050735,0.00959954678347176,0.007887843927675827,0.5474031037539874,0.21260637721594536
19,indoors,scene_00020,indoors/scene_00020/scan_00184,val/indoors/scene_00020/scan_00184/00020_00184_indoors_290_040.png,5,1,1,256,256,512,512,65536,11676,112240.0,57760.478711358286,57671.437412368796,89.04129898948419,32431.180202137744,32410.128822510316,21.051379627429,0.0067911030989543045,0.007446228299232802,0.4002283915704505,0.8330928064399705
19,indoors,scene_00020,indoors/scene_00020/scan_00184,val/indoors/scene_00020/scan_00184/00020_00184_indoors_290_040.png,6,1,2,512,256,768,512,65536,4213,82388.0,9537.519604616637,9504.348463517259,33.17114109937756,7502.3375777797555,7507.317058099916,-4.979480320159534,0.008211804892428108,0.006776373379231594,0.4819551758011806,1.419678311183962
19,indoors,scene_00020,indoors/scene_00020/scan_00184,val/indoors/scene_00020/scan_00184/00020_00184_indoors_290_040.png,7,1,3,768,256,1024,512,65536,0,65536.0,6783.005631772985,6786.1584451478675,-3.1528133748826597,6783.005631772985,6786.1584451478675,-3.1528133748826597,0.006551146795628729,0.005642150543249127,0.2431440885222381,3.0764054462955333
19,indoors,scene_00020,indoors/scene_00020/scan_00184,val/indoors/scene_00020/scan_00184/00020_00184_indoors_290_040.png,8,2,0,0,512,256,768,65513,19601,143917.0,113615.03606301185,113901.81939166601,-286.7833286541557,41684.135769895714,41599.86528063052,84.27048926519291,0.016400443755844554,0.00832338190859995,0.20090141950993234,1.3533456417397995
19,indoors,scene_00020,indoors/scene_00020/scan_00184,val/indoors/scene_00020/scan_00184/00020_00184_indoors_290_040.png,9,2,1,256,512,512,768,65536,3076,77840.0,12278.084099710897,12232.760194440318,45.32390527058001,10718.970865143248,10720.145764659013,-1.1748995157653184,0.009303148709169007,0.006827070307769624,0.703670378763925,0.7038035402405175
19,indoors,scene_00020,indoors/scene_00020/scan_00184,val/indoors/scene_00020/scan_00184/00020_00184_indoors_290_040.png,10,2,2,512,512,768,768,65536,5823,88828.0,10573.415756462586,10504.553481701772,68.86227476081392,7344.771707951708,7335.554764006232,9.216943945475785,0.014080195316100875,0.007008384696998506,0.32553566246533344,2.8561241566090017
19,indoors,scene_00020,indoors/scene_00020/scan_00184,val/indoors/scene_00020/scan_00184/00020_00184_indoors_290_040.png,11,2,3,768,512,1024,768,65536,0,65536.0,12815.765621370783,12816.830835870032,-1.0652144992493229,12815.765621370783,12816.830835870032,-1.0652144992493229,0.007471384990233016,0.005431395807859639,0.27700505282537996,3.917118509134378
20,indoors,scene_00020,indoors/scene_00020/scan_00185,val/indoors/scene_00020/scan_00185/00020_00185_indoors_000_000.png,0,0,0,0,0,256,256,65344,8148,97936.0,56770.53878031713,56270.90944466713,499.6293356499978,43814.54597852768,43979.80823168757,-165.26225315988881,0.016868639776076205,0.014533875493059827,0.29084452347765755,0.7409659025045721
20,indoors,scene_00020,indoors/scene_00020/scan_00185,val/indoors/scene_00020/scan_00185/00020_00185_indoors_000_000.png,1,0,1,256,0,512,256,63881,14994,123857.0,100879.1171545348,91124.3705929563,9754.746561578511,51881.63327818452,46845.84068785801,5035.792590326515,0.02266303642028112,0.029885023718799673,0.6628082830818249,0.363604866900047
20,indoors,scene_00020,indoors/scene_00020/scan_00185,val/indoors/scene_00020/scan_00185/00020_00185_indoors_000_000.png,2,0,2,512,0,768,256,64894,11911,112538.0,823022.502534089,906802.8535443321,-83780.35101024294,677688.0991410804,739733.0318724789,-62044.9327313985,0.020664057222941883,0.02521548732811858,0.9569662815662788,-0.40601961451692403
20,indoors,scene_00020,indoors/scene_00020/scan_00185,val/indoors/scene_00020/scan_00185/00020_00185_indoors_000_000.png,3,0,3,768,0,1024,256,65424,5836,88768.0,2812638.1947653242,1827365.179323994,985273.0154413301,2099593.278698135,1502514.5494733278,597078.7292248076,0.013183768056436795,0.033848900651703345,1.2393012125301839,-0.9522364304206232
20,indoors,scene_00020,indoors/scene_00020/scan_00185,val/indoors/scene_00020/scan_00185/00020_00185_indoors_000_000.png,4,1,0,0,256,256,512,65526,5043,85698.0,68579.296830865,68213.35206117017,365.94476969482866,57410.319219542616,57147.215320081894,263.10389946071376,0.012175206232018928,0.01460818076873089,0.3829840595799121,0.6356802040406396
20,indoors,scene_00020,indoors/scene_00020/scan_00185,val/indoors/scene_00020/scan_00185/00020_00185_indoors_000_000.png,5,1,1,256,256,512,512,64874,5328,86186.0,32015.61318146052,31731.65440176675,283.95877969377307,22969.54446237481,22977.241182462225,-7.696720087412075,0.012825182775106369,0.015491143874305224,0.42787587946699945,1.0029810489431843
20,indoors,scene_00020,indoors/scene_00020/scan_00185,val/indoors/scene_00020/scan_00185/00020_00185_indoors_000_000.png,6,1,2,512,256,768,512,65203,6224,90099.0,20242.705315312123,19444.1646389725,798.5406763396254,10018.755719386669,9778.469218053748,240.2865013329213,0.018388823730473108,0.015717239631013964,0.7312887001447128,0.11220270064074925
20,indoors,scene_00020,indoors/scene_00020/scan_00185,val/indoors/scene_00020/scan_00185/00020_00185_indoors_000_000.png,7,1,3,768,256,1024,512,64568,7504,94584.0,22483.097679381197,22825.334279466828,-342.2366000856324,14600.27861861424,14753.900082341497,-153.6214637272571,0.02118088995474799,0.03484796260195707,0.8211931054213241,2.02828113749066
20,indoors,scene_00020,indoors/scene_00020/scan_00185,val/indoors/scene_00020/scan_00185/00020_00185_indoors_000_000.png,8,2,0,0,512,256,768,65504,4366,82968.0,44602.02094636699,49807.95961120502,-5205.93866483803,27503.74119672954,30976.69212963292,-3472.9509329033735,0.010684385714150294,0.022679081814414085,0.7427677482177267,0.2907914291434196
20,indoors,scene_00020,indoors/scene_00020/scan_00185,val/indoors/scene_00020/scan_00185/00020_00185_indoors_000_000.png,9,2,1,256,512,512,768,65465,1250,70465.0,17690.96518850575,17156.270196560345,534.6949919454061,14377.545045092116,14089.53013456706,288.01491052505764,0.009174956568570578,0.011458530574166223,0.5889672239575034,0.7642671105010614
20,indoors,scene_00020,indoors/scene_00020/scan_00185,val/indoors/scene_00020/scan_00185/00020_00185_indoors_000_000.png,10,2,2,512,512,768,768,65129,2007,73157.0,13036.523079759525,12935.400419737467,101.12266002205814,10666.671349607876,10600.033077848513,66.63827175936346,0.008585931503823304,0.017083213672411675,0.604403481464012,1.8352233557479365
20,indoors,scene_00020,indoors/scene_00020/scan_00185,val/indoors/scene_00020/scan_00185/00020_00185_indoors_000_000.png,11,2,3,768,512,1024,768,64671,5436,86415.0,18648.59298135356,18622.66257877252,25.930402581035352,12664.60300194944,12666.533581722795,-1.930579773355634,0.010730228647356215,0.01653727334461876,0.6407964316415924,3.2828900867469573
21,indoors,scene_00020,indoors/scene_00020/scan_00185,val/indoors/scene_00020/scan_00185/00020_00185_indoors_010_030.png,0,0,0,0,0,256,256,65536,11426,111240.0,21264.396392828574,21399.43230370077,-135.03591087219473,11871.247127882934,11899.628402791415,-28.381274908480428,0.010273438218290612,0.007850784075404346,0.672001440255982,0.8737921055585353
21,indoors,scene_00020,indoors/scene_00020/scan_00185,val/indoors/scene_00020/scan_00185/00020_00185_indoors_010_030.png,1,0,1,256,0,512,256,65536,13457,119364.0,27455.115988258018,27424.62923984416,30.486748413865875,12087.278278806618,12067.166542454881,20.111736351738294,0.009892708669352653,0.007821866758939425,0.6318125928833415,-0.014318510098678256
21,indoors,scene_00020,indoors/scene_00020/scan_00185,val/indoors/scene_00020/scan_00185/00020_00185_indoors_010_030.png,2,0,2,512,0,768,256,65536,1494,71512.0,9755.522112312674,9630.899672729207,124.6224395834663,8409.760790346088,8297.683040500831,112.07774984525577,0.00983690566251078,0.006851525976189623,0.387423433065474,1.0760750912090782
21,indoors,scene_00020,indoors/scene_00020/scan_00185,val/indoors/scene_00020/scan_00185/00020_00185_indoors_010_030.png,3,0,3,768,0,1024,256,65536,0,65536.0,9197.719612095609,9230.082587338182,-32.36297524257333,9197.719612095609,9230.082587338182,-32.36297524257333,0.009454840135603678,0.005685801928067524,0.1991199258545365,2.0075157987042775
21,indoors,scene_00020,indoors/scene_00020/scan_00185,val/indoors/scene_00020/scan_00185/00020_00185_indoors_010_030.png,4,1,0,0,256,256,512,65536,2501,75540.0,27482.128042177574,27405.656685923543,76.47135625402694,21732.515821222718,21681.69179886738,50.82402235533405,0.008393091410867555,0.003213424718021709,0.22289899544250225,0.661360999406286
21,indoors,scene_00020,indoors/scene_00020/scan_00185,val/indoors/scene_00020/scan_00185/00020_00185_indoors_010_030.png,5,1,1,256,256,512,512,65536,10182,106264.0,82735.06128072145,82764.59242914623,-29.531148424780916,47988.95090392936,47979.4482740368,9.502629892571456,0.008139850941506314,0.0050418954030131274,0.4006282095418861,0.3051003819449927
21,indoors,scene_00020,indoors/scene_00020/scan_00185,val/indoors/scene_00020/scan_00185/00020_00185_indoors_010_030.png,6,1,2,512,256,768,512,65536,0,65536.0,7142.14269684544,7158.46098646311,-16.318289617669905,7142.14269684544,7158.46098646311,-16.318289617669905,0.007803253512130992,0.005160681121091897,0.5923704074941553,0.5394528156055377
21,indoors,scene_00020,indoors/scene_00020/scan_00185,val/indoors/scene_00020/scan_00185/00020_00185_indoors_010_030.png,7,1,3,768,256,1024,512,65536,0,65536.0,14480.641455178538,14486.993989564431,-6.352534385892428,14480.641455178538,14486.993989564431,-6.352534385892428,0.008494932404402238,0.005338786318142778,0.9582844718070831,0.16163316736976574
21,indoors,scene_00020,indoors/scene_00020/scan_00185,val/indoors/scene_00020/scan_00185/00020_00185_indoors_010_030.png,8,2,0,0,512,256,768,65510,445,67290.0,6797.416492262914,6667.07687557445,130.33961668846482,6151.741554369308,6071.376938310102,80.36461605920707,0.008926183011016234,0.004450643345034359,0.3453479685501158,0.9416454403412801
21,indoors,scene_00020,indoors/scene_00020/scan_00185,val/indoors/scene_00020/scan_00185/00020_00185_indoors_010_030.png,9,2,1,256,512,512,768,65298,14651,123902.0,31511.61450448995,28443.265302943895,3068.349201546051,16241.558605638986,14900.97281892818,1340.5857867108073,0.01500389362706097,0.039418781950524145,0.23705605888810088,1.2436670883952372
21,indoors,scene_00020,indoors/scene_00020/scan_00185,val/indoors/scene_00020/scan_00185/00020_00185_indoors_010_030.png,10,2,2,512,512,768,768,65393,10905,109013.0,24750.76221290936,22279.941148491685,2470.821064417678,12893.100147424473,11498.454238596558,1394.645908827914,0.013226832671348734,0.023031016528779175,0.8786334953809093,0.6752441155353478
21,indoors,scene_00020,indoors/scene_00020/scan_00185,val/indoors/scene_00020/scan_00185/00020_00185_indoors_010_030.png,11,2,3,768,512,1024,768,65307,13520,119387.0,27882.999788655667,26658.47010375683,1224.5296848988387,12554.719230763714,12577.306124831048,-22.58689406733434,0.015308577889919517,0.02634730247856027,1.4198827449042661,-1.7167418317856709
22,indoors,scene_00020,indoors/scene_00020/scan_00185,val/indoors/scene_00020/scan_00185/00020_00185_indoors_040_000.png,0,0,0,0,0,256,256,65536,0,65536.0,3319.197743035743,3317.358514052011,1.83922898373264,3319.197743035743,3317.358514052011,1.83922898373264,0.008335549396568942,0.0010803747326859176,0.19632824780993152,0.9262395665274097
22,indoors,scene_00020,indoors/scene_00020/scan_00185,val/indoors/scene_00020/scan_00185/00020_00185_indoors_040_000.png,1,0,1,256,0,512,256,65536,1142,70104.0,5809.540175649683,5178.825818425318,630.7143572243646,5215.447394563063,4786.74166687631,428.7057276867532,0.01012366838274851,0.0033023005574548364,0.13553355001593073,1.0216629686570622
22,indoors,scene_00020,indoors/scene_00020/scan_00185,val/indoors/scene_00020/scan_00185/00020_00185_indoors_040_000.png,2,0,2,512,0,768,256,65536,682,68264.0,11532.991221399483,11387.36047234293,145.63074905655506,11066.584235087677,10984.4637674721,82.12046761557829,0.008862874379401498,0.0021356652875412874,0.14848745442531527,0.8500744347165019
22,indoors,scene_00020,indoors/scene_00020/scan_00185,val/indoors/scene_00020/scan_00185/00020_00185_indoors_040_000.png,3,0,3,768,0,1024,256,65536,0,65536.0,19969.921418195212,19974.684946860696,-4.76352866548411,19969.921418195212,19974.684946860696,-4.76352866548411,0.007265871332646235,0.0010372118468791839,0.1183392341225459,0.6022755874804833
22,indoors,scene_00020,indoors/scene_00020/scan_00185,val/indoors/scene_00020/scan_00185/00020_00185_indoors_040_000.png,4,1,0,0,256,256,512,65392,9246,102376.0,25960.216000945224,25568.322081325892,391.8939196193315,14537.298058996988,14343.854407913937,193.44365108305192,0.019581914173440736,0.013836082808496606,0.4705132711225983,0.817059726688108
22,indoors,scene_00020,indoors/scene_00020/scan_00185,val/indoors/scene_00020/scan_00185/00020_00185_indoors_040_000.png,5,1,1,256,256,512,512,62827,10431,104551.0,31331.77591683011,30687.88274126383,643.8931755662745,17754.31884636617,17212.398443036593,541.9204033295807,0.01715544189653249,0.01798950126719456,0.6215671917466457,0.5643025279450891
22,indoors,scene_00020,indoors/scene_00020/scan_00185,val/indoors/scene_00020/scan_00185/00020_00185_indoors_040_000.png,6,1,2,512,256,768,512,65157,11151,109761.0,35527.9684996055,34573.63121076072,954.337288844777,22430.59789546175,21695.736845901803,734.8610495599422,0.015406592480548625,0.019881046484084168,0.4407904768977413,0.7087166787879785
22,indoors,scene_00020,indoors/scene_00020/scan_00185,val/indoors/scene_00020/scan_00185/00020_00185_indoors_040_000.png,7,1,3,768,256,1024,512,65399,8979,101315.0,48395.37741731118,48140.47654006732,254.90087724386203,37649.25512644484,37541.854628561654,107.40049788318541,0.009795675766744512,0.010344446247193457,0.5106130374611708,0.46388190924580563
22,indoors,scene_00020,indoors/scene_00020/scan_00185,val/indoors/scene_00020/scan_00185/00020_00185_indoors_040_000.png,8,2,0,0,512,256,768,65495,7061,93739.0,37776.44254600655,36259.18181928138,1517.2607267251694,27319.1337476107,26393.637572090443,925.4961755202592,0.0124457460601545,0.023485267219212083,0.5905632094783968,0.6213252330656805
22,indoors,scene_00020,indoors/scene_00020/scan_00185,val/indoors/scene_00020/scan_00185/00020_00185_indoors_040_000.png,9,2,1,256,512,512,768,65495,9557,103723.0,45063.781608641206,46011.08904273837,-947.3074340971591,30156.661949933612,30178.30000681933,-21.638056885718697,0.014020627100181999,0.03739431693147024,0.9031602461098822,0.6500409153580852
22,indoors,scene_00020,indoors/scene_00020/scan_00185,val/indoors/scene_00020/scan_00185/00020_00185_indoors_040_000.png,10,2,2,512,512,768,768,65287,10625,107787.0,53645.374460131745,49885.4735951504,3759.900864981356,34548.53586817342,33334.57015322668,1213.9657149467366,0.015391765441946866,0.05145977591036921,0.5540626989410585,1.454945967981953
22,indoors,scene_00020,indoors/scene_00020/scan_00185,val/indoors/scene_00020/scan_00185/00020_00185_indoors_040_000.png,11,2,3,768,512,1024,768,65430,9388,102982.0,53905.856173094944,53078.118385144335,827.7377879506089,34277.28844742909,34978.90014334675,-701.6116959176552,0.015075514647709837,0.021169273973349438,0.6485612228076424,0.5516909525529929
23,indoors,scene_00020,indoors/scene_00020/scan_00185,val/indoors/scene_00020/scan_00185/00020_00185_indoors_070_000.png,0,0,0,0,0,256,256,64703,3445,78483.0,28514.887127725335,28661.608505012675,-146.72137728734114,22131.989015258157,21693.631535275934,438.35747998222115,0.011919608899317721,0.008789607151584842,0.18284391703650874,0.9877998947019158
23,indoors,scene_00020,indoors/scene_00020/scan_00185,val/indoors/scene_00020/scan_00185/00020_00185_indoors_070_000.png,1,0,1,256,0,512,256,65406,2904,77022.0,10257.781157781814,9749.4290547531,508.3521030287146,8233.145268150292,7970.89834179054,262.2469263597523,0.008903798430890765,0.007274810465548995,0.310971641061073,1.2740394437903781
23,indoors,scene_00020,indoors/scene_00020/scan_00185,val/indoors/scene_00020/scan_00185/00020_00185_indoors_070_000.png,2,0,2,512,0,768,256,65523,2512,75571.0,6518.025974495344,6493.3857440808615,24.640230414481888,4307.937853724033,4168.630920122609,139.3069336014242,0.007701547400343951,0.005952610197681752,0.3897725966707711,1.361877584377588
23,indoors,scene_00020,indoors/scene_00020/scan_00185,val/indoors/scene_00020/scan_00185/00020_00185_indoors_070_000.png,3,0,3,768,0,1024,256,65536,0,65536.0,10559.535081518283,10560.227581656733,-0.6925001384486827,10559.535081518283,10560.227581656733,-0.6925001384486827,0.00867325038166424,0.0030440780662936285,0.5752613505939863,1.6158986226058898
23,indoors,scene_00020,indoors/scene_00020/scan_00185,val/indoors/scene_00020/scan_00185/00020_00185_indoors_070_000.png,4,1,0,0,256,256,512,65423,8958,101255.0,54311.5533191305,53229.82921276886,1081.7241063616364,29003.231900545154,27643.97139026216,1359.2605102829893,0.017746139588405475,0.012155421322456885,0.3872073002714285,0.6834032118688215
23,indoors,scene_00020,indoors/scene_00020/scan_00185,val/indoors/scene_00020/scan_00185/00020_00185_indoors_070_000.png,5,1,1,256,256,512,512,65439,7710,96279.0,12714.073751727505,12711.947568331716,2.126183395790544,6099.163152684677,6036.230924480298,62.93222820437817,0.018166333320523403,0.010888677074617867,0.3472640221947137,1.2386350964014132
23,indoors,scene_00020,indoors/scene_00020/scan_00185,val/indoors/scene_00020/scan_00185/00020_00185_indoors_070_000.png,6,1,2,512,256,768,512,65501,3621,79985.0,15533.184783766337,15355.042411079265,178.142372687074,11900.016269193977,11512.421126032852,387.5951431611246,0.007482868538626821,0.009003673857060218,0.5641021625743725,0.9988433970083234
23,indoors,scene_00020,indoors/scene_00020/scan_00185,val/indoors/scene_00020/scan_00185/00020_00185_indoors_070_000.png,7,1,3,768,256,1024,512,64649,13843,120021.0,28211.325426375788,28075.301567854473,136.0238585213099,13215.776204123202,13193.02050533332,22.755698789883752,0.023142741726861534,0.018599802025632637,0.47359070700186173,2.091282052020298
23,indoors,scene_00020,indoors/scene_00020/scan_00185,val/indoors/scene_00020/scan_00185/00020_00185_indoors_070_000.png,8,2,0,0,512,256,768,65465,4755,84485.0,20292.626339133858,19369.75808356548,922.8682555683744,9917.91389620042,9634.22046009455,283.6934361058713,0.021324861578201466,0.01140308177021582,0.3016244247618198,1.1842108193551455
23,indoors,scene_00020,indoors/scene_00020/scan_00185,val/indoors/scene_00020/scan_00185/00020_00185_indoors_070_000.png,9,2,1,256,512,512,768,65275,17233,134207.0,29116.176239364002,27544.92564024659,1571.250599117414,9856.531733335189,9215.314019736394,641.2177135987963,0.022091110914460917,0.0226668061969573,0.39761380263096346,1.2637416136891326
23,indoors,scene_00020,indoors/scene_00020/scan_00185,val/indoors/scene_00020/scan_00185/00020_00185_indoors_070_000.png,10,2,2,512,512,768,768,65508,7619,95984.0,28849.200150158787,29449.765038686615,-600.564888527827,19847.556782513297,20127.650519766776,-280.0937372534769,0.013267614243859815,0.02555484884439344,0.7956398111996993,0.7814367377450842
23,indoors,scene_00020,indoors/scene_00020/scan_00185,val/indoors/scene_00020/scan_00185/00020_00185_indoors_070_000.png,11,2,3,768,512,1024,768,65520,5795,88700.0,23623.13364860772,23203.820840380286,419.3128082274351,17517.909203730727,17251.1691730148,266.74003071592597,0.013073472717693622,0.023164720942297903,0.711427728205295,1.47291647092603
24,indoors,scene_00020,indoors/scene_00020/scan_00185,val/indoors/scene_00020/scan_00185/00020_00185_indoors_080_010.png,0,0,0,0,0,256,256,65536,3959,81372.0,105940.07809797156,105368.78264204095,571.2954559306281,86488.09920037657,86501.07742690653,-12.978226529958935,0.014746984848612112,0.0038181819184159166,0.2995856521853675,0.23853332615598621
24,indoors,scene_00020,indoors/scene_00020/scan_00185,val/indoors/scene_00020/scan_00185/00020_00185_indoors_080_010.png,1,0,1,256,0,512,256,65536,0,65536.0,24210.015880882067,24203.856835377468,6.159045504598687,24210.015880882067,24203.856835377468,6.159045504598687,0.005500224203561826,0.0033083468343967862,1.0477010945288587,-0.16936191228133565
24,indoors,scene_00020,indoors/scene_00020/scan_00185,val/indoors/scene_00020/scan_00185/00020_00185_indoors_080_010.png,2,0,2,512,0,768,256,65536,0,65536.0,4516.231073491099,4516.462781290236,-0.23170779913646644,4516.231073491099,4516.462781290236,-0.23170779913646644,0.0074898833799654455,0.003432151008181229,0.649791838432281,0.9809625514677567
24,indoors,scene_00020,indoors/scene_00020/scan_00185,val/indoors/scene_00020/scan_00185/00020_00185_indoors_080_010.png,3,0,3,768,0,1024,256,65536,0,65536.0,7367.863803536078,7369.027596765724,-1.163793229646849,7367.863803536078,7369.027596765724,-1.163793229646849,0.00882056382506392,0.0037527052627937207,0.4380986812217931,2.2463900970173865
24,indoors,scene_00020,indoors/scene_00020/scan_00185,val/indoors/scene_00020/scan_00185/00020_00185_indoors_080_010.png,4,1,0,0,256,256,512,65536,912,69184.0,96895.04228486595,96954.92621469841,-59.8839298324651,92500.56061551369,92587.79283183719,-87.23221632350972,0.005939919268916132,0.003774428421130747,0.49980508445292676,0.1768996273158618
24,indoors,scene_00020,indoors/scene_00020/scan_00185,val/indoors/scene_00020/scan_00185/00020_00185_indoors_080_010.png,5,1,1,256,256,512,512,64803,3722,79691.0,15144.620645425897,14964.743027260967,179.87761816492878,10291.2818581556,10437.908610630475,-146.62675247487408,0.012255687178261674,0.009517512335007361,0.419103367202848,1.3519192931305586
24,indoors,scene_00020,indoors/scene_00020/scan_00185,val/indoors/scene_00020/scan_00185/00020_00185_indoors_080_010.png,6,1,2,512,256,768,512,65456,5026,85560.0,10187.328518519484,9911.46778962703,275.8607288924569,7240.750877319841,7140.491421282022,100.25945603781835,0.009875616778453491,0.007791408201653779,0.35356738564975626,2.373463925701791
24,indoors,scene_00020,indoors/scene_00020/scan_00185,val/indoors/scene_00020/scan_00185/00020_00185_indoors_080_010.png,7,1,3,768,256,1024,512,65533,1036,69677.0,7494.683267164697,7502.295848942304,-7.612581777606985,6266.661947400509,6276.07290797334,-9.410960572830822,0.006872929506556491,0.007228937722329943,0.5838248568008413,2.5655342242063544
24,indoors,scene_00020,indoors/scene_00020/scan_00185,val/indoors/scene_00020/scan_00185/00020_00185_indoors_080_010.png,8,2,0,0,512,256,768,64974,19873,144466.0,164956.6744368371,170582.92935837928,-5626.254921542196,70272.6479951637,72696.3598111285,-2423.711815964797,0.014381962162063425,0.026520610705195458,0.67608898323174,0.28923601807820143
24,indoors,scene_00020,indoors/scene_00020/scan_00185,val/indoors/scene_00020/scan_00185/00020_00185_indoors_080_010.png,9,2,1,256,512,512,768,65433,18515,139493.0,21212.57385960246,22040.729109776214,-828.1552501737567,8149.350292754535,8310.902996634843,-161.55270388030618,0.018623451000448644,0.013057915052596385,0.6694143257388059,1.1720265425823593
24,indoors,scene_00020,indoors/scene_00020/scan_00185,val/indoors/scene_00020/scan_00185/00020_00185_indoors_080_010.png,10,2,2,512,512,768,768,65319,22247,154307.0,26880.296976785703,26985.348540838393,-105.05156405268905,10205.301722173012,10221.909622019235,-16.607899846223305,0.01909410060069797,0.01556503618544553,0.3788040213709226,2.6545141298010786
24,indoors,scene_00020,indoors/scene_00020/scan_00185,val/indoors/scene_00020/scan_00185/00020_00185_indoors_080_010.png,11,2,3,768,512,1024,768,65536,3185,78276.0,6730.516879920813,6712.536370235771,17.98050968504148,5131.770690338917,5134.923378077491,-3.1526877385734635,0.006254928043415807,0.006764431264474551,0.46345813067056374,2.4049807497135642
25,indoors,scene_00020,indoors/scene_00020/scan_00185,val/indoors/scene_00020/scan_00185/00020_00185_indoors_190_000.png,0,0,0,0,0,256,256,65536,0,65536.0,7773.23485847634,7769.158433067595,4.0764254087456155,7773.23485847634,7769.158433067595,4.0764254087456155,0.014379322670622113,0.004421860224956799,0.43352366780448026,3.478401684480148
25,indoors,scene_00020,indoors/scene_00020/scan_00185,val/indoors/scene_00020/scan_00185/00020_00185_indoors_190_000.png,1,0,1,256,0,512,256,65536,2278,74648.0,4158.297250562921,4075.9155973984116,82.38165316450952,3446.1329819059133,3414.765479663144,31.3675022427696,0.013921842954157937,0.005286617240760831,0.06727422325060757,3.600397244098394
25,indoors,scene_00020,indoors/scene_00020/scan_00185,val/indoors/scene_00020/scan_00185/00020_00185_indoors_190_000.png,2,0,2,512,0,768,256,65536,1483,71468.0,16037.211553019804,16260.779693666193,-223.56814064638925,14353.976204952442,14423.400716431424,-69.424511478986,0.018672220544687583,0.005728041403900678,0.30964577061292115,1.900398547536623
25,indoors,scene_00020,indoors/scene_00020/scan_00185,val/indoors/scene_00020/scan_00185/00020_00185_indoors_190_000.png,3,0,3,768,0,1024,256,65536,1933,73268.0,65070.87229685847,65871.13898905451,-800.2666921960457,57542.23749605718,57710.57209833459,-168.33460227741068,0.012115034750754034,0.006028930357050417,0.22763957773953294,1.0305133993652258
25,indoors,scene_00020,indoors/scene_00020/scan_00185,val/indoors/scene_00020/scan_00185/00020_00185_indoors_190_000.png,4,1,0,0,256,256,512,65536,0,65536.0,3311.850841501724,3313.637519728759,-1.786678227034939,3311.850841501724,3313.637519728759,-1.786678227034939,0.01488391195734524,0.004386725595650678,0.4803537767825792,3.0625466107650885
25,indoors,scene_00020,indoors/scene_00020/scan_00185,val/indoors/scene_00020/scan_00185/00020_00185_indoors_190_000.png,5,1,1,256,256,512,512,65521,438,67273.0,8996.90182850528,9020.424397975537,-23.52256947025571,8314.403283579324,8334.172079451553,-19.76879587222921,0.012625298355830691,0.004907530718048597,0.5603750632045602,2.1812845077378524
25,indoors,scene_00020,indoors/scene_00020/scan_00185,val/indoors/scene_00020/scan_00185/00020_00185_indoors_190_000.png,6,1,2,512,256,768,512,65477,2987,77425.0,34864.14942583609,34639.72565783543,224.42376800066165,28365.866774498903,28304.998883089313,60.86789140958874,0.015023716671740284,0.007144122706061655,0.41879549451644343,1.1955458751519905
25,indoors,scene_00020,indoors/scene_00020/scan_00185,val/indoors/scene_00020/scan_00185/00020_00185_indoors_190_000.png,7,1,3,768,256,1024,512,65476,11474,111372.0,119006.88176092936,119116.16816748305,-109.28640655368568,79045.06598421611,79106.7982707626,-61.73228654649842,0.014836491541150075,0.010536225815577487,0.5332607341032081,0.41172622608277204
25,indoors,scene_00020,indoors/scene_00020/scan_00185,val/indoors/scene_00020/scan_00185/00020_00185_indoors_190_000.png,8,2,0,0,512,256,768,65402,4564,83658.0,7834.863471007078,7782.047733278531,52.81573772854706,4714.044175783834,4693.0399924579,21.00418332593449,0.015826757241931947,0.012787983450458972,0.4466650333368613,3.4341459221753095
25,indoors,scene_00020,indoors/scene_00020/scan_00185,val/indoors/scene_00020/scan_00185/00020_00185_indoors_190_000.png,9,2,1,256,512,512,768,65296,15445,127076.0,21257.034548909818,21314.91311926885,-57.878570359031826,9757.441091173965,9812.503301114712,-55.0622099407466,0.03437368280457389,0.013756828185300104,0.6700724838135657,2.077129088292039
25,indoors,scene_00020,indoors/scene_00020/scan_00185,val/indoors/scene_00020/scan_00185/00020_00185_indoors_190_000.png,10,2,2,512,512,768,768,65363,27856,176787.0,24185.658300006227,24387.089587083923,-201.4312870776909,8455.596579189692,8540.643518586736,-85.04693939704211,0.03603891539186113,0.01526446833021176,0.7969514419616014,1.1324923687244197
25,indoors,scene_00020,indoors/scene_00020/scan_00185,val/indoors/scene_00020/scan_00185/00020_00185_indoors_190_000.png,11,2,3,768,512,1024,768,65524,10117,105992.0,9601.04957399981,9548.913886161035,52.13568783877421,6395.652186778942,6362.586662768332,33.065524010610815,0.033322633856294546,0.007629256357924012,0.7648829603766081,0.358496216123983
26,indoors,scene_00020,indoors/scene_00020/scan_00185,val/indoors/scene_00020/scan_00185/00020_00185_indoors_300_010.png,0,0,0,0,0,256,256,65536,453,67348.0,9289.384976524978,9222.3729569012,67.01201962377809,9111.051680031233,9000.433182055189,110.61849797604548,0.03840755364021268,0.0027244526685469253,2.1827130577681584,0.22104823407606133
26,indoors,scene_00020,indoors/scene_00020/scan_00185,val/indoors/scene_00020/scan_00185/00020_00185_indoors_300_010.png,1,0,1,256,0,512,256,65536,1192,70304.0,4041.125767459879,3995.077030689716,46.04873677016278,3733.0564397638655,3712.48940167438,20.567038089485678,0.02294774725852684,0.003557835871927482,0.3712765097056331,3.6393078831651176
26,indoors,scene_00020,indoors/scene_00020/scan_00185,val/indoors/scene_00020/scan_00185/00020_00185_indoors_300_010.png,2,0,2,512,0,768,256,65535,12283,114667.0,34305.84684588811,29707.06228105804,4598.78456483007,14370.145464475023,12935.743974243827,1434.4014902311956,0.012728105056660121,0.024549425877060792,0.5175246643447007,0.6056420487301979
26,indoors,scene_00020,indoors/scene_00020/scan_00185,val/indoors/scene_00020/scan_00185/00020_00185_indoors_300_010.png,3,0,3,768,0,1024,256,65533,6262,90581.0,36395.16019471119,35427.3960208022,967.7641739089892,19397.37339885156,18679.246075373645,718.127323477916,0.01903149823287047,0.010970324400631403,0.5425259513364755,0.5111003145318553
26,indoors,scene_00020,indoors/scene_00020/scan_00185,val/indoors/scene_00020/scan_00185/00020_00185_indoors_300_010.png,4,1,0,0,256,256,512,65536,10768,108608.0,16726.956021424812,16708.404319862173,18.551701562641476,10296.575940461436,10292.640457722864,3.9354827385717024,0.025081803527726317,0.004679508522989504,0.08858055118997862,5.00787750997584
26,indoors,scene_00020,indoors/scene_00020/scan_00185,val/indoors/scene_00020/scan_00185/00020_00185_indoors_300_010.png,5,1,1,256,256,512,512,65536,5003,85548.0,6685.627254144772,6709.078456681432,-23.451202536658478,4600.579384446286,4562.52186400891,38.057520437375665,0.01784931315245282,0.003892146966968691,0.2860866676786606,3.8275519204042867
26,indoors,scene_00020,indoors/scene_00020/scan_00185,val/indoors/scene_00020/scan_00185/00020_00185_indoors_300_010.png,6,1,2,512,256,768,512,65535,11178,110247.0,34351.85769964905,33596.963391152225,754.8943084968209,15034.554037111031,15497.398609044747,-462.844571933716,0.012432065991085157,0.024543748244953076,0.9512954783761188,-0.249652332479125
26,indoors,scene_00020,indoors/scene_00020/scan_00185,val/indoors/scene_00020/scan_00185/00020_00185_indoors_300_010.png,7,1,3,768,256,1024,512,65526,5113,85978.0,68709.78815963175,68499.74590521184,210.04225441990945,35068.46223094073,34555.977845259695,512.4843856810222,0.0178790074969193,0.012585503042586096,0.60628100199078,-0.07060030384424557
26,indoors,scene_00020,indoors/scene_00020/scan_00185,val/indoors/scene_00020/scan_00185/00020_00185_indoors_300_010.png,8,2,0,0,512,256,768,65536,6493,91508.0,13240.529143196898,14214.029451827888,-973.5003086309907,9823.88710900519,9723.417787541477,100.46932146371309,0.011936442562972431,0.0035725051062516985,3.711978383374757,0.8960777225119894
26,indoors,scene_00020,indoors/scene_00020/scan_00185,val/indoors/scene_00020/scan_00185/00020_00185_indoors_300_010.png,9,2,1,256,512,512,768,65536,4165,82196.0,6457.74125646313,6619.58988753058,-161.84863106744987,4772.92534010718,4772.0871858747,0.8381542324809486,0.010479531322596828,0.003172393729160894,1.8743313791672915,0.3645664655285141
26,indoors,scene_00020,indoors/scene_00020/scan_00185,val/indoors/scene_00020/scan_00185/00020_00185_indoors_300_010.png,10,2,2,512,512,768,768,65536,11057,109764.0,22834.859597838942,25056.614361952103,-2221.7547641131587,10448.379589866341,11982.9717815138,-1534.5921916474595,0.011309125405498416,0.020567264154028216,0.5293189210643319,1.4402574070705938
26,indoors,scene_00020,indoors/scene_00020/scan_00185,val/indoors/scene_00020/scan_00185/00020_00185_indoors_300_010.png,11,2,3,768,512,1024,768,65484,4670,84164.0,24757.541090480052,25122.309219944815,-364.7681294647663,16249.709213067232,16265.836089666554,-16.12687659932483,0.010009059244824616,0.013356088154613649,0.553441502102126,0.6397428029533678
27,indoors,scene_00020,indoors/scene_00020/scan_00185,val/indoors/scene_00020/scan_00185/00020_00185_indoors_330_010.png,0,0,0,0,0,256,256,65421,8252,98429.0,49272.215664878546,49495.539342661636,-223.32367778309015,31014.506024639908,29489.89828533231,1524.6077393075946,0.012084585157898757,0.011229494604920627,0.24303180564209603,0.6435167897925534
27,indoors,scene_00020,indoors/scene_00020/scan_00185,val/indoors/scene_00020/scan_00185/00020_00185_indoors_330_010.png,1,0,1,256,0,512,256,65536,1495,71516.0,12220.080121855342,12403.795203574768,-183.71508171942554,10574.933575948116,10738.021244290267,-163.08766834214987,0.01346340230483499,0.0031023972643423126,0.6879798929081425,1.1355636755977652
27,indoors,scene_00020,indoors/scene_00020/scan_00185,val/indoors/scene_00020/scan_00185/00020_00185_indoors_330_010.png,2,0,2,512,0,768,256,65536,8,65568.0,3124.261468955716,3139.1708975125566,-14.90942855684046,3123.136976258973,3138.077055434277,-14.940079175303591,0.03948603986479065,0.002413475981501883,0.29345753782031886,2.4804603467555926
27,indoors,scene_00020,indoors/scene_00020/scan_00185,val/indoors/scene_00020/scan_00185/00020_00185_indoors_330_010.png,3,0,3,768,0,1024,256,65536,376,67040.0,8795.246206769953,8779.744680939553,15.50152583039763,8631.181799972846,8614.247865337597,16.93393463524971,0.04029862842332103,0.0024876859618084813,0.20286427851345323,3.0759792703449644
27,indoors,scene_00020,indoors/scene_00020/scan_00185,val/indoors/scene_00020/scan_00185/00020_00185_indoors_330_010.png,4,1,0,0,256,256,512,65368,8825,100668.0,50493.532467540485,48756.61147869147,1736.9209888490182,29733.666758646476,28906.05089029431,827.6158683521587,0.014503404823194002,0.018841272589267266,0.5518079697211066,0.25270427465901557
27,indoors,scene_00020,indoors/scene_00020/scan_00185,val/indoors/scene_00020/scan_00185/00020_00185_indoors_330_010.png,5,1,1,256,256,512,512,65524,3380,79044.0,13611.956575659406,13621.245753196697,-9.2891775372904,10440.430169494557,10446.995597587436,-6.56542809287923,0.01197750080956906,0.003737495614351236,0.45995663200283304,1.4587959988899766
27,indoors,scene_00020,indoors/scene_00020/scan_00185,val/indoors/scene_00020/scan_00185/00020_00185_indoors_330_010.png,6,1,2,512,256,768,512,65536,7190,94296.0,7070.075100305688,7180.8254547154565,-110.75035440976866,3607.953525449868,3705.6244236307093,-97.67089818084153,0.026091300607073986,0.004908056350886521,0.26380302010615414,2.586629252917559
27,indoors,scene_00020,indoors/scene_00020/scan_00185,val/indoors/scene_00020/scan_00185/00020_00185_indoors_330_010.png,7,1,3,768,256,1024,512,65536,3040,77696.0,10316.276929167316,10294.35171227196,21.9252168953557,9083.477667047879,9068.869957542269,14.607709505610654,0.02543076867756977,0.004493038204196869,0.17182665365415659,3.1988968921412932
27,indoors,scene_00020,indoors/scene_00020/scan_00185,val/indoors/scene_00020/scan_00185/00020_00185_indoors_330_010.png,8,2,0,0,512,256,768,65358,5059,85594.0,22168.522770024007,21825.84440239874,342.67836762526747,15206.953922512388,14922.517121336412,284.4368011759769,0.01758491970966377,0.01816296000011573,0.43739925483392517,1.620018824303062
27,indoors,scene_00020,indoors/scene_00020/scan_00185,val/indoors/scene_00020/scan_00185/00020_00185_indoors_330_010.png,9,2,1,256,512,512,768,62306,26902,169914.0,47445.90505899064,49404.31748881041,-1958.4124298197673,15344.42732404155,15705.135689082785,-360.7083650412352,0.025330999998908067,0.08078194440476356,0.7913281339180528,2.1340022423117944
27,indoors,scene_00020,indoors/scene_00020/scan_00185,val/indoors/scene_00020/scan_00185/00020_00185_indoors_330_010.png,10,2,2,512,512,768,768,65429,10051,105633.0,12330.882138814392,11838.217475155237,492.66466365915284,4043.0816483826247,3863.109389614059,179.9722587685651,0.01302014921474886,0.018732866225965327,0.40108917997961274,2.5495008351612127
27,indoors,scene_00020,indoors/scene_00020/scan_00185,val/indoors/scene_00020/scan_00185/00020_00185_indoors_330_010.png,11,2,3,768,512,1024,768,65536,3684,80272.0,8615.951919159075,8606.95046649745,9.001452661625365,7145.535990486211,7131.609022217575,13.926968268635685,0.013185344800576215,0.0032918422425873115,0.24454689060757034,3.2248968896605765
28,indoors,scene_00020,indoors/scene_00020/scan_00185,val/indoors/scene_00020/scan_00185/00020_00185_indoors_340_020.png,0,0,0,0,0,256,256,65536,0,65536.0,52662.42241251471,52662.05982767825,0.36258483645972284,52662.42241251471,52662.05982767825,0.36258483645972284,0.008157310857351547,0.003345995197362022,0.1295504231769567,1.128919383650167
28,indoors,scene_00020,indoors/scene_00020/scan_00185,val/indoors/scene_00020/scan_00185/00020_00185_indoors_340_020.png,1,0,1,256,0,512,256,65536,0,65536.0,22868.31570311388,22861.789799351085,6.525903762796381,22868.31570311388,22861.789799351085,6.525903762796381,0.008737459324322367,0.003263616615869056,0.5099277997121039,0.23783047057802353
28,indoors,scene_00020,indoors/scene_00020/scan_00185,val/indoors/scene_00020/scan_00185/00020_00185_indoors_340_020.png,2,0,2,512,0,768,256,65536,1787,72684.0,6824.727944707778,6965.143161948103,-140.4152172403246,5698.98038855044,5776.408573378101,-77.4281848276612,0.015008606290800816,0.004029491116480338,0.3757766267591149,2.1373311332876943
28,indoors,scene_00020,indoors/scene_00020/scan_00185,val/indoors/scene_00020/scan_00185/00020_00185_indoors_340_020.png,3,0,3,768,0,1024,256,65536,16,65600.0,4364.4115786834,4361.960964568882,2.450614114516921,4358.0655474303585,4355.2854074794695,2.780139950889121,0.03412304307933033,0.0033357781160936717,0.26647536746577954,2.847943452214835
28,indoors,scene_00020,indoors/scene_00020/scan_00185,val/indoors/scene_00020/scan_00185/00020_00185_indoors_340_020.png,4,1,0,0,256,256,512,65325,11778,112437.0,33923.21771426563,34637.25681975242,-714.0391054867896,19437.22243960252,19485.586757213794,-48.364317611275716,0.014523950576433494,0.014421753675490976,0.6199861585121236,0.8454473339155221
28,indoors,scene_00020,indoors/scene_00020/scan_00185,val/indoors/scene_00020/scan_00185/00020_00185_indoors_340_020.png,5,1,1,256,256,512,512,65438,11095,109818.0,54951.238950449,59915.833554379,-4964.5946039300015,29113.043989379785,28958.766905215147,154.27708416463634,0.011831278988731108,0.01563752723531541,0.4764702217009606,0.19299230522099212
28,indoors,scene_00020,indoors/scene_00020/scan_00185,val/indoors/scene_00020/scan_00185/00020_00185_indoors_340_020.png,6,1,2,512,256,768,512,65536,1737,72484.0,4619.9643288964235,4562.159159325503,57.80516957091979,3638.650330991087,3611.6959913092746,26.95433968181242,0.016223442843291417,0.004355390168393287,0.46199933399871385,2.5037224627751007
28,indoors,scene_00020,indoors/scene_00020/scan_00185,val/indoors/scene_00020/scan_00185/00020_00185_indoors_340_020.png,7,1,3,768,256,1024,512,65536,50,65736.0,8264.717168046398,8245.727450703449,18.989717342947596,8236.85885265996,8217.812855964685,19.04599669527416,0.039102026064071455,0.0031005597275457495,0.23729836174716296,3.588250350671836
28,indoors,scene_00020,indoors/scene_00020/scan_00185,val/indoors/scene_00020/scan_00185/00020_00185_indoors_340_020.png,8,2,0,0,512,256,768,64511,22523,154603.0,48418.30366931984,47614.09933242682,804.2043368930078,19044.793853696523,18935.542719411824,109.25113428469288,0.022310666657608582,0.025326607204275015,0.9479461086346552,0.8914081149216208
28,indoors,scene_00020,indoors/scene_00020/scan_00185,val/indoors/scene_00020/scan_00185/00020_00185_indoors_340_020.png,9,2,1,256,512,512,768,65395,8490,99355.0,49382.00148642466,41810.03253276461,7571.968953660055,29270.57500586563,25652.39224257733,3618.1827632882996,0.01525382597108312,0.028197770652256857,0.5089188821687408,0.5233676593670473
28,indoors,scene_00020,indoors/scene_00020/scan_00185,val/indoors/scene_00020/scan_00185/00020_00185_indoors_340_020.png,10,2,2,512,512,768,768,65469,7866,96933.0,9428.879219988403,9348.19398428205,80.6852357063514,5186.37960664184,5134.024554815329,52.35505182651214,0.01354523355195262,0.006756770114729571,0.38552132941157446,3.056039240239705
28,indoors,scene_00020,indoors/scene_00020/scan_00185,val/indoors/scene_00020/scan_00185/00020_00185_indoors_340_020.png,11,2,3,768,512,1024,768,65536,13148,118128.0,19302.764643582155,21250.543460751956,-1947.778817169798,11254.680064087617,11420.384929191507,-165.7048651038897,0.022765813317375615,0.008741967414509081,1.984042917895111,0.11984873642360139
29,indoors,scene_00020,indoors/scene_00020/scan_00185,val/indoors/scene_00020/scan_00185/00020_00185_indoors_350_030.png,0,0,0,0,0,256,256,65536,24820,164816.0,40337.272888349515,40215.07610150968,122.19678683983088,15564.199218506506,15504.271403220568,59.92781528593868,0.010124782973241191,0.006079892482749848,0.29033152667487533,1.0566062945444896
29,indoors,scene_00020,indoors/scene_00020/scan_00185,val/indoors/scene_00020/scan_00185/00020_00185_indoors_350_030.png,1,0,1,256,0,512,256,65536,3840,80896.0,10011.7103256515,9900.338672421589,111.37165322990924,8138.42429024472,8090.769946559132,47.654343685587676,0.009481896251364749,0.004761404164068777,0.8462391702130937,-0.0896374590668902
29,indoors,scene_00020,indoors/scene_00020/scan_00185,val/indoors/scene_00020/scan_00185/00020_00185_indoors_350_030.png,2,0,2,512,0,768,256,65536,38,65688.0,3292.225458334947,3295.601410486437,-3.3759521514898663,3285.714941115855,3289.072543029447,-3.3576019135921924,0.009000034521381161,0.003943417054253389,0.7910495431833147,0.601503063462683
29,indoors,scene_00020,indoors/scene_00020/scan_00185,val/indoors/scene_00020/scan_00185/00020_00185_indoors_350_030.png,3,0,3,768,0,1024,256,65536,859,68972.0,12020.744775780113,12024.351205650111,-3.6064298699972035,11424.00656949887,11409.795162321907,14.211407176964652,0.010361068845980124,0.004578528497357172,0.20746027143866375,3.4447925494607667
29,indoors,scene_00020,indoors/scene_00020/scan_00185,val/indoors/scene_00020/scan_00185/00020_00185_indoors_350_030.png,4,1,0,0,256,256,512,65536,0,65536.0,19090.01309345896,19088.057735231185,1.95535822777815,19090.01309345896,19088.057735231185,1.95535822777815,0.008092221829268949,0.0036182169107864073,0.4917900347085336,0.7326847435425127
29,indoors,scene_00020,indoors/scene_00020/scan_00185,val/indoors/scene_00020/scan_00185/00020_00185_indoors_350_030.png,5,1,1,256,256,512,512,65536,0,65536.0,3635.6737654692574,3629.9416346179496,5.732130851307546,3635.6737654692574,3629.9416346179496,5.732130851307546,0.008069359231503717,0.003496401690716535,0.3659899607354004,0.7525826410980557
29,indoors,scene_00020,indoors/scene_00020/scan_00185,val/indoors/scene_00020/scan_00185/00020_00185_indoors_350_030.png,6,1,2,512,256,768,512,65536,0,65536.0,7479.549238865879,7477.555397527458,1.9938413384211426,7479.549238865879,7477.555397527458,1.9938413384211426,0.008533449406255146,0.004108030282924152,0.7803260397360787,0.086713817457575
29,indoors,scene_00020,indoors/scene_00020/scan_00185,val/indoors/scene_00020/scan_00185/00020_00185_indoors_350_030.png,7,1,3,768,256,1024,512,65536,1686,72280.0,16145.637832944209,16111.86356588312,33.77426706108555,15044.346853712626,15033.979473912135,10.367379800490125,0.01841485439814516,0.004760908923693227,0.33982694671653907,3.2928666530246327
29,indoors,scene_00020,indoors/scene_00020/scan_00185,val/indoors/scene_00020/scan_00185/00020_00185_indoors_350_030.png,8,2,0,0,512,256,768,65355,13154,117971.0,115346.20038873715,104953.33139075352,10392.868997983633,84578.89054227647,76727.16199442715,7851.728547849311,0.013898752935205726,0.025999984526952787,1.1739156129923056,-0.4643635327292514
29,indoors,scene_00020,indoors/scene_00020/scan_00185,val/indoors/scene_00020/scan_00185/00020_00185_indoors_350_030.png,9,2,1,256,512,512,768,65312,19212,142160.0,183496.2558614926,154056.61005633764,29439.645805154945,88032.973445162,75209.34504255198,12823.628402610015,0.015289938176004401,0.029994401118627115,0.4203254741063634,-0.006464899953243898
29,indoors,scene_00020,indoors/scene_00020/scan_00185,val/indoors/scene_00020/scan_00185/00020_00185_indoors_350_030.png,10,2,2,512,512,768,768,65436,12586,115780.0,343689.9959518468,845505.9004159318,-501815.90446408495,180705.36802255752,310715.10582141264,-130009.73779885515,0.011750916048993247,0.025092161178874386,0.7349633897949868,-0.9002741093179003
29,indoors,scene_00020,indoors/scene_00020/scan_00185,val/indoors/scene_00020/scan_00185/00020_00185_indoors_350_030.png,11,2,3,768,512,1024,768,65536,2399,75132.0,20465.697208893536,20382.966063898966,82.73114499457209,18280.876409611556,18258.787340462375,22.08906914918087,0.016222812706446238,0.006217490180828961,0.30018729855688464,4.087944718028971
30,indoors,scene_00020,indoors/scene_00020/scan_00186,val/indoors/scene_00020/scan_00186/00020_00186_indoors_090_020.png,0,0,0,0,0,256,256,65536,422,67224.0,25870.98691289958,24879.966151264838,991.0207616347468,20239.65684346988,20021.464851464567,218.19199200531423,0.009431101235515053,0.008740234587058013,0.5221170222153139,0.04502876048596316
30,indoors,scene_00020,indoors/scene_00020/scan_00186,val/indoors/scene_00020/scan_00186/00020_00186_indoors_090_020.png,1,0,1,256,0,512,256,65536,0,65536.0,3561.7254594463075,3567.194091597316,-5.46863215100905,3561.7254594463075,3567.194091597316,-5.46863215100905,0.008761597412541696,0.002902836424057369,0.5441389294165695,0.345570422972723
30,indoors,scene_00020,indoors/scene_00020/scan_00186,val/indoors/scene_00020/scan_00186/00020_00186_indoors_090_020.png,2,0,2,512,0,768,256,65536,41,65700.0,8388.568596146099,8389.051086920683,-0.48249077458382916,8377.542276013337,8378.051184695283,-0.5089086819462064,0.010894626752104635,0.0028251140262329864,0.5981222458951108,0.9167295876664997
30,indoors,scene_00020,indoors/scene_00020/scan_00186,val/indoors/scene_00020/scan_00186/00020_00186_indoors_090_020.png,3,0,3,768,0,1024,256,65536,2936,77280.0,16329.571734671103,16359.356459848364,-29.784725177261215,13802.021518891683,13795.359184711771,6.662334179910766,0.02210660050914598,0.0044664630764137715,0.23157403591409698,3.02475600582824
30,indoors,scene_00020,indoors/scene_00020/scan_00186,val/indoors/scene_00020/scan_00186/00020_00186_indoors_090_020.png,4,1,0,0,256,256,512,65523,2780,76643.0,14092.304335762954,13980.00535770148,112.29897806147355,9584.418620998284,9508.823739096115,75.59488190216761,0.008986181686941354,0.009699687451612263,0.44640430761280386,0.6757907947055874
30,indoors,scene_00020,indoors/scene_00020/scan_00186,val/indoors/scene_00020/scan_00186/00020_00186_indoors_090_020.png,5,1,1,256,256,512,512,65509,3483,79441.0,14617.252564201732,14842.691881425035,-225.43931722330296,10854.520137499027,11000.140591866917,-145.62045436789165,0.009449288349800907,0.009830687602216849,0.6280429013006827,0.3111457197943965
30,indoors,scene_00020,indoors/scene_00020/scan_00186,val/indoors/scene_00020/scan_00186/00020_00186_indoors_090_020.png,6,1,2,512,256,768,512,65517,4055,81737.0,18447.26422684151,18742.26924189274,-295.0050150512302,14637.608696181851,14709.00388015831,-71.39518397645938,0.010166526102750047,0.011766993816089144,0.9252344113992568,0.8289176905062504
30,indoors,scene_00020,indoors/scene_00020/scan_00186,val/indoors/scene_00020/scan_00186/00020_00186_indoors_090_020.png,7,1,3,768,256,1024,512,65067,7944,96843.0,27550.647740183173,27453.76126583446,96.88647434870992,18373.125392257818,18303.39105155541,69.73434070240617,0.01368066410716624,0.012800330822916924,0.46189325261372494,2.4569152339413596
30,indoors,scene_00020,indoors/scene_00020/scan_00186,val/indoors/scene_00020/scan_00186/00020_00186_indoors_090_020.png,8,2,0,0,512,256,768,65422,8778,100534.0,41515.41267823938,41614.722433174065,-99.30975493468517,31059.311669050512,31237.637761570073,-178.32609251955915,0.011152651942660956,0.016917138523727268,0.8808756456077441,0.18340148225024805
30,indoors,scene_00020,indoors/scene_00020/scan_00186,val/indoors/scene_00020/scan_00186/00020_00186_indoors_090_020.png,9,2,1,256,512,512,768,65125,5495,87105.0,50524.180961094695,50675.201397540906,-151.02043644621196,38928.05051583031,38842.249534684146,85.80098114616905,0.008234750708442673,0.010729177995580777,0.6586734478397833,0.6127051133401256
30,indoors,scene_00020,indoors/scene_00020/scan_00186,val/indoors/scene_00020/scan_00186/00020_00186_indoors_090_020.png,10,2,2,512,512,768,768,65362,4276,82466.0,25449.685809338516,26108.559978794896,-658.8741694563801,18610.00420104509,18852.398624573972,-242.39442352888517,0.00948714003311267,0.015770257720186573,0.803076231368775,1.0958085701549118
30,indoors,scene_00020,indoors/scene_00020/scan_00186,val/indoors/scene_00020/scan_00186/00020_00186_indoors_090_020.png,11,2,3,768,512,1024,768,61743,37927,213451.0,108091.31076626843,108485.5009705429,-394.1902042744581,24949.191051059453,25109.245452467796,-160.05440140834327,0.006700800088527527,0.013022398710652357,0.8510280982901771,1.585261598790938
31,indoors,scene_00020,indoors/scene_00020/scan_00186,val/indoors/scene_00020/scan_00186/00020_00186_indoors_120_020.png,0,0,0,0,0,256,256,65528,1033,69660.0,37449.580282669434,32761.73643934032,4687.843843329115,35103.10121460171,31039.762779018103,4063.338435583595,0.008257187716871476,0.021208421202717424,0.9729902183927304,-0.07092830333645184
31,indoors,scene_00020,indoors/scene_00020/scan_00186,val/indoors/scene_00020/scan_00186/00020_00186_indoors_120_020.png,1,0,1,256,0,512,256,65536,91,65900.0,7011.209976882702,6987.347782357098,23.86219452560344,6901.102446186651,6877.312204219672,23.790241966978538,0.007537740746169243,0.005418346101222358,0.961052795285488,-0.009991431560512076
31,indoors,scene_00020,indoors/scene_00020/scan_00186,val/indoors/scene_00020/scan_00186/00020_00186_indoors_120_020.png,2,0,2,512,0,768,256,65536,6,65560.0,8944.877775053985,8944.160798644536,0.7169764094487485,8934.313473129834,8933.6001821861,0.7132909437352355,0.008251439649101818,0.003847608947929461,0.4065503939703226,0.45555566256487656
31,indoors,scene_00020,indoors/scene_00020/scan_00186,val/indoors/scene_00020/scan_00186/00020_00186_indoors_120_020.png,3,0,3,768,0,1024,256,65534,336,66878.0,7151.452961700383,7131.758109131546,19.694852568837305,6271.753654473185,6276.79978189083,-5.046127417644552,0.009963995735918333,0.003957867030599228,0.6462568398244679,0.12066800352800178
31,indoors,scene_00020,indoors/scene_00020/scan_00186,val/indoors/scene_00020/scan_00186/00020_00186_indoors_120_020.png,4,1,0,0,256,256,512,65160,8134,97696.0,395275.49865671864,387653.37949417834,7622.119162540219,380980.314539633,373403.9925646896,7576.321974943445,0.015122180942071375,0.02857278464842032,0.9919003956247439,-0.09302419504603802
31,indoors,scene_00020,indoors/scene_00020/scan_00186,val/indoors/scene_00020/scan_00186/00020_00186_indoors_120_020.png,5,1,1,256,256,512,512,65107,13900,120707.0,78259.80921764957,83108.4728572198,-4848.66363957021,56436.47431436925,55955.37429730432,481.1000170649273,0.021587248975603542,0.06322243275171266,0.9877876206512909,0.37347250965308687
31,indoors,scene_00020,indoors/scene_00020/scan_00186,val/indoors/scene_00020/scan_00186/00020_00186_indoors_120_020.png,6,1,2,512,256,768,512,65533,1227,70441.0,18545.508915025726,17813.072816592903,732.4360984328234,15447.923554235698,15300.831160865282,147.0923933704163,0.008431183422866848,0.010018742389715715,0.43339634865548565,0.6577060844623854
31,indoors,scene_00020,indoors/scene_00020/scan_00186,val/indoors/scene_00020/scan_00186/00020_00186_indoors_120_020.png,7,1,3,768,256,1024,512,65521,3537,79669.0,9757.124008749777,9828.710875675517,-71.58686692573957,5474.153001646353,5497.701884350145,-23.548882703791147,0.009937892701486777,0.006128434236725247,0.25503222125771713,1.234976380276577
31,indoors,scene_00020,indoors/scene_00020/scan_00186,val/indoors/scene_00020/scan_00186/00020_00186_indoors_120_020.png,8,2,0,0,512,256,768,64819,15631,127343.0,174443.28496358078,278785.5592776288,-104342.274314048,93169.03986882698,195293.5712370154,-102124.53136818841,0.022433739539842144,0.0462766980629252,1.2911601801625832,-0.022185929790150303
31,indoors,scene_00020,indoors/scene_00020/scan_00186,val/indoors/scene_00020/scan_00186/00020_00186_indoors_120_020.png,9,2,1,256,512,512,768,64978,17163,133630.0,48044.338940426016,44944.08064908731,3100.2582913387114,29247.102429358136,26835.41398991082,2411.6884394473154,0.02912222195057349,0.04792861805089095,0.8427815570420525,0.6922959382787638
31,indoors,scene_00020,indoors/scene_00020/scan_00186,val/indoors/scene_00020/scan_00186/00020_00186_indoors_120_020.png,10,2,2,512,512,768,768,65400,10252,106408.0,21392.360916592836,21210.083669206888,182.2772473859468,12119.74472334811,11992.108111563359,127.63661178475115,0.016185716461141558,0.022002066583007237,0.6474227830960539,0.9522201209613216
31,indoors,scene_00020,indoors/scene_00020/scan_00186,val/indoors/scene_00020/scan_00186/00020_00186_indoors_120_020.png,11,2,3,768,512,1024,768,65400,7095,93780.0,19392.234138802145,18850.121927072472,542.1122117296732,10412.733226758071,10273.670117047239,139.06310971083184,0.011503459207253559,0.007128078240006314,0.2649390775081274,1.4737344421188145
32,indoors,scene_00020,indoors/scene_00020/scan_00186,val/indoors/scene_00020/scan_00186/00020_00186_indoors_140_000.png,0,0,0,0,0,256,256,65536,392,67104.0,11497.299410710903,11493.165747985076,4.133662725825488,11266.947123516062,11263.255272967177,3.691850548885042,0.007600159273812087,0.006218842830696006,1.3230931469061549,-0.02779895464486459
32,indoors,scene_00020,indoors/scene_00020/scan_00186,val/indoors/scene_00020/scan_00186/00020_00186_indoors_140_000.png,1,0,1,256,0,512,256,64895,13148,117487.0,4541511.012363119,3166318.2274824493,1375192.78488067,1855879.6494906906,1432744.628856048,423135.0206346427,0.019129555079165986,0.026960850247093746,0.7806049309814829,-0.24751187569173472
32,indoors,scene_00020,indoors/scene_00020/scan_00186,val/indoors/scene_00020/scan_00186/00020_00186_indoors_140_000.png,2,0,2,512,0,768,256,64833,14923,124525.0,4228193.084338779,2109104.938895669,2119088.1454431107,2190790.1010738956,1299546.204457702,891243.8966161933,0.020961964160059927,0.029509843251599645,0.6527393076236568,0.13250414698011104
32,indoors,scene_00020,indoors/scene_00020/scan_00186,val/indoors/scene_00020/scan_00186/00020_00186_indoors_140_000.png,3,0,3,768,0,1024,256,65021,17304,134237.0,182887.5998982405,150546.41597602388,32341.183922216584,117652.1938672077,94066.88555953937,23585.308307668314,0.02557024411345259,0.04728568653345527,0.5038823161260519,0.3281594725881827
32,indoors,scene_00020,indoors/scene_00020/scan_00186,val/indoors/scene_00020/scan_00186/00020_00186_indoors_140_000.png,4,1,0,0,256,256,512,65398,7405,95018.0,16878.62111545993,17059.671615837062,-181.05050037712977,9804.089135122562,9951.385847224847,-147.29671210228344,0.009383332032896916,0.02423799713617835,0.7502050363174679,3.1764172726050144
32,indoors,scene_00020,indoors/scene_00020/scan_00186,val/indoors/scene_00020/scan_00186/00020_00186_indoors_140_000.png,5,1,1,256,256,512,512,65494,2445,75274.0,5824.786250327008,5752.848431317854,71.9378190091545,4349.965563254707,4320.280011610309,29.685551644398924,0.013290623071551377,0.0058518162144021975,0.2700344297747325,2.4021498165306037
32,indoors,scene_00020,indoors/scene_00020/scan_00186,val/indoors/scene_00020/scan_00186/00020_00186_indoors_140_000.png,6,1,2,512,256,768,512,65450,4435,83190.0,9461.841001711118,9349.467607475797,112.37339423532048,4306.935966830255,4260.407529410677,46.52843741957729,0.01640249071042154,0.007297263057182227,0.3186719440087905,1.6583836807245733
32,indoors,scene_00020,indoors/scene_00020/scan_00186,val/indoors/scene_00020/scan_00186/00020_00186_indoors_140_000.png,7,1,3,768,256,1024,512,65382,5048,85574.0,17194.316434297136,17578.121857675724,-383.80542337858844,9070.718508029962,9172.747720504072,-102.02921247411001,0.02230972481137939,0.007330975935306528,0.2853943449691758,1.4879926324631885
32,indoors,scene_00020,indoors/scene_00020/scan_00186,val/indoors/scene_00020/scan_00186/00020_00186_indoors_140_000.png,8,2,0,0,512,256,768,64661,13227,117569.0,26096.211060026006,27793.692951648685,-1697.481891622674,10167.30041135526,11044.444581762811,-877.1441704075507,0.013153029124285428,0.04605054711156374,1.1601050127481143,2.2152393977698375
32,indoors,scene_00020,indoors/scene_00020/scan_00186,val/indoors/scene_00020/scan_00186/00020_00186_indoors_140_000.png,9,2,1,256,512,512,768,65536,0,65536.0,2696.5853114906204,2681.1242441820777,15.46106730854243,2696.5853114906204,2681.1242441820777,15.46106730854243,0.006409429566206212,0.0022587921348093455,0.7412945356672969,0.40653384005660476
32,indoors,scene_00020,indoors/scene_00020/scan_00186,val/indoors/scene_00020/scan_00186/00020_00186_indoors_140_000.png,10,2,2,512,512,768,768,65536,0,65536.0,8614.52794264744,8623.726021880073,-9.198079232633242,8614.52794264744,8623.726021880073,-9.198079232633242,0.005933266200647632,0.002073066995226719,0.8262314712814218,0.14795651853490654
32,indoors,scene_00020,indoors/scene_00020/scan_00186,val/indoors/scene_00020/scan_00186/00020_00186_indoors_140_000.png,11,2,3,768,512,1024,768,65536,0,65536.0,16711.68920298351,16680.209006185305,31.480196798208162,16711.68920298351,16680.209006185305,31.480196798208162,0.0056805105090409775,0.0021134470770195436,0.5946978122433915,0.19024727518257112
33,indoors,scene_00020,indoors/scene_00020/scan_00186,val/indoors/scene_00020/scan_00186/00020_00186_indoors_150_030.png,0,0,0,0,0,256,256,65534,2640,76094.0,22934.593411997237,22962.05109924447,-27.457687247230684,18137.28972331628,18150.23195557933,-12.942232263043014,0.013524150677976911,0.01185208512474702,0.7042543472307715,2.3712324037217867
33,indoors,scene_00020,indoors/scene_00020/scan_00186,val/indoors/scene_00020/scan_00186/00020_00186_indoors_150_030.png,1,0,1,256,0,512,256,65536,2812,76784.0,12432.567803293117,11919.923729279171,512.6440740139446,5852.359997759792,5516.809240166553,335.55075759323904,0.011499277977901826,0.008146235112754937,0.8522796713583148,0.45797484801647703
33,indoors,scene_00020,indoors/scene_00020/scan_00186,val/indoors/scene_00020/scan_00186/00020_00186_indoors_150_030.png,2,0,2,512,0,768,256,65536,0,65536.0,6782.617867279954,6783.957252280318,-1.3393850003641639,6782.617867279954,6783.957252280318,-1.3393850003641639,0.008788246744122983,0.002092414390478519,0.15469714923952935,1.6333795957587005
33,indoors,scene_00020,indoors/scene_00020/scan_00186,val/indoors/scene_00020/scan_00186/00020_00186_indoors_150_030.png,3,0,3,768,0,1024,256,65536,0,65536.0,20403.27062393452,20427.25733973083,-23.986715796307074,20403.27062393452,20427.25733973083,-23.986715796307074,0.006910567643577864,0.002035965169783854,0.5561852750515063,0.09163482224081376
33,indoors,scene_00020,indoors/scene_00020/scan_00186,val/indoors/scene_00020/scan_00186/00020_00186_indoors_150_030.png,4,1,0,0,256,256,512,65069,6358,90501.0,25918.77422733623,25581.604716071408,337.1695112648212,15330.102109179736,15203.246542865736,126.85556631399852,0.012658485685174315,0.018627921215330585,0.673511696025789,3.1162800651595233
33,indoors,scene_00020,indoors/scene_00020/scan_00186,val/indoors/scene_00020/scan_00186/00020_00186_indoors_150_030.png,5,1,1,256,256,512,512,65533,162,66181.0,6316.021117513406,6311.719849582188,4.301267931217966,6045.875608302904,6041.584536063315,4.291072239588928,0.010140722289324949,0.0028207356741945153,0.6111670059272241,1.3908936682887654
33,indoors,scene_00020,indoors/scene_00020/scan_00186,val/indoors/scene_00020/scan_00186/00020_00186_indoors_150_030.png,6,1,2,512,256,768,512,65490,14467,123358.0,131716.8947981454,126064.60743293435,5652.287365211063,32071.81814905692,30336.413395185074,1735.4047538718396,0.009763142500110842,0.012167620546795583,0.5341182809617582,-0.09949252411773235
33,indoors,scene_00020,indoors/scene_00020/scan_00186,val/indoors/scene_00020/scan_00186/00020_00186_indoors_150_030.png,7,1,3,768,256,1024,512,65513,3332,78841.0,50035.799080461,44693.74804960455,5342.051030856456,33001.06205367213,29925.63001592959,3075.4320377425433,0.008894640281574733,0.008690075474405874,0.6901108482929211,-0.03678229133390019
33,indoors,scene_00020,indoors/scene_00020/scan_00186,val/indoors/scene_00020/scan_00186/00020_00186_indoors_150_030.png,8,2,0,0,512,256,768,64964,6990,92924.0,23625.18410592974,22240.78238938276,1384.4017165469807,13372.967681706585,13130.694571568456,242.2731101381295,0.014297562966504631,0.01889786864361038,0.9151015898119818,2.571367166389912
33,indoors,scene_00020,indoors/scene_00020/scan_00186,val/indoors/scene_00020/scan_00186/00020_00186_indoors_150_030.png,9,2,1,256,512,512,768,65536,0,65536.0,11166.806526592773,11156.184345415477,10.622181177295936,11166.806526592773,11156.184345415477,10.622181177295936,0.007834793498523713,0.0033791031239227727,0.7084830672138072,0.12051914975993075
33,indoors,scene_00020,indoors/scene_00020/scan_00186,val/indoors/scene_00020/scan_00186/00020_00186_indoors_150_030.png,10,2,2,512,512,768,768,65529,24311,162773.0,6696797.2700213725,6286539.1084149815,410258.16160639195,2212817.75460505,2125715.8740527714,87101.88055227851,0.011291400865424576,0.013252519147327235,0.4808296323420596,-0.3147397313509045
33,indoors,scene_00020,indoors/scene_00020/scan_00186,val/indoors/scene_00020/scan_00186/00020_00186_indoors_150_030.png,11,2,3,768,512,1024,768,65011,17407,134639.0,142121.29031993556,151098.21352607894,-8976.923206143383,81149.16604445531,86552.18478907499,-5403.018744619683,0.020199954351630585,0.014314861271856502,0.391850020802541,0.07853559939462712
34,indoors,scene_00020,indoors/scene_00020/scan_00186,val/indoors/scene_00020/scan_00186/00020_00186_indoors_190_050.png,0,0,0,0,0,256,256,65536,3819,80812.0,22042.97666165013,21981.368344906194,61.608316743934466,15952.226357186151,15895.394152716324,56.83220446982626,0.006850844045648941,0.005094396949785696,0.5272442818493648,0.09783754473045658
34,indoors,scene_00020,indoors/scene_00020/scan_00186,val/indoors/scene_00020/scan_00186/00020_00186_indoors_190_050.png,1,0,1,256,0,512,256,65536,1805,72756.0,39342.86441015934,39250.80457977412,92.05983038520434,34275.40600757413,34235.85500458525,39.551002988876874,0.006155660609930551,0.0029349675177818176,0.30068730344601324,0.4228031564523478
34,indoors,scene_00020,indoors/scene_00020/scan_00186,val/indoors/scene_00020/scan_00186/00020_00186_indoors_190_050.png,2,0,2,512,0,768,256,65460,1185,70200.0,31606.99107964991,31693.259772590172,-86.26869294025747,29294.647125097727,29381.48783525126,-86.84071015353248,0.008827327503268152,0.005613883231571342,0.3788311896014646,0.4843271963572572
34,indoors,scene_00020,indoors/scene_00020/scan_00186,val/indoors/scene_00020/scan_00186/00020_00186_indoors_190_050.png,3,0,3,768,0,1024,256,65378,2200,74178.0,32127.168003697323,32242.782604455737,-115.61460075841116,26915.174157287773,26923.438078256513,-8.263920968737967,0.017047206243563866,0.00828748840153748,0.4049178750133106,0.8091193197598259
34,indoors,scene_00020,indoors/scene_00020/scan_00186,val/indoors/scene_00020/scan_00186/00020_00186_indoors_190_050.png,4,1,0,0,256,256,512,65435,2025,73535.0,7664.055403979353,7652.6960219662915,11.359382013062952,5959.697408409525,5959.450587450435,0.24682095909037827,0.007082361894939571,0.0056634833117354955,0.4476242009229305,1.235086467405416
34,indoors,scene_00020,indoors/scene_00020/scan_00186,val/indoors/scene_00020/scan_00186/00020_00186_indoors_190_050.png,5,1,1,256,256,512,512,65144,19445,142924.0,103179.81045210393,102780.21710922902,399.59334287491436,48822.22113862373,48520.03842512032,302.1827135034114,0.007245503898195475,0.010324455247798158,0.7556574941330204,-0.1229885276619672
34,indoors,scene_00020,indoors/scene_00020/scan_00186,val/indoors/scene_00020/scan_00186/00020_00186_indoors_190_050.png,6,1,2,512,256,768,512,63699,11989,111655.0,39666.99006710078,40974.94109751063,-1307.9510304098587,24900.80909795024,26183.015019477385,-1282.2059215271404,0.024869723180345586,0.023270981872828313,0.8135608387206127,0.21674125000753078
34,indoors,scene_00020,indoors/scene_00020/scan_00186,val/indoors/scene_00020/scan_00186/00020_00186_indoors_190_050.png,7,1,3,768,256,1024,512,64977,12207,113805.0,24147.886391694527,24834.706920446104,-686.8205287515757,12833.266001877304,13003.625477681104,-170.3594758037993,0.024761101511255955,0.02507108067890986,0.9172072671305145,0.6570603209135376
34,indoors,scene_00020,indoors/scene_00020/scan_00186,val/indoors/scene_00020/scan_00186/00020_00186_indoors_190_050.png,8,2,0,0,512,256,768,61838,10240,102798.0,24311.09675918785,24367.9567626598,-56.860003471950726,12648.667502218621,12653.13581133189,-4.468309113269658,0.013167217792861383,0.0142868687756251,0.5088086167639126,2.3651450321141936
34,indoors,scene_00020,indoors/scene_00020/scan_00186,val/indoors/scene_00020/scan_00186/00020_00186_indoors_190_050.png,9,2,1,256,512,512,768,64764,8918,100436.0,25687.40992306644,26535.4487761374,-848.0388530709591,15569.180258375725,15729.75258367874,-160.5723253030161,0.01870951605229189,0.017809803109852338,0.9399900887220236,0.9533705659706985
34,indoors,scene_00020,indoors/scene_00020/scan_00186,val/indoors/scene_00020/scan_00186/00020_00186_indoors_190_050.png,10,2,2,512,512,768,768,65378,1379,70894.0,17863.986552481998,17947.118909977657,-83.13235749566053,16520.23994678756,16558.426214573017,-38.186267785461084,0.017476012678161124,0.007793795250666455,0.7750053967502033,2.0174429746922424
34,indoors,scene_00020,indoors/scene_00020/scan_00186,val/indoors/scene_00020/scan_00186/00020_00186_indoors_190_050.png,11,2,3,768,512,1024,768,65519,2652,76127.0,19326.797594122316,19360.108113010974,-33.31051888866147,16784.521982859475,16783.86184668362,0.6601361758509086,0.016820146618074676,0.00613050226810169,0.831604031057788,2.8714411407288427
35,indoors,scene_00020,indoors/scene_00020/scan_00186,val/indoors/scene_00020/scan_00186/00020_00186_indoors_210_050.png,0,0,0,0,0,256,256,65528,2598,75920.0,14291.852054592102,14288.351185851086,3.500868741013754,11990.116318220274,12011.188388979928,-21.072070759654224,0.008311494034533826,0.008116096124288506,0.4424757035399097,0.7034349262486688
35,indoors,scene_00020,indoors/scene_00020/scan_00186,val/indoors/scene_00020/scan_00186/00020_00186_indoors_210_050.png,1,0,1,256,0,512,256,65536,991,69500.0,5213.624932935433,5201.342917051839,12.282015883594282,4765.396221329858,4750.684385725835,14.711835604023591,0.0066625874131509034,0.004238887104794586,0.37350850533659036,0.4799569980508344
35,indoors,scene_00020,indoors/scene_00020/scan_00186,val/indoors/scene_00020/scan_00186/00020_00186_indoors_210_050.png,2,0,2,512,0,768,256,65536,1029,69652.0,13452.996266804716,13369.462277185277,83.53398961944013,12302.570357838544,12234.57278453893,67.99757329961305,0.006091912200904697,0.0030179649458201875,0.07659921274375739,1.1103246309125168
35,indoors,scene_00020,indoors/scene_00020/scan_00186,val/indoors/scene_00020/scan_00186/00020_00186_indoors_210_050.png,3,0,3,768,0,1024,256,65488,1453,71300.0,14620.300936794261,14264.937212271465,355.36372452279875,13094.712664536026,12625.00119536619,469.7114691698344,0.008129330811175948,0.009237492052384227,0.18218309471574884,0.9000004149678251
35,indoors,scene_00020,indoors/scene_00020/scan_00186,val/indoors/scene_00020/scan_00186/00020_00186_indoors_210_050.png,4,1,0,0,256,256,512,65536,1040,69696.0,31725.39065075749,31909.556379077665,-184.16572832017812,29683.160890893392,29747.333967321956,-64.17307642856267,0.006328856688801001,0.004878240229240601,0.38191053099953126,0.5259682641111256
35,indoors,scene_00020,indoors/scene_00020/scan_00186,val/indoors/scene_00020/scan_00186/00020_00186_indoors_210_050.png,5,1,1,256,256,512,512,65533,5930,89253.0,15512.970463199621,16392.576709666562,-879.6062464669415,10933.251850571462,11360.76893853007,-427.5170879586078,0.008899382738784838,0.008968336287891086,0.43866826899451244,0.5545979106603034
35,indoors,scene_00020,indoors/scene_00020/scan_00186,val/indoors/scene_00020/scan_00186/00020_00186_indoors_210_050.png,6,1,2,512,256,768,512,65493,4624,83989.0,19640.782883993164,19625.35738742611,15.425496567057138,12245.890139218385,12215.720649143776,30.169490074609218,0.006642216281442272,0.00580561653416726,0.4984990381611825,0.4316123070089426
35,indoors,scene_00020,indoors/scene_00020/scan_00186,val/indoors/scene_00020/scan_00186/00020_00186_indoors_210_050.png,7,1,3,768,256,1024,512,62813,15649,125409.0,35544.799223511174,37356.708962936784,-1811.909739425613,19330.285159732644,20877.307849741977,-1547.0226900093282,0.01383751588964384,0.025298722861246264,1.1241912962479244,0.12560600812164568
35,indoors,scene_00020,indoors/scene_00020/scan_00186,val/indoors/scene_00020/scan_00186/00020_00186_indoors_210_050.png,8,2,0,0,512,256,768,65536,21012,149584.0,540399.3994411993,542841.9267645085,-2442.527323309204,186351.7192042246,187015.7247017767,-664.0054975521115,0.009490062522435488,0.0025348477052461317,0.3125060300344726,-0.07961197947144545
35,indoors,scene_00020,indoors/scene_00020/scan_00186,val/indoors/scene_00020/scan_00186/00020_00186_indoors_210_050.png,9,2,1,256,512,512,768,65243,6880,92763.0,33082.39004488519,28924.42580179425,4157.964243090938,22355.158163536435,20530.89286584483,1824.2652976916047,0.009750887364687872,0.019098642750178356,0.6809007355952145,0.9956833769456451
35,indoors,scene_00020,indoors/scene_00020/scan_00186,val/indoors/scene_00020/scan_00186/00020_00186_indoors_210_050.png,10,2,2,512,512,768,768,61975,13906,117599.0,36460.53702845765,37064.64015459367,-604.1031261360226,20633.238085842226,20748.942345943356,-115.70426010113292,0.016015885915973766,0.02126768835066852,0.8159659819837085,1.5275045707427888
35,indoors,scene_00020,indoors/scene_00020/scan_00186,val/indoors/scene_00020/scan_00186/00020_00186_indoors_210_050.png,11,2,3,768,512,1024,768,65288,2837,76636.0,31233.54036104528,31518.299451158608,-284.7590901133262,27976.93311086271,28062.049122024655,-85.11601116194282,0.019112221133496858,0.013850505823180858,1.1219664171874284,1.427972071626634
36,indoors,scene_00020,indoors/scene_00020/scan_00186,val/indoors/scene_00020/scan_00186/00020_00186_indoors_220_010.png,0,0,0,0,0,256,256,65536,16061,129780.0,63628.94292793185,63053.793301774786,575.1496261570566,28335.186777505725,28157.80159881909,177.38517868663945,0.011873810058441596,0.004712926304191895,0.3030752747477676,0.012416445658258736
36,indoors,scene_00020,indoors/scene_00020/scan_00186,val/indoors/scene_00020/scan_00186/00020_00186_indoors_220_010.png,1,0,1,256,0,512,256,65536,3255,78556.0,15785.685542600262,16025.494603204785,-239.8090606045249,12604.5650794394,12868.107836405039,-263.54275696563946,0.009537337304433397,0.009996235128376982,0.09492125928287612,1.64573728526512
36,indoors,scene_00020,indoors/scene_00020/scan_00186,val/indoors/scene_00020/scan_00186/00020_00186_indoors_220_010.png,2,0,2,512,0,768,256,65335,1853,72747.0,10207.520477904738,10262.722484024607,-55.202006119869644,8617.47259639531,8589.482706495734,27.9898898995754,0.009823098547989979,0.009060342790793579,1.2167389962730033,0.8561118382666748
36,indoors,scene_00020,indoors/scene_00020/scan_00186,val/indoors/scene_00020/scan_00186/00020_00186_indoors_220_010.png,3,0,3,768,0,1024,256,65536,0,65536.0,15088.780405832673,15092.392523123683,-3.6121172910077295,15088.780405832673,15092.392523123683,-3.6121172910077295,0.014717981493954643,0.00829119329719688,0.7891696175341338,4.28848758631819
36,indoors,scene_00020,indoors/scene_00020/scan_00186,val/indoors/scene_00020/scan_00186/00020_00186_indoors_220_010.png,4,1,0,0,256,256,512,65434,15818,128706.0,85809.40975150808,85860.2209046074,-50.81115309932922,38251.79121594109,38068.27804485309,183.51317108799316,0.009344379225713281,0.00454580031017833,0.1713572984380984,0.278427631325048
36,indoors,scene_00020,indoors/scene_00020/scan_00186,val/indoors/scene_00020/scan_00186/00020_00186_indoors_220_010.png,5,1,1,256,256,512,512,65536,3311,78780.0,16077.659294564457,16105.962039834947,-28.302745270486284,12174.647471508468,12354.354694919753,-179.70722341128476,0.008808864531250836,0.009009641021863208,0.038465162934589084,1.7585382538902632
36,indoors,scene_00020,indoors/scene_00020/scan_00186,val/indoors/scene_00020/scan_00186/00020_00186_indoors_220_010.png,6,1,2,512,256,768,512,65305,1768,72377.0,8649.237524712757,8730.20991189386,-80.97238718110303,7165.576944306729,7170.419652389229,-4.8427080824992945,0.014082549369609634,0.00944437214117846,0.7529976824833551,1.7929439389436226
36,indoors,scene_00020,indoors/scene_00020/scan_00186,val/indoors/scene_00020/scan_00186/00020_00186_indoors_220_010.png,7,1,3,768,256,1024,512,65536,0,65536.0,14655.08029524827,14659.440313715226,-4.360018466954619,14655.08029524827,14659.440313715226,-4.360018466954619,0.01252568567299217,0.008407594939135175,0.6346493855630518,3.8794069892739893
36,indoors,scene_00020,indoors/scene_00020/scan_00186,val/indoors/scene_00020/scan_00186/00020_00186_indoors_220_010.png,8,2,0,0,512,256,768,65536,15635,128076.0,89909.11558721159,91676.97048822351,-1767.8549010119284,41296.92020736693,41372.972381650514,-76.05217428358401,0.009020636061669635,0.00414113781599133,0.29950793569688366,-0.11766145744063869
36,indoors,scene_00020,indoors/scene_00020/scan_00186,val/indoors/scene_00020/scan_00186/00020_00186_indoors_220_010.png,9,2,1,256,512,512,768,65536,3375,79036.0,13329.423203756289,13534.691510627319,-205.26830687103086,10196.432451093202,10418.142393622873,-221.70994252967034,0.008113400832485034,0.008902940903460773,0.7097535419694619,-0.23468618649945555
36,indoors,scene_00020,indoors/scene_00020/scan_00186,val/indoors/scene_00020/scan_00186/00020_00186_indoors_220_010.png,10,2,2,512,512,768,768,65340,8072,97628.0,11518.796134257864,11875.638834654,-356.84270039613705,6238.737086475182,6333.7912718921525,-95.05418541697036,0.011452225849297342,0.010761983203397885,0.6976594541373589,2.0286489829912644
36,indoors,scene_00020,indoors/scene_00020/scan_00186,val/indoors/scene_00020/scan_00186/00020_00186_indoors_220_010.png,11,2,3,768,512,1024,768,65443,9413,103095.0,22084.11220766735,22242.760525575042,-158.64831790769355,14110.14248521638,14118.359663569521,-8.217178353140932,0.01201439279516047,0.011190695897938524,0.571149640504319,4.236232843560135
37,indoors,scene_00020,indoors/scene_00020/scan_00186,val/indoors/scene_00020/scan_00186/00020_00186_indoors_230_030.png,0,0,0,0,0,256,256,65536,1958,73368.0,16419.407925629017,15646.88133253895,772.5265930900646,14550.658307000263,14156.040515227683,394.61779177257785,0.008863522193719331,0.013032586734251103,0.7249130358672977,0.06316658976087562
37,indoors,scene_00020,indoors/scene_00020/scan_00186,val/indoors/scene_00020/scan_00186/00020_00186_indoors_230_030.png,1,0,1,256,0,512,256,65536,309,66772.0,14487.68467989434,14415.814955088894,71.86972480544412,13744.067878109294,13671.485481218215,72.58239689107967,0.007830961342554529,0.006139144837243121,0.4247306538209249,0.5210431363651181
37,indoors,scene_00020,indoors/scene_00020/scan_00186,val/indoors/scene_00020/scan_00186/00020_00186_indoors_230_030.png,2,0,2,512,0,768,256,65535,1675,72235.0,7879.481366100801,7151.318366198983,728.1629999018185,6245.641936318312,5763.400442184509,482.24149413380246,0.009686239986753855,0.011996876448760579,0.4894492814408149,1.3822607873797121
37,indoors,scene_00020,indoors/scene_00020/scan_00186,val/indoors/scene_00020/scan_00186/00020_00186_indoors_230_030.png,3,0,3,768,0,1024,256,62164,8662,96812.0,17352.462354207357,17761.111338311297,-408.64898410394096,6475.960914637115,6596.631858983691,-120.67094434657616,0.011012130877262456,0.019540263337361592,0.8635982119499869,2.8272773461923952
37,indoors,scene_00020,indoors/scene_00020/scan_00186,val/indoors/scene_00020/scan_00186/00020_00186_indoors_230_030.png,4,1,0,0,256,256,512,65536,9736,104480.0,152829.92813118335,161889.52897730336,-9059.600846120013,90701.48826458145,110759.09856414748,-20057.61029956601,0.010724623448988438,0.015777253953105145,0.591185073823139,-0.29623347366029035
37,indoors,scene_00020,indoors/scene_00020/scan_00186,val/indoors/scene_00020/scan_00186/00020_00186_indoors_230_030.png,5,1,1,256,256,512,512,65536,25390,167096.0,266721.0728438347,266823.025617305,-101.95277347028969,102879.05715085202,102873.72386971168,5.333281140330797,0.011792301648047345,0.004812339987586142,0.2479606427358053,0.10377980071416996
37,indoors,scene_00020,indoors/scene_00020/scan_00186,val/indoors/scene_00020/scan_00186/00020_00186_indoors_230_030.png,6,1,2,512,256,768,512,65441,3833,80773.0,13054.447784472117,14136.234960554299,-1081.7871760821804,8777.32809309003,9518.107685006658,-740.779591916629,0.010318963586259552,0.014898274934343977,1.0590027910865303,-1.1358025887819327
37,indoors,scene_00020,indoors/scene_00020/scan_00186,val/indoors/scene_00020/scan_00186/00020_00186_indoors_230_030.png,7,1,3,768,256,1024,512,65413,1396,70997.0,14462.856790918257,14461.248022824628,1.6087680936300774,13173.230726274971,13174.06562226712,-0.8348959921500132,0.010611358534106968,0.015781244351507486,0.80939578756469,3.227681624163996
37,indoors,scene_00020,indoors/scene_00020/scan_00186,val/indoors/scene_00020/scan_00186/00020_00186_indoors_230_030.png,8,2,0,0,512,256,768,65536,3426,79240.0,88117.04069973662,70576.4287397651,17540.611959971513,69173.19080086084,64040.10228148338,5133.088519377465,0.008075702012043051,0.014983514783268363,0.6138868938838266,-0.8275622414148023
37,indoors,scene_00020,indoors/scene_00020/scan_00186,val/indoors/scene_00020/scan_00186/00020_00186_indoors_230_030.png,9,2,1,256,512,512,768,65536,16756,132560.0,140925.35030196782,140616.4078447154,308.94245725242337,67284.22619287044,67274.41942275516,9.806770115273753,0.01114545930579861,0.003920834915317091,0.1950345500209364,0.22477895853824467
37,indoors,scene_00020,indoors/scene_00020/scan_00186,val/indoors/scene_00020/scan_00186/00020_00186_indoors_230_030.png,10,2,2,512,512,768,768,65536,3271,78620.0,12940.560034857228,14254.891106182617,-1314.331071325389,9447.954384394281,9927.28590517271,-479.3315207784294,0.00928374604345963,0.01391480910585473,3.252895813805985,-7.115300608081866
37,indoors,scene_00020,indoors/scene_00020/scan_00186,val/indoors/scene_00020/scan_00186/00020_00186_indoors_230_030.png,11,2,3,768,512,1024,768,65290,1847,72678.0,15403.083618179759,15270.78536135136,132.29825682839729,14008.740674184513,13892.650284695468,116.09038948904467,0.009762599818623919,0.016764496816723345,1.0000228876895472,4.6389755522011775
38,indoors,scene_00020,indoors/scene_00020/scan_00186,val/indoors/scene_00020/scan_00186/00020_00186_indoors_240_020.png,0,0,0,0,0,256,256,65536,1584,71872.0,15046.480957677275,15048.199604685582,-1.7186470083077237,14144.151555331358,14143.875319575971,0.276235755387221,0.007250886262952519,0.002831755029400096,0.7981762813177506,0.814228021325913
38,indoors,scene_00020,indoors/scene_00020/scan_00186,val/indoors/scene_00020/scan_00186/00020_00186_indoors_240_020.png,1,0,1,256,0,512,256,65536,4651,84140.0,89569.75363101941,87441.34982024218,2128.4038107772494,70726.93808459236,71286.97794388386,-560.0398592915009,0.01114545803031588,0.0164635918941129,0.5873605080457325,0.16309655717028468
38,indoors,scene_00020,indoors/scene_00020/scan_00186,val/indoors/scene_00020/scan_00186/00020_00186_indoors_240_020.png,2,0,2,512,0,768,256,65536,11130,110056.0,93316.23319587176,93430.21812151151,-113.98492563975914,47965.15426595617,47982.50467004726,-17.35040409109322,0.011757247057466159,0.008105558971211525,0.3621941788499849,0.3539017599198107
38,indoors,scene_00020,indoors/scene_00020/scan_00186,val/indoors/scene_00020/scan_00186/00020_00186_indoors_240_020.png,3,0,3,768,0,1024,256,65261,4349,82657.0,21433.082783169306,21126.91231735424,306.17046581506713,14562.663031420901,14330.075894836064,232.5871365848374,0.009926768159321041,0.012721800399397097,1.0483531849159697,1.0585097214529913
38,indoors,scene_00020,indoors/scene_00020/scan_00186,val/indoors/scene_00020/scan_00186/00020_00186_indoors_240_020.png,4,1,0,0,256,256,512,65536,2334,74872.0,19484.394642827123,19534.611692544793,-50.21704971767299,17546.30599933124,17583.573494316457,-37.267494985214284,0.008782214849244852,0.0027844311356147846,0.7223076507643214,0.9071082441893099
38,indoors,scene_00020,indoors/scene_00020/scan_00186,val/indoors/scene_00020/scan_00186/00020_00186_indoors_240_020.png,5,1,1,256,256,512,512,65536,3775,80636.0,88483.72884618209,83246.71917338306,5237.009672799022,72782.88830595388,71980.68511436763,802.2031915862542,0.009036539785731471,0.015396727017135979,0.6674387825844427,-0.22011094111608823
38,indoors,scene_00020,indoors/scene_00020/scan_00186,val/indoors/scene_00020/scan_00186/00020_00186_indoors_240_020.png,6,1,2,512,256,768,512,65536,11638,112088.0,83454.50232557255,83545.84226099626,-91.33993542369869,44365.93683952927,44428.65661198007,-62.71977245080144,0.011368989273452344,0.006500907556970145,0.2944073200936974,0.377099493165526
38,indoors,scene_00020,indoors/scene_00020/scan_00186,val/indoors/scene_00020/scan_00186/00020_00186_indoors_240_020.png,7,1,3,768,256,1024,512,65516,3507,79544.0,17749.427582759832,17586.743982892694,162.68359986713966,14043.172870510047,13910.64617712608,132.52669338396683,0.009082686080707144,0.013255873495888248,1.0493680137644732,0.9674292427616205
38,indoors,scene_00020,indoors/scene_00020/scan_00186,val/indoors/scene_00020/scan_00186/00020_00186_indoors_240_020.png,8,2,0,0,512,256,768,63236,19746,142220.0,42594.81293894362,42831.950765047775,-237.13782610414933,19716.51466645717,19761.71869691262,-45.20403045545045,0.010197824020851287,0.003349438938606916,0.9233631955106825,0.8812976509355669
38,indoors,scene_00020,indoors/scene_00020/scan_00186,val/indoors/scene_00020/scan_00186/00020_00186_indoors_240_020.png,9,2,1,256,512,512,768,65288,2754,76304.0,60654.00978056397,59627.953435054485,1026.0563455094793,51940.59296982411,51693.29792185237,247.29504797174434,0.005568120378789684,0.016923501567455677,0.9136536124926954,-0.7268838069709445
38,indoors,scene_00020,indoors/scene_00020/scan_00186,val/indoors/scene_00020/scan_00186/00020_00186_indoors_240_020.png,10,2,2,512,512,768,768,65437,9402,103045.0,58249.08131484412,58350.389905622804,-101.30859077868095,33838.48156189588,33779.636426263234,58.845135632652145,0.009536542617939596,0.006146384596764347,0.2973249326810058,0.5525759037504653
38,indoors,scene_00020,indoors/scene_00020/scan_00186,val/indoors/scene_00020/scan_00186/00020_00186_indoors_240_020.png,11,2,3,768,512,1024,768,65536,3478,79448.0,18077.384262285548,18188.494867577356,-111.11060529180963,14561.300282720083,14654.648448279237,-93.34816555915319,0.009168796650639521,0.013882439421651474,1.0515732857547015,0.8177457374916093
39,indoors,scene_00020,indoors/scene_00020/scan_00186,val/indoors/scene_00020/scan_00186/00020_00186_indoors_240_040.png,0,0,0,0,0,256,256,65536,2025,73636.0,4339.6107821826445,4307.224654060674,32.38612812197011,3156.407533525647,3123.521794344343,32.88573918130362,0.006932601485226935,0.004500612524999959,0.34815654784742683,1.6953228078760916
39,indoors,scene_00020,indoors/scene_00020/scan_00186,val/indoors/scene_00020/scan_00186/00020_00186_indoors_240_040.png,1,0,1,256,0,512,256,65498,3526,79602.0,7180.239602800979,7493.887370738867,-313.6477679378888,5312.58328684832,5512.5202953882435,-199.93700853992334,0.006687081507457088,0.010395448319119555,0.4232784976243924,1.4608619921026298
39,indoors,scene_00020,indoors/scene_00020/scan_00186,val/indoors/scene_00020/scan_00186/00020_00186_indoors_240_040.png,2,0,2,512,0,768,256,65522,1635,72062.0,8060.503288011568,8029.477896470579,31.025391540987425,6581.760641365977,6624.765662552479,-43.00502118650259,0.007093256901919429,0.014565963236244567,0.8958342778454415,0.8985049049689906
39,indoors,scene_00020,indoors/scene_00020/scan_00186,val/indoors/scene_00020/scan_00186/00020_00186_indoors_240_040.png,3,0,3,768,0,1024,256,65531,2904,77147.0,19681.901613252176,19579.93244238197,101.96917087020502,16660.614184193317,16569.559703417413,91.05448077590569,0.009235812133265181,0.01725907672388802,0.8778930276095867,1.913558190102625
39,indoors,scene_00020,indoors/scene_00020/scan_00186,val/indoors/scene_00020/scan_00186/00020_00186_indoors_240_040.png,4,1,0,0,256,256,512,65429,4306,82653.0,10205.096473700827,10279.86475718004,-74.76828347921055,7839.132796805373,7850.099294990073,-10.966498184701646,0.008542369484460658,0.004197756565565041,0.7644124641371839,-0.17027618382903506
39,indoors,scene_00020,indoors/scene_00020/scan_00186,val/indoors/scene_00020/scan_00186/00020_00186_indoors_240_040.png,5,1,1,256,256,512,512,65536,2202,74344.0,38745.41464559304,37781.42114422377,963.9935013692582,33040.38654209347,32769.944939241694,270.4416028517707,0.008304790112110506,0.008833407634601873,0.6551464702992528,-0.24180181881335105
39,indoors,scene_00020,indoors/scene_00020/scan_00186,val/indoors/scene_00020/scan_00186/00020_00186_indoors_240_040.png,6,1,2,512,256,768,512,65536,3731,80460.0,50295.78519410053,50314.56868271671,-18.78348861617861,37044.62575944055,37065.83935643068,-21.213596990139287,0.008533122829765465,0.004955713114931429,0.2926475728807866,0.2341021742633249
39,indoors,scene_00020,indoors/scene_00020/scan_00186,val/indoors/scene_00020/scan_00186/00020_00186_indoors_240_040.png,7,1,3,768,256,1024,512,65473,3634,80009.0,20503.53580931217,20862.719164608392,-359.1833552962254,16514.92285075721,16586.551373921353,-71.6285231641422,0.010334722227021611,0.02369873024740794,1.0226439096928157,0.8415587775454098
39,indoors,scene_00020,indoors/scene_00020/scan_00186,val/indoors/scene_00020/scan_00186/00020_00186_indoors_240_040.png,8,2,0,0,512,256,768,65536,1612,71984.0,19438.195190592127,19441.05897423279,-2.863783640662004,18165.627735087095,18185.931260379413,-20.30352529231695,0.007585649791213069,0.004511582164692332,0.8117441712561002,0.34541560431577634
39,indoors,scene_00020,indoors/scene_00020/scan_00186,val/indoors/scene_00020/scan_00186/00020_00186_indoors_240_040.png,9,2,1,256,512,512,768,65536,11918,113208.0,317977.33719494514,314571.98874043644,3405.3484545086862,183762.69492886701,187896.75434519976,-4134.059416332728,0.011690118580831419,0.012689449900566065,0.4795419466160504,-0.14977118557249422
39,indoors,scene_00020,indoors/scene_00020/scan_00186,val/indoors/scene_00020/scan_00186/00020_00186_indoors_240_040.png,10,2,2,512,512,768,768,65536,36512,211584.0,437237.73791921255,437505.4371452249,-267.6992260123309,144357.55833759886,144552.97377854853,-195.41544094966088,0.011913738425151426,0.004679322673263755,0.2100732840809489,0.03640248199558609
39,indoors,scene_00020,indoors/scene_00020/scan_00186,val/indoors/scene_00020/scan_00186/00020_00186_indoors_240_040.png,11,2,3,768,512,1024,768,65393,4602,83801.0,17674.033192003146,18393.226183368202,-719.1929913650599,11692.64504539525,12191.465333264805,-498.82028786955277,0.009734672021527014,0.02058336136185104,1.026380067831329,-0.20709617359764668
40,indoors,scene_00020,indoors/scene_00020/scan_00187,val/indoors/scene_00020/scan_00187/00020_00187_indoors_010_030.png,0,0,0,0,0,256,256,65536,505,67556.0,12246.859389629197,12399.435212158152,-152.57582252895742,11535.937825666155,11634.429157913979,-98.49133224782715,0.01098881554104231,0.012067815507828534,0.7579623207651559,1.3011965331747135
40,indoors,scene_00020,indoors/scene_00020/scan_00187,val/indoors/scene_00020/scan_00187/00020_00187_indoors_010_030.png,1,0,1,256,0,512,256,65536,0,65536.0,13003.645401144026,12982.983612765172,20.6617883788546,13003.645401144026,12982.983612765172,20.6617883788546,0.00791822348913521,0.012782080276350517,0.8805581075417759,0.8159542785157359
40,indoors,scene_00020,indoors/scene_00020/scan_00187,val/indoors/scene_00020/scan_00187/00020_00187_indoors_010_030.png,2,0,2,512,0,768,256,65536,0,65536.0,12867.078265231896,12861.938047296402,5.140217935492544,12867.078265231896,12861.938047296402,5.140217935492544,0.008921485165248136,0.012554399012190002,1.070371205888302,0.18355126673903363
40,indoors,scene_00020,indoors/scene_00020/scan_00187,val/indoors/scene_00020/scan_00187/00020_00187_indoors_010_030.png,3,0,3,768,0,1024,256,65536,0,65536.0,12645.849422114063,12887.987054757614,-242.1376326435513,12645.849422114063,12887.987054757614,-242.1376326435513,0.010194202472729546,0.012542355841021171,1.1635338049694608,0.7550952448346577
40,indoors,scene_00020,indoors/scene_00020/scan_00187,val/indoors/scene_00020/scan_00187/00020_00187_indoors_010_030.png,4,1,0,0,256,256,512,64553,26736,171497.0,85530.51123318207,84968.06092508245,562.4503080996137,23518.682146384686,23342.35570481559,176.3264415690986,0.016179526480170663,0.009655648543021183,0.4452742012128214,1.4380248436071323
40,indoors,scene_00020,indoors/scene_00020/scan_00187,val/indoors/scene_00020/scan_00187/00020_00187_indoors_010_030.png,5,1,1,256,256,512,512,65534,8265,98594.0,72717.06246850615,73036.82726111654,-319.7647926103883,40917.51396821276,40965.000718702766,-47.48675048999367,0.0172672173872814,0.011214692080765278,0.46787244640388725,0.4595721428796729
40,indoors,scene_00020,indoors/scene_00020/scan_00187,val/indoors/scene_00020/scan_00187/00020_00187_indoors_010_030.png,6,1,2,512,256,768,512,65536,965,69396.0,43332.08023035349,43379.830766611056,-47.750536257568,37160.40060868393,37225.78280059722,-65.38219191328733,0.010409248609249125,0.007849466332751064,0.5437561577508171,0.2637491114491949
40,indoors,scene_00020,indoors/scene_00020/scan_00187,val/indoors/scene_00020/scan_00187/00020_00187_indoors_010_030.png,7,1,3,768,256,1024,512,65536,340,66896.0,7019.403886899524,6998.090163257734,21.313723641790336,6798.4620293989265,6781.235247511059,17.22678188786774,0.011748115406522146,0.005551875971226127,0.4507789957940064,1.018017868765937
40,indoors,scene_00020,indoors/scene_00020/scan_00187,val/indoors/scene_00020/scan_00187/00020_00187_indoors_010_030.png,8,2,0,0,512,256,768,64226,25719,167102.0,53469.32860948607,52232.586811950125,1236.7417975359417,16267.383604590266,15750.922240614294,516.4613639759694,0.016497489503775054,0.01182464911492406,0.9056475717908937,0.4347196014739842
40,indoors,scene_00020,indoors/scene_00020/scan_00187,val/indoors/scene_00020/scan_00187/00020_00187_indoors_010_030.png,9,2,1,256,512,512,768,65536,12874,117032.0,53112.75747580007,53433.07174506927,-320.3142692691968,21480.05372041747,21303.18391253399,176.86980788347722,0.0207458929260472,0.019217618403506324,0.35562664024646506,0.9819560155143017
40,indoors,scene_00020,indoors/scene_00020/scan_00187,val/indoors/scene_00020/scan_00187/00020_00187_indoors_010_030.png,10,2,2,512,512,768,768,65536,2330,74856.0,23137.70012281031,23257.198724986945,-119.49860217663168,13584.289946858626,13750.728717188094,-166.43877032946978,0.011164817550044772,0.006797824068875969,0.7340192558282321,0.3474794127871017
40,indoors,scene_00020,indoors/scene_00020/scan_00187,val/indoors/scene_00020/scan_00187/00020_00187_indoors_010_030.png,11,2,3,768,512,1024,768,65536,680,68256.0,9059.539279055101,9056.61326869922,2.9260103558804955,8806.391865833823,8804.092512681913,2.2993531519087247,0.015599243597927318,0.005308328609629355,0.18994493123706702,2.6064773180027365
41,indoors,scene_00020,indoors/scene_00020/scan_00187,val/indoors/scene_00020/scan_00187/00020_00187_indoors_100_000.png,0,0,0,0,0,256,256,65455,760,68495.0,20510.502347359565,20504.190342223934,6.3120051356352445,19445.51248179285,19490.816805593327,-45.30432380047978,0.008656941958094312,0.013115593227182988,0.4332213983689184,2.894366801132217
41,indoors,scene_00020,indoors/scene_00020/scan_00187,val/indoors/scene_00020/scan_00187/00020_00187_indoors_100_000.png,1,0,1,256,0,512,256,65230,4127,81738.0,23806.868175618874,23961.0410501569,-154.17287453802408,19459.08197207685,19500.55205953309,-41.4700874562375,0.013162838592081266,0.03634485975295868,0.8394049343231746,1.3702520341919295
41,indoors,scene_00020,indoors/scene_00020/scan_00187,val/indoors/scene_00020/scan_00187/00020_00187_indoors_100_000.png,2,0,2,512,0,768,256,65536,8007,97564.0,20861.559792620792,20398.161464208904,463.39832841188627,10238.47309061942,10117.523680519058,120.94941010036231,0.014266633467692535,0.014988848756596524,0.5648870532772237,0.8738381930441679
41,indoors,scene_00020,indoors/scene_00020/scan_00187,val/indoors/scene_00020/scan_00187/00020_00187_indoors_100_000.png,3,0,3,768,0,1024,256,65536,8915,101196.0,82236.7185975996,51895.69350987443,30341.02508772516,47804.193788088145,28552.12769493909,19252.06609314906,0.017935280112939607,0.04688919333031464,0.2648384861847955,1.4189160530179497
41,indoors,scene_00020,indoors/scene_00020/scan_00187,val/indoors/scene_00020/scan_00187/00020_00187_indoors_100_000.png,4,1,0,0,256,256,512,65536,0,65536.0,12088.99506186096,12088.642699196396,0.35236266456488097,12088.99506186096,12088.642699196396,0.35236266456488097,0.005601768111454376,0.005366558449338799,0.5520549620366443,1.3413917917067373
41,indoors,scene_00020,indoors/scene_00020/scan_00187,val/indoors/scene_00020/scan_00187/00020_00187_indoors_100_000.png,5,1,1,256,256,512,512,65349,8300,98549.0,33626.02681058587,30388.517121069373,3237.5096895165007,21296.23420660006,18884.447959403587,2411.786247196471,0.018125283232447494,0.04470828933215432,0.4782693647999783,0.5050954753292436
41,indoors,scene_00020,indoors/scene_00020/scan_00187,val/indoors/scene_00020/scan_00187/00020_00187_indoors_100_000.png,6,1,2,512,256,768,512,65536,8080,97856.0,54463.27671062712,57448.537065620156,-2985.260354993038,26236.051591588202,26736.08830789636,-500.0367163081538,0.01407748439204632,0.012137097509601024,0.3599637785512887,0.18115914358095686
41,indoors,scene_00020,indoors/scene_00020/scan_00187,val/indoors/scene_00020/scan_00187/00020_00187_indoors_100_000.png,7,1,3,768,256,1024,512,61894,18739,136850.0,794023.5235019098,661155.4884847559,132868.0350171539,184899.808218944,153986.84492357052,30912.96329537352,0.020096504453712694,0.044952942839589144,0.4666196406110642,0.3892375208558012
41,indoors,scene_00020,indoors/scene_00020/scan_00187,val/indoors/scene_00020/scan_00187/00020_00187_indoors_100_000.png,8,2,0,0,512,256,768,65400,906,69024.0,9490.409438135262,9843.01069673753,-352.6012586022685,8745.434303809392,8926.140783913746,-180.70648010435534,0.009058232375717502,0.01184829763703826,0.4688554802818557,0.841895319904277
41,indoors,scene_00020,indoors/scene_00020/scan_00187,val/indoors/scene_00020/scan_00187/00020_00187_indoors_100_000.png,9,2,1,256,512,512,768,65313,10212,106161.0,39556.56557077632,39652.295230728574,-95.72965995224394,21266.022026456332,21385.928842324938,-119.90681586860653,0.024123396759901883,0.03876239974436764,0.46909430757563486,0.9006083100722778
41,indoors,scene_00020,indoors/scene_00020/scan_00187,val/indoors/scene_00020/scan_00187/00020_00187_indoors_100_000.png,10,2,2,512,512,768,768,65241,7200,94041.0,31644.14604682008,31593.805525592008,50.340521228074124,15493.838357573883,15480.922523429803,12.91583414407684,0.03137574870686934,0.01239165588709325,0.7056232669099978,0.10760885084998219
41,indoors,scene_00020,indoors/scene_00020/scan_00187,val/indoors/scene_00020/scan_00187/00020_00187_indoors_100_000.png,11,2,3,768,512,1024,768,65283,2882,76811.0,9861.249073890784,9952.221660792009,-90.97258690122682,6270.369290165616,6348.641305800408,-78.27201563479127,0.01774496048464321,0.012881090296719674,0.5263821950411894,0.8557758145981991
42,indoors,scene_00020,indoors/scene_00020/scan_00187,val/indoors/scene_00020/scan_00187/00020_00187_indoors_140_000.png,0,0,0,0,0,256,256,65536,1486,71480.0,7620.943776485358,7668.538758087478,-47.594981602119795,6826.8705099370545,6814.218478980829,12.652030956225955,0.011725056822991712,0.0017619887308196682,0.06286687265373464,1.7075953338635563
42,indoors,scene_00020,indoors/scene_00020/scan_00187,val/indoors/scene_00020/scan_00187/00020_00187_indoors_140_000.png,1,0,1,256,0,512,256,65536,1705,72356.0,3552.6280214983967,3539.0092869907994,13.618734507598452,3262.8674148500645,3265.1188504467113,-2.2514355966466937,0.011000309901486063,0.0017954674062337446,0.06332437137624325,1.4182353376806576
42,indoors,scene_00020,indoors/scene_00020/scan_00187,val/indoors/scene_00020/scan_00187/00020_00187_indoors_140_000.png,2,0,2,512,0,768,256,65536,0,65536.0,13614.374091548461,13607.66513091679,6.708960631669323,13614.374091548461,13607.66513091679,6.708960631669323,0.009095761395022453,0.0013784610796421456,0.45005675140491463,0.0874523248459097
42,indoors,scene_00020,indoors/scene_00020/scan_00187,val/indoors/scene_00020/scan_00187/00020_00187_indoors_140_000.png,3,0,3,768,0,1024,256,65536,0,65536.0,34689.546501220815,34677.10656242357,12.439938797251312,34689.546501220815,34677.10656242357,12.439938797251312,0.009523265193450257,0.0015488695659467218,0.07429201151688539,0.7350095428100977
42,indoors,scene_00020,indoors/scene_00020/scan_00187,val/indoors/scene_00020/scan_00187/00020_00187_indoors_140_000.png,4,1,0,0,256,256,512,65531,2042,73699.0,7650.0406924876825,7577.401293956101,72.63939853158075,5720.927884573261,5702.974403426888,17.953481146373147,0.010094378340884523,0.0060225412567841,0.44764551237487005,1.0488955232772397
42,indoors,scene_00020,indoors/scene_00020/scan_00187,val/indoors/scene_00020/scan_00187/00020_00187_indoors_140_000.png,5,1,1,256,256,512,512,65531,2079,73847.0,12418.552692238296,11701.111174353318,717.4415178849774,10421.554984341092,10088.959286980991,332.59569736010184,0.012196568277285852,0.005219591891589318,0.41516268917294197,0.8624454800181609
42,indoors,scene_00020,indoors/scene_00020/scan_00187,val/indoors/scene_00020/scan_00187/00020_00187_indoors_140_000.png,6,1,2,512,256,768,512,65425,4705,84245.0,26894.78268034019,26305.598971080184,589.183709260007,22623.198130007237,22441.891879301176,181.30625070605717,0.013351884602988326,0.005815074736936513,0.40462507700361894,0.5234756234310493
42,indoors,scene_00020,indoors/scene_00020/scan_00187,val/indoors/scene_00020/scan_00187/00020_00187_indoors_140_000.png,7,1,3,768,256,1024,512,65530,450,67330.0,58436.787824682164,58294.95227012392,141.83555455824057,57114.28583723368,57112.17081594395,2.11502128972473,0.007408712530111017,0.002508368009311265,0.33996834999210934,0.29906718559113465
42,indoors,scene_00020,indoors/scene_00020/scan_00187,val/indoors/scene_00020/scan_00187/00020_00187_indoors_140_000.png,8,2,0,0,512,256,768,65350,16004,129366.0,67406.16760559494,67392.08865565728,14.078949937655661,34960.32389510766,34933.35356335675,26.970331750900417,0.057454052490044635,0.01124407499666125,0.5944586166972526,1.3674530806636462
42,indoors,scene_00020,indoors/scene_00020/scan_00187,val/indoors/scene_00020/scan_00187/00020_00187_indoors_140_000.png,9,2,1,256,512,512,768,65395,7918,97067.0,45299.790398745245,45316.77541770024,-16.9850189549981,32555.154099132375,32557.241047537114,-2.086948404736261,0.05685240470390217,0.008280528227725932,0.5499520696649093,1.044543637613888
42,indoors,scene_00020,indoors/scene_00020/scan_00187,val/indoors/scene_00020/scan_00187/00020_00187_indoors_140_000.png,10,2,2,512,512,768,768,65411,24710,164251.0,82101.53076718638,81953.76592804678,147.7648391396126,30635.641887209356,30683.121657219624,-47.47977001026848,0.040795580960197426,0.019973668598071995,0.9377985490424094,0.025888091774730927
42,indoors,scene_00020,indoors/scene_00020/scan_00187,val/indoors/scene_00020/scan_00187/00020_00187_indoors_140_000.png,11,2,3,768,512,1024,768,65285,17462,135133.0,106492.78056868442,110085.69033246802,-3592.909763783592,58754.77721427549,60590.2277268683,-1835.4505125928058,0.019750251833059063,0.032766913354895094,1.1603985586458236,-0.15317509501747947
43,indoors,scene_00020,indoors/scene_00020/scan_00187,val/indoors/scene_00020/scan_00187/00020_00187_indoors_220_030.png,0,0,0,0,0,256,256,65536,0,65536.0,12406.174130857298,12386.513273939927,19.660856917372598,12406.174130857298,12386.513273939927,19.660856917372598,0.007978346264334708,0.01338830364733367,1.1813013778903607,2.3765483561494825
43,indoors,scene_00020,indoors/scene_00020/scan_00187,val/indoors/scene_00020/scan_00187/00020_00187_indoors_220_030.png,1,0,1,256,0,512,256,65536,4,65552.0,12784.032826050574,12784.022254899344,0.010571151229979314,12782.876474730383,12782.865738023173,0.010736707211966845,0.011022582918785367,0.012734773536677013,0.8104628225234367,2.3701465755182087
43,indoors,scene_00020,indoors/scene_00020/scan_00187,val/indoors/scene_00020/scan_00187/00020_00187_indoors_220_030.png,2,0,2,512,0,768,256,65536,0,65536.0,13642.203634542939,13636.354394365751,5.849240177188415,13642.203634542939,13636.354394365751,5.849240177188415,0.01189319717029118,0.012387711459686392,0.8185668706420786,2.3528016509311804
43,indoors,scene_00020,indoors/scene_00020/scan_00187,val/indoors/scene_00020/scan_00187/00020_00187_indoors_220_030.png,3,0,3,768,0,1024,256,65536,2,65544.0,11961.030212967547,11951.029978383871,10.00023458367635,11960.576624450636,11950.575897816863,10.000726633770277,0.01063681946659174,0.012645353978775118,0.5413484056119332,3.6866516973482937
43,indoors,scene_00020,indoors/scene_00020/scan_00187,val/indoors/scene_00020/scan_00187/00020_00187_indoors_220_030.png,4,1,0,0,256,256,512,65536,136,66080.0,11556.770211180765,11547.270519486403,9.499691694360884,11471.52251180795,11452.277758832575,19.24475297537597,0.008846204115343662,0.006383550068844807,0.7802147513479458,0.9967179938125144
43,indoors,scene_00020,indoors/scene_00020/scan_00187,val/indoors/scene_00020/scan_00187/00020_00187_indoors_220_030.png,5,1,1,256,256,512,512,65536,15478,127448.0,76131.26034834528,78620.67122559412,-2489.4108772488316,23943.369461658134,24410.283869408537,-466.9144077504001,0.007896083663998469,0.011703958307277884,0.6967784170197974,0.17648675740108782
43,indoors,scene_00020,indoors/scene_00020/scan_00187,val/indoors/scene_00020/scan_00187/00020_00187_indoors_220_030.png,6,1,2,512,256,768,512,65536,31094,189912.0,103285.7409239335,103728.87522484086,-443.13430090734846,26309.672808535073,26393.274071151223,-83.60126261615277,0.00785965134360847,0.012806606648363061,0.6456869479708847,0.12629812798335494
43,indoors,scene_00020,indoors/scene_00020/scan_00187,val/indoors/scene_00020/scan_00187/00020_00187_indoors_220_030.png,7,1,3,768,256,1024,512,65536,834,68872.0,5842.047970566346,5873.515443858623,-31.467473292276626,5585.887556374782,5605.729293551275,-19.841737176491744,0.007776188024418967,0.00964115875784574,0.646444125617049,1.6537408600748738
43,indoors,scene_00020,indoors/scene_00020/scan_00187,val/indoors/scene_00020/scan_00187/00020_00187_indoors_220_030.png,8,2,0,0,512,256,768,65535,5162,86183.0,6513.652881511184,6482.980786636805,30.672094874379738,3893.2617531699234,3792.8006430630167,100.46111010690696,0.033420641715577674,0.0031229251513235565,0.2536405971131875,2.4561536367446317
43,indoors,scene_00020,indoors/scene_00020/scan_00187,val/indoors/scene_00020/scan_00187/00020_00187_indoors_220_030.png,9,2,1,256,512,512,768,65536,10413,107188.0,749244.708047234,842817.7553750832,-93573.04732784917,430996.00430971524,475498.85583544814,-44502.85152573291,0.01176532696273978,0.014053371450343143,0.6483639321608146,-0.17458296007935545
43,indoors,scene_00020,indoors/scene_00020/scan_00187,val/indoors/scene_00020/scan_00187/00020_00187_indoors_220_030.png,10,2,2,512,512,768,768,65534,15520,127614.0,236581.8460674329,237278.6393287972,-696.7932613643004,81481.58040074265,81705.68933953115,-224.10893878850575,0.01317897039003699,0.011431212740463454,0.31966197106304794,0.1979421789101973
43,indoors,scene_00020,indoors/scene_00020/scan_00187,val/indoors/scene_00020/scan_00187/00020_00187_indoors_220_030.png,11,2,3,768,512,1024,768,65536,0,65536.0,9076.50114487746,9071.291727416368,5.209417461092723,9076.50114487746,9071.291727416368,5.209417461092723,0.0072117186292014485,0.009971919765687967,0.8953762487046125,0.4575102121659131
44,indoors,scene_00020,indoors/scene_00020/scan_00187,val/indoors/scene_00020/scan_00187/00020_00187_indoors_230_000.png,0,0,0,0,0,256,256,65464,4335,82804.0,20625.537305962538,19966.076892942947,659.4604130195867,14528.056161122711,14051.051347073208,477.0048140495052,0.013130935949108212,0.013812785720095443,0.8986764632353199,0.5499357847190265
44,indoors,scene_00020,indoors/scene_00020/scan_00187,val/indoors/scene_00020/scan_00187/00020_00187_indoors_230_000.png,1,0,1,256,0,512,256,65486,10081,105810.0,12757.922535862534,12805.499739877469,-47.57720401493361,3346.585272267721,3411.582929597779,-64.99765733005788,0.032094801256778646,0.004392961893819006,0.18262427272654236,2.8041256752719605
44,indoors,scene_00020,indoors/scene_00020/scan_00187,val/indoors/scene_00020/scan_00187/00020_00187_indoors_230_000.png,2,0,2,512,0,768,256,65521,2330,74841.0,103986.76961605538,110954.44184850137,-6967.6722324459915,81849.72894348187,86163.81041975261,-4314.08147627074,0.01068796440546623,0.011068078031108049,0.9613632768622994,-0.5547263312143158
44,indoors,scene_00020,indoors/scene_00020/scan_00187,val/indoors/scene_00020/scan_00187/00020_00187_indoors_230_000.png,3,0,3,768,0,1024,256,65536,4014,81592.0,86532.00733667846,89760.78504690467,-3228.7777102261975,61916.289571370704,63118.1713716314,-1201.8818002606895,0.013686671829155474,0.009055017211499544,0.584390875829093,-0.405602635691583
44,indoors,scene_00020,indoors/scene_00020/scan_00187,val/indoors/scene_00020/scan_00187/00020_00187_indoors_230_000.png,4,1,0,0,256,256,512,64565,8845,99945.0,19963.457963468045,19886.48660035814,76.97136310990108,8167.505593713191,8205.719790725589,-38.21419701239638,0.010794348927289067,0.017339464187070466,0.5277870199465226,2.509210878364897
44,indoors,scene_00020,indoors/scene_00020/scan_00187,val/indoors/scene_00020/scan_00187/00020_00187_indoors_230_000.png,5,1,1,256,256,512,512,65197,15492,127165.0,29872.970767536714,29664.70105969499,208.26970784172573,11675.092174898562,11677.544293169949,-2.452118271386638,0.02307223226933571,0.023642636327511457,0.5282311290676761,2.408800834097639
44,indoors,scene_00020,indoors/scene_00020/scan_00187,val/indoors/scene_00020/scan_00187/00020_00187_indoors_230_000.png,6,1,2,512,256,768,512,65519,5997,89507.0,101523.15840754747,102128.32903399413,-605.1706264466515,72483.45918048732,72643.39424200755,-159.93506152021644,0.013812410062548304,0.020942922498293735,0.8036283321241613,-0.032021182655604684
44,indoors,scene_00020,indoors/scene_00020/scan_00187,val/indoors/scene_00020/scan_00187/00020_00187_indoors_230_000.png,7,1,3,768,256,1024,512,65536,4606,83960.0,102668.04592088073,104009.13120336014,-1341.0852824794172,71119.41497105215,71581.07683196664,-461.6618609145024,0.012918338482598796,0.00996632114704192,0.32123733029960483,0.2875748201209996
44,indoors,scene_00020,indoors/scene_00020/scan_00187,val/indoors/scene_00020/scan_00187/00020_00187_indoors_230_000.png,8,2,0,0,512,256,768,65478,5784,88614.0,11429.43401613567,11717.887443397805,-288.45342726213437,8634.96317363792,8735.852630095698,-100.88945645777844,0.012679726552889247,0.026578027513038317,0.4095443347590925,2.8610062436179735
44,indoors,scene_00020,indoors/scene_00020/scan_00187,val/indoors/scene_00020/scan_00187/00020_00187_indoors_230_000.png,9,2,1,256,512,512,768,65464,8979,101380.0,15327.915766360877,15370.269116494697,-42.35335013382107,7354.031161156377,7372.282967095989,-18.251805939613288,0.015036627698318723,0.023764928975023785,0.33726152984234475,2.863899465293332
44,indoors,scene_00020,indoors/scene_00020/scan_00187,val/indoors/scene_00020/scan_00187/00020_00187_indoors_230_000.png,10,2,2,512,512,768,768,65501,6048,89693.0,13663.899619675316,14203.614023130209,-539.7144034548951,8925.57197558084,9100.39176883824,-174.81979325739857,0.015137563011201857,0.023882064906864436,0.716092494887406,0.7842236563644117
44,indoors,scene_00020,indoors/scene_00020/scan_00187,val/indoors/scene_00020/scan_00187/00020_00187_indoors_230_000.png,11,2,3,768,512,1024,768,65491,1964,73347.0,16757.06757392689,17262.38052919766,-505.31295527076884,13306.115991145238,13615.46214082944,-309.3461496842022,0.016158880383575703,0.02406094872276257,0.5265229717891581,0.45914720388988944
45,indoors,scene_00020,indoors/scene_00020/scan_00187,val/indoors/scene_00020/scan_00187/00020_00187_indoors_240_010.png,0,0,0,0,0,256,256,65484,1717,72352.0,8618.938925106433,8675.612166142639,-56.67324103620763,6297.732214855371,6314.70770233105,-16.97548747567911,0.006040224664366962,0.0026300888102102284,0.15945937442045033,1.68126224559606
45,indoors,scene_00020,indoors/scene_00020/scan_00187,val/indoors/scene_00020/scan_00187/00020_00187_indoors_240_010.png,1,0,1,256,0,512,256,65536,1513,71588.0,4138.104096437942,4349.062817098319,-210.9587206603775,3202.090332217521,3346.5051320617213,-144.41479984420067,0.007464408940612358,0.0021517411797009867,0.29048570473914953,1.71120891154589
45,indoors,scene_00020,indoors/scene_00020/scan_00187,val/indoors/scene_00020/scan_00187/00020_00187_indoors_240_010.png,2,0,2,512,0,768,256,65535,1668,72207.0,2012.7736929402652,2018.3185083571937,-5.544815416928609,1339.7393967023183,1337.8546697587062,1.8847269436122063,0.02730361176721345,0.0009841140940799445,0.06580146596120108,2.302811012437672
45,indoors,scene_00020,indoors/scene_00020/scan_00187,val/indoors/scene_00020/scan_00187/00020_00187_indoors_240_010.png,3,0,3,768,0,1024,256,65536,2768,76608.0,63628.9636484245,61436.35988655261,2192.6037618718947,50780.59557135639,50156.15196750255,624.4436038538365,0.008877392524964924,0.010397239810301922,0.5783011072714552,0.05010875027775514
45,indoors,scene_00020,indoors/scene_00020/scan_00187,val/indoors/scene_00020/scan_00187/00020_00187_indoors_240_010.png,4,1,0,0,256,256,512,64957,11936,112701.0,24569.47744775452,24545.456653982896,24.02079377162636,10593.711244182996,10652.423849629096,-58.712605446102636,0.02695702952084125,0.013241321081436575,0.2640773483570609,1.6957723924267298
45,indoors,scene_00020,indoors/scene_00020/scan_00187,val/indoors/scene_00020/scan_00187/00020_00187_indoors_240_010.png,5,1,1,256,256,512,512,65462,7199,94258.0,13397.878103255856,13122.79633473258,275.0817685232759,7117.077921587027,6920.654349307699,196.42357227932837,0.014554269178210972,0.008644982344059193,0.36888961932066716,1.6813246827833492
45,indoors,scene_00020,indoors/scene_00020/scan_00187,val/indoors/scene_00020/scan_00187/00020_00187_indoors_240_010.png,6,1,2,512,256,768,512,65494,9962,105342.0,10230.0788979876,10196.718974314843,33.35992367275803,2884.386052339287,2888.955133859169,-4.569081519882401,0.02829917857470905,0.005532253103499294,0.23343178678220294,2.206561685062817
45,indoors,scene_00020,indoors/scene_00020/scan_00187,val/indoors/scene_00020/scan_00187/00020_00187_indoors_240_010.png,7,1,3,768,256,1024,512,65519,2606,75943.0,53197.37458641661,47823.82656646425,5373.548019952358,40338.9198990437,37562.669906127754,2776.2499929159458,0.00872974723558825,0.00911631316799271,0.8538379630515628,-0.1430507195959777
45,indoors,scene_00020,indoors/scene_00020/scan_00187,val/indoors/scene_00020/scan_00187/00020_00187_indoors_240_010.png,8,2,0,0,512,256,768,65531,4029,81647.0,11062.52257881468,11111.107837111995,-48.58525829731566,8457.31624317281,8514.771992254055,-57.45574908124379,0.010677448723250082,0.011004911204228581,0.46864073950016455,1.8849005746589202
45,indoors,scene_00020,indoors/scene_00020/scan_00187,val/indoors/scene_00020/scan_00187/00020_00187_indoors_240_010.png,9,2,1,256,512,512,768,64519,12135,113059.0,27361.31743556232,27180.570795983644,180.74663957867625,14134.319719650357,14068.830331612779,65.48938803757963,0.012200078731222424,0.019051068894448447,0.7339171502311779,1.8981857788021055
45,indoors,scene_00020,indoors/scene_00020/scan_00187,val/indoors/scene_00020/scan_00187/00020_00187_indoors_240_010.png,10,2,2,512,512,768,768,65218,15782,128346.0,35769.510740345024,35700.81055995691,68.70018038811435,17605.725767945845,17557.000317465696,48.7254504801432,0.022370316415962505,0.026763803091826355,0.6741312441775987,1.9670330061776728
45,indoors,scene_00020,indoors/scene_00020/scan_00187,val/indoors/scene_00020/scan_00187/00020_00187_indoors_240_010.png,11,2,3,768,512,1024,768,65519,7115,93979.0,35030.58820019662,34436.800883794145,593.7873164024803,23813.349120965147,23139.95321447843,673.395906486721,0.014091640559281356,0.01777086726609152,0.6227942666524948,0.7043418281127192
46,indoors,scene_00020,indoors/scene_00020/scan_00187,val/indoors/scene_00020/scan_00187/00020_00187_indoors_250_000.png,0,0,0,0,0,256,256,65289,10279,106405.0,20722.68803243572,20470.830038198932,251.85799423678924,8271.259816119393,8293.558116297841,-22.29830017844706,0.0201944751121979,0.018082912337708295,0.2230188849235557,1.3153456746349983
46,indoors,scene_00020,indoors/scene_00020/scan_00187,val/indoors/scene_00020/scan_00187/00020_00187_indoors_250_000.png,1,0,1,256,0,512,256,64973,8527,99081.0,31591.380602194775,30754.994012322324,836.3865898724532,14266.082944841392,13599.574096739276,666.5088481021162,0.025832028680414204,0.016401130991333845,0.2992528826993667,0.7640180161626657
46,indoors,scene_00020,indoors/scene_00020/scan_00187,val/indoors/scene_00020/scan_00187/00020_00187_indoors_250_000.png,2,0,2,512,0,768,256,65452,5816,88716.0,12731.998100645225,13374.557294382843,-642.559193737617,6042.3845772913655,6394.092175032047,-351.7075977406817,0.01537801885128287,0.008733355965642769,0.5964815543030935,0.3950250677014583
46,indoors,scene_00020,indoors/scene_00020/scan_00187,val/indoors/scene_00020/scan_00187/00020_00187_indoors_250_000.png,3,0,3,768,0,1024,256,65507,5410,87147.0,8855.458747369064,8809.171019820655,46.28772754840971,4126.489725856806,4125.184626404089,1.3050994527178688,0.030836805027068395,0.004008860962505683,0.17883068939796617,1.856063297701182
46,indoors,scene_00020,indoors/scene_00020/scan_00187,val/indoors/scene_00020/scan_00187/00020_00187_indoors_250_000.png,4,1,0,0,256,256,512,65534,2528,75646.0,23666.721593898226,23916.969398797177,-250.24780489894852,21158.633610429075,21276.908409075833,-118.27479864675978,0.024936267681175114,0.017969238165212943,0.5293600214776015,1.3716103170207576
46,indoors,scene_00020,indoors/scene_00020/scan_00187,val/indoors/scene_00020/scan_00187/00020_00187_indoors_250_000.png,5,1,1,256,256,512,512,65527,2798,76719.0,12111.40852501577,11927.027385230107,184.38113978566423,9922.779570860377,9822.651659919698,100.12791094067917,0.01013616410056371,0.008328207136636413,0.4083422791321924,1.0829266396949289
46,indoors,scene_00020,indoors/scene_00020/scan_00187,val/indoors/scene_00020/scan_00187/00020_00187_indoors_250_000.png,6,1,2,512,256,768,512,49689,9826,88993.0,20574.34708332498,20480.873274722908,93.47380860207338,9730.7315293781,9681.911129349166,48.820400028936334,0.014315212006998427,0.022980766879837296,0.6115497970082276,1.1635221535893954
46,indoors,scene_00020,indoors/scene_00020/scan_00187,val/indoors/scene_00020/scan_00187/00020_00187_indoors_250_000.png,7,1,3,768,256,1024,512,53511,6194,78287.0,16653.92053641748,15977.496048519026,676.4244878984572,10105.993600701608,9742.537049595623,363.4565511059851,0.020834599270778378,0.02537341466713495,0.5453167146072401,1.537346111188761
46,indoors,scene_00020,indoors/scene_00020/scan_00187,val/indoors/scene_00020/scan_00187/00020_00187_indoors_250_000.png,8,2,0,0,512,256,768,65306,6348,90698.0,41619.60240318402,41352.70790820332,266.8944949806966,31464.718400288486,31460.88017522901,3.838225059480143,0.018986479268892815,0.025305913094542422,0.39922968563906286,3.9018735649272815
46,indoors,scene_00020,indoors/scene_00020/scan_00187,val/indoors/scene_00020/scan_00187/00020_00187_indoors_250_000.png,9,2,1,256,512,512,768,65430,6370,90910.0,18729.88739457246,19356.66800300288,-626.7806084304216,12936.153741414311,13259.705656659222,-323.5519152449115,0.016038651392019904,0.025852436286317393,0.5710364149322129,1.195844041968989
46,indoors,scene_00020,indoors/scene_00020/scan_00187,val/indoors/scene_00020/scan_00187/00020_00187_indoors_250_000.png,10,2,2,512,512,768,768,55473,4879,74989.0,12960.858429233509,12774.229086792719,186.62934244079017,8734.484674038567,8574.839928466792,159.6447455717771,0.0142855113412621,0.024528973387664226,0.3784843987613712,1.5131146670423699
46,indoors,scene_00020,indoors/scene_00020/scan_00187,val/indoors/scene_00020/scan_00187/00020_00187_indoors_250_000.png,11,2,3,768,512,1024,768,47180,3912,62828.0,9443.248098990949,9514.352978073583,-71.1048790826332,6871.378342857309,6788.944269360298,82.43407349701131,0.014700512052800513,0.02387678737235565,0.3146138622460736,1.8480724620331996
47,indoors,scene_00020,indoors/scene_00020/scan_00187,val/indoors/scene_00020/scan_00187/00020_00187_indoors_270_000.png,0,0,0,0,0,256,256,65440,1547,71628.0,8707.638721288291,8526.818828734573,180.81989255371755,5921.7713410064825,5921.306561525396,0.46477948108684974,0.006794213173578386,0.007026841630714384,0.34836172369683377,2.087505070609703
47,indoors,scene_00020,indoors/scene_00020/scan_00187,val/indoors/scene_00020/scan_00187/00020_00187_indoors_270_000.png,1,0,1,256,0,512,256,65536,0,65536.0,31968.378882231715,31799.23210658575,169.14677564596172,31968.378882231715,31799.23210658575,169.14677564596172,0.005336148218233142,0.004896518114328144,0.06875872672166583,1.3816759951841793
47,indoors,scene_00020,indoors/scene_00020/scan_00187,val/indoors/scene_00020/scan_00187/00020_00187_indoors_270_000.png,2,0,2,512,0,768,256,65197,12567,115465.0,40137.02506801284,39420.98565944655,716.0394085662858,19941.6832490288,20038.644801246493,-96.96155221769708,0.02314928016482833,0.019268537669561915,0.30985711062349897,1.0612148614505588
47,indoors,scene_00020,indoors/scene_00020/scan_00187,val/indoors/scene_00020/scan_00187/00020_00187_indoors_270_000.png,3,0,3,768,0,1024,256,65078,7562,95326.0,19406.174553986497,19396.043031759204,10.131522227288656,7974.114814244564,8169.008866384846,-194.89405214028216,0.024173048738503455,0.019177935434814112,0.22240959475927533,1.4128863123258446
47,indoors,scene_00020,indoors/scene_00020/scan_00187,val/indoors/scene_00020/scan_00187/00020_00187_indoors_270_000.png,4,1,0,0,256,256,512,64267,8956,100091.0,20758.77865278761,20605.609657792815,153.1689949947949,11193.20360717782,11131.036902700576,62.16670447724632,0.023794626082754157,0.018353969774166617,0.5213719296514786,2.008545612372718
47,indoors,scene_00020,indoors/scene_00020/scan_00187,val/indoors/scene_00020/scan_00187/00020_00187_indoors_270_000.png,5,1,1,256,256,512,512,57101,10276,98205.0,45484.93786701218,45706.72629616054,-221.788429148367,24030.863426916985,23975.37995800325,55.48346891373268,0.026340433887731676,0.02137564641161676,0.7419448918801783,0.7271799717904651
47,indoors,scene_00020,indoors/scene_00020/scan_00187,val/indoors/scene_00020/scan_00187/00020_00187_indoors_270_000.png,6,1,2,512,256,768,512,65528,3764,80584.0,27700.336787032495,27918.530311510127,-218.1935244776302,22872.606189585516,23004.345182529243,-131.73899294372518,0.024441533951195134,0.017922330097556668,0.5671303690679127,1.0735628228479408
47,indoors,scene_00020,indoors/scene_00020/scan_00187,val/indoors/scene_00020/scan_00187/00020_00187_indoors_270_000.png,7,1,3,768,256,1024,512,65529,1734,72465.0,8489.567866609288,8287.675098240623,201.89276836866458,7176.070946503942,7005.438013884827,170.63293261911443,0.00838864588820977,0.0067423962589774535,0.3125019752289718,1.722056069203887
47,indoors,scene_00020,indoors/scene_00020/scan_00187,val/indoors/scene_00020/scan_00187/00020_00187_indoors_270_000.png,8,2,0,0,512,256,768,65495,3401,79099.0,16627.42776775721,16456.87848952259,170.54927823461952,13364.925693464558,13267.362091338948,97.56360212561104,0.013557788728473252,0.02281660709121736,0.6357358344871566,2.0226724465429875
47,indoors,scene_00020,indoors/scene_00020/scan_00187,val/indoors/scene_00020/scan_00187/00020_00187_indoors_270_000.png,9,2,1,256,512,512,768,64762,11529,110878.0,33588.09812682704,33169.69691752478,418.40120930226044,16045.572697194755,15728.850241111722,316.72245608303376,0.014817530044339557,0.029533026305767325,0.8789624466756764,1.3187429914682258
47,indoors,scene_00020,indoors/scene_00020/scan_00187,val/indoors/scene_00020/scan_00187/00020_00187_indoors_270_000.png,10,2,2,512,512,768,768,65080,9305,102300.0,29646.696498079546,29602.65992022388,44.03657785566412,19504.99352666602,19460.8231582241,44.17036844192084,0.023014926409784833,0.0264948677896021,0.6789128441763576,1.9099137444875158
47,indoors,scene_00020,indoors/scene_00020/scan_00187,val/indoors/scene_00020/scan_00187/00020_00187_indoors_270_000.png,11,2,3,768,512,1024,768,65442,6802,92650.0,14661.97338470933,13952.054748871422,709.9186358379088,8593.467446202725,8113.63075237424,479.8366938284853,0.013358188359299125,0.02441062037796838,0.3701250296321286,1.8185153242287109
48,indoors,scene_00020,indoors/scene_00020/scan_00187,val/indoors/scene_00020/scan_00187/00020_00187_indoors_270_020.png,0,0,0,0,0,256,256,65536,669,68212.0,7640.207170607093,7643.526962060068,-3.3197914529750356,7304.210389930526,7300.784537135909,3.4258527946170716,0.00788841507288254,0.007634587509316787,0.7124343819550537,0.46058165290087993
48,indoors,scene_00020,indoors/scene_00020/scan_00187,val/indoors/scene_00020/scan_00187/00020_00187_indoors_270_020.png,1,0,1,256,0,512,256,65536,16777,132644.0,53014.841828462006,52891.52888115123,123.31294731077706,22945.180831172,22962.932814285115,-17.751983113110043,0.0051342644134475856,0.010090120566941628,0.4165869682514171,0.5454358785725899
48,indoors,scene_00020,indoors/scene_00020/scan_00187,val/indoors/scene_00020/scan_00187/00020_00187_indoors_270_020.png,2,0,2,512,0,768,256,65536,13460,119376.0,35212.83827002078,34913.99348288619,298.84478713459544,19202.24698845425,19019.66015666818,182.58683178607225,0.0036434511042227648,0.009154445803896887,0.1737945276002157,1.4390727182477476
48,indoors,scene_00020,indoors/scene_00020/scan_00187,val/indoors/scene_00020/scan_00187/00020_00187_indoors_270_020.png,3,0,3,768,0,1024,256,65536,2340,74896.0,9968.4206217947,10034.398301165911,-65.9776793712098,8967.729362143637,9004.706982930995,-36.977620787357985,0.006356161643550905,0.007215565781253304,0.6028795219957446,0.6847851276276335
48,indoors,scene_00020,indoors/scene_00020/scan_00187,val/indoors/scene_00020/scan_00187/00020_00187_indoors_270_020.png,4,1,0,0,256,256,512,65536,0,65536.0,7581.78205387375,7572.8580849601385,8.92396891361081,7581.78205387375,7572.8580849601385,8.92396891361081,0.00628266438324598,0.005281375071794719,0.5098837058683664,1.2775564005264484
48,indoors,scene_00020,indoors/scene_00020/scan_00187,val/indoors/scene_00020/scan_00187/00020_00187_indoors_270_020.png,5,1,1,256,256,512,512,65536,0,65536.0,40766.292054929654,40773.24460859832,-6.9525536686540965,40766.292054929654,40773.24460859832,-6.9525536686540965,0.006304804975075578,0.005061754831368764,0.2759553995479962,0.44680089260498557
48,indoors,scene_00020,indoors/scene_00020/scan_00187,val/indoors/scene_00020/scan_00187/00020_00187_indoors_270_020.png,6,1,2,512,256,768,512,65425,7358,94857.0,32936.43149465111,32042.714563106816,893.7169315442906,24417.22771829462,23997.77015228683,419.45756600778964,0.008987023630282915,0.011357477002494478,0.38179664063572305,0.6719190579032669
48,indoors,scene_00020,indoors/scene_00020/scan_00187,val/indoors/scene_00020/scan_00187/00020_00187_indoors_270_020.png,7,1,3,768,256,1024,512,65536,2510,75576.0,14463.137762890003,14462.433105536238,0.7046573537610001,11631.59191046664,11620.583680959066,11.00822950757272,0.006758566059046278,0.0029567312749452686,0.14687430606633292,1.647698585766008
48,indoors,scene_00020,indoors/scene_00020/scan_00187,val/indoors/scene_00020/scan_00187/00020_00187_indoors_270_020.png,8,2,0,0,512,256,768,65437,3140,77997.0,18710.12902870078,18614.409584175515,95.71944452526229,14962.409957776239,14892.14136906532,70.26858871091689,0.007247664806849929,0.010217672118427374,0.36842735538919297,2.4192100913788446
48,indoors,scene_00020,indoors/scene_00020/scan_00187,val/indoors/scene_00020/scan_00187/00020_00187_indoors_270_020.png,9,2,1,256,512,512,768,65245,1432,70973.0,21478.884462896127,21672.199041423875,-193.31457852774753,19438.637261969252,19627.423687296232,-188.78642532697984,0.0059483584420538015,0.0072470943351097515,0.5486866874689702,0.5702900602529972
48,indoors,scene_00020,indoors/scene_00020/scan_00187,val/indoors/scene_00020/scan_00187/00020_00187_indoors_270_020.png,10,2,2,512,512,768,768,65245,15543,127417.0,30616.800888384398,30277.079400670842,339.72148771355694,14706.885156344706,14673.698936665507,33.186219679197606,0.019718260176085453,0.023447355926653556,0.4585282589650243,0.8505041220115388
48,indoors,scene_00020,indoors/scene_00020/scan_00187,val/indoors/scene_00020/scan_00187/00020_00187_indoors_270_020.png,11,2,3,768,512,1024,768,65045,15287,126193.0,42615.68251332774,42466.999145294816,148.68336803292823,23926.447335885186,23873.756962098072,52.690373787113266,0.023975887604422794,0.011667355509802971,0.17816838885243869,2.12760300441915
49,indoors,scene_00020,indoors/scene_00020/scan_00187,val/indoors/scene_00020/scan_00187/00020_00187_indoors_280_030.png,0,0,0,0,0,256,256,65536,8,65568.0,17988.22214067059,17971.101405343303,17.120735327283118,17985.55476464382,17968.433406412347,17.12135823147071,0.008492501375996794,0.014255834869880748,1.1261663449305173,2.1119911034005376
49,indoors,scene_00020,indoors/scene_00020/scan_00187,val/indoors/scene_00020/scan_00187/00020_00187_indoors_280_030.png,1,0,1,256,0,512,256,65536,72,65824.0,18368.408984747435,18363.55860368116,4.850381066275852,18330.008938788935,18325.16682653197,4.842112256964666,0.008821779609063664,0.013653371592246343,1.1405830002287112,1.5197518136122408
49,indoors,scene_00020,indoors/scene_00020/scan_00187,val/indoors/scene_00020/scan_00187/00020_00187_indoors_280_030.png,2,0,2,512,0,768,256,65536,126,66040.0,17301.35688015091,17292.99020841946,8.366671731450046,17245.80493651335,17237.42611584368,8.37882066966861,0.008341499340469766,0.01374270107168185,0.7995028162821414,2.62701363823751
49,indoors,scene_00020,indoors/scene_00020/scan_00187,val/indoors/scene_00020/scan_00187/00020_00187_indoors_280_030.png,3,0,3,768,0,1024,256,65536,202,66344.0,14703.55050490484,14654.415626264405,49.13487864043543,14677.488434410414,14629.11192652399,48.37650788642176,0.006597564647604409,0.013653531880178343,1.1076782217355954,2.096118084180144
49,indoors,scene_00020,indoors/scene_00020/scan_00187,val/indoors/scene_00020/scan_00187/00020_00187_indoors_280_030.png,4,1,0,0,256,256,512,65536,299,66732.0,4931.897725979305,4890.765843033983,41.13188294532168,4862.206357253712,4823.533194912777,38.67316234093536,0.008332879803862273,0.0070581065129382186,0.48165343322901016,1.602701376461227
49,indoors,scene_00020,indoors/scene_00020/scan_00187,val/indoors/scene_00020/scan_00187/00020_00187_indoors_280_030.png,5,1,1,256,256,512,512,65536,11187,110284.0,30516.879707610336,30714.14791481746,-197.2682072071205,18157.161146564285,18223.249624640495,-66.08847807620575,0.007843997201679236,0.009673814808771221,0.6576312034411451,0.6774793067621033
49,indoors,scene_00020,indoors/scene_00020/scan_00187,val/indoors/scene_00020/scan_00187/00020_00187_indoors_280_030.png,6,1,2,512,256,768,512,65536,32873,197028.0,149336.8228011843,149761.48130279066,-424.65850160638473,61222.14732950716,61417.255407818106,-195.10807831093516,0.004648915619574519,0.011310488291444373,0.49127746685031815,0.23648707000283728
49,indoors,scene_00020,indoors/scene_00020/scan_00187,val/indoors/scene_00020/scan_00187/00020_00187_indoors_280_030.png,7,1,3,768,256,1024,512,65536,23627,160044.0,85269.69062310315,85964.87151169527,-695.18088859213,41638.88823119987,41659.508658675484,-20.62042747561612,0.004791922213568345,0.008959569818409781,0.49802001369414917,0.6237904733187176
49,indoors,scene_00020,indoors/scene_00020/scan_00187,val/indoors/scene_00020/scan_00187/00020_00187_indoors_280_030.png,8,2,0,0,512,256,768,65536,0,65536.0,9194.572836149937,9198.101400981335,-3.5285648313973557,9194.572836149937,9198.101400981335,-3.5285648313973557,0.007015641121402715,0.0061465597998871455,0.40689783886856196,2.4702830209803133
49,indoors,scene_00020,indoors/scene_00020/scan_00187,val/indoors/scene_00020/scan_00187/00020_00187_indoors_280_030.png,9,2,1,256,512,512,768,65536,0,65536.0,12284.584662939887,12308.96924751946,-24.384584579572582,12284.584662939887,12308.96924751946,-24.384584579572582,0.006302686967290769,0.006061245763175249,0.5538402161553899,1.4035566134939212
49,indoors,scene_00020,indoors/scene_00020/scan_00187,val/indoors/scene_00020/scan_00187/00020_00187_indoors_280_030.png,10,2,2,512,512,768,768,65536,0,65536.0,80179.22480481748,80116.73170123874,62.49310357873702,80179.22480481748,80116.73170123874,62.49310357873702,0.006223165804465108,0.005539778284006723,0.27325102069452933,0.47533103886107
49,indoors,scene_00020,indoors/scene_00020/scan_00187,val/indoors/scene_00020/scan_00187/00020_00187_indoors_280_030.png,11,2,3,768,512,1024,768,65381,10235,106321.0,61892.695319988336,61964.107737485494,-71.41241749716119,39007.17204183588,39096.90998408569,-89.73794224980568,0.01121651878075461,0.0063185103114604775,0.3708777618838375,0.8979692925525821
50,indoors,scene_00021,indoors/scene_00021/scan_00188,val/indoors/scene_00021/scan_00188/00021_00188_indoors_090_000.png,0,0,0,0,0,256,256,65226,16088,129578.0,730584.6699876045,738417.5411564633,-7832.8711688587355,264350.4459502741,266019.70221537235,-1669.2562650982193,0.00963715639175786,0.02509547815326215,0.9006239677828175,-0.3803459342889552
50,indoors,scene_00021,indoors/scene_00021/scan_00188,val/indoors/scene_00021/scan_00188/00021_00188_indoors_090_000.png,1,0,1,256,0,512,256,65477,4642,84045.0,27640.077855227937,28305.153381047978,-665.0755258200395,20281.214502711846,20324.960550435026,-43.7460477231847,0.014472850642778957,0.02756770866378688,0.9441536202903996,1.2618604959563753
50,indoors,scene_00021,indoors/scene_00021/scan_00188,val/indoors/scene_00021/scan_00188/00021_00188_indoors_090_000.png,2,0,2,512,0,768,256,65524,1365,70984.0,13051.719961840412,13082.336457619795,-30.61649577938224,10880.158569941912,10875.046074791706,5.112495150207487,0.004487215349485289,0.008689176090345573,0.5169382764556302,2.1244133851970783
50,indoors,scene_00021,indoors/scene_00021/scan_00188,val/indoors/scene_00021/scan_00188/00021_00188_indoors_090_000.png,3,0,3,768,0,1024,256,65536,0,65536.0,2781.047914788731,2775.928718357074,5.119196431656788,2781.047914788731,2775.928718357074,5.119196431656788,0.00676349974283383,0.008073989853808496,1.1277906796221921,2.1671814207192783
50,indoors,scene_00021,indoors/scene_00021/scan_00188,val/indoors/scene_00021/scan_00188/00021_00188_indoors_090_000.png,4,1,0,0,256,256,512,65536,16206,130360.0,43419.13446826271,44586.47087637371,-1167.336408110994,31518.8784402363,32200.42139427086,-681.5429540345558,0.006250081431809195,0.019977310990682284,1.0247555920128877,0.10608901238298249
50,indoors,scene_00021,indoors/scene_00021/scan_00188,val/indoors/scene_00021/scan_00188/00021_00188_indoors_090_000.png,5,1,1,256,256,512,512,65514,6637,92062.0,31926.41703155908,29977.156164483837,1949.260867075246,19669.1480613113,18888.40136860584,780.7466927054585,0.007997619657312877,0.02511691986850989,0.6895154631909378,1.7028141041123042
50,indoors,scene_00021,indoors/scene_00021/scan_00188,val/indoors/scene_00021/scan_00188/00021_00188_indoors_090_000.png,6,1,2,512,256,768,512,65511,1386,71055.0,14971.065894604475,15056.005771006829,-84.93987640235369,12325.176652751057,12364.26863962724,-39.091986876183185,0.004739882221546158,0.008464797495171771,0.42582934351323454,2.278416148486142
50,indoors,scene_00021,indoors/scene_00021/scan_00188,val/indoors/scene_00021/scan_00188/00021_00188_indoors_090_000.png,7,1,3,768,256,1024,512,65536,0,65536.0,2304.1501592990317,2299.7767855774136,4.3733737216172495,2304.1501592990317,2299.7767855774136,4.3733737216172495,0.005281689909683257,0.0077588730024094835,0.545440913461121,3.677422732570559
50,indoors,scene_00021,indoors/scene_00021/scan_00188,val/indoors/scene_00021/scan_00188/00021_00188_indoors_090_000.png,8,2,0,0,512,256,768,65338,21982,153266.0,56524.12055355896,57841.69095627105,-1317.570402712093,38171.30414376774,38708.13683046939,-536.832686701649,0.008657215681025896,0.02087233896997512,0.8964332301888315,0.3361085278428457
50,indoors,scene_00021,indoors/scene_00021/scan_00188,val/indoors/scene_00021/scan_00188/00021_00188_indoors_090_000.png,9,2,1,256,512,512,768,65328,9018,101400.0,37858.986341318516,37898.455371360484,-39.46903004197071,22658.852523284077,22673.828817990103,-14.976294706024404,0.010023167677318045,0.028341990554076206,0.7960070193108042,1.721542700220291
50,indoors,scene_00021,indoors/scene_00021/scan_00188,val/indoors/scene_00021/scan_00188/00021_00188_indoors_090_000.png,10,2,2,512,512,768,768,65502,1234,70438.0,18520.408476815523,18569.766513383438,-49.35803656791668,15692.590239184627,15686.540987732862,6.049251451763673,0.004478661179088788,0.008121152262842867,0.6504986989917093,1.6514919083035744
50,indoors,scene_00021,indoors/scene_00021/scan_00188,val/indoors/scene_00021/scan_00188/00021_00188_indoors_090_000.png,11,2,3,768,512,1024,768,65536,0,65536.0,2678.321389561406,2671.822968243822,6.498421317583778,2678.321389561406,2671.822968243822,6.498421317583778,0.004811741319957464,0.007758620400364357,0.8695477191222474,2.4699139944742936
51,indoors,scene_00021,indoors/scene_00021/scan_00188,val/indoors/scene_00021/scan_00188/00021_00188_indoors_100_010.png,0,0,0,0,0,256,256,65536,4644,84112.0,37786.02221562847,35411.58575083599,2374.436464792476,28275.516817296928,26336.52695731327,1938.9898599836608,0.008724963595844308,0.01605358320777885,0.5093337455269505,-0.31160097605073245
51,indoors,scene_00021,indoors/scene_00021/scan_00188,val/indoors/scene_00021/scan_00188/00021_00188_indoors_100_010.png,1,0,1,256,0,512,256,64252,21863,151704.0,253729.99675989186,367898.40095313435,-114168.40419324249,134711.22176091696,196016.56362892248,-61305.34186800556,0.01270486695947029,0.032782163897985744,0.9134521765593759,-0.18571903362042133
51,indoors,scene_00021,indoors/scene_00021/scan_00188,val/indoors/scene_00021/scan_00188/00021_00188_indoors_100_010.png,2,0,2,512,0,768,256,65399,3459,79235.0,16877.337938203018,16710.23464939243,167.10328881058524,10900.150886619198,10814.31452837704,85.83635824215963,0.007830568958613246,0.022855173574771934,0.6843423160386362,2.5002616507541293
51,indoors,scene_00021,indoors/scene_00021/scan_00188,val/indoors/scene_00021/scan_00188/00021_00188_indoors_100_010.png,3,0,3,768,0,1024,256,65522,1301,70726.0,4365.544118546752,4142.288593631071,223.25552491568044,2613.5372047525498,2486.6215254284757,126.91567932407375,0.0046972589783593165,0.007452666752159228,0.440645894557978,3.85434317097819
51,indoors,scene_00021,indoors/scene_00021/scan_00188,val/indoors/scene_00021/scan_00188/00021_00188_indoors_100_010.png,4,1,0,0,256,256,512,65323,6655,91943.0,20862.677046361503,22238.532152945565,-1375.8551065840616,12113.523704214625,12252.656649847726,-139.13294563309893,0.009197579617672508,0.009424375399244084,0.31178157942986556,0.10958538451375908
51,indoors,scene_00021,indoors/scene_00021/scan_00188,val/indoors/scene_00021/scan_00188/00021_00188_indoors_100_010.png,5,1,1,256,256,512,512,65363,10120,105843.0,392525.143584818,423214.03479700634,-30688.891212188337,169198.73157379945,177540.3933790846,-8341.661805285148,0.009250180096153932,0.023184907793106977,0.726215190149693,0.08710892081261841
51,indoors,scene_00021,indoors/scene_00021/scan_00188,val/indoors/scene_00021/scan_00188/00021_00188_indoors_100_010.png,6,1,2,512,256,768,512,65473,3839,80829.0,12290.611151917768,12159.778453991188,130.83269792657848,7701.492351852378,7731.584095683707,-30.0917438313293,0.013523489042688028,0.018238758723363585,0.6189300434771444,2.6793636116061723
51,indoors,scene_00021,indoors/scene_00021/scan_00188,val/indoors/scene_00021/scan_00188/00021_00188_indoors_100_010.png,7,1,3,768,256,1024,512,65503,1264,70559.0,4482.617588502096,4269.399967269008,213.2176212330886,2587.297736127571,2502.2719307033267,85.02580542424474,0.004592939150827608,0.007107791207271584,0.4759652960559481,3.779500663740147
51,indoors,scene_00021,indoors/scene_00021/scan_00188,val/indoors/scene_00021/scan_00188/00021_00188_indoors_100_010.png,8,2,0,0,512,256,768,65536,5628,88048.0,15475.497144432686,15933.198488389044,-457.7013439563594,9407.953229449886,9600.452453449296,-192.49922399940988,0.008743129753883371,0.0071448848643203425,0.2164679906781351,0.6844093874972924
51,indoors,scene_00021,indoors/scene_00021/scan_00188,val/indoors/scene_00021/scan_00188/00021_00188_indoors_100_010.png,9,2,1,256,512,512,768,65536,12586,115880.0,20134.075540012076,22429.933880816985,-2295.858340804906,14474.81994520505,15265.409004166024,-790.5890589609742,0.00584722936736025,0.015814457689563775,1.1094667206360884,-0.8701720479220787
51,indoors,scene_00021,indoors/scene_00021/scan_00188,val/indoors/scene_00021/scan_00188/00021_00188_indoors_100_010.png,10,2,2,512,512,768,768,65515,5825,88815.0,13115.22109737626,12512.968296910029,602.25280046623,7516.611519934782,7349.718988977648,166.89253095713315,0.00794334691393372,0.015193107680460827,0.41151097300527084,3.4320321387361403
51,indoors,scene_00021,indoors/scene_00021/scan_00188,val/indoors/scene_00021/scan_00188/00021_00188_indoors_100_010.png,11,2,3,768,512,1024,768,65492,1261,70536.0,4133.675358406889,4043.798410999995,89.87694740689386,2216.2094420460635,2165.1382445169747,51.07119752908871,0.004576421850049483,0.006713282838560755,0.5169485519304962,3.7140222714614146
52,indoors,scene_00021,indoors/scene_00021/scan_00188,val/indoors/scene_00021/scan_00188/00021_00188_indoors_110_000.png,0,0,0,0,0,256,256,65484,6612,91932.0,45157.18110895157,46910.39412060347,-1753.213011651898,25634.81471548124,26569.253168060444,-934.4384525792034,0.008009153412823787,0.012062209111825564,0.5639711931820525,0.10494761436734619
52,indoors,scene_00021,indoors/scene_00021/scan_00188,val/indoors/scene_00021/scan_00188/00021_00188_indoors_110_000.png,1,0,1,256,0,512,256,65300,6498,91292.0,105379.70817843008,100487.70091469165,4892.007263738429,59373.47767391198,57434.74480331142,1938.732870600555,0.010141485533963998,0.010282858420998133,0.24438398252419885,-0.06402507476805537
52,indoors,scene_00021,indoors/scene_00021/scan_00188,val/indoors/scene_00021/scan_00188/00021_00188_indoors_110_000.png,2,0,2,512,0,768,256,65224,9848,104616.0,570326.450801322,550498.0173667769,19828.433434545124,216134.46059006904,213213.6473985953,2920.813191473725,0.009821197753623384,0.036373398675289506,1.1970339170108197,-0.48869612982118354
52,indoors,scene_00021,indoors/scene_00021/scan_00188,val/indoors/scene_00021/scan_00188/00021_00188_indoors_110_000.png,3,0,3,768,0,1024,256,65475,3672,80163.0,13389.408774273805,13411.312558783684,-21.903784509881188,9375.435689043707,9594.30257254933,-218.8668835056236,0.01434553688318098,0.029331652649854902,0.7822712981545172,3.968996084616256
52,indoors,scene_00021,indoors/scene_00021/scan_00188,val/indoors/scene_00021/scan_00188/00021_00188_indoors_110_000.png,4,1,0,0,256,256,512,65524,4588,83876.0,45223.42047493243,47100.42682189103,-1877.0063469586062,31002.089992624402,32008.7262372794,-1006.6362446549989,0.008366038141094812,0.012377584684763349,0.488311263366813,0.10523499450468833
52,indoors,scene_00021,indoors/scene_00021/scan_00188,val/indoors/scene_00021/scan_00188/00021_00188_indoors_110_000.png,5,1,1,256,256,512,512,65518,4649,84114.0,49931.5544942852,50139.35891833232,-207.80442404711783,35463.58836814074,35398.48149012636,65.10687801437763,0.00878885862215451,0.005762762065412016,0.21221327537918733,0.3902185649303351
52,indoors,scene_00021,indoors/scene_00021/scan_00188,val/indoors/scene_00021/scan_00188/00021_00188_indoors_110_000.png,6,1,2,512,256,768,512,65536,9163,102188.0,17575.46176441995,19740.020994751987,-2164.5592303320373,11707.136517568328,12938.541267997367,-1231.4047504290409,0.006080403479690211,0.030253074434342508,1.937877395791689,-1.4383590779811875
52,indoors,scene_00021,indoors/scene_00021/scan_00188,val/indoors/scene_00021/scan_00188/00021_00188_indoors_110_000.png,7,1,3,768,256,1024,512,65505,5566,87769.0,15136.148511629508,13950.28815859549,1185.8603530340174,8488.427508268085,8137.732051285151,350.69545698293297,0.007776531761974272,0.025542762978829896,0.6343531475431188,4.139650431428598
52,indoors,scene_00021,indoors/scene_00021/scan_00188,val/indoors/scene_00021/scan_00188/00021_00188_indoors_110_000.png,8,2,0,0,512,256,768,65444,3938,81196.0,21159.876916113193,20868.374788903508,291.5021272096826,11623.289157914773,11615.872860364161,7.4162975506121995,0.008920800399148804,0.010874359459919002,0.3717746544332249,0.6758745677238154
52,indoors,scene_00021,indoors/scene_00021/scan_00188,val/indoors/scene_00021/scan_00188/00021_00188_indoors_110_000.png,9,2,1,256,512,512,768,65536,2417,75204.0,16197.969643162396,16289.931283593007,-91.96164043061007,9670.514752794896,9672.545053596768,-2.0303008018755566,0.010025877429831218,0.005392052700924067,0.267917040762253,0.5025705486914546
52,indoors,scene_00021,indoors/scene_00021/scan_00188,val/indoors/scene_00021/scan_00188/00021_00188_indoors_110_000.png,10,2,2,512,512,768,768,65226,17030,133346.0,25136.046801501496,26037.31200511737,-901.2652036158715,11880.240561765373,12406.87327174122,-526.6327099758464,0.010407498447570508,0.03276518268908228,1.0780070498422654,1.0149040191835248
52,indoors,scene_00021,indoors/scene_00021/scan_00188,val/indoors/scene_00021/scan_00188/00021_00188_indoors_110_000.png,11,2,3,768,512,1024,768,65437,4540,83597.0,14760.816140213661,14683.658072635102,77.15806757855967,8624.604480649428,8619.050298928232,5.554181721195022,0.007228977144692778,0.026763189327530735,1.1485400929611282,2.9839380662828536
53,indoors,scene_00021,indoors/scene_00021/scan_00188,val/indoors/scene_00021/scan_00188/00021_00188_indoors_120_010.png,0,0,0,0,0,256,256,65536,0,65536.0,8080.555829182904,8077.1125825481795,3.4432466347259885,8080.555829182904,8077.1125825481795,3.4432466347259885,0.005089395611854963,0.0004225157527663586,0.46926754326567227,2.3650787787896883
53,indoors,scene_00021,indoors/scene_00021/scan_00188,val/indoors/scene_00021/scan_00188/00021_00188_indoors_120_010.png,1,0,1,256,0,512,256,65423,5330,86743.0,11590.265464079583,11556.322207972395,33.94325610718797,7005.239614040813,6987.143623136641,18.09599090417218,0.009224174005664216,0.01702315669069294,0.532780516446411,0.9983027390774699
53,indoors,scene_00021,indoors/scene_00021/scan_00188,val/indoors/scene_00021/scan_00188/00021_00188_indoors_120_010.png,2,0,2,512,0,768,256,65487,6012,89535.0,38746.00129668214,38900.3435730048,-154.34227632265583,18897.20669341449,19095.123714010697,-197.91702059621193,0.010504191181718383,0.01943938434969299,0.6304878406194895,-0.09735233666347079
53,indoors,scene_00021,indoors/scene_00021/scan_00188,val/indoors/scene_00021/scan_00188/00021_00188_indoors_120_010.png,3,0,3,768,0,1024,256,64621,20807,147849.0,139452.44161580113,223313.04398400174,-83860.60236820059,67345.96333366729,108343.39514745507,-40997.43181378778,0.01110113517152347,0.03196318769086203,1.2200089454540668,-0.2609400349538469
53,indoors,scene_00021,indoors/scene_00021/scan_00188,val/indoors/scene_00021/scan_00188/00021_00188_indoors_120_010.png,4,1,0,0,256,256,512,65536,0,65536.0,7646.264752066331,7643.51602930796,2.7487227583717138,7646.264752066331,7643.51602930796,2.7487227583717138,0.004597139021838072,0.0005742760796074588,0.10556204078025166,3.68326140041091
53,indoors,scene_00021,indoors/scene_00021/scan_00188,val/indoors/scene_00021/scan_00188/00021_00188_indoors_120_010.png,5,1,1,256,256,512,512,65495,6659,92131.0,13841.011653564394,14387.711170110817,-546.6995165464241,6959.504694512978,7202.567085293962,-243.06239078098469,0.007977365304930078,0.011261951054456413,0.36313408314398327,0.7546527240404677
53,indoors,scene_00021,indoors/scene_00021/scan_00188,val/indoors/scene_00021/scan_00188/00021_00188_indoors_120_010.png,6,1,2,512,256,768,512,65311,7109,93747.0,74694.04746885052,65109.02295216152,9585.024516689004,41903.21019703681,34882.00013817392,7021.210058862893,0.010187085553785013,0.011128502856051978,0.36028211206268307,0.012492047533717122
53,indoors,scene_00021,indoors/scene_00021/scan_00188,val/indoors/scene_00021/scan_00188/00021_00188_indoors_120_010.png,7,1,3,768,256,1024,512,65375,8872,100863.0,320925.50290694204,343744.4255345699,-22818.922627627857,141257.25174807725,146068.6705741623,-4811.41882608509,0.008486128012126363,0.02804283219278787,0.9601289437649639,-0.30649634890298044
53,indoors,scene_00021,indoors/scene_00021/scan_00188,val/indoors/scene_00021/scan_00188/00021_00188_indoors_120_010.png,8,2,0,0,512,256,768,65536,1390,71096.0,8417.265485348065,8444.653700915698,-27.388215567632685,7248.4490964654005,7330.701907176106,-82.25281071070503,0.006047078400450151,0.003171404896461013,1.1265157037444011,0.007740880664834693
53,indoors,scene_00021,indoors/scene_00021/scan_00188,val/indoors/scene_00021/scan_00188/00021_00188_indoors_120_010.png,9,2,1,256,512,512,768,65524,4962,85372.0,12897.892665511825,13260.489182605157,-362.59651709333195,7613.005403601799,7767.6376570256,-154.63225342380116,0.008600034121509597,0.012261631922403171,0.38615038845938826,0.6552219123563245
53,indoors,scene_00021,indoors/scene_00021/scan_00188,val/indoors/scene_00021/scan_00188/00021_00188_indoors_120_010.png,10,2,2,512,512,768,768,65536,5296,86720.0,18392.54068989685,18590.036336783727,-197.49564688687178,12697.127576615347,12820.08580374213,-122.95822712678503,0.008335792098026313,0.007953616596865363,0.2590825577102992,0.8172549506793083
53,indoors,scene_00021,indoors/scene_00021/scan_00188,val/indoors/scene_00021/scan_00188/00021_00188_indoors_120_010.png,11,2,3,768,512,1024,768,65536,12054,113752.0,21163.55740296169,22808.745620962392,-1645.1882180007005,15344.692939130859,15994.06824910683,-649.3753099759705,0.006207882063200965,0.020910268863405676,2.5225644222766124,0.8086895272282268
54,indoors,scene_00021,indoors/scene_00021/scan_00188,val/indoors/scene_00021/scan_00188/00021_00188_indoors_120_030.png,0,0,0,0,0,256,256,65536,0,65536.0,5696.608812975939,5707.152183924352,-10.543370948413465,5696.608812975939,5707.152183924352,-10.543370948413465,0.00644615164275487,0.0017192864607250193,0.6729857552845092,0.22209789195795804
54,indoors,scene_00021,indoors/scene_00021/scan_00188,val/indoors/scene_00021/scan_00188/00021_00188_indoors_120_030.png,1,0,1,256,0,512,256,65536,0,65536.0,6971.453576385944,6967.7342019799125,3.7193744060316067,6971.453576385944,6967.7342019799125,3.7193744060316067,0.006372065644247828,0.0019031559256961744,0.6393832563911696,0.2558394471229357
54,indoors,scene_00021,indoors/scene_00021/scan_00188,val/indoors/scene_00021/scan_00188/00021_00188_indoors_120_030.png,2,0,2,512,0,768,256,65536,0,65536.0,7229.209167719351,7235.832190548675,-6.62302282932314,7229.209167719351,7235.832190548675,-6.62302282932314,0.006415044628642799,0.0018507475590783776,0.6777741753117602,0.10273646409502091
54,indoors,scene_00021,indoors/scene_00021/scan_00188,val/indoors/scene_00021/scan_00188/00021_00188_indoors_120_030.png,3,0,3,768,0,1024,256,65536,0,65536.0,7119.448797940514,7009.8275412086805,109.62125673183388,7119.448797940514,7009.8275412086805,109.62125673183388,0.006658893632148423,0.007075404675928934,0.12385941974459583,2.07539709620241
54,indoors,scene_00021,indoors/scene_00021/scan_00188,val/indoors/scene_00021/scan_00188/00021_00188_indoors_120_030.png,4,1,0,0,256,256,512,65536,0,65536.0,4972.672227165478,4977.755938572518,-5.083711407040335,4972.672227165478,4977.755938572518,-5.083711407040335,0.005287895066707719,0.002439800174266236,1.4063240525423846,-1.3409947162617524
54,indoors,scene_00021,indoors/scene_00021/scan_00188,val/indoors/scene_00021/scan_00188/00021_00188_indoors_120_030.png,5,1,1,256,256,512,512,65536,985,69476.0,5063.092939381388,5064.294250969819,-1.201311588430829,4670.946178444715,4669.769042910209,1.1771355345072818,0.006474621171931547,0.0026826832114614546,0.47327566300135016,0.8823962929873689
54,indoors,scene_00021,indoors/scene_00021/scan_00188,val/indoors/scene_00021/scan_00188/00021_00188_indoors_120_030.png,6,1,2,512,256,768,512,65536,935,69276.0,5168.316010577646,5143.730706113815,24.585304463831523,4723.198548037846,4697.761139428341,25.437408609504754,0.006067327842445267,0.0026563285670053944,0.6672599237950468,0.25137260851264087
54,indoors,scene_00021,indoors/scene_00021/scan_00188,val/indoors/scene_00021/scan_00188/00021_00188_indoors_120_030.png,7,1,3,768,256,1024,512,63012,16074,127308.0,31685.974759295998,31755.00076871387,-69.02600941787769,9425.168426495628,9443.163040242722,-17.9946137470967,0.006992959100772746,0.01684931024454587,0.7002494465161462,1.4394286412120276
54,indoors,scene_00021,indoors/scene_00021/scan_00188,val/indoors/scene_00021/scan_00188/00021_00188_indoors_120_030.png,8,2,0,0,512,256,768,65536,0,65536.0,14041.729852355938,14029.950381380013,11.779470975926328,14041.729852355938,14029.950381380013,11.779470975926328,0.0050380695568446624,0.002840885784795213,1.0063923493089624,0.10719333209791815
54,indoors,scene_00021,indoors/scene_00021/scan_00188,val/indoors/scene_00021/scan_00188/00021_00188_indoors_120_030.png,9,2,1,256,512,512,768,65397,20263,146449.0,153271.22363423745,166029.2436355867,-12758.020001349254,97203.77125179878,101996.90741407983,-4793.13616228105,0.009124781036018876,0.01983739533703248,0.7444766411014652,0.013237742354057095
54,indoors,scene_00021,indoors/scene_00021/scan_00188,val/indoors/scene_00021/scan_00188/00021_00188_indoors_120_030.png,10,2,2,512,512,768,768,65484,9736,104428.0,80078.76435259142,74197.24958003912,5881.514772552304,62720.08965173576,58074.33768900145,4645.751962734315,0.010620525600641927,0.017315608754286033,0.5261320020716405,-0.36718027733156466
54,indoors,scene_00021,indoors/scene_00021/scan_00188,val/indoors/scene_00021/scan_00188/00021_00188_indoors_120_030.png,11,2,3,768,512,1024,768,64922,30314,186178.0,82179.46043807444,122463.82666273945,-40284.36622466501,31554.006609244752,41823.64428951176,-10269.637680267002,0.011732539694882561,0.02938109560141349,1.0215995110588227,0.03625178705863908
55,indoors,scene_00021,indoors/scene_00021/scan_00188,val/indoors/scene_00021/scan_00188/00021_00188_indoors_130_020.png,0,0,0,0,0,256,256,65536,0,65536.0,1341.252053892027,1383.9580413637102,-42.70598747168298,1341.252053892027,1383.9580413637102,-42.70598747168298,0.006046164474144662,0.001314102218210868,1.3506570474083324,0.18946992473534863
55,indoors,scene_00021,indoors/scene_00021/scan_00188,val/indoors/scene_00021/scan_00188/00021_00188_indoors_130_020.png,1,0,1,256,0,512,256,65536,0,65536.0,1201.0553018701494,1201.071280995831,-0.01597912568176349,1201.0553018701494,1201.071280995831,-0.01597912568176349,0.005515998022286351,0.0011602610868102735,0.19932685060587088,3.2588139268811385
55,indoors,scene_00021,indoors/scene_00021/scan_00188,val/indoors/scene_00021/scan_00188/00021_00188_indoors_130_020.png,2,0,2,512,0,768,256,65536,0,65536.0,753.9045926936508,752.4954236924141,1.4091690012367752,753.9045926936508,752.4954236924141,1.4091690012367752,0.006265591690735058,0.0013591086806041216,0.22138343721998605,3.2587710379996495
55,indoors,scene_00021,indoors/scene_00021/scan_00188,val/indoors/scene_00021/scan_00188/00021_00188_indoors_130_020.png,3,0,3,768,0,1024,256,65536,0,65536.0,616.9335887990947,591.421423570681,25.51216522841377,616.9335887990947,591.421423570681,25.51216522841377,0.005819023205778068,0.001398180552052417,0.8924685238392622,0.7299603245561117
55,indoors,scene_00021,indoors/scene_00021/scan_00188,val/indoors/scene_00021/scan_00188/00021_00188_indoors_130_020.png,4,1,0,0,256,256,512,65536,0,65536.0,1219.9244575198943,1224.4346583018864,-4.510200781992224,1219.9244575198943,1224.4346583018864,-4.510200781992224,0.005654202884461696,0.0012094193243452926,1.114054024403368,0.3434985714406411
55,indoors,scene_00021,indoors/scene_00021/scan_00188,val/indoors/scene_00021/scan_00188/00021_00188_indoors_130_020.png,5,1,1,256,256,512,512,65536,0,65536.0,1387.5644900714497,1371.9939711345737,15.570518936875741,1387.5644900714497,1371.9939711345737,15.570518936875741,0.005507508215426825,0.0014516384028610864,0.44553469322134326,2.7649673230268546
55,indoors,scene_00021,indoors/scene_00021/scan_00188,val/indoors/scene_00021/scan_00188/00021_00188_indoors_130_020.png,6,1,2,512,256,768,512,65404,19823,144696.0,140441.26818365854,138440.0510037496,2001.2171799089056,85630.74333715462,86409.78185176727,-779.0385146126453,0.008907586019343296,0.025512207977684626,0.7641619979854062,0.3138026340162401
55,indoors,scene_00021,indoors/scene_00021/scan_00188,val/indoors/scene_00021/scan_00188/00021_00188_indoors_130_020.png,7,1,3,768,256,1024,512,65473,12300,114673.0,321102.447830574,414419.45976388943,-93317.01193331543,168597.2120231113,209145.82303134317,-40548.61100823187,0.011324734143174756,0.026571076938348454,0.9938184550481169,-1.199773351908538
55,indoors,scene_00021,indoors/scene_00021/scan_00188,val/indoors/scene_00021/scan_00188/00021_00188_indoors_130_020.png,8,2,0,0,512,256,768,65529,2269,74605.0,4701.092546471515,4751.404054625757,-50.31150815424357,3063.462218201514,3094.84842424194,-31.38620604042584,0.006912491770899755,0.006932439043473392,0.16201738520039627,4.160331949984529
55,indoors,scene_00021,indoors/scene_00021/scan_00188,val/indoors/scene_00021/scan_00188/00021_00188_indoors_130_020.png,9,2,1,256,512,512,768,65536,0,65536.0,3876.13391525103,3879.3408748847514,-3.2069596337214143,3876.13391525103,3879.3408748847514,-3.2069596337214143,0.005147134713602967,0.0014594555547580747,1.0906010473205445,0.11497297427838848
55,indoors,scene_00021,indoors/scene_00021/scan_00188,val/indoors/scene_00021/scan_00188/00021_00188_indoors_130_020.png,10,2,2,512,512,768,768,65493,22584,155829.0,138511.2144602396,140581.51054091094,-2070.2960806713536,64978.15379007119,66539.37036759872,-1561.2165775275294,0.007242397502487421,0.016511895561093278,0.6003237304065916,0.024235467790352388
55,indoors,scene_00021,indoors/scene_00021/scan_00188,val/indoors/scene_00021/scan_00188/00021_00188_indoors_130_020.png,11,2,3,768,512,1024,768,65299,21619,151775.0,126821.6782014884,132874.10165610947,-6052.423454621094,78890.81221914619,81148.70378569482,-2257.891566548621,0.010267335710504755,0.016571849165287585,0.5359503266547646,-0.25617133923727553
56,indoors,scene_00021,indoors/scene_00021/scan_00188,val/indoors/scene_00021/scan_00188/00021_00188_indoors_150_000.png,0,0,0,0,0,256,256,65536,3787,80684.0,87326.23855624991,87304.36835370297,21.87020254695625,68424.76123241308,68414.29499142557,10.466240987500539,0.005222547809783687,0.002635076032570559,0.14093520704294238,0.5215620400027718
56,indoors,scene_00021,indoors/scene_00021/scan_00188,val/indoors/scene_00021/scan_00188/00021_00188_indoors_150_000.png,1,0,1,256,0,512,256,65536,355,66956.0,20830.762010391765,20836.212326982815,-5.45031659105438,20260.076597710147,20265.310950192274,-5.234352482131477,0.005023501005397756,0.0025863184091643307,0.21148919751757395,1.094196143988608
56,indoors,scene_00021,indoors/scene_00021/scan_00188,val/indoors/scene_00021/scan_00188/00021_00188_indoors_150_000.png,2,0,2,512,0,768,256,65534,1572,71822.0,5162.049464257356,5025.92080866437,136.1286555929867,3895.9873316861813,3830.90095326274,65.08637842344102,0.006065300412094797,0.005576810569975201,0.45781466250972525,1.8821582335405778
56,indoors,scene_00021,indoors/scene_00021/scan_00188,val/indoors/scene_00021/scan_00188/00021_00188_indoors_150_000.png,3,0,3,768,0,1024,256,65536,1281,70660.0,10802.756961000323,10836.934720728306,-34.17775972798286,9780.6616680023,9774.893587528228,5.768080474071226,0.005086267955646565,0.003639633365827908,0.3142510181738283,2.064496418308175
56,indoors,scene_00021,indoors/scene_00021/scan_00188,val/indoors/scene_00021/scan_00188/00021_00188_indoors_150_000.png,4,1,0,0,256,256,512,65536,9856,104960.0,149220.149666759,149143.2297377664,76.91992899259537,88114.56525267406,88083.88258641653,30.68266625752479,0.004841945360371927,0.0024859269942268847,0.443283263243674,0.2887962987499893
56,indoors,scene_00021,indoors/scene_00021/scan_00188,val/indoors/scene_00021/scan_00188/00021_00188_indoors_150_000.png,5,1,1,256,256,512,512,65536,6209,90372.0,35731.46507935481,35871.358821230184,-139.89374187537325,27290.521470728796,27304.13189625529,-13.610425526493593,0.008724711897444316,0.012938062020942151,0.6546149800192255,0.5140967949329158
56,indoors,scene_00021,indoors/scene_00021/scan_00188,val/indoors/scene_00021/scan_00188/00021_00188_indoors_150_000.png,6,1,2,512,256,768,512,65535,9977,105443.0,31855.56790126231,32599.966663848532,-744.3987625862246,19582.66550351327,19766.925710500465,-184.2602069871926,0.02071312277843799,0.02315758361551656,0.6019903006701735,1.4079702563580243
56,indoors,scene_00021,indoors/scene_00021/scan_00188,val/indoors/scene_00021/scan_00188/00021_00188_indoors_150_000.png,7,1,3,768,256,1024,512,65536,3122,78024.0,10242.595445934912,10302.655005335582,-60.05955940066961,8208.835157560816,8211.088256346131,-2.25309878531482,0.005857429574033537,0.003558151464125578,0.20309202318949077,2.200299217417586
56,indoors,scene_00021,indoors/scene_00021/scan_00188,val/indoors/scene_00021/scan_00188/00021_00188_indoors_150_000.png,8,2,0,0,512,256,768,65459,24404,163075.0,166794.02678547555,151986.8619510803,14807.164834395237,70491.75240333023,66112.37655428454,4379.375849045708,0.005711861426834467,0.014167942497068702,0.41792616420673645,0.3509967576444154
56,indoors,scene_00021,indoors/scene_00021/scan_00188,val/indoors/scene_00021/scan_00188/00021_00188_indoors_150_000.png,9,2,1,256,512,512,768,65525,7831,96849.0,43388.01279387274,43963.6948223042,-575.6820284314633,30618.605274303394,30822.74551000788,-204.14023570449035,0.00604758763701699,0.01575781242563885,0.8228082547658208,0.12827962488340347
56,indoors,scene_00021,indoors/scene_00021/scan_00188,val/indoors/scene_00021/scan_00188/00021_00188_indoors_150_000.png,10,2,2,512,512,768,768,65522,4828,84834.0,28033.815869280865,27542.00929394253,491.8065753383354,21383.67399502887,21343.476567946658,40.19742708221062,0.011222135296659946,0.017852648442434227,0.9709115864247121,0.06780818740719484
56,indoors,scene_00021,indoors/scene_00021/scan_00188,val/indoors/scene_00021/scan_00188/00021_00188_indoors_150_000.png,11,2,3,768,512,1024,768,65451,5403,87063.0,11869.829318033628,11872.083893468101,-2.2545754344736153,6959.799188588166,6945.765731061908,14.033457526258694,0.005943494649800053,0.0036180903498996084,0.809097142323681,-0.4908119864126936
57,indoors,scene_00021,indoors/scene_00021/scan_00188,val/indoors/scene_00021/scan_00188/00021_00188_indoors_210_030.png,0,0,0,0,0,256,256,65531,15161,126175.0,75897.11720021196,74559.39979296204,1337.7174072499258,43247.61032010059,42862.817545310136,384.7927747904614,0.010686481342262674,0.025071978604690563,1.2195429208776634,0.25426427347145636
57,indoors,scene_00021,indoors/scene_00021/scan_00188,val/indoors/scene_00021/scan_00188/00021_00188_indoors_210_030.png,1,0,1,256,0,512,256,65536,14818,124808.0,84936.91717408359,86449.63110494683,-1512.713930863237,46286.881980763115,46487.229256658116,-200.347275895002,0.009491875528421883,0.02457092783453445,0.4657688970191617,1.1959126271630018
57,indoors,scene_00021,indoors/scene_00021/scan_00188,val/indoors/scene_00021/scan_00188/00021_00188_indoors_210_030.png,2,0,2,512,0,768,256,65536,15061,125780.0,85644.52427596328,86977.27547681206,-1332.7512008487836,46268.845196382594,46442.388109783424,-173.54291340082673,0.009528193182291443,0.024851085842394448,0.21427232662257553,2.901707061228585
57,indoors,scene_00021,indoors/scene_00021/scan_00188,val/indoors/scene_00021/scan_00188/00021_00188_indoors_210_030.png,3,0,3,768,0,1024,256,65530,18462,139378.0,83002.53745441276,83331.47356264945,-328.9361082366826,43096.63031988454,43152.301941252066,-55.671621367519194,0.012335623853784554,0.025577481555811056,0.6019052887447229,2.0258945428279587
57,indoors,scene_00021,indoors/scene_00021/scan_00188,val/indoors/scene_00021/scan_00188/00021_00188_indoors_210_030.png,4,1,0,0,256,256,512,65536,4572,83824.0,22332.99686992838,21710.41728089173,622.5795890366545,15875.725665070653,15507.557787531685,368.16787753896665,0.005860184560337901,0.0093540641916614,0.8212452376491173,-0.19964417296698345
57,indoors,scene_00021,indoors/scene_00021/scan_00188,val/indoors/scene_00021/scan_00188/00021_00188_indoors_210_030.png,5,1,1,256,256,512,512,65535,3951,81339.0,26342.734021278033,25401.058755636874,941.6752656411575,17588.555647979916,16578.842634310353,1009.7130136695623,0.006405322861630184,0.012581928694965463,1.6284714766090023,-2.825614275527674
57,indoors,scene_00021,indoors/scene_00021/scan_00188,val/indoors/scene_00021/scan_00188/00021_00188_indoors_210_030.png,6,1,2,512,256,768,512,65536,3426,79240.0,23181.471220181837,22532.0659162631,649.4053039187373,16292.429387986871,15488.753582025764,803.675805961109,0.0058647544803983095,0.011505665979701873,3.8452933559595124,-9.497831890172916
57,indoors,scene_00021,indoors/scene_00021/scan_00188,val/indoors/scene_00021/scan_00188/00021_00188_indoors_210_030.png,7,1,3,768,256,1024,512,65536,3119,78012.0,20276.357739550003,19510.9417326846,765.4160068654014,16352.167337124622,15938.489997280032,413.67733984459153,0.005944939289033912,0.007789198436859484,0.8181552995253013,-0.3685538469863056
57,indoors,scene_00021,indoors/scene_00021/scan_00188,val/indoors/scene_00021/scan_00188/00021_00188_indoors_210_030.png,8,2,0,0,512,256,768,65536,0,65536.0,3964.5924164083576,3950.3945202304567,14.1978961779012,3964.5924164083576,3950.3945202304567,14.1978961779012,0.003847964355641684,0.0010012600438241968,0.2195912432124074,0.10658157265708218
57,indoors,scene_00021,indoors/scene_00021/scan_00188,val/indoors/scene_00021/scan_00188/00021_00188_indoors_210_030.png,9,2,1,256,512,512,768,65536,0,65536.0,3593.703966472767,3614.6743310278753,-20.970364555107402,3593.703966472767,3614.6743310278753,-20.970364555107402,0.004728475925897255,0.0008561074953078284,0.2804820907271394,0.03841466718023295
57,indoors,scene_00021,indoors/scene_00021/scan_00188,val/indoors/scene_00021/scan_00188/00021_00188_indoors_210_030.png,10,2,2,512,512,768,768,65536,0,65536.0,3613.0686224400897,3659.508666468339,-46.44004402824901,3613.0686224400897,3659.508666468339,-46.44004402824901,0.004046230609126742,0.0008193792252631858,0.30849884626098173,0.09220258096764511
57,indoors,scene_00021,indoors/scene_00021/scan_00188,val/indoors/scene_00021/scan_00188/00021_00188_indoors_210_030.png,11,2,3,768,512,1024,768,65536,73,65828.0,3688.211386795663,3678.5119286751233,9.699458120540648,3663.458805659206,3653.7668479703757,9.691957688830632,0.004284433897956742,0.0009742336317411051,0.25752644457737706,0.04297961412094048
58,indoors,scene_00021,indoors/scene_00021/scan_00188,val/indoors/scene_00021/scan_00188/00021_00188_indoors_230_020.png,0,0,0,0,0,256,256,65536,17897,137124.0,62187.91587882466,62363.337325205386,-175.42144638073063,27183.177371554906,27275.19770940727,-92.02033785236583,0.008334010272167314,0.006585842994738955,0.4347698178171995,0.12759480406679458
58,indoors,scene_00021,indoors/scene_00021/scan_00188,val/indoors/scene_00021/scan_00188/00021_00188_indoors_230_020.png,1,0,1,256,0,512,256,65536,21233,150468.0,76946.73940268505,76650.49658332524,296.2428193598121,43201.245704906716,43136.18954491247,65.05615999424484,0.006717526902112081,0.0048910035086781834,0.25948035230948546,0.43025270601170057
58,indoors,scene_00021,indoors/scene_00021/scan_00188,val/indoors/scene_00021/scan_00188/00021_00188_indoors_230_020.png,2,0,2,512,0,768,256,65535,8224,98431.0,23151.69697662352,21703.233385283682,1448.4635913398367,15030.569955228866,15055.45248050164,-24.88252527277592,0.006894419457213712,0.008696756512425753,0.6097906186724575,0.4167490320269906
58,indoors,scene_00021,indoors/scene_00021/scan_00188,val/indoors/scene_00021/scan_00188/00021_00188_indoors_230_020.png,3,0,3,768,0,1024,256,65536,2541,75700.0,8252.73061188191,8097.1931934519225,155.53741842998852,6003.83146292586,5894.112956749163,109.71850617669844,0.005644236841106176,0.003414643315691868,0.7332107278908168,0.2183384033856739
58,indoors,scene_00021,indoors/scene_00021/scan_00188,val/indoors/scene_00021/scan_00188/00021_00188_indoors_230_020.png,4,1,0,0,256,256,512,65536,7034,93672.0,31201.44750687124,31625.600088534673,-424.15258166343006,20256.156109774634,20527.15770381865,-271.001594044016,0.008125444795581237,0.006249958939699384,0.6466142391697703,-0.20707139546601644
58,indoors,scene_00021,indoors/scene_00021/scan_00188,val/indoors/scene_00021/scan_00188/00021_00188_indoors_230_020.png,5,1,1,256,256,512,512,65536,0,65536.0,28769.93685348636,28773.81632412832,-3.879470641958346,28769.93685348636,28773.81632412832,-3.879470641958346,0.005474962883914819,0.002359082245270176,0.2273576318198253,0.42719541648026155
58,indoors,scene_00021,indoors/scene_00021/scan_00188,val/indoors/scene_00021/scan_00188/00021_00188_indoors_230_020.png,6,1,2,512,256,768,512,65536,0,65536.0,5868.796796828006,5854.619451728615,14.17734509939153,5868.796796828006,5854.619451728615,14.17734509939153,0.003870176785817768,0.002635690623302869,0.388042382119116,0.3023718563495893
58,indoors,scene_00021,indoors/scene_00021/scan_00188,val/indoors/scene_00021/scan_00188/00021_00188_indoors_230_020.png,7,1,3,768,256,1024,512,65536,0,65536.0,13022.446622050556,13025.78784629012,-3.3412242395628486,13022.446622050556,13025.78784629012,-3.3412242395628486,0.00488503237523879,0.0028033790882715844,0.10392392538992676,1.8270504794829912
58,indoors,scene_00021,indoors/scene_00021/scan_00188,val/indoors/scene_00021/scan_00188/00021_00188_indoors_230_020.png,8,2,0,0,512,256,768,65417,10600,107817.0,18005.77932542929,17704.998422407596,300.7809030216926,10801.939097846676,10717.364572171293,84.57452567538283,0.011099016000431634,0.00835863933188245,0.432362350871719,1.002668465050769
58,indoors,scene_00021,indoors/scene_00021/scan_00188,val/indoors/scene_00021/scan_00188/00021_00188_indoors_230_020.png,9,2,1,256,512,512,768,65341,3231,78265.0,24761.93547330302,25479.725438412708,-717.7899651096889,19563.45659336676,19739.479895494504,-176.02330212774007,0.009005629915627523,0.009631565977382829,0.86937233226643,0.1238774332943172
58,indoors,scene_00021,indoors/scene_00021/scan_00188,val/indoors/scene_00021/scan_00188/00021_00188_indoors_230_020.png,10,2,2,512,512,768,768,65452,4791,84616.0,28897.237828558238,28951.42465842861,-54.18682987036745,22000.18723816365,21886.842299597454,113.34493856619618,0.008865314480827722,0.011432927215792652,0.5869477760162461,1.4949397913120883
58,indoors,scene_00021,indoors/scene_00021/scan_00188,val/indoors/scene_00021/scan_00188/00021_00188_indoors_230_020.png,11,2,3,768,512,1024,768,65489,3048,77681.0,28733.84016460158,28690.772924830282,43.06723977129923,24599.452582149715,24450.21290108177,149.23968106794644,0.006101984362307246,0.009091404578935685,0.6514681255152991,1.5329722541765214
59,indoors,scene_00021,indoors/scene_00021/scan_00188,val/indoors/scene_00021/scan_00188/00021_00188_indoors_240_040.png,0,0,0,0,0,256,256,65536,1887,73084.0,16145.901263623447,16130.788260705442,15.113002918007963,14570.796260596344,14558.436337572673,12.359923023671213,0.008536630896786338,0.00886290474188452,0.7299283466543571,2.5383631548102015
59,indoors,scene_00021,indoors/scene_00021/scan_00188,val/indoors/scene_00021/scan_00188/00021_00188_indoors_240_040.png,1,0,1,256,0,512,256,65536,1341,70900.0,16143.499208203386,16144.919510049576,-1.4203018461886363,14712.984843465085,14714.102244044036,-1.1174005789513561,0.01177178902726538,0.008747376392112342,0.788491045232892,1.636007964606702
59,indoors,scene_00021,indoors/scene_00021/scan_00188,val/indoors/scene_00021/scan_00188/00021_00188_indoors_240_040.png,2,0,2,512,0,768,256,65536,1396,71120.0,15666.839910172162,15667.300822319485,-0.4609121473189868,14768.636461401844,14771.139617369085,-2.503155967238915,0.0104724431694287,0.008777496097676757,0.6487449214336258,2.0680093174153544
59,indoors,scene_00021,indoors/scene_00021/scan_00188,val/indoors/scene_00021/scan_00188/00021_00188_indoors_240_040.png,3,0,3,768,0,1024,256,65536,1626,72040.0,16744.493456339493,16732.00672402123,12.486732318263536,15236.811833661028,15227.556626609483,9.255207051545177,0.01140490152781657,0.008620154526126318,0.7022121461179007,2.409468440993527
59,indoors,scene_00021,indoors/scene_00021/scan_00188,val/indoors/scene_00021/scan_00188/00021_00188_indoors_240_040.png,4,1,0,0,256,256,512,65536,6850,92936.0,13069.61722328982,13661.667134521922,-592.0499112321015,7622.614856973999,7900.156380069899,-277.5415230958988,0.008751064282327968,0.008636267509252744,0.7956261329327589,0.5514122171873824
59,indoors,scene_00021,indoors/scene_00021/scan_00188,val/indoors/scene_00021/scan_00188/00021_00188_indoors_240_040.png,5,1,1,256,256,512,512,65536,13468,119408.0,36210.179213404015,36150.88226635485,59.29694704916571,13592.802159883253,13570.196706130817,22.605453752436098,0.008880945544214657,0.008888057114339671,0.6278410028697844,0.1403817245141614
59,indoors,scene_00021,indoors/scene_00021/scan_00188,val/indoors/scene_00021/scan_00188/00021_00188_indoors_240_040.png,6,1,2,512,256,768,512,65536,15588,127888.0,42205.552117929066,41683.48124607459,522.0708718544741,13512.494184455738,13370.310619224829,142.1835652309092,0.00930498271989649,0.012020047735748298,0.7866320057320197,0.13152553000630182
59,indoors,scene_00021,indoors/scene_00021/scan_00188,val/indoors/scene_00021/scan_00188/00021_00188_indoors_240_040.png,7,1,3,768,256,1024,512,65531,12025,113631.0,25717.022278779703,23334.81536118563,2382.2069175940755,11575.583212367386,10596.653199761538,978.9300126058486,0.012577997082174866,0.024664943036652336,0.9216737590009072,0.1601181253074052
59,indoors,scene_00021,indoors/scene_00021/scan_00188,val/indoors/scene_00021/scan_00188/00021_00188_indoors_240_040.png,8,2,0,0,512,256,768,65536,1643,72108.0,8817.20184629629,8832.508314054357,-15.306467758068427,7631.636419249871,7644.908744945336,-13.272325695464893,0.014913274691970662,0.007763978233669534,0.588603327519906,1.1023661563488971
59,indoors,scene_00021,indoors/scene_00021/scan_00188,val/indoors/scene_00021/scan_00188/00021_00188_indoors_240_040.png,9,2,1,256,512,512,768,65536,14073,121828.0,122518.12650805399,122336.66277882081,181.46372923319234,60413.437077821894,60360.979974926166,52.45710289573279,0.007959569380418112,0.006363149738624419,0.3519863549068062,0.39172108137496814
59,indoors,scene_00021,indoors/scene_00021/scan_00188,val/indoors/scene_00021/scan_00188/00021_00188_indoors_240_040.png,10,2,2,512,512,768,768,65536,8609,99972.0,113778.26772762345,113428.10845852672,350.1592690966975,72661.83289728277,72597.09418102115,64.73871626161903,0.006508030490261595,0.004103827946096529,0.2921522322034224,0.46370359640740666
59,indoors,scene_00021,indoors/scene_00021/scan_00188,val/indoors/scene_00021/scan_00188/00021_00188_indoors_240_040.png,11,2,3,768,512,1024,768,65536,138,66088.0,39500.96422985334,39535.723574653406,-34.759344800055686,38942.28903791329,38979.09771386714,-36.80867595384957,0.004387680943545568,0.0035348633554681654,0.5636385844885069,0.42226779491895317
60,indoors,scene_00021,indoors/scene_00021/scan_00189,val/indoors/scene_00021/scan_00189/00021_00189_indoors_000_040.png,0,0,0,0,0,256,256,65536,7282,94664.0,16656.759969324685,16343.165936299254,313.5940330254319,11555.412335223215,11409.34921805204,146.06311717117495,0.020583763618773267,0.005743944076945445,0.22046712975343224,1.6757992804478241
60,indoors,scene_00021,indoors/scene_00021/scan_00189,val/indoors/scene_00021/scan_00189/00021_00189_indoors_000_040.png,1,0,1,256,0,512,256,65536,1777,72644.0,12576.185666936391,12576.85009819601,-0.6644312596208461,10540.009459275316,10530.82594300418,9.183516271134593,0.011931759848881144,0.006436437360207883,0.49029294478992697,0.7561078097368136
60,indoors,scene_00021,indoors/scene_00021/scan_00189,val/indoors/scene_00021/scan_00189/00021_00189_indoors_000_040.png,2,0,2,512,0,768,256,65536,7033,93668.0,11357.606357320341,11221.54821060595,136.0581467143907,6310.904729968143,6240.555720949804,70.34900901833971,0.007514075240841036,0.006861811861365463,0.44621416042753514,1.2267720355168334
60,indoors,scene_00021,indoors/scene_00021/scan_00189,val/indoors/scene_00021/scan_00189/00021_00189_indoors_000_040.png,3,0,3,768,0,1024,256,65536,141,66100.0,7724.604443675122,7726.4275692920155,-1.8231256168940124,7720.124680462051,7722.114507892308,-1.9898274302556382,0.004790054398046524,0.008794244681867612,1.3299430642660033,0.6069328435950687
60,indoors,scene_00021,indoors/scene_00021/scan_00189,val/indoors/scene_00021/scan_00189/00021_00189_indoors_000_040.png,4,1,0,0,256,256,512,65536,0,65536.0,8686.208294603846,8683.797523690604,2.4107709132421045,8686.208294603846,8683.797523690604,2.4107709132421045,0.004564490079218277,0.0038560552040574477,0.2452030906918522,1.3318341960639675
60,indoors,scene_00021,indoors/scene_00021/scan_00189,val/indoors/scene_00021/scan_00189/00021_00189_indoors_000_040.png,5,1,1,256,256,512,512,65536,612,67984.0,24619.6761348388,24588.68839561363,30.987739225166692,22994.077926345723,22997.303670246587,-3.225743900866169,0.005962606051892992,0.0037029510453795173,0.35970168246326023,1.1812145203289592
60,indoors,scene_00021,indoors/scene_00021/scan_00189,val/indoors/scene_00021/scan_00189/00021_00189_indoors_000_040.png,6,1,2,512,256,768,512,65524,17780,136644.0,32857.43833661395,33485.58625520457,-628.1479185906189,11277.327408354613,11395.36116041923,-118.03375206461713,0.005257746217580118,0.008423242743793437,0.7331851787176826,0.9700021360117282
60,indoors,scene_00021,indoors/scene_00021/scan_00189,val/indoors/scene_00021/scan_00189/00021_00189_indoors_000_040.png,7,1,3,768,256,1024,512,65536,214,66392.0,11782.053498854648,11780.857604245428,1.1958946092211031,11604.305686671898,11602.774068677509,1.5316179943911197,0.00422515479907379,0.009000486363378888,1.5766059811807427,-0.9325611048549047
60,indoors,scene_00021,indoors/scene_00021/scan_00189,val/indoors/scene_00021/scan_00189/00021_00189_indoors_000_040.png,8,2,0,0,512,256,768,65536,0,65536.0,6979.2530193169605,6967.747681752689,11.505337564271008,6979.2530193169605,6967.747681752689,11.505337564271008,0.004591437815451213,0.004562709358585498,0.8321316323491713,0.570938197999783
60,indoors,scene_00021,indoors/scene_00021/scan_00189,val/indoors/scene_00021/scan_00189/00021_00189_indoors_000_040.png,9,2,1,256,512,512,768,65536,1642,72104.0,13381.369446918488,13332.405633981085,48.96381293740506,8854.411685108338,8936.156412878132,-81.74472776979451,0.006873450274629952,0.005372728230627715,0.2578018894275621,2.0998478204474815
60,indoors,scene_00021,indoors/scene_00021/scan_00189,val/indoors/scene_00021/scan_00189/00021_00189_indoors_000_040.png,10,2,2,512,512,768,768,65498,13365,118958.0,171133.0207962185,103971.60905209775,67161.41174412078,44511.52728046097,30630.048325516338,13881.478954944634,0.009434832142880012,0.011228969575927117,0.45636522033377397,2.124931436912013
60,indoors,scene_00021,indoors/scene_00021/scan_00189,val/indoors/scene_00021/scan_00189/00021_00189_indoors_000_040.png,11,2,3,768,512,1024,768,65398,28780,180518.0,2240220.79758562,1901378.134401311,338842.66318430897,547656.1305663807,477427.30585569877,70228.82471068193,0.01534729735384534,0.02580956047169168,1.3660351256057464,-1.1991661599357204
61,indoors,scene_00021,indoors/scene_00021/scan_00189,val/indoors/scene_00021/scan_00189/00021_00189_indoors_010_030.png,0,0,0,0,0,256,256,65536,0,65536.0,3136.259132907968,3149.4008844878063,-13.141751579838125,3136.259132907968,3149.4008844878063,-13.141751579838125,0.005060941001184483,0.0028742663403120297,0.17968593857606474,2.540090440617409
61,indoors,scene_00021,indoors/scene_00021/scan_00189,val/indoors/scene_00021/scan_00189/00021_00189_indoors_010_030.png,1,0,1,256,0,512,256,65536,4,65552.0,10561.336299642424,10609.819979881875,-48.48368023945244,10555.823424455582,10604.30710433354,-48.483679877957016,0.004891575602438323,0.002883624065896916,0.7407396653620799,0.32786293749590767
61,indoors,scene_00021,indoors/scene_00021/scan_00189,val/indoors/scene_00021/scan_00189/00021_00189_indoors_010_030.png,2,0,2,512,0,768,256,65526,9783,104658.0,34853.97236226579,34856.79843711803,-2.826074852241014,20904.009033147042,20889.46401497384,14.545018173202287,0.006589087177762597,0.004191143428970314,0.2730350360293162,1.8129525217949685
61,indoors,scene_00021,indoors/scene_00021/scan_00189,val/indoors/scene_00021/scan_00189/00021_00189_indoors_010_030.png,3,0,3,768,0,1024,256,65536,18687,140284.0,25616.09330148036,25716.740704563676,-100.64740308331693,8832.752168796722,8856.940273352708,-24.18810455598632,0.004637416529390796,0.007677896138267646,1.0256781140365672,1.4052162378588342
61,indoors,scene_00021,indoors/scene_00021/scan_00189,val/indoors/scene_00021/scan_00189/00021_00189_indoors_010_030.png,4,1,0,0,256,256,512,65536,0,65536.0,4683.181524638651,4678.827383036052,4.354141602599017,4683.181524638651,4678.827383036052,4.354141602599017,0.0049329955300794325,0.002954746397108886,1.039938083786422,0.49434939805977396
61,indoors,scene_00021,indoors/scene_00021/scan_00189,val/indoors/scene_00021/scan_00189/00021_00189_indoors_010_030.png,5,1,1,256,256,512,512,65536,0,65536.0,2471.752947423966,2469.328975623317,2.4239718006488267,2471.752947423966,2469.328975623317,2.4239718006488267,0.004708032491034275,0.003012980460318565,0.8363321023134807,0.4795916203863597
61,indoors,scene_00021,indoors/scene_00021/scan_00189,val/indoors/scene_00021/scan_00189/00021_00189_indoors_010_030.png,6,1,2,512,256,768,512,65536,1754,72552.0,23525.520557034208,23527.69449974147,-2.173942707263527,18101.22286368803,18115.760805774997,-14.537942086965987,0.008682254242064832,0.0046091712087434214,0.2121349763790912,2.3685326711022787
61,indoors,scene_00021,indoors/scene_00021/scan_00189,val/indoors/scene_00021/scan_00189/00021_00189_indoors_010_030.png,7,1,3,768,256,1024,512,65477,20970,149357.0,28188.061739642573,28711.104545187205,-523.0428055446336,8153.5839754244225,8291.246507334297,-137.66253190987487,0.008066041735980157,0.013372480949856623,0.8464860773593308,0.9421785630250079
61,indoors,scene_00021,indoors/scene_00021/scan_00189,val/indoors/scene_00021/scan_00189/00021_00189_indoors_010_030.png,8,2,0,0,512,256,768,65536,0,65536.0,10235.61666244049,10223.567870784587,12.048791655902592,10235.61666244049,10223.567870784587,12.048791655902592,0.005712811344735003,0.00307528384130513,1.4615085957160443,0.1423812221531766
61,indoors,scene_00021,indoors/scene_00021/scan_00189,val/indoors/scene_00021/scan_00189/00021_00189_indoors_010_030.png,9,2,1,256,512,512,768,65536,0,65536.0,7257.5907215633015,7253.3861110747275,4.204610488574275,7257.5907215633015,7253.3861110747275,4.204610488574275,0.004188578215885708,0.003054800771347496,1.0014063604803118,0.5902265462083882
61,indoors,scene_00021,indoors/scene_00021/scan_00189,val/indoors/scene_00021/scan_00189/00021_00189_indoors_010_030.png,10,2,2,512,512,768,768,65536,1829,72852.0,16390.907951364396,16598.923865591038,-208.01591422664387,11538.72577711942,11661.408460163513,-122.68268304409116,0.00676813466168157,0.00524541162018529,0.08216481813223525,3.3994299862792516
61,indoors,scene_00021,indoors/scene_00021/scan_00189,val/indoors/scene_00021/scan_00189/00021_00189_indoors_010_030.png,11,2,3,768,512,1024,768,64966,25554,167182.0,2131753.480186886,2049657.8548189509,82095.62536793525,865008.7148070545,826915.5811604618,38093.13364659268,0.021492277470429172,0.02139666213316229,0.8175371156141796,-0.17021806297514738
62,indoors,scene_00021,indoors/scene_00021/scan_00189,val/indoors/scene_00021/scan_00189/00021_00189_indoors_160_020.png,0,0,0,0,0,256,256,65536,0,65536.0,9474.065062020643,9434.498214992702,39.566847027941094,9474.065062020643,9434.498214992702,39.566847027941094,0.007283054105261974,0.0048778628221382144,0.8938198508143465,0.572024438179211
62,indoors,scene_00021,indoors/scene_00021/scan_00189,val/indoors/scene_00021/scan_00189/00021_00189_indoors_160_020.png,1,0,1,256,0,512,256,65536,609,67972.0,12108.701997138023,12181.712497340535,-73.01050020251321,11072.215260530698,11143.323583858346,-71.1083233276451,0.0055863704255783245,0.004660202028161801,0.46234269161063873,0.7841552361555846
62,indoors,scene_00021,indoors/scene_00021/scan_00189,val/indoors/scene_00021/scan_00189/00021_00189_indoors_160_020.png,2,0,2,512,0,768,256,65536,17454,135352.0,159496.95266039704,158224.8997412905,1272.0529191065198,78332.29962324852,77672.15278022246,660.146843026065,0.005978259160765507,0.007436925176124686,0.3337113471857832,0.42006623682017014
62,indoors,scene_00021,indoors/scene_00021/scan_00189,val/indoors/scene_00021/scan_00189/00021_00189_indoors_160_020.png,3,0,3,768,0,1024,256,65536,0,65536.0,22623.128659953953,22602.908522945276,20.220137008679814,22623.128659953953,22602.908522945276,20.220137008679814,0.004478832504088329,0.005236545090214733,0.44778780299615195,0.1517323903773341
62,indoors,scene_00021,indoors/scene_00021/scan_00189,val/indoors/scene_00021/scan_00189/00021_00189_indoors_160_020.png,4,1,0,0,256,256,512,65536,0,65536.0,12680.714829711695,12680.735453087713,-0.02062337601776587,12680.714829711695,12680.735453087713,-0.02062337601776587,0.007075932479127786,0.004893446082281063,1.0834732352156324,0.39370376021636777
62,indoors,scene_00021,indoors/scene_00021/scan_00189,val/indoors/scene_00021/scan_00189/00021_00189_indoors_160_020.png,5,1,1,256,256,512,512,65536,225,66436.0,6953.220059413052,6957.722762003941,-4.5027025908904825,6707.262325637037,6711.688120030982,-4.425794393944598,0.004870100995727853,0.004663095639136683,0.3660304146815035,1.1624921424390309
62,indoors,scene_00021,indoors/scene_00021/scan_00189,val/indoors/scene_00021/scan_00189/00021_00189_indoors_160_020.png,6,1,2,512,256,768,512,65536,8854,100952.0,84707.82248924095,84831.82486541677,-124.00237617581712,51407.26327615859,51478.987049382566,-71.7237732239704,0.004734767372262236,0.005098748859339916,0.375961942193034,0.07534134835542707
62,indoors,scene_00021,indoors/scene_00021/scan_00189,val/indoors/scene_00021/scan_00189/00021_00189_indoors_160_020.png,7,1,3,768,256,1024,512,65536,0,65536.0,12740.483842519352,12714.295752075228,26.188090444122253,12740.483842519352,12714.295752075228,26.188090444122253,0.004589851842898563,0.005232973004543581,0.5995745601930266,0.18560522124662304
62,indoors,scene_00021,indoors/scene_00021/scan_00189,val/indoors/scene_00021/scan_00189/00021_00189_indoors_160_020.png,8,2,0,0,512,256,768,65524,23552,159732.0,53289.279233649315,53552.265998850824,-262.9867652015138,20524.95241749165,20553.097616094943,-28.145198603291252,0.008695270191656286,0.013250587762174039,0.44465251243255116,3.110648551289342
62,indoors,scene_00021,indoors/scene_00021/scan_00189,val/indoors/scene_00021/scan_00189/00021_00189_indoors_160_020.png,9,2,1,256,512,512,768,65536,4398,83128.0,22167.99747193932,21443.16277961108,724.8346923282392,18523.044509026815,18338.992277086625,184.05223194018936,0.009235032084698539,0.013989353023726576,1.5115220172243664,0.6036132962294303
62,indoors,scene_00021,indoors/scene_00021/scan_00189,val/indoors/scene_00021/scan_00189/00021_00189_indoors_160_020.png,10,2,2,512,512,768,768,65499,17406,135123.0,41102.49608036972,42488.54960795459,-1386.053527584868,21934.110407521574,22604.098570750833,-669.9881632292567,0.009287073039144606,0.013880576815931744,0.6808580217027161,0.506733028038381
62,indoors,scene_00021,indoors/scene_00021/scan_00189,val/indoors/scene_00021/scan_00189/00021_00189_indoors_160_020.png,11,2,3,768,512,1024,768,65528,6141,90092.0,10396.759919179081,10202.36770802157,194.39221115751116,8025.701334212563,8044.065894986393,-18.3645607738301,0.005337572455881019,0.00721625431893228,0.5390265876844775,0.805788236249847
63,indoors,scene_00021,indoors/scene_00021/scan_00189,val/indoors/scene_00021/scan_00189/00021_00189_indoors_210_000.png,0,0,0,0,0,256,256,65075,14108,121507.0,36159.54568684088,35091.462870518495,1068.0828163223844,17497.867214858714,16987.330972486674,510.5362423720389,0.010870432101590806,0.021595697535283367,0.48661158027156526,0.9296141421698003
63,indoors,scene_00021,indoors/scene_00021/scan_00189,val/indoors/scene_00021/scan_00189/00021_00189_indoors_210_000.png,1,0,1,256,0,512,256,65397,17201,134201.0,33882.031340700705,34075.274184210706,-193.2428435099963,16117.271125727644,16061.710707789396,55.56041793824504,0.012793803915408498,0.014954039168685653,0.4379661285432847,1.1396522508652476
63,indoors,scene_00021,indoors/scene_00021/scan_00189,val/indoors/scene_00021/scan_00189/00021_00189_indoors_210_000.png,2,0,2,512,0,768,256,65485,9528,103597.0,28524.664383384414,25408.95333932404,3115.7110440603715,18704.369790930876,16504.56398032116,2199.805810609716,0.009249790714859082,0.018018929066026226,0.060358959722165886,1.5482262296338591
63,indoors,scene_00021,indoors/scene_00021/scan_00189,val/indoors/scene_00021/scan_00189/00021_00189_indoors_210_000.png,3,0,3,768,0,1024,256,65536,0,65536.0,29844.489293106788,29836.833128105423,7.656165001368289,29844.489293106788,29836.833128105423,7.656165001368289,0.007513905578382194,0.0008588611116209264,0.05206860543476939,1.1896334335720875
63,indoors,scene_00021,indoors/scene_00021/scan_00189,val/indoors/scene_00021/scan_00189/00021_00189_indoors_210_000.png,4,1,0,0,256,256,512,65398,10778,108510.0,43307.31686866803,59489.008165835716,-16181.691297167683,29098.052620156268,35162.311625789116,-6064.259005632846,0.011821644689042114,0.026683976445847617,1.123096375944778,0.4753723563689118
63,indoors,scene_00021,indoors/scene_00021/scan_00189,val/indoors/scene_00021/scan_00189/00021_00189_indoors_210_000.png,5,1,1,256,256,512,512,65526,8762,100574.0,40007.23157517126,66877.77089199229,-26870.539316821025,30576.806288001375,43516.30472272205,-12939.498434720677,0.014016322806238327,0.026399408957425565,1.0852609735174141,0.889287639541262
63,indoors,scene_00021,indoors/scene_00021/scan_00189,val/indoors/scene_00021/scan_00189/00021_00189_indoors_210_000.png,6,1,2,512,256,768,512,65515,5835,88855.0,40491.39251307934,41985.401714629625,-1494.009201550282,32896.121946665924,33420.82131620252,-524.699369536598,0.009995508503650179,0.028195956707451075,0.8058821906893059,0.7901231293228267
63,indoors,scene_00021,indoors/scene_00021/scan_00189,val/indoors/scene_00021/scan_00189/00021_00189_indoors_210_000.png,7,1,3,768,256,1024,512,65536,361,66980.0,47180.44955394865,47181.26823724472,-0.8186832960618791,46307.964995955146,46309.137471887654,-1.1724759325047494,0.004603848124314009,0.0013256156680303605,0.32258045826254633,0.6909757608791605
63,indoors,scene_00021,indoors/scene_00021/scan_00189,val/indoors/scene_00021/scan_00189/00021_00189_indoors_210_000.png,8,2,0,0,512,256,768,65536,0,65536.0,35653.29919009119,35651.294405645196,2.004784445985246,35653.29919009119,35651.294405645196,2.004784445985246,0.015318563729852536,0.0008835091371998131,1.950145731543558,0.185845428712339
63,indoors,scene_00021,indoors/scene_00021/scan_00189,val/indoors/scene_00021/scan_00189/00021_00189_indoors_210_000.png,9,2,1,256,512,512,768,65536,0,65536.0,34726.73820432971,34729.72380726326,-2.9856029335506173,34726.73820432971,34729.72380726326,-2.9856029335506173,0.016309366165893097,0.0007290785389361426,1.7147745312440275,0.21041534581165067
63,indoors,scene_00021,indoors/scene_00021/scan_00189,val/indoors/scene_00021/scan_00189/00021_00189_indoors_210_000.png,10,2,2,512,512,768,768,65536,1738,72488.0,51002.186093317054,51080.98939513731,-78.80330182026046,46606.00689725146,47895.40042180875,-1289.3935245572857,0.007415476708994536,0.017871720461078395,0.900567436034821,0.5880571945016266
63,indoors,scene_00021,indoors/scene_00021/scan_00189,val/indoors/scene_00021/scan_00189/00021_00189_indoors_210_000.png,11,2,3,768,512,1024,768,65466,10243,106438.0,76101.89718666075,75966.22871155897,135.66847510177826,55463.73969423351,56042.18314022019,-578.4434459866798,0.008266706396912054,0.01273753433010279,0.5122617983105123,0.552289181703415
64,indoors,scene_00021,indoors/scene_00021/scan_00189,val/indoors/scene_00021/scan_00189/00021_00189_indoors_210_020.png,0,0,0,0,0,256,256,65536,9810,104776.0,32695.32748444622,32080.982354264517,614.3451301817043,25117.889106764957,24793.833327882567,324.0557788823944,0.005387302680270789,0.005164712062302654,0.05374604849855734,0.8217412863659963
64,indoors,scene_00021,indoors/scene_00021/scan_00189,val/indoors/scene_00021/scan_00189/00021_00189_indoors_210_020.png,1,0,1,256,0,512,256,65536,0,65536.0,23952.581096502454,24034.32339878867,-81.7423022862124,23952.581096502454,24034.32339878867,-81.7423022862124,0.004613560840311324,0.0010148869565266066,0.29248006125725634,0.05019701674678506
64,indoors,scene_00021,indoors/scene_00021/scan_00189,val/indoors/scene_00021/scan_00189/00021_00189_indoors_210_020.png,2,0,2,512,0,768,256,65536,0,65536.0,18316.3268719446,18317.081816566984,-0.7549446223839431,18316.3268719446,18317.081816566984,-0.7549446223839431,0.004729883326597755,0.0010920263120698021,0.06170271062423745,0.7635820340589808
64,indoors,scene_00021,indoors/scene_00021/scan_00189,val/indoors/scene_00021/scan_00189/00021_00189_indoors_210_020.png,3,0,3,768,0,1024,256,65536,0,65536.0,9779.769198949438,9815.411614210594,-35.642415261155804,9779.769198949438,9815.411614210594,-35.642415261155804,0.008095931689682754,0.0011926112319862894,0.37964876493161925,0.030827169037032063
64,indoors,scene_00021,indoors/scene_00021/scan_00189,val/indoors/scene_00021/scan_00189/00021_00189_indoors_210_020.png,4,1,0,0,256,256,512,65330,9904,104946.0,21909.465160535954,21827.824252151673,81.64090838427788,13757.337190287308,13654.451897492181,102.88529279512568,0.00600907705182424,0.01644028169840243,0.5860739773585489,0.3648195883433239
64,indoors,scene_00021,indoors/scene_00021/scan_00189,val/indoors/scene_00021/scan_00189/00021_00189_indoors_210_020.png,5,1,1,256,256,512,512,64910,6742,91878.0,20045.41489482567,20258.457434839183,-213.04254001351,10249.51323830702,10978.899432165093,-729.3861938580717,0.0068785633919867875,0.0164657552078977,0.45633930659577404,-0.3781341631205646
64,indoors,scene_00021,indoors/scene_00021/scan_00189,val/indoors/scene_00021/scan_00189/00021_00189_indoors_210_020.png,6,1,2,512,256,768,512,65334,3559,79570.0,11482.850905730298,11714.922668983605,-232.07176325330795,6351.529028340497,6551.976022351579,-200.4469940110829,0.005808135594694139,0.011495254425607244,0.3894861749114594,0.9008323644553148
64,indoors,scene_00021,indoors/scene_00021/scan_00189,val/indoors/scene_00021/scan_00189/00021_00189_indoors_210_020.png,7,1,3,768,256,1024,512,65536,0,65536.0,3433.711749489786,3441.193264990104,-7.481515500318505,3433.711749489786,3441.193264990104,-7.481515500318505,0.007899543822722387,0.0012098197402768357,0.4285243982700597,0.14162549890992304
64,indoors,scene_00021,indoors/scene_00021/scan_00189,val/indoors/scene_00021/scan_00189/00021_00189_indoors_210_020.png,8,2,0,0,512,256,768,65310,20005,145330.0,61102.23390708358,61118.05995017677,-15.826043093194016,25079.9618470489,25155.788721029538,-75.82687398063366,0.012663776087211795,0.0236868909102394,0.7756710493490571,0.2506772994667663
64,indoors,scene_00021,indoors/scene_00021/scan_00189,val/indoors/scene_00021/scan_00189/00021_00189_indoors_210_020.png,9,2,1,256,512,512,768,65442,19034,141578.0,62896.17346367598,62276.16447630904,620.0089873669482,23768.599394015946,23723.738480650212,44.860913365737865,0.016369560435922664,0.01759016066617937,0.9888581357216217,0.21764452771028162
64,indoors,scene_00021,indoors/scene_00021/scan_00189,val/indoors/scene_00021/scan_00189/00021_00189_indoors_210_020.png,10,2,2,512,512,768,768,65464,9447,103252.0,37278.120095476384,37415.6609615799,-137.5408661035113,19510.22863378612,19450.563434992324,59.665198793793856,0.010674838344645568,0.024224718434032733,0.8062884104177303,1.17232158893797
64,indoors,scene_00021,indoors/scene_00021/scan_00189,val/indoors/scene_00021/scan_00189/00021_00189_indoors_210_020.png,11,2,3,768,512,1024,768,65536,0,65536.0,13484.31779684536,13491.737548786936,-7.419751941577108,13484.31779684536,13491.737548786936,-7.419751941577108,0.006958220939096656,0.0016683304711682953,0.6147579070728506,0.17362098639881607
65,indoors,scene_00021,indoors/scene_00021/scan_00189,val/indoors/scene_00021/scan_00189/00021_00189_indoors_220_010.png,0,0,0,0,0,256,256,65536,20,65616.0,13881.494566026844,13880.481177062706,1.0133889641393088,13868.038957833454,13867.012257766914,1.0267000665400237,0.004684347061131,0.012069713134141553,1.490928919424985,-0.04673803343989768
65,indoors,scene_00021,indoors/scene_00021/scan_00189,val/indoors/scene_00021/scan_00189/00021_00189_indoors_220_010.png,1,0,1,256,0,512,256,65309,4725,84209.0,73884.74600488157,73471.84843506734,412.8975698142457,61991.82004795052,61799.04664172659,192.77340622392606,0.0054779528637045535,0.00686942439389258,0.49528982584186065,0.2321403480582417
65,indoors,scene_00021,indoors/scene_00021/scan_00189,val/indoors/scene_00021/scan_00189/00021_00189_indoors_220_010.png,2,0,2,512,0,768,256,64907,2931,76631.0,51185.14886092243,48983.4257972678,2201.7230636546324,49055.04235115648,47145.91253536362,1909.1298157928604,0.006470166699741861,0.008717207803762426,0.38199480466755303,-0.19385929963857917
65,indoors,scene_00021,indoors/scene_00021/scan_00189,val/indoors/scene_00021/scan_00189/00021_00189_indoors_220_010.png,3,0,3,768,0,1024,256,65375,1452,71183.0,25272.930599290205,25105.418799854153,167.51179943604762,23858.75213514877,23765.200303890404,93.5518312583659,0.005468056226276906,0.0064149066775455905,0.3400100622615435,1.2173545088497433
65,indoors,scene_00021,indoors/scene_00021/scan_00189,val/indoors/scene_00021/scan_00189/00021_00189_indoors_220_010.png,4,1,0,0,256,256,512,65536,2218,74408.0,14042.69179117835,15387.54573903537,-1344.8539478570215,13182.097858452624,13956.387101602766,-774.2892431501417,0.006453512830503407,0.012965672679963416,1.4602891107932243,-0.34442631388653644
65,indoors,scene_00021,indoors/scene_00021/scan_00189,val/indoors/scene_00021/scan_00189/00021_00189_indoors_220_010.png,5,1,1,256,256,512,512,65332,19627,143840.0,52372.821827709326,52156.21351912712,216.6083085821964,22458.360116927724,22453.230906648638,5.129210279089769,0.012853898555044789,0.01998017242512071,0.4824935299232552,0.5057303654453948
65,indoors,scene_00021,indoors/scene_00021/scan_00189,val/indoors/scene_00021/scan_00189/00021_00189_indoors_220_010.png,6,1,2,512,256,768,512,65467,19262,142515.0,35254.00184065219,35003.31916257124,250.68267808094492,15981.508582413662,15861.426783830584,120.08179858307868,0.01564470900712247,0.01367294448436947,0.5188543230445456,0.7514272358112639
65,indoors,scene_00021,indoors/scene_00021/scan_00189,val/indoors/scene_00021/scan_00189/00021_00189_indoors_220_010.png,7,1,3,768,256,1024,512,65469,9385,103009.0,25134.192245852377,24140.540657734702,993.6515881176765,15172.568161271192,14907.229375182114,265.33878608907804,0.009456285931414768,0.01756335802358383,0.4742069866152002,1.1784272182275264
65,indoors,scene_00021,indoors/scene_00021/scan_00189,val/indoors/scene_00021/scan_00189/00021_00189_indoors_220_010.png,8,2,0,0,512,256,768,65535,2126,74039.0,18288.926308846763,18280.130048813302,8.796260033462062,16908.03830277974,16913.960075227013,-5.921772447274009,0.006768618857182868,0.015768730138070508,0.406235106444316,2.000025621497255
65,indoors,scene_00021,indoors/scene_00021/scan_00189,val/indoors/scene_00021/scan_00189/00021_00189_indoors_220_010.png,9,2,1,256,512,512,768,65435,6862,92883.0,35765.411430446955,36477.60720181351,-712.1957713665561,25179.721566151755,25610.9430701983,-431.2215040465411,0.010513698337243324,0.019637759924668985,0.5715879663524146,1.0575675863971552
65,indoors,scene_00021,indoors/scene_00021/scan_00189,val/indoors/scene_00021/scan_00189/00021_00189_indoors_220_010.png,10,2,2,512,512,768,768,65524,4906,85148.0,30583.734177674574,35529.71181009803,-4945.9776324234535,25087.381370040235,27906.587697293857,-2819.2063272536225,0.010254987018203715,0.02166015195839092,0.8129441089345074,1.4442026930142529
65,indoors,scene_00021,indoors/scene_00021/scan_00189,val/indoors/scene_00021/scan_00189/00021_00189_indoors_220_010.png,11,2,3,768,512,1024,768,65523,4982,85451.0,27196.28047105567,26856.91210629004,339.3683647656276,21321.868465663007,21114.04628016038,207.82218550262618,0.008539592699448737,0.023882283710316303,0.6421089863065904,1.3637573307040531
66,indoors,scene_00021,indoors/scene_00021/scan_00189,val/indoors/scene_00021/scan_00189/00021_00189_indoors_240_030.png,0,0,0,0,0,256,256,65536,0,65536.0,16017.663366040451,16006.110667161502,11.552698878949117,16017.663366040451,16006.110667161502,11.552698878949117,0.0061244012745833906,0.00872005585620303,1.1501185013277995,1.9089356121233418
66,indoors,scene_00021,indoors/scene_00021/scan_00189,val/indoors/scene_00021/scan_00189/00021_00189_indoors_240_030.png,1,0,1,256,0,512,256,65536,54,65752.0,6920.107559249191,6939.466233319485,-19.358674070294125,6859.403200873741,6878.68087086696,-19.27766999321782,0.005425664985208436,0.008010189533087374,0.943693411085755,0.6259455894460718
66,indoors,scene_00021,indoors/scene_00021/scan_00189,val/indoors/scene_00021/scan_00189/00021_00189_indoors_240_030.png,2,0,2,512,0,768,256,65536,29115,181996.0,249661.96302876485,251430.3923436492,-1768.4293148843449,81567.12035770596,82181.15206322554,-614.0317055195898,0.006461799706901939,0.007003892770002099,0.6653386714392932,-0.38284775062083765
66,indoors,scene_00021,indoors/scene_00021/scan_00189,val/indoors/scene_00021/scan_00189/00021_00189_indoors_240_030.png,3,0,3,768,0,1024,256,65536,1701,72340.0,174767.1119687151,174313.96190494162,453.150063773475,156656.63838562396,156539.67405189498,116.96433372897437,0.007655267633578721,0.0026599899222007114,0.20146455300811897,0.1273546202995342
66,indoors,scene_00021,indoors/scene_00021/scan_00189,val/indoors/scene_00021/scan_00189/00021_00189_indoors_240_030.png,4,1,0,0,256,256,512,65536,69,65812.0,18951.88663387279,18951.730843192716,0.15579068007356411,18868.759870983493,18863.312177773994,5.4476932095027335,0.006638499197595548,0.008363850296749586,1.180967216002768,2.561912952033141
66,indoors,scene_00021,indoors/scene_00021/scan_00189,val/indoors/scene_00021/scan_00189/00021_00189_indoors_240_030.png,5,1,1,256,256,512,512,65536,9,65572.0,8945.915387349201,8940.001841332509,5.913546016691984,8944.044114709028,8938.133260433642,5.910854275384274,0.005459464855033061,0.007742786696418768,1.33785410583339,0.01698117729858728
66,indoors,scene_00021,indoors/scene_00021/scan_00189,val/indoors/scene_00021/scan_00189/00021_00189_indoors_240_030.png,6,1,2,512,256,768,512,65536,23513,159588.0,111651.81028058822,111998.64833680916,-346.83805622092825,30076.519640033694,30151.04574217536,-74.52610214166685,0.00519035378946711,0.008040443851601287,0.4261911664200112,0.7308296121366132
66,indoors,scene_00021,indoors/scene_00021/scan_00189,val/indoors/scene_00021/scan_00189/00021_00189_indoors_240_030.png,7,1,3,768,256,1024,512,65536,1440,71296.0,96818.9025101826,96550.26180029978,268.6407098828112,89581.6691324267,89328.63920063517,253.02993179155206,0.005129618567682769,0.002655738585990071,0.02911250196126493,0.80406798261759
66,indoors,scene_00021,indoors/scene_00021/scan_00189,val/indoors/scene_00021/scan_00189/00021_00189_indoors_240_030.png,8,2,0,0,512,256,768,65536,0,65536.0,21101.804296434584,21103.427173756783,-1.6228773222020587,21101.804296434584,21103.427173756783,-1.6228773222020587,0.006702177373041988,0.008503029047993363,0.7826855796149282,3.8341891336851552
66,indoors,scene_00021,indoors/scene_00021/scan_00189,val/indoors/scene_00021/scan_00189/00021_00189_indoors_240_030.png,9,2,1,256,512,512,768,65536,0,65536.0,13703.220143932425,13692.287998260646,10.93214567178045,13703.220143932425,13692.287998260646,10.93214567178045,0.004882458348536482,0.007572689950538041,1.3997868177533603,1.2195037842914547
66,indoors,scene_00021,indoors/scene_00021/scan_00189,val/indoors/scene_00021/scan_00189/00021_00189_indoors_240_030.png,10,2,2,512,512,768,768,65527,10121,106011.0,25604.207190719942,25669.05352840366,-64.84633768371846,10055.86418786886,10086.495071237317,-30.630883368457717,0.0050977544170176465,0.008416748393346272,0.7954998896422182,0.5333696488518023
66,indoors,scene_00021,indoors/scene_00021/scan_00189,val/indoors/scene_00021/scan_00189/00021_00189_indoors_240_030.png,11,2,3,768,512,1024,768,65184,12586,115528.0,67521.90256069993,67804.62308613837,-282.72052543843824,40955.034439821975,41219.40108929796,-264.36664947598956,0.006337631273446159,0.011297392581486976,0.43549826377362283,0.83423225022425
67,indoors,scene_00021,indoors/scene_00021/scan_00189,val/indoors/scene_00021/scan_00189/00021_00189_indoors_340_000.png,0,0,0,0,0,256,256,64011,14673,122703.0,135949.5401182837,175688.85492824606,-39739.314809962365,80525.53647725118,104400.88189741911,-23875.345420167912,0.016713511027264316,0.02234797584119223,1.5556738477733274,-0.7496400199872938
67,indoors,scene_00021,indoors/scene_00021/scan_00189,val/indoors/scene_00021/scan_00189/00021_00189_indoors_340_000.png,1,0,1,256,0,512,256,65536,3201,78340.0,142880.5875555572,136091.47265398953,6789.114901567655,111715.21818222901,109785.68834390261,1929.5298383264048,0.017261272187714834,0.005578382242363758,0.20268793644271588,0.09847227172955948
67,indoors,scene_00021,indoors/scene_00021/scan_00189,val/indoors/scene_00021/scan_00189/00021_00189_indoors_340_000.png,2,0,2,512,0,768,256,65261,3490,79221.0,48902.40852194177,50048.482799070334,-1146.0742771285668,37574.32256020603,37938.51651444567,-364.19395423964704,0.012500923518827391,0.019999233675930886,1.0220641492468754,0.03123912221939541
67,indoors,scene_00021,indoors/scene_00021/scan_00189,val/indoors/scene_00021/scan_00189/00021_00189_indoors_340_000.png,3,0,3,768,0,1024,256,65536,0,65536.0,30852.82439718041,30856.428381034675,-3.6039838542590936,30852.82439718041,30856.428381034675,-3.6039838542590936,0.005321830309569226,0.004302069109948219,0.38763836664643486,4.560393865001055
67,indoors,scene_00021,indoors/scene_00021/scan_00189,val/indoors/scene_00021/scan_00189/00021_00189_indoors_340_000.png,4,1,0,0,256,256,512,65463,11724,112359.0,68952.87814795756,92313.30241829526,-23360.424270337673,41352.346234383884,44059.77363971976,-2707.4274053358736,0.010054252544250184,0.01967564628221831,1.714472321602596,-1.3606309650914907
67,indoors,scene_00021,indoors/scene_00021/scan_00189,val/indoors/scene_00021/scan_00189/00021_00189_indoors_340_000.png,5,1,1,256,256,512,512,65536,910,69176.0,45794.843961102786,46228.16135241045,-433.31739130766806,41606.74318109222,41738.07254142351,-131.3293603312989,0.007923116883707027,0.0026993531164280354,0.2521653096619595,0.13729202353149222
67,indoors,scene_00021,indoors/scene_00021/scan_00189,val/indoors/scene_00021/scan_00189/00021_00189_indoors_340_000.png,6,1,2,512,256,768,512,65536,2097,73924.0,37911.60912957277,37822.650787196035,88.9583423767281,32463.077679616195,31853.953908305084,609.1237713111129,0.006892802390195368,0.014730636644909964,0.7806164731836321,0.7169576711023528
67,indoors,scene_00021,indoors/scene_00021/scan_00189,val/indoors/scene_00021/scan_00189/00021_00189_indoors_340_000.png,7,1,3,768,256,1024,512,65536,0,65536.0,31994.86111319143,31994.429591283122,0.43152190830591264,31994.86111319143,31994.429591283122,0.43152190830591264,0.00545545589242668,0.0043209130248034406,0.33905416701855984,4.510733830743186
67,indoors,scene_00021,indoors/scene_00021/scan_00189,val/indoors/scene_00021/scan_00189/00021_00189_indoors_340_000.png,8,2,0,0,512,256,768,65449,19628,143961.0,77321.6779844366,78195.20404180052,-873.5260573639475,32821.1428710537,33068.27271975846,-247.12984870476214,0.010540371525954467,0.01779978456764543,0.7118266847991921,0.5467862849606179
67,indoors,scene_00021,indoors/scene_00021/scan_00189,val/indoors/scene_00021/scan_00189/00021_00189_indoors_340_000.png,9,2,1,256,512,512,768,65536,19266,142600.0,76311.29676717782,76327.26405000247,-15.967282824658225,37505.9566208172,37497.344958615686,8.611662201509898,0.00934301787300891,0.003644074082605585,0.1883060434983677,0.6068165974987427
67,indoors,scene_00021,indoors/scene_00021/scan_00189,val/indoors/scene_00021/scan_00189/00021_00189_indoors_340_000.png,10,2,2,512,512,768,768,65498,3454,79314.0,42410.39811655591,43381.83466126099,-971.4365447050716,33252.71472767211,33261.20223548846,-8.48750781635691,0.006873249747687198,0.014315931252090805,0.7120577509284243,0.7078298925639182
67,indoors,scene_00021,indoors/scene_00021/scan_00189,val/indoors/scene_00021/scan_00189/00021_00189_indoors_340_000.png,11,2,3,768,512,1024,768,65536,0,65536.0,33099.99848793633,33098.7571049995,1.2413829368226033,33099.99848793633,33098.7571049995,1.2413829368226033,0.0062017217592338384,0.004211664527297316,0.3241000040612516,4.403937946554293
68,indoors,scene_00021,indoors/scene_00021/scan_00189,val/indoors/scene_00021/scan_00189/00021_00189_indoors_350_010.png,0,0,0,0,0,256,256,65536,1347,70924.0,5663.024615137751,5664.6004219399165,-1.575806802165483,2126.1046048513535,2127.5435193478215,-1.4389144964685208,0.005665334282260303,0.0018735007843708833,0.060327722409687985,3.9553604557193913
68,indoors,scene_00021,indoors/scene_00021/scan_00189,val/indoors/scene_00021/scan_00189/00021_00189_indoors_350_010.png,1,0,1,256,0,512,256,65079,15625,127579.0,422926.5427314125,376776.13050377904,46150.41222763338,191937.6901031853,176918.98928737253,15018.700815812756,0.0184493693930786,0.01966022316189143,0.7149216390819207,0.0423297572893337
68,indoors,scene_00021,indoors/scene_00021/scan_00189,val/indoors/scene_00021/scan_00189/00021_00189_indoors_350_010.png,2,0,2,512,0,768,256,64635,20034,144771.0,614197.9087060394,714621.9376195734,-100424.02891353403,278475.32381591003,314788.58228461235,-36313.258468702305,0.027203960165775195,0.008675577291505225,0.38736743421734326,-0.2664113020692037
68,indoors,scene_00021,indoors/scene_00021/scan_00189,val/indoors/scene_00021/scan_00189/00021_00189_indoors_350_010.png,3,0,3,768,0,1024,256,65022,6822,92310.0,111300.42322961485,146266.82784230303,-34966.40461268819,52772.12799371562,60672.92659420554,-7900.798600489913,0.012662847963086504,0.024619052869311354,0.8628264785614694,-0.26453461849908383
68,indoors,scene_00021,indoors/scene_00021/scan_00189,val/indoors/scene_00021/scan_00189/00021_00189_indoors_350_010.png,4,1,0,0,256,256,512,65536,3382,79064.0,9579.313750265113,9588.793229883639,-9.479479618523458,3833.489498072913,3856.595907998,-23.106409925086524,0.0055675853963326576,0.002980132548478254,0.03496679942950438,4.109041779492793
68,indoors,scene_00021,indoors/scene_00021/scan_00189,val/indoors/scene_00021/scan_00189/00021_00189_indoors_350_010.png,5,1,1,256,256,512,512,64266,13726,119170.0,284281.9606784239,313475.0905410575,-29193.129862633734,187863.56579711204,201715.41375028813,-13851.847953176046,0.017256490223170846,0.017851022895930692,0.7511023092954063,-0.1629767398296001
68,indoors,scene_00021,indoors/scene_00021/scan_00189,val/indoors/scene_00021/scan_00189/00021_00189_indoors_350_010.png,6,1,2,512,256,768,512,65536,2949,77332.0,301416.33980868204,292761.7569406987,8654.582867983325,247243.33958071508,242515.6116942977,4727.727886417389,0.016502449031283974,0.008565927712726866,0.37187561104013256,-0.27073626238966686
68,indoors,scene_00021,indoors/scene_00021/scan_00189,val/indoors/scene_00021/scan_00189/00021_00189_indoors_350_010.png,7,1,3,768,256,1024,512,65288,2758,76320.0,57896.848471726524,83085.92997634737,-25189.081504620837,39011.8740130767,65916.59978174134,-26904.72576866465,0.010890547085408233,0.02279821438256273,0.96370032208012,0.029947894235138092
68,indoors,scene_00021,indoors/scene_00021/scan_00189,val/indoors/scene_00021/scan_00189/00021_00189_indoors_350_010.png,8,2,0,0,512,256,768,65536,1845,72916.0,11577.324243023657,11118.440459983016,458.88378304064076,6434.316307717227,6001.243969854824,433.07233786240215,0.005303011767348626,0.0025506982650484737,1.7241098449870582,2.3519669248178405
68,indoors,scene_00021,indoors/scene_00021/scan_00189,val/indoors/scene_00021/scan_00189/00021_00189_indoors_350_010.png,9,2,1,256,512,512,768,65487,7359,94923.0,29805.31183925147,29806.856395999646,-1.5445567481795734,18082.23022337603,18329.410429176794,-247.18020580076447,0.008621221451311088,0.013036037954297175,1.067954708197111,0.1431559864695224
68,indoors,scene_00021,indoors/scene_00021/scan_00189,val/indoors/scene_00021/scan_00189/00021_00189_indoors_350_010.png,10,2,2,512,512,768,768,65536,438,67288.0,6306.207959748018,6290.157980227243,16.049979520775178,6034.955833327982,6027.850942748139,7.10489057984306,0.007839219670449617,0.003247351629155262,0.2764301039129706,0.7113452490809347
68,indoors,scene_00021,indoors/scene_00021/scan_00189,val/indoors/scene_00021/scan_00189/00021_00189_indoors_350_010.png,11,2,3,768,512,1024,768,65536,2014,73592.0,19633.546755445303,20575.692979487547,-942.1462240422416,15011.175053572528,15445.50705717137,-434.3320035988427,0.006448240755039376,0.01651395468153405,0.8803832941209874,1.2262256949977854
69,indoors,scene_00021,indoors/scene_00021/scan_00189,val/indoors/scene_00021/scan_00189/00021_00189_indoors_350_030.png,0,0,0,0,0,256,256,65536,107,65964.0,17270.489017617776,17253.625023912453,16.863993705320883,17141.902322477643,17125.122532698893,16.779789778748793,0.0059165505315624594,0.0019135586388935948,0.17455185929866568,1.604657479980399
69,indoors,scene_00021,indoors/scene_00021/scan_00189,val/indoors/scene_00021/scan_00189/00021_00189_indoors_350_030.png,1,0,1,256,0,512,256,65528,694,68304.0,17079.123089390283,17129.50585666576,-50.38276727548041,15634.196002064666,15717.450848551565,-83.25484648690062,0.005602442084894331,0.005660322009115544,0.3666320916690596,1.6166713091275464
69,indoors,scene_00021,indoors/scene_00021/scan_00189,val/indoors/scene_00021/scan_00189/00021_00189_indoors_350_030.png,2,0,2,512,0,768,256,65536,0,65536.0,3254.2264003786568,3232.757819213617,21.468581165040465,3254.2264003786568,3232.757819213617,21.468581165040465,0.004278893780415517,0.005198586715884843,0.9570611775849909,0.6227148990434628
69,indoors,scene_00021,indoors/scene_00021/scan_00189,val/indoors/scene_00021/scan_00189/00021_00189_indoors_350_030.png,3,0,3,768,0,1024,256,65536,0,65536.0,3572.126530677291,3571.55799628403,0.5685343932613313,3572.126530677291,3571.55799628403,0.5685343932613313,0.004700364651928476,0.006005392675458515,0.4230736043359096,3.161962479425208
69,indoors,scene_00021,indoors/scene_00021/scan_00189,val/indoors/scene_00021/scan_00189/00021_00189_indoors_350_030.png,4,1,0,0,256,256,512,65536,0,65536.0,7128.553089023977,7111.5853499869445,16.96773903703266,7128.553089023977,7111.5853499869445,16.96773903703266,0.0056769673880014354,0.002733759600992608,0.07289775978616665,2.2265458908939757
69,indoors,scene_00021,indoors/scene_00021/scan_00189,val/indoors/scene_00021/scan_00189/00021_00189_indoors_350_030.png,5,1,1,256,256,512,512,65501,7955,97321.0,29026.670930878478,28962.857495832915,63.813435045565186,16704.61495470156,16698.955057192175,5.659897509382531,0.009324152450866782,0.010135576405973134,0.4122073910054336,1.6964888632709492
69,indoors,scene_00021,indoors/scene_00021/scan_00189,val/indoors/scene_00021/scan_00189/00021_00189_indoors_350_030.png,6,1,2,512,256,768,512,65427,18494,139403.0,21011.559245562978,19867.54556044868,1144.0136851142975,5946.568764217759,5709.925753939304,236.64301027845593,0.012443788550482532,0.01971589159121541,0.7091341004225193,0.4106609632945108
69,indoors,scene_00021,indoors/scene_00021/scan_00189,val/indoors/scene_00021/scan_00189/00021_00189_indoors_350_030.png,7,1,3,768,256,1024,512,65493,5688,88245.0,13653.111392387615,14015.732807260132,-362.6214148725173,7844.867843777045,7872.23106504301,-27.363221265965553,0.00973902281081716,0.01671711195882184,0.9456656004388779,0.743834421823491
69,indoors,scene_00021,indoors/scene_00021/scan_00189,val/indoors/scene_00021/scan_00189/00021_00189_indoors_350_030.png,8,2,0,0,512,256,768,65536,1298,70728.0,7333.547692622847,7356.722326096329,-23.174633473482317,4666.012579404995,4673.357022893128,-7.344443488131658,0.005429992069146455,0.005613251210874868,0.9807059955248357,0.24871571422047056
69,indoors,scene_00021,indoors/scene_00021/scan_00189,val/indoors/scene_00021/scan_00189/00021_00189_indoors_350_030.png,9,2,1,256,512,512,768,65079,20860,148519.0,205479.317820022,233982.85710506586,-28503.539285043902,92505.39870196058,103598.50591117427,-11093.10720921369,0.019787844074108305,0.019861009364827598,0.7066987696481808,-0.03339261827954813
69,indoors,scene_00021,indoors/scene_00021/scan_00189,val/indoors/scene_00021/scan_00189/00021_00189_indoors_350_030.png,10,2,2,512,512,768,768,64655,17027,132763.0,310231.62862380844,345759.0332385774,-35527.40461476896,149861.32695091798,163952.55628390732,-14091.22933298934,0.025315504201172255,0.0029366236477117373,0.35034354170271503,-0.2112261873905345
69,indoors,scene_00021,indoors/scene_00021/scan_00189,val/indoors/scene_00021/scan_00189/00021_00189_indoors_350_030.png,11,2,3,768,512,1024,768,64988,6312,90236.0,36089.625297042134,40004.22072623464,-3914.5954291925036,16605.58326317291,18557.775141819773,-1952.1918786468627,0.012578052670119967,0.025164372163365145,0.9073018913208049,0.03883686916166363
70,indoors,scene_00021,indoors/scene_00021/scan_00190,val/indoors/scene_00021/scan_00190/00021_00190_indoors_050_000.png,0,0,0,0,0,256,256,65422,6747,92410.0,53322.718849411904,53202.4819208377,120.2369285742117,36011.61695572253,35767.896687618435,243.72026810409625,0.01158974084085641,0.0105255195465705,0.376915025504461,1.1933638287462338
70,indoors,scene_00021,indoors/scene_00021/scan_00190,val/indoors/scene_00021/scan_00190/00021_00190_indoors_050_000.png,1,0,1,256,0,512,256,65524,2164,74180.0,24644.29413220595,24556.062081974356,88.23205023159353,20011.53023425346,20045.169976903002,-33.63974264954045,0.007604723207214558,0.011880900977446813,0.47138763989605387,0.856129140718986
70,indoors,scene_00021,indoors/scene_00021/scan_00190,val/indoors/scene_00021/scan_00190/00021_00190_indoors_050_000.png,2,0,2,512,0,768,256,65536,0,65536.0,13797.019406808373,13803.024894444748,-6.0054876363760386,13797.019406808373,13803.024894444748,-6.0054876363760386,0.004791837368122046,0.010335078737160913,0.58512707600679,2.237874632613567
70,indoors,scene_00021,indoors/scene_00021/scan_00190,val/indoors/scene_00021/scan_00190/00021_00190_indoors_050_000.png,3,0,3,768,0,1024,256,65536,0,65536.0,25576.355609910566,25578.835763936528,-2.480154025965581,25576.355609910566,25578.835763936528,-2.480154025965581,0.0067003502039523245,0.01129678162987199,0.9776667763000181,3.2518698122916034
70,indoors,scene_00021,indoors/scene_00021/scan_00190,val/indoors/scene_00021/scan_00190/00021_00190_indoors_050_000.png,4,1,0,0,256,256,512,64639,20410,146279.0,106513.33422740876,106790.7795089533,-277.44528154452195,39910.89264013736,39743.325862668484,167.56677746887257,0.021439072117061687,0.028935039201103796,0.6365086456707414,0.4660469022607344
70,indoors,scene_00021,indoors/scene_00021/scan_00190,val/indoors/scene_00021/scan_00190/00021_00190_indoors_050_000.png,5,1,1,256,256,512,512,65207,5324,86503.0,41468.994587152956,41433.11455213236,35.88003502059232,26121.498618598453,25953.47277014464,168.025848453815,0.012363657387221503,0.017259466688096553,0.569729382366047,0.43411996556101573
70,indoors,scene_00021,indoors/scene_00021/scan_00190,val/indoors/scene_00021/scan_00190/00021_00190_indoors_050_000.png,6,1,2,512,256,768,512,65536,0,65536.0,11513.407528401403,11518.595125551665,-5.187597150259764,11513.407528401403,11518.595125551665,-5.187597150259764,0.0047066220003463225,0.010172119992282876,0.7137456498730036,1.584997314720595
70,indoors,scene_00021,indoors/scene_00021/scan_00190,val/indoors/scene_00021/scan_00190/00021_00190_indoors_050_000.png,7,1,3,768,256,1024,512,65536,0,65536.0,24287.087255029168,24285.587201700844,1.5000533283213642,24287.087255029168,24285.587201700844,1.5000533283213642,0.006613123738582305,0.011002894498309504,0.9462160822189722,3.446811586649443
70,indoors,scene_00021,indoors/scene_00021/scan_00190,val/indoors/scene_00021/scan_00190/00021_00190_indoors_050_000.png,8,2,0,0,512,256,768,63752,32473,193644.0,216072.24668698548,217094.9773541013,-1022.7306671158613,47646.86766689053,47931.83637023009,-284.9687033395527,0.01177137721502421,0.023071830745926808,0.5560909137163224,0.6256472948297789
70,indoors,scene_00021,indoors/scene_00021/scan_00190,val/indoors/scene_00021/scan_00190/00021_00190_indoors_050_000.png,9,2,1,256,512,512,768,65445,11202,110253.0,57630.19109882171,58032.78813656724,-402.597037745522,26374.946845604994,26356.513743772884,18.433101832112666,0.013327548587366395,0.014056230219037517,0.5196275603894747,0.47614770682396135
70,indoors,scene_00021,indoors/scene_00021/scan_00190,val/indoors/scene_00021/scan_00190/00021_00190_indoors_050_000.png,10,2,2,512,512,768,768,65536,0,65536.0,9691.107055649254,9689.938479232458,1.1685764167972872,9691.107055649254,9689.938479232458,1.1685764167972872,0.004679624551853712,0.010114891261291156,0.6810688673291677,1.5862607494295433
70,indoors,scene_00021,indoors/scene_00021/scan_00190,val/indoors/scene_00021/scan_00190/00021_00190_indoors_050_000.png,11,2,3,768,512,1024,768,65536,0,65536.0,22955.458724993507,22951.45317290476,4.005552088747385,22955.458724993507,22951.45317290476,4.005552088747385,0.0064545382326831775,0.010791307842015607,0.8265967147436835,3.6349673856761435
71,indoors,scene_00021,indoors/scene_00021/scan_00190,val/indoors/scene_00021/scan_00190/00021_00190_indoors_090_030.png,0,0,0,0,0,256,256,65536,0,65536.0,152665.30544026685,152752.2440648979,-86.93862463108654,152665.30544026685,152752.2440648979,-86.93862463108654,0.006711101836516394,0.0017749135496961887,0.15867785015412736,-0.05000898775026058
71,indoors,scene_00021,indoors/scene_00021/scan_00190,val/indoors/scene_00021/scan_00190/00021_00190_indoors_090_030.png,1,0,1,256,0,512,256,65516,1023,69608.0,116603.94056800453,114203.90251811984,2400.0380498846976,114384.3760724783,112188.84099025311,2195.5350822251876,0.008048926941139714,0.008220987538537254,0.01489254725953333,0.3408954825363612
71,indoors,scene_00021,indoors/scene_00021/scan_00190,val/indoors/scene_00021/scan_00190/00021_00190_indoors_090_030.png,2,0,2,512,0,768,256,64748,2073,73040.0,80020.80995584154,77039.38075267916,2981.4292031623677,77289.2228228436,74739.12206309484,2550.1007597487696,0.006179523169265731,0.01183509682627519,0.336449432749045,-0.14461860299038534
71,indoors,scene_00021,indoors/scene_00021/scan_00190,val/indoors/scene_00021/scan_00190/00021_00190_indoors_090_030.png,3,0,3,768,0,1024,256,64045,1071,68329.0,60809.112874400715,61116.333825767215,-307.22095136649205,58768.94601893816,58961.00053920988,-192.05452027172387,0.004773020109242041,0.009104590976702956,0.6286385022262022,0.0358170756394831
71,indoors,scene_00021,indoors/scene_00021/scan_00190,val/indoors/scene_00021/scan_00190/00021_00190_indoors_090_030.png,4,1,0,0,256,256,512,65536,0,65536.0,14105.541919197782,14126.193116435217,-20.651197237436776,14105.541919197782,14126.193116435217,-20.651197237436776,0.007006596070668954,0.0022922866896373183,0.18521191666474518,0.4706186304766095
71,indoors,scene_00021,indoors/scene_00021/scan_00190,val/indoors/scene_00021/scan_00190/00021_00190_indoors_090_030.png,5,1,1,256,256,512,512,65536,527,67644.0,13027.658396879338,12916.179544162973,111.47885271636643,11744.7670202318,11636.40869060046,108.35832963134335,0.006474991552663078,0.009915914268485508,0.6454868095358267,-0.09680018351802065
71,indoors,scene_00021,indoors/scene_00021/scan_00190,val/indoors/scene_00021/scan_00190/00021_00190_indoors_090_030.png,6,1,2,512,256,768,512,52019,12272,101107.0,37020.856575189995,37072.22736601184,-51.37079082183732,18699.821214401054,18734.297691769832,-34.47647736878071,0.012520847093071932,0.033833331156830626,0.6832780061252065,0.474738620891909
71,indoors,scene_00021,indoors/scene_00021/scan_00190,val/indoors/scene_00021/scan_00190/00021_00190_indoors_090_030.png,7,1,3,768,256,1024,512,34512,6942,62280.0,25466.451701067985,25830.892911343777,-364.441210275794,12623.207567743833,12730.911529667981,-107.703961924146,0.011508575575037058,0.02991539332994538,0.6584461023985773,0.721326510821017
71,indoors,scene_00021,indoors/scene_00021/scan_00190,val/indoors/scene_00021/scan_00190/00021_00190_indoors_090_030.png,8,2,0,0,512,256,768,65536,0,65536.0,19482.98757993169,19477.777507570598,5.210072361093405,19482.98757993169,19477.777507570598,5.210072361093405,0.00752090294166934,0.0028532081260188424,0.13723769419194243,1.1729857008878313
71,indoors,scene_00021,indoors/scene_00021/scan_00190,val/indoors/scene_00021/scan_00190/00021_00190_indoors_090_030.png,9,2,1,256,512,512,768,65421,1116,69885.0,23697.577961447176,23581.61084556261,115.96711588456397,21165.229695612325,21142.444494868476,22.78520074384727,0.0064699783697837205,0.008200244439137819,0.5710390045304701,1.2234781053937607
71,indoors,scene_00021,indoors/scene_00021/scan_00190,val/indoors/scene_00021/scan_00190/00021_00190_indoors_090_030.png,10,2,2,512,512,768,768,60018,24671,158702.0,72952.89261618102,72775.8357936895,177.05682249151224,28537.405263225097,28465.251885426194,72.15337779890135,0.01222119332920316,0.0445129647794165,0.683439774991817,1.2720842174758045
71,indoors,scene_00021,indoors/scene_00021/scan_00190,val/indoors/scene_00021/scan_00190/00021_00190_indoors_090_030.png,11,2,3,768,512,1024,768,56098,22757,147126.0,70596.05797084395,70534.26587775041,61.792093093519895,28356.765612167612,28590.181709523615,-233.41609735599684,0.011411959582501728,0.04037276140894058,0.2941682556426809,1.9351864764339974
72,indoors,scene_00021,indoors/scene_00021/scan_00190,val/indoors/scene_00021/scan_00190/00021_00190_indoors_100_010.png,0,0,0,0,0,256,256,65536,0,65536.0,21499.235592334087,21539.704269977574,-40.46867764348145,21499.235592334087,21539.704269977574,-40.46867764348145,0.005381898852002497,0.0011147627072012934,0.3309457402801026,0.05340352515028762
72,indoors,scene_00021,indoors/scene_00021/scan_00190,val/indoors/scene_00021/scan_00190/00021_00190_indoors_100_010.png,1,0,1,256,0,512,256,65536,0,65536.0,7177.1219143769795,7182.869497693845,-5.747583316865365,7177.1219143769795,7182.869497693845,-5.747583316865365,0.007143685382512105,0.0009557133792051467,0.07800520383734444,0.916675507692021
72,indoors,scene_00021,indoors/scene_00021/scan_00190,val/indoors/scene_00021/scan_00190/00021_00190_indoors_100_010.png,2,0,2,512,0,768,256,65400,1499,71396.0,7952.527867489985,7955.112356856138,-2.584489366153619,5551.262477136616,5550.288381175724,0.9740959608918018,0.007229967801887088,0.009846677000363117,0.4861897052895356,0.9769719366550988
72,indoors,scene_00021,indoors/scene_00021/scan_00190,val/indoors/scene_00021/scan_00190/00021_00190_indoors_100_010.png,3,0,3,768,0,1024,256,63484,25244,164460.0,51148.138091974775,50955.848315865886,192.289776108896,21065.940465089083,21090.446890302348,-24.50642521326329,0.012745536450255683,0.041223427972755945,0.4967673862324485,1.658242353541203
72,indoors,scene_00021,indoors/scene_00021/scan_00190,val/indoors/scene_00021/scan_00190/00021_00190_indoors_100_010.png,4,1,0,0,256,256,512,65535,258,66567.0,18046.326884284106,17951.99910203757,94.32778224653886,17711.583382890603,17617.63968313927,93.94369975133499,0.00620082118740008,0.0018457908643884587,0.14397938987444597,0.7969968151720231
72,indoors,scene_00021,indoors/scene_00021/scan_00190,val/indoors/scene_00021/scan_00190/00021_00190_indoors_100_010.png,5,1,1,256,256,512,512,65536,461,67380.0,6278.573765257041,6271.022361923783,7.551403333258007,5805.700771506838,5801.006454014757,4.69431749208068,0.007550945284243108,0.0010051861978031668,0.08356149147126135,0.9035074660687291
72,indoors,scene_00021,indoors/scene_00021/scan_00190,val/indoors/scene_00021/scan_00190/00021_00190_indoors_100_010.png,6,1,2,512,256,768,512,65216,6984,93152.0,17458.527598941502,17175.54451833307,282.9830806084308,8823.51576578273,8687.053520744907,136.46224503782503,0.007463817439162907,0.014981407505324503,0.5586505538682497,0.949404158573926
72,indoors,scene_00021,indoors/scene_00021/scan_00190,val/indoors/scene_00021/scan_00190/00021_00190_indoors_100_010.png,7,1,3,768,256,1024,512,64696,6378,90208.0,21250.11927593498,21322.965498617832,-72.8462226828486,13326.512052471155,13412.887586892339,-86.37553442118478,0.013459927254225179,0.01530745273576673,0.7003602975446648,0.8284102691157068
72,indoors,scene_00021,indoors/scene_00021/scan_00190,val/indoors/scene_00021/scan_00190/00021_00190_indoors_100_010.png,8,2,0,0,512,256,768,63533,11661,110177.0,51779.743273490705,51736.651327205036,43.09194628565734,20615.622633383766,20743.07443606013,-127.45180267636299,0.007277443844773224,0.007014679394196743,0.28608801283642454,0.6951312278760743
72,indoors,scene_00021,indoors/scene_00021/scan_00190,val/indoors/scene_00021/scan_00190/00021_00190_indoors_100_010.png,9,2,1,256,512,512,768,65536,12,65584.0,3790.4881427407313,3794.5453740153007,-4.057231274569182,3777.8667887694096,3781.9240179830304,-4.0572292136208805,0.00607867299496809,0.001097506541041341,0.17394159654780242,0.8236492074919878
72,indoors,scene_00021,indoors/scene_00021/scan_00190,val/indoors/scene_00021/scan_00190/00021_00190_indoors_100_010.png,10,2,2,512,512,768,768,65383,3487,79331.0,18201.334240896133,18805.44766876496,-604.1134278688255,12519.95360108107,12870.42844406578,-350.47484298470863,0.007624436264131866,0.014115194555196922,0.6642340872169746,-0.36012413859274994
72,indoors,scene_00021,indoors/scene_00021/scan_00190,val/indoors/scene_00021/scan_00190/00021_00190_indoors_100_010.png,11,2,3,768,512,1024,768,64142,21969,152018.0,58888.92173419158,58779.90971075549,109.01202343609292,27831.926096996765,27777.560596409236,54.365500587523655,0.023497307840531098,0.027648847994775492,0.6320120961423924,1.6644587219808136
73,indoors,scene_00021,indoors/scene_00021/scan_00190,val/indoors/scene_00021/scan_00190/00021_00190_indoors_110_050.png,0,0,0,0,0,256,256,65055,19595,143435.0,62566.72077125609,62519.059010405326,47.66176085075669,30933.221153265564,30893.13803535634,40.08311790922322,0.009087870963846086,0.019155701530715906,0.4070123745175129,4.529594248337365
73,indoors,scene_00021,indoors/scene_00021/scan_00190,val/indoors/scene_00021/scan_00190/00021_00190_indoors_110_050.png,1,0,1,256,0,512,256,65446,14181,122170.0,49106.77508728317,49144.606594114426,-37.83150683126888,25652.663802740808,25617.787726619747,34.87607612106289,0.012209894974157528,0.025568953469474368,0.9608114389560842,1.7475473483844157
73,indoors,scene_00021,indoors/scene_00021/scan_00190,val/indoors/scene_00021/scan_00190/00021_00190_indoors_110_050.png,2,0,2,512,0,768,256,65536,1515,71596.0,19211.19431429408,19200.641431852655,10.552882441424014,17398.32195930972,17384.93732055093,13.384638758788999,0.016474241055535077,0.005627200099644552,0.8781740920176722,1.0162487451722215
73,indoors,scene_00021,indoors/scene_00021/scan_00190,val/indoors/scene_00021/scan_00190/00021_00190_indoors_110_050.png,3,0,3,768,0,1024,256,65536,656,68160.0,16474.357746172005,16463.100534653542,11.257211518462245,16107.911746024178,16096.739470836055,11.172275188119405,0.012818058217275479,0.005705425729686141,0.6763273107947848,0.7903869341017671
73,indoors,scene_00021,indoors/scene_00021/scan_00190,val/indoors/scene_00021/scan_00190/00021_00190_indoors_110_050.png,4,1,0,0,256,256,512,65496,13877,121004.0,31257.38420751341,31150.52620965975,106.85799785365656,13571.056548295477,13675.013391189917,-103.95684289443871,0.011554540540403689,0.013217526207359524,0.9291602357341417,-0.8138034643238643
73,indoors,scene_00021,indoors/scene_00021/scan_00190,val/indoors/scene_00021/scan_00190/00021_00190_indoors_110_050.png,5,1,1,256,256,512,512,65536,5332,86864.0,24590.380302598,24667.61971017321,-77.23940757521663,15918.69414308858,15935.353030619292,-16.658887530713614,0.015497316123961533,0.006399748062013173,0.6194619604380603,0.15007992308031534
73,indoors,scene_00021,indoors/scene_00021/scan_00190,val/indoors/scene_00021/scan_00190/00021_00190_indoors_110_050.png,6,1,2,512,256,768,512,65536,2623,76028.0,16501.770458267438,16490.467205557845,11.303252709590398,14113.55402233206,14092.494463405777,21.059558926281706,0.013466866408204273,0.0049783937967409035,0.40022685714874096,0.36289746145578805
73,indoors,scene_00021,indoors/scene_00021/scan_00190,val/indoors/scene_00021/scan_00190/00021_00190_indoors_110_050.png,7,1,3,768,256,1024,512,65536,2376,75040.0,8688.53190030963,8613.350138393518,75.18176191611141,7890.0641455979385,7862.648173183159,27.4159724147799,0.01104402199754763,0.003849119027034065,0.3868289266267759,1.0485676373326536
73,indoors,scene_00021,indoors/scene_00021/scan_00190,val/indoors/scene_00021/scan_00190/00021_00190_indoors_110_050.png,8,2,0,0,512,256,768,65536,8326,98840.0,110185.93355486753,110080.57071715486,105.36283771266952,74949.57719997835,74917.02549276319,32.55170721515696,0.008540371952800632,0.0037037910077452173,0.22685533127571444,0.23002813339976394
73,indoors,scene_00021,indoors/scene_00021/scan_00190,val/indoors/scene_00021/scan_00190/00021_00190_indoors_110_050.png,9,2,1,256,512,512,768,65536,386,67080.0,37664.88666817935,37651.25077046306,13.635897716287584,36319.11740133591,36304.52046346779,14.596937868118376,0.006257197543181723,0.002686146984621128,0.24083980708320263,0.46412416603043205
73,indoors,scene_00021,indoors/scene_00021/scan_00190,val/indoors/scene_00021/scan_00190/00021_00190_indoors_110_050.png,10,2,2,512,512,768,768,65536,0,65536.0,14283.482193882975,14273.790653339767,9.69154054320703,14283.482193882975,14273.790653339767,9.69154054320703,0.007250713744771524,0.002867694315669527,0.22313690558537355,0.9062187337990032
73,indoors,scene_00021,indoors/scene_00021/scan_00190,val/indoors/scene_00021/scan_00190/00021_00190_indoors_110_050.png,11,2,3,768,512,1024,768,65457,9709,104293.0,21333.377787472746,21265.265205963515,68.11258150922818,8020.328748216135,7965.353251858154,54.97549635798109,0.009180729480333214,0.005172902374977959,0.15856738385782362,1.6834785320233232
74,indoors,scene_00021,indoors/scene_00021/scan_00190,val/indoors/scene_00021/scan_00190/00021_00190_indoors_120_020.png,0,0,0,0,0,256,256,65536,20456,147360.0,634052.6567916418,631528.3749325376,2524.2818591042396,223659.88770841528,222986.58870312222,673.2990052930261,0.004161211547133563,0.0027435683880451165,0.15174327233238394,0.012082983499233091
74,indoors,scene_00021,indoors/scene_00021/scan_00190,val/indoors/scene_00021/scan_00190/00021_00190_indoors_120_020.png,1,0,1,256,0,512,256,65536,271,66620.0,43577.30358156703,43629.72219550396,-52.418613936926945,42533.308461911416,42584.459110176904,-51.15064826548558,0.006568311473190444,0.0033006997863578936,0.37573086074899315,0.10148379153697906
74,indoors,scene_00021,indoors/scene_00021/scan_00190,val/indoors/scene_00021/scan_00190/00021_00190_indoors_120_020.png,2,0,2,512,0,768,256,65536,0,65536.0,8220.985036970142,8215.553722880557,5.4313140895835,8220.985036970142,8215.553722880557,5.4313140895835,0.006496051170388614,0.0035019489675236393,0.0007096352723642891,2.0734033829832996
74,indoors,scene_00021,indoors/scene_00021/scan_00190,val/indoors/scene_00021/scan_00190/00021_00190_indoors_120_020.png,3,0,3,768,0,1024,256,65536,0,65536.0,7391.511911351297,7386.65327533466,4.858636016636344,7391.511911351297,7386.65327533466,4.858636016636344,0.007469133141987748,0.004050949985156747,0.26953592196980813,2.1444025563161464
74,indoors,scene_00021,indoors/scene_00021/scan_00190,val/indoors/scene_00021/scan_00190/00021_00190_indoors_120_020.png,4,1,0,0,256,256,512,65536,10726,108440.0,260154.80170050796,260042.31052957877,112.49117092916578,129837.17063292969,129798.67287322857,38.497759701117346,0.004586017097426203,0.00463200725893085,0.6651046439205051,0.08900546438867996
74,indoors,scene_00021,indoors/scene_00021/scan_00190,val/indoors/scene_00021/scan_00190/00021_00190_indoors_120_020.png,5,1,1,256,256,512,512,65536,66,65800.0,27965.066776657586,27973.088787235894,-8.022010578306244,27797.93961232883,27805.86128602607,-7.921673697235048,0.005514739155399564,0.0033748630448845896,0.45842428026533577,0.7613747164626663
74,indoors,scene_00021,indoors/scene_00021/scan_00190,val/indoors/scene_00021/scan_00190/00021_00190_indoors_120_020.png,6,1,2,512,256,768,512,65536,0,65536.0,4484.854988015473,4484.949994136508,-0.09500612103466377,4484.854988015473,4484.949994136508,-0.09500612103466377,0.005272702324644157,0.00366568231966713,0.3224407157860429,1.4748471991419883
74,indoors,scene_00021,indoors/scene_00021/scan_00190,val/indoors/scene_00021/scan_00190/00021_00190_indoors_120_020.png,7,1,3,768,256,1024,512,65536,210,66376.0,11011.800907503824,11012.806823314402,-1.0059158105796968,10915.67654641806,10916.482794120717,-0.8062477026567705,0.007401942786489668,0.003957090640714883,0.27376161386587006,2.3149973567921456
74,indoors,scene_00021,indoors/scene_00021/scan_00190,val/indoors/scene_00021/scan_00190/00021_00190_indoors_120_020.png,8,2,0,0,512,256,768,65103,16195,129883.0,44431.12929976826,44557.95097115307,-126.8216713848,23109.673007055666,23312.246143994053,-202.57313693838802,0.018425033204865833,0.02514581777415715,0.684297512141388,0.48443113494900225
74,indoors,scene_00021,indoors/scene_00021/scan_00190,val/indoors/scene_00021/scan_00190/00021_00190_indoors_120_020.png,9,2,1,256,512,512,768,64940,27668,175612.0,42725.08928185033,43393.07861917018,-667.9893373198537,18111.663443712758,18303.897463020723,-192.23401930796575,0.011231914731840667,0.016410053107422697,0.6413739441973314,0.9600172794136811
74,indoors,scene_00021,indoors/scene_00021/scan_00190,val/indoors/scene_00021/scan_00190/00021_00190_indoors_120_020.png,10,2,2,512,512,768,768,65536,2727,76444.0,5115.105863778259,5206.309221283871,-91.20335750561178,4511.219178147766,4611.023508609909,-99.80433046214303,0.006927417099653111,0.0046066695442408545,0.8383275088163097,1.4885825914570956
74,indoors,scene_00021,indoors/scene_00021/scan_00190,val/indoors/scene_00021/scan_00190/00021_00190_indoors_120_020.png,11,2,3,768,512,1024,768,65536,223,66428.0,13787.799920213378,13785.924728820322,1.8751913930549073,13668.155625627494,13666.281820309352,1.8738053181428262,0.007115012222407459,0.00391969290845316,0.23290865171555217,2.65471186430995
75,indoors,scene_00021,indoors/scene_00021/scan_00190,val/indoors/scene_00021/scan_00190/00021_00190_indoors_130_030.png,0,0,0,0,0,256,256,65480,34672,204168.0,55781.28157141431,55489.66826883468,291.61330257962965,22908.85377721405,22817.822908767954,91.03086844609516,0.009867368595775779,0.017169562355121726,0.8250925951348712,0.4822099984115126
75,indoors,scene_00021,indoors/scene_00021/scan_00190,val/indoors/scene_00021/scan_00190/00021_00190_indoors_130_030.png,1,0,1,256,0,512,256,65536,32635,196076.0,56966.41274669044,56947.266938944565,19.145807745887254,17826.440866316705,17867.980314347944,-41.53944803123753,0.010224249659094459,0.009466152991744949,0.47016262014765775,0.5551487790324108
75,indoors,scene_00021,indoors/scene_00021/scan_00190,val/indoors/scene_00021/scan_00190/00021_00190_indoors_130_030.png,2,0,2,512,0,768,256,65536,7374,95032.0,7361.226047333996,7273.8117777190655,87.41426961492962,4934.214783051564,4884.0398006822,50.174982369364315,0.010687939882050138,0.005801714899744778,0.5727575072404595,0.8082273721242901
75,indoors,scene_00021,indoors/scene_00021/scan_00190,val/indoors/scene_00021/scan_00190/00021_00190_indoors_130_030.png,3,0,3,768,0,1024,256,65536,104,65952.0,7541.151340020038,7473.10028483233,68.05105518770898,7538.000679897065,7469.990843159023,68.00983673804203,0.006462042972077861,0.005004686760606998,1.2828962727188509,0.14327429243146406
75,indoors,scene_00021,indoors/scene_00021/scan_00190,val/indoors/scene_00021/scan_00190/00021_00190_indoors_130_030.png,4,1,0,0,256,256,512,65536,182,66264.0,62557.81154345472,62734.64222055219,-176.83067709747644,61174.16632786513,61343.45876965374,-169.29244178861,0.0044010164007023695,0.003843520444809171,0.4242770489729921,0.23643656227181004
75,indoors,scene_00021,indoors/scene_00021/scan_00190,val/indoors/scene_00021/scan_00190/00021_00190_indoors_130_030.png,5,1,1,256,256,512,512,65536,248,66528.0,38717.698853570044,38730.42613262118,-12.727279051135012,37172.50179120069,37186.52946397157,-14.027672770886298,0.0044157089946038845,0.005506459566621909,0.39058132543038854,0.3100764697335554
75,indoors,scene_00021,indoors/scene_00021/scan_00190,val/indoors/scene_00021/scan_00190/00021_00190_indoors_130_030.png,6,1,2,512,256,768,512,65536,0,65536.0,4573.884858190814,4583.868028714895,-9.98317052408177,4573.884858190814,4583.868028714895,-9.98317052408177,0.006755680856276097,0.004936474682520701,0.6041242784586108,0.9994338915881598
75,indoors,scene_00021,indoors/scene_00021/scan_00190,val/indoors/scene_00021/scan_00190/00021_00190_indoors_130_030.png,7,1,3,768,256,1024,512,65536,0,65536.0,12489.921424400587,12456.189667762352,33.73175663823409,12489.921424400587,12456.189667762352,33.73175663823409,0.006433861057874751,0.005309264949400854,0.6832772631166815,1.8924592954094266
75,indoors,scene_00021,indoors/scene_00021/scan_00190,val/indoors/scene_00021/scan_00190/00021_00190_indoors_130_030.png,8,2,0,0,512,256,768,65360,2237,74308.0,30807.551001802953,30109.405664621918,698.1453371810289,27913.524904832557,27526.893644236246,386.63126059631213,0.006683208012221579,0.013180219171785844,0.5361703309310858,0.8164714653027466
75,indoors,scene_00021,indoors/scene_00021/scan_00190,val/indoors/scene_00021/scan_00190/00021_00190_indoors_130_030.png,9,2,1,256,512,512,768,65530,1169,70206.0,13495.020955532198,13586.660452588832,-91.63949705663376,12192.596140705276,12266.214402124982,-73.61826141970496,0.005493244494071867,0.010680213195306897,0.838531577130673,0.553532845455074
75,indoors,scene_00021,indoors/scene_00021/scan_00190,val/indoors/scene_00021/scan_00190/00021_00190_indoors_130_030.png,10,2,2,512,512,768,768,65536,0,65536.0,8838.989874082457,8837.798811321565,1.1910627608924191,8838.989874082457,8837.798811321565,1.1910627608924191,0.0054754515205008274,0.00499252786027784,0.506695585174628,1.6946260779775986
75,indoors,scene_00021,indoors/scene_00021/scan_00190,val/indoors/scene_00021/scan_00190/00021_00190_indoors_130_030.png,11,2,3,768,512,1024,768,65536,0,65536.0,16457.95625537625,16454.928634849068,3.0276205271797596,16457.95625537625,16454.928634849068,3.0276205271797596,0.005317045154314973,0.0051961066445216295,0.5296517108909754,2.8261165026049224
76,indoors,scene_00021,indoors/scene_00021/scan_00190,val/indoors/scene_00021/scan_00190/00021_00190_indoors_150_030.png,0,0,0,0,0,256,256,65484,6193,90256.0,22753.76131713487,22463.93359913069,289.82771800418146,13586.212563652436,13402.992079228876,183.2204844235612,0.017593901711991284,0.008365956293907894,0.4502447324189137,1.1134860090987007
76,indoors,scene_00021,indoors/scene_00021/scan_00190,val/indoors/scene_00021/scan_00190/00021_00190_indoors_150_030.png,1,0,1,256,0,512,256,65516,12964,117372.0,24782.745414670873,25156.79155549434,-374.0461408234687,16362.943031439505,16410.505029203512,-47.561997764008574,0.008985644758536564,0.017483346231743534,0.5824619856581554,0.9648206336008056
76,indoors,scene_00021,indoors/scene_00021/scan_00190,val/indoors/scene_00021/scan_00190/00021_00190_indoors_150_030.png,2,0,2,512,0,768,256,65453,33918,201125.0,51417.492880272766,51913.459496309435,-495.96661603667997,16786.06850096309,16960.95089278922,-174.88239182612955,0.010562093494702026,0.018476515306871742,0.6092450298690149,0.6359500257643224
76,indoors,scene_00021,indoors/scene_00021/scan_00190,val/indoors/scene_00021/scan_00190/00021_00190_indoors_150_030.png,3,0,3,768,0,1024,256,65536,6657,92164.0,12199.824717996245,12103.905948029584,95.91876996666463,8344.102331755841,8299.614663159493,44.4876685963482,0.010264385009139768,0.007898474803135132,0.20299402410278972,1.8350403853393455
76,indoors,scene_00021,indoors/scene_00021/scan_00190,val/indoors/scene_00021/scan_00190/00021_00190_indoors_150_030.png,4,1,0,0,256,256,512,65511,5439,87267.0,21333.89760417547,21097.22042759019,236.67717658527755,8899.03569045242,8845.94976343623,53.08592701618834,0.023914705348195342,0.003390761066402297,0.33390175189123283,0.8244568358461757
76,indoors,scene_00021,indoors/scene_00021/scan_00190,val/indoors/scene_00021/scan_00190/00021_00190_indoors_150_030.png,5,1,1,256,256,512,512,65536,287,66684.0,22779.70852005831,22816.11261536108,-36.40409530276682,22480.31627924055,22516.827422631308,-36.511143390753276,0.004426610169210548,0.0031039797000561023,0.3309596163430446,0.780571618113559
76,indoors,scene_00021,indoors/scene_00021/scan_00190,val/indoors/scene_00021/scan_00190/00021_00190_indoors_150_030.png,6,1,2,512,256,768,512,65536,3320,78816.0,67356.7426195271,67343.90889071155,12.833728815538745,53288.55037319881,53282.39086077585,6.159512422956734,0.00426254260449715,0.00443438805732431,0.35091541378421676,0.423028402780256
76,indoors,scene_00021,indoors/scene_00021/scan_00190,val/indoors/scene_00021/scan_00190/00021_00190_indoors_150_030.png,7,1,3,768,256,1024,512,65536,27,65644.0,9994.214942260453,10010.717259065003,-16.50231680455117,9956.611976150669,9973.0852963383,-16.473320187631423,0.005031432974193108,0.007804528476608022,0.6346433456625679,0.5130752100175607
76,indoors,scene_00021,indoors/scene_00021/scan_00190,val/indoors/scene_00021/scan_00190/00021_00190_indoors_150_030.png,8,2,0,0,512,256,768,65527,5724,88423.0,18277.588878530347,18090.938231612825,186.65064691752335,10866.080275327287,10775.449833158327,90.63044216896111,0.01764727338150641,0.003054345171295283,0.8550250437176926,0.23513028037000727
76,indoors,scene_00021,indoors/scene_00021/scan_00190,val/indoors/scene_00021/scan_00190/00021_00190_indoors_150_030.png,9,2,1,256,512,512,768,65536,0,65536.0,5578.223915096087,5560.271892206971,17.952022889116332,5578.223915096087,5560.271892206971,17.952022889116332,0.0043466995626410985,0.003238621144001143,0.478573691790629,0.40091575214966413
76,indoors,scene_00021,indoors/scene_00021/scan_00190,val/indoors/scene_00021/scan_00190/00021_00190_indoors_150_030.png,10,2,2,512,512,768,768,65470,2801,76674.0,20758.837874084238,20353.29232918833,405.5455448959058,16868.135409011124,16613.831589436304,254.30381957482314,0.006459055319799786,0.013236230250106118,0.4667786268972429,0.8992368214209292
76,indoors,scene_00021,indoors/scene_00021/scan_00190,val/indoors/scene_00021/scan_00190/00021_00190_indoors_150_030.png,11,2,3,768,512,1024,768,65521,1287,70669.0,15167.090911458865,15089.914192916433,77.17671854242941,13358.872968163145,13256.04258998548,102.8303781776634,0.005857285204235561,0.013536759972260733,1.3500152798151415,0.6804394580160859
77,indoors,scene_00021,indoors/scene_00021/scan_00190,val/indoors/scene_00021/scan_00190/00021_00190_indoors_150_050.png,0,0,0,0,0,256,256,65536,913,69188.0,10156.679804826997,10146.991737987395,9.688066839601099,9792.475099895573,9783.058633537374,9.416466358199271,0.012427333161303965,0.005623685899265,0.2962516542812284,3.196581842967739
77,indoors,scene_00021,indoors/scene_00021/scan_00190,val/indoors/scene_00021/scan_00190/00021_00190_indoors_150_050.png,1,0,1,256,0,512,256,65536,449,67332.0,8859.359187057036,8841.835756465089,17.523430591948003,8657.13615189516,8640.679572372952,16.45657952220923,0.005323732763347702,0.005534435931817215,1.1613469237293206,0.3422520275980092
77,indoors,scene_00021,indoors/scene_00021/scan_00190,val/indoors/scene_00021/scan_00190/00021_00190_indoors_150_050.png,2,0,2,512,0,768,256,65502,2726,76406.0,14024.991827796635,14019.872629867814,5.119197928821848,10929.10198393583,11045.416383866956,-116.31439993112605,0.004414271013070709,0.017306496746387085,0.20427683427264484,3.794741997722323
77,indoors,scene_00021,indoors/scene_00021/scan_00190,val/indoors/scene_00021/scan_00190/00021_00190_indoors_150_050.png,3,0,3,768,0,1024,256,65162,15406,126786.0,33444.18257863763,34569.11269850179,-1124.9301198641735,14638.712603631726,14980.537638153623,-341.82503452189724,0.01048472070026428,0.03030251206601173,1.037724021963954,2.840601749950767
77,indoors,scene_00021,indoors/scene_00021/scan_00190,val/indoors/scene_00021/scan_00190/00021_00190_indoors_150_050.png,4,1,0,0,256,256,512,65536,1094,69912.0,8157.670529420664,8138.329594171096,19.340935249566858,7299.018979764116,7284.5322023632725,14.48677740084447,0.010192433932895572,0.006148010158388145,0.6249297278633543,0.4361472195604574
77,indoors,scene_00021,indoors/scene_00021/scan_00190,val/indoors/scene_00021/scan_00190/00021_00190_indoors_150_050.png,5,1,1,256,256,512,512,65533,3853,80945.0,8761.24675786672,8769.03123464776,-7.784476781038599,6157.429968674464,6165.257527093439,-7.827558418975423,0.01114485281828574,0.008672010129575861,0.6627932522005765,0.9579475174811877
77,indoors,scene_00021,indoors/scene_00021/scan_00190,val/indoors/scene_00021/scan_00190/00021_00190_indoors_150_050.png,6,1,2,512,256,768,512,64909,21292,150077.0,50037.265100598015,50234.5607410322,-197.29564043417923,15413.981108217715,15453.12824873778,-39.14714052006501,0.010304917565527894,0.032197634728186944,0.8053818845678369,1.102485027444583
77,indoors,scene_00021,indoors/scene_00021/scan_00190,val/indoors/scene_00021/scan_00190/00021_00190_indoors_150_050.png,7,1,3,768,256,1024,512,65513,6008,89545.0,13261.112876113099,12775.310407650366,485.8024684627324,8100.29481761248,8019.940304568056,80.35451304442442,0.011175673684099155,0.013279804506266112,0.7742385115875878,1.1364065737748557
77,indoors,scene_00021,indoors/scene_00021/scan_00190,val/indoors/scene_00021/scan_00190/00021_00190_indoors_150_050.png,8,2,0,0,512,256,768,65480,5142,86048.0,110424.73120726345,109278.94491606066,1145.7862912027847,70778.45934835185,70366.31929897639,412.14004937546076,0.020170938619197627,0.005800777761904963,0.28114374234858,0.5567771977460818
77,indoors,scene_00021,indoors/scene_00021/scan_00190,val/indoors/scene_00021/scan_00190/00021_00190_indoors_150_050.png,9,2,1,256,512,512,768,65519,6036,89663.0,88736.56699770826,86850.84797554568,1885.7190221625983,69929.43989525334,69155.95941207763,773.4804831757017,0.007570428766887992,0.015096734286907366,0.478238256679744,0.5622744444442044
77,indoors,scene_00021,indoors/scene_00021/scan_00190,val/indoors/scene_00021/scan_00190/00021_00190_indoors_150_050.png,10,2,2,512,512,768,768,65497,13437,119245.0,90753.25233420829,89504.85079290098,1248.4015413073157,64588.06295426599,63587.533221833626,1000.5297324323676,0.00951934101667882,0.013819037919781917,0.48158805416241435,0.4070379187922734
77,indoors,scene_00021,indoors/scene_00021/scan_00190,val/indoors/scene_00021/scan_00190/00021_00190_indoors_150_050.png,11,2,3,768,512,1024,768,65536,2170,74216.0,44066.86223004796,43979.456680571435,87.40554947652285,38478.56135016497,38421.79861730346,56.762732861517044,0.009067318739756686,0.005264764221391334,0.3070172271492755,0.7213383773389327
78,indoors,scene_00021,indoors/scene_00021/scan_00190,val/indoors/scene_00021/scan_00190/00021_00190_indoors_190_000.png,0,0,0,0,0,256,256,65536,0,65536.0,26663.646149282453,26583.642798005523,80.00335127692608,26663.646149282453,26583.642798005523,80.00335127692608,0.004696613328257942,0.0034872960867230324,0.017730468304282487,1.3592596317396186
78,indoors,scene_00021,indoors/scene_00021/scan_00190,val/indoors/scene_00021/scan_00190/00021_00190_indoors_190_000.png,1,0,1,256,0,512,256,65536,679,68252.0,11866.475032723021,11897.095975408332,-30.620942685310457,11223.415914847075,11254.060852176102,-30.644937329025407,0.005636222283630375,0.0027489824719964993,0.1849997406609612,1.3543077479442238
78,indoors,scene_00021,indoors/scene_00021/scan_00190,val/indoors/scene_00021/scan_00190/00021_00190_indoors_190_000.png,2,0,2,512,0,768,256,65536,2498,75528.0,9308.032792922473,9489.11178946367,-181.07899654119575,6224.897744573966,6369.172299595052,-144.27455502108694,0.012730399162645218,0.0025710613610299615,0.888796138568991,0.17079266912727675
78,indoors,scene_00021,indoors/scene_00021/scan_00190,val/indoors/scene_00021/scan_00190/00021_00190_indoors_190_000.png,3,0,3,768,0,1024,256,65326,2101,73730.0,7188.91252640634,7179.640858511893,9.271667894445866,5390.589626548219,5380.127785117298,10.461841430920414,0.012436794644178215,0.0024026657427619093,0.7244546922182005,0.46091594800930913
78,indoors,scene_00021,indoors/scene_00021/scan_00190,val/indoors/scene_00021/scan_00190/00021_00190_indoors_190_000.png,4,1,0,0,256,256,512,48638,11083,92970.0,43534.258099235754,43201.6894803413,332.5686188944499,28468.292617975974,27907.495918169356,560.7966998066145,0.010513337564523221,0.021579779162794327,0.49671611109236913,0.5977103176368219
78,indoors,scene_00021,indoors/scene_00021/scan_00190,val/indoors/scene_00021/scan_00190/00021_00190_indoors_190_000.png,5,1,1,256,256,512,512,63903,23796,159087.0,48514.43744636224,48719.66357555581,-205.22612919356487,21301.61842228181,21263.885153672294,37.73326860951192,0.013147317891572505,0.021635094148462892,0.6222459469206495,0.7764855272292159
78,indoors,scene_00021,indoors/scene_00021/scan_00190,val/indoors/scene_00021/scan_00190/00021_00190_indoors_190_000.png,6,1,2,512,256,768,512,65389,12733,116321.0,30069.305691593265,30107.480442822794,-38.174751229529136,13162.4383007808,13199.308557114786,-36.87025633398552,0.012236230368888797,0.01332492081169105,0.5794904055939187,0.985289026006069
78,indoors,scene_00021,indoors/scene_00021/scan_00190,val/indoors/scene_00021/scan_00190/00021_00190_indoors_190_000.png,7,1,3,768,256,1024,512,65515,2106,73939.0,3906.765052131051,3927.2652531938465,-20.500201062795398,3018.1396311763574,3016.9535759161463,1.1860552602105963,0.009787657390842384,0.003412102580802838,0.31331432646801877,1.642709306133919
78,indoors,scene_00021,indoors/scene_00021/scan_00190,val/indoors/scene_00021/scan_00190/00021_00190_indoors_190_000.png,8,2,0,0,512,256,768,65438,4833,84770.0,21605.25519735055,21425.9058709151,179.34932643545136,17004.55235700615,16861.631189903193,142.92116710296017,0.011259678398517249,0.019370341760499368,0.7030826518377794,0.4612321696816188
78,indoors,scene_00021,indoors/scene_00021/scan_00190,val/indoors/scene_00021/scan_00190/00021_00190_indoors_190_000.png,9,2,1,256,512,512,768,65512,6323,90804.0,34905.441872056115,33732.70476138673,1172.7371106693852,29519.421314473184,28881.193835709615,638.2274787635694,0.020941596171874334,0.02616546608684911,0.7596340451162815,1.124041507148256
78,indoors,scene_00021,indoors/scene_00021/scan_00190,val/indoors/scene_00021/scan_00190/00021_00190_indoors_190_000.png,10,2,2,512,512,768,768,65477,9129,101993.0,27681.289820220736,27268.14248281555,413.14733740518136,18419.026892259044,18297.787385201234,121.23950705780773,0.014625660587742367,0.03836361941001879,0.6509920832918253,1.5227679769223967
78,indoors,scene_00021,indoors/scene_00021/scan_00190,val/indoors/scene_00021/scan_00190/00021_00190_indoors_190_000.png,11,2,3,768,512,1024,768,65536,1452,71344.0,21502.297794876613,21406.065335655534,96.23245922107719,19926.179850803055,20012.34216503047,-86.16231422741765,0.011738593511536553,0.018146442283271134,0.5750721870331702,1.370780678598554
79,indoors,scene_00021,indoors/scene_00021/scan_00190,val/indoors/scene_00021/scan_00190/00021_00190_indoors_270_010.png,0,0,0,0,0,256,256,65226,33020,197306.0,744456.0985235762,755585.3012316294,-11129.202708053279,264233.4698029625,262710.92149426125,1522.548308701238,0.016540161311600195,0.030653023676480172,0.8625166999741655,-0.019364262955836677
79,indoors,scene_00021,indoors/scene_00021/scan_00190,val/indoors/scene_00021/scan_00190/00021_00190_indoors_270_010.png,1,0,1,256,0,512,256,65485,1642,72053.0,2897.6629352250347,2877.7519613716145,19.91097385341964,2133.790513466548,2131.277094705585,2.5134187609626557,0.01082234348661935,0.0027063077558087353,0.14645445138718505,3.5587047505028826
79,indoors,scene_00021,indoors/scene_00021/scan_00190,val/indoors/scene_00021/scan_00190/00021_00190_indoors_270_010.png,2,0,2,512,0,768,256,65439,1138,69991.0,1193.6360288397893,1318.7837184768816,-125.14768963709216,732.2135143110119,803.6058181664662,-71.39230385545432,0.013288247152486676,0.002874931108632304,1.2569241019108948,0.9465972826945452
79,indoors,scene_00021,indoors/scene_00021/scan_00190,val/indoors/scene_00021/scan_00190/00021_00190_indoors_270_010.png,3,0,3,768,0,1024,256,65520,1447,71308.0,1866.0292308845005,2167.641092176379,-301.61186129187854,998.2298880451375,1123.098230756871,-124.8683427117334,0.0095871411183415,0.003636057146128977,0.056036429717919126,4.100627980097204
79,indoors,scene_00021,indoors/scene_00021/scan_00190,val/indoors/scene_00021/scan_00190/00021_00190_indoors_270_010.png,4,1,0,0,256,256,512,65499,16403,131111.0,823805.503837831,620174.8859237478,203630.61791408327,323379.44401135045,254571.4330446211,68808.01096672936,0.01000815111791516,0.022460314807585664,0.6076644722202043,0.18807821934362806
79,indoors,scene_00021,indoors/scene_00021/scan_00190,val/indoors/scene_00021/scan_00190/00021_00190_indoors_270_010.png,5,1,1,256,256,512,512,65536,0,65536.0,868.5788040953546,862.4794007530096,6.099403342344997,868.5788040953546,862.4794007530096,6.099403342344997,0.016381257237178728,0.000971038141620641,0.42174634518537096,2.832110401207987
79,indoors,scene_00021,indoors/scene_00021/scan_00190,val/indoors/scene_00021/scan_00190/00021_00190_indoors_270_010.png,6,1,2,512,256,768,512,63078,3653,77690.0,7243.2677167974625,7231.6299935662355,11.637723231227543,1685.79614323112,1683.571819101066,2.2243241300539633,0.018861084466987567,0.0008758191718017678,1.0626336020231022,-0.10736612210196839
79,indoors,scene_00021,indoors/scene_00021/scan_00190,val/indoors/scene_00021/scan_00190/00021_00190_indoors_270_010.png,7,1,3,768,256,1024,512,63360,3015,75420.0,4328.0258838820755,4452.604631247974,-124.57874736589795,1271.674666249038,1310.5127416228306,-38.83807537379248,0.008544444572405262,0.0030951353971501163,0.17600363256226026,3.870802948922643
79,indoors,scene_00021,indoors/scene_00021/scan_00190,val/indoors/scene_00021/scan_00190/00021_00190_indoors_270_010.png,8,2,0,0,512,256,768,65536,15501,127540.0,23286.409849096162,20273.61659528232,3012.7932538138407,11933.43306695548,11136.331422769374,797.1016441861059,0.008592189383648042,0.01777117059602917,0.5272392329651705,1.1365904817688275
79,indoors,scene_00021,indoors/scene_00021/scan_00190,val/indoors/scene_00021/scan_00190/00021_00190_indoors_270_010.png,9,2,1,256,512,512,768,65536,719,68412.0,1283.2614164822014,1282.3781193191976,0.883297163004099,664.7259740281463,664.0902914592858,0.6356825688605519,0.015311994360554321,0.0014095049031076408,0.2501403873475893,3.3434946298537493
79,indoors,scene_00021,indoors/scene_00021/scan_00190,val/indoors/scene_00021/scan_00190/00021_00190_indoors_270_010.png,10,2,2,512,512,768,768,65536,0,65536.0,346.97922838823416,343.83853961384267,3.140688774391472,346.97922838823416,343.83853961384267,3.140688774391472,0.019274076366343415,0.0009998462653668405,1.4866587140563112,0.017833812538316174
79,indoors,scene_00021,indoors/scene_00021/scan_00190,val/indoors/scene_00021/scan_00190/00021_00190_indoors_270_010.png,11,2,3,768,512,1024,768,65536,1590,71896.0,2042.735470785994,1986.00301879113,56.73245199486415,968.0825734170701,942.7987137480386,25.28385966903143,0.008868053015161042,0.003121254998741568,0.09630440918495005,4.0969181433728314
80,indoors,scene_00021,indoors/scene_00021/scan_00191,val/indoors/scene_00021/scan_00191/00021_00191_indoors_020_040.png,0,0,0,0,0,256,256,65536,2121,74020.0,2843.483135676637,2799.8920287108513,43.5911069657859,2524.5448050900495,2480.325985822837,44.218819267212595,0.006841272775974893,0.005973216973595324,0.21635580167168836,3.0378723140552664
80,indoors,scene_00021,indoors/scene_00021/scan_00191,val/indoors/scene_00021/scan_00191/00021_00191_indoors_020_040.png,1,0,1,256,0,512,256,65536,6630,92056.0,11012.683792461085,11061.798929128054,-49.11513666696766,8472.290916236327,8458.526632867455,13.764283368872086,0.009593214703206005,0.00926151713086863,0.5073162141368641,1.6137015388168796
80,indoors,scene_00021,indoors/scene_00021/scan_00191,val/indoors/scene_00021/scan_00191/00021_00191_indoors_020_040.png,2,0,2,512,0,768,256,65536,11053,109748.0,20256.674097724946,20150.25962887297,106.41446885197544,11173.154103336334,11115.352689574167,57.801413762165666,0.00938902059683914,0.011120419216265243,0.8483503284590127,0.6222825096405192
80,indoors,scene_00021,indoors/scene_00021/scan_00191,val/indoors/scene_00021/scan_00191/00021_00191_indoors_020_040.png,3,0,3,768,0,1024,256,65536,7184,94272.0,11405.143508342604,11389.36043966655,15.783068676054018,9212.453409871596,9200.9762914553,11.477118416296246,0.006479476574279677,0.009806210678537639,0.8761327656698488,0.6620934868888394
80,indoors,scene_00021,indoors/scene_00021/scan_00191,val/indoors/scene_00021/scan_00191/00021_00191_indoors_020_040.png,4,1,0,0,256,256,512,65536,0,65536.0,6525.255693694136,6488.625515691574,36.63017800256231,6525.255693694136,6488.625515691574,36.63017800256231,0.005469086260219091,0.005762756590028215,1.2655386485656002,1.9811865397122281
80,indoors,scene_00021,indoors/scene_00021/scan_00191,val/indoors/scene_00021/scan_00191/00021_00191_indoors_020_040.png,5,1,1,256,256,512,512,65536,0,65536.0,5721.553772557534,5722.904690781256,-1.3509182237222885,5721.553772557534,5722.904690781256,-1.3509182237222885,0.004980015087445038,0.005769043180776784,0.7187773318584819,1.2712988092612214
80,indoors,scene_00021,indoors/scene_00021/scan_00191,val/indoors/scene_00021/scan_00191/00021_00191_indoors_020_040.png,6,1,2,512,256,768,512,65536,5461,87380.0,40859.423161846804,40922.48553385523,-63.06237200842342,29250.521055344354,29259.603557122216,-9.082501777864199,0.008053405991745928,0.006233676755857603,0.4606158113297042,0.7171124117906507
80,indoors,scene_00021,indoors/scene_00021/scan_00191,val/indoors/scene_00021/scan_00191/00021_00191_indoors_020_040.png,7,1,3,768,256,1024,512,65536,34792,204704.0,215333.8210780201,215399.05258703424,-65.2315090141246,69675.98292381575,69895.59589068471,-219.61296686894622,0.011390499745137249,0.008358989636610694,0.6256765185350975,-0.08608225945973506
80,indoors,scene_00021,indoors/scene_00021/scan_00191,val/indoors/scene_00021/scan_00191/00021_00191_indoors_020_040.png,8,2,0,0,512,256,768,65521,6477,91429.0,18897.04779801136,19141.204083377404,-244.15628536604277,13430.533134739428,13463.398279489717,-32.86514475028778,0.024757681180787475,0.00818434269672149,0.38936653168715313,4.2297418112261695
80,indoors,scene_00021,indoors/scene_00021/scan_00191,val/indoors/scene_00021/scan_00191/00021_00191_indoors_020_040.png,9,2,1,256,512,512,768,65535,2176,74239.0,8266.764879515096,8229.767661253518,36.99721826157811,6493.8122248583495,6479.423921690819,14.388303167530164,0.00893100648113411,0.007305400344402667,0.24327804382187482,3.5409602557653574
80,indoors,scene_00021,indoors/scene_00021/scan_00191,val/indoors/scene_00021/scan_00191/00021_00191_indoors_020_040.png,10,2,2,512,512,768,768,65536,0,65536.0,7970.473321051154,7955.737319733709,14.736001317444419,7970.473321051154,7955.737319733709,14.736001317444419,0.005567144033990219,0.006077645797904014,0.6768110503803608,0.3278598678466826
80,indoors,scene_00021,indoors/scene_00021/scan_00191,val/indoors/scene_00021/scan_00191/00021_00191_indoors_020_040.png,11,2,3,768,512,1024,768,65536,2749,76532.0,72868.53920381813,73037.03074040843,-168.49153659028326,52178.594802908076,52306.99568204224,-128.4008791341545,0.00800095051972245,0.007493017522297461,0.4470329561808664,0.33745798693706563
81,indoors,scene_00021,indoors/scene_00021/scan_00191,val/indoors/scene_00021/scan_00191/00021_00191_indoors_060_050.png,0,0,0,0,0,256,256,65536,29139,182092.0,45788.68844693889,45781.178124527505,7.510322411390092,19439.066529255157,19451.982332160333,-12.915802905176,0.006916583292756554,0.018728944797072117,0.7427102881424648,0.6995504802542691
81,indoors,scene_00021,indoors/scene_00021/scan_00191,val/indoors/scene_00021/scan_00191/00021_00191_indoors_060_050.png,1,0,1,256,0,512,256,65536,383,67068.0,28028.27296543189,27972.493056483603,55.77990894828994,27959.919408619007,27899.486347518345,60.433061100663856,0.007343996456408742,0.008120617564789911,0.7867925656580281,-0.6123403835086455
81,indoors,scene_00021,indoors/scene_00021/scan_00191,val/indoors/scene_00021/scan_00191/00021_00191_indoors_060_050.png,2,0,2,512,0,768,256,65536,634,68072.0,26532.218030633918,26550.569060124144,-18.351029490226622,26524.237781404696,26526.872644826217,-2.6348634215234625,0.0062871512266499925,0.008036332157609958,1.3215565604676816,-2.077639448865125
81,indoors,scene_00021,indoors/scene_00021/scan_00191,val/indoors/scene_00021/scan_00191/00021_00191_indoors_060_050.png,3,0,3,768,0,1024,256,65536,2685,76276.0,36704.230043629395,36882.81883298961,-178.58878936020756,26773.494930872548,26840.773235805,-67.27830493244727,0.007843759348019804,0.00809494251684105,0.724274117232231,0.30058825552457696
81,indoors,scene_00021,indoors/scene_00021/scan_00191,val/indoors/scene_00021/scan_00191/00021_00191_indoors_060_050.png,4,1,0,0,256,256,512,65536,30639,188092.0,55662.07186817638,55554.49517073862,107.57669743775475,23097.575063915494,23045.901598647124,51.67346526837066,0.005099483213509349,0.019755584652721866,0.6769975455344359,0.9891170083702494
81,indoors,scene_00021,indoors/scene_00021/scan_00191,val/indoors/scene_00021/scan_00191/00021_00191_indoors_060_050.png,5,1,1,256,256,512,512,65536,703,68348.0,43302.9072103817,43292.74263226784,10.164578113870004,38425.47848669837,38406.559294183186,18.919192515172572,0.005645518142052899,0.008373298246816615,0.4374587383107628,0.41877530622235587
81,indoors,scene_00021,indoors/scene_00021/scan_00191,val/indoors/scene_00021/scan_00191/00021_00191_indoors_060_050.png,6,1,2,512,256,768,512,65536,683,68268.0,45726.37636681709,46448.40864713282,-722.032280315728,41000.782534938364,42102.271360480394,-1101.4888255420196,0.005658800834853687,0.008177934995041571,0.5375781666707584,0.4869377308718037
81,indoors,scene_00021,indoors/scene_00021/scan_00191,val/indoors/scene_00021/scan_00191/00021_00191_indoors_060_050.png,7,1,3,768,256,1024,512,65536,706,68360.0,45937.385008473924,45624.96975059433,312.41525787959665,41117.334270070205,40759.0660747153,358.2681953548997,0.0062020087327291145,0.007963462435543613,0.389630511160279,0.1160099793438136
81,indoors,scene_00021,indoors/scene_00021/scan_00191,val/indoors/scene_00021/scan_00191/00021_00191_indoors_060_050.png,8,2,0,0,512,256,768,65536,12993,117508.0,41861.75046743219,41846.942697435654,14.807769996537967,22199.478260106014,22183.28431992782,16.193940178192477,0.0053282574387570145,0.015439670608555306,1.14956861242171,1.3856752039561997
81,indoors,scene_00021,indoors/scene_00021/scan_00191,val/indoors/scene_00021/scan_00191/00021_00191_indoors_060_050.png,9,2,1,256,512,512,768,65536,0,65536.0,19295.47666059401,19282.650464158392,12.826196435615039,19295.47666059401,19282.650464158392,12.826196435615039,0.005827373212754009,0.008786191521477426,0.6418086132944429,2.0633138501376886
81,indoors,scene_00021,indoors/scene_00021/scan_00191,val/indoors/scene_00021/scan_00191/00021_00191_indoors_060_050.png,10,2,2,512,512,768,768,65536,0,65536.0,17776.379639928087,17773.90920455807,2.4704353700186887,17776.379639928087,17773.90920455807,2.4704353700186887,0.007718941971566364,0.008580129281626866,1.3236163865959378,0.668995891760718
81,indoors,scene_00021,indoors/scene_00021/scan_00191,val/indoors/scene_00021/scan_00191/00021_00191_indoors_060_050.png,11,2,3,768,512,1024,768,65536,79,65852.0,17660.321309289033,17640.670204701815,19.65110458721907,17527.159496836328,17507.619957813666,19.539539022662023,0.00606055305134493,0.008852072415102882,0.9939889902101919,1.3472093960511315
82,indoors,scene_00021,indoors/scene_00021/scan_00191,val/indoors/scene_00021/scan_00191/00021_00191_indoors_220_000.png,0,0,0,0,0,256,256,65531,902,69139.0,17280.989145230233,17272.323872367186,8.665272863042148,15117.864789386116,14870.927356605916,246.93743278020008,0.01422543055702126,0.01204269090953562,0.6052630133691548,0.5392529546926312
82,indoors,scene_00021,indoors/scene_00021/scan_00191,val/indoors/scene_00021/scan_00191/00021_00191_indoors_220_000.png,1,0,1,256,0,512,256,65518,21456,151342.0,182618.79297378636,181926.99847308546,691.794500700869,84345.16385447595,84304.34252216769,40.82133230826045,0.00485066624829363,0.008469315393442409,0.5337827681095755,0.5712091502796132
82,indoors,scene_00021,indoors/scene_00021/scan_00191,val/indoors/scene_00021/scan_00191/00021_00191_indoors_220_000.png,2,0,2,512,0,768,256,65536,1309,70772.0,12745.593772641038,15162.95491489955,-2417.361142258512,11039.402156962024,12288.551015174999,-1249.1488582129746,0.008389593639193421,0.011212155105835753,1.3115208130299414,2.015290588488188
82,indoors,scene_00021,indoors/scene_00021/scan_00191,val/indoors/scene_00021/scan_00191/00021_00191_indoors_220_000.png,3,0,3,768,0,1024,256,65536,0,65536.0,2734.235521513754,2732.321515644655,1.91400586909872,2734.235521513754,2732.321515644655,1.91400586909872,0.00787805762298116,0.012265007794623146,1.455034861341084,3.7140177251597604
82,indoors,scene_00021,indoors/scene_00021/scan_00191,val/indoors/scene_00021/scan_00191/00021_00191_indoors_220_000.png,4,1,0,0,256,256,512,65536,748,68528.0,8051.791692282536,7936.598836152576,115.19285612996204,6449.102690112406,6361.483905994439,87.61878411796799,0.016658846867263356,0.010297244859264806,0.6193220251918788,0.5450533522632217
82,indoors,scene_00021,indoors/scene_00021/scan_00191,val/indoors/scene_00021/scan_00191/00021_00191_indoors_220_000.png,5,1,1,256,256,512,512,65536,23822,160824.0,267453.24097637273,266018.45092364383,1434.7900527289203,131026.50964738356,131007.54419261363,18.96545476995227,0.003851371053558734,0.009384375712870818,0.5185026398017075,0.31830101498341534
82,indoors,scene_00021,indoors/scene_00021/scan_00191,val/indoors/scene_00021/scan_00191/00021_00191_indoors_220_000.png,6,1,2,512,256,768,512,65536,1378,71048.0,17511.785956102623,17645.742880470083,-133.95692436745668,15058.807110712536,15166.661372895675,-107.85426218314136,0.007523024134333673,0.011846836466075298,1.4938049280947012,-0.34186316313578796
82,indoors,scene_00021,indoors/scene_00021/scan_00191,val/indoors/scene_00021/scan_00191/00021_00191_indoors_220_000.png,7,1,3,768,256,1024,512,65536,0,65536.0,2788.189748492856,2782.381032846838,5.808715646018054,2788.189748492856,2782.381032846838,5.808715646018054,0.008138181660827599,0.012359189464452006,2.6122397409588056,0.19693655851168623
82,indoors,scene_00021,indoors/scene_00021/scan_00191,val/indoors/scene_00021/scan_00191/00021_00191_indoors_220_000.png,8,2,0,0,512,256,768,65444,765,68504.0,3682.7619739525617,4208.221622176646,-525.4596482240845,3613.0944543301853,3918.2991726736395,-305.20471834345454,0.018857854991277172,0.0030362146063241235,0.713657075704584,0.14287757011082278
82,indoors,scene_00021,indoors/scene_00021/scan_00191,val/indoors/scene_00021/scan_00191/00021_00191_indoors_220_000.png,9,2,1,256,512,512,768,65499,26427,171207.0,390324.57957065105,381016.3685462475,9308.211024403601,193963.24124998102,191305.80614946308,2657.4351005179406,0.004498214327291517,0.016626091782235133,0.8146931426864809,-0.3291512965874794
82,indoors,scene_00021,indoors/scene_00021/scan_00191,val/indoors/scene_00021/scan_00191/00021_00191_indoors_220_000.png,10,2,2,512,512,768,768,65523,1820,72803.0,22518.504000265835,22538.686009369107,-20.18200910326881,18658.619933796195,18550.16306325102,108.45687054517418,0.007634269429518531,0.012044812370566772,1.0539888521824399,0.9792435399013137
82,indoors,scene_00021,indoors/scene_00021/scan_00191,val/indoors/scene_00021/scan_00191/00021_00191_indoors_220_000.png,11,2,3,768,512,1024,768,65536,0,65536.0,2785.0478251315453,2778.8343437597123,6.21348137183297,2785.0478251315453,2778.8343437597123,6.21348137183297,0.007745110027373893,0.01237415170466103,2.0666205370472754,1.5412030255106521
83,indoors,scene_00021,indoors/scene_00021/scan_00191,val/indoors/scene_00021/scan_00191/00021_00191_indoors_220_020.png,0,0,0,0,0,256,256,65536,0,65536.0,209662.5063022194,209534.59380683428,127.91249538513077,209662.5063022194,209534.59380683428,127.91249538513077,0.006220964072024853,0.00088707426717014,0.3723932684856238,0.07309734330538616
83,indoors,scene_00021,indoors/scene_00021/scan_00191,val/indoors/scene_00021/scan_00191/00021_00191_indoors_220_020.png,1,0,1,256,0,512,256,65536,25372,167024.0,360528.53087458096,360382.5241729655,146.00670161545418,175301.7488785041,176381.30995516773,-1079.5610766636391,0.005642829457919137,0.008390418257901218,0.5918246978258743,-0.17893420311216504
83,indoors,scene_00021,indoors/scene_00021/scan_00191,val/indoors/scene_00021/scan_00191/00021_00191_indoors_220_020.png,2,0,2,512,0,768,256,65536,2578,75848.0,9153.983525672951,9085.161621068582,68.82190460436983,7492.216879570679,7455.733642106468,36.4832374642122,0.010504766563912119,0.013709203569763129,0.7810912527862186,0.5418386570898852
83,indoors,scene_00021,indoors/scene_00021/scan_00191,val/indoors/scene_00021/scan_00191/00021_00191_indoors_220_020.png,3,0,3,768,0,1024,256,65536,0,65536.0,13587.019147719875,13583.97667915931,3.0424685605659954,13587.019147719875,13583.97667915931,3.0424685605659954,0.007576826983101905,0.013683352828174723,2.1027132580560703,0.6261917261543508
83,indoors,scene_00021,indoors/scene_00021/scan_00191,val/indoors/scene_00021/scan_00191/00021_00191_indoors_220_020.png,4,1,0,0,256,256,512,65514,1331,70838.0,33235.730193798416,33648.2733696669,-412.54317586848754,24356.731768624242,24515.6474332439,-158.91566461966016,0.010922138059647434,0.018441560279646014,0.6596773442304872,0.20120699555565286
83,indoors,scene_00021,indoors/scene_00021/scan_00191,val/indoors/scene_00021/scan_00191/00021_00191_indoors_220_020.png,5,1,1,256,256,512,512,65536,23352,158944.0,234646.71369480703,233261.16034410163,1385.5533507053667,113255.17805761681,113006.87846429876,248.29959331804514,0.004271751502079948,0.00860590880473977,0.41628158435444984,0.35043336538579895
83,indoors,scene_00021,indoors/scene_00021/scan_00191,val/indoors/scene_00021/scan_00191/00021_00191_indoors_220_020.png,6,1,2,512,256,768,512,65536,1513,71588.0,7459.487574373371,7351.814427316747,107.67314705662355,6339.2554602511555,6294.850058597788,44.40540165336736,0.00874795905414527,0.013208420606368159,1.2449549192186349,-1.3674777469227517
83,indoors,scene_00021,indoors/scene_00021/scan_00191,val/indoors/scene_00021/scan_00191/00021_00191_indoors_220_020.png,7,1,3,768,256,1024,512,65536,0,65536.0,14530.08077964081,14525.37897562037,4.70180402043894,14530.08077964081,14525.37897562037,4.70180402043894,0.007496423402393023,0.013627514637899095,1.426897286688975,4.136757492157606
83,indoors,scene_00021,indoors/scene_00021/scan_00191,val/indoors/scene_00021/scan_00191/00021_00191_indoors_220_020.png,8,2,0,0,512,256,768,65535,951,69339.0,17656.116611090598,16431.265000222986,1224.8516108676106,14409.222004821233,13683.303036939855,725.9189678813797,0.014606617369861321,0.01310896611787187,0.5033055663070747,0.3880028372134625
83,indoors,scene_00021,indoors/scene_00021/scan_00191,val/indoors/scene_00021/scan_00191/00021_00191_indoors_220_020.png,9,2,1,256,512,512,768,65513,22243,154485.0,172854.3913831443,172460.2485869107,394.14279623363586,82720.62395335535,82731.80557902179,-11.181625666444495,0.004797224031454536,0.008666117554538647,0.45781045390107933,0.46152919042459645
83,indoors,scene_00021,indoors/scene_00021/scan_00191,val/indoors/scene_00021/scan_00191/00021_00191_indoors_220_020.png,10,2,2,512,512,768,768,65536,1299,70732.0,6679.371642075117,8185.764044470981,-1506.3924023958639,6103.988851092503,6883.139327216084,-779.1504761235806,0.008262544746120197,0.013180797850194652,1.4571505531504338,1.7116012411420234
83,indoors,scene_00021,indoors/scene_00021/scan_00191,val/indoors/scene_00021/scan_00191/00021_00191_indoors_220_020.png,11,2,3,768,512,1024,768,65536,0,65536.0,15045.30596709857,15016.109839491422,29.19612760714742,15045.30596709857,15016.109839491422,29.19612760714742,0.008049679356399976,0.013449116125530226,3.157806031561213,0.5150622997540948
84,indoors,scene_00021,indoors/scene_00021/scan_00191,val/indoors/scene_00021/scan_00191/00021_00191_indoors_220_040.png,0,0,0,0,0,256,256,64812,2788,75964.0,23899.833480128826,23980.831360578006,-80.99788044917861,19806.07791404979,19863.697717642266,-57.61980359247498,0.009422495815924057,0.005332152233743514,0.5240475091661636,-0.05062583896093199
84,indoors,scene_00021,indoors/scene_00021/scan_00191,val/indoors/scene_00021/scan_00191/00021_00191_indoors_220_040.png,1,0,1,256,0,512,256,65532,10745,108512.0,32754.697158996056,32924.407517076696,-169.71035808063095,19207.31796971547,19221.76412070451,-14.446150989039019,0.009016718307728908,0.005983594978601372,0.45174092639444036,0.2628375239436533
84,indoors,scene_00021,indoors/scene_00021/scan_00191,val/indoors/scene_00021/scan_00191/00021_00191_indoors_220_040.png,2,0,2,512,0,768,256,65536,4088,81888.0,10272.330048489528,10234.18909758771,38.14095090181565,7714.043627213011,7698.436995271079,15.606631941931917,0.005758008446526431,0.009963874449789228,0.8693338870308499,0.6434344805913189
84,indoors,scene_00021,indoors/scene_00021/scan_00191,val/indoors/scene_00021/scan_00191/00021_00191_indoors_220_040.png,3,0,3,768,0,1024,256,65535,3269,78611.0,22250.815968743562,22233.88265389015,16.93331485341359,18110.460219542674,18111.941082175883,-1.4808626332108856,0.01003659614886867,0.013293591322752419,1.4439965628816291,1.204248693095773
84,indoors,scene_00021,indoors/scene_00021/scan_00191,val/indoors/scene_00021/scan_00191/00021_00191_indoors_220_040.png,4,1,0,0,256,256,512,65536,425,67236.0,84474.24441332679,84096.83501782187,377.40939550491703,81575.82734853051,81321.60225605506,254.2250924754442,0.007208856816203044,0.0029291563805038372,0.1662017100470316,0.4396645775640139
84,indoors,scene_00021,indoors/scene_00021/scan_00191,val/indoors/scene_00021/scan_00191/00021_00191_indoors_220_040.png,5,1,1,256,256,512,512,65536,26753,172548.0,123947.76698349457,124031.54923687369,-83.78225337910794,63732.38154886168,63818.25795253268,-85.87640367099648,0.005749125752826633,0.00797919411790774,0.36423501973526,0.20688652039850897
84,indoors,scene_00021,indoors/scene_00021/scan_00191,val/indoors/scene_00021/scan_00191/00021_00191_indoors_220_040.png,6,1,2,512,256,768,512,65536,1058,69768.0,12996.844707678836,12990.174608921889,6.670098756948924,11999.734363837673,11979.704243697866,20.0301201398073,0.00855915876767114,0.011558854981757941,0.8472924827142825,1.0920264522507452
84,indoors,scene_00021,indoors/scene_00021/scan_00191,val/indoors/scene_00021/scan_00191/00021_00191_indoors_220_040.png,7,1,3,768,256,1024,512,65536,1835,72876.0,24871.393865136437,24839.476586886594,31.917278249840326,22444.028096829094,22430.147846303873,13.880250525224437,0.015292459652040917,0.013638411665377282,1.195902360858345,2.839997299977061
84,indoors,scene_00021,indoors/scene_00021/scan_00191,val/indoors/scene_00021/scan_00191/00021_00191_indoors_220_040.png,8,2,0,0,512,256,768,65523,641,68087.0,28974.46134600878,29801.228919297493,-826.7675732887126,28106.01335261202,28583.028492520738,-477.01513990871985,0.0074081762525689335,0.005457331416235298,0.4831916814628428,0.5531415476295386
84,indoors,scene_00021,indoors/scene_00021/scan_00191,val/indoors/scene_00021/scan_00191/00021_00191_indoors_220_040.png,9,2,1,256,512,512,768,65536,24567,163804.0,49058.58446169375,49149.401398039234,-90.81693634548162,24631.02039726824,24624.225894170937,6.794503097302781,0.005599181556262141,0.008387752495804793,0.3894577975162728,0.7600940579419708
84,indoors,scene_00021,indoors/scene_00021/scan_00191,val/indoors/scene_00021/scan_00191/00021_00191_indoors_220_040.png,10,2,2,512,512,768,768,65536,2401,75140.0,20228.931042625154,20229.390292909276,-0.4592502841240744,18260.656470105227,18249.073303744924,11.583166360300389,0.010082909824710683,0.013417500795199096,0.7157095680813957,1.4920848843892773
84,indoors,scene_00021,indoors/scene_00021/scan_00191,val/indoors/scene_00021/scan_00191/00021_00191_indoors_220_040.png,11,2,3,768,512,1024,768,65536,0,65536.0,26571.826256386863,26569.48257365144,2.3436827354184135,26571.826256386863,26569.48257365144,2.3436827354184135,0.007414234125642373,0.013634781926530004,0.9638927491040431,3.9827468380913627
85,indoors,scene_00021,indoors/scene_00021/scan_00191,val/indoors/scene_00021/scan_00191/00021_00191_indoors_230_010.png,0,0,0,0,0,256,256,65502,493,67474.0,74399.73886109935,68054.50041798106,6345.23844311828,70518.46934862644,65528.68328708858,4989.78606153787,0.01053117922876045,0.011598100296700978,0.8754664336114052,-0.6705122812059563
85,indoors,scene_00021,indoors/scene_00021/scan_00191,val/indoors/scene_00021/scan_00191/00021_00191_indoors_230_010.png,1,0,1,256,0,512,256,65511,1182,70239.0,33612.98389102909,32349.965116094754,1263.0187749343365,29382.38125686928,28780.14169748428,602.2395593850011,0.009495829368389176,0.018993637932988913,0.7227133589046512,0.841665883240803
85,indoors,scene_00021,indoors/scene_00021/scan_00191,val/indoors/scene_00021/scan_00191/00021_00191_indoors_230_010.png,2,0,2,512,0,768,256,65536,24410,163176.0,97127.75270519839,96955.14100817821,172.61169702016952,42261.81519909671,42354.11230157561,-92.29710247889912,0.005257850145789739,0.015295331515476046,0.9689804055123616,0.6420760666248247
85,indoors,scene_00021,indoors/scene_00021/scan_00191,val/indoors/scene_00021/scan_00191/00021_00191_indoors_230_010.png,3,0,3,768,0,1024,256,65536,197,66324.0,9035.752436550858,9042.085759994556,-6.333323443698101,8935.292711950158,8941.676331539918,-6.3836195897608485,0.008465415619302086,0.010875658156607808,1.8414774404626664,1.8664754572296693
85,indoors,scene_00021,indoors/scene_00021/scan_00191,val/indoors/scene_00021/scan_00191/00021_00191_indoors_230_010.png,4,1,0,0,256,256,512,65536,0,65536.0,8675.631131907354,8687.696762906558,-12.06563099920724,8675.631131907354,8687.696762906558,-12.06563099920724,0.01044027603870438,0.0038711698013971867,0.5713347674585791,1.2353893396091618
85,indoors,scene_00021,indoors/scene_00021/scan_00191,val/indoors/scene_00021/scan_00191/00021_00191_indoors_230_010.png,5,1,1,256,256,512,512,65511,1093,69883.0,16264.091785497318,16786.22669761651,-522.1349121191874,13587.535597273207,13840.191579840177,-252.65598256697035,0.014603646215150857,0.012479668566311913,0.5214340652688432,0.6023553673111822
85,indoors,scene_00021,indoors/scene_00021/scan_00191,val/indoors/scene_00021/scan_00191/00021_00191_indoors_230_010.png,6,1,2,512,256,768,512,65536,24142,162104.0,95579.93031355606,95277.26508855206,302.66522500400384,43687.018216733064,43625.77438767461,61.243829058457116,0.004174673075156492,0.014766882200692227,0.8279851970121451,0.5965927290750904
85,indoors,scene_00021,indoors/scene_00021/scan_00191,val/indoors/scene_00021/scan_00191/00021_00191_indoors_230_010.png,7,1,3,768,256,1024,512,65536,887,69084.0,9862.992872012437,9838.882663834787,24.11020817765001,9448.962003697787,9428.719693467017,20.242310230769057,0.008705444058398787,0.011700508799861148,1.5951420197509487,1.8017407683678675
85,indoors,scene_00021,indoors/scene_00021/scan_00191,val/indoors/scene_00021/scan_00191/00021_00191_indoors_230_010.png,8,2,0,0,512,256,768,65536,0,65536.0,9813.485831091686,9812.204358580128,1.2814725115562182,9813.485831091686,9812.204358580128,1.2814725115562182,0.01302025283560462,0.004134912692829002,0.3344961809495479,1.721085512962603
85,indoors,scene_00021,indoors/scene_00021/scan_00191,val/indoors/scene_00021/scan_00191/00021_00191_indoors_230_010.png,9,2,1,256,512,512,768,65536,844,68912.0,12992.131030930097,13381.882003924728,-389.75097299463164,11907.412211631863,12084.254401894143,-176.84219026228052,0.01574280076528034,0.012996648515226134,0.9887089781652236,-0.2897269500617467
85,indoors,scene_00021,indoors/scene_00021/scan_00191,val/indoors/scene_00021/scan_00191/00021_00191_indoors_230_010.png,10,2,2,512,512,768,768,65536,24030,161656.0,95731.81949548103,96207.53142082779,-475.7119253467687,45653.94332223891,45935.6147903902,-281.67146815128456,0.0036988262912887766,0.013433125487849354,0.868439601670196,0.4746856195949357
85,indoors,scene_00021,indoors/scene_00021/scan_00191,val/indoors/scene_00021/scan_00191/00021_00191_indoors_230_010.png,11,2,3,768,512,1024,768,65536,1357,70964.0,9171.76050203321,9072.870667999634,98.88983403357594,8683.574049031813,8605.459292119558,78.11475691225371,0.007944818010168985,0.012680890240916275,1.9645596085750394,1.2435250747151674
86,indoors,scene_00021,indoors/scene_00021/scan_00191,val/indoors/scene_00021/scan_00191/00021_00191_indoors_230_030.png,0,0,0,0,0,256,256,65536,743,68508.0,95441.52044115443,94597.36585300814,844.154588146284,91276.51537025796,90677.47571266726,599.0396575906763,0.009591295797457704,0.0032771602189602574,0.05101890863370366,0.651847088599083
86,indoors,scene_00021,indoors/scene_00021/scan_00191,val/indoors/scene_00021/scan_00191/00021_00191_indoors_230_030.png,1,0,1,256,0,512,256,65536,615,67996.0,110233.2095020986,109553.80290822021,679.4065938783882,106744.00947167356,106189.72383763833,554.285634035238,0.008030704482627861,0.003360342458841539,0.0910544724921631,0.46192909407230337
86,indoors,scene_00021,indoors/scene_00021/scan_00191,val/indoors/scene_00021/scan_00191/00021_00191_indoors_230_030.png,2,0,2,512,0,768,256,65536,24571,163820.0,114640.00433190845,114958.16820502482,-318.1638731163782,49852.70673708309,50053.60129932189,-200.8945622387972,0.00577195323450751,0.011224831682285458,0.4690952558696759,0.2020130765499183
86,indoors,scene_00021,indoors/scene_00021/scan_00191,val/indoors/scene_00021/scan_00191/00021_00191_indoors_230_030.png,3,0,3,768,0,1024,256,65536,1123,70028.0,22473.960932536836,22530.397457593062,-56.43652505622526,20664.531600153896,20684.914160018838,-20.38255986494209,0.01024062079542846,0.018041228117251135,1.5776156586220027,0.5732491681794963
86,indoors,scene_00021,indoors/scene_00021/scan_00191,val/indoors/scene_00021/scan_00191/00021_00191_indoors_230_030.png,4,1,0,0,256,256,512,65498,896,69082.0,46304.3961615338,46357.307993438175,-52.911831904381174,44320.742514238504,44345.58128285885,-24.838768620345984,0.007089484814025933,0.002539763943048918,0.10146070925690528,0.7175604006275142
86,indoors,scene_00021,indoors/scene_00021/scan_00191,val/indoors/scene_00021/scan_00191/00021_00191_indoors_230_030.png,5,1,1,256,256,512,512,65534,339,66890.0,53985.45906081798,54124.01208094483,-138.55302012684197,53410.0942870748,53545.93311198313,-135.83882490832804,0.006444390336645438,0.007179110357402469,0.6628252887632725,0.40683579180467083
86,indoors,scene_00021,indoors/scene_00021/scan_00191,val/indoors/scene_00021/scan_00191/00021_00191_indoors_230_030.png,6,1,2,512,256,768,512,65536,26022,169624.0,55783.27439166075,56087.46951975101,-304.19512809026173,26922.403653865913,27064.914892336266,-142.51123847035115,0.007100600233575656,0.012679988793284117,0.720385590918167,0.3709438564424913
86,indoors,scene_00021,indoors/scene_00021/scan_00191,val/indoors/scene_00021/scan_00191/00021_00191_indoors_230_030.png,7,1,3,768,256,1024,512,65536,1040,69696.0,31171.64040976966,31195.72456986771,-24.084160098049498,29653.87609400341,29660.056431668476,-6.180337665066508,0.009126103590665962,0.022243667077514014,1.1110753305633194,1.4010085420765712
86,indoors,scene_00021,indoors/scene_00021/scan_00191,val/indoors/scene_00021/scan_00191/00021_00191_indoors_230_030.png,8,2,0,0,512,256,768,65515,546,67699.0,28496.31293178947,28021.624726693775,474.6882050956933,27952.48380856315,27607.880098836184,344.60370972696836,0.011308732922119775,0.012254684526145308,0.6412885265776592,1.2900048763162981
86,indoors,scene_00021,indoors/scene_00021/scan_00191,val/indoors/scene_00021/scan_00191/00021_00191_indoors_230_030.png,9,2,1,256,512,512,768,65519,952,69327.0,29058.294217678562,29923.510416294404,-865.2161986158453,28188.803848106225,28650.2057934064,-461.40194530017527,0.010168063909128732,0.01911544895090727,0.8878031883592777,0.6903969571056361
86,indoors,scene_00021,indoors/scene_00021/scan_00191,val/indoors/scene_00021/scan_00191/00021_00191_indoors_230_030.png,10,2,2,512,512,768,768,65536,21216,150400.0,23383.431251243936,23475.28454459313,-91.85329334919686,13243.398789790475,13365.064234139578,-121.66544434910126,0.004642618800344562,0.012822362492873794,0.7389379224389412,0.6754845688185647
86,indoors,scene_00021,indoors/scene_00021/scan_00191,val/indoors/scene_00021/scan_00191/00021_00191_indoors_230_030.png,11,2,3,768,512,1024,768,65536,573,67828.0,33372.135054383325,33292.85458243187,79.28047195145288,32482.841707552543,32415.92858494656,66.9131226059823,0.008893326094446917,0.022042629080985983,2.4611058765287996,1.9047315196517123
87,indoors,scene_00021,indoors/scene_00021/scan_00191,val/indoors/scene_00021/scan_00191/00021_00191_indoors_330_030.png,0,0,0,0,0,256,256,65536,969,69412.0,19420.477724877124,19428.133276648987,-7.655551771860982,18373.472003509363,18372.14902784582,1.3229756635442484,0.006356160320749515,0.011839019828079162,1.0166271189963705,2.1443272159647715
87,indoors,scene_00021,indoors/scene_00021/scan_00191,val/indoors/scene_00021/scan_00191/00021_00191_indoors_330_030.png,1,0,1,256,0,512,256,65536,739,68492.0,19636.241679144376,19632.6989496757,3.5427294686764546,18777.347007937933,18774.277794408255,3.069213529678683,0.006629625073368088,0.01175070494028287,0.8717163042647185,1.672406436415028
87,indoors,scene_00021,indoors/scene_00021/scan_00191,val/indoors/scene_00021/scan_00191/00021_00191_indoors_330_030.png,2,0,2,512,0,768,256,65536,2025,73636.0,21937.489061859458,21922.532291217853,14.956770641605996,19428.579488390584,19415.52205497899,13.057433411596008,0.008452385031480294,0.01154869254031413,0.5149701017834941,4.098192036778674
87,indoors,scene_00021,indoors/scene_00021/scan_00191,val/indoors/scene_00021/scan_00191/00021_00191_indoors_330_030.png,3,0,3,768,0,1024,256,65536,1348,70928.0,20829.727805872182,20787.924613327705,41.803192544478094,19179.767210800743,19159.791065766025,19.976145034716847,0.009172578053913315,0.0105962246644446,0.5339143070637316,4.25512249501725
87,indoors,scene_00021,indoors/scene_00021/scan_00191,val/indoors/scene_00021/scan_00191/00021_00191_indoors_330_030.png,4,1,0,0,256,256,512,65536,10827,108844.0,33026.4236478238,33092.21453653775,-65.79088871395311,13075.643192737936,13110.441828227804,-34.798635489865134,0.007807031722779384,0.012635327149739169,0.7587596732794316,0.20219419028532212
87,indoors,scene_00021,indoors/scene_00021/scan_00191,val/indoors/scene_00021/scan_00191/00021_00191_indoors_330_030.png,5,1,1,256,256,512,512,65488,11358,110920.0,44068.750483342876,43981.31434267978,87.43614066309327,16141.796759132852,16103.827129952402,37.96962918045115,0.008053992565276603,0.01221732828459168,0.757390186296482,-0.08425816678598175
87,indoors,scene_00021,indoors/scene_00021/scan_00191,val/indoors/scene_00021/scan_00191/00021_00191_indoors_330_030.png,6,1,2,512,256,768,512,65527,11512,111575.0,47191.281028469944,47146.729599077116,44.55142939281686,17104.59922525398,17072.913071463052,31.68615379092597,0.00902086500717544,0.012261375513624606,0.6317638232884755,0.29729132331720304
87,indoors,scene_00021,indoors/scene_00021/scan_00191,val/indoors/scene_00021/scan_00191/00021_00191_indoors_330_030.png,7,1,3,768,256,1024,512,65522,13134,118058.0,54524.95704547398,54474.81150031548,50.14554515849449,18157.10016977418,18145.582668307572,11.51750146660985,0.009279322463214605,0.012802033235948323,0.5916404002048539,0.4437158243826715
87,indoors,scene_00021,indoors/scene_00021/scan_00191,val/indoors/scene_00021/scan_00191/00021_00191_indoors_330_030.png,8,2,0,0,512,256,768,65536,19538,143688.0,69916.47602188765,69780.1324279655,136.34359392215612,33461.34036181512,33404.560923860176,56.77943795494821,0.005136603458901479,0.010393463007146688,0.3788572714135305,0.7170687409928811
87,indoors,scene_00021,indoors/scene_00021/scan_00191,val/indoors/scene_00021/scan_00191/00021_00191_indoors_330_030.png,9,2,1,256,512,512,768,65536,2702,76344.0,69810.06731979667,69828.09893171859,-18.031611921912322,56081.23454593221,56098.7676393612,-17.533093428983435,0.005631798766595211,0.00352322691925468,0.3280643142699465,0.28615939332941315
87,indoors,scene_00021,indoors/scene_00021/scan_00191,val/indoors/scene_00021/scan_00191/00021_00191_indoors_330_030.png,10,2,2,512,512,768,768,65536,2951,77340.0,70799.48927160731,70516.21254892102,283.27672268629715,58037.99027045823,57910.21807506659,127.7721953916477,0.009932973028533063,0.003988685486047846,0.286496306552769,0.5203619717814129
87,indoors,scene_00021,indoors/scene_00021/scan_00191,val/indoors/scene_00021/scan_00191/00021_00191_indoors_330_030.png,11,2,3,768,512,1024,768,65536,1534,71672.0,88991.13653083198,88733.21225576286,257.9242750691241,79536.79810746801,79378.4251867363,158.3729207317133,0.014807222347362443,0.0028792735506399715,0.13625061883134154,0.8054411262610861
88,indoors,scene_00021,indoors/scene_00021/scan_00191,val/indoors/scene_00021/scan_00191/00021_00191_indoors_340_040.png,0,0,0,0,0,256,256,65536,641,68100.0,8893.116499890135,8869.559482544877,23.55701734525787,8638.942967658335,8616.542563247269,22.400404411067623,0.006808141804400848,0.0074311821729936105,1.0255880944751252,2.010068517133186
88,indoors,scene_00021,indoors/scene_00021/scan_00191,val/indoors/scene_00021/scan_00191/00021_00191_indoors_340_040.png,1,0,1,256,0,512,256,65536,797,68724.0,9433.88057686306,9414.009056369418,19.871520493641242,9072.706970058402,9054.838640521186,17.868329537214876,0.007372240793538166,0.007480433220268066,0.7921978388072456,2.826401796616845
88,indoors,scene_00021,indoors/scene_00021/scan_00191,val/indoors/scene_00021/scan_00191/00021_00191_indoors_340_040.png,2,0,2,512,0,768,256,65536,778,68648.0,9784.919616281763,9780.178317276244,4.741299005516783,9379.724225239523,9369.19605990333,10.528165336193517,0.006461424131969731,0.007675322634059291,0.9993694290597448,1.951468445236682
88,indoors,scene_00021,indoors/scene_00021/scan_00191,val/indoors/scene_00021/scan_00191/00021_00191_indoors_340_040.png,3,0,3,768,0,1024,256,65536,2372,75024.0,8807.68911426677,8822.800587652724,-15.111473385955598,7502.617042660694,7492.196713067318,10.420329593377687,0.00817750826089798,0.010382836480637404,0.2561688572831639,4.291512504890595
88,indoors,scene_00021,indoors/scene_00021/scan_00191,val/indoors/scene_00021/scan_00191/00021_00191_indoors_340_040.png,4,1,0,0,256,256,512,65536,5445,87316.0,5028.423513182559,4980.803486831441,47.620026351119556,3569.4546098516375,3553.121859454009,16.33275039762782,0.010331458843298447,0.007791117705065537,0.5552434279270664,1.6492016702605943
88,indoors,scene_00021,indoors/scene_00021/scan_00191,val/indoors/scene_00021/scan_00191/00021_00191_indoors_340_040.png,5,1,1,256,256,512,512,65536,1159,70172.0,3781.9957318242255,3781.4941392937058,0.5015925305191491,3631.1579700390002,3631.1605554934144,-0.0025854544145964553,0.006622170489076623,0.0073315599730550286,0.6149971228722205,1.0620750976976654
88,indoors,scene_00021,indoors/scene_00021/scan_00191,val/indoors/scene_00021/scan_00191/00021_00191_indoors_340_040.png,6,1,2,512,256,768,512,65536,1698,72328.0,4524.195080369309,4519.499730318063,4.695350051245505,3986.774698912,3981.6685785773398,5.106120334660061,0.006710218647615614,0.007535404292381658,0.7139943706314419,0.8215709433515757
88,indoors,scene_00021,indoors/scene_00021/scan_00191,val/indoors/scene_00021/scan_00191/00021_00191_indoors_340_040.png,7,1,3,768,256,1024,512,65536,2712,76384.0,4411.3321980449855,4575.912127463642,-164.57992941865677,3705.6089272073705,3859.6236485382988,-154.01472133092796,0.007841527929890861,0.007639093001920292,1.11788590729146,0.19644987857137375
88,indoors,scene_00021,indoors/scene_00021/scan_00191,val/indoors/scene_00021/scan_00191/00021_00191_indoors_340_040.png,8,2,0,0,512,256,768,65536,9452,103344.0,17899.023474011046,17927.18749419905,-28.164020188001352,8840.905345059138,8854.219522998377,-13.31417793923932,0.008610815227011463,0.008884043034721317,0.4751631290144034,1.3393712650018412
88,indoors,scene_00021,indoors/scene_00021/scan_00191,val/indoors/scene_00021/scan_00191/00021_00191_indoors_340_040.png,9,2,1,256,512,512,768,65536,22061,153780.0,133155.17923752082,133244.2714645947,-89.09222707384464,42364.915509289436,42413.37021466436,-48.454705374918525,0.007808360173172901,0.008420458662388712,0.5360774030118334,0.12112243177110006
88,indoors,scene_00021,indoors/scene_00021/scan_00191,val/indoors/scene_00021/scan_00191/00021_00191_indoors_340_040.png,10,2,2,512,512,768,768,65484,17746,136468.0,161060.81803517806,161061.03468114755,-0.21664596950951331,54357.70856617504,54347.801167857884,9.907398317148694,0.008052512398604059,0.008078562652378817,0.5446374932515154,-0.24087088961292205
88,indoors,scene_00021,indoors/scene_00021/scan_00191,val/indoors/scene_00021/scan_00191/00021_00191_indoors_340_040.png,11,2,3,768,512,1024,768,65527,13777,120635.0,143710.16943336537,144053.63068089125,-343.46124752588264,60418.85179837765,60446.06370570941,-27.21190733176087,0.010528827593442883,0.007679726866557551,0.653238542307106,-0.5285523675013977
89,indoors,scene_00021,indoors/scene_00021/scan_00191,val/indoors/scene_00021/scan_00191/00021_00191_indoors_350_030.png,0,0,0,0,0,256,256,65536,4342,82904.0,7900.411365040291,7909.8177774649885,-9.406412424697502,6633.208221318793,6642.961103143446,-9.752881824653247,0.010524710245589819,0.009722229406151759,0.6418940193281125,2.6510578976948134
89,indoors,scene_00021,indoors/scene_00021/scan_00191,val/indoors/scene_00021/scan_00191/00021_00191_indoors_350_030.png,1,0,1,256,0,512,256,65536,3342,78904.0,8066.47290890626,8049.196204202934,17.276704703326537,7163.214996089784,7150.428566678424,12.786429411359755,0.009023668803986045,0.010153828078277244,0.7347680463613201,1.3666085218994888
89,indoors,scene_00021,indoors/scene_00021/scan_00191,val/indoors/scene_00021/scan_00191/00021_00191_indoors_350_030.png,2,0,2,512,0,768,256,65536,870,69016.0,8435.091052980131,8433.86066391624,1.2303890638900876,8055.564378147855,8053.776373364488,1.788004783366223,0.006890440759649901,0.009340494687318672,0.7756238501018371,0.8318715070123196
89,indoors,scene_00021,indoors/scene_00021/scan_00191,val/indoors/scene_00021/scan_00191/00021_00191_indoors_350_030.png,3,0,3,768,0,1024,256,65536,1370,71016.0,8283.493182913593,8282.539129400266,0.9540535133256274,7805.410483882798,7804.170495760455,1.23998812234196,0.00615327246714396,0.009349937102682882,0.7779186302767528,1.3374215812290318
89,indoors,scene_00021,indoors/scene_00021/scan_00191,val/indoors/scene_00021/scan_00191/00021_00191_indoors_350_030.png,4,1,0,0,256,256,512,65536,1168,70208.0,8252.48495192279,8293.951573206901,-41.466621284111824,7782.710052985079,7771.727089011947,10.982963973131348,0.007799062816022063,0.010300899395399314,0.7138282023802782,2.190931489507381
89,indoors,scene_00021,indoors/scene_00021/scan_00191,val/indoors/scene_00021/scan_00191/00021_00191_indoors_350_030.png,5,1,1,256,256,512,512,65536,6701,92340.0,20607.537144760405,20581.143767536334,26.39337722407064,12853.342119958314,12855.345543860012,-2.0034239016974933,0.009418384086046984,0.008583600252242418,0.549314815986252,0.8120246030536838
89,indoors,scene_00021,indoors/scene_00021/scan_00191,val/indoors/scene_00021/scan_00191/00021_00191_indoors_350_030.png,6,1,2,512,256,768,512,65513,16688,132265.0,108276.30554559684,108311.65244731614,-35.34690171929257,34770.767050602495,34789.107916407185,-18.340865804691937,0.008064215082484574,0.009713637642595217,0.5622887827063371,0.010869899509673398
89,indoors,scene_00021,indoors/scene_00021/scan_00191,val/indoors/scene_00021/scan_00191/00021_00191_indoors_350_030.png,7,1,3,768,256,1024,512,65502,15005,125522.0,102457.70060957094,102467.96531789993,-10.264708329005256,35224.38242647924,35205.41414350231,18.968282976926943,0.007923282132369877,0.009410338921227161,0.5894219305917245,-0.1131225247632275
89,indoors,scene_00021,indoors/scene_00021/scan_00191,val/indoors/scene_00021/scan_00191/00021_00191_indoors_350_030.png,8,2,0,0,512,256,768,65536,1449,71332.0,11730.962360810521,11763.860396214786,-32.89803540426471,10662.876510664128,10633.20156750631,29.674943157817136,0.0072425229172177474,0.010570908758055836,0.42765890749606367,3.4100717445230138
89,indoors,scene_00021,indoors/scene_00021/scan_00191,val/indoors/scene_00021/scan_00191/00021_00191_indoors_350_030.png,9,2,1,256,512,512,768,65536,2516,75600.0,11239.239705017944,11262.294872938455,-23.05516792051046,9213.963612257507,9219.03082045374,-5.067208196231322,0.008095684593913953,0.008507422541941308,0.5122584311828952,0.9511466225411973
89,indoors,scene_00021,indoors/scene_00021/scan_00191,val/indoors/scene_00021/scan_00191/00021_00191_indoors_350_030.png,10,2,2,512,512,768,768,65536,24530,163656.0,251245.93239714275,250627.48475949746,618.4476376452712,110540.88588685748,110428.05493248734,112.83095437011899,0.005321982017993447,0.006014735012857832,0.2970831440603853,0.29356763531769425
89,indoors,scene_00021,indoors/scene_00021/scan_00191,val/indoors/scene_00021/scan_00191/00021_00191_indoors_350_030.png,11,2,3,768,512,1024,768,65536,658,68168.0,96496.91411709017,96455.830895299,41.08322179116792,90445.89711925636,90403.740408601,42.15671065536193,0.005149522561315682,0.0023953292830561665,0.25323214372755554,0.18862670417236316
90,indoors,scene_00021,indoors/scene_00021/scan_00192,val/indoors/scene_00021/scan_00192/00021_00192_indoors_030_010.png,0,0,0,0,0,256,256,65536,1180,70256.0,7673.771129161745,7674.7831671339845,-1.0120379722385509,6851.645073946234,6849.98074771053,1.6643262357047992,0.0051386799283696764,0.004951949575297314,0.040920640363674,3.214904302572999
90,indoors,scene_00021,indoors/scene_00021/scan_00192,val/indoors/scene_00021/scan_00192/00021_00192_indoors_030_010.png,1,0,1,256,0,512,256,65536,82,65864.0,15128.60344873613,15163.27627716654,-34.672828430409794,14975.765904187307,15010.306044401248,-34.54014021394144,0.005328574614081562,0.0045592983990696894,0.5172834465805001,0.9644006045277859
90,indoors,scene_00021,indoors/scene_00021/scan_00192,val/indoors/scene_00021/scan_00192/00021_00192_indoors_030_010.png,2,0,2,512,0,768,256,65536,13897,121124.0,118346.57740806937,117190.6078326925,1155.9695753768428,66984.24437289768,66513.3385764217,470.9057964759904,0.00829358004821325,0.011991166241195566,0.5003196610090725,0.4684431562186633
90,indoors,scene_00021,indoors/scene_00021/scan_00192,val/indoors/scene_00021/scan_00192/00021_00192_indoors_030_010.png,3,0,3,768,0,1024,256,65536,8405,99156.0,32315.106972869908,31563.321057459147,751.7859154107647,25402.01336763386,25172.614587083437,229.3987805504254,0.014342351047281054,0.013689974492879294,0.5098289993743532,0.8273757393262888
90,indoors,scene_00021,indoors/scene_00021/scan_00192,val/indoors/scene_00021/scan_00192/00021_00192_indoors_030_010.png,4,1,0,0,256,256,512,65536,1189,70292.0,7420.274826807028,7409.07621908759,11.198607719438696,6599.461194722757,6576.515273249544,22.945921473212522,0.004948007106544097,0.004952507794793642,0.18270451607894295,2.8327211566774366
90,indoors,scene_00021,indoors/scene_00021/scan_00192,val/indoors/scene_00021/scan_00192/00021_00192_indoors_030_010.png,5,1,1,256,256,512,512,65536,295,66716.0,15826.443374114497,15819.547894672556,6.895479441941144,15037.738102048163,15036.368153680412,1.3699483677502977,0.005349439057008731,0.0044412555594118466,0.2771290349703218,1.3008505328768356
90,indoors,scene_00021,indoors/scene_00021/scan_00192,val/indoors/scene_00021/scan_00192/00021_00192_indoors_030_010.png,6,1,2,512,256,768,512,65492,20872,148980.0,36153.08580629509,36892.236410084326,-739.1506037892441,15761.996291681326,15989.944638149971,-227.94834646864356,0.008993154006109583,0.010674435123244112,0.6101989741571215,0.22360445399627835
90,indoors,scene_00021,indoors/scene_00021/scan_00192,val/indoors/scene_00021/scan_00192/00021_00192_indoors_030_010.png,7,1,3,768,256,1024,512,65536,9850,104936.0,13244.634099540168,13270.479866063173,-25.84576652300477,8759.483082755516,8737.236303759917,22.246778995596518,0.015083287347424777,0.0062691725514906526,0.235461034659349,2.495939915541024
90,indoors,scene_00021,indoors/scene_00021/scan_00192,val/indoors/scene_00021/scan_00192/00021_00192_indoors_030_010.png,8,2,0,0,512,256,768,65536,1563,71788.0,6822.522205669371,6800.90386932356,21.618336345812086,5850.379544890493,5815.503805454388,34.87573943610481,0.004962145052753436,0.005000222079010916,0.23993949974747023,2.74939366837509
90,indoors,scene_00021,indoors/scene_00021/scan_00192,val/indoors/scene_00021/scan_00192/00021_00192_indoors_030_010.png,9,2,1,256,512,512,768,65529,1081,69853.0,18392.04034471314,17622.579524918503,769.4608197946379,16435.620191719783,15840.907603671763,594.7125880480229,0.006225965067408596,0.014866916914698132,0.5091697233375614,1.258092203919861
90,indoors,scene_00021,indoors/scene_00021/scan_00192,val/indoors/scene_00021/scan_00192/00021_00192_indoors_030_010.png,10,2,2,512,512,768,768,65435,14502,123443.0,30815.234513466436,31031.010653652513,-215.77614018607744,13811.999169329156,13813.324553285569,-1.3253839564121481,0.011373803788255183,0.02958292293495412,1.2798149039276654,-0.1076793795902373
90,indoors,scene_00021,indoors/scene_00021/scan_00192,val/indoors/scene_00021/scan_00192/00021_00192_indoors_030_010.png,11,2,3,768,512,1024,768,65433,5703,88245.0,11882.113852655999,11875.750995732713,6.362856923287966,8734.576568325327,8738.75333663699,-4.176768311662059,0.01428338490530464,0.004425773628641637,0.4097061969398032,1.831244908748251
91,indoors,scene_00021,indoors/scene_00021/scan_00192,val/indoors/scene_00021/scan_00192/00021_00192_indoors_040_000.png,0,0,0,0,0,256,256,40586,11546,86770.0,16570.083986324113,16669.108236592172,-99.02425026806033,5589.125815149098,5626.677904134511,-37.55208898541243,0.01394846350083827,0.003896271591059204,0.02317788014205592,2.503085984543747
91,indoors,scene_00021,indoors/scene_00021/scan_00192,val/indoors/scene_00021/scan_00192/00021_00192_indoors_040_000.png,1,0,1,256,0,512,256,65536,1019,69612.0,5708.726691942171,5590.144222472023,118.58246947014746,5207.431233052312,5137.673056102198,69.75817695011503,0.005033938569831968,0.003624951532486614,0.6689626943700447,0.49301831864435386
91,indoors,scene_00021,indoors/scene_00021/scan_00192,val/indoors/scene_00021/scan_00192/00021_00192_indoors_040_000.png,2,0,2,512,0,768,256,65536,434,67272.0,25694.28135277322,25705.020273309136,-10.738920535917046,24117.529506948893,24108.81423309292,8.715273855978008,0.00551888150263982,0.0038093415558970705,0.23564789840824737,0.8714101018629585
91,indoors,scene_00021,indoors/scene_00021/scan_00192,val/indoors/scene_00021/scan_00192/00021_00192_indoors_040_000.png,3,0,3,768,0,1024,256,65481,6652,92089.0,34541.567929116754,35060.9861403898,-519.418211273047,21691.50232841678,21953.487691839648,-261.98536342286843,0.009179269183628644,0.00954794415340205,0.42530599936242336,0.4114872890505759
91,indoors,scene_00021,indoors/scene_00021/scan_00192,val/indoors/scene_00021/scan_00192/00021_00192_indoors_040_000.png,4,1,0,0,256,256,512,51943,12256,100967.0,11715.129170644921,11590.316815732283,124.81235491263706,4732.9858785545275,4679.2442255893275,53.74165296519985,0.017389294885759174,0.00606245885890249,0.37203425625440567,1.3740455008382193
91,indoors,scene_00021,indoors/scene_00021/scan_00192,val/indoors/scene_00021/scan_00192/00021_00192_indoors_040_000.png,5,1,1,256,256,512,512,65536,1329,70852.0,4716.043410813149,4688.6525517677055,27.39085904544329,4392.866384275191,4370.083641972815,22.782742302376334,0.004950552470638881,0.003546869856400292,0.47069098133926895,0.7113743481007511
91,indoors,scene_00021,indoors/scene_00021/scan_00192,val/indoors/scene_00021/scan_00192/00021_00192_indoors_040_000.png,6,1,2,512,256,768,512,65528,1336,70872.0,34180.15679115016,34397.25680195278,-217.1000108026161,32803.31042101543,32996.711762363426,-193.4013413480007,0.006555827835242777,0.007980911135962351,0.5007505686235386,0.7221457028149214
91,indoors,scene_00021,indoors/scene_00021/scan_00192,val/indoors/scene_00021/scan_00192/00021_00192_indoors_040_000.png,7,1,3,768,256,1024,512,65419,5921,89103.0,26945.894350991428,27172.972303095143,-227.07795210371893,17300.9628942568,17506.01040974143,-205.0475154846241,0.009626951719374567,0.010227302073571826,0.6189430608456338,0.43483563316960483
91,indoors,scene_00021,indoors/scene_00021/scan_00192,val/indoors/scene_00021/scan_00192/00021_00192_indoors_040_000.png,8,2,0,0,512,256,768,65536,7568,95808.0,19580.345711415663,19601.11757846281,-20.771867047147385,9993.298283257674,9995.6679616904,-2.369678432726751,0.009003467587042645,0.013166665728578126,0.5420001438814737,1.4950067420483395
91,indoors,scene_00021,indoors/scene_00021/scan_00192,val/indoors/scene_00021/scan_00192/00021_00192_indoors_040_000.png,9,2,1,256,512,512,768,65535,10252,106543.0,27987.92752789171,28451.027537738344,-463.1000098466348,16656.596145462165,16906.993614473206,-250.39746901104076,0.01113556822763885,0.015015679573945968,0.8917834904993757,1.1652339559789906
91,indoors,scene_00021,indoors/scene_00021/scan_00192,val/indoors/scene_00021/scan_00192/00021_00192_indoors_040_000.png,10,2,2,512,512,768,768,65465,9759,104501.0,33820.50567644113,33141.36237298925,679.1433034518786,24610.23875342973,24081.109089455862,529.12966397387,0.010969960836289209,0.029045721401157996,0.7068492864536929,1.0265058160311438
91,indoors,scene_00021,indoors/scene_00021/scan_00192,val/indoors/scene_00021/scan_00192/00021_00192_indoors_040_000.png,11,2,3,768,512,1024,768,65535,6693,92307.0,28084.345427738823,27067.148158173095,1017.1972695657275,19983.580687331523,19469.678882319058,513.9018050124599,0.013368054008368185,0.02504636507960822,0.9384847029305771,0.39431729385259995
92,indoors,scene_00021,indoors/scene_00021/scan_00192,val/indoors/scene_00021/scan_00192/00021_00192_indoors_220_000.png,0,0,0,0,0,256,256,64985,25490,166945.0,1861092.5800970779,1208555.5205164752,652537.0595806027,458787.37152911955,315522.0508438797,143265.3206852398,0.02958025098163608,0.028367718546891414,0.9081581028823436,0.4032489952681574
92,indoors,scene_00021,indoors/scene_00021/scan_00192,val/indoors/scene_00021/scan_00192/00021_00192_indoors_220_000.png,1,0,1,256,0,512,256,65341,9085,101681.0,35677.851845410325,35192.93678915336,484.9150562569623,25673.2955203944,25331.32110655219,341.97441384221054,0.01746032939071015,0.01743833319532177,0.6733392063844933,0.8360156851887214
92,indoors,scene_00021,indoors/scene_00021/scan_00192,val/indoors/scene_00021/scan_00192/00021_00192_indoors_220_000.png,2,0,2,512,0,768,256,65520,941,69284.0,9205.79813498041,9171.276547479498,34.52158750091284,7859.087020063196,7840.852793531602,18.23422653159322,0.011274401442083803,0.007627964836220162,0.46639930258014,1.8168823232155238
92,indoors,scene_00021,indoors/scene_00021/scan_00192,val/indoors/scene_00021/scan_00192/00021_00192_indoors_220_000.png,3,0,3,768,0,1024,256,65536,40,65696.0,4021.188875347871,4014.119655091196,7.069220256674687,4017.8293829738577,4011.294365364627,6.535017609230315,0.0112690660387075,0.007995745010712152,0.5732771848862172,3.2584997481012676
92,indoors,scene_00021,indoors/scene_00021/scan_00192,val/indoors/scene_00021/scan_00192/00021_00192_indoors_220_000.png,4,1,0,0,256,256,512,65536,20038,145688.0,19084.52797512287,18869.13194703604,215.39602808682855,9922.555978591514,9875.066994878416,47.488983713097426,0.008938848937742407,0.0105955771932204,0.58128975063369,2.175062148362682
92,indoors,scene_00021,indoors/scene_00021/scan_00192,val/indoors/scene_00021/scan_00192/00021_00192_indoors_220_000.png,5,1,1,256,256,512,512,65536,0,65536.0,5807.324569268796,5797.626148987919,9.698420280876501,5807.324569268796,5797.626148987919,9.698420280876501,0.0077481820232988205,0.004667832674593254,0.6156338428457465,1.556889608929909
92,indoors,scene_00021,indoors/scene_00021/scan_00192,val/indoors/scene_00021/scan_00192/00021_00192_indoors_220_000.png,6,1,2,512,256,768,512,65536,1005,69556.0,12570.977091668094,12565.399084320306,5.578007347786199,11957.117141046967,11994.804266426821,-37.68712537985388,0.0124472049509754,0.009025906487715627,0.3746466757757047,1.9194516776360013
92,indoors,scene_00021,indoors/scene_00021/scan_00192,val/indoors/scene_00021/scan_00192/00021_00192_indoors_220_000.png,7,1,3,768,256,1024,512,65536,153,66148.0,4335.401127741729,4434.270157955268,-98.8690302135383,4326.479755989671,4421.886077689985,-95.40632170031472,0.013803251604122244,0.008264619931830426,0.7834621231396578,2.1779086927895697
92,indoors,scene_00021,indoors/scene_00021/scan_00192,val/indoors/scene_00021/scan_00192/00021_00192_indoors_220_000.png,8,2,0,0,512,256,768,65366,20782,148494.0,22445.45067982886,22322.777263588752,122.6734162401131,8250.200311811932,8242.248447626305,7.951864185627189,0.011635084454207639,0.011536556082952872,0.4685454603153754,2.44357825027598
92,indoors,scene_00021,indoors/scene_00021/scan_00192,val/indoors/scene_00021/scan_00192/00021_00192_indoors_220_000.png,9,2,1,256,512,512,768,65536,0,65536.0,3138.420242543042,3141.4719050980857,-3.05166255504337,3138.420242543042,3141.4719050980857,-3.05166255504337,0.00745230941551118,0.0045030366548217855,1.1334620713298287,0.08045261509026291
92,indoors,scene_00021,indoors/scene_00021/scan_00192,val/indoors/scene_00021/scan_00192/00021_00192_indoors_220_000.png,10,2,2,512,512,768,768,65536,1016,69600.0,22462.285075707212,22535.489073881698,-73.2039981744895,21529.306247712557,21247.660700450317,281.64554726223963,0.0132821774951969,0.009383011061312055,0.1745433578714052,2.328600491398684
92,indoors,scene_00021,indoors/scene_00021/scan_00192,val/indoors/scene_00021/scan_00192/00021_00192_indoors_220_000.png,11,2,3,768,512,1024,768,65536,0,65536.0,6494.22975709622,6487.559168291655,6.670588804565837,6494.22975709622,6487.559168291655,6.670588804565837,0.01113548791347721,0.007241688147904714,0.843316973399397,0.6159691489903125
93,indoors,scene_00021,indoors/scene_00021/scan_00192,val/indoors/scene_00021/scan_00192/00021_00192_indoors_240_000.png,0,0,0,0,0,256,256,65396,2147,73984.0,174098.3732748921,174236.0000482768,-137.62677338469751,142373.14083199672,142388.0560878472,-14.915255850488123,0.0072313687413692014,0.0006619146633743638,0.2331463400596305,-0.02946370487042227
93,indoors,scene_00021,indoors/scene_00021/scan_00192,val/indoors/scene_00021/scan_00192/00021_00192_indoors_240_000.png,1,0,1,256,0,512,256,64148,11466,110012.0,67623.0511113236,66002.35582295078,1620.6952883728122,46980.635972396165,44819.5304776243,2161.105494771876,0.008787327671104425,0.02562288888100081,0.8414440870442988,-0.0538689613674479
93,indoors,scene_00021,indoors/scene_00021/scan_00192,val/indoors/scene_00021/scan_00192/00021_00192_indoors_240_000.png,2,0,2,512,0,768,256,65255,8647,99843.0,18337.484209584305,18655.656559701085,-318.1723501167769,9089.651311431258,9333.589166922764,-243.9378554915065,0.030312992204280305,0.027707509113378024,0.948447305010776,1.6822484160686744
93,indoors,scene_00021,indoors/scene_00021/scan_00192,val/indoors/scene_00021/scan_00192/00021_00192_indoors_240_000.png,3,0,3,768,0,1024,256,65369,4303,82581.0,10902.342388130033,10937.093772267443,-34.751384137407754,5825.329482008182,5863.39000187807,-38.06051986988745,0.015135850098263357,0.017545870267433147,0.6858725890503228,3.538548757288383
93,indoors,scene_00021,indoors/scene_00021/scan_00192,val/indoors/scene_00021/scan_00192/00021_00192_indoors_240_000.png,4,1,0,0,256,256,512,65388,4524,83484.0,268879.4838659615,267832.69596573187,1046.7879002296074,190335.68798012676,189845.56010633975,490.1278737870099,0.01237494655108126,0.002784142106030896,0.22296124972748635,0.03715264558986625
93,indoors,scene_00021,indoors/scene_00021/scan_00192,val/indoors/scene_00021/scan_00192/00021_00192_indoors_240_000.png,5,1,1,256,256,512,512,65189,22607,155617.0,102370.22531866322,98757.81632253504,3612.40899612816,46738.392343199026,43783.15886814098,2955.2334750580485,0.01201530185609747,0.02458573339097271,0.7421395360015499,0.14813895656474985
93,indoors,scene_00021,indoors/scene_00021/scan_00192,val/indoors/scene_00021/scan_00192/00021_00192_indoors_240_000.png,6,1,2,512,256,768,512,65536,289,66692.0,13071.3053767128,13062.94159507439,8.363781638411364,12906.105440627294,12897.447964392088,8.657476235206936,0.009213727223809033,0.008562029501148784,0.6345830399349695,3.5738493693151687
93,indoors,scene_00021,indoors/scene_00021/scan_00192,val/indoors/scene_00021/scan_00192/00021_00192_indoors_240_000.png,7,1,3,768,256,1024,512,65536,0,65536.0,8379.92105310504,8382.882531231582,-2.96147812654366,8379.92105310504,8382.882531231582,-2.96147812654366,0.008078504287910886,0.003618892507954324,0.5738350827235799,4.451394721422653
93,indoors,scene_00021,indoors/scene_00021/scan_00192,val/indoors/scene_00021/scan_00192/00021_00192_indoors_240_000.png,8,2,0,0,512,256,768,65536,0,65536.0,9639.618161505812,9652.348569774802,-12.730408268988654,9639.618161505812,9652.348569774802,-12.730408268988654,0.015830798046628833,0.005198291822869817,0.32634373942559364,0.3322372379233397
93,indoors,scene_00021,indoors/scene_00021/scan_00192,val/indoors/scene_00021/scan_00192/00021_00192_indoors_240_000.png,9,2,1,256,512,512,768,65448,22819,156724.0,37674.136871431314,37874.12196307461,-199.98509164330497,13212.031044030762,13243.823088805198,-31.792044774436693,0.013874859562745841,0.019836742959335112,0.7516273681498777,0.5663079512982445
93,indoors,scene_00021,indoors/scene_00021/scan_00192,val/indoors/scene_00021/scan_00192/00021_00192_indoors_240_000.png,10,2,2,512,512,768,768,65446,1577,71754.0,12819.852621218208,12809.661628705187,10.190992513020847,11486.26308680528,11473.132745976225,13.130340829056198,0.01127969419842985,0.008921178175471896,0.488195859922936,4.715919650690575
93,indoors,scene_00021,indoors/scene_00021/scan_00192,val/indoors/scene_00021/scan_00192/00021_00192_indoors_240_000.png,11,2,3,768,512,1024,768,65536,0,65536.0,5174.025690954028,5180.40947607534,-6.383785121311765,5174.025690954028,5180.40947607534,-6.383785121311765,0.007818534860242653,0.0034603412843446186,1.7525575326582488,0.5069255240235044
94,indoors,scene_00021,indoors/scene_00021/scan_00192,val/indoors/scene_00021/scan_00192/00021_00192_indoors_240_020.png,0,0,0,0,0,256,256,65456,1345,70836.0,7843.087868574504,7895.987441122478,-52.89957254797557,4548.367099653309,4545.013872573366,3.353227079943059,0.007394250844958131,0.00697741886268809,0.5641292815112733,0.1810784585343715
94,indoors,scene_00021,indoors/scene_00021/scan_00192,val/indoors/scene_00021/scan_00192/00021_00192_indoors_240_020.png,1,0,1,256,0,512,256,65533,795,68713.0,6018.812441476279,6007.885180946899,10.927260529379316,5525.9927805390125,5516.6387545096195,9.354026029393387,0.006631171134003997,0.007368067330835817,0.5082050830775982,0.5114374937996155
94,indoors,scene_00021,indoors/scene_00021/scan_00192,val/indoors/scene_00021/scan_00192/00021_00192_indoors_240_020.png,2,0,2,512,0,768,256,65536,0,65536.0,2636.354051132398,2705.3423681963536,-68.98831706395531,2636.354051132398,2705.3423681963536,-68.98831706395531,0.006234665292565963,0.007933435443435404,1.6820641215943972,-1.247700239983783
94,indoors,scene_00021,indoors/scene_00021/scan_00192,val/indoors/scene_00021/scan_00192/00021_00192_indoors_240_020.png,3,0,3,768,0,1024,256,65536,0,65536.0,1651.5179019895616,1660.1779156413256,-8.660013651764206,1651.5179019895616,1660.1779156413256,-8.660013651764206,0.006530153748323848,0.008304072413611856,0.7826613627604595,2.2337249778185604
94,indoors,scene_00021,indoors/scene_00021/scan_00192,val/indoors/scene_00021/scan_00192/00021_00192_indoors_240_020.png,4,1,0,0,256,256,512,65517,8094,97893.0,155457.24772082566,156010.24078216837,-552.9930613426924,91318.71083780409,91194.8945786449,123.81625915919358,0.008329298540289071,0.005504036294070855,0.18836551103282168,0.08315604430399245
94,indoors,scene_00021,indoors/scene_00021/scan_00192,val/indoors/scene_00021/scan_00192/00021_00192_indoors_240_020.png,5,1,1,256,256,512,512,65534,10502,107542.0,119706.46369812817,120853.95524176641,-1147.4915436382387,61421.51489307605,61661.33078652152,-239.81589344547248,0.00603081225917124,0.007649125285058754,0.37020710035907034,0.08055653307395408
94,indoors,scene_00021,indoors/scene_00021/scan_00192,val/indoors/scene_00021/scan_00192/00021_00192_indoors_240_020.png,6,1,2,512,256,768,512,65536,0,65536.0,2920.9920741717806,2919.791938203382,1.2001359683985389,2920.9920741717806,2919.791938203382,1.2001359683985389,0.005733194844292575,0.00841106696834076,1.090112162228682,1.2350019230699663
94,indoors,scene_00021,indoors/scene_00021/scan_00192,val/indoors/scene_00021/scan_00192/00021_00192_indoors_240_020.png,7,1,3,768,256,1024,512,65536,0,65536.0,3697.0166033081705,3706.0686089854958,-9.052005677325791,3697.0166033081705,3706.0686089854958,-9.052005677325791,0.006057880862600325,0.008549148489036982,0.5316455278237917,3.220707163164401
94,indoors,scene_00021,indoors/scene_00021/scan_00192,val/indoors/scene_00021/scan_00192/00021_00192_indoors_240_020.png,8,2,0,0,512,256,768,65402,3323,78694.0,176214.33906056773,177391.95519694738,-1177.616136379654,134970.08057647073,134705.75937798232,264.32119848841614,0.007574947898905668,0.0005739859000307268,0.3228622341291873,-0.1220939181616508
94,indoors,scene_00021,indoors/scene_00021/scan_00192,val/indoors/scene_00021/scan_00192/00021_00192_indoors_240_020.png,9,2,1,256,512,512,768,63968,32590,194328.0,116211.76580830716,134517.7021382133,-18305.936329906144,53403.013896445904,59568.78120805035,-6165.767311604454,0.009643101300017214,0.02822204734184684,0.8260447899706324,0.0817292052392507
94,indoors,scene_00021,indoors/scene_00021/scan_00192,val/indoors/scene_00021/scan_00192/00021_00192_indoors_240_020.png,10,2,2,512,512,768,768,65263,14768,124335.0,21557.78680653972,21034.207063244037,523.5797432956795,7535.169480809964,7395.086256502088,140.08322430787663,0.031053537881562787,0.024917010272725273,0.912662854688375,2.2969980913774517
94,indoors,scene_00021,indoors/scene_00021/scan_00192,val/indoors/scene_00021/scan_00192/00021_00192_indoors_240_020.png,11,2,3,768,512,1024,768,65351,7000,93351.0,14551.006669021419,14070.158037403362,480.8486316180571,7883.582473325888,7728.644943100129,154.93753022575737,0.015593579222387926,0.014469776006185172,0.6511327674087581,4.2768813031984605
95,indoors,scene_00021,indoors/scene_00021/scan_00192,val/indoors/scene_00021/scan_00192/00021_00192_indoors_300_020.png,0,0,0,0,0,256,256,65516,1345,70896.0,5421.891072345348,5473.903054961671,-52.01198261632178,3697.626877589336,3720.60465316584,-22.977775576503596,0.006523479140265879,0.009091459801283753,0.6721140049011467,2.4891352079862124
95,indoors,scene_00021,indoors/scene_00021/scan_00192,val/indoors/scene_00021/scan_00192/00021_00192_indoors_300_020.png,1,0,1,256,0,512,256,65469,2220,74349.0,7416.090857011224,7452.168008117908,-36.077151106684646,5227.491203015294,5237.005465656859,-9.514262641565669,0.006805135762261569,0.011930408959498026,0.8316916813115546,1.0661075645039477
95,indoors,scene_00021,indoors/scene_00021/scan_00192,val/indoors/scene_00021/scan_00192/00021_00192_indoors_300_020.png,2,0,2,512,0,768,256,65536,89,65892.0,3990.7223905293677,3969.478285368634,21.244105160734296,3941.2446353945606,3920.6919150391277,20.55272035543247,0.006289751879932402,0.0110789498126465,0.7146713965708144,0.7371628981491375
95,indoors,scene_00021,indoors/scene_00021/scan_00192,val/indoors/scene_00021/scan_00192/00021_00192_indoors_300_020.png,3,0,3,768,0,1024,256,65516,679,68232.0,4714.804313518235,4687.054608151486,27.74970536674894,3360.277449650629,3332.294910494679,27.982539155950114,0.006603438980567793,0.010239651725580388,0.5614301877996909,1.6320471035704067
95,indoors,scene_00021,indoors/scene_00021/scan_00192,val/indoors/scene_00021/scan_00192/00021_00192_indoors_300_020.png,4,1,0,0,256,256,512,65523,1590,71883.0,8663.356330664512,8711.342915044097,-47.98658437958423,4177.651907788652,4225.445351271964,-47.79344348331124,0.0060596467228255044,0.013637051070422007,1.0834987489282257,0.019235678815398515
95,indoors,scene_00021,indoors/scene_00021/scan_00192,val/indoors/scene_00021/scan_00192/00021_00192_indoors_300_020.png,5,1,1,256,256,512,512,64980,25063,165232.0,318508.30231615383,368511.80664488906,-50003.504328735165,116335.35478146869,131511.11838217505,-15175.76360070636,0.028333389138098818,0.01264970541887088,0.6450804321462089,-0.20883864118603926
95,indoors,scene_00021,indoors/scene_00021/scan_00192,val/indoors/scene_00021/scan_00192/00021_00192_indoors_300_020.png,6,1,2,512,256,768,512,65054,12423,114746.0,99365.1328146827,99289.66487625713,75.46793842556099,45230.388537146486,45005.39279457729,224.99574256919394,0.025454427710834816,0.012512590320343941,0.35207273361048247,0.2275939071353779
95,indoors,scene_00021,indoors/scene_00021/scan_00192,val/indoors/scene_00021/scan_00192/00021_00192_indoors_300_020.png,7,1,3,768,256,1024,512,65517,10102,105925.0,29621.146167579882,29517.693928786655,103.45223879322285,15332.730694393318,15352.878250655376,-20.14755626205855,0.018114330903742464,0.008518431838938465,0.3231493975552411,0.6541472714713353
95,indoors,scene_00021,indoors/scene_00021/scan_00192,val/indoors/scene_00021/scan_00192/00021_00192_indoors_300_020.png,8,2,0,0,512,256,768,65507,4710,84347.0,9594.317551388405,9703.674416001808,-109.35686461340393,7218.501011247782,7259.194724735886,-40.69371348810415,0.013995784191637915,0.013323245983366825,0.734716955236915,1.9695675812235525
95,indoors,scene_00021,indoors/scene_00021/scan_00192,val/indoors/scene_00021/scan_00192/00021_00192_indoors_300_020.png,9,2,1,256,512,512,768,65397,8599,99793.0,358525.7728889615,428838.00526549295,-70312.2323765314,184082.44072266988,210070.02723674386,-25987.586514073966,0.021971733873377804,0.025917407952908263,0.7354338230934896,-0.3501550404340832
95,indoors,scene_00021,indoors/scene_00021/scan_00192,val/indoors/scene_00021/scan_00192/00021_00192_indoors_300_020.png,10,2,2,512,512,768,768,65294,4795,84474.0,37652.5733383164,48327.279074741135,-10674.705736424736,29620.585839835418,33432.42682121409,-3811.840981378672,0.01903642792656505,0.012540916067549214,0.6563266189923989,-0.045208479779717
95,indoors,scene_00021,indoors/scene_00021/scan_00192,val/indoors/scene_00021/scan_00192/00021_00192_indoors_300_020.png,11,2,3,768,512,1024,768,65327,6850,92727.0,16410.562579196536,31059.602230066397,-14649.03965086986,10464.04769931998,13955.12878718151,-3491.081087861528,0.02096314419169759,0.013506816288795208,0.7307564608619053,0.0020790344004849143
96,indoors,scene_00021,indoors/scene_00021/scan_00192,val/indoors/scene_00021/scan_00192/00021_00192_indoors_310_010.png,0,0,0,0,0,256,256,65536,1074,69832.0,8584.633035419807,8621.501123215927,-36.8680877961208,7670.916567095402,7680.86828733585,-9.951720240448921,0.006671678492806061,0.004752201687411463,0.38201347132670926,3.509188530872743
96,indoors,scene_00021,indoors/scene_00021/scan_00192,val/indoors/scene_00021/scan_00192/00021_00192_indoors_310_010.png,1,0,1,256,0,512,256,65458,3635,79998.0,46334.18721489365,49593.05812762253,-3258.870912728861,23066.933675893146,23889.54156144016,-822.6078855470187,0.0075915434180184585,0.01174448050543358,0.6721362116673799,0.01281645971457846
96,indoors,scene_00021,indoors/scene_00021/scan_00192,val/indoors/scene_00021/scan_00192/00021_00192_indoors_310_010.png,2,0,2,512,0,768,256,64966,26333,170298.0,361022.3299237563,355898.85861833574,5123.471305420552,117647.47500205907,115124.73309107387,2522.741910985205,0.026877645714377174,0.013496629530905056,0.3567289071305691,0.20770226061027022
96,indoors,scene_00021,indoors/scene_00021/scan_00192,val/indoors/scene_00021/scan_00192/00021_00192_indoors_310_010.png,3,0,3,768,0,1024,256,65074,17413,134726.0,132599.52616540124,134116.32523695298,-1516.7990715517562,56509.091173977606,56659.75398664195,-150.66281266435232,0.02372357281692467,0.012272730080032478,0.2527889384897596,0.21706494683903346
96,indoors,scene_00021,indoors/scene_00021/scan_00192,val/indoors/scene_00021/scan_00192/00021_00192_indoors_310_010.png,4,1,0,0,256,256,512,65494,4306,82718.0,7332.302502869771,7430.273578879014,-97.97107600924315,5254.95445002658,5336.754847673012,-81.80039764643142,0.018338375297768793,0.0096752035270027,0.5110940832646849,3.463407026631674
96,indoors,scene_00021,indoors/scene_00021/scan_00192,val/indoors/scene_00021/scan_00192/00021_00192_indoors_310_010.png,5,1,1,256,256,512,512,65506,5102,85914.0,22748.205335696417,18328.767563432644,4419.437772263772,18221.979171573188,14400.951602910509,3821.027568662681,0.014976877433333164,0.02263842012509048,0.7173854228039208,1.332698889423895
96,indoors,scene_00021,indoors/scene_00021/scan_00192,val/indoors/scene_00021/scan_00192/00021_00192_indoors_310_010.png,6,1,2,512,256,768,512,65396,8296,98580.0,504501.8024499242,556499.13793153,-51997.335481605754,269881.316520698,286814.85900084954,-16933.542480151504,0.02327019564843561,0.017127014676314473,0.8645907621115456,-0.4644783400418007
96,indoors,scene_00021,indoors/scene_00021/scan_00192,val/indoors/scene_00021/scan_00192/00021_00192_indoors_310_010.png,7,1,3,768,256,1024,512,65493,4385,83033.0,79010.22485435798,147287.98951910032,-68277.76466474234,59494.17570421874,91121.59750605772,-31627.421801838995,0.019356451938946615,0.01528920380377919,0.7072526755911231,-0.3806438549925604
96,indoors,scene_00021,indoors/scene_00021/scan_00192,val/indoors/scene_00021/scan_00192/00021_00192_indoors_310_010.png,8,2,0,0,512,256,768,65469,2327,74777.0,10065.871225254483,10071.709081120442,-5.837855865957811,8564.034147422397,8567.035566650533,-3.001419228135167,0.016197251706857037,0.0036266283273015277,0.39864251920758953,4.51610383920845
96,indoors,scene_00021,indoors/scene_00021/scan_00192,val/indoors/scene_00021/scan_00192/00021_00192_indoors_310_010.png,9,2,1,256,512,512,768,65260,2919,76936.0,7651.856197291169,7656.7172255637215,-4.861028272552416,6348.531851880076,6350.871787259359,-2.339935379282693,0.009389883978221988,0.003921941643962303,0.709016901005376,1.9295781323373555
96,indoors,scene_00021,indoors/scene_00021/scan_00192,val/indoors/scene_00021/scan_00192/00021_00192_indoors_310_010.png,10,2,2,512,512,768,768,65536,1897,73124.0,17004.521440942663,16947.46441829284,57.05702264982382,15573.594745787688,15545.100095482776,28.494650304914156,0.008091818699337469,0.01395214433174917,0.5804514416331791,1.5507198373104636
96,indoors,scene_00021,indoors/scene_00021/scan_00192,val/indoors/scene_00021/scan_00192/00021_00192_indoors_310_010.png,11,2,3,768,512,1024,768,65307,764,68363.0,20906.47758876563,20905.711328486384,0.7662602792456779,20066.53963122047,20065.553413820315,0.9862174001509827,0.008391750827578478,0.004269291737325762,0.27706340514155486,2.7201732812143957
97,indoors,scene_00021,indoors/scene_00021/scan_00192,val/indoors/scene_00021/scan_00192/00021_00192_indoors_320_020.png,0,0,0,0,0,256,256,65519,948,69311.0,3101.546924170002,3070.616589575434,30.930334594567984,2557.0416405170063,2528.6696146141444,28.37202590286185,0.006250537215714899,0.007282979645091721,0.2610236137029484,3.057531060794596
97,indoors,scene_00021,indoors/scene_00021/scan_00192,val/indoors/scene_00021/scan_00192/00021_00192_indoors_320_020.png,1,0,1,256,0,512,256,65536,826,68840.0,3384.3219094120936,3413.4964675426436,-29.17455813054977,3146.3902466126337,3172.2827158046975,-25.892469192063917,0.006642315856950138,0.008024456270734025,0.4778846533825301,2.5170157058677183
97,indoors,scene_00021,indoors/scene_00021/scan_00192,val/indoors/scene_00021/scan_00192/00021_00192_indoors_320_020.png,2,0,2,512,0,768,256,65444,4844,84820.0,8222.120194572963,8323.481327160354,-101.36113258739266,4461.781234334549,4486.384449877547,-24.603215542998235,0.007276339318749642,0.009609460556794649,0.7588780966522016,1.0739313097173628
97,indoors,scene_00021,indoors/scene_00021/scan_00192,val/indoors/scene_00021/scan_00192/00021_00192_indoors_320_020.png,3,0,3,768,0,1024,256,65536,4510,83576.0,6663.841334332196,6613.381669541652,50.45966479054386,4063.8582600713717,4033.0460087704396,30.812251300931948,0.006152498996125009,0.009975189504030538,0.6997458220351607,0.3976105415561496
97,indoors,scene_00021,indoors/scene_00021/scan_00192,val/indoors/scene_00021/scan_00192/00021_00192_indoors_320_020.png,4,1,0,0,256,256,512,65529,6923,93221.0,9126.234804134076,9248.6179362618,-122.38313212772556,5187.609519967656,5193.529849885862,-5.920329918205997,0.010083366197876076,0.009720484235220261,0.3922269630449975,3.249673273771946
97,indoors,scene_00021,indoors/scene_00021/scan_00192,val/indoors/scene_00021/scan_00192/00021_00192_indoors_320_020.png,5,1,1,256,256,512,512,65535,1088,69887.0,2985.1420238340456,2950.4106030495473,34.731420784498404,2516.1000055794193,2499.957241182883,16.142764396536116,0.006574036920765741,0.005246082820321717,0.44683346177870314,2.6576113625313114
97,indoors,scene_00021,indoors/scene_00021/scan_00192,val/indoors/scene_00021/scan_00192/00021_00192_indoors_320_020.png,6,1,2,512,256,768,512,65444,5882,88972.0,59578.08908093604,78532.48781194579,-18954.39873100975,26391.84518053244,30260.81242073311,-3868.9672402006645,0.009541356974722373,0.011316219066655855,0.7906000788728166,-0.15061208958379818
97,indoors,scene_00021,indoors/scene_00021/scan_00192,val/indoors/scene_00021/scan_00192/00021_00192_indoors_320_020.png,7,1,3,768,256,1024,512,64945,29390,182505.0,250944.5209130699,278328.4571052437,-27383.93619217382,89860.3214582213,98253.74943437436,-8393.427976153069,0.029829768332175554,0.009873678995029108,0.43365299082327,-0.02890495449864845
97,indoors,scene_00021,indoors/scene_00021/scan_00192,val/indoors/scene_00021/scan_00192/00021_00192_indoors_320_020.png,8,2,0,0,512,256,768,65363,6416,91027.0,20348.717885509766,20561.27095594038,-212.5530704306114,15399.207748163033,15489.026155375483,-89.81840721245001,0.020847009549742477,0.0062157452278189034,1.7662780100494118,0.17709984625053554
97,indoors,scene_00021,indoors/scene_00021/scan_00192,val/indoors/scene_00021/scan_00192/00021_00192_indoors_320_020.png,9,2,1,256,512,512,768,65492,4192,82260.0,17216.247602658437,17219.441927976644,-3.1943253182087226,14074.309304395341,14029.688971034215,44.62033336112737,0.018251338217177754,0.008856729523099547,0.5433814927250177,2.9691304474719318
97,indoors,scene_00021,indoors/scene_00021/scan_00192,val/indoors/scene_00021/scan_00192/00021_00192_indoors_320_020.png,10,2,2,512,512,768,768,65497,5708,88329.0,33548.05776442148,29807.813104739747,3740.244659681727,27995.307598864332,24196.85570495906,3798.451893905268,0.01627913203214138,0.026199843541949902,0.8823881294850278,0.17408444462830122
97,indoors,scene_00021,indoors/scene_00021/scan_00192,val/indoors/scene_00021/scan_00192/00021_00192_indoors_320_020.png,11,2,3,768,512,1024,768,65378,7796,96562.0,265797.9891009904,373007.52746562206,-107209.53836463165,134842.3247243518,178807.3960620735,-43965.07133772166,0.020539605697439615,0.013397631340086657,0.6384091462962125,-0.2155201558857803
98,indoors,scene_00021,indoors/scene_00021/scan_00192,val/indoors/scene_00021/scan_00192/00021_00192_indoors_340_000.png,0,0,0,0,0,256,256,65482,5170,86162.0,95386.68302586811,91998.59617726924,3388.0868485988835,79638.78779618339,77304.49194878325,2334.2958474001325,0.015643441842378984,0.02058432321317964,0.8143288494510473,0.4467097910481148
98,indoors,scene_00021,indoors/scene_00021/scan_00192,val/indoors/scene_00021/scan_00192/00021_00192_indoors_340_000.png,1,0,1,256,0,512,256,65344,13630,119864.0,44308.641011866115,46019.255507058675,-1710.6144951925633,21077.864726549844,21541.24197432431,-463.37724777446556,0.026005073139307167,0.017481422497411456,0.6397163678592328,0.7292806906420807
98,indoors,scene_00021,indoors/scene_00021/scan_00192,val/indoors/scene_00021/scan_00192/00021_00192_indoors_340_000.png,2,0,2,512,0,768,256,65364,8481,99288.0,13186.721040568085,13525.247423586565,-338.52638301848043,5259.325122771161,5093.815095088079,165.51002768308285,0.021970859742983486,0.01025421815168491,0.7160576374420082,0.5841180109387787
98,indoors,scene_00021,indoors/scene_00021/scan_00192,val/indoors/scene_00021/scan_00192/00021_00192_indoors_340_000.png,3,0,3,768,0,1024,256,65487,6501,91491.0,76396.00448145013,69970.28306442584,6425.7214170242905,58638.56285914326,55326.94336499712,3311.6194941461413,0.017173933949723913,0.01867032029766035,0.6993179046111374,0.5070306557273655
98,indoors,scene_00021,indoors/scene_00021/scan_00192,val/indoors/scene_00021/scan_00192/00021_00192_indoors_340_000.png,4,1,0,0,256,256,512,65397,6613,91849.0,8454.912480711037,8463.575435253591,-8.662954542555386,6198.091846484151,6218.720327639676,-20.628481155524888,0.01732273053366742,0.002953076035132083,0.7796630480312081,0.44184128424159325
98,indoors,scene_00021,indoors/scene_00021/scan_00192,val/indoors/scene_00021/scan_00192/00021_00192_indoors_340_000.png,5,1,1,256,256,512,512,65534,5481,87458.0,6851.537177796656,6829.87388055621,21.663297240445715,5405.179346825638,5405.727240353831,-0.5478935281923953,0.010359367527472433,0.0030319941668298356,0.6050992471035133,1.1640512806841576
98,indoors,scene_00021,indoors/scene_00021/scan_00192,val/indoors/scene_00021/scan_00192/00021_00192_indoors_340_000.png,6,1,2,512,256,768,512,65425,5962,89273.0,5275.809652988713,5348.748426103886,-72.93877311517376,3883.271384322451,3905.8086888195003,-22.53730449704959,0.014289000369130044,0.0027420135944713807,0.6150143472147077,1.168904466371992
98,indoors,scene_00021,indoors/scene_00021/scan_00192,val/indoors/scene_00021/scan_00192/00021_00192_indoors_340_000.png,7,1,3,768,256,1024,512,65392,5473,87284.0,4808.885210119133,5118.646802408559,-309.7615922894268,3382.0648962306605,3556.5345393809052,-174.46964315024454,0.010694254756943569,0.0028778625754127627,0.8534133783245877,0.0411579844599832
98,indoors,scene_00021,indoors/scene_00021/scan_00192,val/indoors/scene_00021/scan_00192/00021_00192_indoors_340_000.png,8,2,0,0,512,256,768,65486,4113,81938.0,5027.893668765335,5050.840858498652,-22.947189733317924,3629.6758123451173,3633.1495893626525,-3.4737770175350278,0.014197307799557073,0.0030007973831946986,0.5540090626126207,0.9389724025688093
98,indoors,scene_00021,indoors/scene_00021/scan_00192,val/indoors/scene_00021/scan_00192/00021_00192_indoors_340_000.png,9,2,1,256,512,512,768,65536,2918,77208.0,5168.415677202203,5202.510237440788,-34.09456023858483,4534.7324657691115,4534.266521349848,0.4659444192636526,0.00968926555742934,0.0027851665874232363,0.3843773993617685,1.6037442119854597
98,indoors,scene_00021,indoors/scene_00021/scan_00192,val/indoors/scene_00021/scan_00192/00021_00192_indoors_340_000.png,10,2,2,512,512,768,768,65536,3765,80596.0,7026.7329489119975,7056.650864745875,-29.9179158338775,5883.139454974871,5888.509555811054,-5.370100836182473,0.013731081325182954,0.0025292865079320965,0.28538111741409106,1.897244471866669
98,indoors,scene_00021,indoors/scene_00021/scan_00192,val/indoors/scene_00021/scan_00192/00021_00192_indoors_340_000.png,11,2,3,768,512,1024,768,65308,10423,107000.0,23582.5378634765,22290.00622953958,1292.5316339369215,10607.829412402432,10042.061894169707,565.7675182327237,0.01466383800632295,0.016548692853001007,1.6099043479423618,-2.5950049639131505
99,indoors,scene_00021,indoors/scene_00021/scan_00192,val/indoors/scene_00021/scan_00192/00021_00192_indoors_350_030.png,0,0,0,0,0,256,256,65536,6,65560.0,25041.285879624105,25043.361384630334,-2.075505006226374,25032.762287104837,25034.799024635442,-2.0367375306039754,0.009885215031331449,0.013623231051407447,0.9577745937157299,1.4120996828055743
99,indoors,scene_00021,indoors/scene_00021/scan_00192,val/indoors/scene_00021/scan_00192/00021_00192_indoors_350_030.png,1,0,1,256,0,512,256,65536,9,65572.0,23991.20228881627,23991.90449398794,-0.7022051716686195,23981.28656958198,23981.987862059286,-0.7012924773010623,0.007261847443385287,0.013853666549415935,1.0610506259288883,0.8762312233521488
99,indoors,scene_00021,indoors/scene_00021/scan_00192,val/indoors/scene_00021/scan_00192/00021_00192_indoors_350_030.png,2,0,2,512,0,768,256,65536,293,66708.0,24267.20128394571,24270.995187063796,-3.7939031180891707,23996.536017362283,24000.050410748445,-3.5143933861626167,0.007841207945663838,0.013598335179971634,1.6076041898357483,-0.9032413608952954
99,indoors,scene_00021,indoors/scene_00021/scan_00192,val/indoors/scene_00021/scan_00192/00021_00192_indoors_350_030.png,3,0,3,768,0,1024,256,65536,1077,69844.0,25262.780177588807,25263.641068950594,-0.8608913617865968,24219.431243618696,24213.73642177895,5.69482183974372,0.007271937014566715,0.013514731182960121,1.2483454009599626,0.3967826691586991
99,indoors,scene_00021,indoors/scene_00021/scan_00192,val/indoors/scene_00021/scan_00192/00021_00192_indoors_350_030.png,4,1,0,0,256,256,512,65536,19728,144448.0,111616.91325386305,111546.99032696623,69.92292689682372,54781.39483716049,54801.49483251608,-20.099995355588888,0.005346068797323237,0.011528865021579146,0.6919317833946655,0.10376503021928454
99,indoors,scene_00021,indoors/scene_00021/scan_00192,val/indoors/scene_00021/scan_00192/00021_00192_indoors_350_030.png,5,1,1,256,256,512,512,65536,18117,138004.0,85793.20082380706,86497.28203467416,-704.0812108671099,43946.57665273246,44199.27666780669,-252.70001507423186,0.005367928739952052,0.01055879253172391,0.7193963322498215,-0.10300971719899835
99,indoors,scene_00021,indoors/scene_00021/scan_00192,val/indoors/scene_00021/scan_00192/00021_00192_indoors_350_030.png,6,1,2,512,256,768,512,65522,14834,124858.0,67577.51166530426,68387.00875314031,-809.4970878360582,37090.12366070862,37475.02457158025,-384.90091087163734,0.005619816467065185,0.01018161744163929,0.9816597859797814,-0.9082139020180915
99,indoors,scene_00021,indoors/scene_00021/scan_00192,val/indoors/scene_00021/scan_00192/00021_00192_indoors_350_030.png,7,1,3,768,256,1024,512,65536,10474,107432.0,48912.6811770395,49465.74560680187,-553.0644297623717,30538.425437718513,30745.43026312245,-207.00482540393784,0.005763516823318959,0.009981397696698495,0.8002529680344297,-0.2528815558960451
99,indoors,scene_00021,indoors/scene_00021/scan_00192,val/indoors/scene_00021/scan_00192/00021_00192_indoors_350_030.png,8,2,0,0,512,256,768,65536,3309,78772.0,40974.65784524793,40753.15594654139,221.5018987065378,34587.04403576751,34925.62207614504,-338.578040377528,0.005404928301356897,0.00884682174886952,0.47363956855384454,0.517093698980246
99,indoors,scene_00021,indoors/scene_00021/scan_00192,val/indoors/scene_00021/scan_00192/00021_00192_indoors_350_030.png,9,2,1,256,512,512,768,65536,0,65536.0,32871.74562561572,32891.976723757885,-20.231098142175014,32871.74562561572,32891.976723757885,-20.231098142175014,0.005685992994244718,0.0028965676298069692,0.3803050929786139,0.9835520514243757
99,indoors,scene_00021,indoors/scene_00021/scan_00192,val/indoors/scene_00021/scan_00192/00021_00192_indoors_350_030.png,10,2,2,512,512,768,768,65530,6378,91042.0,28637.831455225,29506.62161269885,-868.790157473849,22926.86418286309,23550.53864576904,-623.6744629059474,0.010311265171375372,0.014313126085869836,0.42413603468098765,1.2717263154885792
99,indoors,scene_00021,indoors/scene_00021/scan_00192,val/indoors/scene_00021/scan_00192/00021_00192_indoors_350_030.png,11,2,3,768,512,1024,768,65532,4416,83196.0,22610.206625330866,22748.792550655584,-138.58592532471926,18670.736072678854,18877.542781759574,-206.8067090807163,0.010783749143573645,0.011322960669719983,0.6469480043135457,1.2714957884795415
100,outdoor,scene_00022,outdoor/scene_00022/scan_00193,val/outdoor/scene_00022/scan_00193/00022_00193_outdoor_000_000.png,0,0,0,0,0,256,256,61837,16791,129001.0,134563.4995623357,133472.90134655833,1090.598215777352,39034.994231411314,38529.6580675522,505.33616385912126,0.036721892378146076,0.01958919052311249,0.9553511181595178,-0.3953403346426586
100,outdoor,scene_00022,outdoor/scene_00022/scan_00193,val/outdoor/scene_00022/scan_00193/00022_00193_outdoor_000_000.png,1,0,1,256,0,512,256,60530,13819,115806.0,193452.18511262577,195053.86118758118,-1601.6760749554005,51777.85220689858,51760.17399831004,17.678208588529486,0.03886766055385109,0.015971958194690383,0.6965028998139304,0.17019606175313834
100,outdoor,scene_00022,outdoor/scene_00022/scan_00193,val/outdoor/scene_00022/scan_00193/00022_00193_outdoor_000_000.png,2,0,2,512,0,768,256,62244,3796,77428.0,48261.521162010824,48296.00313135946,-34.48196934863003,28155.945023867596,28064.75246353416,91.19256033343379,0.033736189520054236,0.005017411791706521,0.286838938049064,0.17325578114327161
100,outdoor,scene_00022,outdoor/scene_00022/scan_00193,val/outdoor/scene_00022/scan_00193/00022_00193_outdoor_000_000.png,3,0,3,768,0,1024,256,51498,20382,133026.0,275587.84590827127,280986.80948157836,-5398.963573307081,98356.87763718936,99333.63962266076,-976.7619854713988,0.055054786865224165,0.011508633628686813,0.3596802523722297,0.07047855006442967
100,outdoor,scene_00022,outdoor/scene_00022/scan_00193,val/outdoor/scene_00022/scan_00193/00022_00193_outdoor_000_000.png,4,1,0,0,256,256,512,65480,1620,71960.0,16432.3858459203,16458.385857816134,-26.000011895836778,11445.780967710762,11461.81663302605,-16.035665315288867,0.020599170163807405,0.005621781119944709,0.6805016637343807,2.5348728803025953
100,outdoor,scene_00022,outdoor/scene_00022/scan_00193,val/outdoor/scene_00022/scan_00193/00022_00193_outdoor_000_000.png,5,1,1,256,256,512,512,65418,1317,70686.0,18382.857434062782,18371.91421178306,10.943222279722656,11206.550426514066,11196.159779704016,10.390646810049065,0.02474282612615051,0.01991045144923999,0.7765926292866604,1.0991575550635158
100,outdoor,scene_00022,outdoor/scene_00022/scan_00193,val/outdoor/scene_00022/scan_00193/00022_00193_outdoor_000_000.png,6,1,2,512,256,768,512,65536,313,66788.0,6765.923099857713,6767.7983154112335,-1.8752155535187658,6040.081187805052,6039.703417162888,0.37777064216348766,0.02263012964972119,0.010717528598179277,0.594964161531072,0.4273216466791188
100,outdoor,scene_00022,outdoor/scene_00022/scan_00193,val/outdoor/scene_00022/scan_00193/00022_00193_outdoor_000_000.png,7,1,3,768,256,1024,512,61681,16128,126193.0,101200.54007305647,101351.50910772965,-150.96903467318873,32317.438229575768,32360.5902768697,-43.152047293934146,0.020874605607924465,0.014307811202446955,0.7489904832137656,0.3572722772346235
100,outdoor,scene_00022,outdoor/scene_00022/scan_00193,val/outdoor/scene_00022/scan_00193/00022_00193_outdoor_000_000.png,8,2,0,0,512,256,768,65536,47,65724.0,8283.087941972353,8306.181957375677,-23.09401540332391,8225.719687908071,8249.607853183144,-23.888165275073675,0.015430400470636998,0.005537355121344144,0.11956243374465435,5.473399853182419
100,outdoor,scene_00022,outdoor/scene_00022/scan_00193,val/outdoor/scene_00022/scan_00193/00022_00193_outdoor_000_000.png,9,2,1,256,512,512,768,65536,83,65868.0,8936.090516475244,8932.63809534596,3.452421129286801,8869.585593804724,8865.973044654456,3.612549150269837,0.02149653284703876,0.009722341589703396,0.6037555114923283,3.000116053071334
100,outdoor,scene_00022,outdoor/scene_00022/scan_00193,val/outdoor/scene_00022/scan_00193/00022_00193_outdoor_000_000.png,10,2,2,512,512,768,768,65536,446,67320.0,9670.87368328232,9675.286720818676,-4.413037536356253,9204.60587387413,9209.743857946563,-5.137984072433463,0.01990471903939353,0.010584011059444776,0.675345096846129,2.3302163671706255
100,outdoor,scene_00022,outdoor/scene_00022/scan_00193,val/outdoor/scene_00022/scan_00193/00022_00193_outdoor_000_000.png,11,2,3,768,512,1024,768,65495,863,68947.0,13814.465494406217,14049.933671359506,-235.46817695328548,11688.535042947437,11799.746913179228,-111.21187023178868,0.014102237353845868,0.013365306029868598,0.8014373038087904,2.3978315674975
101,outdoor,scene_00022,outdoor/scene_00022/scan_00193,val/outdoor/scene_00022/scan_00193/00022_00193_outdoor_040_000.png,0,0,0,0,0,256,256,25085,1556,31309.0,30528.527899735207,29379.523310232966,1149.0045895022417,21130.014867510643,20547.428619108014,582.5862484026287,0.02659340949750641,0.012984796447263771,0.41101424072312037,0.2869445515060826
101,outdoor,scene_00022,outdoor/scene_00022/scan_00193,val/outdoor/scene_00022/scan_00193/00022_00193_outdoor_040_000.png,1,0,1,256,0,512,256,35407,3255,48427.0,33960.24877249973,34911.713541641126,-951.4647691413975,13113.089243561215,13425.340370935626,-312.25112737441015,0.021500288694011476,0.010628250318408566,0.5722895562920434,-0.17605026961814457
101,outdoor,scene_00022,outdoor/scene_00022/scan_00193,val/outdoor/scene_00022/scan_00193/00022_00193_outdoor_040_000.png,2,0,2,512,0,768,256,34070,17870,105550.0,126549.21773976371,127129.38580494697,-580.1680651832487,28884.749974231596,29165.24924505272,-280.49927082112583,0.033304070562742885,0.014693663614041006,0.7237427109982559,-0.10189322700768542
101,outdoor,scene_00022,outdoor/scene_00022/scan_00193,val/outdoor/scene_00022/scan_00193/00022_00193_outdoor_040_000.png,3,0,3,768,0,1024,256,44308,24528,142420.0,128697.25133340276,129302.33016102895,-605.0788276261981,44220.78897453252,44236.12768137919,-15.338706846668828,0.03202737656402144,0.016915369116920213,0.7827932467645428,-0.12147349931877484
101,outdoor,scene_00022,outdoor/scene_00022/scan_00193,val/outdoor/scene_00022/scan_00193/00022_00193_outdoor_040_000.png,4,1,0,0,256,256,512,65534,6977,93442.0,17923.270569406723,18257.74335912615,-334.4727897194284,9008.520463781637,9164.350809555744,-155.83034577410896,0.020422230194915084,0.018320277211195547,0.7473850788494214,0.6773820636351399
101,outdoor,scene_00022,outdoor/scene_00022/scan_00193,val/outdoor/scene_00022/scan_00193/00022_00193_outdoor_040_000.png,5,1,1,256,256,512,512,65534,6729,92450.0,15532.452552273624,15464.906592422605,67.54595985102031,7713.586739695307,7691.684920293138,21.90181940216962,0.013725619346911626,0.011159706130263536,0.6935081842609782,1.1199342300741868
101,outdoor,scene_00022,outdoor/scene_00022/scan_00193,val/outdoor/scene_00022/scan_00193/00022_00193_outdoor_040_000.png,6,1,2,512,256,768,512,65536,1157,70164.0,3600.457330809104,3614.670778691819,-14.213447882715,2495.7019770850484,2499.5086709210873,-3.806693836039064,0.01011776007781936,0.008179001460899307,0.5525421771676078,1.795595853674614
101,outdoor,scene_00022,outdoor/scene_00022/scan_00193,val/outdoor/scene_00022/scan_00193/00022_00193_outdoor_040_000.png,7,1,3,768,256,1024,512,65530,3947,81318.0,9561.891174783996,9575.165026205945,-13.273851421948747,5180.611435096296,5183.431589189589,-2.820154093293098,0.014193841696526242,0.005914435552366266,0.5578741703016715,2.163359197851702
101,outdoor,scene_00022,outdoor/scene_00022/scan_00193,val/outdoor/scene_00022/scan_00193/00022_00193_outdoor_040_000.png,8,2,0,0,512,256,768,65536,8,65568.0,6298.152805939526,6300.244825340391,-2.09201940086416,6296.162578890789,6298.266810976993,-2.104232086204121,0.01684798879947684,0.011312954569285058,0.8379712367320565,4.198982137087943
101,outdoor,scene_00022,outdoor/scene_00022/scan_00193,val/outdoor/scene_00022/scan_00193/00022_00193_outdoor_040_000.png,9,2,1,256,512,512,768,65536,111,65980.0,5290.531553409599,5288.838452256881,1.6931011527168693,5242.31246782637,5240.409748812939,1.9027190134301089,0.013971874799078804,0.011860348084567839,0.602135629841389,3.753613830022165
101,outdoor,scene_00022,outdoor/scene_00022/scan_00193,val/outdoor/scene_00022/scan_00193/00022_00193_outdoor_040_000.png,10,2,2,512,512,768,768,65536,0,65536.0,4446.322574336964,4436.468754480542,9.853819856423039,4446.322574336964,4436.468754480542,9.853819856423039,0.013931860864489979,0.010936462491088454,0.7392269767352873,3.066508602100617
101,outdoor,scene_00022,outdoor/scene_00022/scan_00193,val/outdoor/scene_00022/scan_00193/00022_00193_outdoor_040_000.png,11,2,3,768,512,1024,768,65536,171,66220.0,4050.194714349894,4038.1592830669188,12.035431282975319,3980.1041736501697,3967.943855138775,12.160318511395136,0.013015666554143608,0.00892325325919308,0.5211647391862811,3.486560893402481
102,outdoor,scene_00022,outdoor/scene_00022/scan_00193,val/outdoor/scene_00022/scan_00193/00022_00193_outdoor_050_010.png,0,0,0,0,0,256,256,65237,648,67829.0,3571.026450957339,3556.0185576451286,15.00789331221036,2721.746384336676,2705.490997703745,16.255386632930723,0.05775453186042169,0.003407102882167106,0.36699484912774694,0.3470721937220545
102,outdoor,scene_00022,outdoor/scene_00022/scan_00193,val/outdoor/scene_00022/scan_00193/00022_00193_outdoor_050_010.png,1,0,1,256,0,512,256,44482,9595,82862.0,44496.40659890986,44430.46140532151,65.94519358834253,14448.835836625582,14358.05833026034,90.77750636523855,0.03927404728906872,0.007958776845537053,0.28934004104875266,0.4192099317732336
102,outdoor,scene_00022,outdoor/scene_00022/scan_00193,val/outdoor/scene_00022/scan_00193/00022_00193_outdoor_050_010.png,2,0,2,512,0,768,256,52275,11243,97247.0,167488.87976824451,167133.23037900947,355.6493892350526,45624.39796798532,45463.481343916224,160.91662406909754,0.03770137890568005,0.004977658965783282,0.19781168666048354,0.3233843693388136
102,outdoor,scene_00022,outdoor/scene_00022/scan_00193,val/outdoor/scene_00022/scan_00193/00022_00193_outdoor_050_010.png,3,0,3,768,0,1024,256,59197,15462,121045.0,121091.78184883826,120655.20690461852,436.57494421973666,41806.12217204777,41645.565804488535,160.55636755923388,0.032688383684603445,0.0046223046922123975,0.13492448118977787,0.34078588733136556
102,outdoor,scene_00022,outdoor/scene_00022/scan_00193,val/outdoor/scene_00022/scan_00193/00022_00193_outdoor_050_010.png,4,1,0,0,256,256,512,64779,1515,70839.0,7203.473605579677,7150.506424182748,52.96718139693013,4862.75810934698,4799.874923069881,62.88318627709916,0.04782895787535617,0.01722001275335689,0.6973364179481993,0.7932097532835125
102,outdoor,scene_00022,outdoor/scene_00022/scan_00193,val/outdoor/scene_00022/scan_00193/00022_00193_outdoor_050_010.png,5,1,1,256,256,512,512,32151,1507,38179.0,10572.184669860188,10196.482412244703,375.7022576154852,5945.349599605943,5843.137214705906,102.2123849000358,0.026862977158652337,0.018367121649099774,0.6278191393807375,0.8170906093595601
102,outdoor,scene_00022,outdoor/scene_00022/scan_00193,val/outdoor/scene_00022/scan_00193/00022_00193_outdoor_050_010.png,6,1,2,512,256,768,512,42086,3396,55670.0,31212.249950835387,31248.08990742774,-35.83995659235649,9056.701486353446,9093.624462054031,-36.92297570058507,0.020712317622320012,0.013421952127037683,0.8217735791218111,0.16618421428746946
102,outdoor,scene_00022,outdoor/scene_00022/scan_00193,val/outdoor/scene_00022/scan_00193/00022_00193_outdoor_050_010.png,7,1,3,768,256,1024,512,40699,14792,99867.0,71182.34204865195,70913.68171289435,268.660335757587,18378.67632317812,18473.878202641095,-95.20187946297757,0.03360308802353997,0.018551522091394417,0.9405128693553184,-0.00044743726391576876
102,outdoor,scene_00022,outdoor/scene_00022/scan_00193,val/outdoor/scene_00022/scan_00193/00022_00193_outdoor_050_010.png,8,2,0,0,512,256,768,65535,2902,77143.0,12253.367623383223,12181.56552332879,71.8021000544334,10270.588719929841,10229.657040465758,40.931679464081924,0.021616518407089228,0.0244871523074416,0.6693840074484204,3.191337902392262
102,outdoor,scene_00022,outdoor/scene_00022/scan_00193,val/outdoor/scene_00022/scan_00193/00022_00193_outdoor_050_010.png,9,2,1,256,512,512,768,65536,2045,73716.0,10139.467448369309,10129.206344459608,10.261103909701118,8705.802240310324,8691.843689936364,13.958550373960454,0.01890167936750669,0.017645574029606977,0.7967469396127778,1.8704292932649764
102,outdoor,scene_00022,outdoor/scene_00022/scan_00193,val/outdoor/scene_00022/scan_00193/00022_00193_outdoor_050_010.png,10,2,2,512,512,768,768,65533,2740,76493.0,9676.371458921683,9636.6904141259,39.681044795779854,8004.604635390289,7963.065587919582,41.53904747070686,0.013616845772282208,0.013931767091785695,0.7751667210522105,2.7901489813063964
102,outdoor,scene_00022,outdoor/scene_00022/scan_00193,val/outdoor/scene_00022/scan_00193/00022_00193_outdoor_050_010.png,11,2,3,768,512,1024,768,65536,450,67336.0,8885.300554879526,8882.261564724535,3.038990154990925,8630.583099681291,8626.30247306965,4.280626611639975,0.009858565966799139,0.009048141422790573,0.5231657806021552,3.7673088232591443
103,outdoor,scene_00022,outdoor/scene_00022/scan_00193,val/outdoor/scene_00022/scan_00193/00022_00193_outdoor_060_040.png,0,0,0,0,0,256,256,58032,9127,94540.0,48267.89296528831,48276.960838879415,-9.067873591109958,11487.77330755226,11477.647327862162,10.125979690097315,0.04792749877157964,0.004207184332632543,0.37467221064738876,2.549262399631229
103,outdoor,scene_00022,outdoor/scene_00022/scan_00193,val/outdoor/scene_00022/scan_00193/00022_00193_outdoor_060_040.png,1,0,1,256,0,512,256,64025,1855,71445.0,22833.562420827133,21675.74208887017,1157.8203319569643,6224.993347535061,5989.637293634093,235.35605390096788,0.04770730731100521,0.014686197540285205,0.8688434666911714,0.1152910330898783
103,outdoor,scene_00022,outdoor/scene_00022/scan_00193,val/outdoor/scene_00022/scan_00193/00022_00193_outdoor_060_040.png,2,0,2,512,0,768,256,182,66,446.0,6534.298510443785,6360.354991896025,173.9435185477603,1483.5316256521478,1411.785319823664,71.74630582848401,0.007037155514923513,0.0019219291359059932,0.8801218167297924,2.943865573433196e-05
103,outdoor,scene_00022,outdoor/scene_00022/scan_00193,val/outdoor/scene_00022/scan_00193/00022_00193_outdoor_060_040.png,3,0,3,768,0,1024,256,0,0,0.0,0.0,0.0,0.0,0.0,0.0,0.0,0.00732757928431451,0.0,1e-06,-2.8486346006393433e-06
103,outdoor,scene_00022,outdoor/scene_00022/scan_00193,val/outdoor/scene_00022/scan_00193/00022_00193_outdoor_060_040.png,4,1,0,0,256,256,512,59800,9867,99268.0,74104.2509180381,74232.01790879335,-127.76699075525623,18899.310745497784,18934.06265005248,-34.75190455469604,0.041645431319465125,0.004657516095834693,0.4180148882330858,2.8921735466048912
103,outdoor,scene_00022,outdoor/scene_00022/scan_00193,val/outdoor/scene_00022/scan_00193/00022_00193_outdoor_060_040.png,5,1,1,256,256,512,512,64918,1498,70910.0,15038.231493986137,14737.0937343572,301.13775962893766,6004.398079510344,5892.103535673199,112.29454383714553,0.05768442138835509,0.011346951719980021,0.8721668481625092,0.10876758736310115
103,outdoor,scene_00022,outdoor/scene_00022/scan_00193,val/outdoor/scene_00022/scan_00193/00022_00193_outdoor_060_040.png,6,1,2,512,256,768,512,40019,8241,72983.0,51304.724405123794,50457.24580305734,847.4786020664563,16758.271222881503,16349.509265954879,408.7619569266247,0.040000454528713314,0.011021422051004004,0.7706395826437704,-0.005208059756266428
103,outdoor,scene_00022,outdoor/scene_00022/scan_00193,val/outdoor/scene_00022/scan_00193/00022_00193_outdoor_060_040.png,7,1,3,768,256,1024,512,25559,6290,50719.0,45453.82332163606,42158.50272170847,3295.3205999275892,12245.02893296695,11616.49812787659,628.5308050903583,0.02480903087434846,0.009401268912245735,0.5781256525922951,0.0037615658618170345
103,outdoor,scene_00022,outdoor/scene_00022/scan_00193,val/outdoor/scene_00022/scan_00193/00022_00193_outdoor_060_040.png,8,2,0,0,512,256,768,64293,3925,79993.0,31424.127936565754,31508.78142423249,-84.65348766674086,12229.305472849497,12259.73232224978,-30.426849400280073,0.05245397224475248,0.008118238008890735,0.4696899216134077,3.5165688812102593
103,outdoor,scene_00022,outdoor/scene_00022/scan_00193,val/outdoor/scene_00022/scan_00193/00022_00193_outdoor_060_040.png,9,2,1,256,512,512,768,65375,2037,73523.0,9896.027950290645,9808.522526039027,87.50542425161876,7617.576458960101,7567.762639758546,49.813819201555255,0.054248945480602544,0.010028115239171418,0.5927904056016053,2.6859430598114398
103,outdoor,scene_00022,outdoor/scene_00022/scan_00193,val/outdoor/scene_00022/scan_00193/00022_00193_outdoor_060_040.png,10,2,2,512,512,768,768,62733,7610,93173.0,28476.174275499914,28082.806807120447,393.3674683794671,16259.734695928964,16142.992616987332,116.7420789416322,0.06324909687830325,0.025042620764706057,0.6681180948384317,1.5162860126427562
103,outdoor,scene_00022,outdoor/scene_00022/scan_00193,val/outdoor/scene_00022/scan_00193/00022_00193_outdoor_060_040.png,11,2,3,768,512,1024,768,64011,6376,89515.0,46849.24214111859,46970.97823840795,-121.73609728935412,19493.938738556124,19522.09831178444,-28.159573228318195,0.051356578386368194,0.003269178747624727,0.3506473096336306,1.182831373278424
104,outdoor,scene_00022,outdoor/scene_00022/scan_00193,val/outdoor/scene_00022/scan_00193/00022_00193_outdoor_150_010.png,0,0,0,0,0,256,256,62050,4744,81026.0,20092.511786463416,20085.539965676522,6.9718207868908095,8540.058073671455,8500.897025365808,39.161048305644485,0.044649069223275745,0.002350006228937033,0.16218105176358283,0.25787157181106146
104,outdoor,scene_00022,outdoor/scene_00022/scan_00193,val/outdoor/scene_00022/scan_00193/00022_00193_outdoor_150_010.png,1,0,1,256,0,512,256,58789,3946,74573.0,30718.118030261514,30606.3705972608,111.74743300071512,14020.362687075918,14020.125363284797,0.23732379112264113,0.04391593454464926,0.0010479248954556304,0.047612275082039475,0.4261683444285085
104,outdoor,scene_00022,outdoor/scene_00022/scan_00193,val/outdoor/scene_00022/scan_00193/00022_00193_outdoor_150_010.png,2,0,2,512,0,768,256,65486,5766,88550.0,13014.246936669211,12662.35666366996,351.8902729992533,5648.900505454771,5377.063390720989,271.8371147337807,0.04129519711574811,0.0050344327603177854,0.32259737315169557,0.1616790675369051
104,outdoor,scene_00022,outdoor/scene_00022/scan_00193,val/outdoor/scene_00022/scan_00193/00022_00193_outdoor_150_010.png,3,0,3,768,0,1024,256,65532,2313,74784.0,7271.162741026321,7203.655108804434,67.50763222188625,5890.3594667044035,5856.388749586589,33.97071711781416,0.043031572963579165,0.0030482241920219066,0.2390325685464337,1.1209633920417257
104,outdoor,scene_00022,outdoor/scene_00022/scan_00193,val/outdoor/scene_00022/scan_00193/00022_00193_outdoor_150_010.png,4,1,0,0,256,256,512,56635,11587,102983.0,100433.77229408218,100056.56490862624,377.2073854559425,41138.44031010305,41041.221146188735,97.21916391432256,0.021703857677772668,0.008966048578472904,0.49555504546433715,0.10028715883015203
104,outdoor,scene_00022,outdoor/scene_00022/scan_00193,val/outdoor/scene_00022/scan_00193/00022_00193_outdoor_150_010.png,5,1,1,256,256,512,512,61293,18775,136393.0,197229.9732397412,196429.43209104234,800.54114869887,49119.37327513409,48656.25585329191,463.1174218421693,0.03129676556859639,0.027308164173598076,0.5154356321356598,0.22897297224120827
104,outdoor,scene_00022,outdoor/scene_00022/scan_00193,val/outdoor/scene_00022/scan_00193/00022_00193_outdoor_150_010.png,6,1,2,512,256,768,512,64295,9700,103095.0,112034.91364849127,115082.98629801843,-3048.072649527157,32024.574185621124,32888.59950980538,-864.0253241842588,0.02826519820384438,0.04749709509247703,0.817895623212589,0.22972656799645222
104,outdoor,scene_00022,outdoor/scene_00022/scan_00193,val/outdoor/scene_00022/scan_00193/00022_00193_outdoor_150_010.png,7,1,3,768,256,1024,512,64954,4027,81062.0,12067.029248384788,14181.785265713308,-2114.7560173285196,6444.771290719633,7459.395125075715,-1014.6238343560825,0.035039957938656566,0.04031464791948628,0.6158760712166691,1.1791569837019074
104,outdoor,scene_00022,outdoor/scene_00022/scan_00193,val/outdoor/scene_00022/scan_00193/00022_00193_outdoor_150_010.png,8,2,0,0,512,256,768,65526,4703,84338.0,17702.519997310985,18869.60599947865,-1167.086002167665,10214.595010032841,10825.589065058382,-610.9940550255399,0.013431861563554403,0.02542716664148789,0.754586768975707,1.8446975636605576
104,outdoor,scene_00022,outdoor/scene_00022/scan_00193,val/outdoor/scene_00022/scan_00193/00022_00193_outdoor_150_010.png,9,2,1,256,512,512,768,65284,4098,81676.0,10092.761805501053,10174.93251492829,-82.17070942723788,4183.291969466258,4215.066799193674,-31.774829727417057,0.02032148548292288,0.0313932413675092,0.895309895053346,1.6202115872317082
104,outdoor,scene_00022,outdoor/scene_00022/scan_00193,val/outdoor/scene_00022/scan_00193/00022_00193_outdoor_150_010.png,10,2,2,512,512,768,768,65530,4675,84230.0,8693.943013746779,8758.647846862632,-64.70483311585318,3929.3394541447196,3929.8890683173513,-0.549614172631923,0.029333621780310456,0.016895357887468737,0.9356346616568156,2.193778131943935
104,outdoor,scene_00022,outdoor/scene_00022/scan_00193,val/outdoor/scene_00022/scan_00193/00022_00193_outdoor_150_010.png,11,2,3,768,512,1024,768,65536,1736,72480.0,5787.3290306226845,5783.6921732559495,3.636857366735125,4606.54241409212,4612.703798285731,-6.16138419361012,0.028703006904637438,0.014245793900002152,0.869036590561055,2.333701208719789
105,outdoor,scene_00022,outdoor/scene_00022/scan_00193,val/outdoor/scene_00022/scan_00193/00022_00193_outdoor_210_000.png,0,0,0,0,0,256,256,57655,18289,130811.0,433201.0288550898,435937.44390907034,-2736.4150539804946,111620.28490564722,112030.97144032334,-410.68653467611466,0.019989676204962392,0.00411284019971806,0.0927773520416518,0.3035311457876092
105,outdoor,scene_00022,outdoor/scene_00022/scan_00193,val/outdoor/scene_00022/scan_00193/00022_00193_outdoor_210_000.png,1,0,1,256,0,512,256,54055,20940,137815.0,301421.2858758984,403251.984568777,-101830.69869287865,77190.92366091162,101374.37792380588,-24183.45426289425,0.043120614634820184,0.19525417269671524,1.4361142425018723,-0.35331450436699435
105,outdoor,scene_00022,outdoor/scene_00022/scan_00193,val/outdoor/scene_00022/scan_00193/00022_00193_outdoor_210_000.png,2,0,2,512,0,768,256,51754,12962,103602.0,433519.73496788694,504064.52595401875,-70544.79098613189,155493.6163728885,184987.9859058708,-29494.36953298236,0.03959019126133493,0.212620461264066,1.6100527910494684,-0.28335425278832976
105,outdoor,scene_00022,outdoor/scene_00022/scan_00193,val/outdoor/scene_00022/scan_00193/00022_00193_outdoor_210_000.png,3,0,3,768,0,1024,256,44282,11960,92122.0,1394740.1893229033,1334178.6227239105,60561.56659899259,442507.8034831112,424078.31546997,18429.488013141214,0.02860111684226964,0.022663425372216457,0.17512343628990365,-0.06862375858057489
105,outdoor,scene_00022,outdoor/scene_00022/scan_00193,val/outdoor/scene_00022/scan_00193/00022_00193_outdoor_210_000.png,4,1,0,0,256,256,512,65524,536,67668.0,11103.322349126105,11110.469249668338,-7.146900542229133,7288.726864779042,7296.624957517644,-7.898092738600995,0.011672285759159146,0.007366311398743185,0.2575386676129813,0.41752281161620586
105,outdoor,scene_00022,outdoor/scene_00022/scan_00193,val/outdoor/scene_00022/scan_00193/00022_00193_outdoor_210_000.png,5,1,1,256,256,512,512,65535,917,69203.0,10642.080896492389,10499.16250435685,142.91839213554005,8869.86319212523,8698.108816249245,171.75437587598708,0.01384658626730792,0.023135222634691272,0.5796659080094788,0.40127010388172485
105,outdoor,scene_00022,outdoor/scene_00022/scan_00193,val/outdoor/scene_00022/scan_00193/00022_00193_outdoor_210_000.png,6,1,2,512,256,768,512,65139,2543,75311.0,28459.127486140897,27876.087283578778,583.040202562119,17700.83297220759,17442.229901596285,258.60307061130874,0.012667561514084347,0.02103282442847506,0.6384523602663713,0.2622632910915068
105,outdoor,scene_00022,outdoor/scene_00022/scan_00193,val/outdoor/scene_00022/scan_00193/00022_00193_outdoor_210_000.png,7,1,3,768,256,1024,512,65212,4217,82080.0,51732.286413975766,51796.14286411693,-63.85645014117062,19332.373209283818,19354.757008489916,-22.3837992060954,0.010719789503165347,0.007280601693025332,0.2947721336485673,0.17222557850911902
105,outdoor,scene_00022,outdoor/scene_00022/scan_00193,val/outdoor/scene_00022/scan_00193/00022_00193_outdoor_210_000.png,8,2,0,0,512,256,768,65536,0,65536.0,11329.935904990894,11325.308072942082,4.627832048812646,11329.935904990894,11325.308072942082,4.627832048812646,0.019476636416826752,0.008279074180345347,0.3642807578231293,1.8697274342225016
105,outdoor,scene_00022,outdoor/scene_00022/scan_00193,val/outdoor/scene_00022/scan_00193/00022_00193_outdoor_210_000.png,9,2,1,256,512,512,768,65536,428,67248.0,11368.438213288,11125.154841766775,243.28337152122683,11054.770352854826,10748.183889902957,306.5864629518677,0.031206780185744375,0.012610548862451528,0.6380257547638719,2.0308000513835416
105,outdoor,scene_00022,outdoor/scene_00022/scan_00193,val/outdoor/scene_00022/scan_00193/00022_00193_outdoor_210_000.png,10,2,2,512,512,768,768,65536,274,66632.0,10232.368954728001,10121.483591295437,110.88536343256212,9938.220010735287,9718.922456165521,219.2975545697676,0.022727261385675452,0.012813847078430949,0.618001151546691,2.0358413639017225
105,outdoor,scene_00022,outdoor/scene_00022/scan_00193,val/outdoor/scene_00022/scan_00193/00022_00193_outdoor_210_000.png,11,2,3,768,512,1024,768,65536,0,65536.0,9031.469980667707,9025.09404147197,6.375939195734885,9031.469980667707,9025.09404147197,6.375939195734885,0.02004939635192463,0.008062870302251477,0.39681850108464717,1.907266196727368
106,outdoor,scene_00022,outdoor/scene_00022/scan_00193,val/outdoor/scene_00022/scan_00193/00022_00193_outdoor_220_030.png,0,0,0,0,0,256,256,27298,188,28050.0,96099.88897281748,98797.77644511714,-2697.887472299635,85739.63982829763,88104.52046875322,-2364.8806404555785,0.015952592283423432,0.00905716843957713,0.360890378840862,0.003580146130841567
106,outdoor,scene_00022,outdoor/scene_00022/scan_00193,val/outdoor/scene_00022/scan_00193/00022_00193_outdoor_220_030.png,1,0,1,256,0,512,256,9413,2889,20969.0,721945.5327438543,648058.2244310444,73887.30831280997,273028.5790527299,238839.33043204056,34189.248620689315,0.017873170913199024,0.012331100902665815,0.4333911682407333,-0.0013495397178401283
106,outdoor,scene_00022,outdoor/scene_00022/scan_00193,val/outdoor/scene_00022/scan_00193/00022_00193_outdoor_220_030.png,2,0,2,512,0,768,256,35663,1751,42667.0,1045006.5601081937,1023025.7703382432,21980.789769950523,686906.9080950147,709415.3938800943,-22508.48578507961,0.05262738253410093,0.12607307535595913,1.1409461461750876,0.0250910832944372
106,outdoor,scene_00022,outdoor/scene_00022/scan_00193,val/outdoor/scene_00022/scan_00193/00022_00193_outdoor_220_030.png,3,0,3,768,0,1024,256,17941,115,18401.0,728732.655788074,599418.1621029656,129314.49368510832,708049.2202806422,583833.7794989701,124215.44078167209,0.027823188741747856,0.08366563717944465,1.0438889429380223,0.007959069964022604
106,outdoor,scene_00022,outdoor/scene_00022/scan_00193,val/outdoor/scene_00022/scan_00193/00022_00193_outdoor_220_030.png,4,1,0,0,256,256,512,62904,1452,68712.0,32054.185017526186,32160.27323102741,-106.08821350122311,25329.60818625545,25389.35973825845,-59.75155200300097,0.03069523390247472,0.002882263627164195,0.2631518675165816,0.2719898604888793
106,outdoor,scene_00022,outdoor/scene_00022/scan_00193,val/outdoor/scene_00022/scan_00193/00022_00193_outdoor_220_030.png,5,1,1,256,256,512,512,48345,8484,82281.0,326785.73058900004,308002.6997559357,18783.030833064433,103884.20425275501,98332.43441964785,5551.769833107146,0.025656844373459296,0.013983932910478843,0.500351162770703,0.04319886476989368
106,outdoor,scene_00022,outdoor/scene_00022/scan_00193,val/outdoor/scene_00022/scan_00193/00022_00193_outdoor_220_030.png,6,1,2,512,256,768,512,48995,5336,70339.0,1343163.9166075436,1109594.7741859248,233569.14242161874,698428.1502127475,577876.4554404562,120551.69477229145,0.06113954156589014,0.12811008909584276,1.0372100382228677,0.13367772382958065
106,outdoor,scene_00022,outdoor/scene_00022/scan_00193,val/outdoor/scene_00022/scan_00193/00022_00193_outdoor_220_030.png,7,1,3,768,256,1024,512,36616,2020,44696.0,1179528.4070310332,799172.568897109,380355.8381339243,1024627.7545122111,681101.7972569654,343525.9572552457,0.04538548115835202,0.11183901615018897,0.9504274826724286,0.11667734863333756
106,outdoor,scene_00022,outdoor/scene_00022/scan_00193,val/outdoor/scene_00022/scan_00193/00022_00193_outdoor_220_030.png,8,2,0,0,512,256,768,57485,4140,74045.0,54770.85113293466,54897.29141839245,-126.44028545779523,36959.34338667289,37078.22111572817,-118.87772905528436,0.04017230835250166,0.007065922813397249,0.31550523611585457,0.7325865275422037
106,outdoor,scene_00022,outdoor/scene_00022/scan_00193,val/outdoor/scene_00022/scan_00193/00022_00193_outdoor_220_030.png,9,2,1,256,512,512,768,51756,9673,90448.0,205637.1256042899,206576.19518659273,-939.069582302824,67340.33076052947,67533.78501935955,-193.45425883009432,0.02831537981760926,0.01103532493635734,0.3202915829489192,0.6682417863832818
106,outdoor,scene_00022,outdoor/scene_00022/scan_00193,val/outdoor/scene_00022/scan_00193/00022_00193_outdoor_220_030.png,10,2,2,512,512,768,768,52190,9924,91886.0,288840.6839109678,294963.2215627232,-6122.537651755434,121619.91457852954,122395.61325454919,-775.6986760196701,0.06014699105481912,0.09177961882123543,0.774845138210891,0.734318249642916
106,outdoor,scene_00022,outdoor/scene_00022/scan_00193,val/outdoor/scene_00022/scan_00193/00022_00193_outdoor_220_030.png,11,2,3,768,512,1024,768,43436,3125,55936.0,192712.92149024748,193575.14541724056,-862.2239269930967,149454.34258328786,152237.66223872406,-2783.3196554362253,0.05634944004439457,0.05957946445536698,0.5849994897911736,0.708221759119415
107,outdoor,scene_00022,outdoor/scene_00022/scan_00193,val/outdoor/scene_00022/scan_00193/00022_00193_outdoor_320_020.png,0,0,0,0,0,256,256,932,362,2380.0,314148.20181975217,202684.36607449985,111463.83574525235,88552.59749809162,58060.5990984388,30491.998399652824,0.010190279163416492,0.0013457024336346176,0.09896404766788576,0.0
107,outdoor,scene_00022,outdoor/scene_00022/scan_00193,val/outdoor/scene_00022/scan_00193/00022_00193_outdoor_320_020.png,1,0,1,256,0,512,256,22817,3793,37989.0,1294510.697896794,1137093.619923866,157417.07797292795,500820.62770427647,392867.6477429528,107952.97996132352,0.050907120542570065,0.05880441362555942,0.9019678006459708,-0.005461728480064384
107,outdoor,scene_00022,outdoor/scene_00022/scan_00193,val/outdoor/scene_00022/scan_00193/00022_00193_outdoor_320_020.png,2,0,2,512,0,768,256,46273,1681,52997.0,232724.88935162488,45341.29946475112,187383.58988687376,203680.82854540664,38381.93459042714,165298.8939549795,0.07789522698573312,0.11450704734281426,0.5988981768562587,0.8180485498346078
107,outdoor,scene_00022,outdoor/scene_00022/scan_00193,val/outdoor/scene_00022/scan_00193/00022_00193_outdoor_320_020.png,3,0,3,768,0,1024,256,42585,5852,65993.0,109317.20947329755,59004.92443886358,50312.28503443395,70536.4496326573,30096.17056078359,40440.2790718737,0.06660328921960568,0.05769396493135651,0.42780629020102556,0.765853091932267
107,outdoor,scene_00022,outdoor/scene_00022/scan_00193,val/outdoor/scene_00022/scan_00193/00022_00193_outdoor_320_020.png,4,1,0,0,256,256,512,18923,3483,32855.0,617121.5485091885,603609.6243698914,13511.924139297023,303583.57671611645,303005.45077041595,578.1259457005135,0.037416324129860595,0.005490383772251878,0.16738968091548437,0.0030906728649382985
107,outdoor,scene_00022,outdoor/scene_00022/scan_00193,val/outdoor/scene_00022/scan_00193/00022_00193_outdoor_320_020.png,5,1,1,256,256,512,512,29327,5504,51343.0,1720574.9133200871,993389.2184761876,727185.6948438993,688795.128375372,360219.89678205986,328575.2315933123,0.05646720940417903,0.06577263048309605,0.7302364223258289,-0.040201691611866035
107,outdoor,scene_00022,outdoor/scene_00022/scan_00193,val/outdoor/scene_00022/scan_00193/00022_00193_outdoor_320_020.png,6,1,2,512,256,768,512,48141,1112,52589.0,861232.2338415667,233582.0686929625,627650.1651486042,765405.520036405,211742.23918913805,553663.2808472669,0.07196611854266094,0.14393595515026872,1.090030790803982,0.1455244870659133
107,outdoor,scene_00022,outdoor/scene_00022/scan_00193,val/outdoor/scene_00022/scan_00193/00022_00193_outdoor_320_020.png,7,1,3,768,256,1024,512,43680,6312,68928.0,608615.6626421255,246537.23423919937,362078.4284029262,359211.08988103666,129267.82653648962,229943.26334454707,0.07849722342436576,0.08377363585226691,0.807782224549078,0.3802819203322591
107,outdoor,scene_00022,outdoor/scene_00022/scan_00193,val/outdoor/scene_00022/scan_00193/00022_00193_outdoor_320_020.png,8,2,0,0,512,256,768,41124,5810,64364.0,94955.78984470219,95212.05099154022,-256.2611468380337,43103.904077152954,43333.97462748215,-230.07055032919823,0.0437540323730627,0.00953090592806704,0.19701317947726918,0.16481033396790729
107,outdoor,scene_00022,outdoor/scene_00022/scan_00193,val/outdoor/scene_00022/scan_00193/00022_00193_outdoor_320_020.png,9,2,1,256,512,512,768,47374,4632,65902.0,68484.55390159624,68893.09434275003,-408.54044115379463,40284.66093662521,40386.085778656896,-101.42484203169484,0.043841032512626915,0.030563392567571547,0.37712292782941775,0.17240500714869308
107,outdoor,scene_00022,outdoor/scene_00022/scan_00193,val/outdoor/scene_00022/scan_00193/00022_00193_outdoor_320_020.png,10,2,2,512,512,768,768,49604,1592,55972.0,50009.03985671632,47541.762048537516,2467.2778081788038,41688.2067021477,40020.31429281393,1667.8924093337703,0.04868904675127685,0.06526627870774374,0.7026552264404804,0.21516142426711046
107,outdoor,scene_00022,outdoor/scene_00022/scan_00193,val/outdoor/scene_00022/scan_00193/00022_00193_outdoor_320_020.png,11,2,3,768,512,1024,768,45492,3213,58344.0,62518.36602329298,68133.81663644372,-5615.450613150726,40574.17382473094,41936.2424931644,-1362.0686684334573,0.0378494125689477,0.0825853619513385,0.7625364416519697,0.09704182981609917
108,outdoor,scene_00022,outdoor/scene_00022/scan_00193,val/outdoor/scene_00022/scan_00193/00022_00193_outdoor_350_010.png,0,0,0,0,0,256,256,63645,1396,69229.0,32389.927111611552,32364.921138274593,25.00597333695678,25919.541880693105,25907.361190264346,12.180690428762922,0.04207936681404126,0.000480384920888587,0.019842669226801436,1.1701116764299675
108,outdoor,scene_00022,outdoor/scene_00022/scan_00193,val/outdoor/scene_00022/scan_00193/00022_00193_outdoor_350_010.png,1,0,1,256,0,512,256,61322,1207,66150.0,29171.070579720195,29368.507425841613,-197.43684612142061,25586.208050802074,25736.77508996475,-150.5670391626747,0.03512139616337614,0.004691550718520808,0.27231359702717645,0.027919542593604334
108,outdoor,scene_00022,outdoor/scene_00022/scan_00193,val/outdoor/scene_00022/scan_00193/00022_00193_outdoor_350_010.png,2,0,2,512,0,768,256,22051,2908,33683.0,136659.1389387004,85327.09387426892,51332.045064431484,57708.68644415861,37895.12480297958,19813.561641179032,0.040866923954624615,0.02296037215964171,0.37286709220009656,0.044925431691476
108,outdoor,scene_00022,outdoor/scene_00022/scan_00193,val/outdoor/scene_00022/scan_00193/00022_00193_outdoor_350_010.png,3,0,3,768,0,1024,256,15506,7755,46526.0,1600162.9109559741,1653353.6055908897,-53190.69463491548,505167.0177909603,519948.3106054269,-14781.29281446655,0.03783713729224988,0.0037035138304581643,0.3281045825656367,0.05337958282990571
108,outdoor,scene_00022,outdoor/scene_00022/scan_00193,val/outdoor/scene_00022/scan_00193/00022_00193_outdoor_350_010.png,4,1,0,0,256,256,512,60561,9212,97409.0,114240.08075846292,115236.18092674162,-996.100168278715,39718.34531570408,40077.2882965213,-358.9429808172184,0.039077785162901106,0.022504397552637338,0.8311728819916006,0.8125178071393024
108,outdoor,scene_00022,outdoor/scene_00022/scan_00193,val/outdoor/scene_00022/scan_00193/00022_00193_outdoor_350_010.png,5,1,1,256,256,512,512,62927,1632,69455.0,29032.39762057896,29021.91861793673,10.479002642229467,24840.748470279337,24811.68966915206,29.058801127279025,0.03144888012550417,0.0094458766930787,0.5449939929559707,0.39496617153502944
108,outdoor,scene_00022,outdoor/scene_00022/scan_00193,val/outdoor/scene_00022/scan_00193/00022_00193_outdoor_350_010.png,6,1,2,512,256,768,512,51495,6339,76851.0,40803.02952310278,38968.51414668653,1834.5153764162478,22797.20603682141,21930.76079047955,866.4452463418592,0.052582228144392645,0.022674461590593786,0.5122546813958346,0.2916666465907494
108,outdoor,scene_00022,outdoor/scene_00022/scan_00193,val/outdoor/scene_00022/scan_00193/00022_00193_outdoor_350_010.png,7,1,3,768,256,1024,512,38466,11871,85950.0,479150.48962781474,530718.5830850508,-51568.09345723613,144805.52067800143,159847.67455812544,-15042.153880124031,0.041932692022710105,0.022045928916443407,0.5443559388472622,0.006715215894559842
108,outdoor,scene_00022,outdoor/scene_00022/scan_00193,val/outdoor/scene_00022/scan_00193/00022_00193_outdoor_350_010.png,8,2,0,0,512,256,768,65490,257,66518.0,28559.406828725256,28553.73355202083,5.673276704430007,26705.641943445484,26700.498966613988,5.142976831496517,0.02310772244854844,0.019549789434200382,0.7855489169980184,3.1635252941612153
108,outdoor,scene_00022,outdoor/scene_00022/scan_00193,val/outdoor/scene_00022/scan_00193/00022_00193_outdoor_350_010.png,9,2,1,256,512,512,768,65529,59,65765.0,28686.659942497678,28665.088355323653,21.571587174025932,28542.15264639942,28519.79090389864,22.36174250077803,0.022886913533997837,0.01576274766726359,0.839852288237212,1.392146898698114
108,outdoor,scene_00022,outdoor/scene_00022/scan_00193,val/outdoor/scene_00022/scan_00193/00022_00193_outdoor_350_010.png,10,2,2,512,512,768,768,63294,4361,80738.0,34285.56215221832,34235.82886019965,49.733292018670255,24638.234994421073,24613.33418362405,24.90081079702537,0.018846879556987703,0.018704261071911806,0.8728651208380396,1.1248589187046591
108,outdoor,scene_00022,outdoor/scene_00022/scan_00193,val/outdoor/scene_00022/scan_00193/00022_00193_outdoor_350_010.png,11,2,3,768,512,1024,768,56567,15546,118751.0,191031.08043233748,191022.98689450225,8.0935378352493,56355.53259701817,56336.860230992635,18.67236602553824,0.03357842173416159,0.019883239998458795,1.1639026563820503,0.22321967773743182
109,outdoor,scene_00022,outdoor/scene_00022/scan_00193,val/outdoor/scene_00022/scan_00193/00022_00193_outdoor_350_030.png,0,0,0,0,0,256,256,34468,1008,38500.0,71103.30021978635,81752.69570466486,-10649.395484878498,17601.589137151157,20080.272072075666,-2478.6829349245118,0.015611554721755537,0.01729024224170149,0.730325176339753,0.008727584616946768
109,outdoor,scene_00022,outdoor/scene_00022/scan_00193,val/outdoor/scene_00022/scan_00193/00022_00193_outdoor_350_030.png,1,0,1,256,0,512,256,43916,1894,51492.0,45775.64983769794,43794.37214030773,1981.2776973902141,11628.69224942448,10881.305741813818,747.3865076106624,0.016486980649213202,0.020308925501807584,0.7703210792604974,0.004680477462229393
109,outdoor,scene_00022,outdoor/scene_00022/scan_00193,val/outdoor/scene_00022/scan_00193/00022_00193_outdoor_350_030.png,2,0,2,512,0,768,256,0,0,0.0,0.0,0.0,0.0,0.0,0.0,0.0,0.005918296614045555,0.0,0.704771389153708,0.0
109,outdoor,scene_00022,outdoor/scene_00022/scan_00193,val/outdoor/scene_00022/scan_00193/00022_00193_outdoor_350_030.png,3,0,3,768,0,1024,256,26,12,74.0,11632.176847391624,11632.176847391624,0.0,3087.688804864636,3087.688804864636,0.0,0.009223246341055123,1.4224830071443753e-05,0.0010479069632230692,-1.30747929731852e-05
109,outdoor,scene_00022,outdoor/scene_00022/scan_00193,val/outdoor/scene_00022/scan_00193/00022_00193_outdoor_350_030.png,4,1,0,0,256,256,512,63020,2869,74496.0,26669.376926115576,26789.90563824954,-120.52871213396386,8983.724861742814,9037.107793975936,-53.38293223312218,0.03578259722091277,0.0038091710416805423,0.6584084799587637,0.06736869317432992
109,outdoor,scene_00022,outdoor/scene_00022/scan_00193,val/outdoor/scene_00022/scan_00193/00022_00193_outdoor_350_030.png,5,1,1,256,256,512,512,58429,3156,71053.0,37274.566812039695,34755.48147886546,2519.085333174231,11667.057298829362,11010.029503667098,657.0277951622636,0.033029862179862216,0.014270843263368471,0.7262328288307929,0.008092587249465774
109,outdoor,scene_00022,outdoor/scene_00022/scan_00193,val/outdoor/scene_00022/scan_00193/00022_00193_outdoor_350_030.png,6,1,2,512,256,768,512,0,0,0.0,0.0,0.0,0.0,0.0,0.0,0.0,0.00702520573232121,0.0,0.8376946492342686,-2.578162425420273e-06
109,outdoor,scene_00022,outdoor/scene_00022/scan_00193,val/outdoor/scene_00022/scan_00193/00022_00193_outdoor_350_030.png,7,1,3,768,256,1024,512,3609,2540,13769.0,2808973.891055167,2688818.4574365136,120155.43361865327,724504.903794631,697491.4803371942,27013.42345743686,0.01656851726344466,0.008633977928469766,0.3392723918240177,7.069093063645394e-05
109,outdoor,scene_00022,outdoor/scene_00022/scan_00193,val/outdoor/scene_00022/scan_00193/00022_00193_outdoor_350_030.png,8,2,0,0,512,256,768,64448,1828,71760.0,19896.066044573854,20105.763718060058,-209.69767348620172,9968.502734025093,10043.853333713132,-75.35059968803776,0.03893015989093553,0.0028788201562391243,0.6877353724927345,1.7524085295037408
109,outdoor,scene_00022,outdoor/scene_00022/scan_00193,val/outdoor/scene_00022/scan_00193/00022_00193_outdoor_350_030.png,9,2,1,256,512,512,768,62749,1595,69129.0,24394.838298160146,24323.32573538467,71.51256277547941,11577.741784779588,11470.78681521552,106.95496956406753,0.03394611966916638,0.01413352142151941,0.7812760604447248,0.060385734425425705
109,outdoor,scene_00022,outdoor/scene_00022/scan_00193,val/outdoor/scene_00022/scan_00193/00022_00193_outdoor_350_030.png,10,2,2,512,512,768,768,31339,11456,77163.0,399759.2645759274,386752.10640671884,13007.158169208595,132581.6114173828,132714.77333142463,-133.16191404181336,0.05209204678500386,0.03171307667497864,1.19749021738935,0.024861511630669398
109,outdoor,scene_00022,outdoor/scene_00022/scan_00193,val/outdoor/scene_00022/scan_00193/00022_00193_outdoor_350_030.png,11,2,3,768,512,1024,768,18881,11637,65429.0,3575989.4598537544,3566049.9114468317,9939.548406922748,1008907.7397705266,1005201.3717122443,3706.3680582822776,0.04164123663361119,0.012894278369718409,0.7470106947517159,-0.013284681330814908
110,outdoor,scene_00022,outdoor/scene_00022/scan_00194,val/outdoor/scene_00022/scan_00194/00022_00194_outdoor_010_040.png,0,0,0,0,0,256,256,0,0,0.0,0.0,0.0,0.0,0.0,0.0,0.0,0.007308381064667654,0.0,1e-06,-2.982622385025024e-06
110,outdoor,scene_00022,outdoor/scene_00022/scan_00194,val/outdoor/scene_00022/scan_00194/00022_00194_outdoor_010_040.png,1,0,1,256,0,512,256,0,0,0.0,0.0,0.0,0.0,0.0,0.0,0.0,0.006910610909790299,0.0,0.3868950194601561,0.0
110,outdoor,scene_00022,outdoor/scene_00022/scan_00194,val/outdoor/scene_00022/scan_00194/00022_00194_outdoor_010_040.png,2,0,2,512,0,768,256,9506,225,10406.0,285244.0864041589,125802.62143144717,159441.46497271172,248761.81389455844,101925.19973510852,146836.61415944988,0.018129519963839977,0.03779406124351122,0.6503766091843859,0.0004339479495878056
110,outdoor,scene_00022,outdoor/scene_00022/scan_00194,val/outdoor/scene_00022/scan_00194/00022_00194_outdoor_010_040.png,3,0,3,768,0,1024,256,354,56,578.0,55466.24949760348,49437.98069658135,6028.26880102214,28901.601904815612,26460.07947854605,2441.5224262695615,0.009959891074780017,0.0023660833359011356,0.5204637300269038,0.0
110,outdoor,scene_00022,outdoor/scene_00022/scan_00194,val/outdoor/scene_00022/scan_00194/00022_00194_outdoor_010_040.png,4,1,0,0,256,256,512,0,0,0.0,0.0,0.0,0.0,0.0,0.0,0.0,0.007653633139702608,0.0,0.0869112024069404,0.0
110,outdoor,scene_00022,outdoor/scene_00022/scan_00194,val/outdoor/scene_00022/scan_00194/00022_00194_outdoor_010_040.png,5,1,1,256,256,512,512,13345,1759,20381.0,396534.94255190965,364505.03334315465,32029.909208755027,143290.94453288132,125968.29909334735,17322.645439533975,0.01394072609303185,0.01677596334948397,0.5905744126068315,0.0030561552391657185
110,outdoor,scene_00022,outdoor/scene_00022/scan_00194,val/outdoor/scene_00022/scan_00194/00022_00194_outdoor_010_040.png,6,1,2,512,256,768,512,42653,2873,54145.0,800193.7409851324,273335.745810382,526857.9951747505,702158.0693999627,222867.9604281557,479290.10897180694,0.055265509206532636,0.12455521462843733,0.8672172165354765,0.07587233327051114
110,outdoor,scene_00022,outdoor/scene_00022/scan_00194,val/outdoor/scene_00022/scan_00194/00022_00194_outdoor_010_040.png,7,1,3,768,256,1024,512,15106,1953,22918.0,1033077.6263172181,909215.5167177264,123862.10959949167,635341.665913316,538573.553871057,96768.11204225892,0.028176105006260204,0.08636920181874072,0.8272807922571909,0.003112171976184038
110,outdoor,scene_00022,outdoor/scene_00022/scan_00194,val/outdoor/scene_00022/scan_00194/00022_00194_outdoor_010_040.png,8,2,0,0,512,256,768,38169,980,42089.0,38934.9944353008,36860.51328385171,2074.481151449091,33816.66628934931,32793.39343514698,1023.2728542023314,0.021997273960128627,0.0036321464520803117,0.21433097863021894,0.006033953962376749
110,outdoor,scene_00022,outdoor/scene_00022/scan_00194,val/outdoor/scene_00022/scan_00194/00022_00194_outdoor_010_040.png,9,2,1,256,512,512,768,54216,7116,82680.0,111477.78619287035,87270.92551882309,24206.86067404728,53721.01242630218,47823.89671646379,5897.115709838386,0.034500071424040546,0.033263917811799604,0.5097541643312598,0.08621532977584738
110,outdoor,scene_00022,outdoor/scene_00022/scan_00194,val/outdoor/scene_00022/scan_00194/00022_00194_outdoor_010_040.png,10,2,2,512,512,768,768,53217,7453,83029.0,468948.5742698738,95930.39846130341,373018.17580857035,400686.11163275887,71229.8905639632,329456.22106879565,0.06746108994917391,0.0923251893120323,0.7152383097955617,0.3584108786177654
110,outdoor,scene_00022,outdoor/scene_00022/scan_00194,val/outdoor/scene_00022/scan_00194/00022_00194_outdoor_010_040.png,11,2,3,768,512,1024,768,31073,3339,44429.0,1545521.678758617,359443.3239055047,1186078.3548531127,814599.6729365387,188153.52039809807,626446.1525384407,0.049705270100521635,0.10990714612177604,0.9195415599652609,0.027255445949688442
111,outdoor,scene_00022,outdoor/scene_00022/scan_00194,val/outdoor/scene_00022/scan_00194/00022_00194_outdoor_020_010.png,0,0,0,0,0,256,256,64358,1376,69862.0,16121.514049836669,16259.620959141597,-138.10690930492578,12943.47750772933,13066.463903713038,-122.9863959837069,0.03839581535703883,0.0018693634677425714,0.2282749641211341,0.006071934411899883
111,outdoor,scene_00022,outdoor/scene_00022/scan_00194,val/outdoor/scene_00022/scan_00194/00022_00194_outdoor_020_010.png,1,0,1,256,0,512,256,57234,11984,105170.0,232634.61389388255,233886.5189387682,-1251.905044885645,74450.02371225387,74176.80227382388,273.2214384299874,0.04515159062716073,0.014717864706432684,0.2885602334344663,0.005846365544496231
111,outdoor,scene_00022,outdoor/scene_00022/scan_00194,val/outdoor/scene_00022/scan_00194/00022_00194_outdoor_020_010.png,2,0,2,512,0,768,256,59121,10019,99197.0,286767.2113144149,270468.7268012004,16298.484513214498,86115.12309175354,80267.21588920624,5847.907202547288,0.047058235556978044,0.08741316063987026,0.9032626492726963,-0.20463408177743503
111,outdoor,scene_00022,outdoor/scene_00022/scan_00194,val/outdoor/scene_00022/scan_00194/00022_00194_outdoor_020_010.png,3,0,3,768,0,1024,256,56252,9296,93436.0,692326.3469294745,500351.52637185715,191974.82055761738,333530.0356391427,242753.4829532273,90776.55268591538,0.06952753920458485,0.13354454390445553,1.3341172083381427,0.17454310192987663
111,outdoor,scene_00022,outdoor/scene_00022/scan_00194,val/outdoor/scene_00022/scan_00194/00022_00194_outdoor_020_010.png,4,1,0,0,256,256,512,59377,2348,68769.0,29478.649609331515,29599.241698221493,-120.59208888997131,23043.193432902794,23108.307241152008,-65.11380824921326,0.030208403276193514,0.008139697469737351,0.2898057254760144,0.2808114026821347
111,outdoor,scene_00022,outdoor/scene_00022/scan_00194,val/outdoor/scene_00022/scan_00194/00022_00194_outdoor_020_010.png,5,1,1,256,256,512,512,53641,10415,95301.0,122054.07044889871,121679.03095851469,375.03949038402857,39206.83144024289,38943.596274781376,263.23516546150483,0.05066933563508519,0.026371300616664407,0.3629134970111689,0.20024469756847205
111,outdoor,scene_00022,outdoor/scene_00022/scan_00194,val/outdoor/scene_00022/scan_00194/00022_00194_outdoor_020_010.png,6,1,2,512,256,768,512,55900,9458,93732.0,196160.71819400394,191675.2413695216,4485.476824482315,61794.13029955607,60381.39037200896,1412.7399275471173,0.037329945748372374,0.025426726504766656,0.48329077878274573,0.17384468151758484
111,outdoor,scene_00022,outdoor/scene_00022/scan_00194,val/outdoor/scene_00022/scan_00194/00022_00194_outdoor_020_010.png,7,1,3,768,256,1024,512,53412,8820,88692.0,210857.68359701516,194571.67321370795,16286.010383307193,108181.07698311367,99610.42085676722,8570.656126346461,0.05720058352369485,0.11510242174544344,1.1460985373587274,0.36285746091209103
111,outdoor,scene_00022,outdoor/scene_00022/scan_00194,val/outdoor/scene_00022/scan_00194/00022_00194_outdoor_020_010.png,8,2,0,0,512,256,768,65519,47,65707.0,19638.043140700916,19631.315910361438,6.72723033947307,19562.674675494858,19555.925554135698,6.749121359160753,0.02452178792736032,0.008172704131808442,0.3176567455639855,1.0296145956277132
111,outdoor,scene_00022,outdoor/scene_00022/scan_00194,val/outdoor/scene_00022/scan_00194/00022_00194_outdoor_020_010.png,9,2,1,256,512,512,768,65449,976,69353.0,28948.796599176447,28870.19605364487,78.6005455315742,19519.47222749787,19459.48890178252,59.9833257153461,0.029110087143877094,0.011847900885542748,0.3996419495229936,0.6987298358231648
111,outdoor,scene_00022,outdoor/scene_00022/scan_00194,val/outdoor/scene_00022/scan_00194/00022_00194_outdoor_020_010.png,10,2,2,512,512,768,768,64689,4832,84017.0,59503.74118321333,59491.95162856189,11.789554651453152,24933.247697214985,24905.01313861504,28.23455859994433,0.03466138891212703,0.008414324955015217,0.43185577985147916,0.2949956837501213
111,outdoor,scene_00022,outdoor/scene_00022/scan_00194,val/outdoor/scene_00022/scan_00194/00022_00194_outdoor_020_010.png,11,2,3,768,512,1024,768,61292,2001,69296.0,27517.832189406312,28340.63075130139,-822.7985618950768,20669.83622330074,20534.37674296167,135.45948033906745,0.03861601476908184,0.030629493530229375,0.5965485491056349,1.2403805454529049
112,outdoor,scene_00022,outdoor/scene_00022/scan_00194,val/outdoor/scene_00022/scan_00194/00022_00194_outdoor_020_030.png,0,0,0,0,0,256,256,124,0,124.0,1115.9619227196827,1084.8903844168767,31.07153830280602,1115.9619227196827,1084.8903844168767,31.07153830280602,0.00847627022369866,0.00020507076339462796,0.20401050041173638,0.0
112,outdoor,scene_00022,outdoor/scene_00022/scan_00194,val/outdoor/scene_00022/scan_00194/00022_00194_outdoor_020_030.png,1,0,1,256,0,512,256,0,0,0.0,0.0,0.0,0.0,0.0,0.0,0.0,0.007196059212647615,0.0,0.22391651555214254,0.0
112,outdoor,scene_00022,outdoor/scene_00022/scan_00194,val/outdoor/scene_00022/scan_00194/00022_00194_outdoor_020_030.png,2,0,2,512,0,768,256,17716,2921,29400.0,1094321.4916345747,1001052.5166898286,93268.97494474628,409076.0652185619,367462.92269037524,41613.14252818672,0.01885763458119617,0.05192831178986508,0.7994503622481691,0.008088967758249783
112,outdoor,scene_00022,outdoor/scene_00022/scan_00194,val/outdoor/scene_00022/scan_00194/00022_00194_outdoor_020_030.png,3,0,3,768,0,1024,256,42851,3290,56011.0,1456955.968652729,796132.5144939788,660823.4541587499,1150322.187870828,585988.6906444334,564333.4972263946,0.05597180533070979,0.17488239874282518,1.0866355903481133,0.44300799882948505
112,outdoor,scene_00022,outdoor/scene_00022/scan_00194,val/outdoor/scene_00022/scan_00194/00022_00194_outdoor_020_030.png,4,1,0,0,256,256,512,41627,167,42295.0,19355.602889860274,18813.235697963733,542.3671918965412,17051.195426003593,16432.212365249376,618.9830607542115,0.03645893633445908,0.006164625938017473,0.24442998700188065,0.0023405237475613875
112,outdoor,scene_00022,outdoor/scene_00022/scan_00194,val/outdoor/scene_00022/scan_00194/00022_00194_outdoor_020_030.png,5,1,1,256,256,512,512,30013,1048,34205.0,42839.38935397646,41582.28489239971,1257.1044615767576,18926.93671300034,18273.627163101264,653.3095498990793,0.01903407528702608,0.004223656791141269,0.2614750543724807,0.0013840488999818813
112,outdoor,scene_00022,outdoor/scene_00022/scan_00194,val/outdoor/scene_00022/scan_00194/00022_00194_outdoor_020_030.png,6,1,2,512,256,768,512,54478,9167,91146.0,492051.29571356566,496883.2406823445,-4831.944968778806,164974.2769703791,163515.50444762554,1458.7725227535734,0.037394741423020586,0.06228342572070424,0.7650756513965384,0.0817935754032555
112,outdoor,scene_00022,outdoor/scene_00022/scan_00194,val/outdoor/scene_00022/scan_00194/00022_00194_outdoor_020_030.png,7,1,3,768,256,1024,512,53235,7813,84487.0,1362300.8728430413,742548.2729001567,619752.5999428848,922701.8488528754,474949.4153162249,447752.4335366505,0.06855986275056153,0.12588327140767414,0.9599583897776822,0.5803214855370834
112,outdoor,scene_00022,outdoor/scene_00022/scan_00194,val/outdoor/scene_00022/scan_00194/00022_00194_outdoor_020_030.png,8,2,0,0,512,256,768,60064,654,62680.0,15649.443861250475,15487.374749513772,162.06911173670215,12425.192925337322,12329.847220588763,95.34570474855909,0.03536394912067296,0.0030978180807616842,0.225667262708887,0.5286258705051072
112,outdoor,scene_00022,outdoor/scene_00022/scan_00194,val/outdoor/scene_00022/scan_00194/00022_00194_outdoor_020_030.png,9,2,1,256,512,512,768,55852,9338,93204.0,241331.21009472365,237132.44784445508,4198.76225026857,99221.15646421537,96625.5670538886,2595.5894103267674,0.04939312142766243,0.007159012656408237,0.24472322808797256,0.521822792091937
112,outdoor,scene_00022,outdoor/scene_00022/scan_00194,val/outdoor/scene_00022/scan_00194/00022_00194_outdoor_020_030.png,10,2,2,512,512,768,768,59500,6821,86784.0,321461.8625938024,319958.18837545114,1503.6742183513006,119006.2863656498,116941.21736240255,2065.069003247251,0.04536073918668171,0.0394575070758361,0.5894116142997052,0.5635757341010872
112,outdoor,scene_00022,outdoor/scene_00022/scan_00194,val/outdoor/scene_00022/scan_00194/00022_00194_outdoor_020_030.png,11,2,3,768,512,1024,768,55783,5871,79267.0,531317.3461722708,501978.264696471,29339.08147579973,351492.41621370043,332699.15097672615,18793.26523697436,0.06815003655161395,0.07039793299639623,0.8130691706311118,0.6804990524336841
113,outdoor,scene_00022,outdoor/scene_00022/scan_00194,val/outdoor/scene_00022/scan_00194/00022_00194_outdoor_050_000.png,0,0,0,0,0,256,256,58499,9035,94639.0,52750.002323057146,52159.11293133933,590.8893917178171,17220.591351130286,17037.15737378694,183.43397734334718,0.0451359312930536,0.010200841093941126,0.2913227048451837,0.8302759391535313
113,outdoor,scene_00022,outdoor/scene_00022/scan_00194,val/outdoor/scene_00022/scan_00194/00022_00194_outdoor_050_000.png,1,0,1,256,0,512,256,53187,27752,164195.0,395381.04172572226,384932.0246412032,10449.01708451905,92321.1080746937,89980.59069006774,2340.5173846259504,0.06204716169526815,0.12564088767265208,0.5947923555275009,0.45617907694377385
113,outdoor,scene_00022,outdoor/scene_00022/scan_00194,val/outdoor/scene_00022/scan_00194/00022_00194_outdoor_050_000.png,2,0,2,512,0,768,256,51230,14472,109118.0,191748.38248151663,191957.02338995103,-208.64090843437737,53210.214595476995,53237.38764532951,-27.173049852526034,0.02764724851030189,0.006459539308140265,0.3114110026470736,0.27924208217556706
113,outdoor,scene_00022,outdoor/scene_00022/scan_00194,val/outdoor/scene_00022/scan_00194/00022_00194_outdoor_050_000.png,3,0,3,768,0,1024,256,57713,16633,124245.0,275437.7236712021,299727.54761509685,-24289.823943894786,89696.58300688726,96030.81313490056,-6334.2301280133,0.03537020029950539,0.007924076335514525,0.3471417037715092,-0.045103135183339665
113,outdoor,scene_00022,outdoor/scene_00022/scan_00194,val/outdoor/scene_00022/scan_00194/00022_00194_outdoor_050_000.png,4,1,0,0,256,256,512,65536,596,67920.0,9613.684661132122,9607.200623656618,6.484037475503623,9301.539217722984,9294.368139416452,7.171078306529585,0.01700221846096571,0.008484343038515278,0.4725832820085196,0.8204430584864281
113,outdoor,scene_00022,outdoor/scene_00022/scan_00194,val/outdoor/scene_00022/scan_00194/00022_00194_outdoor_050_000.png,5,1,1,256,256,512,512,65536,2722,76424.0,10164.891979278633,10477.559858184235,-312.6678789056036,7874.898280148416,7903.696795849166,-28.798515700749324,0.024374544982651843,0.025536017256313107,0.7441107658289399,0.7330992614477456
113,outdoor,scene_00022,outdoor/scene_00022/scan_00194,val/outdoor/scene_00022/scan_00194/00022_00194_outdoor_050_000.png,6,1,2,512,256,768,512,65514,1960,73354.0,9968.959197291277,9975.418361637227,-6.459164345949278,6943.7815420004135,6961.747171291214,-17.965629290800607,0.02436465334068757,0.009903009851091864,0.45473299113372684,0.5052069470075954
113,outdoor,scene_00022,outdoor/scene_00022/scan_00194,val/outdoor/scene_00022/scan_00194/00022_00194_outdoor_050_000.png,7,1,3,768,256,1024,512,65529,809,68765.0,6872.147815513272,6877.317892536867,-5.1700770235948506,5807.416202124352,5811.321667314286,-3.9054651899333357,0.026102440558197142,0.00957511011198943,0.4319685275125391,0.5991511409160177
113,outdoor,scene_00022,outdoor/scene_00022/scan_00194,val/outdoor/scene_00022/scan_00194/00022_00194_outdoor_050_000.png,8,2,0,0,512,256,768,65536,12,65584.0,19883.250381750015,19877.963103266822,5.287278483191787,19877.72289836609,19872.44181253598,5.281085830109915,0.019023364758353534,0.014938531595518485,0.7009909096364688,2.837376209221192
113,outdoor,scene_00022,outdoor/scene_00022/scan_00194,val/outdoor/scene_00022/scan_00194/00022_00194_outdoor_050_000.png,9,2,1,256,512,512,768,65535,449,67331.0,19611.252904727662,19603.95180821487,7.301096512790037,19226.607978857195,19218.969778897597,7.638199959596471,0.02638567049530275,0.014778593476174188,0.7639247289009099,2.610581459867327
113,outdoor,scene_00022,outdoor/scene_00022/scan_00194,val/outdoor/scene_00022/scan_00194/00022_00194_outdoor_050_000.png,10,2,2,512,512,768,768,65536,17,65604.0,18766.494863676642,18762.781652644313,3.7132110323260363,18757.5812219578,18753.870610186183,3.710611771617278,0.01643708190056194,0.014370595439831022,0.6814963838757339,2.5724424097425893
113,outdoor,scene_00022,outdoor/scene_00022/scan_00194,val/outdoor/scene_00022/scan_00194/00022_00194_outdoor_050_000.png,11,2,3,768,512,1024,768,65536,0,65536.0,18254.554973081424,18249.261990356463,5.292982724961615,18254.554973081424,18249.261990356463,5.292982724961615,0.01849076149522262,0.014212090822577322,0.6266173827594878,2.4709835210518376
114,outdoor,scene_00022,outdoor/scene_00022/scan_00194,val/outdoor/scene_00022/scan_00194/00022_00194_outdoor_060_040.png,0,0,0,0,0,256,256,4824,636,7368.0,68608.97980583028,61612.28894300698,6996.690862823305,16100.930426404144,14442.42251035965,1658.5079160444932,0.009837530851914977,0.010133623721709265,0.7952027094371593,0.0002387412613117269
114,outdoor,scene_00022,outdoor/scene_00022/scan_00194,val/outdoor/scene_00022/scan_00194/00022_00194_outdoor_060_040.png,1,0,1,256,0,512,256,4045,686,6789.0,18979.78867658206,15046.947160861868,3932.8415157201925,5964.7155671434775,4993.572389143577,971.143177999901,0.00856176307796027,0.007417165372487174,0.7089795775240375,0.0002823689375537888
114,outdoor,scene_00022,outdoor/scene_00022/scan_00194,val/outdoor/scene_00022/scan_00194/00022_00194_outdoor_060_040.png,2,0,2,512,0,768,256,0,0,0.0,0.0,0.0,0.0,0.0,0.0,0.0,0.006618022024359222,0.0,0.5868929486943109,0.0
114,outdoor,scene_00022,outdoor/scene_00022/scan_00194,val/outdoor/scene_00022/scan_00194/00022_00194_outdoor_060_040.png,3,0,3,768,0,1024,256,0,0,0.0,0.0,0.0,0.0,0.0,0.0,0.0,0.007616722433767166,0.0,1e-06,-3.159874320030212e-06
114,outdoor,scene_00022,outdoor/scene_00022/scan_00194,val/outdoor/scene_00022/scan_00194/00022_00194_outdoor_060_040.png,4,1,0,0,256,256,512,65401,1687,72149.0,13190.828697814719,13317.585199979127,-126.7565021644081,6487.781406569098,6550.045070643393,-62.26366407429537,0.04516995773506303,0.00711666806098355,0.7893687919694703,0.049450407292089174
114,outdoor,scene_00022,outdoor/scene_00022/scan_00194,val/outdoor/scene_00022/scan_00194/00022_00194_outdoor_060_040.png,5,1,1,256,256,512,512,62599,4137,79147.0,24428.988114418808,24525.628620728658,-96.64050630985147,9102.360960316204,9128.976806812207,-26.615846496001172,0.04660471986814567,0.008480758806762403,0.7076638851718912,0.014897068236629417
114,outdoor,scene_00022,outdoor/scene_00022/scan_00194,val/outdoor/scene_00022/scan_00194/00022_00194_outdoor_060_040.png,6,1,2,512,256,768,512,25438,1110,29878.0,73734.1566660773,73570.72092106396,163.4357450133286,17778.54612494549,17696.962889226284,81.58323571919894,0.023197197274504252,0.014574791612215584,0.7651656415000907,0.000973964166166374
114,outdoor,scene_00022,outdoor/scene_00022/scan_00194,val/outdoor/scene_00022/scan_00194/00022_00194_outdoor_060_040.png,7,1,3,768,256,1024,512,38,2,46.0,622.5904883088108,623.7719155978555,-1.181427289044741,508.7105368586331,509.15589207143324,-0.44535521280012325,0.008485929421030103,0.00014699872847044935,0.45015124686831987,0.0
114,outdoor,scene_00022,outdoor/scene_00022/scan_00194,val/outdoor/scene_00022/scan_00194/00022_00194_outdoor_060_040.png,8,2,0,0,512,256,768,65533,1677,72241.0,11854.013588712718,11888.825827456596,-34.81223874387715,8528.003174280984,8537.75457053879,-9.751396257804696,0.046429827549305136,0.0040945725669282,0.4905721837658762,2.138503255722676
114,outdoor,scene_00022,outdoor/scene_00022/scan_00194,val/outdoor/scene_00022/scan_00194/00022_00194_outdoor_060_040.png,9,2,1,256,512,512,768,58392,5159,79028.0,19411.29019256777,19493.792229643,-82.50203707523181,8878.682090647859,8917.764834310377,-39.08274366251864,0.04186252902954301,0.004290856973735566,0.42378366949785146,2.2209516467029076
114,outdoor,scene_00022,outdoor/scene_00022/scan_00194,val/outdoor/scene_00022/scan_00194/00022_00194_outdoor_060_040.png,10,2,2,512,512,768,768,61150,19946,140934.0,285785.7524807007,288550.390653251,-2764.638172550223,74303.58595276892,75563.2183182004,-1259.6323654314822,0.061675251313973514,0.047451384624299084,0.8583452888140176,0.020682597930301187
114,outdoor,scene_00022,outdoor/scene_00022/scan_00194,val/outdoor/scene_00022/scan_00194/00022_00194_outdoor_060_040.png,11,2,3,768,512,1024,768,54824,5179,75540.0,62855.37789113313,59548.482181921354,3306.8957092117776,21806.852803415495,20774.809029009273,1032.0437744062194,0.04580090560674907,0.011921371037268093,0.6009090598807285,0.020661912370687093
115,outdoor,scene_00022,outdoor/scene_00022/scan_00194,val/outdoor/scene_00022/scan_00194/00022_00194_outdoor_070_030.png,0,0,0,0,0,256,256,61206,1102,65614.0,22540.372773712486,23030.139719804807,-489.76694609231794,9726.706982593465,9869.5954618596,-142.88847926613715,0.04786857573694908,0.008051674302253597,0.7756170197788452,0.12502262036681927
115,outdoor,scene_00022,outdoor/scene_00022/scan_00194,val/outdoor/scene_00022/scan_00194/00022_00194_outdoor_070_030.png,1,0,1,256,0,512,256,58937,1118,63409.0,78854.39971121584,78390.35138484002,464.04832637583684,24603.679971755795,24852.06522044225,-248.38524868645624,0.040405224483615415,0.015623948750932233,0.7499066332330427,0.128831768554308
115,outdoor,scene_00022,outdoor/scene_00022/scan_00194,val/outdoor/scene_00022/scan_00194/00022_00194_outdoor_070_030.png,2,0,2,512,0,768,256,59176,1295,64356.0,25370.416400835213,24543.216801308532,827.1995995266805,14031.724810398442,13989.483869799253,42.240940599189884,0.04443865783720795,0.011493259934371915,0.7549480195440521,0.03899064390788702
115,outdoor,scene_00022,outdoor/scene_00022/scan_00194,val/outdoor/scene_00022/scan_00194/00022_00194_outdoor_070_030.png,3,0,3,768,0,1024,256,16680,387,18228.0,65611.15521781254,69055.9352536764,-3444.780035863874,16900.39311474801,17421.611432661506,-521.2183179134911,0.01817634059517801,0.011890902784854197,0.7477696928803789,0.0015638852423149122
115,outdoor,scene_00022,outdoor/scene_00022/scan_00194,val/outdoor/scene_00022/scan_00194/00022_00194_outdoor_070_030.png,4,1,0,0,256,256,512,53744,4637,72292.0,35814.16590626166,35891.59611094521,-77.43020468355384,12851.680247001485,12884.787862970752,-33.10761596926874,0.031244722617307062,0.0032439550644329635,0.34994777929182125,2.295340429860468
115,outdoor,scene_00022,outdoor/scene_00022/scan_00194,val/outdoor/scene_00022/scan_00194/00022_00194_outdoor_070_030.png,5,1,1,256,256,512,512,65528,1374,71024.0,7470.668511098639,7493.502228502366,-22.83371740372814,3234.5157281045304,3236.1959285898383,-1.680200485308073,0.044524897643300615,0.0035144472476373117,0.3819847574181648,2.0826394374941852
115,outdoor,scene_00022,outdoor/scene_00022/scan_00194,val/outdoor/scene_00022/scan_00194/00022_00194_outdoor_070_030.png,6,1,2,512,256,768,512,58665,3420,72345.0,21888.460715202185,21879.80668555248,8.65402964970135,9223.290340278138,9215.847791293962,7.442548984173648,0.04463795457174253,0.008708562529231804,0.5451968782070921,2.234522801915044
115,outdoor,scene_00022,outdoor/scene_00022/scan_00194,val/outdoor/scene_00022/scan_00194/00022_00194_outdoor_070_030.png,7,1,3,768,256,1024,512,60457,13054,112673.0,280221.65342138824,280439.7809296727,-218.12750828445564,79817.23256942153,79507.25786147475,309.9747079467891,0.060922779587567456,0.06041603026646447,1.266340050031329,0.01684255199199803
115,outdoor,scene_00022,outdoor/scene_00022/scan_00194,val/outdoor/scene_00022/scan_00194/00022_00194_outdoor_070_030.png,8,2,0,0,512,256,768,50487,10766,93551.0,76064.28354893136,76133.64187474828,-69.35832581692168,28337.902109500537,28356.880757374143,-18.978647873607862,0.020428996086575838,0.0024321045128066253,0.6148659108346155,2.2869467269440285
115,outdoor,scene_00022,outdoor/scene_00022/scan_00194,val/outdoor/scene_00022/scan_00194/00022_00194_outdoor_070_030.png,9,2,1,256,512,512,768,65438,1161,70082.0,15224.987505329107,15128.389590983557,96.59791434554958,8314.144305552923,8291.905761575319,22.23854397760553,0.05003717125784994,0.004134591208383783,0.4717780378187505,2.2099406525340823
115,outdoor,scene_00022,outdoor/scene_00022/scan_00194,val/outdoor/scene_00022/scan_00194/00022_00194_outdoor_070_030.png,10,2,2,512,512,768,768,59154,5939,82910.0,55309.75817362608,55179.81224586133,129.94592776475668,22328.93865112361,22285.033202421375,43.90544870223704,0.056547264265889005,0.014147555809678317,0.53919018674049,2.7979433317054228
115,outdoor,scene_00022,outdoor/scene_00022/scan_00194,val/outdoor/scene_00022/scan_00194/00022_00194_outdoor_070_030.png,11,2,3,768,512,1024,768,53781,22035,141921.0,570492.3203831168,570948.3279420999,-456.00755898310797,157104.41613872471,157503.10124657588,-398.68510785120833,0.07166688821901791,0.0631717706368337,1.1020808484618565,1.7639836917969571
116,outdoor,scene_00022,outdoor/scene_00022/scan_00194,val/outdoor/scene_00022/scan_00194/00022_00194_outdoor_130_020.png,0,0,0,0,0,256,256,29236,6209,54072.0,358725.85442390846,357597.8299356669,1128.0244882415616,119715.55211200764,114125.42359183215,5590.128520175499,0.03242477867132236,0.026427807021573744,0.9418845616418049,0.014485038486105205
116,outdoor,scene_00022,outdoor/scene_00022/scan_00194,val/outdoor/scene_00022/scan_00194/00022_00194_outdoor_130_020.png,1,0,1,256,0,512,256,27067,2128,35579.0,30119.818986195733,28265.763249632502,1854.0557365632285,12199.964902014062,11861.652964971712,338.31193704234977,0.027686945376969474,0.012743788673082911,0.53040499089013,0.006436848590529355
116,outdoor,scene_00022,outdoor/scene_00022/scan_00194,val/outdoor/scene_00022/scan_00194/00022_00194_outdoor_130_020.png,2,0,2,512,0,768,256,46903,1765,53963.0,11882.658284724064,11583.722706461285,298.93557826277817,6769.8802115723665,6928.386750388899,-158.5065388165327,0.04314721060051482,0.011738161985800936,0.6226990291970029,0.09711231173445697
116,outdoor,scene_00022,outdoor/scene_00022/scan_00194,val/outdoor/scene_00022/scan_00194/00022_00194_outdoor_130_020.png,3,0,3,768,0,1024,256,64834,4318,82106.0,37075.31197603484,37249.54225119189,-174.2302751570415,9819.619011681742,9855.171258769637,-35.55224708789561,0.041805673307818106,0.0026121656835302216,0.2873357141546225,1.8728309905629312
116,outdoor,scene_00022,outdoor/scene_00022/scan_00194,val/outdoor/scene_00022/scan_00194/00022_00194_outdoor_130_020.png,4,1,0,0,256,256,512,53713,7843,85085.0,91266.92537541801,91685.56221893801,-418.6368435199889,30114.87385174728,30259.3798256616,-144.5059739143207,0.051420518536019394,0.009696216129639588,0.43046941158034513,1.0321633636850671
116,outdoor,scene_00022,outdoor/scene_00022/scan_00194,val/outdoor/scene_00022/scan_00194/00022_00194_outdoor_130_020.png,5,1,1,256,256,512,512,64609,1952,72417.0,21063.245911598056,21101.302546224775,-38.056634626718065,14884.5218076558,14897.777028348857,-13.255220693058227,0.039636469852013384,0.0022235641484536026,0.2532438485388976,0.9098014261381692
116,outdoor,scene_00022,outdoor/scene_00022/scan_00194,val/outdoor/scene_00022/scan_00194/00022_00194_outdoor_130_020.png,6,1,2,512,256,768,512,62201,2117,70669.0,13176.769300028198,13127.340799645726,49.428500382472066,10287.8601947864,10256.106203756399,31.75399103000067,0.04779798922873186,0.004481033905946055,0.3560408416371843,1.1803283169624654
116,outdoor,scene_00022,outdoor/scene_00022/scan_00194,val/outdoor/scene_00022/scan_00194/00022_00194_outdoor_130_020.png,7,1,3,768,256,1024,512,63509,4381,81033.0,45063.24091940885,45261.01982568602,-197.7789062771674,12308.490935007094,12366.794429502213,-58.30349449511892,0.03868041128264113,0.0028410333095996946,0.32781948343837425,1.9038999329690174
116,outdoor,scene_00022,outdoor/scene_00022/scan_00194,val/outdoor/scene_00022/scan_00194/00022_00194_outdoor_130_020.png,8,2,0,0,512,256,768,57513,14419,115189.0,211180.68790027726,211198.59535656072,-17.907456283511124,68305.33499363138,68257.70858513263,47.626408498754,0.02207564059818968,0.013680753130385161,0.7241160262630189,1.259939316180641
116,outdoor,scene_00022,outdoor/scene_00022/scan_00194,val/outdoor/scene_00022/scan_00194/00022_00194_outdoor_130_020.png,9,2,1,256,512,512,768,62170,11428,107882.0,290921.01542586705,290280.3533685898,640.6620572772306,81861.65707841687,81657.07423727884,204.58284113802353,0.029746428244775476,0.016648232226772905,0.8534333154444457,1.0373673641936565
116,outdoor,scene_00022,outdoor/scene_00022/scan_00194,val/outdoor/scene_00022/scan_00194/00022_00194_outdoor_130_020.png,10,2,2,512,512,768,768,63468,5313,84720.0,47327.19479186283,47201.08005946019,126.11473240263913,26082.106097964934,26019.94973234279,62.156365622144406,0.03279014056063365,0.015061276887837266,0.6864819352342316,1.4667427894929421
116,outdoor,scene_00022,outdoor/scene_00022/scan_00194,val/outdoor/scene_00022/scan_00194/00022_00194_outdoor_130_020.png,11,2,3,768,512,1024,768,63071,3924,78767.0,45454.17806419484,45510.5293529047,-56.3512887098521,17607.64172946008,17562.261781382324,45.37994807775614,0.025174600764368334,0.015282832837917882,0.6628327338324914,2.347435566632246
117,outdoor,scene_00022,outdoor/scene_00022/scan_00194,val/outdoor/scene_00022/scan_00194/00022_00194_outdoor_150_000.png,0,0,0,0,0,256,256,45369,18947,121157.0,797091.3478505278,792429.3042111411,4662.0436393868,217452.9586601837,216646.44108775965,806.5175724240498,0.03755096310639444,0.05866439692362299,0.4591255868732791,0.24837411878237664
117,outdoor,scene_00022,outdoor/scene_00022/scan_00194,val/outdoor/scene_00022/scan_00194/00022_00194_outdoor_150_000.png,1,0,1,256,0,512,256,46750,9970,86630.0,120548.40639813124,114248.41157006318,6299.994828068034,52571.76462853809,50083.02396199656,2488.7406665415374,0.027874895843561568,0.038721838102007855,0.7490469135755201,0.3498494599538911
117,outdoor,scene_00022,outdoor/scene_00022/scan_00194,val/outdoor/scene_00022/scan_00194/00022_00194_outdoor_150_000.png,2,0,2,512,0,768,256,56616,15907,120244.0,345401.08594569983,336090.3793780629,9310.706567636957,95127.98972329109,92522.44129779893,2605.5484254921557,0.02881669927424857,0.011415871483595515,0.5588541450920581,-0.12151793125984438
117,outdoor,scene_00022,outdoor/scene_00022/scan_00194,val/outdoor/scene_00022/scan_00194/00022_00194_outdoor_150_000.png,3,0,3,768,0,1024,256,62814,10341,104178.0,196607.7026725549,195134.24330305625,1473.459369498658,56534.56650731384,55764.98408854351,769.5824187703263,0.03553222029374776,0.01385589394459092,0.7731260890593594,-0.5689558527618352
117,outdoor,scene_00022,outdoor/scene_00022/scan_00194,val/outdoor/scene_00022/scan_00194/00022_00194_outdoor_150_000.png,4,1,0,0,256,256,512,64897,12257,113925.0,84425.35276906319,85004.67117205409,-579.3184029909014,23893.55187207982,24161.062797199025,-267.51092511920547,0.020349080592532348,0.022725609280098636,0.7155144492046702,0.4964503610834714
117,outdoor,scene_00022,outdoor/scene_00022/scan_00194,val/outdoor/scene_00022/scan_00194/00022_00194_outdoor_150_000.png,5,1,1,256,256,512,512,65512,3828,80824.0,13940.092148413467,13955.522525634766,-15.430377221300995,7615.648102167695,7630.628393495823,-14.980291328127558,0.018382530766010416,0.0115853374202895,0.5681835356610871,1.1364634201921455
117,outdoor,scene_00022,outdoor/scene_00022/scan_00194,val/outdoor/scene_00022/scan_00194/00022_00194_outdoor_150_000.png,6,1,2,512,256,768,512,65533,594,67909.0,8330.560264398144,8327.394908818325,3.1653555798190243,7582.013590375036,7578.07297283565,3.940617539385978,0.013667955897234366,0.009246387380586994,0.4436113317217773,1.7286355952824877
117,outdoor,scene_00022,outdoor/scene_00022/scan_00194,val/outdoor/scene_00022/scan_00194/00022_00194_outdoor_150_000.png,7,1,3,768,256,1024,512,65536,60,65776.0,11083.666053510171,11071.237326662711,12.428726847460522,11037.267780065731,11024.838916063594,12.428864002137857,0.010890604908545473,0.00702929780144922,0.3834586496343388,2.382418879911468
117,outdoor,scene_00022,outdoor/scene_00022/scan_00194,val/outdoor/scene_00022/scan_00194/00022_00194_outdoor_150_000.png,8,2,0,0,512,256,768,65529,1402,71137.0,20745.36412943592,20730.947959406625,14.416170029292662,18023.942876600253,18011.96518177234,11.977694827913927,0.016959235630494156,0.015973454920681987,0.8242751118091178,3.2776587456311512
117,outdoor,scene_00022,outdoor/scene_00022/scan_00194,val/outdoor/scene_00022/scan_00194/00022_00194_outdoor_150_000.png,9,2,1,256,512,512,768,65536,141,66100.0,18102.822382309885,18101.723912262387,1.0984700474977855,17836.06256125436,17834.958794884988,1.1037663693718884,0.016619338476367297,0.01628860499818982,0.710454880816646,3.3815288200984255
117,outdoor,scene_00022,outdoor/scene_00022/scan_00194,val/outdoor/scene_00022/scan_00194/00022_00194_outdoor_150_000.png,10,2,2,512,512,768,768,65536,0,65536.0,17790.76764638773,17787.767855136553,2.999791251177275,17790.76764638773,17787.767855136553,2.999791251177275,0.013280907432843107,0.016339261018025,0.6667896220525814,3.246344595134875
117,outdoor,scene_00022,outdoor/scene_00022/scan_00194,val/outdoor/scene_00022/scan_00194/00022_00194_outdoor_150_000.png,11,2,3,768,512,1024,768,65536,0,65536.0,17895.32481004473,17889.384362996716,5.94044704801363,17895.32481004473,17889.384362996716,5.94044704801363,0.012090662729819691,0.016279465029355344,0.6391315909735877,3.4668245661004855
118,outdoor,scene_00022,outdoor/scene_00022/scan_00194,val/outdoor/scene_00022/scan_00194/00022_00194_outdoor_260_030.png,0,0,0,0,0,256,256,50812,5565,73072.0,250379.7081988675,253338.31759491537,-2958.6093960479034,76239.8011898573,77161.79026815051,-921.9890782931919,0.02771894644573918,0.03686974107950625,0.8964859013556356,0.008472055440322155
118,outdoor,scene_00022,outdoor/scene_00022/scan_00194,val/outdoor/scene_00022/scan_00194/00022_00194_outdoor_260_030.png,1,0,1,256,0,512,256,55103,3570,69383.0,44448.130369343504,42675.10050702795,1773.029862315558,19054.842553494695,18481.706019319263,573.1365341754313,0.028107686868674445,0.01697967300478099,0.7703351585560146,0.1542181607937048
118,outdoor,scene_00022,outdoor/scene_00022/scan_00194,val/outdoor/scene_00022/scan_00194/00022_00194_outdoor_260_030.png,2,0,2,512,0,768,256,65191,1330,70511.0,11061.784664638135,11065.028248357865,-3.2435837197305,5548.652014250351,5559.585462925272,-10.93344867492037,0.03334611757233046,0.003936101643445011,0.4879751590711409,1.5133749046188671
118,outdoor,scene_00022,outdoor/scene_00022/scan_00194,val/outdoor/scene_00022/scan_00194/00022_00194_outdoor_260_030.png,3,0,3,768,0,1024,256,62969,1322,68257.0,59379.20337317461,38488.69815299102,20890.505220183586,21282.93357045067,15922.93575015268,5359.997820297996,0.03236130621851924,0.00715604049983879,0.3603634776912493,2.1805262328486035
118,outdoor,scene_00022,outdoor/scene_00022/scan_00194,val/outdoor/scene_00022/scan_00194/00022_00194_outdoor_260_030.png,4,1,0,0,256,256,512,64543,4737,83491.0,29000.374227585893,28985.310047601328,15.064179984563324,10420.249589862422,10418.60586517904,1.6437246833808805,0.03538042291579384,0.002412429754715422,0.5297258959474017,2.5743896860394098
118,outdoor,scene_00022,outdoor/scene_00022/scan_00194,val/outdoor/scene_00022/scan_00194/00022_00194_outdoor_260_030.png,5,1,1,256,256,512,512,64615,3941,80379.0,30667.327028710428,30735.728362061374,-68.40133335094505,10425.985409371435,10457.02705718018,-31.04164780874377,0.03896786251288181,0.0028996395519722425,0.34101301092492664,2.8963505010471344
118,outdoor,scene_00022,outdoor/scene_00022/scan_00194,val/outdoor/scene_00022/scan_00194/00022_00194_outdoor_260_030.png,6,1,2,512,256,768,512,64657,2844,76033.0,17471.160454153993,17513.43258417624,-42.27213002224801,6883.354203161284,6893.06679709927,-9.71259393798654,0.037490680439245985,0.002951734345083551,0.4258943459865139,2.7174540732065857
118,outdoor,scene_00022,outdoor/scene_00022/scan_00194,val/outdoor/scene_00022/scan_00194/00022_00194_outdoor_260_030.png,7,1,3,768,256,1024,512,65089,1757,72117.0,7778.073114718223,7798.311387631839,-20.238272913615777,4370.778321870997,4377.509577836099,-6.731255965101775,0.036347284968745425,0.002914951078616814,0.3591249523117233,2.8070872186153917
118,outdoor,scene_00022,outdoor/scene_00022/scan_00194,val/outdoor/scene_00022/scan_00194/00022_00194_outdoor_260_030.png,8,2,0,0,512,256,768,53817,9964,93673.0,79242.70277013567,79265.22014818099,-22.517378045316946,36129.76143328991,36149.470605332186,-19.70917204227796,0.03399362277119427,0.0080161789373949,0.7198099997630744,3.2197542306585327
118,outdoor,scene_00022,outdoor/scene_00022/scan_00194,val/outdoor/scene_00022/scan_00194/00022_00194_outdoor_260_030.png,9,2,1,256,512,512,768,52759,16986,120703.0,195083.70688941836,195304.2894548964,-220.58256547806104,58916.4119997934,59064.22966944103,-147.81766964763105,0.039380675593234715,0.014946242450120193,0.5338150452857733,3.498469433555159
118,outdoor,scene_00022,outdoor/scene_00022/scan_00194,val/outdoor/scene_00022/scan_00194/00022_00194_outdoor_260_030.png,10,2,2,512,512,768,768,42905,15285,104045.0,290487.5677536588,290275.6184604944,211.9492931644205,82294.01308248827,82243.81073292039,50.202349567874634,0.04233442048914943,0.006381654540901313,0.4270361343163291,3.6345997442763878
118,outdoor,scene_00022,outdoor/scene_00022/scan_00194,val/outdoor/scene_00022/scan_00194/00022_00194_outdoor_260_030.png,11,2,3,768,512,1024,768,62759,3146,75343.0,20667.972677047906,20686.015309613293,-18.042632565386157,11524.08497219024,11538.862922017812,-14.777949827570177,0.028921226436757107,0.003551265823370137,0.4721567764078565,3.2545842123463586
119,outdoor,scene_00022,outdoor/scene_00022/scan_00194,val/outdoor/scene_00022/scan_00194/00022_00194_outdoor_280_030.png,0,0,0,0,0,256,256,1914,833,5246.0,214513.01800711738,197138.34898675815,17374.66902035921,61702.872577001835,55637.887585385906,6064.984991615931,0.011193134912065208,0.018542024542774878,0.893207880283217,1.0122570700301806e-05
119,outdoor,scene_00022,outdoor/scene_00022/scan_00194,val/outdoor/scene_00022/scan_00194/00022_00194_outdoor_280_030.png,1,0,1,256,0,512,256,27209,6465,53069.0,2133682.1957690734,2124557.5727575244,9124.623011549469,582681.4106216842,579290.414324055,3390.996297629128,0.042743138658654964,0.1441032065441934,1.1637084878049944,0.015357801657156871
119,outdoor,scene_00022,outdoor/scene_00022/scan_00194,val/outdoor/scene_00022/scan_00194/00022_00194_outdoor_280_030.png,2,0,2,512,0,768,256,52194,927,55902.0,40314.772809824906,41002.79823195473,-688.0254221298285,25536.171167114448,26051.701247165438,-515.5300800509938,0.025760174363366337,0.012622745438714915,0.5854458605285532,0.022010840894025902
119,outdoor,scene_00022,outdoor/scene_00022/scan_00194,val/outdoor/scene_00022/scan_00194/00022_00194_outdoor_280_030.png,3,0,3,768,0,1024,256,63179,870,66659.0,23315.99160358977,21546.063547501373,1769.9280560883942,11769.157593827567,11163.449821212183,605.7077726153849,0.034269199508201384,0.007448429649310798,0.32767111333633,0.9364079620926914
119,outdoor,scene_00022,outdoor/scene_00022/scan_00194,val/outdoor/scene_00022/scan_00194/00022_00194_outdoor_280_030.png,4,1,0,0,256,256,512,13688,1475,19588.0,333020.7121025508,316758.06400770583,16262.648094844948,133870.5636860334,125739.69764133614,8130.866044697264,0.03087217563914048,0.024586892983408704,1.4711229227584264,0.013750913589252255
119,outdoor,scene_00022,outdoor/scene_00022/scan_00194,val/outdoor/scene_00022/scan_00194/00022_00194_outdoor_280_030.png,5,1,1,256,256,512,512,37785,7713,68637.0,2681229.1981640393,2674898.970343963,6330.227820076398,695801.8080482803,690130.5957515881,5671.212296692254,0.05507281493833782,0.14250288374028477,1.0845192981212066,0.02314525548998292
119,outdoor,scene_00022,outdoor/scene_00022/scan_00194,val/outdoor/scene_00022/scan_00194/00022_00194_outdoor_280_030.png,6,1,2,512,256,768,512,64471,1528,70583.0,16972.911007089577,16961.250161278487,11.660845811086908,11141.173472994542,11135.33893485985,5.834538134691664,0.036598854696240676,0.002410694238748421,0.3980858755774331,1.3329032097331421
119,outdoor,scene_00022,outdoor/scene_00022/scan_00194,val/outdoor/scene_00022/scan_00194/00022_00194_outdoor_280_030.png,7,1,3,768,256,1024,512,64916,1756,71940.0,23602.14988562785,23680.034376322285,-77.88449069443448,12080.065784098526,12113.720039016549,-33.654254918024996,0.03780388198910645,0.0033955877721738455,0.5087127113649952,1.4306719332334592
119,outdoor,scene_00022,outdoor/scene_00022/scan_00194,val/outdoor/scene_00022/scan_00194/00022_00194_outdoor_280_030.png,8,2,0,0,512,256,768,29708,5697,52496.0,423737.68756949663,433257.4231075876,-9519.735538090905,156696.7897980033,159324.35763443453,-2627.5678364312607,0.07292098467634722,0.01775461947493143,0.7703604214385796,0.3253105503393862
119,outdoor,scene_00022,outdoor/scene_00022/scan_00194,val/outdoor/scene_00022/scan_00194/00022_00194_outdoor_280_030.png,9,2,1,256,512,512,768,37706,6899,65302.0,1906031.9267931571,1727366.8753762012,178665.05141695566,582879.8231555255,527773.6085338233,55106.21462170213,0.05023827806291891,0.09062524977173954,1.0584223378057909,0.04160145095947013
119,outdoor,scene_00022,outdoor/scene_00022/scan_00194,val/outdoor/scene_00022/scan_00194/00022_00194_outdoor_280_030.png,10,2,2,512,512,768,768,51458,4097,67846.0,54048.54803620803,54060.008025440715,-11.459989232684418,35971.99929743601,35999.94210876037,-27.942811324366613,0.03714222535390028,0.010173973879681482,0.556699679940208,1.7867644776601923
119,outdoor,scene_00022,outdoor/scene_00022/scan_00194,val/outdoor/scene_00022/scan_00194/00022_00194_outdoor_280_030.png,11,2,3,768,512,1024,768,54560,11448,100352.0,158962.17179998523,159449.59551115808,-487.4237111728562,51725.10618962883,52048.304215919095,-323.1980262902595,0.03659011503773578,0.014067580629567127,0.3310546206723531,2.389278252631117
120,outdoor,scene_00022,outdoor/scene_00022/scan_00195,val/outdoor/scene_00022/scan_00195/00022_00195_outdoor_160_000.png,0,0,0,0,0,256,256,44232,5596,66616.0,20355.851339438857,20420.198995959807,-64.3476565209519,8009.969414087253,8043.847452872324,-33.87803878506952,0.021942530488713936,0.005037486914195875,0.27503616452192103,2.226964917726409
120,outdoor,scene_00022,outdoor/scene_00022/scan_00195,val/outdoor/scene_00022/scan_00195/00022_00195_outdoor_160_000.png,1,0,1,256,0,512,256,65531,3788,80683.0,4138.025947477052,4232.256739842922,-94.23079236587155,2380.357045212552,2351.177434872299,29.179610340253333,0.01855055078290668,0.012449229467876546,0.5447323565046592,2.6364938836035217
120,outdoor,scene_00022,outdoor/scene_00022/scan_00195,val/outdoor/scene_00022/scan_00195/00022_00195_outdoor_160_000.png,2,0,2,512,0,768,256,65536,7157,94164.0,9689.55971664438,9937.81394125881,-248.25422461443097,6415.509463711625,6574.734265886209,-159.2248021745837,0.017414534189075695,0.017566601780286163,0.7459359186264403,2.6984922469240664
120,outdoor,scene_00022,outdoor/scene_00022/scan_00195,val/outdoor/scene_00022/scan_00195/00022_00195_outdoor_160_000.png,3,0,3,768,0,1024,256,64550,6119,89026.0,543638.0135632573,174825.17886078556,368812.8347024718,118237.1801070215,44056.7596239527,74180.4204830688,0.021186992646637978,0.02375608461950942,0.7576613724852685,2.130472241959857
120,outdoor,scene_00022,outdoor/scene_00022/scan_00195,val/outdoor/scene_00022/scan_00195/00022_00195_outdoor_160_000.png,4,1,0,0,256,256,512,65536,2774,76632.0,12237.436707549103,11977.257220973486,260.1794865756164,9286.70297327492,9267.752066412662,18.950906862257483,0.02017991544654533,0.006888941533466687,0.3095748780342316,2.5154159778583023
120,outdoor,scene_00022,outdoor/scene_00022/scan_00195,val/outdoor/scene_00022/scan_00195/00022_00195_outdoor_160_000.png,5,1,1,256,256,512,512,65536,1116,70000.0,1988.8127866243565,2002.3616645599673,-13.548877935610552,1520.7819809947857,1530.5109547632148,-9.72897376842921,0.010691583968747745,0.006990805609334499,0.680556214459489,2.214261097313409
120,outdoor,scene_00022,outdoor/scene_00022/scan_00195,val/outdoor/scene_00022/scan_00195/00022_00195_outdoor_160_000.png,6,1,2,512,256,768,512,65536,1207,70364.0,5349.6670235957845,5350.830578021209,-1.1635544254237074,4931.877533980483,4932.7759344608785,-0.8984004803945975,0.01718067099315405,0.0037653210231433083,0.6120251533726929,3.1318545217658573
120,outdoor,scene_00022,outdoor/scene_00022/scan_00195,val/outdoor/scene_00022/scan_00195/00022_00195_outdoor_160_000.png,7,1,3,768,256,1024,512,65529,10869,109005.0,218554.110388106,244791.94937887287,-26237.83899076689,46214.9534115889,51398.15236059942,-5183.198949010529,0.020606082801907337,0.02047104271947246,0.9682237579843196,-0.06871528296376776
120,outdoor,scene_00022,outdoor/scene_00022/scan_00195,val/outdoor/scene_00022/scan_00195/00022_00195_outdoor_160_000.png,8,2,0,0,512,256,768,65536,18823,140828.0,5605.183792918186,5645.715698124683,-40.53190520649676,2675.6869681707476,2678.269754865965,-2.5827866952170275,0.012752407255442667,0.010978678753834965,0.5306549387719897,2.6647431924879705
120,outdoor,scene_00022,outdoor/scene_00022/scan_00195,val/outdoor/scene_00022/scan_00195/00022_00195_outdoor_160_000.png,9,2,1,256,512,512,768,65536,1056,69760.0,2189.430104904285,2182.948371011407,6.481733892878333,2063.4203707851307,2057.666850194801,5.753520590329544,0.01636708826254252,0.0077399481949884785,0.42789611991793813,3.6997417454864814
120,outdoor,scene_00022,outdoor/scene_00022/scan_00195,val/outdoor/scene_00022/scan_00195/00022_00195_outdoor_160_000.png,10,2,2,512,512,768,768,65536,57,65764.0,4106.400177487765,4111.856908938389,-5.456731450623716,4093.0138669550174,4097.979116179318,-4.965249224300159,0.014937382113815144,0.005078329329548338,0.3739832208741143,4.053451018195588
120,outdoor,scene_00022,outdoor/scene_00022/scan_00195,val/outdoor/scene_00022/scan_00195/00022_00195_outdoor_160_000.png,11,2,3,768,512,1024,768,65536,17850,136936.0,9727.461198668425,9601.956519069308,125.50467959911474,3771.4080769651137,3736.6643640366015,34.74371292851241,0.016986561552188084,0.01288353102702747,0.5919466249008157,2.3311441762600515
121,outdoor,scene_00022,outdoor/scene_00022/scan_00195,val/outdoor/scene_00022/scan_00195/00022_00195_outdoor_170_030.png,0,0,0,0,0,256,256,57384,8256,90408.0,75524.36694437978,75673.86131535764,-149.4943709778484,40335.233728254505,40292.53081949506,42.70290875944737,0.02009286111751425,0.00525926097450077,0.34823553106520533,0.5642713442262375
121,outdoor,scene_00022,outdoor/scene_00022/scan_00195,val/outdoor/scene_00022/scan_00195/00022_00195_outdoor_170_030.png,1,0,1,256,0,512,256,39952,9797,79140.0,41478.49471840225,41311.429466854446,167.06525154780172,16508.526813637192,16488.438605626383,20.08820801080649,0.02179456682349091,0.007464409126379882,0.38642397198665646,0.8210494480260512
121,outdoor,scene_00022,outdoor/scene_00022/scan_00195,val/outdoor/scene_00022/scan_00195/00022_00195_outdoor_170_030.png,2,0,2,512,0,768,256,65532,4411,83176.0,15416.094269422885,15352.233702642212,63.860566780674574,11225.394754892917,11209.230468949594,16.164285943322064,0.03859596497133321,0.010506338853479794,0.6054230169250681,0.9658434203686881
121,outdoor,scene_00022,outdoor/scene_00022/scan_00195,val/outdoor/scene_00022/scan_00195/00022_00195_outdoor_170_030.png,3,0,3,768,0,1024,256,65515,1760,72555.0,10253.801285419002,10268.285784770016,-14.484499351013753,9123.667468933334,9110.141207583101,13.526261350231874,0.028248831989933398,0.0058858741926507184,0.9123049069880393,1.0167413235583802
121,outdoor,scene_00022,outdoor/scene_00022/scan_00195,val/outdoor/scene_00022/scan_00195/00022_00195_outdoor_170_030.png,4,1,0,0,256,256,512,64631,5030,84751.0,23107.731280556243,23152.93422663108,-45.20294607483791,13955.238557672277,13981.865098908496,-26.626541236220138,0.03169405968147481,0.004538813718288456,0.4191168320886986,0.8006878781384508
121,outdoor,scene_00022,outdoor/scene_00022/scan_00195,val/outdoor/scene_00022/scan_00195/00022_00195_outdoor_170_030.png,5,1,1,256,256,512,512,65523,3630,80043.0,10024.685112624744,10045.31473288754,-20.629620262799076,5680.717414830087,5691.160344914151,-10.44293008406279,0.03497857960695074,0.0038813170261264023,0.39560766391511876,1.2667743140252614
121,outdoor,scene_00022,outdoor/scene_00022/scan_00195,val/outdoor/scene_00022/scan_00195/00022_00195_outdoor_170_030.png,6,1,2,512,256,768,512,65529,7366,94993.0,10109.229394736474,10060.933935933674,48.29545880280137,5595.271894837482,5607.198084652669,-11.926189815186078,0.025740354004809105,0.01305557025984084,0.5466382526273053,1.865297509184295
121,outdoor,scene_00022,outdoor/scene_00022/scan_00195,val/outdoor/scene_00022/scan_00195/00022_00195_outdoor_170_030.png,7,1,3,768,256,1024,512,65532,9427,103240.0,15834.90886690217,15871.258254405479,-36.349387503305074,10204.381258078567,10231.939945917435,-27.558687838869147,0.024251567478638734,0.016960036596307255,0.6231193650773023,2.872866574966905
121,outdoor,scene_00022,outdoor/scene_00022/scan_00195,val/outdoor/scene_00022/scan_00195/00022_00195_outdoor_170_030.png,8,2,0,0,512,256,768,56402,5808,79634.0,8218.634704010155,8220.179653015373,-1.5449490052172141,4011.5788949338344,3999.526656855582,12.052238078252648,0.019995629493343214,0.006220044256588016,0.32497336254217546,1.7491597405622186
121,outdoor,scene_00022,outdoor/scene_00022/scan_00195,val/outdoor/scene_00022/scan_00195/00022_00195_outdoor_170_030.png,9,2,1,256,512,512,768,45052,3481,58976.0,8451.272773187258,8473.518033286531,-22.245260099272983,3676.2912862681446,3681.4461884598413,-5.154902191697197,0.022311209917646044,0.00744629432342968,0.32519553995546474,2.0297530606275775
121,outdoor,scene_00022,outdoor/scene_00022/scan_00195,val/outdoor/scene_00022/scan_00195/00022_00195_outdoor_170_030.png,10,2,2,512,512,768,768,65536,2142,74104.0,10223.59426379231,10146.526639747966,77.06762404434602,9020.367133081594,8988.85456629203,31.512566789563827,0.02164723497921518,0.007893051061202696,0.524585254278149,2.3065040614525385
121,outdoor,scene_00022,outdoor/scene_00022/scan_00195,val/outdoor/scene_00022/scan_00195/00022_00195_outdoor_170_030.png,11,2,3,768,512,1024,768,65534,11104,109950.0,14600.148907609895,14539.30762885542,60.84127875447722,8112.882950581331,8150.958706657229,-38.075756075899214,0.009637040057233636,0.020453465364992304,0.9529621036475792,2.766142258735832
122,outdoor,scene_00022,outdoor/scene_00022/scan_00195,val/outdoor/scene_00022/scan_00195/00022_00195_outdoor_250_000.png,0,0,0,0,0,256,256,46864,1535,53004.0,15934.408756528603,16136.025610050714,-201.61685352210955,7203.952687205716,7219.025115391523,-15.072428185807476,0.04013054408949359,0.004583556104960073,0.19733242580424218,1.133462361181287
122,outdoor,scene_00022,outdoor/scene_00022/scan_00195,val/outdoor/scene_00022/scan_00195/00022_00195_outdoor_250_000.png,1,0,1,256,0,512,256,28939,2342,38307.0,25074.919820653522,25031.00884634311,43.91097431041661,8169.691995599253,8147.187218922614,22.50477667663843,0.04744694771185601,0.004700756641874041,0.21635376140305138,1.2155431557097232
122,outdoor,scene_00022,outdoor/scene_00022/scan_00195,val/outdoor/scene_00022/scan_00195/00022_00195_outdoor_250_000.png,2,0,2,512,0,768,256,56043,1685,62783.0,13551.955072075336,13563.962136997616,-12.00706492227902,6751.872968406999,6770.210192764624,-18.33722435762537,0.04735302802539176,0.004150173691495672,0.4055008514056007,1.071958776423804
122,outdoor,scene_00022,outdoor/scene_00022/scan_00195,val/outdoor/scene_00022/scan_00195/00022_00195_outdoor_250_000.png,3,0,3,768,0,1024,256,25027,2197,33815.0,10197.351342959548,10357.97090850931,-160.61956554976334,4797.8045846960495,4859.639951904696,-61.83536720864754,0.04435814361692607,0.004114405563052635,1.0395941973014196,0.19587976474633395
122,outdoor,scene_00022,outdoor/scene_00022/scan_00195,val/outdoor/scene_00022/scan_00195/00022_00195_outdoor_250_000.png,4,1,0,0,256,256,512,55088,15075,115388.0,304982.1398326549,305111.8859772923,-129.7461446373852,77737.78044214977,77727.59127879789,10.189163351884702,0.045013835138487876,0.010402140662686795,0.6459634186965025,0.23394186070471162
122,outdoor,scene_00022,outdoor/scene_00022/scan_00195,val/outdoor/scene_00022/scan_00195/00022_00195_outdoor_250_000.png,5,1,1,256,256,512,512,41809,16920,109489.0,359562.9399447463,361646.0856160199,-2083.1456712734885,92437.913007521,93017.73358079937,-579.8205732783646,0.04841349156075517,0.010786429694962248,0.5958698652455572,0.5032939320822204
122,outdoor,scene_00022,outdoor/scene_00022/scan_00195,val/outdoor/scene_00022/scan_00195/00022_00195_outdoor_250_000.png,6,1,2,512,256,768,512,59481,11301,104685.0,84816.50686768048,85088.98077007862,-272.4739023981529,22645.344365091336,22699.696445409932,-54.35208031859314,0.05414605462535113,0.009379111539421801,0.5847516931445291,0.6951809410664758
122,outdoor,scene_00022,outdoor/scene_00022/scan_00195,val/outdoor/scene_00022/scan_00195/00022_00195_outdoor_250_000.png,7,1,3,768,256,1024,512,43106,10778,86218.0,52285.32463253294,52031.07137621092,254.25325632202197,15760.245620902913,15664.535512514982,95.71010838793177,0.05115362400740996,0.008754538098258534,0.5901278308732832,1.0337553442077132
122,outdoor,scene_00022,outdoor/scene_00022/scan_00195,val/outdoor/scene_00022/scan_00195/00022_00195_outdoor_250_000.png,8,2,0,0,512,256,768,65536,0,65536.0,25939.567626517215,25935.989983346968,3.577643170248442,25939.567626517215,25935.989983346968,3.577643170248442,0.015769811750273584,0.01981139766366316,0.8853455057668974,2.146202567124592
122,outdoor,scene_00022,outdoor/scene_00022/scan_00195,val/outdoor/scene_00022/scan_00195/00022_00195_outdoor_250_000.png,9,2,1,256,512,512,768,65536,0,65536.0,26004.486793764376,26002.003569742647,2.4832240217279615,26004.486793764376,26002.003569742647,2.4832240217279615,0.017081478216014242,0.019795027787564576,0.9128830402588294,2.136809251747706
122,outdoor,scene_00022,outdoor/scene_00022/scan_00195,val/outdoor/scene_00022/scan_00195/00022_00195_outdoor_250_000.png,10,2,2,512,512,768,768,65536,0,65536.0,26007.21150387069,26006.933240893537,0.2782629771564311,26007.21150387069,26006.933240893537,0.2782629771564311,0.015199122081533033,0.020060443790957803,0.9403528248906953,2.0530654243721247
122,outdoor,scene_00022,outdoor/scene_00022/scan_00195,val/outdoor/scene_00022/scan_00195/00022_00195_outdoor_250_000.png,11,2,3,768,512,1024,768,65536,0,65536.0,26080.690470133173,26077.8486327263,2.841837406875797,26080.690470133173,26077.8486327263,2.841837406875797,0.016233079182878408,0.019842668858744937,0.9797181086002551,2.5495804539106777
123,outdoor,scene_00022,outdoor/scene_00022/scan_00195,val/outdoor/scene_00022/scan_00195/00022_00195_outdoor_290_020.png,0,0,0,0,0,256,256,65536,1590,71896.0,29874.006867139084,29775.485553110644,98.52131402844444,25754.500880353102,25727.338320387615,27.16255996548382,0.04971380324865237,0.005116276192348493,0.31161744746425,0.8458923550726143
123,outdoor,scene_00022,outdoor/scene_00022/scan_00195,val/outdoor/scene_00022/scan_00195/00022_00195_outdoor_290_020.png,1,0,1,256,0,512,256,63194,7354,92610.0,35217.18250274118,35292.25937982091,-75.07687707972798,15063.943365892168,15088.478183039802,-24.53481714763022,0.059982641393669905,0.005203733517692511,0.427915438057539,1.0560811879053509
123,outdoor,scene_00022,outdoor/scene_00022/scan_00195,val/outdoor/scene_00022/scan_00195/00022_00195_outdoor_290_020.png,2,0,2,512,0,768,256,63584,6685,90324.0,22310.22658590838,22514.917035516053,-204.69044960767383,6708.034781399626,6754.4144959142595,-46.379714514633676,0.051607100075054035,0.0061524777665658385,0.44359762317480705,1.9417076348839502
123,outdoor,scene_00022,outdoor/scene_00022/scan_00195,val/outdoor/scene_00022/scan_00195/00022_00195_outdoor_290_020.png,3,0,3,768,0,1024,256,65534,734,68470.0,8095.789004232394,8107.638753197039,-11.849748964644093,7730.95469080092,7736.5547109080335,-5.600020107113766,0.0446674170200034,0.006205664676506747,0.5584383728144627,2.7216305604311777
123,outdoor,scene_00022,outdoor/scene_00022/scan_00195,val/outdoor/scene_00022/scan_00195/00022_00195_outdoor_290_020.png,4,1,0,0,256,256,512,65504,1315,70764.0,13787.874241853822,13781.247946754462,6.626295099363465,10676.1294262819,10625.203565285228,50.92586099667222,0.046745222852423704,0.007043782792590892,0.5145544650595391,0.5768133579064448
123,outdoor,scene_00022,outdoor/scene_00022/scan_00195,val/outdoor/scene_00022/scan_00195/00022_00195_outdoor_290_020.png,5,1,1,256,256,512,512,65452,4838,84804.0,16273.644014982845,16271.215816304866,2.4281986779793066,6911.432625354509,6905.166894562126,6.265730792382528,0.06188423132608206,0.006244773846013343,0.5667286200647131,1.0211271068812027
123,outdoor,scene_00022,outdoor/scene_00022/scan_00195,val/outdoor/scene_00022/scan_00195/00022_00195_outdoor_290_020.png,6,1,2,512,256,768,512,65360,3235,78300.0,10518.22576164902,10545.285474308595,-27.059712659573844,7221.006636405822,7225.71218297878,-4.705546572957708,0.06062605139482107,0.006495625538762654,0.5910019973176718,1.988401716455064
123,outdoor,scene_00022,outdoor/scene_00022/scan_00195,val/outdoor/scene_00022/scan_00195/00022_00195_outdoor_290_020.png,7,1,3,768,256,1024,512,65444,4417,83112.0,18570.63525172289,18641.378048603554,-70.7427968806631,12055.40973922593,12078.296525215974,-22.88678599004333,0.06332580613283191,0.006886341196727236,0.7733484115099509,2.340648426589515
123,outdoor,scene_00022,outdoor/scene_00022/scan_00195,val/outdoor/scene_00022/scan_00195/00022_00195_outdoor_290_020.png,8,2,0,0,512,256,768,56350,7215,85210.0,18896.307226502613,18510.432985332594,385.87424117002115,7734.534191352027,7601.21987518695,133.31431616507692,0.03072162719970429,0.008164958072689955,0.08341621684719464,2.3792363680401016
123,outdoor,scene_00022,outdoor/scene_00022/scan_00195,val/outdoor/scene_00022/scan_00195/00022_00195_outdoor_290_020.png,9,2,1,256,512,512,768,62403,11210,107243.0,28594.191399030373,28774.644220578135,-180.45282154776646,9359.491639867687,9448.000880465908,-88.5092405982207,0.05052925669498392,0.00861433501357303,0.5973134058202446,1.6530846607061307
123,outdoor,scene_00022,outdoor/scene_00022/scan_00195,val/outdoor/scene_00022/scan_00195/00022_00195_outdoor_290_020.png,10,2,2,512,512,768,768,50090,13517,104158.0,48086.46115154035,48037.54523844333,48.91591309701988,15493.442414104262,15593.716290725955,-100.2738766216925,0.043682835536105455,0.007680232650423655,0.6226644108241333,2.3887142238726606
123,outdoor,scene_00022,outdoor/scene_00022/scan_00195,val/outdoor/scene_00022/scan_00195/00022_00195_outdoor_290_020.png,11,2,3,768,512,1024,768,48193,11540,94353.0,59750.70876498481,59760.35503808174,-9.646273096928683,19654.754472134628,19658.733396743653,-3.978924609021967,0.03836531606132696,0.006990957033374294,0.39575453078334866,4.17769524849204
124,outdoor,scene_00022,outdoor/scene_00022/scan_00195,val/outdoor/scene_00022/scan_00195/00022_00195_outdoor_300_010.png,0,0,0,0,0,256,256,63335,1630,69855.0,9879.460182596893,9691.724690637773,187.73549195912057,6340.244276872084,6193.543952888256,146.70032398382656,0.040008340768541574,0.00570207162316745,0.4105939500440957,0.7192054622001267
124,outdoor,scene_00022,outdoor/scene_00022/scan_00195,val/outdoor/scene_00022/scan_00195/00022_00195_outdoor_300_010.png,1,0,1,256,0,512,256,65534,1175,70234.0,15214.802116490024,15148.305351836992,66.49676465303138,12945.1119579202,12891.10797455582,54.003983364381725,0.04987456828206649,0.004243371644920625,0.283659841792012,0.8289996987643632
124,outdoor,scene_00022,outdoor/scene_00022/scan_00195,val/outdoor/scene_00022/scan_00195/00022_00195_outdoor_300_010.png,2,0,2,512,0,768,256,65448,4047,81636.0,15111.710067496231,15253.793005941448,-142.08293844521756,6581.064292392115,6595.722610613335,-14.658318221219758,0.058426627247043963,0.005377827701480339,0.44123451301463923,0.8841255793622533
124,outdoor,scene_00022,outdoor/scene_00022/scan_00195,val/outdoor/scene_00022/scan_00195/00022_00195_outdoor_300_010.png,3,0,3,768,0,1024,256,65356,1860,72796.0,11373.696001836804,11392.29844932575,-18.602447488945902,9386.713346260916,9396.213719504172,-9.500373243255593,0.05833179573768818,0.005845055078573346,0.5403472146763244,1.7287716272904208
124,outdoor,scene_00022,outdoor/scene_00022/scan_00195,val/outdoor/scene_00022/scan_00195/00022_00195_outdoor_300_010.png,4,1,0,0,256,256,512,46447,5785,69587.0,19627.31730351321,20753.613771126194,-1126.2964676129839,6377.611051006168,6720.6933184937825,-343.0822674876139,0.027100887563304563,0.00511156433819604,0.49433602464438603,0.5490134949080152
124,outdoor,scene_00022,outdoor/scene_00022/scan_00195,val/outdoor/scene_00022/scan_00195/00022_00195_outdoor_300_010.png,5,1,1,256,256,512,512,49718,4295,66898.0,21440.904765875468,21145.030284218403,295.8744816570628,11553.084435995745,11494.632526546422,58.451909449322955,0.03653692219580395,0.00698458558178865,0.3714717076777229,0.847699940898478
124,outdoor,scene_00022,outdoor/scene_00022/scan_00195,val/outdoor/scene_00022/scan_00195/00022_00195_outdoor_300_010.png,6,1,2,512,256,768,512,62829,9863,102281.0,30297.651657712187,30492.80986052911,-195.15820281691924,10537.21831363615,10606.143576714527,-68.9252630783783,0.053117324435544844,0.005951534418613728,0.4711893371182148,0.8518145591341327
124,outdoor,scene_00022,outdoor/scene_00022/scan_00195,val/outdoor/scene_00022/scan_00195/00022_00195_outdoor_300_010.png,7,1,3,768,256,1024,512,47871,9116,84335.0,36122.7597930768,36510.450118518835,-387.69032544203503,12805.094759336214,13054.858162550128,-249.76340321391336,0.042072132635030256,0.005840520901079443,0.6845414692258086,1.2333919171145835
124,outdoor,scene_00022,outdoor/scene_00022/scan_00195,val/outdoor/scene_00022/scan_00195/00022_00195_outdoor_300_010.png,8,2,0,0,512,256,768,65275,5120,85755.0,26578.07447881013,26650.090408680313,-72.01592987019188,17209.272799978673,17217.60198712656,-8.329187147885424,0.012689051408749786,0.02828036137986183,0.9824171732063433,1.4475378620814907
124,outdoor,scene_00022,outdoor/scene_00022/scan_00195,val/outdoor/scene_00022/scan_00195/00022_00195_outdoor_300_010.png,9,2,1,256,512,512,768,65521,1360,70961.0,17356.34951804002,17347.83012082605,8.519397213968167,15285.072012104243,15274.911255188897,10.1607569153438,0.014274971920697785,0.029768344533798487,0.9568178129442556,1.1768859593550236
124,outdoor,scene_00022,outdoor/scene_00022/scan_00195,val/outdoor/scene_00022/scan_00195/00022_00195_outdoor_300_010.png,10,2,2,512,512,768,768,64058,10150,104658.0,49102.042947793954,49148.93306109292,-46.89011329896081,22344.61181202594,22342.924570093324,1.6872419326237376,0.01924669317117758,0.027810081239550265,0.975092391594998,1.297418822024443
124,outdoor,scene_00022,outdoor/scene_00022/scan_00195,val/outdoor/scene_00022/scan_00195/00022_00195_outdoor_300_010.png,11,2,3,768,512,1024,768,60609,17782,131737.0,76650.94260371021,76600.10684166105,50.8357620491529,26254.732709419455,26251.542474675505,3.190234743952564,0.03287562369284807,0.023987202282970188,1.006838571189577,2.21671491978997
125,outdoor,scene_00022,outdoor/scene_00022/scan_00195,val/outdoor/scene_00022/scan_00195/00022_00195_outdoor_310_000.png,0,0,0,0,0,256,256,62619,16660,129259.0,129538.45463212192,130123.49668418983,-585.0420520679047,37922.45172038773,38011.20660112928,-88.75488074153552,0.025195756547547785,0.0017611862854422418,0.17424429965399799,0.9513969422089651
125,outdoor,scene_00022,outdoor/scene_00022/scan_00195,val/outdoor/scene_00022/scan_00195/00022_00195_outdoor_310_000.png,1,0,1,256,0,512,256,47554,5588,69906.0,47405.77255983135,47121.66795839748,284.10460143387365,23836.227688347746,23509.230184927095,326.99750342064874,0.030631197258995532,0.0018631540861324286,0.1252037710963781,0.7901509878292415
125,outdoor,scene_00022,outdoor/scene_00022/scan_00195,val/outdoor/scene_00022/scan_00195/00022_00195_outdoor_310_000.png,2,0,2,512,0,768,256,50159,4599,68555.0,56492.07373322173,56386.47625463993,105.59747858179813,35828.40402623781,35751.78173207407,76.62229416374203,0.03835460562016661,0.0035422385755214158,0.18454687551821178,0.5312821777242442
125,outdoor,scene_00022,outdoor/scene_00022/scan_00195,val/outdoor/scene_00022/scan_00195/00022_00195_outdoor_310_000.png,3,0,3,768,0,1024,256,63570,9372,101058.0,50629.386170607104,50940.58228677937,-311.19611617226394,23512.243290060826,23549.6338662949,-37.390576234072235,0.05349218993329502,0.003947480105668957,0.29607937567360154,0.4901431028358808
125,outdoor,scene_00022,outdoor/scene_00022/scan_00195,val/outdoor/scene_00022/scan_00195/00022_00195_outdoor_310_000.png,4,1,0,0,256,256,512,64172,13544,118348.0,97815.29015351523,97902.77346467794,-87.48331116271093,27449.667134950916,27470.667482359764,-21.000347408843176,0.013528407854279058,0.017087003601403458,0.7067141783278577,0.6975255787470528
125,outdoor,scene_00022,outdoor/scene_00022/scan_00195,val/outdoor/scene_00022/scan_00195/00022_00195_outdoor_310_000.png,5,1,1,256,256,512,512,65236,7188,93988.0,43385.34031318114,43378.47917695685,6.8611362243011715,18001.143522740116,17979.54948712071,21.594035619408118,0.013659951983877676,0.017942128989527822,0.6653803984254913,0.3827442792998112
125,outdoor,scene_00022,outdoor/scene_00022/scan_00195,val/outdoor/scene_00022/scan_00195/00022_00195_outdoor_310_000.png,6,1,2,512,256,768,512,65037,2926,76741.0,28058.33693982981,28032.6201089845,25.716830845307836,18079.812555169286,18064.705939438718,15.106615730566586,0.016060082567959957,0.01937805706471669,0.6107600753714681,0.34135872625744573
125,outdoor,scene_00022,outdoor/scene_00022/scan_00195,val/outdoor/scene_00022/scan_00195/00022_00195_outdoor_310_000.png,7,1,3,768,256,1024,512,62685,14386,120229.0,86936.61493254274,86737.64594685248,198.96898569026112,27943.37006268743,27895.18470042744,48.1853622599908,0.02300252169395446,0.017496705172098705,0.6433425122045192,0.540579386477101
125,outdoor,scene_00022,outdoor/scene_00022/scan_00195,val/outdoor/scene_00022/scan_00195/00022_00195_outdoor_310_000.png,8,2,0,0,512,256,768,65536,6,65560.0,19938.35921104392,19933.717878963776,4.641332080142923,19933.792234473076,19929.150895658757,4.641338814321999,0.017435846010674463,0.02076471594216323,1.0251796018101489,3.7839207060714144
125,outdoor,scene_00022,outdoor/scene_00022/scan_00195,val/outdoor/scene_00022/scan_00195/00022_00195_outdoor_310_000.png,9,2,1,256,512,512,768,65536,14,65592.0,19889.660078455207,19886.819361382426,2.8407170727787334,19878.58443277438,19875.748272986937,2.836159787445805,0.017178164399927177,0.02055917248999794,0.9447378851953947,3.7822284198411595
125,outdoor,scene_00022,outdoor/scene_00022/scan_00195,val/outdoor/scene_00022/scan_00195/00022_00195_outdoor_310_000.png,10,2,2,512,512,768,768,65536,15,65596.0,20075.788153974587,20074.224228731757,1.5639252428345396,20064.747931863734,20063.183551054357,1.5643808093765175,0.014543910740587328,0.02064323909607377,0.9305230298618996,3.872252916746958
125,outdoor,scene_00022,outdoor/scene_00022/scan_00195,val/outdoor/scene_00022/scan_00195/00022_00195_outdoor_310_000.png,11,2,3,768,512,1024,768,65536,8,65568.0,20275.74816820545,20270.658987607167,5.089180598283795,20269.720383440814,20264.634438366927,5.085945073890413,0.01568151696581252,0.02061323279231795,0.9804344349890887,4.070703605514236
126,outdoor,scene_00022,outdoor/scene_00022/scan_00195,val/outdoor/scene_00022/scan_00195/00022_00195_outdoor_320_010.png,0,0,0,0,0,256,256,64713,2324,74009.0,20532.137728874794,20364.933534323154,167.20419455163827,12659.420162438553,12539.193819690012,120.22634274854003,0.03416838503084921,0.006560895660142422,0.5091626798243144,0.6745786557708386
126,outdoor,scene_00022,outdoor/scene_00022/scan_00195,val/outdoor/scene_00022/scan_00195/00022_00195_outdoor_320_010.png,1,0,1,256,0,512,256,63316,1625,69816.0,16281.59554613556,16044.990777821155,236.6047683144035,11365.286745128957,11174.26297229225,191.02377283670836,0.04161644216952451,0.006677496460501384,0.4891282322689776,0.6003237188679766
126,outdoor,scene_00022,outdoor/scene_00022/scan_00195,val/outdoor/scene_00022/scan_00195/00022_00195_outdoor_320_010.png,2,0,2,512,0,768,256,62734,2014,70790.0,23814.14925867851,23572.969277291537,241.1799813869709,15475.655280504798,15306.604638088364,169.05064241643416,0.042237257487331606,0.006244821826300837,0.44523878987680326,0.46250911821692525
126,outdoor,scene_00022,outdoor/scene_00022/scan_00195,val/outdoor/scene_00022/scan_00195/00022_00195_outdoor_320_010.png,3,0,3,768,0,1024,256,65536,839,68892.0,10357.561399565275,10333.072134684795,24.489264880478615,8978.332367877012,8952.987460433062,25.344907443950476,0.04993139722250352,0.004488347064819612,0.35087075454762523,0.8710088138175321
126,outdoor,scene_00022,outdoor/scene_00022/scan_00195,val/outdoor/scene_00022/scan_00195/00022_00195_outdoor_320_010.png,4,1,0,0,256,256,512,47495,14209,104331.0,90834.4289324917,90717.82346340959,116.60546908212265,21515.4610414809,21481.3478244052,34.11321707570055,0.02312606389947768,0.005136146194048397,0.4098802641589292,1.7400877850343799
126,outdoor,scene_00022,outdoor/scene_00022/scan_00195,val/outdoor/scene_00022/scan_00195/00022_00195_outdoor_320_010.png,5,1,1,256,256,512,512,62083,18778,137195.0,99229.62770996474,101282.20135600127,-2052.5736460365183,24086.16105695711,24719.70313976664,-633.5420828095312,0.02509634646144034,0.0036173205848304534,0.390064618494537,1.1829548653713748
126,outdoor,scene_00022,outdoor/scene_00022/scan_00195,val/outdoor/scene_00022/scan_00195/00022_00195_outdoor_320_010.png,6,1,2,512,256,768,512,48209,5035,68349.0,15685.722022137206,15594.304528593755,91.41749354345237,5683.590075626216,5508.204173362544,175.3859022636721,0.028918517918821905,0.0035232994224331324,0.43789905620154246,0.7884443956529626
126,outdoor,scene_00022,outdoor/scene_00022/scan_00195,val/outdoor/scene_00022/scan_00195/00022_00195_outdoor_320_010.png,7,1,3,768,256,1024,512,48563,3091,60927.0,14397.469712274866,14289.688788883883,107.78092339098464,7595.195358706884,7555.096064897414,40.09929380947108,0.03605748993403058,0.00552905590894051,0.31622493064113744,1.3323140938880242
126,outdoor,scene_00022,outdoor/scene_00022/scan_00195,val/outdoor/scene_00022/scan_00195/00022_00195_outdoor_320_010.png,8,2,0,0,512,256,768,64288,11816,111552.0,96412.8152391669,96617.9432761471,-205.1280369801884,30064.56650510442,30108.099383018885,-43.53287791446387,0.014157057382792989,0.027378985795025235,1.1702489646597496,2.1508240217832237
126,outdoor,scene_00022,outdoor/scene_00022/scan_00195,val/outdoor/scene_00022/scan_00195/00022_00195_outdoor_320_010.png,9,2,1,256,512,512,768,65051,7155,93671.0,40462.612658446415,40572.92356434893,-110.31090590251588,18270.109830401423,18289.197917843532,-19.088087442110623,0.014677704004046308,0.028050448214626468,1.1217823444618336,1.55571525143365
126,outdoor,scene_00022,outdoor/scene_00022/scan_00195,val/outdoor/scene_00022/scan_00195/00022_00195_outdoor_320_010.png,10,2,2,512,512,768,768,65362,3952,81170.0,22904.264798447548,22969.777107510934,-65.51230906338981,14930.410645041342,14940.220408706695,-9.809763665350482,0.012530338442009226,0.028981531385598603,1.0077414708431895,1.2595886521806172
126,outdoor,scene_00022,outdoor/scene_00022/scan_00195,val/outdoor/scene_00022/scan_00195/00022_00195_outdoor_320_010.png,11,2,3,768,512,1024,768,65454,1430,71174.0,16644.508993145024,16625.837977498893,18.67101564613031,13826.12320104389,13810.297889220672,15.825311823217902,0.015212181959012383,0.02993693411945157,0.8886198102722751,1.52241248957793
127,outdoor,scene_00022,outdoor/scene_00022/scan_00195,val/outdoor/scene_00022/scan_00195/00022_00195_outdoor_340_040.png,0,0,0,0,0,256,256,0,0,0.0,0.0,0.0,0.0,0.0,0.0,0.0,0.006919936450464449,0.0,0.3739774687101004,0.0
127,outdoor,scene_00022,outdoor/scene_00022/scan_00195,val/outdoor/scene_00022/scan_00195/00022_00195_outdoor_340_040.png,1,0,1,256,0,512,256,2012,332,3340.0,2492.2889625912494,2754.5985085061093,-262.30954591486034,993.1050653582225,1137.792683861374,-144.68761850315138,0.009971375198086649,0.0038335223102096893,0.5816993276769714,7.991314501753897e-06
127,outdoor,scene_00022,outdoor/scene_00022/scan_00195,val/outdoor/scene_00022/scan_00195/00022_00195_outdoor_340_040.png,2,0,2,512,0,768,256,9502,2366,18966.0,43359.80592144263,25829.29994967693,17530.505971765706,10320.74890513752,7060.37757581157,3260.37132932595,0.014611911167862045,0.009316977378652431,0.6087584112829797,0.00024351108291387772
127,outdoor,scene_00022,outdoor/scene_00022/scan_00195,val/outdoor/scene_00022/scan_00195/00022_00195_outdoor_340_040.png,3,0,3,768,0,1024,256,0,0,0.0,0.0,0.0,0.0,0.0,0.0,0.0,0.007622386799780006,0.0,0.5523994959619002,4.894725423110057e-07
127,outdoor,scene_00022,outdoor/scene_00022/scan_00195,val/outdoor/scene_00022/scan_00195/00022_00195_outdoor_340_040.png,4,1,0,0,256,256,512,14981,1021,19065.0,125589.84025994445,129932.39208149828,-4342.551821553829,26694.169496023766,27652.008202520956,-957.8387064971956,0.011498997285772335,0.010390510643343174,0.731717561564945,0.005818179701856756
127,outdoor,scene_00022,outdoor/scene_00022/scan_00195,val/outdoor/scene_00022/scan_00195/00022_00195_outdoor_340_040.png,5,1,1,256,256,512,512,49408,4266,66472.0,100403.60073628086,102227.03457572042,-1823.4338394395793,28171.115272223004,28464.11948800649,-293.00421578348426,0.03264942020718008,0.013476861456644812,0.6133971729203105,0.013121205642602891
127,outdoor,scene_00022,outdoor/scene_00022/scan_00195,val/outdoor/scene_00022/scan_00195/00022_00195_outdoor_340_040.png,6,1,2,512,256,768,512,57192,5190,77952.0,36318.06915718867,35673.36033489968,644.7088222889926,14827.397029624119,14758.451791786985,68.94523783713588,0.03582060066897288,0.011527960129696181,0.6302694700046293,0.010427820297459077
127,outdoor,scene_00022,outdoor/scene_00022/scan_00195,val/outdoor/scene_00022/scan_00195/00022_00195_outdoor_340_040.png,7,1,3,768,256,1024,512,59176,4086,75520.0,30352.25431318402,30061.50383296796,290.7504802160641,14760.366965045396,14571.415564915353,188.9514001300422,0.04266939010648402,0.01327966943014211,0.6560744007567183,0.00296430354638872
127,outdoor,scene_00022,outdoor/scene_00022/scan_00195,val/outdoor/scene_00022/scan_00195/00022_00195_outdoor_340_040.png,8,2,0,0,512,256,768,61229,12630,111749.0,90040.287888916,96517.90900153134,-6477.621112615338,24178.410234459523,24576.404336934975,-397.99410247545325,0.02883167515751058,0.040229142831980536,1.5696833471326497,-0.19237730675596065
127,outdoor,scene_00022,outdoor/scene_00022/scan_00195,val/outdoor/scene_00022/scan_00195/00022_00195_outdoor_340_040.png,9,2,1,256,512,512,768,57370,3474,71266.0,39264.656602181436,39407.40255760046,-142.74595541902204,14614.203209063744,14656.48966785406,-42.28645879031836,0.03789893615836341,0.010216157887786468,0.5803378874484477,1.8606879918650279
127,outdoor,scene_00022,outdoor/scene_00022/scan_00195,val/outdoor/scene_00022/scan_00195/00022_00195_outdoor_340_040.png,10,2,2,512,512,768,768,50685,5004,70701.0,43124.45172178971,43154.905375082846,-30.453653293142253,13424.508964777095,13442.726336082129,-18.217371305035115,0.03766989006129341,0.004173565891231831,0.36585639610703113,2.2974709753715183
127,outdoor,scene_00022,outdoor/scene_00022/scan_00195,val/outdoor/scene_00022/scan_00195/00022_00195_outdoor_340_040.png,11,2,3,768,512,1024,768,50578,2827,61886.0,19325.191931243528,19445.930142529265,-120.73821128573763,8273.170642980534,8326.9948569643,-53.82421398376514,0.04166923276628137,0.003167032159248086,0.3263526569026184,2.2739213291538456
128,outdoor,scene_00022,outdoor/scene_00022/scan_00195,val/outdoor/scene_00022/scan_00195/00022_00195_outdoor_350_010.png,0,0,0,0,0,256,256,65536,0,65536.0,10493.153970083633,10479.303617476708,13.850352606925469,10493.153970083633,10479.303617476708,13.850352606925469,0.02903907250867148,0.0038679545586012385,0.21577819567366138,3.2031644415428233
128,outdoor,scene_00022,outdoor/scene_00022/scan_00195,val/outdoor/scene_00022/scan_00195/00022_00195_outdoor_350_010.png,1,0,1,256,0,512,256,65440,3455,79260.0,27428.450739628952,27386.18472862567,42.2660110032787,11994.825501783289,11938.874206845132,55.95129493815647,0.03262035261361447,0.009135601547156993,0.48715031090721017,1.4179331362711913
128,outdoor,scene_00022,outdoor/scene_00022/scan_00195,val/outdoor/scene_00022/scan_00195/00022_00195_outdoor_350_010.png,2,0,2,512,0,768,256,65240,2339,74596.0,30989.867356188566,31189.303599059902,-199.43624287133386,14814.507798958914,14791.619063719265,22.888735239646984,0.03831515881378073,0.006252923456889112,0.3601066800645345,0.3659585602232651
128,outdoor,scene_00022,outdoor/scene_00022/scan_00195,val/outdoor/scene_00022/scan_00195/00022_00195_outdoor_350_010.png,3,0,3,768,0,1024,256,64534,845,67914.0,32165.56405275901,31988.751516477114,176.812536281899,22267.638834840374,22103.292049774496,164.3467850658795,0.034445936508734724,0.0041050116280486135,0.25924145130596904,0.3322420704606382
128,outdoor,scene_00022,outdoor/scene_00022/scan_00195,val/outdoor/scene_00022/scan_00195/00022_00195_outdoor_350_010.png,4,1,0,0,256,256,512,65536,349,66932.0,11027.116360836995,10902.47374639706,124.6426144399357,10457.484567441308,10404.886133524556,52.59843391675189,0.02897898790362801,0.006456723074895634,0.5620877054663512,2.6526430739062854
128,outdoor,scene_00022,outdoor/scene_00022/scan_00195,val/outdoor/scene_00022/scan_00195/00022_00195_outdoor_350_010.png,5,1,1,256,256,512,512,64065,8105,96485.0,73218.28890187391,73594.28547193558,-375.9965700616841,20187.030572796477,19874.568025492954,312.4625473035201,0.037228209638890584,0.043938525303738686,1.0604079991198976,1.6861524540626207
128,outdoor,scene_00022,outdoor/scene_00022/scan_00195,val/outdoor/scene_00022/scan_00195/00022_00195_outdoor_350_010.png,6,1,2,512,256,768,512,62170,17642,132738.0,226415.00579439907,222238.6642636307,4176.341530768407,54000.7577005055,53059.3388054368,941.4188950687028,0.03980964974889416,0.05225327168862853,0.7647182102254256,0.9116452062224284
128,outdoor,scene_00022,outdoor/scene_00022/scan_00195,val/outdoor/scene_00022/scan_00195/00022_00195_outdoor_350_010.png,7,1,3,768,256,1024,512,47685,6797,74873.0,85722.1090069217,85155.16750072775,566.9415061939466,23730.24050649712,23586.197312806624,144.0431936904939,0.021416139376812172,0.0053141475575532796,0.27715167268923296,0.8187233748681494
128,outdoor,scene_00022,outdoor/scene_00022/scan_00195,val/outdoor/scene_00022/scan_00195/00022_00195_outdoor_350_010.png,8,2,0,0,512,256,768,65502,444,67278.0,10566.72328640464,10493.076534859683,73.64675154495576,9703.707427255351,9668.34785585813,35.359571397219725,0.03237527635661915,0.009261619927193938,0.42887734806227695,3.4385087554634537
128,outdoor,scene_00022,outdoor/scene_00022/scan_00195,val/outdoor/scene_00022/scan_00195/00022_00195_outdoor_350_010.png,9,2,1,256,512,512,768,64482,11232,109410.0,73894.52166875964,73322.20216763287,572.3195011267783,20579.74149739218,20350.37415673342,229.36734065876334,0.03430119827358218,0.03318934013605522,0.6675126175803102,2.4402771306583744
128,outdoor,scene_00022,outdoor/scene_00022/scan_00195,val/outdoor/scene_00022/scan_00195/00022_00195_outdoor_350_010.png,10,2,2,512,512,768,768,61989,18792,137157.0,265858.4033319618,266056.7211784966,-198.31784653482697,63318.363169752054,63239.55984383049,78.80332592157805,0.026086003861439767,0.027821352247465528,0.9346013020552736,1.0637067625900936
128,outdoor,scene_00022,outdoor/scene_00022/scan_00195,val/outdoor/scene_00022/scan_00195/00022_00195_outdoor_350_010.png,11,2,3,768,512,1024,768,64866,5699,87662.0,70775.77968386635,70875.42475020641,-99.6450663400771,21020.348788540567,21047.905451121278,-27.556662580708707,0.013086906636251134,0.014153818792170963,0.5801123030140095,0.9764652978933697
129,outdoor,scene_00022,outdoor/scene_00022/scan_00195,val/outdoor/scene_00022/scan_00195/00022_00195_outdoor_350_050.png,0,0,0,0,0,256,256,0,0,0.0,0.0,0.0,0.0,0.0,0.0,0.0,0.007839943250533303,0.0,1e-06,-2.237377405166626e-06
129,outdoor,scene_00022,outdoor/scene_00022/scan_00195,val/outdoor/scene_00022/scan_00195/00022_00195_outdoor_350_050.png,1,0,1,256,0,512,256,0,0,0.0,0.0,0.0,0.0,0.0,0.0,0.0,0.009488447657692169,0.0,1e-06,-2.0903238058090206e-06
129,outdoor,scene_00022,outdoor/scene_00022/scan_00195,val/outdoor/scene_00022/scan_00195/00022_00195_outdoor_350_050.png,2,0,2,512,0,768,256,71,61,315.0,10160.86039805276,10130.68761989525,30.172778157510308,2315.698411003085,2308.6428640421123,7.055546960972643,0.00909743573456038,0.00022509467480252553,0.4499963766737368,0.0
129,outdoor,scene_00022,outdoor/scene_00022/scan_00195,val/outdoor/scene_00022/scan_00195/00022_00195_outdoor_350_050.png,3,0,3,768,0,1024,256,0,0,0.0,0.0,0.0,0.0,0.0,0.0,0.0,0.009439627414613128,0.0,0.275253745235759,0.0
129,outdoor,scene_00022,outdoor/scene_00022/scan_00195,val/outdoor/scene_00022/scan_00195/00022_00195_outdoor_350_050.png,4,1,0,0,256,256,512,0,0,0.0,0.0,0.0,0.0,0.0,0.0,0.0,0.007257709656637103,0.0,1.0874733929099587,0.0
129,outdoor,scene_00022,outdoor/scene_00022/scan_00195,val/outdoor/scene_00022/scan_00195/00022_00195_outdoor_350_050.png,5,1,1,256,256,512,512,0,0,0.0,0.0,0.0,0.0,0.0,0.0,0.0,0.006833836762035699,0.0,0.5515160188860344,0.0
129,outdoor,scene_00022,outdoor/scene_00022/scan_00195,val/outdoor/scene_00022/scan_00195/00022_00195_outdoor_350_050.png,6,1,2,512,256,768,512,14179,3364,27635.0,35531.77705771964,31194.287130870678,4337.489926848968,9279.92785074337,9079.372498966351,200.5553517770186,0.018539331197010737,0.013667066629414033,0.7057531212038248,0.0005383841814542736
129,outdoor,scene_00022,outdoor/scene_00022/scan_00195,val/outdoor/scene_00022/scan_00195/00022_00195_outdoor_350_050.png,7,1,3,768,256,1024,512,4550,999,8546.0,21096.684589915767,19795.71619485353,1300.9683950622434,7426.9608010053435,6939.841802196488,487.11899880885494,0.010706513912532299,0.009810010466402942,0.6839388738280758,-5.0558967708141924e-05
129,outdoor,scene_00022,outdoor/scene_00022/scan_00195,val/outdoor/scene_00022/scan_00195/00022_00195_outdoor_350_050.png,8,2,0,0,512,256,768,23027,681,25751.0,119529.90531363248,110712.80798993961,8817.097323692886,52755.394905045214,50119.9399800851,2635.454924960105,0.014794293171596088,0.023670231246276888,1.1629080552427355,0.001392930658835532
129,outdoor,scene_00022,outdoor/scene_00022/scan_00195,val/outdoor/scene_00022/scan_00195/00022_00195_outdoor_350_050.png,9,2,1,256,512,512,768,25173,2277,34281.0,162558.03402227123,170412.28336712616,-7854.249344854908,35734.66202433825,37316.852830131735,-1582.1908057934809,0.01673794092068693,0.015479903637931313,0.8445393312413098,0.0035515895167922526
129,outdoor,scene_00022,outdoor/scene_00022/scan_00195,val/outdoor/scene_00022/scan_00195/00022_00195_outdoor_350_050.png,10,2,2,512,512,768,768,56090,5538,78242.0,45499.30393305075,45420.29849216699,79.00544088376074,16806.80087433328,16563.837138301045,242.9637360322327,0.03534912405148683,0.0134543821455255,0.7775243850913477,0.023732858024576732
129,outdoor,scene_00022,outdoor/scene_00022/scan_00195,val/outdoor/scene_00022/scan_00195/00022_00195_outdoor_350_050.png,11,2,3,768,512,1024,768,63019,5691,85783.0,27501.025036488165,27497.856819025696,3.1682174624677515,12888.327599941418,12863.607928528256,24.71967141316344,0.040425229644070276,0.010379534955849461,0.8215599249397062,-0.04188199871717935
130,outdoor,scene_00022,outdoor/scene_00022/scan_00196,val/outdoor/scene_00022/scan_00196/00022_00196_outdoor_000_010.png,0,0,0,0,0,256,256,63343,3934,79079.0,25081.70592456255,25549.387099782452,-467.6811752199028,19052.533087736127,19663.95291885102,-611.4198311148925,0.029383464456091257,0.02265710273542594,0.14008512712489313,0.6692906452586037
130,outdoor,scene_00022,outdoor/scene_00022/scan_00196,val/outdoor/scene_00022/scan_00196/00022_00196_outdoor_000_010.png,1,0,1,256,0,512,256,46094,6046,70278.0,44655.9572642012,44457.76029886694,198.1969653342575,23621.962994244026,23554.730662881928,67.23233136209788,0.061475756247746,0.009914271077199454,0.29405481436434106,0.2333398469943994
130,outdoor,scene_00022,outdoor/scene_00022/scan_00196,val/outdoor/scene_00022/scan_00196/00022_00196_outdoor_000_010.png,2,0,2,512,0,768,256,27586,4341,44950.0,40213.57532845097,37590.61169772562,2622.9636307253513,25314.312693507476,23429.047842260494,1885.2648512469814,0.0630311467539543,0.022952714754394872,0.20845820534557088,0.4626071183273651
130,outdoor,scene_00022,outdoor/scene_00022/scan_00196,val/outdoor/scene_00022/scan_00196/00022_00196_outdoor_000_010.png,3,0,3,768,0,1024,256,27129,5076,47433.0,27873.349927350613,27130.95847334597,742.3914540046442,16990.29941003598,16546.695954380957,443.6034556550259,0.07690909329051351,0.04048936886839182,0.5390569817656148,0.639700183655837
130,outdoor,scene_00022,outdoor/scene_00022/scan_00196,val/outdoor/scene_00022/scan_00196/00022_00196_outdoor_000_010.png,4,1,0,0,256,256,512,56008,4878,75520.0,26492.395355451434,26432.369366992818,60.02598845861547,19299.368883066978,19266.29369629408,33.075186772898874,0.0317641419315472,0.020084308351459294,0.5675943898422575,0.5528797914874127
130,outdoor,scene_00022,outdoor/scene_00022/scan_00196,val/outdoor/scene_00022/scan_00196/00022_00196_outdoor_000_010.png,5,1,1,256,256,512,512,59223,5999,83219.0,26718.38764700405,26848.184586205884,-129.79693920183774,17287.719948389433,17217.8059376163,69.91401077312975,0.04443163350121976,0.018863012708599886,0.5151256394615575,0.33336453809865774
130,outdoor,scene_00022,outdoor/scene_00022/scan_00196,val/outdoor/scene_00022/scan_00196/00022_00196_outdoor_000_010.png,6,1,2,512,256,768,512,58035,5270,79115.0,23391.086788732064,23234.594967349964,156.49182138209676,14843.253723523638,14799.91286757388,43.340855949757504,0.06321433307589273,0.01662024277467352,0.6260162577507062,0.16159770185987793
130,outdoor,scene_00022,outdoor/scene_00022/scan_00196,val/outdoor/scene_00022/scan_00196/00022_00196_outdoor_000_010.png,7,1,3,768,256,1024,512,58158,4533,76290.0,26799.948657692876,27195.24206195604,-395.2934042631623,19633.00613935091,19864.098298668992,-231.0921593180807,0.06271148161329747,0.029356856199617906,0.729457314608581,0.3601243548220958
130,outdoor,scene_00022,outdoor/scene_00022/scan_00196,val/outdoor/scene_00022/scan_00196/00022_00196_outdoor_000_010.png,8,2,0,0,512,256,768,64879,7670,95559.0,25443.343156343253,25495.700997221094,-52.3578408778391,17147.48592625014,17156.89674827676,-9.410822026619734,0.04543963154294665,0.022575219980691556,1.1031961480500845,1.2290067763154844
130,outdoor,scene_00022,outdoor/scene_00022/scan_00196,val/outdoor/scene_00022/scan_00196/00022_00196_outdoor_000_010.png,9,2,1,256,512,512,768,64449,7312,93697.0,20498.036382957187,20495.10329640365,2.9330865535363633,13944.435692318319,13941.22896065843,3.2067316598875824,0.04317809622626707,0.0194683553388489,0.9991514496592296,0.97039036063448
130,outdoor,scene_00022,outdoor/scene_00022/scan_00196,val/outdoor/scene_00022/scan_00196/00022_00196_outdoor_000_010.png,10,2,2,512,512,768,768,63967,5352,85375.0,17094.517864844165,17098.574386410102,-4.056521565941689,12818.082301166944,12821.39055938933,-3.308258222386003,0.05025444252512001,0.01915650374691506,1.0514953710562533,1.113298614099793
130,outdoor,scene_00022,outdoor/scene_00022/scan_00196,val/outdoor/scene_00022/scan_00196/00022_00196_outdoor_000_010.png,11,2,3,768,512,1024,768,63752,4678,82464.0,15536.221657821752,15537.822797876575,-1.6011400548237118,11856.733283661275,11857.979729861132,-1.2464461998570457,0.05501936526268945,0.019138385991713674,1.1279171544395408,1.5264468448843465
131,outdoor,scene_00022,outdoor/scene_00022/scan_00196,val/outdoor/scene_00022/scan_00196/00022_00196_outdoor_020_030.png,0,0,0,0,0,256,256,41393,4509,59429.0,33109.08042386653,32945.28458078813,163.7958430783986,11182.212065998403,11178.12791107225,4.084154926150042,0.031148227978275746,0.011848664527276651,0.2768618273473657,1.2887917179121502
131,outdoor,scene_00022,outdoor/scene_00022/scan_00196,val/outdoor/scene_00022/scan_00196/00022_00196_outdoor_020_030.png,1,0,1,256,0,512,256,46202,7571,76486.0,314311.07197658496,309751.76928588486,4559.302690700069,110592.34555438437,109028.51659993804,1563.828954446325,0.0380739660790846,0.088782973866494,1.1246344548584903,0.04872473347261922
131,outdoor,scene_00022,outdoor/scene_00022/scan_00196,val/outdoor/scene_00022/scan_00196/00022_00196_outdoor_020_030.png,2,0,2,512,0,768,256,19226,3237,32174.0,271929.17364022834,200166.64147628183,71762.53216394647,114898.89142933863,85895.09151536811,29003.79991397051,0.029774288849631035,0.084063734068659,0.8297016503591036,0.0039850596130668586
131,outdoor,scene_00022,outdoor/scene_00022/scan_00196,val/outdoor/scene_00022/scan_00196/00022_00196_outdoor_020_030.png,3,0,3,768,0,1024,256,5794,325,7094.0,100358.49628826146,100576.4485935841,-217.95230532263017,78109.22044930299,78201.7007197715,-92.48027046852731,0.012642636796078447,0.002398238542122442,0.41987681108545055,-0.0018512531131266883
131,outdoor,scene_00022,outdoor/scene_00022/scan_00196,val/outdoor/scene_00022/scan_00196/00022_00196_outdoor_020_030.png,4,1,0,0,256,256,512,57599,4199,74395.0,34634.80268367277,34703.856239622546,-69.05355594976903,15380.615781729346,15397.159789776792,-16.544008047446592,0.035321212763672866,0.004505839257065116,0.273224527176338,1.3032196577111717
131,outdoor,scene_00022,outdoor/scene_00022/scan_00196,val/outdoor/scene_00022/scan_00196/00022_00196_outdoor_020_030.png,5,1,1,256,256,512,512,60746,2327,70054.0,128654.50850749141,126228.00865639377,2426.4998510976266,51273.81070844416,51390.26507820282,-116.45436975866551,0.03105423614236378,0.029917046087410196,0.6987451630924951,-0.016824467570055537
131,outdoor,scene_00022,outdoor/scene_00022/scan_00196,val/outdoor/scene_00022/scan_00196/00022_00196_outdoor_020_030.png,6,1,2,512,256,768,512,64691,4607,83119.0,43181.36521662772,41389.46093074349,1791.904285884232,18576.57751263368,17966.345524098946,610.2319885347363,0.04462861123816129,0.02176020583321612,0.6451325896970219,-0.19638441069060603
131,outdoor,scene_00022,outdoor/scene_00022/scan_00196,val/outdoor/scene_00022/scan_00196/00022_00196_outdoor_020_030.png,7,1,3,768,256,1024,512,52267,5124,72763.0,67399.72231241576,67837.77479629737,-438.05248388160084,44405.019232703504,44763.973242906424,-358.9540102029244,0.057699549042548696,0.0053080853864951195,0.3811900751052486,0.04949292697662307
131,outdoor,scene_00022,outdoor/scene_00022/scan_00196,val/outdoor/scene_00022/scan_00196/00022_00196_outdoor_020_030.png,8,2,0,0,512,256,768,51093,8501,85097.0,56911.433984257674,57045.900850784165,-134.46686652649367,22101.095919822277,22156.599062961184,-55.50314313890753,0.03882750793435355,0.0072807973168754715,0.2891331018689922,1.6639203696745661
131,outdoor,scene_00022,outdoor/scene_00022/scan_00196,val/outdoor/scene_00022/scan_00196/00022_00196_outdoor_020_030.png,9,2,1,256,512,512,768,62275,4556,80499.0,28629.196368916164,30447.691793119015,-1818.495424202856,16173.33618868421,17184.635224451507,-1011.2990357672969,0.03313459370463098,0.032632553762741975,0.6382117657329331,0.6799631022572907
131,outdoor,scene_00022,outdoor/scene_00022/scan_00196,val/outdoor/scene_00022/scan_00196/00022_00196_outdoor_020_030.png,10,2,2,512,512,768,768,57775,4221,74659.0,26204.742112320055,26315.964097959615,-111.22198563956061,15316.117429596761,15351.88976574894,-35.77233615217901,0.03456516537819341,0.004204967767580547,0.5750534907220175,0.5041581653998971
131,outdoor,scene_00022,outdoor/scene_00022/scan_00196,val/outdoor/scene_00022/scan_00196/00022_00196_outdoor_020_030.png,11,2,3,768,512,1024,768,39559,6567,65827.0,56808.05093460055,56814.22854706391,-6.177612463361184,30465.423598904454,30504.982922199735,-39.55932329528302,0.059753296675140226,0.0046011043714953995,0.2226980918240197,1.104425577351593
132,outdoor,scene_00022,outdoor/scene_00022/scan_00196,val/outdoor/scene_00022/scan_00196/00022_00196_outdoor_040_030.png,0,0,0,0,0,256,256,62776,8177,95484.0,97427.87893432472,95275.100785382,2152.778148942717,29036.713166935777,28153.477255377067,883.2359115587078,0.030642572284499767,0.03572606853929149,0.5917191002072956,1.4868786361984303
132,outdoor,scene_00022,outdoor/scene_00022/scan_00196,val/outdoor/scene_00022/scan_00196/00022_00196_outdoor_040_030.png,1,0,1,256,0,512,256,43227,7432,72955.0,80386.80924785501,78591.00317514359,1795.806072711439,21123.835667241794,20618.683754828606,505.1519124131935,0.03315184888948935,0.03061227733723747,0.4548916967122551,1.150967928627551
132,outdoor,scene_00022,outdoor/scene_00022/scan_00196,val/outdoor/scene_00022/scan_00196/00022_00196_outdoor_040_030.png,2,0,2,512,0,768,256,43026,6018,67098.0,45361.867146460245,42554.50481713292,2807.362329327332,14897.586520329045,14223.736984130284,673.8495361987613,0.03703067725744943,0.03256936373539856,0.6222665396924205,0.9734356819716312
132,outdoor,scene_00022,outdoor/scene_00022/scan_00196,val/outdoor/scene_00022/scan_00196/00022_00196_outdoor_040_030.png,3,0,3,768,0,1024,256,33671,8304,66887.0,578916.3923366555,575123.347112284,3793.0452243715226,196140.1682890426,192388.75650317915,3751.4117858634545,0.03703181286535581,0.10812120825978627,1.4398783884328739,-0.04233011532862442
132,outdoor,scene_00022,outdoor/scene_00022/scan_00196,val/outdoor/scene_00022/scan_00196/00022_00196_outdoor_040_030.png,4,1,0,0,256,256,512,65509,884,69045.0,8527.35526545981,8615.55287425043,-88.19760879062169,4935.459035731923,5010.5421002924595,-75.0830645605377,0.022390155276514168,0.005237487308107641,0.37324371981203375,1.3915816127675076
132,outdoor,scene_00022,outdoor/scene_00022/scan_00196,val/outdoor/scene_00022/scan_00196/00022_00196_outdoor_040_030.png,5,1,1,256,256,512,512,58259,6267,83327.0,52942.99869864405,52948.97943998775,-5.9807413436952785,15474.557138184591,15465.114282259692,9.44285592490424,0.023369341641671943,0.0035191338634183024,0.25530048217937545,1.5279321117684237
132,outdoor,scene_00022,outdoor/scene_00022/scan_00196,val/outdoor/scene_00022/scan_00196/00022_00196_outdoor_040_030.png,6,1,2,512,256,768,512,62150,3104,74566.0,19775.749261391764,19903.282848542873,-127.53358715110657,7295.751143621897,7324.8981922079,-29.1470485860034,0.030196564265400995,0.0041552207198051255,0.36875094763321115,1.1009267418225674
132,outdoor,scene_00022,outdoor/scene_00022/scan_00196,val/outdoor/scene_00022/scan_00196/00022_00196_outdoor_040_030.png,7,1,3,768,256,1024,512,61798,3537,75946.0,140491.71901288285,136829.89355791916,3661.8254549636736,53554.398101363586,53046.08674542188,508.31135594170246,0.03399351205909136,0.04744628850050721,0.9418261850888509,-0.1379765663945114
132,outdoor,scene_00022,outdoor/scene_00022/scan_00196,val/outdoor/scene_00022/scan_00196/00022_00196_outdoor_040_030.png,8,2,0,0,512,256,768,65475,922,69163.0,7418.769963661416,7515.8620965548425,-97.09213289342573,4290.533771459148,4381.90605609524,-91.37228463609303,0.021591035064622732,0.0060485138469609555,0.3961004804279561,1.7775337241720695
132,outdoor,scene_00022,outdoor/scene_00022/scan_00196,val/outdoor/scene_00022/scan_00196/00022_00196_outdoor_040_030.png,9,2,1,256,512,512,768,62284,7200,91084.0,44678.401835234996,44738.71295658866,-60.31112135365905,15037.354195260306,15036.774839288799,0.579355971509246,0.016936062378350405,0.005074330174813274,0.27040174616646656,1.7097913994067273
132,outdoor,scene_00022,outdoor/scene_00022/scan_00196,val/outdoor/scene_00022/scan_00196/00022_00196_outdoor_040_030.png,10,2,2,512,512,768,768,49902,11158,94534.0,74320.86888635164,74303.14813393676,17.720752414896154,22771.046156701406,22761.41737724659,9.62877945481367,0.04183543966909133,0.009600416849804142,0.3583662033226678,1.6053838347373326
132,outdoor,scene_00022,outdoor/scene_00022/scan_00196,val/outdoor/scene_00022/scan_00196/00022_00196_outdoor_040_030.png,11,2,3,768,512,1024,768,64176,4163,80828.0,24927.46636306541,26240.460796417028,-1312.9944333516207,13041.38783952554,13603.889503546856,-562.5016640213166,0.031073692050644707,0.038178784245368025,0.8596938536373938,0.7456048776142913
133,outdoor,scene_00022,outdoor/scene_00022/scan_00196,val/outdoor/scene_00022/scan_00196/00022_00196_outdoor_100_030.png,0,0,0,0,0,256,256,32396,8680,67116.0,961871.841958014,913787.0758097564,48084.76614825743,296578.94011724467,281318.24897163466,15260.691145610035,0.05129419933829864,0.06763215352019843,0.6504250033146982,0.03648507276345501
133,outdoor,scene_00022,outdoor/scene_00022/scan_00196,val/outdoor/scene_00022/scan_00196/00022_00196_outdoor_100_030.png,1,0,1,256,0,512,256,48757,4066,65021.0,493643.9641429107,385269.2925245243,108374.67161838649,133314.70063816398,104015.94792178017,29298.75271638381,0.03163949293163856,0.05474698871752947,0.6133438965765127,0.09035584821777996
133,outdoor,scene_00022,outdoor/scene_00022/scan_00196,val/outdoor/scene_00022/scan_00196/00022_00196_outdoor_100_030.png,2,0,2,512,0,768,256,58767,7852,90175.0,156738.4511057294,148722.85782125985,8015.593284469493,44835.19268564029,42332.99105761007,2502.2016280302223,0.03559469375188668,0.07370633565689004,1.052316245430784,1.1006158098648378
133,outdoor,scene_00022,outdoor/scene_00022/scan_00196,val/outdoor/scene_00022/scan_00196/00022_00196_outdoor_100_030.png,3,0,3,768,0,1024,256,61418,3062,73666.0,48612.34782645668,48138.44787666371,473.89994979296006,18466.442526162937,18290.477036655342,175.9654895075941,0.025170012486189712,0.05160980694608511,0.9343725391169779,1.6410032818807316
133,outdoor,scene_00022,outdoor/scene_00022/scan_00196,val/outdoor/scene_00022/scan_00196/00022_00196_outdoor_100_030.png,4,1,0,0,256,256,512,50694,12239,99650.0,394329.5562864111,401358.2574547101,-7028.701168298924,123682.45852259501,125451.25523696069,-1768.796714365673,0.03490744391242671,0.014427525783958168,0.4483738834381555,0.278618840836801
133,outdoor,scene_00022,outdoor/scene_00022/scan_00196,val/outdoor/scene_00022/scan_00196/00022_00196_outdoor_100_030.png,5,1,1,256,256,512,512,60501,5763,83553.0,66278.19377900197,66129.64507208296,148.5487069190192,19401.47098371763,19339.061077397986,62.409906319644314,0.03186926451404225,0.0035785065121538154,0.2825221329959506,0.8563538879480322
133,outdoor,scene_00022,outdoor/scene_00022/scan_00196,val/outdoor/scene_00022/scan_00196/00022_00196_outdoor_100_030.png,6,1,2,512,256,768,512,65103,303,66315.0,6881.271213851085,6899.207344975537,-17.936131124452054,5593.158218844256,5603.213269848684,-10.055051004428659,0.028385590489860474,0.0050959715661367255,0.2748910484244336,1.370116280305683
133,outdoor,scene_00022,outdoor/scene_00022/scan_00196,val/outdoor/scene_00022/scan_00196/00022_00196_outdoor_100_030.png,7,1,3,768,256,1024,512,59426,972,63314.0,15959.111265313817,15964.608030386957,-5.496765073138613,8378.059551033139,8375.652104322098,2.407446711040156,0.021120588219453198,0.0030395611206501037,0.2801118086196094,1.6877027429749332
133,outdoor,scene_00022,outdoor/scene_00022/scan_00196,val/outdoor/scene_00022/scan_00196/00022_00196_outdoor_100_030.png,8,2,0,0,512,256,768,39346,16586,105690.0,286079.25394377904,286248.2063491712,-168.95240539213063,83403.80948710565,83466.54960181846,-62.74011471281242,0.0160576406884348,0.005470544697017428,0.13675075328825181,1.4425663539687053
133,outdoor,scene_00022,outdoor/scene_00022/scan_00196,val/outdoor/scene_00022/scan_00196/00022_00196_outdoor_100_030.png,9,2,1,256,512,512,768,56898,5028,77010.0,61513.54777790485,61423.62598299794,89.921794906918,20487.129628781902,20444.0765677655,43.05306101639698,0.019466010633226977,0.009175786771377613,0.3204423211281077,1.2167692493847868
133,outdoor,scene_00022,outdoor/scene_00022/scan_00196,val/outdoor/scene_00022/scan_00196/00022_00196_outdoor_100_030.png,10,2,2,512,512,768,768,57356,114,57812.0,8348.971439981015,8337.36851315869,11.602926822324072,7943.069421939699,7931.795697914193,11.273724025507267,0.02429902133638923,0.0036566248385943084,0.281873752159535,1.5523991381824023
133,outdoor,scene_00022,outdoor/scene_00022/scan_00196,val/outdoor/scene_00022/scan_00196/00022_00196_outdoor_100_030.png,11,2,3,768,512,1024,768,57151,19,57227.0,9098.145643216929,9103.75908132548,-5.6134381085493175,9074.402886582518,9079.920204471597,-5.5173178890779315,0.0193661605279916,0.0029520298212130924,0.3725932978878254,1.6498973723446795
134,outdoor,scene_00022,outdoor/scene_00022/scan_00196,val/outdoor/scene_00022/scan_00196/00022_00196_outdoor_180_000.png,0,0,0,0,0,256,256,64371,4423,82063.0,28885.20831241845,28608.398250725455,276.81006169299786,19354.383761083463,19188.979632194198,165.40412888926724,0.02849606518549903,0.010394861758516406,0.40218981863656333,0.2511050330216613
134,outdoor,scene_00022,outdoor/scene_00022/scan_00196,val/outdoor/scene_00022/scan_00196/00022_00196_outdoor_180_000.png,1,0,1,256,0,512,256,57592,5341,78956.0,38075.478177679855,38590.766703031724,-515.2885253518806,23414.058115061882,23630.34903006359,-216.29091500170705,0.02386739054158489,0.008535760308595233,0.31186014737173284,0.05195441129943072
134,outdoor,scene_00022,outdoor/scene_00022/scan_00196,val/outdoor/scene_00022/scan_00196/00022_00196_outdoor_180_000.png,2,0,2,512,0,768,256,54188,3897,69776.0,47440.4369175812,44856.0617510849,2584.3751664962983,32574.9973104955,31237.297061564495,1337.7002489310075,0.012778640823578699,0.01288584132870214,0.37363100201315874,0.045986013947783816
134,outdoor,scene_00022,outdoor/scene_00022/scan_00196,val/outdoor/scene_00022/scan_00196/00022_00196_outdoor_180_000.png,3,0,3,768,0,1024,256,55750,4362,73198.0,59405.96092786461,59333.871462163566,72.08946570105259,41423.03379454102,41339.86509215004,83.16870239098365,0.01367575521883807,0.005820395021843318,0.28225915649586203,-0.004526659538752775
134,outdoor,scene_00022,outdoor/scene_00022/scan_00196,val/outdoor/scene_00022/scan_00196/00022_00196_outdoor_180_000.png,4,1,0,0,256,256,512,64843,9639,103399.0,32527.62691227006,32535.628507257734,-8.001594987673677,17820.770436255803,17820.56316262943,0.2072736263723851,0.02415512675439317,0.014642347989607956,0.6390770277130724,0.9255897042542972
134,outdoor,scene_00022,outdoor/scene_00022/scan_00196,val/outdoor/scene_00022/scan_00196/00022_00196_outdoor_180_000.png,5,1,1,256,256,512,512,64881,8715,99741.0,26601.376524367537,26665.969675728782,-64.59315136124206,16433.49897700237,16463.461291366017,-29.962314363645078,0.028547035266527236,0.014861362130406938,0.6337619603523271,0.8729225044791535
134,outdoor,scene_00022,outdoor/scene_00022/scan_00196,val/outdoor/scene_00022/scan_00196/00022_00196_outdoor_180_000.png,6,1,2,512,256,768,512,64925,8701,99729.0,24962.459998450402,24984.69142880949,-22.231430359084552,16061.583837547321,16072.792256094777,-11.20841854745565,0.020272243132625135,0.014900266431333936,0.6644754805584163,0.6438424799935338
134,outdoor,scene_00022,outdoor/scene_00022/scan_00196,val/outdoor/scene_00022/scan_00196/00022_00196_outdoor_180_000.png,7,1,3,768,256,1024,512,64978,7977,96886.0,24053.27809507446,24037.74781983895,15.53027523550821,15371.149357673045,15360.940314371874,10.209043301169114,0.026513714040406804,0.015235049646423957,0.698636360482915,0.48225489337273364
134,outdoor,scene_00022,outdoor/scene_00022/scan_00196,val/outdoor/scene_00022/scan_00196/00022_00196_outdoor_180_000.png,8,2,0,0,512,256,768,65500,6595,91880.0,20247.51778832031,20238.518550063192,8.999238257118513,13227.659933473864,13219.430097786582,8.22983568728407,0.042012729415287484,0.015996459050041413,1.0432396925420777,4.361022916439735
134,outdoor,scene_00022,outdoor/scene_00022/scan_00196,val/outdoor/scene_00022/scan_00196/00022_00196_outdoor_180_000.png,9,2,1,256,512,512,768,65498,6394,91074.0,19369.25634639722,19364.825874807477,4.430471589740391,13016.02151063615,13012.940554573146,3.080956063003555,0.04363510642842156,0.016103083920033442,1.0090866950529893,3.963498814178514
134,outdoor,scene_00022,outdoor/scene_00022/scan_00196,val/outdoor/scene_00022/scan_00196/00022_00196_outdoor_180_000.png,10,2,2,512,512,768,768,65517,4789,84673.0,16782.97445409779,16778.249201256956,4.725252840838337,12543.726637679074,12539.058825088676,4.66781259039721,0.0335926789840026,0.0157537788568175,1.0270257961233944,3.9580508852265246
134,outdoor,scene_00022,outdoor/scene_00022/scan_00196,val/outdoor/scene_00022/scan_00196/00022_00196_outdoor_180_000.png,11,2,3,768,512,1024,768,65506,4475,83406.0,17053.777468032455,17054.02175154521,-0.24428351275405524,12866.106211468807,12864.877330450905,1.2288810179002914,0.037974866045797584,0.01598849463733416,1.2356519537194282,4.185528379990407
135,outdoor,scene_00022,outdoor/scene_00022/scan_00196,val/outdoor/scene_00022/scan_00196/00022_00196_outdoor_180_020.png,0,0,0,0,0,256,256,52757,5905,76377.0,134692.1711791836,131178.45600074297,3513.715178440653,73997.82629060431,70978.10564613706,3019.720644467256,0.0392596597091718,0.060184272695562466,1.0075961147460253,0.4517541895051939
135,outdoor,scene_00022,outdoor/scene_00022/scan_00196,val/outdoor/scene_00022/scan_00196/00022_00196_outdoor_180_020.png,1,0,1,256,0,512,256,37638,6338,62990.0,258097.81872367847,214315.1118349721,43782.7068887064,142035.64682390692,120968.03215778805,21067.614666118887,0.053316261083747526,0.09132010815228014,0.8648292124490055,0.10047000277979098
135,outdoor,scene_00022,outdoor/scene_00022/scan_00196,val/outdoor/scene_00022/scan_00196/00022_00196_outdoor_180_020.png,2,0,2,512,0,768,256,43116,5544,65292.0,143690.1015994455,89530.30266234894,54159.79893709659,91440.13913475166,56358.826044597794,35081.31309015387,0.04446107681614615,0.09733671416249425,0.9087265009701871,0.11099565044727773
135,outdoor,scene_00022,outdoor/scene_00022/scan_00196,val/outdoor/scene_00022/scan_00196/00022_00196_outdoor_180_020.png,3,0,3,768,0,1024,256,34451,7255,63471.0,183295.2986720448,159281.28644207693,24014.012229967862,120776.34666982642,105605.85820867392,15170.488461152509,0.043892925682378105,0.08566677600327442,0.9213756979008758,0.046338352336460234
135,outdoor,scene_00022,outdoor/scene_00022/scan_00196,val/outdoor/scene_00022/scan_00196/00022_00196_outdoor_180_020.png,4,1,0,0,256,256,512,64888,2202,73696.0,21756.62800594651,21762.168058373296,-5.540052426789416,18703.75174771704,18736.743566190755,-32.99181847371192,0.02888870617937996,0.019541132421165047,0.8677671178581081,0.5838527915075948
135,outdoor,scene_00022,outdoor/scene_00022/scan_00196,val/outdoor/scene_00022/scan_00196/00022_00196_outdoor_180_020.png,5,1,1,256,256,512,512,57929,7649,88525.0,33318.373805836774,33352.17934743085,-33.80554159408622,17691.59088957979,17751.705748752873,-60.11485917308015,0.03453396010117843,0.023306074231434222,0.42235173541430004,0.4458152408808175
135,outdoor,scene_00022,outdoor/scene_00022/scan_00196,val/outdoor/scene_00022/scan_00196/00022_00196_outdoor_180_020.png,6,1,2,512,256,768,512,56539,6014,80595.0,35564.78538078104,35154.65731192516,410.12806885587617,18268.455462519436,17904.302935010026,364.1525275094109,0.015960557096044097,0.02840998771928436,0.6671940897807113,0.21511390468024097
135,outdoor,scene_00022,outdoor/scene_00022/scan_00196,val/outdoor/scene_00022/scan_00196/00022_00196_outdoor_180_020.png,7,1,3,768,256,1024,512,58919,4999,78915.0,24155.269081534945,24905.158806365755,-749.8897248308109,14945.80112607796,15382.154794376263,-436.35366829830366,0.015598131104150256,0.00553187793740738,0.4577140408656371,0.04033997249131362
135,outdoor,scene_00022,outdoor/scene_00022/scan_00196,val/outdoor/scene_00022/scan_00196/00022_00196_outdoor_180_020.png,8,2,0,0,512,256,768,63900,5055,84120.0,32562.562406219564,33018.435878396296,-455.8734721767269,23152.586534541297,23379.805919155842,-227.2193846145443,0.027304158077703252,0.0216351774441253,0.6288321510215119,1.2041968434909318
135,outdoor,scene_00022,outdoor/scene_00022/scan_00196,val/outdoor/scene_00022/scan_00196/00022_00196_outdoor_180_020.png,9,2,1,256,512,512,768,57502,5242,78470.0,32173.05165475896,31931.665312871864,241.3863418870969,23270.835888050657,23151.376249200657,119.45963884999448,0.022467814671028964,0.018604658693351265,0.6011923147133474,0.44510409055110295
135,outdoor,scene_00022,outdoor/scene_00022/scan_00196,val/outdoor/scene_00022/scan_00196/00022_00196_outdoor_180_020.png,10,2,2,512,512,768,768,55306,4031,71430.0,28001.660152563556,27987.781169920723,13.878982642835823,21008.3282763366,20915.265534533035,93.06274180356351,0.013698260180313625,0.02328876875677713,0.7331701600079428,0.4969512643018313
135,outdoor,scene_00022,outdoor/scene_00022/scan_00196,val/outdoor/scene_00022/scan_00196/00022_00196_outdoor_180_020.png,11,2,3,768,512,1024,768,56535,3508,70567.0,23305.194447350266,23290.78897284734,14.405474502931362,19281.658740403407,19266.370240124637,15.288500278767863,0.013886980424107857,0.01556517813723153,0.6014334926174184,0.3853442059655258
136,outdoor,scene_00022,outdoor/scene_00022/scan_00196,val/outdoor/scene_00022/scan_00196/00022_00196_outdoor_200_000.png,0,0,0,0,0,256,256,64742,4875,84242.0,53788.16064519448,53437.68855894963,350.47208624485035,27862.637687767303,27774.02749649446,88.61019127284857,0.02778298768125785,0.0044623442881701995,0.2833688453751597,0.14305420227508342
136,outdoor,scene_00022,outdoor/scene_00022/scan_00196,val/outdoor/scene_00022/scan_00196/00022_00196_outdoor_200_000.png,1,0,1,256,0,512,256,64870,4719,83746.0,48199.529785562205,46567.08159688415,1632.4481886780577,27477.43490861512,26464.447430182623,1012.9874784324942,0.029199159218911756,0.016794404398352284,0.39424574181351196,0.15392494497116985
136,outdoor,scene_00022,outdoor/scene_00022/scan_00196,val/outdoor/scene_00022/scan_00196/00022_00196_outdoor_200_000.png,2,0,2,512,0,768,256,64160,3976,80064.0,59788.24007875733,59108.340132311874,679.8999464454574,38840.59725352766,38555.9808025042,284.61645102345426,0.02902454024031957,0.010971264111456132,0.4045144361525028,-0.0021327223371952345
136,outdoor,scene_00022,outdoor/scene_00022/scan_00196,val/outdoor/scene_00022/scan_00196/00022_00196_outdoor_200_000.png,3,0,3,768,0,1024,256,56303,3889,71859.0,77458.79707817818,79309.61119978048,-1850.8141216023112,52538.749305215766,53715.858965937005,-1177.1096607212387,0.022437313670639076,0.00880986680010864,0.3271271246945549,-0.023615197889186257
136,outdoor,scene_00022,outdoor/scene_00022/scan_00196,val/outdoor/scene_00022/scan_00196/00022_00196_outdoor_200_000.png,4,1,0,0,256,256,512,64352,15371,125836.0,91285.0369936755,91299.47075346077,-14.433759785279225,29919.909844893715,29921.206650461616,-1.2968055679035917,0.034124985325359534,0.01580790855174205,0.6839972864191073,0.44229949723367684
136,outdoor,scene_00022,outdoor/scene_00022/scan_00196,val/outdoor/scene_00022/scan_00196/00022_00196_outdoor_200_000.png,5,1,1,256,256,512,512,64428,11631,110952.0,54546.75881025244,54560.4785851857,-13.719774933264471,21768.227079206146,21772.112391960334,-3.8853127541861268,0.032584841493145174,0.01553287492251763,0.6678787549130778,0.5863183944546442
136,outdoor,scene_00022,outdoor/scene_00022/scan_00196,val/outdoor/scene_00022/scan_00196/00022_00196_outdoor_200_000.png,6,1,2,512,256,768,512,64894,7760,95934.0,32694.566652749774,32731.894394062638,-37.32774131286351,18892.0456082889,18909.17332824968,-17.127719960780425,0.026864955588330377,0.01580410590813751,0.6679295218826039,0.6760555022696801
136,outdoor,scene_00022,outdoor/scene_00022/scan_00196,val/outdoor/scene_00022/scan_00196/00022_00196_outdoor_200_000.png,7,1,3,768,256,1024,512,64752,5647,87340.0,24364.64754910929,24447.694257810792,-83.04670870149972,17110.32907469037,17158.65098323374,-48.321908543369155,0.02603872357303612,0.016111900366871892,0.7736452553869517,0.7447235194994115
136,outdoor,scene_00022,outdoor/scene_00022/scan_00196,val/outdoor/scene_00022/scan_00196/00022_00196_outdoor_200_000.png,8,2,0,0,512,256,768,65500,5436,87244.0,22358.79148835525,22348.609552693717,10.181935661531933,13858.061694827307,13849.264574409375,8.797120417933805,0.04400504903275507,0.016792749694604075,1.0895382228536552,4.264176755091545
136,outdoor,scene_00022,outdoor/scene_00022/scan_00196,val/outdoor/scene_00022/scan_00196/00022_00196_outdoor_200_000.png,9,2,1,256,512,512,768,65506,4960,85346.0,19923.99477444138,19911.23561697188,12.75915746950042,13412.32410387952,13404.399273562047,7.924830317474525,0.046114895872536095,0.016875313215415633,1.0644198896035544,4.014106460956317
136,outdoor,scene_00022,outdoor/scene_00022/scan_00196,val/outdoor/scene_00022/scan_00196/00022_00196_outdoor_200_000.png,10,2,2,512,512,768,768,65488,5133,86020.0,18901.823252294584,18901.044808296636,0.7784439979502245,13099.53804920908,13098.386922512034,1.151126697046494,0.04484833856089693,0.016831682366203075,1.0698311727286838,4.0453108955728645
136,outdoor,scene_00022,outdoor/scene_00022/scan_00196,val/outdoor/scene_00022/scan_00196/00022_00196_outdoor_200_000.png,11,2,3,768,512,1024,768,65500,3636,80044.0,16935.520908008148,16927.595849308567,7.92505869957812,13271.920763527445,13264.816896921884,7.103866605561031,0.03932853213175277,0.016807598842104574,1.0505514072001176,4.467369969795603
137,outdoor,scene_00022,outdoor/scene_00022/scan_00196,val/outdoor/scene_00022/scan_00196/00022_00196_outdoor_220_000.png,0,0,0,0,0,256,256,62866,8113,95318.0,141139.0455009452,140582.23420864934,556.8112922958778,41538.13108689418,41408.13684288306,129.9942440111122,0.025510293675353117,0.0038505953641038283,0.27895799073433475,0.11735699045344247
137,outdoor,scene_00022,outdoor/scene_00022/scan_00196,val/outdoor/scene_00022/scan_00196/00022_00196_outdoor_220_000.png,1,0,1,256,0,512,256,64411,5891,87975.0,74869.76307589105,76556.00040071964,-1686.2373248285846,33105.464434551744,34566.66613448497,-1461.2016999332222,0.03526640472669781,0.008540815612093303,0.3087040676537044,0.024590345238219954
137,outdoor,scene_00022,outdoor/scene_00022/scan_00196,val/outdoor/scene_00022/scan_00196/00022_00196_outdoor_220_000.png,2,0,2,512,0,768,256,64763,3859,80199.0,53206.93716587499,52685.417932678305,521.5192331966797,31865.410153793408,31579.124591404943,286.2855623884668,0.027857357383555284,0.009518032030425408,0.31936289729107925,0.03869340130171734
137,outdoor,scene_00022,outdoor/scene_00022/scan_00196,val/outdoor/scene_00022/scan_00196/00022_00196_outdoor_220_000.png,3,0,3,768,0,1024,256,64987,2086,73331.0,48305.61074907261,45087.71757091245,3217.8931781601623,36021.089487032325,34104.96091257961,1916.128574452712,0.028873776403779257,0.016000360655038095,0.466129578738315,0.11655488741401178
137,outdoor,scene_00022,outdoor/scene_00022/scan_00196,val/outdoor/scene_00022/scan_00196/00022_00196_outdoor_220_000.png,4,1,0,0,256,256,512,64087,16965,131947.0,170159.7251155271,170410.9107150942,-251.18559956708248,47244.77693329834,47301.058338294046,-56.28140499570786,0.03815082846800602,0.01723048404832754,0.7001109964920634,0.4942140449744513
137,outdoor,scene_00022,outdoor/scene_00022/scan_00196,val/outdoor/scene_00022/scan_00196/00022_00196_outdoor_220_000.png,5,1,1,256,256,512,512,64425,13570,118705.0,99569.09479957673,99624.79280259467,-55.698003017938895,32426.725818640185,32444.30119487219,-17.57537623200635,0.033966197648995194,0.016989651380892968,0.6883475651726754,0.48170677028511266
137,outdoor,scene_00022,outdoor/scene_00022/scan_00196,val/outdoor/scene_00022/scan_00196/00022_00196_outdoor_220_000.png,6,1,2,512,256,768,512,64316,10429,106032.0,65444.57979140706,65471.23190484109,-26.652113434037325,26597.575105088035,26606.352302572755,-8.777197484720158,0.03582881288340576,0.016761092085002052,0.6850560958532254,0.46003155568301113
137,outdoor,scene_00022,outdoor/scene_00022/scan_00196,val/outdoor/scene_00022/scan_00196/00022_00196_outdoor_220_000.png,7,1,3,768,256,1024,512,64633,5781,87757.0,34979.06294509886,34988.228976824656,-9.166031725792426,20230.509331610636,20231.583915114265,-1.0745835036277498,0.029059268807199255,0.016477811216181807,0.7253194487881022,0.7614338929313954
137,outdoor,scene_00022,outdoor/scene_00022/scan_00196,val/outdoor/scene_00022/scan_00196/00022_00196_outdoor_220_000.png,8,2,0,0,512,256,768,65529,2769,76605.0,21888.794461079277,21886.06564645488,2.7288146243960076,15889.01631320028,15888.991833789183,0.024479411095923886,0.04019468511708592,0.0173577463418549,1.2472002076263708,4.225498930719331
137,outdoor,scene_00022,outdoor/scene_00022/scan_00196,val/outdoor/scene_00022/scan_00196/00022_00196_outdoor_220_000.png,9,2,1,256,512,512,768,65482,3192,78250.0,22848.144408211556,22842.207937337284,5.936470874273667,16027.382536729825,16024.296652926934,3.085883802890216,0.04244447578948292,0.01723455629975573,1.1651024896768454,4.1031575063792305
137,outdoor,scene_00022,outdoor/scene_00022/scan_00196,val/outdoor/scene_00022/scan_00196/00022_00196_outdoor_220_000.png,10,2,2,512,512,768,768,65507,2819,76783.0,20052.03670282239,20051.604565788104,0.43213703428562966,15285.41919929515,15282.965520728467,2.453678566685057,0.0482661245056652,0.017455483185303537,1.1607083494148978,4.345810645834957
137,outdoor,scene_00022,outdoor/scene_00022/scan_00196,val/outdoor/scene_00022/scan_00196/00022_00196_outdoor_220_000.png,11,2,3,768,512,1024,768,65508,2173,74200.0,17910.81631603411,17899.862857253367,10.953458780742137,14759.07636655516,14750.455561054503,8.620805500658504,0.0418785539611958,0.01761880119010114,1.085758616658642,4.64103171750912
138,outdoor,scene_00022,outdoor/scene_00022/scan_00196,val/outdoor/scene_00022/scan_00196/00022_00196_outdoor_320_000.png,0,0,0,0,0,256,256,57919,4318,75191.0,30610.17504698544,30049.105324764285,561.0697222211588,21691.08412587239,21613.047092928537,78.03703294385792,0.0573892803242598,0.036433927436423805,0.4937751005588404,0.2715789891801156
138,outdoor,scene_00022,outdoor/scene_00022/scan_00196,val/outdoor/scene_00022/scan_00196/00022_00196_outdoor_320_000.png,1,0,1,256,0,512,256,52781,6294,77957.0,31641.55375978768,31752.06469888085,-110.5109390931699,20385.429630239494,20497.65283968226,-112.22320944276055,0.06577309268616598,0.008744714978679322,0.4498787427091704,0.13771471476214606
138,outdoor,scene_00022,outdoor/scene_00022/scan_00196,val/outdoor/scene_00022/scan_00196/00022_00196_outdoor_320_000.png,2,0,2,512,0,768,256,59940,5239,80896.0,31398.940151507304,31249.025011091897,149.9151404154058,21571.423374854086,21536.669428178357,34.753946675728635,0.05225499378320684,0.012639447081451578,0.31349389800497174,0.1753213107198955
138,outdoor,scene_00022,outdoor/scene_00022/scan_00196,val/outdoor/scene_00022/scan_00196/00022_00196_outdoor_320_000.png,3,0,3,768,0,1024,256,50252,12132,98780.0,87441.17067310325,87845.515066099,-404.34439299573927,32948.24282939737,32960.15909683023,-11.916267432855761,0.061606568969402024,0.00701172245984926,0.2767827122701304,0.19100751644203415
138,outdoor,scene_00022,outdoor/scene_00022/scan_00196,val/outdoor/scene_00022/scan_00196/00022_00196_outdoor_320_000.png,4,1,0,0,256,256,512,62941,3271,76025.0,17523.661880167158,17555.663978062585,-32.0020978954263,14094.144974105948,14116.177818756207,-22.032844650259868,0.05024864648257382,0.015510311129205579,0.7313223731721739,0.8159470042856043
138,outdoor,scene_00022,outdoor/scene_00022/scan_00196,val/outdoor/scene_00022/scan_00196/00022_00196_outdoor_320_000.png,5,1,1,256,256,512,512,60979,5429,82695.0,22791.156561378448,22802.79028653683,-11.633725158383012,16133.699324286736,16143.38573527084,-9.686410984106082,0.04783445403380412,0.012909368490937611,0.7349460348439069,0.5832776409458987
138,outdoor,scene_00022,outdoor/scene_00022/scan_00196,val/outdoor/scene_00022/scan_00196/00022_00196_outdoor_320_000.png,6,1,2,512,256,768,512,60408,9874,99904.0,38206.6690012295,38217.91747177498,-11.248470545481663,20442.36306689708,20450.8670029175,-8.503936020422463,0.05564155697764649,0.013460738379513408,0.6374017343754379,0.5418461239085294
138,outdoor,scene_00022,outdoor/scene_00022/scan_00196,val/outdoor/scene_00022/scan_00196/00022_00196_outdoor_320_000.png,7,1,3,768,256,1024,512,60098,16409,125734.0,68855.32012985715,68877.73714178694,-22.41701192979978,26029.23125669679,26034.114535599285,-4.88327890249459,0.04976621982033589,0.013527082027677339,0.6987602827247692,0.38031761321870056
138,outdoor,scene_00022,outdoor/scene_00022/scan_00196,val/outdoor/scene_00022/scan_00196/00022_00196_outdoor_320_000.png,8,2,0,0,512,256,768,65498,1194,70274.0,17134.20636800347,17120.68679342723,13.519574576241077,15936.856434999145,15923.710922329998,13.145512669148678,0.062202448136724174,0.013744629658178777,1.4032425661117816,3.6352740680183797
138,outdoor,scene_00022,outdoor/scene_00022/scan_00196,val/outdoor/scene_00022/scan_00196/00022_00196_outdoor_320_000.png,9,2,1,256,512,512,768,65505,1906,73129.0,17813.38777176528,17816.03612050409,-2.648348738809486,15751.32159790784,15754.239288940353,-2.9176910325137118,0.0676345754270226,0.01358657736309168,0.9703247833499714,3.3105448238842587
138,outdoor,scene_00022,outdoor/scene_00022/scan_00196,val/outdoor/scene_00022/scan_00196/00022_00196_outdoor_320_000.png,10,2,2,512,512,768,768,65501,2950,77301.0,19945.645607321443,19951.10994830945,-5.464340988009425,16327.542690512608,16332.039902487744,-4.497211975135724,0.061972221798543746,0.013533616034146566,0.9565219529216151,3.3440561581561723
138,outdoor,scene_00022,outdoor/scene_00022/scan_00196,val/outdoor/scene_00022/scan_00196/00022_00196_outdoor_320_000.png,11,2,3,768,512,1024,768,65491,3647,80079.0,23592.604981688604,23585.709087168467,6.895894520140062,17740.204913997615,17733.4426993223,6.762214675312625,0.06510668113993917,0.013791596671687065,0.9624317199264955,3.87330685081423
139,outdoor,scene_00022,outdoor/scene_00022/scan_00196,val/outdoor/scene_00022/scan_00196/00022_00196_outdoor_340_000.png,0,0,0,0,0,256,256,57725,6139,82281.0,28263.66626865159,28293.04666433235,-29.380395680761936,17399.96651814653,17349.289671746643,50.676846399889584,0.05925706628816953,0.009508211510467745,0.3343745981025408,0.19958490958301647
139,outdoor,scene_00022,outdoor/scene_00022/scan_00196,val/outdoor/scene_00022/scan_00196/00022_00196_outdoor_340_000.png,1,0,1,256,0,512,256,53647,5514,75703.0,27112.479094904866,27037.069105836425,75.40998906844123,17269.0519789413,17159.849892829818,109.20208611148377,0.0697112942902817,0.015357885693804026,0.3837064354251241,0.2548105142585005
139,outdoor,scene_00022,outdoor/scene_00022/scan_00196,val/outdoor/scene_00022/scan_00196/00022_00196_outdoor_340_000.png,2,0,2,512,0,768,256,57116,6621,83600.0,36137.97413886883,34983.12334306441,1154.8507958044088,22627.785490985185,22486.58403290454,141.2014580806462,0.057578551622178925,0.03953706165166527,0.4954568964793457,0.1966047340525685
139,outdoor,scene_00022,outdoor/scene_00022/scan_00196,val/outdoor/scene_00022/scan_00196/00022_00196_outdoor_340_000.png,3,0,3,768,0,1024,256,52976,8788,88128.0,35353.0840805316,35390.19614276994,-37.112062238352756,20828.169915617444,20851.012617936103,-22.842702318660045,0.06589583220974973,0.004298454786041232,0.369265174724158,0.20894525251218968
139,outdoor,scene_00022,outdoor/scene_00022/scan_00196,val/outdoor/scene_00022/scan_00196/00022_00196_outdoor_340_000.png,4,1,0,0,256,256,512,63275,7083,91607.0,19355.046281411174,19369.18266119469,-14.136379783514071,13181.395131969175,13192.244673303909,-10.849541334733724,0.047784563921427874,0.013093721449538468,0.6789936887768594,0.6381106280521973
139,outdoor,scene_00022,outdoor/scene_00022/scan_00196,val/outdoor/scene_00022/scan_00196/00022_00196_outdoor_340_000.png,5,1,1,256,256,512,512,63598,7051,91802.0,18716.61814511608,18737.1024916476,-20.48434653152237,12724.887912923008,12741.934209435132,-17.046296512124368,0.05502786984181757,0.01286379857376326,0.710940007295006,0.5852163044556458
139,outdoor,scene_00022,outdoor/scene_00022/scan_00196,val/outdoor/scene_00022/scan_00196/00022_00196_outdoor_340_000.png,6,1,2,512,256,768,512,62689,8074,94985.0,23339.739069358806,23403.26491140727,-63.52584204846562,15445.978640749838,15492.598607779786,-46.61996702994981,0.050816266365905284,0.016070153661767627,0.7338221969746032,0.7430483676739273
139,outdoor,scene_00022,outdoor/scene_00022/scan_00196,val/outdoor/scene_00022/scan_00196/00022_00196_outdoor_340_000.png,7,1,3,768,256,1024,512,60659,10166,101323.0,31245.690108323775,31296.106415281214,-50.41630695743572,18046.683314421993,18078.96558932255,-32.28227490055788,0.04777679293844598,0.012834277315069966,0.7286792426059279,0.7410635096545118
139,outdoor,scene_00022,outdoor/scene_00022/scan_00196,val/outdoor/scene_00022/scan_00196/00022_00196_outdoor_340_000.png,8,2,0,0,512,256,768,65515,3022,77603.0,16846.956002568324,16839.82542717465,7.130575393673742,14230.499921814937,14223.088111438548,7.4118103763877405,0.06464463446072215,0.013480339530627555,0.9987707578718736,3.8531690807082524
139,outdoor,scene_00022,outdoor/scene_00022/scan_00196,val/outdoor/scene_00022/scan_00196/00022_00196_outdoor_340_000.png,9,2,1,256,512,512,768,65508,2936,77252.0,16812.56736955785,16804.69091351295,7.876456044901303,14302.429513550931,14295.73077491952,6.698738631412741,0.0717795472802061,0.013430716836419896,0.9863309007725535,3.362296835612276
139,outdoor,scene_00022,outdoor/scene_00022/scan_00196,val/outdoor/scene_00022/scan_00196/00022_00196_outdoor_340_000.png,10,2,2,512,512,768,768,65489,3715,80349.0,17764.829384476776,17771.44158006247,-6.612195585694537,14331.180738135188,14337.260335269762,-6.079597134574578,0.06195856095320214,0.013202249956897309,1.068523949435642,3.2868510215647286
139,outdoor,scene_00022,outdoor/scene_00022/scan_00196,val/outdoor/scene_00022/scan_00196/00022_00196_outdoor_340_000.png,11,2,3,768,512,1024,768,65510,4204,82326.0,18424.29284340736,18418.348868436995,5.943974970360101,14035.160811558068,14030.453376334688,4.707435223379488,0.06375935302665912,0.012977479000999992,0.9971458059978844,3.6981480203185835
140,outdoor,scene_00022,outdoor/scene_00022/scan_00197,val/outdoor/scene_00022/scan_00197/00022_00197_outdoor_050_010.png,0,0,0,0,0,256,256,56841,6548,83033.0,358518.84116768336,355793.7895355112,2725.0516321721893,105430.39137045317,105059.35060645879,371.0407639944051,0.01773308813353341,0.039392657626332844,0.8643001239741473,-0.1165741527509756
140,outdoor,scene_00022,outdoor/scene_00022/scan_00197,val/outdoor/scene_00022/scan_00197/00022_00197_outdoor_050_010.png,1,0,1,256,0,512,256,34078,6994,62054.0,449020.5895628415,453642.9746255202,-4622.385062678722,147368.47339904553,149659.25776464128,-2290.7843655957613,0.0378174193538122,0.02873985741937693,0.779737204665864,0.035965617269790404
140,outdoor,scene_00022,outdoor/scene_00022/scan_00197,val/outdoor/scene_00022/scan_00197/00022_00197_outdoor_050_010.png,2,0,2,512,0,768,256,54428,6266,79492.0,43974.54774462542,43311.94456226998,662.6031823554517,23855.318875903118,23515.559185422455,339.75969048066486,0.03901395563340652,0.0269115091925571,0.47142066712143244,0.451740592430308
140,outdoor,scene_00022,outdoor/scene_00022/scan_00197,val/outdoor/scene_00022/scan_00197/00022_00197_outdoor_050_010.png,3,0,3,768,0,1024,256,62813,2827,74121.0,23451.543376040478,23447.041978940357,4.501397100120332,19111.036212246752,19163.047772135884,-52.0115598891317,0.042689600035897224,0.012345170105720945,0.3077385932394622,0.6007298311767886
140,outdoor,scene_00022,outdoor/scene_00022/scan_00197,val/outdoor/scene_00022/scan_00197/00022_00197_outdoor_050_010.png,4,1,0,0,256,256,512,56099,9846,95483.0,118048.67375083275,117949.82088815814,98.85286267460819,38727.64358355873,38600.35111036312,127.29247319561725,0.020938785594447656,0.024443051844832205,0.7137088664605667,0.3858861692008106
140,outdoor,scene_00022,outdoor/scene_00022/scan_00197,val/outdoor/scene_00022/scan_00197/00022_00197_outdoor_050_010.png,5,1,1,256,256,512,512,41667,9554,79883.0,109999.10674849122,109895.36043726924,103.74631122196907,38352.25668033642,38232.20393111413,120.052749222291,0.0473066971713687,0.01898439120840513,0.627999484064549,0.2100584367219064
140,outdoor,scene_00022,outdoor/scene_00022/scan_00197,val/outdoor/scene_00022/scan_00197/00022_00197_outdoor_050_010.png,6,1,2,512,256,768,512,57272,4805,76492.0,31934.91108127853,31571.291285826665,363.6197954518597,20886.865221168002,20673.537275431852,213.3279457361499,0.040132044807979314,0.027230683716437727,0.5134395876263838,0.417186344444873
140,outdoor,scene_00022,outdoor/scene_00022/scan_00197,val/outdoor/scene_00022/scan_00197/00022_00197_outdoor_050_010.png,7,1,3,768,256,1024,512,61626,2118,70098.0,20885.416970574024,20693.88484150823,191.5321290657956,18540.469398686346,18409.51576649736,130.953632188988,0.04277877762440811,0.010167645991652392,0.41941509517909276,0.4223513676436741
140,outdoor,scene_00022,outdoor/scene_00022/scan_00197,val/outdoor/scene_00022/scan_00197/00022_00197_outdoor_050_010.png,8,2,0,0,512,256,768,64967,11287,110115.0,66471.52430880538,66424.23800513857,47.286303666819634,20538.053630951348,20514.89696657612,23.15666437522559,0.0458043616291428,0.02541092925716245,1.2153019209873996,1.1673551000331128
140,outdoor,scene_00022,outdoor/scene_00022/scan_00197,val/outdoor/scene_00022/scan_00197/00022_00197_outdoor_050_010.png,9,2,1,256,512,512,768,65407,4048,81599.0,23198.471000343234,23187.666133796738,10.804866546493773,13188.512695837104,13181.310048262196,7.202647574911044,0.03317912116204311,0.02610671483743524,1.0734484281124943,1.0323108184078895
140,outdoor,scene_00022,outdoor/scene_00022/scan_00197,val/outdoor/scene_00022/scan_00197/00022_00197_outdoor_050_010.png,10,2,2,512,512,768,768,65373,1144,69949.0,15847.548140033083,15863.008557316929,-15.460417283844654,14075.027255026616,14085.555106073185,-10.52785104657112,0.02196134931001478,0.025970824063341245,0.9647780620744016,1.3306246269773019
140,outdoor,scene_00022,outdoor/scene_00022/scan_00197,val/outdoor/scene_00022/scan_00197/00022_00197_outdoor_050_010.png,11,2,3,768,512,1024,768,64740,2980,76660.0,20231.68060965855,20248.438280109025,-16.757670450471757,16371.510591640617,16384.035557251078,-12.524965610461791,0.0338246512558214,0.02625959342997896,1.060450017682422,1.2330679771027673
141,outdoor,scene_00022,outdoor/scene_00022/scan_00197,val/outdoor/scene_00022/scan_00197/00022_00197_outdoor_140_040.png,0,0,0,0,0,256,256,41786,2187,50534.0,23409.83270564832,23249.346598027398,160.4861076209225,7400.4705501031995,7328.360087644747,72.11046245845283,0.03445120590231452,0.003646343867831893,0.18379140071940975,1.0259210649256119
141,outdoor,scene_00022,outdoor/scene_00022/scan_00197,val/outdoor/scene_00022/scan_00197/00022_00197_outdoor_140_040.png,1,0,1,256,0,512,256,59790,639,62346.0,6911.3798250364725,6896.677569189841,14.70225584663173,5872.757498947262,5859.585171728453,13.17232721880871,0.019764286276777555,0.003631371147013858,0.2560594378359509,0.9821908810043817
141,outdoor,scene_00022,outdoor/scene_00022/scan_00197,val/outdoor/scene_00022/scan_00197/00022_00197_outdoor_140_040.png,2,0,2,512,0,768,256,61713,807,64941.0,44396.89505080891,43181.51790774837,1215.3771430605518,23009.387843370205,22876.570967712025,132.81687565818018,0.025308229587402694,0.005549232493746425,0.39337612774129505,0.08291444798832177
141,outdoor,scene_00022,outdoor/scene_00022/scan_00197,val/outdoor/scene_00022/scan_00197/00022_00197_outdoor_140_040.png,3,0,3,768,0,1024,256,44629,11461,90473.0,623379.4011306581,469640.8784532157,153738.52267744238,225881.28388749616,170818.93164793175,55062.35223956444,0.052888859237298115,0.10068824731067445,0.7270025991855756,0.03287904313401752
141,outdoor,scene_00022,outdoor/scene_00022/scan_00197,val/outdoor/scene_00022/scan_00197/00022_00197_outdoor_140_040.png,4,1,0,0,256,256,512,64659,3162,77307.0,13902.971819707289,13827.75648358516,75.21533612212741,7781.696933416131,7758.182628963361,23.514304452768847,0.024376343646899345,0.00480816236731783,0.27588382568695424,1.3638015024662944
141,outdoor,scene_00022,outdoor/scene_00022/scan_00197,val/outdoor/scene_00022/scan_00197/00022_00197_outdoor_140_040.png,5,1,1,256,256,512,512,63946,1486,69890.0,6537.66107597238,6563.183776655518,-25.522700683139476,4565.346724819643,4586.043277844866,-20.696553025222414,0.025856976084184934,0.004792813840861463,0.2985525775826416,1.230814035864337
141,outdoor,scene_00022,outdoor/scene_00022/scan_00197,val/outdoor/scene_00022/scan_00197/00022_00197_outdoor_140_040.png,6,1,2,512,256,768,512,64811,1546,70995.0,9321.94543970401,9525.747838401829,-203.80239869781897,5640.176251280189,5735.829667980961,-95.65341670077153,0.029786985035719204,0.00500130137073628,0.31496101464794085,0.8159001903816061
141,outdoor,scene_00022,outdoor/scene_00022/scan_00197,val/outdoor/scene_00022/scan_00197/00022_00197_outdoor_140_040.png,7,1,3,768,256,1024,512,46576,15044,106752.0,121890.20233704707,117218.79627082942,4671.406066217656,43907.34030922722,42341.45230740095,1565.8880018262844,0.05069761704276893,0.046964156941730284,0.47082357789210316,0.887585584414233
141,outdoor,scene_00022,outdoor/scene_00022/scan_00197,val/outdoor/scene_00022/scan_00197/00022_00197_outdoor_140_040.png,8,2,0,0,512,256,768,65518,1428,71230.0,15435.091701687039,15419.845216325924,15.246485361115404,13984.610076597568,13970.357877183993,14.252199413575266,0.017533689481141423,0.004799239869301223,0.35905481087633406,1.648024611723446
141,outdoor,scene_00022,outdoor/scene_00022/scan_00197,val/outdoor/scene_00022/scan_00197/00022_00197_outdoor_140_040.png,9,2,1,256,512,512,768,63743,6475,89643.0,62402.21671700883,61937.80612349437,464.41059351446296,21160.46840380389,21346.39915207438,-185.93074827048792,0.028450983722470118,0.016283048209608665,0.4006652956754897,1.6173867920629985
141,outdoor,scene_00022,outdoor/scene_00022/scan_00197,val/outdoor/scene_00022/scan_00197/00022_00197_outdoor_140_040.png,10,2,2,512,512,768,768,51438,10804,94654.0,56817.529522123106,59776.58472156085,-2959.055199437751,19309.70744166875,20362.90168612582,-1053.1942444570673,0.023327733520815915,0.029769065346004122,0.6248084954717986,1.145246241751221
141,outdoor,scene_00022,outdoor/scene_00022/scan_00197,val/outdoor/scene_00022/scan_00197/00022_00197_outdoor_140_040.png,11,2,3,768,512,1024,768,26281,10342,67649.0,142709.48978968585,141857.59992761444,851.8898620714194,54912.269890819414,54875.06525940326,37.204631416163124,0.043531828156902555,0.0462145086427497,0.46481567655908856,1.4725505671592962
142,outdoor,scene_00022,outdoor/scene_00022/scan_00197,val/outdoor/scene_00022/scan_00197/00022_00197_outdoor_180_040.png,0,0,0,0,0,256,256,60639,14489,118595.0,305418.18188654777,270800.7520324122,34617.42985413554,93840.86228332127,82322.74514075782,11518.11714256346,0.05073969617617625,0.12377721889070888,0.8107819003110597,0.32621471911071726
142,outdoor,scene_00022,outdoor/scene_00022/scan_00197,val/outdoor/scene_00022/scan_00197/00022_00197_outdoor_180_040.png,1,0,1,256,0,512,256,53299,8590,87659.0,97754.23642800958,94671.14617133574,3083.0902566738378,30160.85881275337,29048.93383831884,1111.9249744345311,0.03395640707358416,0.04134563361612045,0.5348533593738614,0.6950563318851454
142,outdoor,scene_00022,outdoor/scene_00022/scan_00197,val/outdoor/scene_00022/scan_00197/00022_00197_outdoor_180_040.png,2,0,2,512,0,768,256,51943,4696,70727.0,32074.27856142082,32107.392043624583,-33.11348220376512,11822.3455559189,11833.423262728338,-11.077706809436547,0.027852343780187586,0.004163204108271472,0.23285909179487702,1.2095328575534254
142,outdoor,scene_00022,outdoor/scene_00022/scan_00197,val/outdoor/scene_00022/scan_00197/00022_00197_outdoor_180_040.png,3,0,3,768,0,1024,256,46608,3778,61720.0,21711.838315531244,21760.789550996553,-48.95123546530825,8426.107325865307,8445.918878349992,-19.8115524846863,0.03102887886281159,0.0038956252944604202,0.2189861905690414,1.5712748584792675
142,outdoor,scene_00022,outdoor/scene_00022/scan_00197,val/outdoor/scene_00022/scan_00197/00022_00197_outdoor_180_040.png,4,1,0,0,256,256,512,65395,4354,82811.0,29537.68994422053,29477.257714085245,60.43223013528498,14454.895555150004,14188.290548096436,266.60500705356753,0.03243153336315538,0.010568995948204799,0.4372857039742895,0.643997983482084
142,outdoor,scene_00022,outdoor/scene_00022/scan_00197,val/outdoor/scene_00022/scan_00197/00022_00197_outdoor_180_040.png,5,1,1,256,256,512,512,58401,3115,70861.0,7458.155961889466,7455.114185339638,3.0417765498286844,3727.8780760499026,3733.7037250245503,-5.825648974647972,0.024758682251611576,0.0040426183219029275,0.4026948970063657,1.167369299654419
142,outdoor,scene_00022,outdoor/scene_00022/scan_00197,val/outdoor/scene_00022/scan_00197/00022_00197_outdoor_180_040.png,6,1,2,512,256,768,512,60879,5966,84743.0,12274.5763954197,12480.113191798257,-205.53679637855527,4902.622235692389,5040.93064891185,-138.30841321946033,0.026582586586453186,0.005768930889722745,0.43458621286156696,1.2190407170163973
142,outdoor,scene_00022,outdoor/scene_00022/scan_00197,val/outdoor/scene_00022/scan_00197/00022_00197_outdoor_180_040.png,7,1,3,768,256,1024,512,61550,5666,84214.0,12694.882440833982,12716.372875650033,-21.49043481605402,5798.2150032592635,5801.701668111634,-3.4866648523701667,0.027708134344172082,0.0043762340694006,0.4590859798162976,1.3377394500088924
142,outdoor,scene_00022,outdoor/scene_00022/scan_00197,val/outdoor/scene_00022/scan_00197/00022_00197_outdoor_180_040.png,8,2,0,0,512,256,768,65513,2838,76865.0,13775.57590088486,13244.456324012617,531.1195768722416,9077.29412790485,8711.39748636208,365.89664154277057,0.02232249099019449,0.011721487937868025,0.4497137428912567,0.9957902792620145
142,outdoor,scene_00022,outdoor/scene_00022/scan_00197,val/outdoor/scene_00022/scan_00197/00022_00197_outdoor_180_040.png,9,2,1,256,512,512,768,65427,6166,90091.0,15824.29829866835,15845.440494998395,-21.14219633004494,7795.384555015833,7798.079962380919,-2.695407365085148,0.022660420055032316,0.0037622215304001076,0.3535615236022375,1.7690806713101943
142,outdoor,scene_00022,outdoor/scene_00022/scan_00197,val/outdoor/scene_00022/scan_00197/00022_00197_outdoor_180_040.png,10,2,2,512,512,768,768,65519,4601,83923.0,15038.245475175934,15025.362365114775,12.883110061157325,9900.309403523885,9902.109856807398,-1.800453283512292,0.022160874854657283,0.006030611141735622,0.34684892986701127,2.0146235576423317
142,outdoor,scene_00022,outdoor/scene_00022/scan_00197,val/outdoor/scene_00022/scan_00197/00022_00197_outdoor_180_040.png,11,2,3,768,512,1024,768,65487,7804,96703.0,21843.68547292924,21885.956161253005,-42.27068832376516,11150.49354872413,11169.869598652283,-19.37604992815263,0.023948123282275968,0.003507974543136565,0.45942669225179134,1.918937764768014
143,outdoor,scene_00022,outdoor/scene_00022/scan_00197,val/outdoor/scene_00022/scan_00197/00022_00197_outdoor_190_010.png,0,0,0,0,0,256,256,65289,1773,72381.0,17525.297777583117,17879.357251650043,-354.05947406692337,15316.202414390984,15505.61381855201,-189.41140416102655,0.027531511404326324,0.0028252163131097883,0.7143346982026124,-0.4822259389691136
143,outdoor,scene_00022,outdoor/scene_00022/scan_00197,val/outdoor/scene_00022/scan_00197/00022_00197_outdoor_190_010.png,1,0,1,256,0,512,256,65427,1091,69791.0,10414.25490570399,10465.690294750406,-51.4353890464166,8406.631406841792,8434.866337588146,-28.234930746354813,0.020054920245901733,0.006129886126097063,0.29589750621492283,0.4007037209243152
143,outdoor,scene_00022,outdoor/scene_00022/scan_00197,val/outdoor/scene_00022/scan_00197/00022_00197_outdoor_190_010.png,2,0,2,512,0,768,256,43460,273,44552.0,9656.600829143956,9642.360632331496,14.24019681245943,9044.160974975013,9039.982734969442,4.178240005571235,0.02445400425191989,0.002271837748813725,0.14710140831805443,1.1174503348650717
143,outdoor,scene_00022,outdoor/scene_00022/scan_00197,val/outdoor/scene_00022/scan_00197/00022_00197_outdoor_190_010.png,3,0,3,768,0,1024,256,61543,3132,74071.0,61731.12746193275,61719.10837149837,12.019090434379564,26582.135555052544,26574.378984330247,7.75657072229656,0.021703234016745565,0.0023347956672178406,0.17340764443745357,1.2958840296041318
143,outdoor,scene_00022,outdoor/scene_00022/scan_00197,val/outdoor/scene_00022/scan_00197/00022_00197_outdoor_190_010.png,4,1,0,0,256,256,512,58689,10132,99217.0,26790.028427240133,26738.023355573594,52.00507166653837,15007.987087583386,15197.46423271578,-189.47714513239345,0.024183060154181223,0.023018272054806287,1.0925266084795358,0.4179732680787413
143,outdoor,scene_00022,outdoor/scene_00022/scan_00197,val/outdoor/scene_00022/scan_00197/00022_00197_outdoor_190_010.png,5,1,1,256,256,512,512,63154,8783,98286.0,33549.82337472392,32971.534017657,578.2893570669158,15493.348523236355,15332.318187136018,161.03033610033617,0.02329175132453127,0.022350671060584595,0.6511134788313973,0.4794568048922207
143,outdoor,scene_00022,outdoor/scene_00022/scan_00197,val/outdoor/scene_00022/scan_00197/00022_00197_outdoor_190_010.png,6,1,2,512,256,768,512,63836,7707,94664.0,61338.30085364611,61106.80708753323,231.49376611288184,22172.38874016365,22096.13362256628,76.25511759736963,0.02530626974141375,0.007873174727978013,0.39154840425231136,0.9173882310880961
143,outdoor,scene_00022,outdoor/scene_00022/scan_00197,val/outdoor/scene_00022/scan_00197/00022_00197_outdoor_190_010.png,7,1,3,768,256,1024,512,61792,12011,109836.0,179471.62000109276,179485.2502379353,-13.63023684254696,50850.554108965254,50864.7301491948,-14.176040229553967,0.025175631350860272,0.006568370719980251,0.43167150395488463,0.9566509665938115
143,outdoor,scene_00022,outdoor/scene_00022/scan_00197,val/outdoor/scene_00022/scan_00197/00022_00197_outdoor_190_010.png,8,2,0,0,512,256,768,64167,6714,91023.0,24303.61743749321,24310.95667667168,-7.339239178469819,18199.489897482264,18203.387798087366,-3.897900605100621,0.046155206070623185,0.0217328299619503,1.2616236076959169,3.015848953294877
143,outdoor,scene_00022,outdoor/scene_00022/scan_00197,val/outdoor/scene_00022/scan_00197/00022_00197_outdoor_190_010.png,9,2,1,256,512,512,768,64906,9236,101850.0,32101.17684530998,32087.312418344034,13.864426965948823,19237.655937562507,19234.11278535063,3.543152211879554,0.042620566998107484,0.023565447643715515,1.191640661153067,1.375031145813003
143,outdoor,scene_00022,outdoor/scene_00022/scan_00197,val/outdoor/scene_00022/scan_00197/00022_00197_outdoor_190_010.png,10,2,2,512,512,768,768,65264,7722,96152.0,34532.17985343504,34522.89215401082,9.287699424223131,20728.481977062896,20725.112631153745,3.369345909148425,0.043889149529802905,0.024165494865486754,1.0002527433689792,1.5980058094831417
143,outdoor,scene_00022,outdoor/scene_00022/scan_00197,val/outdoor/scene_00022/scan_00197/00022_00197_outdoor_190_010.png,11,2,3,768,512,1024,768,65270,5695,88050.0,35727.02557582983,35722.92666203999,4.098913789835734,21778.742776187828,21776.94600272103,1.796773466796492,0.03758066044783225,0.023332064819805588,0.9400675828801396,2.102581698981809
144,outdoor,scene_00022,outdoor/scene_00022/scan_00197,val/outdoor/scene_00022/scan_00197/00022_00197_outdoor_220_040.png,0,0,0,0,0,256,256,63441,6938,91193.0,48467.730459530176,48661.699240561975,-193.96878103179355,14352.743180175765,14414.896006455525,-62.15282627976068,0.03244147599790534,0.009867381630579725,0.29314948502005417,0.9798531324075958
144,outdoor,scene_00022,outdoor/scene_00022/scan_00197,val/outdoor/scene_00022/scan_00197/00022_00197_outdoor_220_040.png,1,0,1,256,0,512,256,54800,11433,100532.0,293060.69381458283,234927.44775211887,58133.246062463935,106532.02647216906,83484.0721506031,23047.954321565954,0.04635576691849347,0.08961444009287475,0.8056647277077633,0.06335771618012767
144,outdoor,scene_00022,outdoor/scene_00022/scan_00197,val/outdoor/scene_00022/scan_00197/00022_00197_outdoor_220_040.png,2,0,2,512,0,768,256,43441,8935,79181.0,659985.395494821,577129.6969047457,82855.69859007522,264840.65662705177,227449.05100160735,37391.60562544441,0.05563311359645365,0.09994631508477567,1.1760252549429904,-0.06948440299519329
144,outdoor,scene_00022,outdoor/scene_00022/scan_00197,val/outdoor/scene_00022/scan_00197/00022_00197_outdoor_220_040.png,3,0,3,768,0,1024,256,60408,9823,99700.0,255531.11876162107,209181.14268757377,46349.976074047285,95429.55907618385,77290.40019551033,18139.15888067352,0.046826846539066116,0.0740833484572497,0.7331231779551468,0.09793458969466744
144,outdoor,scene_00022,outdoor/scene_00022/scan_00197,val/outdoor/scene_00022/scan_00197/00022_00197_outdoor_220_040.png,4,1,0,0,256,256,512,65123,3007,77151.0,16670.94425732093,16682.502125829036,-11.557868508102056,10536.166952800118,10534.341695882176,1.8252569179435247,0.04056650629555955,0.0033573169420363686,0.21727118979188145,1.2552959684091034
144,outdoor,scene_00022,outdoor/scene_00022/scan_00197,val/outdoor/scene_00022/scan_00197/00022_00197_outdoor_220_040.png,5,1,1,256,256,512,512,46982,9812,86230.0,56769.56990960655,54378.3701672421,2391.1997423644552,17804.113375538036,17393.21009415735,410.9032813806872,0.04685373269610701,0.05380984278610119,0.40870970747967106,0.9726204667599027
144,outdoor,scene_00022,outdoor/scene_00022/scan_00197,val/outdoor/scene_00022/scan_00197/00022_00197_outdoor_220_040.png,6,1,2,512,256,768,512,63540,8089,95896.0,53581.57076580179,49567.99324564959,4013.577520152198,17610.98900475874,16250.831372886856,1360.1576318718826,0.052732819565419004,0.024013625014485427,0.36373660481467796,0.6090376092297418
144,outdoor,scene_00022,outdoor/scene_00022/scan_00197,val/outdoor/scene_00022/scan_00197/00022_00197_outdoor_220_040.png,7,1,3,768,256,1024,512,65094,3763,80146.0,37213.423121724605,36568.17548913875,645.24763258585,15957.809944902288,15448.233027276397,509.57691762589025,0.04441303264282401,0.011806118807549738,0.26750548905291743,0.459244796381216
144,outdoor,scene_00022,outdoor/scene_00022/scan_00197,val/outdoor/scene_00022/scan_00197/00022_00197_outdoor_220_040.png,8,2,0,0,512,256,768,55388,747,58376.0,14245.65619984733,14251.313693851582,-5.657494004250135,12618.163632826492,12623.804451650798,-5.640818824306685,0.040468216556891326,0.0025571382128378953,0.22332455326398357,1.4277216376258104
144,outdoor,scene_00022,outdoor/scene_00022/scan_00197,val/outdoor/scene_00022/scan_00197/00022_00197_outdoor_220_040.png,9,2,1,256,512,512,768,36135,917,39803.0,7812.726014393621,7817.612723520436,-4.886709126815697,6129.491639253229,6129.1879821242765,0.3036571289526271,0.03568854647160237,0.0023422411558790277,0.18934566928956628,1.3620035015915646
144,outdoor,scene_00022,outdoor/scene_00022/scan_00197,val/outdoor/scene_00022/scan_00197/00022_00197_outdoor_220_040.png,10,2,2,512,512,768,768,52130,1917,59798.0,11425.129386827022,11492.553269735821,-67.4238829087999,8157.1018323671,8195.855521519583,-38.75368915248356,0.03927776689036573,0.002296499183672709,0.1795099420230168,0.8646171431167575
144,outdoor,scene_00022,outdoor/scene_00022/scan_00197,val/outdoor/scene_00022/scan_00197/00022_00197_outdoor_220_040.png,11,2,3,768,512,1024,768,65473,1802,72681.0,10990.930310830301,10968.616848873644,22.31346195665668,6537.491135845694,6522.569298777534,14.921837068160404,0.03365749954233486,0.0021931920084422582,0.17335805191127407,0.670014426121709
145,outdoor,scene_00022,outdoor/scene_00022/scan_00197,val/outdoor/scene_00022/scan_00197/00022_00197_outdoor_230_010.png,0,0,0,0,0,256,256,65279,2027,73387.0,16317.741134191812,16646.762804431473,-329.0216702396621,9205.382340127879,9383.616720323398,-178.2343801955203,0.025594329867500168,0.007547708196236404,0.41670908046319527,0.676345600865916
145,outdoor,scene_00022,outdoor/scene_00022/scan_00197,val/outdoor/scene_00022/scan_00197/00022_00197_outdoor_230_010.png,1,0,1,256,0,512,256,65394,714,68250.0,6572.524186785719,6559.3616425379505,13.162544247769066,3722.083668011128,3702.6125250278874,19.471142983240554,0.03777735536315878,0.0013469087962404078,0.2687245483674795,0.514644346000095
145,outdoor,scene_00022,outdoor/scene_00022/scan_00197,val/outdoor/scene_00022/scan_00197/00022_00197_outdoor_230_010.png,2,0,2,512,0,768,256,65224,1904,72840.0,24091.681046644982,24747.679248112283,-655.9982014673025,17109.094232287054,17270.00784704531,-160.9136147582593,0.03410913290601259,0.001413614325053348,0.8867769506311822,-0.9562823637837969
145,outdoor,scene_00022,outdoor/scene_00022/scan_00197,val/outdoor/scene_00022/scan_00197/00022_00197_outdoor_230_010.png,3,0,3,768,0,1024,256,64954,1458,70786.0,44779.99616630258,45503.23642361123,-723.2402573086486,36938.61000626683,37302.976898652625,-364.36689238579487,0.035689589650112576,0.0014448342640858887,0.7135790592999185,-0.8532024996275185
145,outdoor,scene_00022,outdoor/scene_00022/scan_00197,val/outdoor/scene_00022/scan_00197/00022_00197_outdoor_230_010.png,4,1,0,0,256,256,512,63135,8241,96099.0,78977.03498372194,78339.28385283885,637.7511308830668,24589.255051903987,24610.222693903037,-20.96764199904669,0.01999490478231778,0.021874990700070922,0.5667470386162629,0.8349529821587766
145,outdoor,scene_00022,outdoor/scene_00022/scan_00197,val/outdoor/scene_00022/scan_00197/00022_00197_outdoor_230_010.png,5,1,1,256,256,512,512,57890,18880,133410.0,121068.88755609738,120661.84926126635,407.03829483103794,36805.37890369215,36751.68586384983,53.693039842321184,0.02823979176536901,0.032791769807955166,0.9402777080430026,0.871030022377742
145,outdoor,scene_00022,outdoor/scene_00022/scan_00197,val/outdoor/scene_00022/scan_00197/00022_00197_outdoor_230_010.png,6,1,2,512,256,768,512,58686,10035,98826.0,54865.354043587955,54872.25014025062,-6.896096662661257,27730.245520048884,27839.332314469513,-109.08679442062848,0.028001801892534282,0.02374653370176096,0.9480834661582516,0.5688997679121268
145,outdoor,scene_00022,outdoor/scene_00022/scan_00197,val/outdoor/scene_00022/scan_00197/00022_00197_outdoor_230_010.png,7,1,3,768,256,1024,512,58241,5139,78797.0,36620.20873129002,36043.817394173515,576.391337116503,23410.125828619442,23254.067889189282,156.05793943016263,0.02767752015477776,0.02327750469866604,0.9400684917945176,0.27003454680486133
145,outdoor,scene_00022,outdoor/scene_00022/scan_00197,val/outdoor/scene_00022/scan_00197/00022_00197_outdoor_230_010.png,8,2,0,0,512,256,768,64679,5186,85423.0,50788.332501710756,50709.13065450222,79.2018472085315,18534.48495788446,18517.90549932291,16.579458561548908,0.027774510659456228,0.019917709630994138,0.7476541638126117,1.5841978368440794
145,outdoor,scene_00022,outdoor/scene_00022/scan_00197,val/outdoor/scene_00022/scan_00197/00022_00197_outdoor_230_010.png,9,2,1,256,512,512,768,61997,11101,106401.0,59129.64550948788,59400.425919805435,-270.7804103175508,20137.58287157632,20222.76066845326,-85.17779687693917,0.03742374855687003,0.0247572879080139,0.7308362351070541,2.507108392509755
145,outdoor,scene_00022,outdoor/scene_00022/scan_00197,val/outdoor/scene_00022/scan_00197/00022_00197_outdoor_230_010.png,10,2,2,512,512,768,768,62653,6826,89957.0,29328.803925282544,29330.296804586127,-1.4928793035876122,15189.74550707674,15192.217127103275,-2.471620026535515,0.040030705696921624,0.019142122717507083,0.7071272111182618,2.784493395589229
145,outdoor,scene_00022,outdoor/scene_00022/scan_00197,val/outdoor/scene_00022/scan_00197/00022_00197_outdoor_230_010.png,11,2,3,768,512,1024,768,63451,3621,77935.0,18040.736631148193,18028.2568866507,12.479744497495073,12828.79535275387,12814.215663884072,14.579688869798726,0.04429260562932725,0.01745305661973007,0.7777981602921272,2.750029799371266
146,outdoor,scene_00022,outdoor/scene_00022/scan_00197,val/outdoor/scene_00022/scan_00197/00022_00197_outdoor_270_000.png,0,0,0,0,0,256,256,65536,0,65536.0,2507.485225501883,2467.525346845096,39.95987865678735,2507.485225501883,2467.525346845096,39.95987865678735,0.010797217693757263,0.0020018323658601454,0.40282159514430826,0.33051494455084707
146,outdoor,scene_00022,outdoor/scene_00022/scan_00197,val/outdoor/scene_00022/scan_00197/00022_00197_outdoor_270_000.png,1,0,1,256,0,512,256,65417,3363,78869.0,84149.45098711233,83477.77721845917,671.6737686531574,58935.026030616245,58656.16183661435,278.8641940018975,0.010883380950561725,0.006473960660007705,0.28799692788923537,0.13333752144607164
146,outdoor,scene_00022,outdoor/scene_00022/scan_00197,val/outdoor/scene_00022/scan_00197/00022_00197_outdoor_270_000.png,2,0,2,512,0,768,256,65115,5715,87975.0,109998.20105125927,112466.01129201264,-2467.8102407533825,44092.272677407935,44618.03551498407,-525.7628375761276,0.019669764668758104,0.00816594152841374,0.43202112847503543,0.1051985928651292
146,outdoor,scene_00022,outdoor/scene_00022/scan_00197,val/outdoor/scene_00022/scan_00197/00022_00197_outdoor_270_000.png,3,0,3,768,0,1024,256,65459,2410,75099.0,6126.615416537914,5978.230647030663,148.3847695072501,3016.3537946037486,2988.6777297300273,27.676064873721238,0.014327863630342197,0.002844990081691658,0.06646980733948943,2.0749173625997233
146,outdoor,scene_00022,outdoor/scene_00022/scan_00197,val/outdoor/scene_00022/scan_00197/00022_00197_outdoor_270_000.png,4,1,0,0,256,256,512,65410,11163,110062.0,30986.628360250594,30941.31692090413,45.31143934646321,12963.411432228477,12944.68208874563,18.729343482845067,0.019088439216163933,0.013764867035858535,0.6133575834381014,0.8610540037513588
146,outdoor,scene_00022,outdoor/scene_00022/scan_00197,val/outdoor/scene_00022/scan_00197/00022_00197_outdoor_270_000.png,5,1,1,256,256,512,512,65536,6188,90288.0,20415.838123400245,20441.203350630014,-25.365227229771687,13338.406525996623,13356.22696792351,-17.82044192688884,0.015496950974507427,0.01737974168949457,0.6331385758690915,0.27257351125298857
146,outdoor,scene_00022,outdoor/scene_00022/scan_00197,val/outdoor/scene_00022/scan_00197/00022_00197_outdoor_270_000.png,6,1,2,512,256,768,512,64728,16612,131176.0,85095.82509355278,85305.07992672763,-209.2548331748479,24174.530715480985,24200.560582108847,-26.02986662785865,0.024333764239917854,0.015374706850176879,0.716787172904854,0.4335802163672969
146,outdoor,scene_00022,outdoor/scene_00022/scan_00197,val/outdoor/scene_00022/scan_00197/00022_00197_outdoor_270_000.png,7,1,3,768,256,1024,512,64891,20578,147203.0,66153.97382722254,66073.95867841117,80.01514881135495,19251.377598486557,19210.841540068417,40.536058418140186,0.02998485968921022,0.013806896013432027,0.5598198897601929,1.8909901163493006
146,outdoor,scene_00022,outdoor/scene_00022/scan_00197,val/outdoor/scene_00022/scan_00197/00022_00197_outdoor_270_000.png,8,2,0,0,512,256,768,65536,43,65708.0,20724.877219515005,20719.964822751324,4.912396763680799,20682.68879627158,20677.69930137959,4.989494891991047,0.017888586348022782,0.018329180171376833,0.9572677372248541,3.786634650245842
146,outdoor,scene_00022,outdoor/scene_00022/scan_00197,val/outdoor/scene_00022/scan_00197/00022_00197_outdoor_270_000.png,9,2,1,256,512,512,768,65536,1136,70080.0,21624.984469809027,21621.891765199507,3.09270460951819,20558.99553164299,20556.330927121715,2.6646045212777953,0.04253757180393939,0.019326416746409263,0.9524923585510775,3.6512154125448606
146,outdoor,scene_00022,outdoor/scene_00022/scan_00197,val/outdoor/scene_00022/scan_00197/00022_00197_outdoor_270_000.png,10,2,2,512,512,768,768,65530,5526,87634.0,24571.84812203162,24569.30513385641,2.542988175213492,19869.677240641042,19865.98506538111,3.692175259927194,0.050245938266006464,0.019509308665164714,0.9857715001559341,3.6716415574605197
146,outdoor,scene_00022,outdoor/scene_00022/scan_00197,val/outdoor/scene_00022/scan_00197/00022_00197_outdoor_270_000.png,11,2,3,768,512,1024,768,65536,5689,88292.0,24623.876867188214,24620.809140378504,3.0677268097115613,19834.6788385232,19831.750734569545,2.928103953655531,0.04924669495135801,0.01953421157849194,0.9571399546051748,4.009757911461583
147,outdoor,scene_00022,outdoor/scene_00022/scan_00197,val/outdoor/scene_00022/scan_00197/00022_00197_outdoor_280_010.png,0,0,0,0,0,256,256,65496,5264,86552.0,22051.22098687144,21961.38382806872,89.83715880272311,12742.10952284428,12626.344418399582,115.7651044446983,0.020512318309727634,0.009783276231480429,0.4773695232314025,0.5580042142849626
147,outdoor,scene_00022,outdoor/scene_00022/scan_00197,val/outdoor/scene_00022/scan_00197/00022_00197_outdoor_280_010.png,1,0,1,256,0,512,256,65536,565,67796.0,1273.5905043476062,1281.9991087896997,-8.408604442093575,989.2933029710136,999.6104666835947,-10.31716371258118,0.01523013850268791,0.0032758426683772547,0.4438026580481647,1.2526938208812668
147,outdoor,scene_00022,outdoor/scene_00022/scan_00197,val/outdoor/scene_00022/scan_00197/00022_00197_outdoor_280_010.png,2,0,2,512,0,768,256,65466,5214,86322.0,53578.33064773146,53427.52275930006,150.80788843139445,26750.955312306716,26805.222442102022,-54.26712979530621,0.013574660466188052,0.011883276353806954,0.6068558727361509,0.6415912081038133
147,outdoor,scene_00022,outdoor/scene_00022/scan_00197,val/outdoor/scene_00022/scan_00197/00022_00197_outdoor_280_010.png,3,0,3,768,0,1024,256,65469,4303,82681.0,35525.698516753146,36017.311390773095,-491.61287401994974,15177.337946377476,15227.667303950833,-50.32935757335749,0.017009651589094395,0.011700254680465183,0.6241423261229649,0.9976021920207716
147,outdoor,scene_00022,outdoor/scene_00022/scan_00197,val/outdoor/scene_00022/scan_00197/00022_00197_outdoor_280_010.png,4,1,0,0,256,256,512,64955,8106,97379.0,31018.37554420736,30642.54390886159,375.8316353457726,15278.068394838587,15044.757210830001,233.31118400858594,0.01972095961241506,0.016964594660593732,0.5100215712643121,0.737474655348209
147,outdoor,scene_00022,outdoor/scene_00022/scan_00197,val/outdoor/scene_00022/scan_00197/00022_00197_outdoor_280_010.png,5,1,1,256,256,512,512,65534,445,67314.0,2001.4984155615712,1993.089409755278,8.409005806292928,1375.0166286460662,1365.1465900286685,9.87003861739787,0.012040135757443365,0.0035044214145194944,0.55931449746312,0.7531913517712368
147,outdoor,scene_00022,outdoor/scene_00022/scan_00197,val/outdoor/scene_00022/scan_00197/00022_00197_outdoor_280_010.png,6,1,2,512,256,768,512,65414,5205,86234.0,60135.462348950714,59845.91549642377,289.54685252693724,35174.20270467502,35169.13729952644,5.06540514858213,0.011320845506337432,0.010407776997223391,0.4656801557046716,0.539462590651265
147,outdoor,scene_00022,outdoor/scene_00022/scan_00197,val/outdoor/scene_00022/scan_00197/00022_00197_outdoor_280_010.png,7,1,3,768,256,1024,512,65121,4636,83665.0,53593.0113690365,55725.531005247634,-2132.519636211131,20439.91391772699,20916.204823582368,-476.2909058553793,0.019096834630327846,0.012994914219964645,0.6950865735277424,0.5784881012412366
147,outdoor,scene_00022,outdoor/scene_00022/scan_00197,val/outdoor/scene_00022/scan_00197/00022_00197_outdoor_280_010.png,8,2,0,0,512,256,768,64947,9613,103399.0,23309.093808021433,23296.889560362142,12.204247659290958,11156.059677930743,11144.275014267612,11.784663663129766,0.019539552117322508,0.026786493172693375,1.043211421429993,1.330658055709505
147,outdoor,scene_00022,outdoor/scene_00022/scan_00197,val/outdoor/scene_00022/scan_00197/00022_00197_outdoor_280_010.png,9,2,1,256,512,512,768,65423,11146,110007.0,26340.3546692398,26408.75463096978,-68.39996172997462,11737.567273954282,11747.25587193601,-9.688597981729739,0.01867019576184215,0.023131802146624147,0.9100358874563652,1.7043534000221903
147,outdoor,scene_00022,outdoor/scene_00022/scan_00197,val/outdoor/scene_00022/scan_00197/00022_00197_outdoor_280_010.png,10,2,2,512,512,768,768,65536,6205,90356.0,13750.99389196814,13754.26754900012,-3.273657031979992,9454.38995181814,9451.025156130694,3.3647956874482174,0.01624508376048201,0.02607097462855083,0.93927407903782,1.2881442581938194
147,outdoor,scene_00022,outdoor/scene_00022/scan_00197,val/outdoor/scene_00022/scan_00197/00022_00197_outdoor_280_010.png,11,2,3,768,512,1024,768,64578,17645,135158.0,83460.34428204886,83478.6296375175,-18.285355468644084,23211.0295874905,23204.452212663404,6.577374827086705,0.02525420575684756,0.02293488872830205,1.103724091154607,1.610803462983437
148,outdoor,scene_00022,outdoor/scene_00022/scan_00197,val/outdoor/scene_00022/scan_00197/00022_00197_outdoor_310_020.png,0,0,0,0,0,256,256,29167,10814,72423.0,909982.1540386067,891678.4958585915,18303.658180015173,328816.87002474815,322578.1959080506,6238.674116697644,0.0509419354045792,0.07143382971725054,0.8072368194922805,-0.02084681162935517
148,outdoor,scene_00022,outdoor/scene_00022/scan_00197,val/outdoor/scene_00022/scan_00197/00022_00197_outdoor_310_020.png,1,0,1,256,0,512,256,46027,5909,69663.0,318088.7516740168,307436.0219372305,10652.729736786307,135288.16862811733,131003.2882172195,4284.880410897824,0.03196945954927903,0.014991347833807138,0.5894009447632224,-0.025970317178519442
148,outdoor,scene_00022,outdoor/scene_00022/scan_00197,val/outdoor/scene_00022/scan_00197/00022_00197_outdoor_310_020.png,2,0,2,512,0,768,256,65291,2616,75755.0,10322.543398189624,10370.267725460853,-47.724327271229704,6172.2695434402485,6204.610927121499,-32.34138368125059,0.0320649992487572,0.0025591900261431504,0.26606544993656794,1.6381477463532175
148,outdoor,scene_00022,outdoor/scene_00022/scan_00197,val/outdoor/scene_00022/scan_00197/00022_00197_outdoor_310_020.png,3,0,3,768,0,1024,256,65471,572,67759.0,4485.48030691339,4397.89985131432,87.58045559907197,3705.65421402172,3616.8943913542234,88.75982266749634,0.01670458598749858,0.009135161573117398,0.5441505456266267,1.7650422809434212
148,outdoor,scene_00022,outdoor/scene_00022/scan_00197,val/outdoor/scene_00022/scan_00197/00022_00197_outdoor_310_020.png,4,1,0,0,256,256,512,50537,12381,100061.0,143546.63403954072,143169.85826879292,376.7757707478373,43352.37792792893,43230.141506067346,122.23642186159215,0.02868615983562166,0.01789426460418925,0.5177004642413091,0.6024326435176378
148,outdoor,scene_00022,outdoor/scene_00022/scan_00197,val/outdoor/scene_00022/scan_00197/00022_00197_outdoor_310_020.png,5,1,1,256,256,512,512,54855,4660,73495.0,68231.88551899651,67705.00380580666,526.881713189844,32610.025647707254,32304.90985238044,305.11579532681213,0.027496292797230842,0.00909946480474329,0.4569822830332434,0.3981778346804191
148,outdoor,scene_00022,outdoor/scene_00022/scan_00197,val/outdoor/scene_00022/scan_00197/00022_00197_outdoor_310_020.png,6,1,2,512,256,768,512,65235,1575,71535.0,9725.66185854771,9790.406995640426,-64.7451370927157,7480.000777928298,7514.950657677221,-34.94987974892308,0.028664761309767854,0.00359019983895799,0.3518566946463085,1.3094444577659827
148,outdoor,scene_00022,outdoor/scene_00022/scan_00197,val/outdoor/scene_00022/scan_00197/00022_00197_outdoor_310_020.png,7,1,3,768,256,1024,512,65488,504,67504.0,5327.188254981549,5327.761957568185,-0.5737025866348233,4713.427810033661,4710.430448685474,2.99736134818588,0.017500217898799523,0.01095035370212033,0.624386589531677,1.5154620268294157
148,outdoor,scene_00022,outdoor/scene_00022/scan_00197,val/outdoor/scene_00022/scan_00197/00022_00197_outdoor_310_020.png,8,2,0,0,512,256,768,46039,13212,98887.0,135672.07877171578,136204.22217854782,-532.1434068320355,47107.2797589994,47243.92802943835,-136.64827043895366,0.02991312579736486,0.02095848909876338,0.7608753043813601,0.823739029480166
148,outdoor,scene_00022,outdoor/scene_00022/scan_00197,val/outdoor/scene_00022/scan_00197/00022_00197_outdoor_310_020.png,9,2,1,256,512,512,768,52505,7584,82841.0,69666.64171356944,70446.74262325093,-780.1009096815048,36898.87469542356,37420.126015195994,-521.2513197724354,0.024476476124155648,0.03323248237869357,0.7905121352033099,0.8030415317398175
148,outdoor,scene_00022,outdoor/scene_00022/scan_00197,val/outdoor/scene_00022/scan_00197/00022_00197_outdoor_310_020.png,10,2,2,512,512,768,768,62428,5864,85884.0,25357.626794592972,25276.680888775805,80.94590581717193,15590.942302381905,15507.99498856468,82.94731381722681,0.03551935005970602,0.03550919993489382,0.5298254947885829,2.2291611202141994
148,outdoor,scene_00022,outdoor/scene_00022/scan_00197,val/outdoor/scene_00022/scan_00197/00022_00197_outdoor_310_020.png,11,2,3,768,512,1024,768,65193,971,69077.0,8611.57003376184,8549.764746396857,61.80528736498136,7563.82760166435,7503.913328576627,59.91427308772421,0.015932985934731032,0.01472471256270681,0.906575400998518,2.0972208621450448
149,outdoor,scene_00022,outdoor/scene_00022/scan_00197,val/outdoor/scene_00022/scan_00197/00022_00197_outdoor_350_020.png,0,0,0,0,0,256,256,61439,1793,68611.0,40228.23470373726,39685.100040936166,543.1346628010992,27826.859907695725,27880.145480555628,-53.28557285989811,0.04425399650361635,0.05925327796551468,1.2505256223936423,0.751169445501894
149,outdoor,scene_00022,outdoor/scene_00022/scan_00197,val/outdoor/scene_00022/scan_00197/00022_00197_outdoor_350_020.png,1,0,1,256,0,512,256,41000,8968,76872.0,893637.7575357748,760301.2114847767,133336.54605099803,328164.09213309875,280637.38436411985,47526.70776897888,0.06882166204099081,0.07896885715972456,0.9526747110412948,0.2654549168269222
149,outdoor,scene_00022,outdoor/scene_00022/scan_00197,val/outdoor/scene_00022/scan_00197/00022_00197_outdoor_350_020.png,2,0,2,512,0,768,256,31254,7893,62826.0,2397679.4448806252,2300067.2664816766,97612.17839894877,774414.8696530377,746682.8135217597,27732.05613127799,0.05473699809657653,0.03560780170972261,0.602611117436532,0.019639579624279375
149,outdoor,scene_00022,outdoor/scene_00022/scan_00197,val/outdoor/scene_00022/scan_00197/00022_00197_outdoor_350_020.png,3,0,3,768,0,1024,256,35926,6374,61422.0,437791.2629864806,419639.6717525042,18151.5912339765,218244.9033860577,210483.74327181806,7761.160114239655,0.05039639771724476,0.06067913825479135,0.6003397869039914,-0.016459921237588607
149,outdoor,scene_00022,outdoor/scene_00022/scan_00197,val/outdoor/scene_00022/scan_00197/00022_00197_outdoor_350_020.png,4,1,0,0,256,256,512,64983,602,67391.0,15087.744172351473,15359.016223914037,-271.2720515625649,12102.898617999632,12326.371089195778,-223.4724711961469,0.03458258080521428,0.025711589853336003,0.8176928538207425,0.4374263687719189
149,outdoor,scene_00022,outdoor/scene_00022/scan_00197,val/outdoor/scene_00022/scan_00197/00022_00197_outdoor_350_020.png,5,1,1,256,256,512,512,59546,5124,80042.0,209209.37943449046,206338.95609507404,2870.4233394163944,59682.092531554255,58966.40869389289,715.6838376613571,0.04732884999664065,0.014522069561123126,0.3659946858830229,0.4793585189596975
149,outdoor,scene_00022,outdoor/scene_00022/scan_00197,val/outdoor/scene_00022/scan_00197/00022_00197_outdoor_350_020.png,6,1,2,512,256,768,512,54964,3857,70392.0,272373.52229884133,272539.339702693,-165.8174038516347,72990.65914997549,73030.44474314219,-39.7855931666929,0.04039280892920215,0.0010840091188896567,0.13573303100446577,0.5587975460852845
149,outdoor,scene_00022,outdoor/scene_00022/scan_00197,val/outdoor/scene_00022/scan_00197/00022_00197_outdoor_350_020.png,7,1,3,768,256,1024,512,50659,5714,73515.0,109090.43660101693,106160.42268002749,2930.0139209894537,40040.17303574177,38747.99905068623,1292.1739850555446,0.03342812879216778,0.03015564178701582,0.5284731423230498,0.35675675913683225
149,outdoor,scene_00022,outdoor/scene_00022/scan_00197,val/outdoor/scene_00022/scan_00197/00022_00197_outdoor_350_020.png,8,2,0,0,512,256,768,63404,2824,74700.0,47126.00982647611,47032.74952217634,93.26030429977064,25628.65735109483,25574.893406801923,53.76394429290172,0.03368947705191106,0.00663215001673067,0.2872071897129065,0.47967065612552784
149,outdoor,scene_00022,outdoor/scene_00022/scan_00197,val/outdoor/scene_00022/scan_00197/00022_00197_outdoor_350_020.png,9,2,1,256,512,512,768,62986,7888,94538.0,233825.65738808544,234008.35129618773,-182.6939081022476,62566.954102627715,62656.87149115969,-89.9173885319765,0.03329711371278263,0.006813421649958828,0.21911574423410038,0.5794635457066414
149,outdoor,scene_00022,outdoor/scene_00022/scan_00197,val/outdoor/scene_00022/scan_00197/00022_00197_outdoor_350_020.png,10,2,2,512,512,768,768,56757,7761,87801.0,290616.92403223214,289584.47251137724,1032.4515208549158,84871.38753640419,84616.50434711933,254.88318928484807,0.03591117004670636,0.006884774680388958,0.21138887062329767,0.6060407127528091
149,outdoor,scene_00022,outdoor/scene_00022/scan_00197,val/outdoor/scene_00022/scan_00197/00022_00197_outdoor_350_020.png,11,2,3,768,512,1024,768,52323,4524,70419.0,89612.83350464956,90023.34639307566,-410.51288842608625,43445.60343097989,43631.49536861832,-185.89193763842928,0.027276221535370924,0.023247994762740518,0.38740394460373195,0.6924021232829131
150,outdoor,scene_00023,outdoor/scene_00023/scan_00198,val/outdoor/scene_00023/scan_00198/00023_00198_outdoor_000_020.png,0,0,0,0,0,256,256,0,0,0.0,0.0,0.0,0.0,0.0,0.0,0.0,0.006569091820487876,0.0,1e-06,-1.8138793110847473e-06
150,outdoor,scene_00023,outdoor/scene_00023/scan_00198,val/outdoor/scene_00023/scan_00198/00023_00198_outdoor_000_020.png,1,0,1,256,0,512,256,1668,0,1668.0,915.7302174733725,959.5487132518236,-43.81849577845112,915.7302174733725,959.5487132518236,-43.81849577845112,0.008464445463939126,0.0031382305514764744,0.26422162968778323,-0.0006143673829976062
150,outdoor,scene_00023,outdoor/scene_00023/scan_00198,val/outdoor/scene_00023/scan_00198/00023_00198_outdoor_000_020.png,2,0,2,512,0,768,256,270,0,270.0,138.83591911441937,141.89052631007064,-3.054607195651248,138.83591911441937,141.89052631007064,-3.054607195651248,0.006534323898998249,0.0007692163422356015,0.23835055528308263,0.0
150,outdoor,scene_00023,outdoor/scene_00023/scan_00198,val/outdoor/scene_00023/scan_00198/00023_00198_outdoor_000_020.png,3,0,3,768,0,1024,256,0,0,0.0,0.0,0.0,0.0,0.0,0.0,0.0,0.006176972194489301,0.0,1e-06,-1.6451225876808165e-06
150,outdoor,scene_00023,outdoor/scene_00023/scan_00198,val/outdoor/scene_00023/scan_00198/00023_00198_outdoor_000_020.png,4,1,0,0,256,256,512,20792,2426,30496.0,11653.42774271139,12999.232309925213,-1345.8045672138232,10011.228877762309,11310.958073388943,-1299.7291956266358,0.01774752161420126,0.02768779245981226,0.7507070306093805,-0.013393057235801538
150,outdoor,scene_00023,outdoor/scene_00023/scan_00198,val/outdoor/scene_00023/scan_00198/00023_00198_outdoor_000_020.png,5,1,1,256,256,512,512,15520,781,18644.0,29197.40196573617,30902.313672034754,-1704.9117062985827,27935.115417862275,29056.598875928106,-1121.4834580658344,0.03571546040399904,0.117972475918174,0.7481273141865432,0.020567462200387285
150,outdoor,scene_00023,outdoor/scene_00023/scan_00198,val/outdoor/scene_00023/scan_00198/00023_00198_outdoor_000_020.png,6,1,2,512,256,768,512,12629,28,12741.0,42259.516257173156,34973.825237952085,7285.691019221064,42122.84332360262,34853.90999512818,7268.9333284744325,0.035786365870065506,0.07946145868029554,0.6006316097647794,-0.014939140911860863
150,outdoor,scene_00023,outdoor/scene_00023/scan_00198,val/outdoor/scene_00023/scan_00198/00023_00198_outdoor_000_020.png,7,1,3,768,256,1024,512,12028,2,12036.0,17048.256005043713,24649.464423786958,-7601.2084187432465,17044.296257588798,24645.091498577764,-7600.795240988971,0.034463076868028644,0.1266803024849454,0.7338640333746878,0.010049085792597444
150,outdoor,scene_00023,outdoor/scene_00023/scan_00198,val/outdoor/scene_00023/scan_00198/00023_00198_outdoor_000_020.png,8,2,0,0,512,256,768,36498,3251,49502.0,13453.127524388867,13703.064156378543,-249.9366319896788,10310.73762151441,10590.711185693805,-279.9735641793947,0.03335776484335888,0.023205980858823912,0.758371092637333,0.29724579801674406
150,outdoor,scene_00023,outdoor/scene_00023/scan_00198,val/outdoor/scene_00023/scan_00198/00023_00198_outdoor_000_020.png,9,2,1,256,512,512,768,46902,10647,89490.0,36630.98320960051,42366.322708942025,-5735.339499341518,23344.015801983536,27362.397006609972,-4018.3812046264416,0.034352739134050354,0.10828798225057515,0.7979464524249107,0.4974462436155868
150,outdoor,scene_00023,outdoor/scene_00023/scan_00198,val/outdoor/scene_00023/scan_00198/00023_00198_outdoor_000_020.png,10,2,2,512,512,768,768,35277,3773,50369.0,30260.040122722254,40921.30956298348,-10661.269440261225,24609.372485106513,32766.040799950104,-8156.668314843587,0.041520497856977485,0.1673488301382571,0.8749163307773957,0.38747488642475747
150,outdoor,scene_00023,outdoor/scene_00023/scan_00198,val/outdoor/scene_00023/scan_00198/00023_00198_outdoor_000_020.png,11,2,3,768,512,1024,768,34101,620,36581.0,23322.741882443523,23869.601057121963,-546.8591746784432,22501.03482749436,23093.076888001342,-592.0420605069858,0.03989852264560187,0.16214210988535974,0.870693983768273,0.39150365318815306
151,outdoor,scene_00023,outdoor/scene_00023/scan_00198,val/outdoor/scene_00023/scan_00198/00023_00198_outdoor_070_020.png,0,0,0,0,0,256,256,10405,1142,14973.0,5561.465907547162,7852.927332934847,-2291.4614253876853,5062.429493316191,7309.360013549614,-2246.930520233422,0.017381160708884576,0.03684767607690609,0.9861278387231034,0.0028280377822092017
151,outdoor,scene_00023,outdoor/scene_00023/scan_00198,val/outdoor/scene_00023/scan_00198/00023_00198_outdoor_070_020.png,1,0,1,256,0,512,256,40091,1640,46651.0,2812.470153435491,3505.9393391937065,-693.4691857582156,2249.655635981039,2587.5822386906807,-337.92660270964177,0.016699405053649887,0.016835635083506748,0.7790538861411529,0.010522108494622283
151,outdoor,scene_00023,outdoor/scene_00023/scan_00198,val/outdoor/scene_00023/scan_00198/00023_00198_outdoor_070_020.png,2,0,2,512,0,768,256,35362,508,37394.0,3245.6264106358876,3101.218333913872,144.4080767220153,3153.1596365645714,3006.248946987026,146.91068957754445,0.014147475600114435,0.008658586386642013,0.5026132323801699,0.00248057556282356
151,outdoor,scene_00023,outdoor/scene_00023/scan_00198,val/outdoor/scene_00023/scan_00198/00023_00198_outdoor_070_020.png,3,0,3,768,0,1024,256,25292,357,26720.0,3143.8618578359037,3149.7861029036303,-5.924245067726906,3066.7755013877395,3071.492639539857,-4.717138152117892,0.013600083855906489,0.007642013414137268,0.5070454169472076,0.001357719009529782
151,outdoor,scene_00023,outdoor/scene_00023/scan_00198,val/outdoor/scene_00023/scan_00198/00023_00198_outdoor_070_020.png,4,1,0,0,256,256,512,40574,11315,85834.0,16008.597428393843,19072.544783676407,-3063.947355282568,10774.661926820623,11748.35753417472,-973.695607354098,0.029834833479368904,0.0381991777631563,0.8159714585033969,0.08803217370089031
151,outdoor,scene_00023,outdoor/scene_00023/scan_00198,val/outdoor/scene_00023/scan_00198/00023_00198_outdoor_070_020.png,5,1,1,256,256,512,512,65329,2931,77053.0,2939.825629847643,2882.510640067274,57.31498978036943,2146.4757132088125,2099.959072316875,46.51664089193744,0.019631496924822175,0.00995043575451961,0.5108226906409868,0.8902554433392463
151,outdoor,scene_00023,outdoor/scene_00023/scan_00198,val/outdoor/scene_00023/scan_00198/00023_00198_outdoor_070_020.png,6,1,2,512,256,768,512,65389,301,66593.0,1607.874546456653,1676.9530718702754,-69.07852541362246,1559.4201694485846,1628.2341777881932,-68.81400833960849,0.022976846467100714,0.004401907761689326,0.37596187341262977,1.2882827203131404
151,outdoor,scene_00023,outdoor/scene_00023/scan_00198,val/outdoor/scene_00023/scan_00198/00023_00198_outdoor_070_020.png,7,1,3,768,256,1024,512,65452,620,67932.0,3030.1417315740136,3091.422064546997,-61.2803329729831,2894.044440912986,2948.9624291529904,-54.91798824000412,0.022705679806263875,0.004017070955179258,0.3072431507477334,1.2670352669768634
151,outdoor,scene_00023,outdoor/scene_00023/scan_00198,val/outdoor/scene_00023/scan_00198/00023_00198_outdoor_070_020.png,8,2,0,0,512,256,768,54091,15141,114655.0,17285.835834501755,17270.613832227216,15.222002274543161,8173.834801827605,8132.743731476736,41.09107035086822,0.015191532495002873,0.025590176250458896,0.8913353417942482,0.48020353839694924
151,outdoor,scene_00023,outdoor/scene_00023/scan_00198,val/outdoor/scene_00023/scan_00198/00023_00198_outdoor_070_020.png,9,2,1,256,512,512,768,63918,8865,99378.0,13690.82394591792,13668.188410601213,22.635535316708975,8445.82123045472,8386.799269999303,59.02196045541485,0.01944735020936456,0.020517668474937238,0.5471282677929536,1.730509835071053
151,outdoor,scene_00023,outdoor/scene_00023/scan_00198,val/outdoor/scene_00023/scan_00198/00023_00198_outdoor_070_020.png,10,2,2,512,512,768,768,61425,6688,88177.0,9711.696888455714,9780.180929651886,-68.4840411961732,6396.85563306431,6427.588751197728,-30.73311813341799,0.01834738860511207,0.017171327367511806,0.48470633092427495,1.8199934878483033
151,outdoor,scene_00023,outdoor/scene_00023/scan_00198,val/outdoor/scene_00023/scan_00198/00023_00198_outdoor_070_020.png,11,2,3,768,512,1024,768,59992,9206,96816.0,10159.074615011334,10262.637401638996,-103.56278662766455,5760.611295611085,5783.937957164037,-23.326661552951784,0.020512773953242063,0.018083343464823036,0.4927425620644325,1.7164747586363662
152,outdoor,scene_00023,outdoor/scene_00023/scan_00198,val/outdoor/scene_00023/scan_00198/00023_00198_outdoor_190_020.png,0,0,0,0,0,256,256,65536,0,65536.0,1698.4816462583842,1734.499152305982,-36.01750604759752,1698.4816462583842,1734.499152305982,-36.01750604759752,0.00821908214242503,0.0008185735616072854,0.31598294826087,0.9746610608033649
152,outdoor,scene_00023,outdoor/scene_00023/scan_00198,val/outdoor/scene_00023/scan_00198/00023_00198_outdoor_190_020.png,1,0,1,256,0,512,256,65536,0,65536.0,716.5758562434498,715.3298763335848,1.2459799098650755,716.5758562434498,715.3298763335848,1.2459799098650755,0.008249629254475034,0.0007615014481373917,0.11064724529279404,1.7598275092712277
152,outdoor,scene_00023,outdoor/scene_00023/scan_00198,val/outdoor/scene_00023/scan_00198/00023_00198_outdoor_190_020.png,2,0,2,512,0,768,256,65536,0,65536.0,1093.6387658328097,1091.5723248894105,2.066440943399226,1093.6387658328097,1091.5723248894105,2.066440943399226,0.006929140878667899,0.0006634059524939817,0.043175334511015254,2.070812607817745
152,outdoor,scene_00023,outdoor/scene_00023/scan_00198,val/outdoor/scene_00023/scan_00198/00023_00198_outdoor_190_020.png,3,0,3,768,0,1024,256,50249,1736,57193.0,37708.10881812319,38127.48653843769,-419.377720314512,23631.135537349615,23709.941030456128,-78.805493106514,0.03163924514866691,0.010487937910786256,0.41567049591709776,0.29403072560801397
152,outdoor,scene_00023,outdoor/scene_00023/scan_00198,val/outdoor/scene_00023/scan_00198/00023_00198_outdoor_190_020.png,4,1,0,0,256,256,512,65536,5457,87364.0,3052.9226514007646,2914.1917081715123,138.7309432292518,2115.634840310324,2058.6846481297157,56.95019218060852,0.008135781567138836,0.002431125216703063,0.10420415800054392,1.6869612782723844
152,outdoor,scene_00023,outdoor/scene_00023/scan_00198,val/outdoor/scene_00023/scan_00198/00023_00198_outdoor_190_020.png,5,1,1,256,256,512,512,65536,5598,87928.0,2582.121531083849,2440.0920692330847,142.029461850764,2043.9884038948635,1999.4846256471344,44.50377824772906,0.008527147700176842,0.002334018073951214,0.08990507118224064,1.7945494316398178
152,outdoor,scene_00023,outdoor/scene_00023/scan_00198,val/outdoor/scene_00023/scan_00198/00023_00198_outdoor_190_020.png,6,1,2,512,256,768,512,65536,5626,88040.0,2644.472557303265,2707.530762776869,-63.05820547360371,2166.608106945981,2189.130506691523,-22.52239974554182,0.007968826829869187,0.0025447130738133995,0.3035840479564174,0.8913176516819604
152,outdoor,scene_00023,outdoor/scene_00023/scan_00198,val/outdoor/scene_00023/scan_00198/00023_00198_outdoor_190_020.png,7,1,3,768,256,1024,512,54384,15622,116872.0,106374.2873912556,120444.79471317596,-14070.50732192036,57231.02822092699,63890.09561992304,-6659.067398996038,0.033145292472142436,0.018236863072011437,0.5276789418577283,0.010330497674528557
152,outdoor,scene_00023,outdoor/scene_00023/scan_00198,val/outdoor/scene_00023/scan_00198/00023_00198_outdoor_190_020.png,8,2,0,0,512,256,768,61072,3903,76684.0,10490.865187339601,10908.438085017557,-417.5728976779561,6635.795464172402,7099.870210597148,-464.0747464247466,0.011471095489980107,0.025646149051069846,1.129223066273236,1.4265291097248838
152,outdoor,scene_00023,outdoor/scene_00023/scan_00198,val/outdoor/scene_00023/scan_00198/00023_00198_outdoor_190_020.png,9,2,1,256,512,512,768,64190,5378,85702.0,4362.704495880584,4384.493776322066,-21.78928044148296,2625.0057262907503,2621.6321567072755,3.373569583474424,0.008516755675317048,0.026660834655383072,0.9977535649009911,1.7984868665733784
152,outdoor,scene_00023,outdoor/scene_00023/scan_00198,val/outdoor/scene_00023/scan_00198/00023_00198_outdoor_190_020.png,10,2,2,512,512,768,768,63129,7724,94025.0,4326.912676356758,5488.865691403436,-1161.9530150466783,2739.676477484547,3254.516366558879,-514.8398890743315,0.00895853054276429,0.027404050853582194,1.1812956137056918,0.5501019319764147
152,outdoor,scene_00023,outdoor/scene_00023/scan_00198,val/outdoor/scene_00023/scan_00198/00023_00198_outdoor_190_020.png,11,2,3,768,512,1024,768,53444,22900,145044.0,135812.92105156565,120241.11347823334,15571.807573332306,61146.86930655129,53673.792938452956,7473.0763680983355,0.023191000172580706,0.03650104668167428,0.9463907064270709,-0.19098792981578527
153,outdoor,scene_00023,outdoor/scene_00023/scan_00198,val/outdoor/scene_00023/scan_00198/00023_00198_outdoor_220_010.png,0,0,0,0,0,256,256,65536,30,65656.0,22743.841429194694,22797.419263631655,-53.57783443696269,22712.462832960773,22766.040701565602,-53.57786860482701,0.008801147487878094,0.0011223511057856825,0.12269981697331564,0.23824915065596047
153,outdoor,scene_00023,outdoor/scene_00023/scan_00198,val/outdoor/scene_00023/scan_00198/00023_00198_outdoor_220_010.png,1,0,1,256,0,512,256,65536,3814,80792.0,11479.889171330475,11393.95695905147,85.93221227900678,7794.532568742059,7757.781258691429,36.751310050630686,0.008552905494186051,0.001838793006239326,0.14156848441213124,0.32505104919263295
153,outdoor,scene_00023,outdoor/scene_00023/scan_00198,val/outdoor/scene_00023/scan_00198/00023_00198_outdoor_220_010.png,2,0,2,512,0,768,256,65536,5350,86936.0,5644.402499781882,5650.424167246501,-6.021667464620194,3169.8073763569373,3191.6887790933124,-21.881402736375215,0.008911729515388912,0.0020854943457513254,0.14362635667724555,0.5400880623858922
153,outdoor,scene_00023,outdoor/scene_00023/scan_00198,val/outdoor/scene_00023/scan_00198/00023_00198_outdoor_220_010.png,3,0,3,768,0,1024,256,65536,5991,89500.0,5121.352449036164,5298.319993360417,-176.9675443242524,4074.686679376541,4152.281568939972,-77.59488956343071,0.007857067863597397,0.0023060217608604386,0.16173541229074892,0.7047158977483396
153,outdoor,scene_00023,outdoor/scene_00023/scan_00198,val/outdoor/scene_00023/scan_00198/00023_00198_outdoor_220_010.png,4,1,0,0,256,256,512,62700,12870,114180.0,68254.78426748233,67278.1249215543,976.6593459280239,45169.51243482919,44503.24685588115,666.2655789480343,0.01385900216759383,0.01701273109375104,0.5463864345030032,0.08460100424110734
153,outdoor,scene_00023,outdoor/scene_00023/scan_00198,val/outdoor/scene_00023/scan_00198/00023_00198_outdoor_220_010.png,5,1,1,256,256,512,512,61870,4794,81046.0,31557.39315310061,30376.198124121933,1181.1950289786755,24251.37273495565,23224.494297313773,1026.8784376418755,0.009567807428567447,0.014602442862442484,0.6185734102652866,0.22849066095672046
153,outdoor,scene_00023,outdoor/scene_00023/scan_00198,val/outdoor/scene_00023/scan_00198/00023_00198_outdoor_220_010.png,6,1,2,512,256,768,512,57424,7177,86132.0,24491.195840211913,23448.049179055986,1043.1466611559274,13628.957024493367,12930.074146656527,698.8828778368396,0.009729156610795408,0.018571350564680247,0.6187873710332822,0.36331743134831473
153,outdoor,scene_00023,outdoor/scene_00023/scan_00198,val/outdoor/scene_00023/scan_00198/00023_00198_outdoor_220_010.png,7,1,3,768,256,1024,512,61820,3889,77376.0,12071.051680802402,12357.4056276454,-286.35394684299956,7560.805700196672,7895.184860299913,-334.37916010324113,0.00998926638437362,0.015353908233923168,0.6226247327013797,0.7391382829879355
153,outdoor,scene_00023,outdoor/scene_00023/scan_00198,val/outdoor/scene_00023/scan_00198/00023_00198_outdoor_220_010.png,8,2,0,0,512,256,768,62527,7556,92751.0,35300.54461895366,35265.810509902054,34.73410905160769,23711.939629809633,23699.077970297447,12.861659512181864,0.018580100033534483,0.009788502330892903,0.5728559693836506,2.2341114902094064
153,outdoor,scene_00023,outdoor/scene_00023/scan_00198,val/outdoor/scene_00023/scan_00198/00023_00198_outdoor_220_010.png,9,2,1,256,512,512,768,58964,5997,82952.0,31519.725782588735,31460.71791947403,59.0078631147087,22217.61613687945,22223.224185010466,-5.60804813101719,0.01853736613954861,0.012738218409764045,0.7030859635004781,2.0523191319600365
153,outdoor,scene_00023,outdoor/scene_00023/scan_00198,val/outdoor/scene_00023/scan_00198/00023_00198_outdoor_220_010.png,10,2,2,512,512,768,768,54570,4512,72618.0,28523.403398161645,28518.256017583077,5.147380578566349,21337.019829436515,21338.163599998912,-1.1437705623959449,0.01545952649416556,0.007213336753495991,0.6215978204092815,2.850174682709597
153,outdoor,scene_00023,outdoor/scene_00023/scan_00198,val/outdoor/scene_00023/scan_00198/00023_00198_outdoor_220_010.png,11,2,3,768,512,1024,768,64721,12682,115449.0,40053.43263467507,40210.76128946067,-157.3286547856044,23280.550187886438,23303.789344183697,-23.239156297260738,0.013891045014753056,0.03422677156535196,1.0576406669426528,1.4758009169834023
154,outdoor,scene_00023,outdoor/scene_00023/scan_00198,val/outdoor/scene_00023/scan_00198/00023_00198_outdoor_230_000.png,0,0,0,0,0,256,256,63366,5909,87002.0,82746.09214562894,80679.20073644503,2066.8914091839233,65302.154906509415,63861.666660299044,1440.4882462103708,0.01121531768993027,0.012367406004471573,0.44120838576017196,0.23984144851011316
154,outdoor,scene_00023,outdoor/scene_00023/scan_00198,val/outdoor/scene_00023/scan_00198/00023_00198_outdoor_230_000.png,1,0,1,256,0,512,256,63942,10974,107838.0,46271.439157599336,46465.109536586126,-193.67037898679328,33311.01790905568,33042.933924297766,268.0839847579154,0.013423862101068117,0.01503845877791231,0.43311243541597155,0.3763545213307128
154,outdoor,scene_00023,outdoor/scene_00023/scan_00198,val/outdoor/scene_00023/scan_00198/00023_00198_outdoor_230_000.png,2,0,2,512,0,768,256,63115,5445,84895.0,25377.45675144148,25258.897340143016,118.5594112984685,20461.551401657176,20273.418460164452,188.13294149272488,0.008643999184087096,0.012581809165415958,0.5654546889561716,0.5210871386744813
154,outdoor,scene_00023,outdoor/scene_00023/scan_00198,val/outdoor/scene_00023/scan_00198/00023_00198_outdoor_230_000.png,3,0,3,768,0,1024,256,62540,5909,86176.0,14531.37916052237,13620.83943007536,910.5397304470093,12081.908005981244,11489.95836402816,591.9496419530842,0.00844238454535368,0.017596059365583817,0.6064645466295044,1.0384365157071196
154,outdoor,scene_00023,outdoor/scene_00023/scan_00198,val/outdoor/scene_00023/scan_00198/00023_00198_outdoor_230_000.png,4,1,0,0,256,256,512,63186,10699,105982.0,3681.688357787196,3973.9959967696213,-292.3076389824256,1783.813448356701,1803.4577082062478,-19.644259849547097,0.020032981629639512,0.012151245235434495,0.6470850539267388,0.7876771541877842
154,outdoor,scene_00023,outdoor/scene_00023/scan_00198,val/outdoor/scene_00023/scan_00198/00023_00198_outdoor_230_000.png,5,1,1,256,256,512,512,61712,7440,91472.0,4143.120494006927,4190.385691225136,-47.265197218208975,2424.266060216478,2425.106632245007,-0.840572028529702,0.01951407278573567,0.010776085025366186,0.7041844884417161,0.8133249531442835
154,outdoor,scene_00023,outdoor/scene_00023/scan_00198,val/outdoor/scene_00023/scan_00198/00023_00198_outdoor_230_000.png,6,1,2,512,256,768,512,56011,5878,79523.0,4603.911878193784,4436.22318411402,167.68869407976374,3304.8318569474523,3229.6309116989682,75.20094524848378,0.016363584293073462,0.013651036342633803,0.7156575654497334,1.483595963576948
154,outdoor,scene_00023,outdoor/scene_00023/scan_00198,val/outdoor/scene_00023/scan_00198/00023_00198_outdoor_230_000.png,7,1,3,768,256,1024,512,49970,3591,64334.0,6023.3397706360565,6010.872787545692,12.466983090363525,4438.998508830959,4430.109252525532,8.889256305425974,0.014612075592413221,0.007158542832750585,0.5208642098637281,3.31510277314792
154,outdoor,scene_00023,outdoor/scene_00023/scan_00198,val/outdoor/scene_00023/scan_00198/00023_00198_outdoor_230_000.png,8,2,0,0,512,256,768,65487,6755,92507.0,2493.5018815014264,2750.6452678057394,-257.1433863043133,1669.0333267562592,1735.7124448637774,-66.67911810751808,0.022177828302623156,0.013386208001693404,0.6128747858554651,2.8537740853419504
154,outdoor,scene_00023,outdoor/scene_00023/scan_00198,val/outdoor/scene_00023/scan_00198/00023_00198_outdoor_230_000.png,9,2,1,256,512,512,768,64749,5820,88029.0,2980.179730317691,3057.621549680185,-77.4418193624947,1794.9909809429814,1815.4741781110752,-20.483197168093646,0.02391761771294626,0.014468606793127264,0.707486717553681,2.699285511473218
154,outdoor,scene_00023,outdoor/scene_00023/scan_00198,val/outdoor/scene_00023/scan_00198/00023_00198_outdoor_230_000.png,10,2,2,512,512,768,768,62814,2705,73634.0,2979.2220656490763,2923.2340766035395,55.98798904553675,2303.542236630255,2279.689425308975,23.85281132128003,0.021529497794356766,0.011018952319611296,0.4730022213666679,4.275635052659906
154,outdoor,scene_00023,outdoor/scene_00023/scan_00198,val/outdoor/scene_00023/scan_00198/00023_00198_outdoor_230_000.png,11,2,3,768,512,1024,768,65468,3098,77860.0,2263.282885720287,2217.6790846400627,45.603801080224464,1885.9092511007452,1857.0301376379841,28.879113462761268,0.01969672827310973,0.011966703435489258,0.4254168304224072,4.517779770050119
155,outdoor,scene_00023,outdoor/scene_00023/scan_00198,val/outdoor/scene_00023/scan_00198/00023_00198_outdoor_250_030.png,0,0,0,0,0,256,256,124,0,124.0,3005.6818859597056,3005.6818859597056,0.0,3005.6818859597056,3005.6818859597056,0.0,0.006828674872337279,0.0,1e-06,-3.698933482170105e-06
155,outdoor,scene_00023,outdoor/scene_00023/scan_00198,val/outdoor/scene_00023/scan_00198/00023_00198_outdoor_250_030.png,1,0,1,256,0,512,256,2188,6,2212.0,65107.571166769005,65107.571166769005,0.0,64320.812560337676,64320.812560337676,0.0,0.013374900132002076,0.0,0.0012408012005588448,-0.003813932090753031
155,outdoor,scene_00023,outdoor/scene_00023/scan_00198,val/outdoor/scene_00023/scan_00198/00023_00198_outdoor_250_030.png,2,0,2,512,0,768,256,16524,451,18328.0,73006.4545895647,73951.6837579797,-945.2291684149877,70020.57396953582,70953.29261864297,-932.7186491071463,0.015184905741819861,0.018794738928384035,0.6618982612661461,-1.1558630460035126
155,outdoor,scene_00023,outdoor/scene_00023/scan_00198,val/outdoor/scene_00023/scan_00198/00023_00198_outdoor_250_030.png,3,0,3,768,0,1024,256,61354,2824,72650.0,12640.589896198298,16003.044259984965,-3362.4543637866655,6425.078040511367,7294.216105785245,-869.1380652738776,0.013137356771259245,0.04798774269037576,0.5997572116746394,0.7063373473909813
155,outdoor,scene_00023,outdoor/scene_00023/scan_00198,val/outdoor/scene_00023/scan_00198/00023_00198_outdoor_250_030.png,4,1,0,0,256,256,512,178,14,234.0,5015.15538038331,5015.15538038331,0.0,3828.0004291609866,3828.0004291609866,0.0,0.00944506009144384,0.0,0.0014486789945570694,-0.003972600030313126
155,outdoor,scene_00023,outdoor/scene_00023/scan_00198,val/outdoor/scene_00023/scan_00198/00023_00198_outdoor_250_030.png,5,1,1,256,256,512,512,17007,3222,29895.0,32901.551709404215,32064.09386852792,837.457840876285,27343.374710473043,26542.315138277765,801.0595721952761,0.016886375032011812,0.01827832218992959,0.7471464705836188,0.0034592911450667804
155,outdoor,scene_00023,outdoor/scene_00023/scan_00198,val/outdoor/scene_00023/scan_00198/00023_00198_outdoor_250_030.png,6,1,2,512,256,768,512,61460,1472,67348.0,5593.827274739763,4802.475244544189,791.3520301955739,4228.5797393151515,3427.5739975968454,801.0057417183061,0.01291357762509785,0.03820436474606235,0.5380288497413256,0.1643037608084664
155,outdoor,scene_00023,outdoor/scene_00023/scan_00198,val/outdoor/scene_00023/scan_00198/00023_00198_outdoor_250_030.png,7,1,3,768,256,1024,512,65536,50,65736.0,1245.4286306240715,1244.557820604682,0.8708100193890913,1243.1082264811932,1242.259965895732,0.8482605854612244,0.008617665415916366,0.004239469906278166,0.2460188432116026,2.2000768025648942
155,outdoor,scene_00023,outdoor/scene_00023/scan_00198,val/outdoor/scene_00023/scan_00198/00023_00198_outdoor_250_030.png,8,2,0,0,512,256,768,10293,3990,26253.0,35777.334951205296,36943.234204761065,-1165.8992535557613,17954.63793726116,18182.0550687929,-227.4171315317406,0.02249380516280949,0.013640908319907325,0.5797559779617084,-0.0027923507772071336
155,outdoor,scene_00023,outdoor/scene_00023/scan_00198,val/outdoor/scene_00023/scan_00198/00023_00198_outdoor_250_030.png,9,2,1,256,512,512,768,61948,25124,162444.0,9166.793499800691,10483.02965365793,-1316.2361538572372,3145.794660261893,3371.6880686024638,-225.89340834057066,0.010761983805502402,0.016155080118268796,0.539099037509525,0.17196602275502243
155,outdoor,scene_00023,outdoor/scene_00023/scan_00198,val/outdoor/scene_00023/scan_00198/00023_00198_outdoor_250_030.png,10,2,2,512,512,768,768,65536,1184,70272.0,3386.1380607845167,3384.611921084345,1.5261397001722807,3114.4564319756755,3112.6533587356043,1.8030732400708471,0.007738780854442826,0.004314727973134045,0.2747611140466102,1.4962122144966548
155,outdoor,scene_00023,outdoor/scene_00023/scan_00198,val/outdoor/scene_00023/scan_00198/00023_00198_outdoor_250_030.png,11,2,3,768,512,1024,768,65536,4413,83188.0,5832.449070618485,5782.334116850583,50.11495376790246,4234.209821591652,4251.759129663771,-17.54930807211838,0.009142748209737865,0.005437697470448925,0.27508354277509767,2.3930765275961448
156,outdoor,scene_00023,outdoor/scene_00023/scan_00198,val/outdoor/scene_00023/scan_00198/00023_00198_outdoor_270_010.png,0,0,0,0,0,256,256,846,131,1370.0,6824.850786626224,7126.548896526439,-301.69810990021523,4422.540402457969,4568.104581017886,-145.56417855991646,0.008749494752123898,0.002298477746143268,0.17060656034099722,-7.072180405487723e-05
156,outdoor,scene_00023,outdoor/scene_00023/scan_00198,val/outdoor/scene_00023/scan_00198/00023_00198_outdoor_270_010.png,1,0,1,256,0,512,256,2158,489,4114.0,22862.753740162912,23484.61935278116,-621.8656126182491,12150.992737378114,12390.865515944324,-239.8727785662125,0.012497518098813316,0.0035532994426384673,0.4245329766139935,-0.00038036138367876927
156,outdoor,scene_00023,outdoor/scene_00023/scan_00198,val/outdoor/scene_00023/scan_00198/00023_00198_outdoor_270_010.png,2,0,2,512,0,768,256,11208,1012,15256.0,9711.444029782931,11041.732130022838,-1330.288100239906,6170.777787750116,6790.945673765527,-620.167886015412,0.018531040370249975,0.01849446414198061,0.5052895290493825,0.01686375795378173
156,outdoor,scene_00023,outdoor/scene_00023/scan_00198,val/outdoor/scene_00023/scan_00198/00023_00198_outdoor_270_010.png,3,0,3,768,0,1024,256,62699,152,63307.0,4004.934833918581,4585.711521566928,-580.7766876483473,3766.662661947845,4394.313736904031,-627.6510749561862,0.010816149414849253,0.031073169684866626,0.2962739189604042,0.6477953045840036
156,outdoor,scene_00023,outdoor/scene_00023/scan_00198,val/outdoor/scene_00023/scan_00198/00023_00198_outdoor_270_010.png,4,1,0,0,256,256,512,32218,6327,57526.0,29019.677114033628,27746.333668049865,1273.3434459837586,13755.575091569855,13099.453028442913,656.1220631269406,0.02799221452309069,0.021018248741089634,0.6555727446265265,0.05123362394914918
156,outdoor,scene_00023,outdoor/scene_00023/scan_00198,val/outdoor/scene_00023/scan_00198/00023_00198_outdoor_270_010.png,5,1,1,256,256,512,512,36095,14758,95127.0,36499.55212191357,34316.73314971314,2182.818972200431,16223.110241601542,15357.263649316781,865.84659228476,0.037613467633320775,0.014544837439918055,0.4508012647042934,0.028293058927087413
156,outdoor,scene_00023,outdoor/scene_00023/scan_00198,val/outdoor/scene_00023/scan_00198/00023_00198_outdoor_270_010.png,6,1,2,512,256,768,512,38611,7644,69187.0,19270.967713227335,17927.882075812788,1343.0856374145453,9307.152017932418,8564.154455216145,742.997562716272,0.033039487968613016,0.02026070682974301,0.6142500406040431,0.11802416641881906
156,outdoor,scene_00023,outdoor/scene_00023/scan_00198,val/outdoor/scene_00023/scan_00198/00023_00198_outdoor_270_010.png,7,1,3,768,256,1024,512,54718,4448,72510.0,5429.074426560766,5219.216099434478,209.85832712628888,3799.8296993604217,3683.3895435501313,116.44015581029022,0.019193948532743994,0.015584275214015265,0.6527710869755858,0.7105319254370784
156,outdoor,scene_00023,outdoor/scene_00023/scan_00198,val/outdoor/scene_00023/scan_00198/00023_00198_outdoor_270_010.png,8,2,0,0,512,256,768,65284,3137,77832.0,1899.6255066935064,1879.2058257645404,20.419680928966038,1179.4620938435667,1178.4085347311207,1.0535591124459325,0.012950600462673302,0.019706816041884172,0.8192044652631109,1.4783659970095877
156,outdoor,scene_00023,outdoor/scene_00023/scan_00198,val/outdoor/scene_00023/scan_00198/00023_00198_outdoor_270_010.png,9,2,1,256,512,512,768,65536,5480,87456.0,2720.476694802611,2714.8467610661373,5.629933736473095,1512.8756902952198,1509.4735153567196,3.4021749385000977,0.012505894120939566,0.021287506671934547,0.7291799362710607,1.1311682286750175
156,outdoor,scene_00023,outdoor/scene_00023/scan_00198,val/outdoor/scene_00023/scan_00198/00023_00198_outdoor_270_010.png,10,2,2,512,512,768,768,65023,3567,79291.0,2567.6446349096336,2638.0257919299884,-70.38115702035485,2028.8964532888217,2047.6318797431986,-18.735426454377127,0.016506938464224102,0.01879535595944406,0.8789267412698109,1.3437875370517671
156,outdoor,scene_00023,outdoor/scene_00023/scan_00198,val/outdoor/scene_00023/scan_00198/00023_00198_outdoor_270_010.png,11,2,3,768,512,1024,768,64055,2614,74511.0,4377.694650524977,4499.02424734064,-121.32959681566294,3650.8725261874233,3758.8485105481323,-107.97598436070952,0.023659923994419886,0.022337548488471894,0.7714685172408403,3.55760536866891
157,outdoor,scene_00023,outdoor/scene_00023/scan_00198,val/outdoor/scene_00023/scan_00198/00023_00198_outdoor_300_010.png,0,0,0,0,0,256,256,1108,17,1176.0,741.5143714306088,705.6117148229538,35.90265660765499,719.5013202789069,680.2313725420368,39.26994773687008,0.01611987095270921,0.030519476824695038,1.029007008635765,0.006585135439458278
157,outdoor,scene_00023,outdoor/scene_00023/scan_00198,val/outdoor/scene_00023/scan_00198/00023_00198_outdoor_300_010.png,1,0,1,256,0,512,256,373,16,437.0,193.80840702443214,214.75610197885987,-20.94769495442774,171.95595134554753,187.51122378849607,-15.555272442948525,0.00855065978062269,0.0013276922506525017,0.9133366140818843,-0.0040074601253121634
157,outdoor,scene_00023,outdoor/scene_00023/scan_00198,val/outdoor/scene_00023/scan_00198/00023_00198_outdoor_300_010.png,2,0,2,512,0,768,256,0,0,0.0,0.0,0.0,0.0,0.0,0.0,0.0,0.005770018746451819,0.0,0.48490556645710453,0.0
157,outdoor,scene_00023,outdoor/scene_00023/scan_00198,val/outdoor/scene_00023/scan_00198/00023_00198_outdoor_300_010.png,3,0,3,768,0,1024,256,1092,209,1928.0,7772.059162825034,7589.39105655244,182.66810627259434,4693.733508593933,4536.28055609444,157.4529524994927,0.010363805697458876,0.0026942712785333277,0.21087803879574882,-5.6709288702056106e-05
157,outdoor,scene_00023,outdoor/scene_00023/scan_00198,val/outdoor/scene_00023/scan_00198/00023_00198_outdoor_300_010.png,4,1,0,0,256,256,512,30501,3877,46009.0,11268.852423078266,10938.090251084497,330.7621719937681,5341.15872160475,5131.448080792472,209.71064081227814,0.046200180989463234,0.03805110674239521,0.6930982097144199,1.0179981793668578
157,outdoor,scene_00023,outdoor/scene_00023/scan_00198,val/outdoor/scene_00023/scan_00198/00023_00198_outdoor_300_010.png,5,1,1,256,256,512,512,21911,2008,29943.0,5661.0835520407145,5701.655643601593,-40.57209156087916,3913.375975331674,3935.3493370607057,-21.973361729031964,0.041836900595043865,0.020442884075580117,0.6792225355065067,0.37011216796641233
157,outdoor,scene_00023,outdoor/scene_00023/scan_00198,val/outdoor/scene_00023/scan_00198/00023_00198_outdoor_300_010.png,6,1,2,512,256,768,512,27121,2982,39049.0,5265.944860980901,5289.764384883756,-23.819523902856012,3650.8342600110773,3725.443449195032,-74.6091891839539,0.024336685054445657,0.02038279996389864,0.6752763252329841,0.07374153769508207
157,outdoor,scene_00023,outdoor/scene_00023/scan_00198,val/outdoor/scene_00023/scan_00198/00023_00198_outdoor_300_010.png,7,1,3,768,256,1024,512,35804,9479,73720.0,36845.44503457138,35487.08595959846,1358.3590749729192,16431.68990428194,15791.84992826217,639.8399760197713,0.03154641344593051,0.01708164896210316,0.5910409739975833,0.05742646705380775
157,outdoor,scene_00023,outdoor/scene_00023/scan_00198,val/outdoor/scene_00023/scan_00198/00023_00198_outdoor_300_010.png,8,2,0,0,512,256,768,65472,1616,71936.0,1825.185763898798,1849.1105329113868,-23.924769012588797,1596.579249950197,1599.260572097181,-2.6813221469839803,0.018075230557553737,0.015360526881104017,0.5703279796274858,3.6561099904590204
157,outdoor,scene_00023,outdoor/scene_00023/scan_00198,val/outdoor/scene_00023/scan_00198/00023_00198_outdoor_300_010.png,9,2,1,256,512,512,768,65432,1965,73292.0,1561.173002698954,1646.7353938278804,-85.56239112892699,1171.6294597871317,1207.261354785162,-35.631894998030475,0.013121616259579777,0.018088476644780707,0.7242360432228316,2.3012720365132306
157,outdoor,scene_00023,outdoor/scene_00023/scan_00198,val/outdoor/scene_00023/scan_00198/00023_00198_outdoor_300_010.png,10,2,2,512,512,768,768,64441,2730,75361.0,2037.9623616005492,2010.2338828319475,27.728478768601136,1578.9336458397643,1574.2461172806807,4.687528559083582,0.014799326866021055,0.016757836871735772,0.7340815551005139,2.1216511200728165
157,outdoor,scene_00023,outdoor/scene_00023/scan_00198,val/outdoor/scene_00023/scan_00198/00023_00198_outdoor_300_010.png,11,2,3,768,512,1024,768,65520,12882,117048.0,4913.418361022726,4871.425886027584,41.992474995140654,2475.8248262681645,2453.370279010711,22.45454725745357,0.012901335554200078,0.020459656290723088,0.7287996415013421,1.4942629808001961
158,outdoor,scene_00023,outdoor/scene_00023/scan_00198,val/outdoor/scene_00023/scan_00198/00023_00198_outdoor_310_020.png,0,0,0,0,0,256,256,174,0,174.0,113.75941665354759,113.83765080641332,-0.0782341528657435,113.75941665354759,113.83765080641332,-0.0782341528657435,0.007267158296295628,0.0019474865623429825,0.31243758178295955,-0.0005308038596457103
158,outdoor,scene_00023,outdoor/scene_00023/scan_00198,val/outdoor/scene_00023/scan_00198/00023_00198_outdoor_310_020.png,1,0,1,256,0,512,256,10,0,10.0,6.824235430373821,6.824208262249441,2.7168124378529335e-05,6.824235430373821,6.824208262249441,2.7168124378529335e-05,0.007891129539615079,0.0042797538853874,0.26540557630978534,-0.0025521677038099237
158,outdoor,scene_00023,outdoor/scene_00023/scan_00198,val/outdoor/scene_00023/scan_00198/00023_00198_outdoor_310_020.png,2,0,2,512,0,768,256,0,0,0.0,0.0,0.0,0.0,0.0,0.0,0.0,0.007060763100288286,0.0,8.044393739229729e-06,-6.6569467756502025e-06
158,outdoor,scene_00023,outdoor/scene_00023/scan_00198,val/outdoor/scene_00023/scan_00198/00023_00198_outdoor_310_020.png,3,0,3,768,0,1024,256,0,0,0.0,0.0,0.0,0.0,0.0,0.0,0.0,0.007321302705082203,0.0,1e-06,-1.902986228466034e-06
158,outdoor,scene_00023,outdoor/scene_00023/scan_00198,val/outdoor/scene_00023/scan_00198/00023_00198_outdoor_310_020.png,4,1,0,0,256,256,512,3536,0,3536.0,3529.277125224655,3041.663872026059,487.6132531985959,3529.277125224655,3041.663872026059,487.6132531985959,0.02898929479635838,0.10662080546958158,0.9923145273243721,0.006159974403407802
158,outdoor,scene_00023,outdoor/scene_00023/scan_00198,val/outdoor/scene_00023/scan_00198/00023_00198_outdoor_310_020.png,5,1,1,256,256,512,512,1353,0,1353.0,1752.227866103641,1406.7522500819598,345.4756160216808,1752.227866103641,1406.7522500819598,345.4756160216808,0.021193716042505147,0.0355132483553603,0.8185839355370452,0.02316564466225159
158,outdoor,scene_00023,outdoor/scene_00023/scan_00198,val/outdoor/scene_00023/scan_00198/00023_00198_outdoor_310_020.png,6,1,2,512,256,768,512,598,0,598.0,301.4132525313472,364.92109572631614,-63.50784319496887,301.4132525313472,364.92109572631614,-63.50784319496887,0.011002765673676279,0.004071279508332849,0.7285893037789292,-4.948624309688603e-05
158,outdoor,scene_00023,outdoor/scene_00023/scan_00198,val/outdoor/scene_00023/scan_00198/00023_00198_outdoor_310_020.png,7,1,3,768,256,1024,512,0,0,0.0,0.0,0.0,0.0,0.0,0.0,0.0,0.005917235401563783,0.00011795988794951073,0.43165314390380033,0.0
158,outdoor,scene_00023,outdoor/scene_00023/scan_00198,val/outdoor/scene_00023/scan_00198/00023_00198_outdoor_310_020.png,8,2,0,0,512,256,768,40976,10676,83680.0,39809.40465741164,33643.97085460973,6165.4338028019065,17022.436730037873,14490.528710217743,2531.9080198201264,0.05202901275389908,0.1989099284333566,1.1247275945389044,0.20594538373710902
158,outdoor,scene_00023,outdoor/scene_00023/scan_00198,val/outdoor/scene_00023/scan_00198/00023_00198_outdoor_310_020.png,9,2,1,256,512,512,768,34413,2084,42749.0,12818.164430963725,11584.538763196022,1233.6256677677015,7397.110905488118,6612.457570081029,784.6533354070885,0.042624671197948986,0.04738888468606784,0.7821688600253943,0.4941368298673921
158,outdoor,scene_00023,outdoor/scene_00023/scan_00198,val/outdoor/scene_00023/scan_00198/00023_00198_outdoor_310_020.png,10,2,2,512,512,768,768,27450,851,30854.0,8667.445607456644,8567.360574864415,100.08503259222817,7160.696502553154,7056.448625494559,104.24787705859389,0.03948545464245748,0.024058948478434754,0.83563912756702,0.1887087930733226
158,outdoor,scene_00023,outdoor/scene_00023/scan_00198,val/outdoor/scene_00023/scan_00198/00023_00198_outdoor_310_020.png,11,2,3,768,512,1024,768,32236,380,33756.0,7009.212415048253,7058.442602774369,-49.2301877261168,6539.059011664676,6564.318032934378,-25.259021269701094,0.024697241056930344,0.0229960613108843,0.8263007351086862,0.08383347244764154
159,outdoor,scene_00023,outdoor/scene_00023/scan_00198,val/outdoor/scene_00023/scan_00198/00023_00198_outdoor_320_010.png,0,0,0,0,0,256,256,5967,2,5975.0,11014.348845443114,13256.362928790579,-2242.0140833474657,11010.626709377408,13251.973733879859,-2241.3470245024514,0.02452051164269307,0.10751891779301642,1.020050098458752,0.0018561158209514132
159,outdoor,scene_00023,outdoor/scene_00023/scan_00198,val/outdoor/scene_00023/scan_00198/00023_00198_outdoor_320_010.png,1,0,1,256,0,512,256,2921,123,3413.0,3198.946715412135,2781.0496983970643,417.8970170150701,2852.051451012242,2437.850551256328,414.2008997559142,0.025101063408897707,0.06254674344813191,0.8836399517263681,0.002246689037312916
159,outdoor,scene_00023,outdoor/scene_00023/scan_00198,val/outdoor/scene_00023/scan_00198/00023_00198_outdoor_320_010.png,2,0,2,512,0,768,256,845,24,941.0,668.4635481303694,595.3316733908833,73.13187473948605,661.1379132440713,570.1885927836029,90.94932046046839,0.011556136390077743,0.012806356437310092,0.8344396288259487,-0.0009361866247830556
159,outdoor,scene_00023,outdoor/scene_00023/scan_00198,val/outdoor/scene_00023/scan_00198/00023_00198_outdoor_320_010.png,3,0,3,768,0,1024,256,409,25,509.0,536.6955420938693,583.6095998486375,-46.91405775476811,437.8168555800625,470.62921814972435,-32.812362569661865,0.008912635276807825,0.0009432274310697542,0.6616870966648964,-0.0038950983992306473
159,outdoor,scene_00023,outdoor/scene_00023/scan_00198,val/outdoor/scene_00023/scan_00198/00023_00198_outdoor_320_010.png,4,1,0,0,256,256,512,29371,3603,43783.0,36422.4496630903,32099.032665506697,4323.416997583607,33049.83409659242,28817.616800647986,4232.217295944435,0.042974088769177805,0.23062971168737345,0.9439231363498274,0.21296935482466653
159,outdoor,scene_00023,outdoor/scene_00023/scan_00198,val/outdoor/scene_00023/scan_00198/00023_00198_outdoor_320_010.png,5,1,1,256,256,512,512,35347,16071,99631.0,55963.623831738056,47520.747388365155,8442.876443372894,20614.103116283957,16272.216763359374,4341.8863529245855,0.05857630300923192,0.20816487490709323,0.7687614430706631,0.17474884287028836
159,outdoor,scene_00023,outdoor/scene_00023/scan_00198,val/outdoor/scene_00023/scan_00198/00023_00198_outdoor_320_010.png,6,1,2,512,256,768,512,27956,3533,42088.0,15602.93233233011,13496.24258523106,2106.6897470990502,10012.725171775546,8191.027356284008,1821.6978154915396,0.04752362523182026,0.052064298838088455,0.6512623581996243,0.34930556165216536
159,outdoor,scene_00023,outdoor/scene_00023/scan_00198,val/outdoor/scene_00023/scan_00198/00023_00198_outdoor_320_010.png,7,1,3,768,256,1024,512,22617,2601,33021.0,9283.643979972705,9272.813998469745,10.829981502960543,6434.253506088814,6434.08566089277,0.16784519604431836,0.04011603203019232,0.020505029419447863,0.6441448949259475,0.08788849967169392
159,outdoor,scene_00023,outdoor/scene_00023/scan_00198,val/outdoor/scene_00023/scan_00198/00023_00198_outdoor_320_010.png,8,2,0,0,512,256,768,64875,1320,70155.0,960.198697303272,942.3940954831387,17.804601820133314,724.3082701771239,713.9165149017479,10.391755275376202,0.011210557041450372,0.010884787157639728,0.5241855874553886,3.635515703650882
159,outdoor,scene_00023,outdoor/scene_00023/scan_00198,val/outdoor/scene_00023/scan_00198/00023_00198_outdoor_320_010.png,9,2,1,256,512,512,768,65073,4082,81401.0,5010.270612777998,5068.664329668518,-58.39371689051852,3016.1360261826235,3055.886297918681,-39.75027173605753,0.019612761559026658,0.019493370476530405,0.7410789572595446,1.8804610569643956
159,outdoor,scene_00023,outdoor/scene_00023/scan_00198,val/outdoor/scene_00023/scan_00198/00023_00198_outdoor_320_010.png,10,2,2,512,512,768,768,65493,2195,74273.0,1495.134751761116,1452.8306546505432,42.30409711057296,1259.93149823098,1232.5865563598707,27.3449418711093,0.01718434200863976,0.014046152749256522,0.563659271645887,2.5862413827668855
159,outdoor,scene_00023,outdoor/scene_00023/scan_00198,val/outdoor/scene_00023/scan_00198/00023_00198_outdoor_320_010.png,11,2,3,768,512,1024,768,65312,4961,85156.0,2863.709328782604,2922.6552726218597,-58.94594383925592,2278.6564801785003,2285.337554832231,-6.681074653730603,0.013937427699087604,0.01568217389196971,0.5979190414522698,2.0111013704562435
160,outdoor,scene_00023,outdoor/scene_00023/scan_00199,val/outdoor/scene_00023/scan_00199/00023_00199_outdoor_010_000.png,0,0,0,0,0,256,256,48456,8061,80700.0,94266.18710629255,92480.97044323136,1785.2166630611875,56628.22228769203,55513.15194583192,1115.0703418601108,0.03273141886882931,0.03761181803616023,0.5315995098064044,0.12080390592061441
160,outdoor,scene_00023,outdoor/scene_00023/scan_00199,val/outdoor/scene_00023/scan_00199/00023_00199_outdoor_010_000.png,1,0,1,256,0,512,256,42266,8556,76490.0,167058.3934411673,154476.82591349795,12581.567527669404,91671.00891485909,82698.82896276904,8972.17995209005,0.03638813352119678,0.0473757632497733,0.5468397228181127,-0.167300190956159
160,outdoor,scene_00023,outdoor/scene_00023/scan_00199,val/outdoor/scene_00023/scan_00199/00023_00199_outdoor_010_000.png,2,0,2,512,0,768,256,40873,6985,68813.0,122133.1813282625,117868.68742927893,4264.493898983566,68304.74273150227,65042.35493944574,3262.387792056518,0.02890981769734488,0.028415124696733303,0.5203325111387124,-0.03523761756959421
160,outdoor,scene_00023,outdoor/scene_00023/scan_00199,val/outdoor/scene_00023/scan_00199/00023_00199_outdoor_010_000.png,3,0,3,768,0,1024,256,54572,11339,99928.0,42435.53913935856,41826.933510700495,608.6056286580629,21926.89512684907,21712.456827587306,214.43829926176332,0.023090998150316375,0.010467966901517356,0.28899889965804465,0.8007781934663881
160,outdoor,scene_00023,outdoor/scene_00023/scan_00199,val/outdoor/scene_00023/scan_00199/00023_00199_outdoor_010_000.png,4,1,0,0,256,256,512,64352,5247,85340.0,16027.776580758586,15955.895077802666,71.88150295591863,11148.358384634863,11155.674924279641,-7.316539644777758,0.028015695720888797,0.013417515531940124,0.7339343385866794,0.7171204988535969
160,outdoor,scene_00023,outdoor/scene_00023/scan_00199,val/outdoor/scene_00023/scan_00199/00023_00199_outdoor_010_000.png,5,1,1,256,256,512,512,64332,7938,96084.0,18484.33375872769,18428.24827020026,56.08548852743457,10537.54924275566,10540.184011607962,-2.63476885230223,0.030108613853033664,0.013571129000502558,0.6780630799777623,0.5920784196045402
160,outdoor,scene_00023,outdoor/scene_00023/scan_00199,val/outdoor/scene_00023/scan_00199/00023_00199_outdoor_010_000.png,6,1,2,512,256,768,512,63180,9103,99592.0,18379.860127512406,18429.81532433806,-49.955196825652024,9905.119368008927,9924.691858013804,-19.572490004878652,0.029658967446765265,0.013779205047929892,0.5853388493751107,0.871240597319567
160,outdoor,scene_00023,outdoor/scene_00023/scan_00199,val/outdoor/scene_00023/scan_00199/00023_00199_outdoor_010_000.png,7,1,3,768,256,1024,512,63894,9688,102646.0,19686.249205776483,19683.88868485699,2.36052091949173,10570.677937939456,10571.161622722975,-0.4836847835211726,0.032578620186606976,0.012696120691881464,0.5946148670398321,1.0214329458109057
160,outdoor,scene_00023,outdoor/scene_00023/scan_00199,val/outdoor/scene_00023/scan_00199/00023_00199_outdoor_010_000.png,8,2,0,0,512,256,768,65464,734,68400.0,2772.9370380887794,2765.662664200729,7.274373888050092,2691.0485423497994,2684.237609877467,6.810932472332409,0.03293704701556444,0.015918888580953916,1.2590517803484789,3.9158168620746157
160,outdoor,scene_00023,outdoor/scene_00023/scan_00199,val/outdoor/scene_00023/scan_00199/00023_00199_outdoor_010_000.png,9,2,1,256,512,512,768,65515,398,67107.0,4696.773377820799,4681.895566323341,14.877811497458154,4591.445346476947,4576.807970996663,14.637375480283284,0.03512860662848741,0.015958152365006608,2.157235061768908,1.655775453342797
160,outdoor,scene_00023,outdoor/scene_00023/scan_00199,val/outdoor/scene_00023/scan_00199/00023_00199_outdoor_010_000.png,10,2,2,512,512,768,768,65445,965,69305.0,7236.535846289107,7235.605633335805,0.9302129533028314,6837.302519074172,6836.273939206957,1.0285798672145847,0.04434679506547155,0.01583759114624781,1.0424349984644787,2.98358043800675
160,outdoor,scene_00023,outdoor/scene_00023/scan_00199,val/outdoor/scene_00023/scan_00199/00023_00199_outdoor_010_000.png,11,2,3,768,512,1024,768,65486,1304,70702.0,10001.057833217354,10000.865969259105,0.1918639582496291,9277.41866345943,9276.863819809349,0.5548436500799632,0.0425745332094947,0.015629479930967815,1.0272942895020487,2.9033803563393983
161,outdoor,scene_00023,outdoor/scene_00023/scan_00199,val/outdoor/scene_00023/scan_00199/00023_00199_outdoor_020_010.png,0,0,0,0,0,256,256,24511,3290,37671.0,153314.20110047975,147739.93213319735,5574.268967282387,109931.33054809654,105412.36201588897,4518.968532207571,0.04301944935170407,0.07712413679154467,0.8719754167650244,0.12738772144613206
161,outdoor,scene_00023,outdoor/scene_00023/scan_00199,val/outdoor/scene_00023/scan_00199/00023_00199_outdoor_020_010.png,1,0,1,256,0,512,256,32967,7545,63147.0,195136.1092121109,191525.9552078197,3610.1540042911697,115824.34388494157,111242.56535178993,4581.778533151651,0.06485887923983912,0.12722995083243724,0.8851461213526136,0.10831928130389974
161,outdoor,scene_00023,outdoor/scene_00023/scan_00199,val/outdoor/scene_00023/scan_00199/00023_00199_outdoor_020_010.png,2,0,2,512,0,768,256,37889,7814,69145.0,156961.29451840938,155158.19661378037,1803.097904629005,97512.66171780835,92500.93319879526,5011.728519013093,0.06624009536664721,0.15024038647828974,1.0306605963296145,0.1241986258165896
161,outdoor,scene_00023,outdoor/scene_00023/scan_00199,val/outdoor/scene_00023/scan_00199/00023_00199_outdoor_020_010.png,3,0,3,768,0,1024,256,39716,7152,68324.0,130847.51662986254,113135.64304075095,17711.87358911161,71218.05202740533,61935.48098512621,9282.571042279116,0.04304049605284684,0.06263012049048955,0.6098804242209176,0.1485923781593101
161,outdoor,scene_00023,outdoor/scene_00023/scan_00199,val/outdoor/scene_00023/scan_00199/00023_00199_outdoor_020_010.png,4,1,0,0,256,256,512,45116,5435,66856.0,26541.88560857742,26621.417822616448,-79.53221403903143,17201.2648623487,17033.195705761886,168.06915658681163,0.03520260016385306,0.026264737184902846,0.7770784942134118,0.2757732151220745
161,outdoor,scene_00023,outdoor/scene_00023/scan_00199,val/outdoor/scene_00023/scan_00199/00023_00199_outdoor_020_010.png,5,1,1,256,256,512,512,48513,4917,68181.0,25993.54753626678,25245.059710205198,748.4878260615787,17707.75565553951,17019.76624334402,687.9894121954917,0.03343978218370774,0.022312113400933593,0.6898238248730005,0.25441353333165584
161,outdoor,scene_00023,outdoor/scene_00023/scan_00199,val/outdoor/scene_00023/scan_00199/00023_00199_outdoor_020_010.png,6,1,2,512,256,768,512,43912,6601,70316.0,26422.842417866643,24305.267358088,2117.575059778647,16084.790487563776,14670.303710820917,1414.4867767428618,0.0370938465786615,0.029492760962501353,0.6799466077019652,0.09588859232176504
161,outdoor,scene_00023,outdoor/scene_00023/scan_00199,val/outdoor/scene_00023/scan_00199/00023_00199_outdoor_020_010.png,7,1,3,768,256,1024,512,42831,5611,65275.0,25218.897183319008,24417.596653649485,801.3005296695242,15866.789984302442,15168.012590381792,698.777393920654,0.026567165760948853,0.026951523480135096,0.6553579802356786,0.20754337179939406
161,outdoor,scene_00023,outdoor/scene_00023/scan_00199,val/outdoor/scene_00023/scan_00199/00023_00199_outdoor_020_010.png,8,2,0,0,512,256,768,63102,1456,68926.0,8578.963024910197,8562.709765239304,16.25325967089534,8174.869877282538,8169.486267648101,5.383609634437562,0.02810457487249896,0.016725741491532577,0.9927038350293448,1.2654337376436988
161,outdoor,scene_00023,outdoor/scene_00023/scan_00199,val/outdoor/scene_00023/scan_00199/00023_00199_outdoor_020_010.png,9,2,1,256,512,512,768,64533,1410,70173.0,10339.246905556442,10346.278501170593,-7.0315956141527485,9586.816888142024,9585.372933274,1.4439548680239342,0.029630326741796935,0.016471232806003124,0.909039604102376,1.3627141306804997
161,outdoor,scene_00023,outdoor/scene_00023/scan_00199,val/outdoor/scene_00023/scan_00199/00023_00199_outdoor_020_010.png,10,2,2,512,512,768,768,64722,2558,74954.0,13673.792500806185,13732.328634870635,-58.53613406445018,12114.823171175653,12133.222595578663,-18.39942440301182,0.030836477707987815,0.016412016273376556,0.8830754150547832,0.9373466037165183
161,outdoor,scene_00023,outdoor/scene_00023/scan_00199,val/outdoor/scene_00023/scan_00199/00023_00199_outdoor_020_010.png,11,2,3,768,512,1024,768,64391,3288,77543.0,16103.497178553915,16111.91541379544,-8.418235241525117,13838.746909728696,13829.91982312727,8.827086601423659,0.029089627287443007,0.01670657239954898,0.7861223589407206,1.4570401382179623
162,outdoor,scene_00023,outdoor/scene_00023/scan_00199,val/outdoor/scene_00023/scan_00199/00023_00199_outdoor_120_010.png,0,0,0,0,0,256,256,13423,345,14803.0,97247.8587307189,59869.81122046087,37378.047510258024,86432.90592334117,53338.89108813059,33094.01483521058,0.05449258198393185,0.17106164050598885,1.5455948414763785,-1.4950425565675178
162,outdoor,scene_00023,outdoor/scene_00023/scan_00199,val/outdoor/scene_00023/scan_00199/00023_00199_outdoor_120_010.png,1,0,1,256,0,512,256,18773,215,19633.0,178342.2362956467,128567.89600191888,49774.340293727815,170778.98284803008,121461.17844781998,49317.804400210094,0.05831031037398409,0.199388936932488,0.8037845121911804,0.08390663706814648
162,outdoor,scene_00023,outdoor/scene_00023/scan_00199,val/outdoor/scene_00023/scan_00199/00023_00199_outdoor_120_010.png,2,0,2,512,0,768,256,23457,3033,35589.0,395629.19632904715,299836.38788415183,95792.80844489526,383688.7860643118,292330.99583536095,91357.79022895085,0.051923847963293385,0.11694305417877199,0.6022834472932784,0.06307691168572767
162,outdoor,scene_00023,outdoor/scene_00023/scan_00199,val/outdoor/scene_00023/scan_00199/00023_00199_outdoor_120_010.png,3,0,3,768,0,1024,256,20799,1639,27355.0,205347.13035750308,133014.19856195105,72332.93179555202,186883.3023705406,122061.18968667768,64822.112683862906,0.053924680347101676,0.17044169424350702,0.6462443952881073,0.14448234150653447
162,outdoor,scene_00023,outdoor/scene_00023/scan_00199,val/outdoor/scene_00023/scan_00199/00023_00199_outdoor_120_010.png,4,1,0,0,256,256,512,47699,16601,114103.0,38675.192989360265,38139.303747668004,535.889241692263,19116.463892215583,18179.109200567866,937.3546916477181,0.026729637630019582,0.0708246430578382,0.7645671332990182,0.2215971951941071
162,outdoor,scene_00023,outdoor/scene_00023/scan_00199,val/outdoor/scene_00023/scan_00199/00023_00199_outdoor_120_010.png,5,1,1,256,256,512,512,55086,9527,93194.0,48524.01759064728,43075.23281737336,5448.784773273914,38512.64359376564,32875.701471934895,5636.942121830753,0.02209688498580507,0.04831567292701017,0.7499504555257506,0.15974356305255594
162,outdoor,scene_00023,outdoor/scene_00023/scan_00199,val/outdoor/scene_00023/scan_00199/00023_00199_outdoor_120_010.png,6,1,2,512,256,768,512,61022,4225,77922.0,3330.0905489819384,3331.771385824546,-1.680836842607782,2482.675534835937,2484.286056438455,-1.6105216025177551,0.016493253071685855,0.004329758384853566,0.7974663929314438,0.04839143359344132
162,outdoor,scene_00023,outdoor/scene_00023/scan_00199,val/outdoor/scene_00023/scan_00199/00023_00199_outdoor_120_010.png,7,1,3,768,256,1024,512,57182,4007,73210.0,21839.877776626847,19950.468709701006,1889.409066925836,8398.767228422626,7566.075541406522,832.6916870161059,0.019137740843025813,0.018195976722660403,0.8772396682639154,0.11846675746807439
162,outdoor,scene_00023,outdoor/scene_00023/scan_00199,val/outdoor/scene_00023/scan_00199/00023_00199_outdoor_120_010.png,8,2,0,0,512,256,768,65536,8655,100156.0,5078.160138229117,5077.847841085109,0.3122971440081681,3002.2884705792385,2994.96243544743,7.326035131808805,0.013976149092531701,0.014997093945513301,0.8394018160260963,2.2665614056368963
162,outdoor,scene_00023,outdoor/scene_00023/scan_00199,val/outdoor/scene_00023/scan_00199/00023_00199_outdoor_120_010.png,9,2,1,256,512,512,768,65523,4828,84835.0,4177.166455795225,4279.412183037575,-102.24572724234939,2819.5297614981673,2845.1707210550794,-25.640959556911874,0.015452162357484943,0.015571291424469646,0.729251824503688,2.491329072480557
162,outdoor,scene_00023,outdoor/scene_00023/scan_00199,val/outdoor/scene_00023/scan_00199/00023_00199_outdoor_120_010.png,10,2,2,512,512,768,768,65476,1652,72084.0,3016.5579485267044,3020.5405706761944,-3.9826221494899503,2587.995342506425,2592.0833326356524,-4.08799012922727,0.013954980820973807,0.014671862615408086,0.5844655277480738,3.4626052340960856
162,outdoor,scene_00023,outdoor/scene_00023/scan_00199,val/outdoor/scene_00023/scan_00199/00023_00199_outdoor_120_010.png,11,2,3,768,512,1024,768,65536,1195,70316.0,2875.7305524989497,2690.625212954398,185.10533954455138,2484.3876125504084,2488.7365822890665,-4.34896973865845,0.012949547162655534,0.014744484175230495,0.9789940036257062,2.762886264848804
163,outdoor,scene_00023,outdoor/scene_00023/scan_00199,val/outdoor/scene_00023/scan_00199/00023_00199_outdoor_140_010.png,0,0,0,0,0,256,256,13744,3478,27656.0,18436.485678465575,17461.245340579702,975.2403378858725,10446.4523841557,9530.476018519592,915.9763656361106,0.05763202913719098,0.0964586317443782,0.6779013511779279,0.16983273262920068
163,outdoor,scene_00023,outdoor/scene_00023/scan_00199,val/outdoor/scene_00023/scan_00199/00023_00199_outdoor_140_010.png,1,0,1,256,0,512,256,14540,2640,25100.0,64275.420284981024,42966.12857761599,21309.29170736503,52328.55551871851,31249.410242164173,21079.14527655433,0.07035467809210519,0.1496646864858422,0.4072697988387453,0.14400388275289097
163,outdoor,scene_00023,outdoor/scene_00023/scan_00199,val/outdoor/scene_00023/scan_00199/00023_00199_outdoor_140_010.png,2,0,2,512,0,768,256,14039,231,14963.0,62556.02287339415,59260.321203102896,3295.701670291249,59135.727607457346,54232.31005962953,4903.417547827814,0.056792747812279006,0.1446027674091603,0.680269050705329,0.036650720183152616
163,outdoor,scene_00023,outdoor/scene_00023/scan_00199,val/outdoor/scene_00023/scan_00199/00023_00199_outdoor_140_010.png,3,0,3,768,0,1024,256,19757,197,20545.0,222614.73721414298,246761.51773649515,-24146.780522352172,215593.7059936098,239809.93390423406,-24216.22791062427,0.05509568161776256,0.16058932745919113,0.9424998401177324,0.0031847462455208302
163,outdoor,scene_00023,outdoor/scene_00023/scan_00199,val/outdoor/scene_00023/scan_00199/00023_00199_outdoor_140_010.png,4,1,0,0,256,256,512,61943,8796,97127.0,5283.80879417199,5369.039451584079,-85.23065741208991,3414.992205418728,3451.7741692289146,-36.78196381018648,0.018062635318030557,0.015891786171800516,0.7404516746653551,1.741376411588196
163,outdoor,scene_00023,outdoor/scene_00023/scan_00199,val/outdoor/scene_00023/scan_00199/00023_00199_outdoor_140_010.png,5,1,1,256,256,512,512,52858,9992,92826.0,11323.742372922481,11194.337951937217,129.40442098526432,7539.120694173279,7293.435319012171,245.68537516110757,0.035613018946607275,0.026895292467011302,0.8378424362257478,0.25910966599228197
163,outdoor,scene_00023,outdoor/scene_00023/scan_00199,val/outdoor/scene_00023/scan_00199/00023_00199_outdoor_140_010.png,6,1,2,512,256,768,512,46743,11907,94371.0,48015.594463114234,46278.104231128076,1737.4902319861599,23311.353960821212,21928.930111411362,1382.423849409849,0.028234786082536906,0.05896529421621709,0.6407729148982908,0.21471252990061193
163,outdoor,scene_00023,outdoor/scene_00023/scan_00199,val/outdoor/scene_00023/scan_00199/00023_00199_outdoor_140_010.png,7,1,3,768,256,1024,512,58137,5612,80585.0,21449.574341504846,21396.334986889953,53.23935461489752,17866.086673090682,17441.722022115253,424.36465097542816,0.0193465875052673,0.028687990336102306,0.6421186700738059,0.1644718193881167
163,outdoor,scene_00023,outdoor/scene_00023/scan_00199,val/outdoor/scene_00023/scan_00199/00023_00199_outdoor_140_010.png,8,2,0,0,512,256,768,64159,5352,85567.0,8210.571233157449,7964.7176461884255,245.8535869690229,5869.912223407516,5707.397144483083,162.51507892443271,0.01744280605343029,0.008306460103901979,0.4890602357752559,4.998438688653218
163,outdoor,scene_00023,outdoor/scene_00023/scan_00199,val/outdoor/scene_00023/scan_00199/00023_00199_outdoor_140_010.png,9,2,1,256,512,512,768,63154,4073,79446.0,5756.1435112608915,5590.406217004034,165.7372942568583,4449.115268732993,4409.221064640718,39.894204092273704,0.01717975137282987,0.019067468234160917,0.7089086758722918,2.990969355852125
163,outdoor,scene_00023,outdoor/scene_00023/scan_00199,val/outdoor/scene_00023/scan_00199/00023_00199_outdoor_140_010.png,10,2,2,512,512,768,768,65536,210,66376.0,3517.0184609034395,3511.056411846666,5.962049056773725,3410.661051431518,3404.6250166317645,6.036034799753415,0.014775333143695304,0.012579329733704141,0.8259229181352129,1.7132783019596822
163,outdoor,scene_00023,outdoor/scene_00023/scan_00199,val/outdoor/scene_00023/scan_00199/00023_00199_outdoor_140_010.png,11,2,3,768,512,1024,768,65491,1454,71307.0,3404.434631238962,3527.920341809391,-123.48571057042889,2886.1869589606154,2934.6169613553116,-48.430002394696245,0.016285369764866928,0.012723713313436089,0.5999598436807062,2.1334806737198755
164,outdoor,scene_00023,outdoor/scene_00023/scan_00199,val/outdoor/scene_00023/scan_00199/00023_00199_outdoor_220_020.png,0,0,0,0,0,256,256,63618,228,64530.0,3527.7548736599997,3226.586470247265,301.16840341273485,3270.221177822113,2970.8961077963795,299.3250700257338,0.01463783744234031,0.008289451098387175,0.26620857349668936,1.8382405981928218
164,outdoor,scene_00023,outdoor/scene_00023/scan_00199,val/outdoor/scene_00023/scan_00199/00023_00199_outdoor_220_020.png,1,0,1,256,0,512,256,22859,15,22919.0,5019.2782393607395,4633.63657877259,385.64166058815,5016.079671004154,4630.438797204618,385.640873799536,0.01455260652729808,0.011424738224928323,0.6271711128068002,0.005359713837524396
164,outdoor,scene_00023,outdoor/scene_00023/scan_00199,val/outdoor/scene_00023/scan_00199/00023_00199_outdoor_220_020.png,2,0,2,512,0,768,256,0,0,0.0,0.0,0.0,0.0,0.0,0.0,0.0,0.010524842685419212,0.0,0.10010879455271174,0.0
164,outdoor,scene_00023,outdoor/scene_00023/scan_00199,val/outdoor/scene_00023/scan_00199/00023_00199_outdoor_220_020.png,3,0,3,768,0,1024,256,0,0,0.0,0.0,0.0,0.0,0.0,0.0,0.0,0.0073885040792776874,0.0,0.26589913718803077,0.0
164,outdoor,scene_00023,outdoor/scene_00023/scan_00199,val/outdoor/scene_00023/scan_00199/00023_00199_outdoor_220_020.png,4,1,0,0,256,256,512,65536,112,65984.0,3269.8794859402833,3286.7081709131116,-16.828684972828242,3237.0230285571997,3253.9570359403488,-16.934007383149368,0.009654129035957911,0.004908726628957743,0.3301015595480653,1.7831944807409748
164,outdoor,scene_00023,outdoor/scene_00023/scan_00199,val/outdoor/scene_00023/scan_00199/00023_00199_outdoor_220_020.png,5,1,1,256,256,512,512,44752,483,46684.0,16596.28303141587,16844.73661091012,-248.4535794942513,13436.759244771605,13804.014605522203,-367.2553607505985,0.017134611684938413,0.014389414681811659,0.6095551453511951,0.08124804436012352
164,outdoor,scene_00023,outdoor/scene_00023/scan_00199,val/outdoor/scene_00023/scan_00199/00023_00199_outdoor_220_020.png,6,1,2,512,256,768,512,18298,1387,23846.0,24730.42143874024,26255.16981987527,-1524.7483811350303,19071.11933978932,20452.790582649155,-1381.6712428598385,0.02576747704192756,0.016853590339167987,0.49832352116973416,0.0013336094374928754
164,outdoor,scene_00023,outdoor/scene_00023/scan_00199,val/outdoor/scene_00023/scan_00199/00023_00199_outdoor_220_020.png,7,1,3,768,256,1024,512,19438,4429,37154.0,33183.64101663256,33120.41758125126,63.22343538129334,17746.91630485143,18255.535122047553,-508.6188171961179,0.02536926579810339,0.009140662515215447,0.4014993290612938,0.004318909266988509
164,outdoor,scene_00023,outdoor/scene_00023/scan_00199,val/outdoor/scene_00023/scan_00199/00023_00199_outdoor_220_020.png,8,2,0,0,512,256,768,54166,826,57470.0,10762.154377708848,10792.25298375216,-30.098606043310866,9829.161066358316,9816.26439776745,12.89666859086409,0.012779110838380181,0.023127573547732528,0.8745097121968944,2.3993278662852227
164,outdoor,scene_00023,outdoor/scene_00023/scan_00199,val/outdoor/scene_00023/scan_00199/00023_00199_outdoor_220_020.png,9,2,1,256,512,512,768,57081,4580,75401.0,22919.464713273494,22753.735674341187,165.72903893230745,16905.665707187196,16819.683954362925,85.98175282426801,0.021116372714121277,0.025093066169144907,0.8227692175928665,0.9718899029728667
164,outdoor,scene_00023,outdoor/scene_00023/scan_00199,val/outdoor/scene_00023/scan_00199/00023_00199_outdoor_220_020.png,10,2,2,512,512,768,768,55247,11655,101867.0,47288.49640451951,47103.487096202254,185.00930831725526,26448.84400035014,26417.12524766195,31.7187526881865,0.02761816059399001,0.018643493056027843,0.6196663977338323,0.27347189883927836
164,outdoor,scene_00023,outdoor/scene_00023/scan_00199,val/outdoor/scene_00023/scan_00199/00023_00199_outdoor_220_020.png,11,2,3,768,512,1024,768,50733,21409,136369.0,77984.30553583868,77623.47719784013,360.82833799856434,30686.221239588063,30607.01424621787,79.20699337019214,0.014160887717563856,0.020396323697551066,0.6119685129579434,0.08294722598390793
165,outdoor,scene_00023,outdoor/scene_00023/scan_00199,val/outdoor/scene_00023/scan_00199/00023_00199_outdoor_250_010.png,0,0,0,0,0,256,256,65536,4954,85352.0,2931.2896345560152,3133.054912536017,-201.7652779800021,2193.5348873903276,2290.5880483827923,-97.05316099246454,0.008874069539253298,0.00253141934258575,0.21416687763161835,0.7037344642710545
165,outdoor,scene_00023,outdoor/scene_00023/scan_00199,val/outdoor/scene_00023/scan_00199/00023_00199_outdoor_250_010.png,1,0,1,256,0,512,256,65536,4391,83100.0,7858.913569546112,7714.395104940778,144.51846460533307,5485.968068601311,5424.931332873653,61.03673572765693,0.008508048215269279,0.002227592553258655,0.2046941608498361,0.4294188062987215
165,outdoor,scene_00023,outdoor/scene_00023/scan_00199,val/outdoor/scene_00023/scan_00199/00023_00199_outdoor_250_010.png,2,0,2,512,0,768,256,65536,2288,74688.0,22685.741109638744,22612.98013124063,72.76097839811675,19454.13718239676,19404.330140355647,49.80704204111535,0.009288391346644772,0.0019092918505483653,0.1732448962897277,0.19322411120423022
165,outdoor,scene_00023,outdoor/scene_00023/scan_00199,val/outdoor/scene_00023/scan_00199/00023_00199_outdoor_250_010.png,3,0,3,768,0,1024,256,65489,0,65489.0,57125.949223053205,57295.5846597532,-169.6354366999934,57125.949223053205,57295.5846597532,-169.6354366999934,0.009145500957773597,0.001498460384537241,0.13243777773925536,0.12299146907101514
165,outdoor,scene_00023,outdoor/scene_00023/scan_00199,val/outdoor/scene_00023/scan_00199/00023_00199_outdoor_250_010.png,4,1,0,0,256,256,512,64570,5796,87754.0,21884.77368340167,21143.037087469256,741.7365959324097,11197.892376016316,10987.859833662551,210.0325423537648,0.00866308644404273,0.023116170348498336,0.8489253411108927,0.5062826783338921
165,outdoor,scene_00023,outdoor/scene_00023/scan_00199,val/outdoor/scene_00023/scan_00199/00023_00199_outdoor_250_010.png,5,1,1,256,256,512,512,60143,6792,87311.0,19232.62525507064,19180.937365541056,51.68788952958776,14828.254826479628,14809.234015495787,19.020810983839873,0.010762527046509176,0.01812541142523229,0.6481592511828449,0.6062141635813022
165,outdoor,scene_00023,outdoor/scene_00023/scan_00199,val/outdoor/scene_00023/scan_00199/00023_00199_outdoor_250_010.png,6,1,2,512,256,768,512,51524,2562,61772.0,30828.079890727382,29992.47259661913,835.607294108249,25236.51080234446,24381.654251597123,854.8565507473386,0.010393448959546548,0.014851968847457106,0.6572925599260453,0.18588359334987795
165,outdoor,scene_00023,outdoor/scene_00023/scan_00199,val/outdoor/scene_00023/scan_00199/00023_00199_outdoor_250_010.png,7,1,3,768,256,1024,512,57462,4963,77314.0,68400.74402602832,67780.95910951617,619.7849165121274,48959.93852282793,47290.94591878947,1668.992604038447,0.01378764816721693,0.019130680051300114,0.7694302098467037,-0.11947019324422181
165,outdoor,scene_00023,outdoor/scene_00023/scan_00199,val/outdoor/scene_00023/scan_00199/00023_00199_outdoor_250_010.png,8,2,0,0,512,256,768,63391,3822,78679.0,37412.03873771426,37395.49640689224,16.542330822023594,29975.68071640508,29965.38735450633,10.293361898751769,0.013276176682858354,0.007924621563694355,0.7655163189806543,3.6385041631551185
165,outdoor,scene_00023,outdoor/scene_00023/scan_00199,val/outdoor/scene_00023/scan_00199/00023_00199_outdoor_250_010.png,9,2,1,256,512,512,768,61516,7355,90936.0,36755.23791845582,36705.25454299041,49.98337546542124,24972.216823915325,24929.42453742177,42.79228649355849,0.020195373575174747,0.018743944781361925,1.0057379728603941,1.5104351724338119
165,outdoor,scene_00023,outdoor/scene_00023/scan_00199,val/outdoor/scene_00023/scan_00199/00023_00199_outdoor_250_010.png,10,2,2,512,512,768,768,65433,18024,137529.0,46181.43957992192,46128.301605936314,53.13797398560757,22689.68295292007,22679.1456408844,10.537312035670782,0.019359802915701187,0.02037093668983444,0.8556691433783651,2.3414173128999294
165,outdoor,scene_00023,outdoor/scene_00023/scan_00199,val/outdoor/scene_00023/scan_00199/00023_00199_outdoor_250_010.png,11,2,3,768,512,1024,768,64584,14112,121032.0,39972.7738712497,39920.96354679998,51.81032444972195,21944.353311713003,21934.822112088015,9.531199624988801,0.01816015378073101,0.014683019297319863,0.571562509216851,2.540183272241262
166,outdoor,scene_00023,outdoor/scene_00023/scan_00199,val/outdoor/scene_00023/scan_00199/00023_00199_outdoor_320_000.png,0,0,0,0,0,256,256,65401,4442,83169.0,71268.09770334867,71337.91281855374,-69.81511520507739,60235.31204541014,60204.13137349099,31.180671919133243,0.007432628159208535,0.0028544421725856996,0.34968438124179746,0.44540216041389863
166,outdoor,scene_00023,outdoor/scene_00023/scan_00199,val/outdoor/scene_00023/scan_00199/00023_00199_outdoor_320_000.png,1,0,1,256,0,512,256,65531,4825,84831.0,44551.087408970074,44512.97227805556,38.11513091451904,37473.00757747043,37427.72812556047,45.27945190997116,0.008784246623062174,0.0031115705629524686,0.22342483637407756,0.7205359013663531
166,outdoor,scene_00023,outdoor/scene_00023/scan_00199,val/outdoor/scene_00023/scan_00199/00023_00199_outdoor_320_000.png,2,0,2,512,0,768,256,65536,2289,74692.0,29391.723596300246,29410.67608716679,-18.95249086654401,26693.634021593578,26703.094502537242,-9.460480943665505,0.007557564179444035,0.0021075590404584063,0.24466150281535695,0.697659196476351
166,outdoor,scene_00023,outdoor/scene_00023/scan_00199,val/outdoor/scene_00023/scan_00199/00023_00199_outdoor_320_000.png,3,0,3,768,0,1024,256,65432,2727,76340.0,17785.422421442207,17801.880686046014,-16.458264603804423,15052.747916165043,15073.673937316664,-20.92602115162088,0.013781005075948793,0.0019091926843337148,0.107636951713751,1.3967948272908888
166,outdoor,scene_00023,outdoor/scene_00023/scan_00199,val/outdoor/scene_00023/scan_00199/00023_00199_outdoor_320_000.png,4,1,0,0,256,256,512,64699,11468,110571.0,26935.49949680461,25660.78656413051,1274.7129326740976,14979.54182521663,14613.950285183178,365.5915400334497,0.015215334790534187,0.019969713330757734,0.6769557413954627,0.6336189428973323
166,outdoor,scene_00023,outdoor/scene_00023/scan_00199,val/outdoor/scene_00023/scan_00199/00023_00199_outdoor_320_000.png,5,1,1,256,256,512,512,65083,16455,130903.0,33845.10446516659,34148.74195891888,-303.637493752284,19965.640262697387,19979.868517644318,-14.228254946932694,0.019471195553105003,0.017238243172239768,0.6426167352685147,0.2601595947985815
166,outdoor,scene_00023,outdoor/scene_00023/scan_00199,val/outdoor/scene_00023/scan_00199/00023_00199_outdoor_320_000.png,6,1,2,512,256,768,512,65493,14407,123121.0,32530.652827139842,32628.732327588812,-98.07950044896963,21852.067198611723,21878.152698220034,-26.08549960831238,0.01769645169843823,0.013909882269206862,0.6108041410733,0.4650874032228983
166,outdoor,scene_00023,outdoor/scene_00023/scan_00199,val/outdoor/scene_00023/scan_00199/00023_00199_outdoor_320_000.png,7,1,3,768,256,1024,512,65504,14897,125092.0,25090.520682958773,24712.581720816903,377.9389621418721,15155.854967880898,15064.716498313563,91.13846956733451,0.012483629350907894,0.013131947579271535,0.4989351203776506,0.8338099144096446
166,outdoor,scene_00023,outdoor/scene_00023/scan_00199,val/outdoor/scene_00023/scan_00199/00023_00199_outdoor_320_000.png,8,2,0,0,512,256,768,64758,3293,77930.0,28309.696988822237,28307.135228222054,2.5617606001836437,24103.708641747857,24101.82175633927,1.8868854085853546,0.03507619617190914,0.023268412115280225,1.6211987391929097,1.9950939274606898
166,outdoor,scene_00023,outdoor/scene_00023/scan_00199,val/outdoor/scene_00023/scan_00199/00023_00199_outdoor_320_000.png,9,2,1,256,512,512,768,64506,1884,72042.0,28365.54568118599,28365.671593167677,-0.12591198168125284,25437.16577240718,25437.409987953302,-0.24421554612112328,0.030138729154595867,0.023242466183174347,1.1288281526546617,2.5744424449090113
166,outdoor,scene_00023,outdoor/scene_00023/scan_00199,val/outdoor/scene_00023/scan_00199/00023_00199_outdoor_320_000.png,10,2,2,512,512,768,768,62320,1066,66584.0,26592.926788951445,26588.712869212024,4.213919739421398,24945.71160053801,24941.989951504387,3.7216490336206327,0.03044882417974742,0.023286277839598336,1.2725980056789583,2.4727683177785424
166,outdoor,scene_00023,outdoor/scene_00023/scan_00199,val/outdoor/scene_00023/scan_00199/00023_00199_outdoor_320_000.png,11,2,3,768,512,1024,768,65536,227,66444.0,25092.682872524536,25094.520981251037,-1.8381087265019125,24804.351724739427,24806.312045541297,-1.960320801871024,0.02476690879409434,0.023246082406842696,1.4211364302235507,2.5032193471143454
167,outdoor,scene_00023,outdoor/scene_00023/scan_00199,val/outdoor/scene_00023/scan_00199/00023_00199_outdoor_330_010.png,0,0,0,0,0,256,256,61383,20016,141447.0,67179.81426459033,61960.76818345008,5219.046081140226,32063.671407311245,29991.516898905244,2072.154508406006,0.02548216605307734,0.09065615717890001,0.7834372437584182,0.4732003380076966
167,outdoor,scene_00023,outdoor/scene_00023/scan_00199,val/outdoor/scene_00023/scan_00199/00023_00199_outdoor_330_010.png,1,0,1,256,0,512,256,63696,4436,81440.0,22390.171497374235,22059.551695135677,330.6198022385553,16476.721227885348,16295.538901922202,181.1823259631467,0.013295331617977779,0.019425426179098846,0.5261128980306012,0.4527122145774997
167,outdoor,scene_00023,outdoor/scene_00023/scan_00199,val/outdoor/scene_00023/scan_00199/00023_00199_outdoor_330_010.png,2,0,2,512,0,768,256,65536,3108,77968.0,3007.3419201054676,3049.8879222042883,-42.546002098820495,2733.4271275422234,2751.6781940518904,-18.25106650966681,0.008456287991590301,0.003319609981897162,0.3313508860658519,0.7672737227055735
167,outdoor,scene_00023,outdoor/scene_00023/scan_00199,val/outdoor/scene_00023/scan_00199/00023_00199_outdoor_330_010.png,3,0,3,768,0,1024,256,65536,3063,77788.0,6056.891561463751,6125.349896947428,-68.45833548367733,5412.591399261277,5443.453139290652,-30.861740029375696,0.010453921931878973,0.00433827828213099,0.32048243261837356,1.2242764790178233
167,outdoor,scene_00023,outdoor/scene_00023/scan_00199,val/outdoor/scene_00023/scan_00199/00023_00199_outdoor_330_010.png,4,1,0,0,256,256,512,61604,12222,110492.0,47552.279677207094,47719.55109637718,-167.2714191700859,27508.384189427365,27062.359750982556,446.02443844480126,0.020191690082468617,0.02072371891816181,0.6035426942735821,0.5124974545219897
167,outdoor,scene_00023,outdoor/scene_00023/scan_00199,val/outdoor/scene_00023/scan_00199/00023_00199_outdoor_330_010.png,5,1,1,256,256,512,512,65193,5067,85461.0,25901.089750131974,26066.790925468245,-165.7011753362724,20716.747645514686,20746.096901253215,-29.349255738525628,0.008315187929402282,0.006753570179249224,0.6021404210771415,0.6956086251319568
167,outdoor,scene_00023,outdoor/scene_00023/scan_00199,val/outdoor/scene_00023/scan_00199/00023_00199_outdoor_330_010.png,6,1,2,512,256,768,512,65375,2169,74051.0,6605.84292469205,6692.55705358353,-86.71412889148108,5931.375326254384,5993.812638925047,-62.4373126706632,0.009581987265173779,0.004916336647540175,0.3498882104556998,1.0655722149363076
167,outdoor,scene_00023,outdoor/scene_00023/scan_00199,val/outdoor/scene_00023/scan_00199/00023_00199_outdoor_330_010.png,7,1,3,768,256,1024,512,65536,104,65952.0,2282.8155814244033,2286.4543801882583,-3.638798763855615,2253.9959314411376,2257.6387526518465,-3.642821210708862,0.007866713784695821,0.0020361588076756054,0.3263777611582754,1.1398062846079775
167,outdoor,scene_00023,outdoor/scene_00023/scan_00199,val/outdoor/scene_00023/scan_00199/00023_00199_outdoor_330_010.png,8,2,0,0,512,256,768,65021,8125,97521.0,25560.476211924266,25581.16707541733,-20.69086349306342,17659.07623477147,17655.893770869927,3.182463901544274,0.029579661678389133,0.021794083447957753,0.9143469800492565,0.905344861411712
167,outdoor,scene_00023,outdoor/scene_00023/scan_00199,val/outdoor/scene_00023/scan_00199/00023_00199_outdoor_330_010.png,9,2,1,256,512,512,768,64590,6746,91574.0,29746.3933027187,29564.439063397804,181.95423932089423,20996.60761607677,20958.353508060587,38.25410801618863,0.018210735141845687,0.023397744033126666,0.8481466611452171,1.232889338378263
167,outdoor,scene_00023,outdoor/scene_00023/scan_00199,val/outdoor/scene_00023/scan_00199/00023_00199_outdoor_330_010.png,10,2,2,512,512,768,768,64195,7439,93951.0,20649.259945583868,20548.14494654817,101.11499903569687,15967.855574670111,15917.716120527666,50.13945414244409,0.02017483639954088,0.020712324304380463,0.798534775224466,0.972572542252694
167,outdoor,scene_00023,outdoor/scene_00023/scan_00199,val/outdoor/scene_00023/scan_00199/00023_00199_outdoor_330_010.png,11,2,3,768,512,1024,768,65273,4794,84449.0,16970.025728949142,16870.427657877484,99.59807107165857,13999.229557542541,13967.566891739138,31.66266580340472,0.01771616793637138,0.017883197968646687,0.8530247250220494,1.0803350810278163
168,outdoor,scene_00023,outdoor/scene_00023/scan_00199,val/outdoor/scene_00023/scan_00199/00023_00199_outdoor_340_000.png,0,0,0,0,0,256,256,53419,11493,99391.0,150027.7202720556,142806.98205229998,7220.73821975565,75497.85639857803,73854.03191441247,1643.8244841655721,0.022978493744642718,0.01735708949732008,0.5040793551057504,0.168440041630219
168,outdoor,scene_00023,outdoor/scene_00023/scan_00199,val/outdoor/scene_00023/scan_00199/00023_00199_outdoor_340_000.png,1,0,1,256,0,512,256,62195,10822,105483.0,82441.4753187939,82422.66019509788,18.815123696030298,47447.43080071445,47025.46149841206,421.96930230238365,0.019132307723098138,0.013139835756981019,0.41440723393751916,0.3681207085713357
168,outdoor,scene_00023,outdoor/scene_00023/scan_00199,val/outdoor/scene_00023/scan_00199/00023_00199_outdoor_340_000.png,2,0,2,512,0,768,256,65459,4202,82267.0,37140.667882932066,37252.94424570175,-112.2763627696862,31097.727341425823,31081.85051055717,15.876830868652036,0.007724382963398246,0.0032090700585496257,0.37450893855241124,0.7364855593053736
168,outdoor,scene_00023,outdoor/scene_00023/scan_00199,val/outdoor/scene_00023/scan_00199/00023_00199_outdoor_340_000.png,3,0,3,768,0,1024,256,65530,2900,77130.0,17128.82393826478,17084.68662119209,44.137317072694906,15467.704062156357,15421.850651644701,45.853410511656676,0.008575741455590377,0.0033338622872086518,0.14816902139491242,1.2653784976805809
168,outdoor,scene_00023,outdoor/scene_00023/scan_00199,val/outdoor/scene_00023/scan_00199/00023_00199_outdoor_340_000.png,4,1,0,0,256,256,512,63541,11228,108453.0,20399.87619459237,20453.00300791737,-53.126813324997784,10387.493240405598,10381.218018588039,6.275221817557004,0.030411042173621956,0.01350752995650975,0.5399022739096988,0.9825174024853813
168,outdoor,scene_00023,outdoor/scene_00023/scan_00199,val/outdoor/scene_00023/scan_00199/00023_00199_outdoor_340_000.png,5,1,1,256,256,512,512,64547,11376,110051.0,22970.5945950792,23117.612612800775,-147.01801772157734,10475.065668136907,10541.73869875395,-66.67303061704267,0.029157229286042904,0.016064232672896122,0.6893323622670895,0.518210283301376
168,outdoor,scene_00023,outdoor/scene_00023/scan_00199,val/outdoor/scene_00023/scan_00199/00023_00199_outdoor_340_000.png,6,1,2,512,256,768,512,64701,8614,99157.0,12441.820089305987,12691.391998006873,-249.5719087008845,7650.641687290763,7797.551868281246,-146.91018099048296,0.016446202579324387,0.017545772113673315,0.6002805486842947,0.6894310201301884
168,outdoor,scene_00023,outdoor/scene_00023/scan_00199,val/outdoor/scene_00023/scan_00199/00023_00199_outdoor_340_000.png,7,1,3,768,256,1024,512,65403,8336,98747.0,16856.39605911708,17088.709956995343,-232.3138978782643,11674.77919331616,11689.504825466964,-14.725632150801708,0.018560028919923328,0.01397946877824266,0.5460857610777503,0.7523878591424739
168,outdoor,scene_00023,outdoor/scene_00023/scan_00199,val/outdoor/scene_00023/scan_00199/00023_00199_outdoor_340_000.png,8,2,0,0,512,256,768,65463,1503,71475.0,15066.033193376355,15075.074026435075,-9.04083305872102,13868.215356937222,13876.741845104605,-8.52648816738211,0.04217073292688381,0.019709243573551676,1.7757232514696688,0.9907193369340485
168,outdoor,scene_00023,outdoor/scene_00023/scan_00199,val/outdoor/scene_00023/scan_00199/00023_00199_outdoor_340_000.png,9,2,1,256,512,512,768,65200,2272,74288.0,18307.30920615003,18307.951711393845,-0.6425052438182011,16227.02840752248,16227.707072123463,-0.678664600982271,0.04066641253977053,0.01979335249014537,1.0877079183227965,2.4874060729532617
168,outdoor,scene_00023,outdoor/scene_00023/scan_00199,val/outdoor/scene_00023/scan_00199/00023_00199_outdoor_340_000.png,10,2,2,512,512,768,768,64903,1412,70551.0,19817.243664852067,19813.69933295206,3.544331900005723,18478.834934705003,18476.546197479893,2.2887372251080866,0.033893256724492477,0.01991559841203992,1.0932498813322398,2.3444703120669583
168,outdoor,scene_00023,outdoor/scene_00023/scan_00199,val/outdoor/scene_00023/scan_00199/00023_00199_outdoor_340_000.png,11,2,3,768,512,1024,768,61099,1976,69003.0,21609.863316126735,21617.081175452044,-7.217859325310762,19045.531211088324,19051.439887695407,-5.908676607085713,0.02865098491040495,0.01997024392496751,1.4218787108829092,1.9781570444952836
169,outdoor,scene_00023,outdoor/scene_00023/scan_00199,val/outdoor/scene_00023/scan_00199/00023_00199_outdoor_350_040.png,0,0,0,0,0,256,256,4609,44,4785.0,81779.5035486305,82075.632995988,-296.1294473575027,79569.54272026909,79881.27488475382,-311.73216448471806,0.012022517282847726,0.002013831476629891,0.2980130487298044,-0.0015810017458881597
169,outdoor,scene_00023,outdoor/scene_00023/scan_00199,val/outdoor/scene_00023/scan_00199/00023_00199_outdoor_350_040.png,1,0,1,256,0,512,256,7637,10,7677.0,21132.173673794372,18443.469334861322,2688.7043389330483,20913.538686108022,18231.69444706415,2681.8442390438745,0.018714988194639078,0.03366691998502518,0.6392340335095741,-0.00019960041310760124
169,outdoor,scene_00023,outdoor/scene_00023/scan_00199,val/outdoor/scene_00023/scan_00199/00023_00199_outdoor_350_040.png,2,0,2,512,0,768,256,349,3,361.0,11863.408959686843,11863.408959686843,0.0,11719.781856898502,11719.781856898502,0.0,0.011822776056433944,0.0,0.01795895220297179,-0.05086842348653138
169,outdoor,scene_00023,outdoor/scene_00023/scan_00199,val/outdoor/scene_00023/scan_00199/00023_00199_outdoor_350_040.png,3,0,3,768,0,1024,256,19489,60,19729.0,24483.749510040994,18890.995283196855,5592.754226844141,24217.602393845365,18623.430928393514,5594.171465451851,0.014165054169259502,0.022231406439870836,0.893730886102912,-2.132538800351228
169,outdoor,scene_00023,outdoor/scene_00023/scan_00199,val/outdoor/scene_00023/scan_00199/00023_00199_outdoor_350_040.png,4,1,0,0,256,256,512,18894,1270,23974.0,240312.07542289112,246110.41886972467,-5798.343446833598,198564.99264458258,204068.76756954283,-5503.774924960247,0.045147015516430904,0.007505438989718916,0.33631503547165004,0.015449055657191107
169,outdoor,scene_00023,outdoor/scene_00023/scan_00199,val/outdoor/scene_00023/scan_00199/00023_00199_outdoor_350_040.png,5,1,1,256,256,512,512,15786,879,19302.0,66615.96879079373,59308.52232513881,7307.446465654928,59254.939894052644,53729.628773382756,5525.311120669889,0.027588752589208444,0.07097918985673263,0.9788700187850654,0.008387824932077643
169,outdoor,scene_00023,outdoor/scene_00023/scan_00199,val/outdoor/scene_00023/scan_00199/00023_00199_outdoor_350_040.png,6,1,2,512,256,768,512,37186,4384,54722.0,43659.140095179835,37852.67569905294,5806.4643961268885,34860.96064517558,31064.562919379896,3796.397725795692,0.024093214931062375,0.04800110079336625,0.9027952565813097,0.02516647728368709
169,outdoor,scene_00023,outdoor/scene_00023/scan_00199,val/outdoor/scene_00023/scan_00199/00023_00199_outdoor_350_040.png,7,1,3,768,256,1024,512,64118,254,65134.0,7177.799091095156,8582.439612236205,-1404.64052114105,6807.064142446542,8243.51677914365,-1436.452636697108,0.011661334360257597,0.04055874442841476,0.31205216220437504,0.7287717135722966
169,outdoor,scene_00023,outdoor/scene_00023/scan_00199,val/outdoor/scene_00023/scan_00199/00023_00199_outdoor_350_040.png,8,2,0,0,512,256,768,26471,3103,38883.0,187221.82944485845,182928.66992722265,4293.15951763581,145564.28980737893,142102.2236419418,3462.0661654371424,0.07054646117177946,0.03998665633118596,0.39506460575323754,0.12276179752796533
169,outdoor,scene_00023,outdoor/scene_00023/scan_00199,val/outdoor/scene_00023/scan_00199/00023_00199_outdoor_350_040.png,9,2,1,256,512,512,768,49726,10336,91070.0,31820.85322290666,29505.337680575616,2315.5155423310457,21038.020657415644,19109.792490038046,1928.2281673775983,0.029439128654680048,0.047675393529875154,0.8059500003226168,-0.004080655276100251
169,outdoor,scene_00023,outdoor/scene_00023/scan_00199,val/outdoor/scene_00023/scan_00199/00023_00199_outdoor_350_040.png,10,2,2,512,512,768,768,57912,14007,113940.0,17089.886338641154,17080.028066552226,9.858272088930576,8179.759626811598,8329.079929422855,-149.320302611256,0.03505094237757854,0.05907767918304563,0.7073024603035125,0.92476221444798
169,outdoor,scene_00023,outdoor/scene_00023/scan_00199,val/outdoor/scene_00023/scan_00199/00023_00199_outdoor_350_040.png,11,2,3,768,512,1024,768,62849,2060,71089.0,12063.123255878432,12053.81435372715,9.308902151283645,10857.705992629104,10935.194554408014,-77.48856177890676,0.015918387798623042,0.01666250737049147,0.33254564374992956,1.4511589334811683
170,outdoor,scene_00023,outdoor/scene_00023/scan_00200,val/outdoor/scene_00023/scan_00200/00023_00200_outdoor_000_010.png,0,0,0,0,0,256,256,64207,4750,83207.0,20598.69612469873,20618.92036173564,-20.224237036909823,9367.605798890489,9371.54698537046,-3.9411864799706446,0.026710110932409353,0.004116702099177217,0.36936825912459004,2.057643906214598
170,outdoor,scene_00023,outdoor/scene_00023/scan_00200,val/outdoor/scene_00023/scan_00200/00023_00200_outdoor_000_010.png,1,0,1,256,0,512,256,64935,7262,93983.0,45261.64735850973,45350.25813530788,-88.61077679814315,13243.771176041791,13277.795397185395,-34.024221143602766,0.0241945870496621,0.0036710647300436535,0.40322945319883263,1.2001510487268998
170,outdoor,scene_00023,outdoor/scene_00023/scan_00200,val/outdoor/scene_00023/scan_00200/00023_00200_outdoor_000_010.png,2,0,2,512,0,768,256,65435,6299,90631.0,65582.99755780686,65782.24587570693,-199.24831790006456,30324.664970841968,30416.10487657549,-91.43990573352374,0.013260713001822286,0.008574170323610322,0.5281966091244437,0.7163830402774211
170,outdoor,scene_00023,outdoor/scene_00023/scan_00200,val/outdoor/scene_00023/scan_00200/00023_00200_outdoor_000_010.png,3,0,3,768,0,1024,256,65378,7904,96994.0,55545.44023536039,52252.68426037054,3292.75597498985,27858.52127365081,27751.280474024057,107.24079962675484,0.023498215831407772,0.030031813868373957,0.5687614919849288,0.6282585150938046
170,outdoor,scene_00023,outdoor/scene_00023/scan_00200,val/outdoor/scene_00023/scan_00200/00023_00200_outdoor_000_010.png,4,1,0,0,256,256,512,65534,1662,72182.0,8181.911674771387,8220.327606908033,-38.415932136646305,6576.25617552475,6606.987958189747,-30.731782664998082,0.032592372390552626,0.004262176766680417,0.46042645833359724,1.6528422477231444
170,outdoor,scene_00023,outdoor/scene_00023/scan_00200,val/outdoor/scene_00023/scan_00200/00023_00200_outdoor_000_010.png,5,1,1,256,256,512,512,65082,3035,77222.0,18218.16604400634,18332.46531772098,-114.29927371464188,6810.231826147898,6865.364163186516,-55.132337038616996,0.03241346083929203,0.0037834744722505375,0.5237863818166445,0.8261547982310736
170,outdoor,scene_00023,outdoor/scene_00023/scan_00200,val/outdoor/scene_00023/scan_00200/00023_00200_outdoor_000_010.png,6,1,2,512,256,768,512,64698,14949,124494.0,107274.80013298598,111425.53742657675,-4150.73729359076,30707.606405613256,31724.496484741718,-1016.8900791284613,0.021078665548423185,0.04130036274175126,0.5509686235165234,0.576615769242638
170,outdoor,scene_00023,outdoor/scene_00023/scan_00200,val/outdoor/scene_00023/scan_00200/00023_00200_outdoor_000_010.png,7,1,3,768,256,1024,512,65345,13359,118781.0,51009.5754970488,51709.64942772489,-700.0739306760966,18392.158042324434,18662.296415155593,-270.13837283115856,0.024178115727782296,0.02574589260586218,0.5878140524524004,0.54597280719012
170,outdoor,scene_00023,outdoor/scene_00023/scan_00200,val/outdoor/scene_00023/scan_00200/00023_00200_outdoor_000_010.png,8,2,0,0,512,256,768,65532,3995,81512.0,19359.130064907375,19605.558267689234,-246.42820278186034,14064.788526177925,14000.618637320138,64.1698888577877,0.017124931977915613,0.03329527542760187,0.6921975527267548,2.9718861564568817
170,outdoor,scene_00023,outdoor/scene_00023/scan_00200,val/outdoor/scene_00023/scan_00200/00023_00200_outdoor_000_010.png,9,2,1,256,512,512,768,65015,1774,72111.0,12619.465696149407,12818.267455347606,-198.80175919819936,10839.26609952741,10948.43699216565,-109.17089263824104,0.0152658998219953,0.02876546902659883,0.7965151544184997,1.273841254237876
170,outdoor,scene_00023,outdoor/scene_00023/scan_00200,val/outdoor/scene_00023/scan_00200/00023_00200_outdoor_000_010.png,10,2,2,512,512,768,768,64599,6136,89143.0,26774.81389309459,27921.797876476467,-1146.9839833818812,16309.500056909586,16705.491370081894,-395.99131317230774,0.015190762353852987,0.029069101457303105,0.8265151503803186,1.0698925897135056
170,outdoor,scene_00023,outdoor/scene_00023/scan_00200,val/outdoor/scene_00023/scan_00200/00023_00200_outdoor_000_010.png,11,2,3,768,512,1024,768,65489,6998,93481.0,26785.099610682348,26897.226986580306,-112.12737589796075,14899.262069220156,14915.6498747496,-16.387805529443263,0.018264013036230403,0.02572050082050633,0.8075815815754105,0.9191754654153894
171,outdoor,scene_00023,outdoor/scene_00023/scan_00200,val/outdoor/scene_00023/scan_00200/00023_00200_outdoor_050_020.png,0,0,0,0,0,256,256,2674,1469,8550.0,67276.72581643479,57907.076767804,9369.649048630787,19891.375688062013,16830.489848883575,3060.885839178445,0.013536290836998165,0.0150469215000129,0.054115769200599004,-0.002800644714103028
171,outdoor,scene_00023,outdoor/scene_00023/scan_00200,val/outdoor/scene_00023/scan_00200/00023_00200_outdoor_050_020.png,1,0,1,256,0,512,256,1613,844,4989.0,71114.92183252682,68986.4252716171,2128.496560909734,16446.27595663375,16831.36886101456,-385.0929043808061,0.014395658184448382,0.01053015965328828,0.5753667778502269,-0.0002406593007465996
171,outdoor,scene_00023,outdoor/scene_00023/scan_00200,val/outdoor/scene_00023/scan_00200/00023_00200_outdoor_050_020.png,2,0,2,512,0,768,256,58276,1699,65072.0,7690.649246514233,6940.8209549319,749.8282915823344,4168.274609819762,4041.88996967232,126.38464014744173,0.030497062319738814,0.010939928040169309,0.4913817267179496,0.0026758522968780007
171,outdoor,scene_00023,outdoor/scene_00023/scan_00200,val/outdoor/scene_00023/scan_00200/00023_00200_outdoor_050_020.png,3,0,3,768,0,1024,256,65483,5584,87819.0,19626.6812216907,19678.084981765667,-51.40376007497167,11504.251491010262,11508.21071941106,-3.9592284007976843,0.026992097966867412,0.048265667682658026,1.1042494202330406,1.164671399905914
171,outdoor,scene_00023,outdoor/scene_00023/scan_00200,val/outdoor/scene_00023/scan_00200/00023_00200_outdoor_050_020.png,4,1,0,0,256,256,512,13477,2464,23333.0,18993.361115453237,18990.917090526054,2.444024927181374,5565.744387087594,5581.261973835789,-15.517586748195626,0.011327817651639583,0.004761165604350135,0.17037241398457129,0.00040745253037757176
171,outdoor,scene_00023,outdoor/scene_00023/scan_00200,val/outdoor/scene_00023/scan_00200/00023_00200_outdoor_050_020.png,5,1,1,256,256,512,512,4940,1275,10040.0,193957.16147557608,139390.27458700715,54566.88688856895,43215.12293362475,32065.40715465605,11149.715778968697,0.015453927807015749,0.01337799207694132,0.5157796343989558,-0.0203497281145389
171,outdoor,scene_00023,outdoor/scene_00023/scan_00200,val/outdoor/scene_00023/scan_00200/00023_00200_outdoor_050_020.png,6,1,2,512,256,768,512,60857,2107,69285.0,13375.034790236274,12192.535959442575,1182.4988307936985,5175.586770759825,4742.398456745783,433.18831401404225,0.029525625951358367,0.01176849233476943,0.5443317811721793,0.00290713764696499
171,outdoor,scene_00023,outdoor/scene_00023/scan_00200,val/outdoor/scene_00023/scan_00200/00023_00200_outdoor_050_020.png,7,1,3,768,256,1024,512,65434,5288,86586.0,21299.749851248136,21973.891245881,-674.1413946328674,12735.097282314724,12883.058593638065,-147.9613113233411,0.01774352489428213,0.04153118852958344,1.2443717213027492,1.3956078299283126
171,outdoor,scene_00023,outdoor/scene_00023/scan_00200,val/outdoor/scene_00023/scan_00200/00023_00200_outdoor_050_020.png,8,2,0,0,512,256,768,43623,9111,80067.0,73749.79618208474,72477.4708535164,1272.3253285683443,28433.260209373075,27978.212216029704,455.04799334337014,0.022807751063137472,0.009518129324522229,0.29549819069170313,0.13440518091739023
171,outdoor,scene_00023,outdoor/scene_00023/scan_00200,val/outdoor/scene_00023/scan_00200/00023_00200_outdoor_050_020.png,9,2,1,256,512,512,768,39833,13306,93057.0,228833.90799573922,218637.11177225655,10196.79622348266,62459.907350470945,60337.23374062836,2122.6736098425795,0.025583305572229043,0.013571270740376885,0.40882208004118287,-0.00534426567635324
171,outdoor,scene_00023,outdoor/scene_00023/scan_00200,val/outdoor/scene_00023/scan_00200/00023_00200_outdoor_050_020.png,10,2,2,512,512,768,768,63834,2235,72774.0,20094.358552585567,20270.277947760143,-175.9193951745787,9205.381721086651,9253.803642290724,-48.42192120407246,0.034818939479497726,0.010620325078449568,0.5455372496023196,0.0505746918764082
171,outdoor,scene_00023,outdoor/scene_00023/scan_00200,val/outdoor/scene_00023/scan_00200/00023_00200_outdoor_050_020.png,11,2,3,768,512,1024,768,65295,3109,77731.0,28875.75286229082,30341.674339152647,-1465.921476861822,16765.801760139115,17291.47754525944,-525.6757851203243,0.023809489626452743,0.03931894395331579,2.001071498845535,-0.47285725000716694
172,outdoor,scene_00023,outdoor/scene_00023/scan_00200,val/outdoor/scene_00023/scan_00200/00023_00200_outdoor_090_010.png,0,0,0,0,0,256,256,7494,3222,20382.0,774725.9181531293,720013.0044474122,54712.9137057172,258102.41322963842,248572.5405380458,9529.872691592593,0.01843110584434305,0.019411946098606657,0.815549273417902,0.007924645543886642
172,outdoor,scene_00023,outdoor/scene_00023/scan_00200,val/outdoor/scene_00023/scan_00200/00023_00200_outdoor_090_010.png,1,0,1,256,0,512,256,20237,10393,61809.0,553485.0037582562,555496.099814958,-2011.0960567018537,186547.46678978152,182854.63579247563,3692.830997305862,0.03454657473754511,0.055623824289766505,0.7742456795776899,0.06735809132003445
172,outdoor,scene_00023,outdoor/scene_00023/scan_00200,val/outdoor/scene_00023/scan_00200/00023_00200_outdoor_090_010.png,2,0,2,512,0,768,256,15378,3937,31126.0,397922.0756575066,413051.1529726187,-15129.077315112048,151916.75047620872,154698.54534807822,-2781.7948718695116,0.020772585457739544,0.017386140585213577,0.3879331244337695,0.007393463581531778
172,outdoor,scene_00023,outdoor/scene_00023/scan_00200,val/outdoor/scene_00023/scan_00200/00023_00200_outdoor_090_010.png,3,0,3,768,0,1024,256,6214,2117,14682.0,512263.73078548274,528495.008310963,-16231.27752548031,142841.56684070392,148666.46460159266,-5824.8977608887435,0.011131629570085266,0.00937067917475109,0.3290694037076803,0.003571875236044038
172,outdoor,scene_00023,outdoor/scene_00023/scan_00200,val/outdoor/scene_00023/scan_00200/00023_00200_outdoor_090_010.png,4,1,0,0,256,256,512,43239,5047,63427.0,173630.97401795292,174597.33112972992,-966.3571117769884,51775.41637937044,52155.47855119768,-380.06217182724055,0.03161236110138635,0.014964505247796602,0.5460684644061112,0.5410770541647927
172,outdoor,scene_00023,outdoor/scene_00023/scan_00200,val/outdoor/scene_00023/scan_00200/00023_00200_outdoor_090_010.png,5,1,1,256,256,512,512,42217,5660,64857.0,171736.26493463843,169955.03440832288,1781.2305263155815,56451.84953499638,55802.85645918155,648.9930758148255,0.034649559810850675,0.01981079342743633,0.5197012567784429,0.3760177416401282
172,outdoor,scene_00023,outdoor/scene_00023/scan_00200,val/outdoor/scene_00023/scan_00200/00023_00200_outdoor_090_010.png,6,1,2,512,256,768,512,40703,6593,67075.0,186786.7595837758,186552.15697835165,234.60260542417123,61195.24684429054,61235.79009522212,-40.54325093158326,0.023307112011354172,0.019832792747873734,0.6656746743233015,0.14528152211948023
172,outdoor,scene_00023,outdoor/scene_00023/scan_00200,val/outdoor/scene_00023/scan_00200/00023_00200_outdoor_090_010.png,7,1,3,768,256,1024,512,36821,8039,68977.0,340669.40789838356,342594.41243011516,-1925.004531731574,100011.1988308955,100485.83369972148,-474.6348688259823,0.023740411681317894,0.02462176143153274,0.7908743745094983,0.06146617712017666
172,outdoor,scene_00023,outdoor/scene_00023/scan_00200,val/outdoor/scene_00023/scan_00200/00023_00200_outdoor_090_010.png,8,2,0,0,512,256,768,65536,0,65536.0,5973.148908278252,5967.889245197412,5.259663080840807,5973.148908278252,5967.889245197412,5.259663080840807,0.013424049548501876,0.023266338773326345,0.8920103965952364,2.084522656900979
172,outdoor,scene_00023,outdoor/scene_00023/scan_00200,val/outdoor/scene_00023/scan_00200/00023_00200_outdoor_090_010.png,9,2,1,256,512,512,768,64580,136,65124.0,6870.9843109220465,6866.473332678491,4.5109782435555985,6602.971583277669,6598.39180251923,4.57978075843884,0.01423471648382937,0.023143861793499594,0.9860060079427999,1.9775341144768903
172,outdoor,scene_00023,outdoor/scene_00023/scan_00200,val/outdoor/scene_00023/scan_00200/00023_00200_outdoor_090_010.png,10,2,2,512,512,768,768,63289,1125,67789.0,15197.699022225343,15141.58226300505,56.11675922029329,8925.151082611572,8897.861091658468,27.28999095310386,0.016864876671209714,0.024064774036555808,1.0514759688561328,1.9356920795418446
172,outdoor,scene_00023,outdoor/scene_00023/scan_00200,val/outdoor/scene_00023/scan_00200/00023_00200_outdoor_090_010.png,11,2,3,768,512,1024,768,64954,603,67366.0,11361.850633655846,11390.751131714882,-28.90049805903705,9110.41109703834,9125.340185933534,-14.929088895192894,0.012444350298741663,0.02116039710090649,0.8899765025869535,3.3483406337246446
173,outdoor,scene_00023,outdoor/scene_00023/scan_00200,val/outdoor/scene_00023/scan_00200/00023_00200_outdoor_100_020.png,0,0,0,0,0,256,256,9683,1548,15875.0,138274.33543406997,114696.65669280256,23577.678741267413,81211.69391103764,67596.17541077355,13615.51850026409,0.01848431353804035,0.04193375557976489,1.571632311603333,-0.014635720985018336
173,outdoor,scene_00023,outdoor/scene_00023/scan_00200,val/outdoor/scene_00023/scan_00200/00023_00200_outdoor_100_020.png,1,0,1,256,0,512,256,303,166,967.0,68789.66278175573,68607.65172066899,182.01106108674043,20054.513226457126,20006.714454017452,47.798772439676014,0.008253267723625791,0.0025376003809180155,0.9135998519760218,-0.022352704589370866
173,outdoor,scene_00023,outdoor/scene_00023/scan_00200,val/outdoor/scene_00023/scan_00200/00023_00200_outdoor_100_020.png,2,0,2,512,0,768,256,746,351,2150.0,88429.59396860696,87107.61420208629,1321.9797665206825,28827.49995788872,28418.501158710445,408.99879917827695,0.008294912021611818,0.006524283179038365,0.2662258211109077,-0.010803166398617305
173,outdoor,scene_00023,outdoor/scene_00023/scan_00200,val/outdoor/scene_00023/scan_00200/00023_00200_outdoor_100_020.png,3,0,3,768,0,1024,256,166,4,182.0,3115.482885139266,3278.8969713660326,-163.41408622676664,3067.1340213801586,3230.2444497777315,-163.11042839757363,0.008368494073061943,0.0005265373818899986,0.00012315840616168567,-3.775094929549161e-05
173,outdoor,scene_00023,outdoor/scene_00023/scan_00200,val/outdoor/scene_00023/scan_00200/00023_00200_outdoor_100_020.png,4,1,0,0,256,256,512,27394,3334,40730.0,114561.27693929538,98898.93254995662,15662.344389338758,65841.1618568126,55497.63054012379,10343.531316688815,0.04890351239668238,0.06919231089966482,1.015957361385318,0.5782457910206874
173,outdoor,scene_00023,outdoor/scene_00023/scan_00200,val/outdoor/scene_00023/scan_00200/00023_00200_outdoor_100_020.png,5,1,1,256,256,512,512,8512,3143,21084.0,1086713.8108783755,913403.7961860545,173310.014692321,337156.76706908963,286082.05937918613,51074.70768990352,0.0229811374179371,0.04434054621908122,0.8925399188658835,0.01157318135559077
173,outdoor,scene_00023,outdoor/scene_00023/scan_00200,val/outdoor/scene_00023/scan_00200/00023_00200_outdoor_100_020.png,6,1,2,512,256,768,512,20710,6185,45450.0,453901.58206745307,380004.11884112173,73897.46322633128,198211.69505506774,167783.56369099335,30428.131364074383,0.03500557883280631,0.08684802107378745,0.7988626093396357,0.04891705859205112
173,outdoor,scene_00023,outdoor/scene_00023/scan_00200,val/outdoor/scene_00023/scan_00200/00023_00200_outdoor_100_020.png,7,1,3,768,256,1024,512,18358,2941,30122.0,566677.954616702,557276.4358537457,9401.518762956353,217005.9993976659,212525.7917246775,4480.2076729883975,0.021293952788883345,0.023890378744118597,0.410577074915396,0.006967229130326395
173,outdoor,scene_00023,outdoor/scene_00023/scan_00200,val/outdoor/scene_00023/scan_00200/00023_00200_outdoor_100_020.png,8,2,0,0,512,256,768,48037,1389,53593.0,26850.91819551706,27340.3869201022,-489.4687245851358,20869.70819160764,21279.216320671017,-409.5081290633779,0.028331210990585665,0.019132675724746865,0.6526697070779943,1.3969126381640953
173,outdoor,scene_00023,outdoor/scene_00023/scan_00200,val/outdoor/scene_00023/scan_00200/00023_00200_outdoor_100_020.png,9,2,1,256,512,512,768,47870,2867,59338.0,116498.55722241638,116547.42927544887,-48.87205303250179,48174.58357179344,48241.715142835266,-67.13157104182591,0.029617204387087946,0.018537968073925735,0.7322197746637236,0.5919617674370911
173,outdoor,scene_00023,outdoor/scene_00023/scan_00200,val/outdoor/scene_00023/scan_00200/00023_00200_outdoor_100_020.png,10,2,2,512,512,768,768,46633,2158,55265.0,47537.34959112189,47689.333436220404,-151.98384509850828,25904.7315468772,25985.747427713235,-81.01588083603457,0.03177596637473036,0.023286486079939026,0.6984899784589831,0.33986754828497084
173,outdoor,scene_00023,outdoor/scene_00023/scan_00200,val/outdoor/scene_00023/scan_00200/00023_00200_outdoor_100_020.png,11,2,3,768,512,1024,768,43264,2842,54632.0,84874.49715546839,83483.26086865031,1391.236286818064,38164.394471291875,37656.56799236137,507.82647893050364,0.02141703219710069,0.028401100701238597,0.9889593500106467,0.3500824793216253
174,outdoor,scene_00023,outdoor/scene_00023/scan_00200,val/outdoor/scene_00023/scan_00200/00023_00200_outdoor_120_010.png,0,0,0,0,0,256,256,23888,5649,46484.0,252917.2044938459,242348.93845379355,10568.26604005235,156008.4979232333,148628.39649572724,7380.101427506096,0.04188244590811554,0.03098992195647127,0.7247499461532481,0.3248203853607287
174,outdoor,scene_00023,outdoor/scene_00023/scan_00200,val/outdoor/scene_00023/scan_00200/00023_00200_outdoor_120_010.png,1,0,1,256,0,512,256,8457,4552,26665.0,1262367.718274345,1137651.864465727,124715.85380861808,387127.5067019148,351859.78461808024,35267.72208383451,0.02231231682063342,0.029457113712526493,1.152792509702109,-0.015454391687984716
174,outdoor,scene_00023,outdoor/scene_00023/scan_00200,val/outdoor/scene_00023/scan_00200/00023_00200_outdoor_120_010.png,2,0,2,512,0,768,256,25431,7856,56855.0,163351.98029977217,160516.9578005349,2835.022499237304,78946.83390860865,77430.559650673,1516.2742579356322,0.04375333396878434,0.04029065197259149,1.1119835213084899,0.11380823714191358
174,outdoor,scene_00023,outdoor/scene_00023/scan_00200,val/outdoor/scene_00023/scan_00200/00023_00200_outdoor_120_010.png,3,0,3,768,0,1024,256,10751,6571,37035.0,1337037.7176591533,1350396.2165654912,-13358.498906337867,382151.4068256119,385895.90421600285,-3744.497390390905,0.023468125070173443,0.012942965571470911,0.5904730453601751,0.0039959789001376015
174,outdoor,scene_00023,outdoor/scene_00023/scan_00200,val/outdoor/scene_00023/scan_00200/00023_00200_outdoor_120_010.png,4,1,0,0,256,256,512,48984,4036,65128.0,31363.227176382734,31562.140094613133,-198.91291823039654,20216.18431770083,20351.749371162194,-135.56505346136234,0.026387326353570505,0.0126417616372205,0.5639156588490393,1.0837456527104854
174,outdoor,scene_00023,outdoor/scene_00023/scan_00200,val/outdoor/scene_00023/scan_00200/00023_00200_outdoor_120_010.png,5,1,1,256,256,512,512,42360,10025,82460.0,227126.71158961087,230148.45713646983,-3021.745546859005,69750.08764165331,70780.55664261934,-1030.4690009660444,0.034632261534297146,0.012536867518786143,0.5498562228304364,0.7133282895179944
174,outdoor,scene_00023,outdoor/scene_00023/scan_00200,val/outdoor/scene_00023/scan_00200/00023_00200_outdoor_120_010.png,6,1,2,512,256,768,512,44779,5057,65007.0,43871.49165148102,44620.94965680939,-749.4580053283709,22159.39607752285,22632.32696753391,-472.93089001105693,0.03290194938930281,0.019831227506768027,0.5854589062222156,0.5923438273708557
174,outdoor,scene_00023,outdoor/scene_00023/scan_00200,val/outdoor/scene_00023/scan_00200/00023_00200_outdoor_120_010.png,7,1,3,768,256,1024,512,43571,7072,71859.0,263916.07548522024,264057.37881834654,-141.30333312635395,79294.84623911882,79435.41500220701,-140.56876308819224,0.03197587015382819,0.018056786030404715,0.6039785538568546,0.16046335178444554
174,outdoor,scene_00023,outdoor/scene_00023/scan_00200,val/outdoor/scene_00023/scan_00200/00023_00200_outdoor_120_010.png,8,2,0,0,512,256,768,65536,0,65536.0,18735.46229125146,18728.073538864202,7.388752387254737,18735.46229125146,18728.073538864202,7.388752387254737,0.01249003198881991,0.025384112312257307,0.9853972266305663,2.48368437461636
174,outdoor,scene_00023,outdoor/scene_00023/scan_00200,val/outdoor/scene_00023/scan_00200/00023_00200_outdoor_120_010.png,9,2,1,256,512,512,768,65536,0,65536.0,19655.4746658265,19650.92479356189,4.54987226460628,19655.4746658265,19650.92479356189,4.54987226460628,0.0125441458939634,0.02543774812750859,0.9654752228267072,2.0725877474632903
174,outdoor,scene_00023,outdoor/scene_00023/scan_00200,val/outdoor/scene_00023/scan_00200/00023_00200_outdoor_120_010.png,10,2,2,512,512,768,768,65536,0,65536.0,19309.844278295837,19305.966391423142,3.8778868726967275,19309.844278295837,19305.966391423142,3.8778868726967275,0.012519529012339511,0.025440535691898414,0.9500517319263223,2.1330930589733734
174,outdoor,scene_00023,outdoor/scene_00023/scan_00200,val/outdoor/scene_00023/scan_00200/00023_00200_outdoor_120_010.png,11,2,3,768,512,1024,768,65536,0,65536.0,20374.059755322825,20371.57547643993,2.4842788828898614,20374.059755322825,20371.57547643993,2.4842788828898614,0.013595265590343197,0.025411594336761042,1.0228316754762097,2.0790885773484007
175,outdoor,scene_00023,outdoor/scene_00023/scan_00200,val/outdoor/scene_00023/scan_00200/00023_00200_outdoor_130_020.png,0,0,0,0,0,256,256,8483,3363,21935.0,666907.0292154582,664325.3342750822,2581.6949403759877,196902.89851248974,198220.27294961826,-1317.374437128504,0.028854602592598866,0.05105019154541728,1.0543361974519792,0.00555298734328112
175,outdoor,scene_00023,outdoor/scene_00023/scan_00200,val/outdoor/scene_00023/scan_00200/00023_00200_outdoor_130_020.png,1,0,1,256,0,512,256,9790,437,11538.0,110452.80660683016,94084.97582517409,16367.830781656054,99525.73481719747,84985.73629925666,14539.998517940816,0.022185909500210522,0.0483826272358206,0.9841949530553361,-6.714758845909138e-05
175,outdoor,scene_00023,outdoor/scene_00023/scan_00200,val/outdoor/scene_00023/scan_00200/00023_00200_outdoor_130_020.png,2,0,2,512,0,768,256,1755,696,4539.0,229971.92345115193,219507.27464523728,10464.648805914656,64284.48669637462,59937.34419657746,4347.1424997971535,0.009345742771024837,0.00737706820362464,1.225044573333265,-0.001485784019305233
175,outdoor,scene_00023,outdoor/scene_00023/scan_00200,val/outdoor/scene_00023/scan_00200/00023_00200_outdoor_130_020.png,3,0,3,768,0,1024,256,7059,391,8623.0,86872.81885424026,68597.92194983893,18274.896904401343,72959.66884721469,54935.75460917752,18023.914238037174,0.01506182660534017,0.028409634267174026,1.093665610435384,-0.031850009917235675
175,outdoor,scene_00023,outdoor/scene_00023/scan_00200,val/outdoor/scene_00023/scan_00200/00023_00200_outdoor_130_020.png,4,1,0,0,256,256,512,20316,7090,48676.0,1373273.012873171,1185557.9437049231,187715.0691682477,439222.67414014065,384695.38722017466,54527.286919965896,0.049060466611230105,0.06688168603442655,0.9312746622523607,0.059901117791287636
175,outdoor,scene_00023,outdoor/scene_00023/scan_00200,val/outdoor/scene_00023/scan_00200/00023_00200_outdoor_130_020.png,5,1,1,256,256,512,512,24037,1000,28037.0,244814.81949715983,215484.54433120776,29330.275165952036,230224.29167098753,201125.5884956022,29098.703175385308,0.04327103701801512,0.07206247237838884,0.9541927146224276,0.07377518579842728
175,outdoor,scene_00023,outdoor/scene_00023/scan_00200,val/outdoor/scene_00023/scan_00200/00023_00200_outdoor_130_020.png,6,1,2,512,256,768,512,9803,3066,22067.0,977804.2080289235,893016.1412601136,84788.06676881017,375786.48939459806,341422.5799642393,34363.90943035873,0.030916088709117853,0.037210425525036374,1.0785390895960927,-0.015118581484681022
175,outdoor,scene_00023,outdoor/scene_00023/scan_00200,val/outdoor/scene_00023/scan_00200/00023_00200_outdoor_130_020.png,7,1,3,768,256,1024,512,25584,1190,30344.0,98010.92204731732,98792.53326948844,-781.611222171123,88700.71438625362,89421.54360453333,-720.8292182797134,0.04190991194972893,0.04582259748834328,1.1037111966809168,0.1705190787564699
175,outdoor,scene_00023,outdoor/scene_00023/scan_00200,val/outdoor/scene_00023/scan_00200/00023_00200_outdoor_130_020.png,8,2,0,0,512,256,768,51904,6949,79700.0,137316.48960997045,139256.31338425726,-1939.8237742867946,48258.54287243349,48875.74466503208,-617.2017925985837,0.027413598932733606,0.021093532735799024,0.8241602472228379,0.8120786857853085
175,outdoor,scene_00023,outdoor/scene_00023/scan_00200,val/outdoor/scene_00023/scan_00200/00023_00200_outdoor_130_020.png,9,2,1,256,512,512,768,51346,624,53842.0,25986.34938425071,26086.225791090204,-99.87640683949431,24543.455326532196,24633.55615510286,-90.1008285706615,0.024300065517241343,0.019140403371588725,0.7835445156223713,1.057054816695813
175,outdoor,scene_00023,outdoor/scene_00023/scan_00200,val/outdoor/scene_00023/scan_00200/00023_00200_outdoor_130_020.png,10,2,2,512,512,768,768,46550,4947,66338.0,127225.32637727582,127533.67901157335,-308.3526342975439,51422.06726624274,51708.0297363625,-285.96247011975106,0.028656842836999877,0.017982364053313993,0.7112306769704325,0.9762158476253407
175,outdoor,scene_00023,outdoor/scene_00023/scan_00200,val/outdoor/scene_00023/scan_00200/00023_00200_outdoor_130_020.png,11,2,3,768,512,1024,768,48701,523,50793.0,22876.619015699645,23192.33252655887,-315.7135108592242,21536.339070125036,21865.593558372995,-329.25448824795967,0.029117149822859102,0.021394156888253413,0.7555575457212955,1.039606118530997
176,outdoor,scene_00023,outdoor/scene_00023/scan_00200,val/outdoor/scene_00023/scan_00200/00023_00200_outdoor_190_030.png,0,0,0,0,0,256,256,1686,266,2750.0,62040.8923630677,19103.633760937017,42937.25860213068,37488.65128687986,10113.0780733737,27375.573213506163,0.013856053247588481,0.022734394034583806,0.05416301056319145,-0.0075630735005179
176,outdoor,scene_00023,outdoor/scene_00023/scan_00200,val/outdoor/scene_00023/scan_00200/00023_00200_outdoor_190_030.png,1,0,1,256,0,512,256,10182,156,10806.0,186531.59004420027,179868.64005485558,6662.9499893447155,80040.93874731686,73514.14779384059,6526.790953476273,0.011707045024993964,0.03536541104330174,0.8269914726154173,1.0247504541480966e-05
176,outdoor,scene_00023,outdoor/scene_00023/scan_00200,val/outdoor/scene_00023/scan_00200/00023_00200_outdoor_190_030.png,2,0,2,512,0,768,256,354,46,538.0,451.8192123446232,427.9192755191243,23.899936825498944,319.3938215778687,296.31003249069556,23.08378908717315,0.009383888223658855,0.0023271247591752633,0.28297604717631053,0.0
176,outdoor,scene_00023,outdoor/scene_00023/scan_00200,val/outdoor/scene_00023/scan_00200/00023_00200_outdoor_190_030.png,3,0,3,768,0,1024,256,0,0,0.0,0.0,0.0,0.0,0.0,0.0,0.0,0.008620055832165772,0.0,0.17153776858062728,-0.0008700387389357866
176,outdoor,scene_00023,outdoor/scene_00023/scan_00200,val/outdoor/scene_00023/scan_00200/00023_00200_outdoor_190_030.png,4,1,0,0,256,256,512,3544,275,4644.0,6822.287966791075,5090.211093585379,1732.0768732056956,5354.8075574922095,3981.0945678450666,1373.7129896471424,0.028526952582817584,0.020242709470307218,0.27978544612705114,-0.0013638136177293598
176,outdoor,scene_00023,outdoor/scene_00023/scan_00200,val/outdoor/scene_00023/scan_00200/00023_00200_outdoor_190_030.png,5,1,1,256,256,512,512,13510,570,15790.0,209638.82102485234,187103.74116867175,22535.079856180593,80908.09574285339,69925.76848460785,10982.327258245541,0.01605730625014637,0.04985155316172041,0.9129379530342815,0.0035765878046738527
176,outdoor,scene_00023,outdoor/scene_00023/scan_00200,val/outdoor/scene_00023/scan_00200/00023_00200_outdoor_190_030.png,6,1,2,512,256,768,512,8847,757,11875.0,41170.172440197406,36979.50274021547,4190.669699981935,37511.543037590985,33066.14926441144,4445.393773179546,0.023536206260346273,0.018418038475041077,0.40788865949350245,-0.004667593357748708
176,outdoor,scene_00023,outdoor/scene_00023/scan_00200,val/outdoor/scene_00023/scan_00200/00023_00200_outdoor_190_030.png,7,1,3,768,256,1024,512,3921,197,4709.0,58115.592944562944,55678.56700303985,2437.0259415230976,37943.401575836266,35527.85157437094,2415.5500014653257,0.010638943042202456,0.004719731934330917,0.25451967280509874,-0.00446782720368951
176,outdoor,scene_00023,outdoor/scene_00023/scan_00200,val/outdoor/scene_00023/scan_00200/00023_00200_outdoor_190_030.png,8,2,0,0,512,256,768,19628,1082,23956.0,23211.29230178069,23375.821246423722,-164.5289446430338,20042.281333250172,20203.496617802528,-161.2152845523566,0.02911410866652877,0.007007551714519969,0.2481805934214947,0.025771732595751506
176,outdoor,scene_00023,outdoor/scene_00023/scan_00200,val/outdoor/scene_00023/scan_00200/00023_00200_outdoor_190_030.png,9,2,1,256,512,512,768,31586,5192,52354.0,428312.8264082139,384516.06381544186,43796.76259277204,158425.23899671223,146068.4969249238,12356.742071788458,0.021127093178144152,0.05267499931662948,1.012598920844108,0.02059624940724801
176,outdoor,scene_00023,outdoor/scene_00023/scan_00200,val/outdoor/scene_00023/scan_00200/00023_00200_outdoor_190_030.png,10,2,2,512,512,768,768,24632,2530,34752.0,67063.94129193385,56789.56526850551,10274.37602342834,37816.10605119464,29722.552071466922,8093.553979727714,0.03284737684946198,0.011403931604823012,0.3468100680366907,0.10056435092979067
176,outdoor,scene_00023,outdoor/scene_00023/scan_00200,val/outdoor/scene_00023/scan_00200/00023_00200_outdoor_190_030.png,11,2,3,768,512,1024,768,11245,1642,17813.0,161296.4071299763,159526.16831987438,1770.2388101018682,62411.40116747125,61384.16078661497,1027.2403808562815,0.021408868390762135,0.0067745758722806484,0.3375523206784126,0.09697140544374408
177,outdoor,scene_00023,outdoor/scene_00023/scan_00200,val/outdoor/scene_00023/scan_00200/00023_00200_outdoor_210_030.png,0,0,0,0,0,256,256,15036,341,16400.0,32309.38812920594,44318.786611781885,-12009.398482575947,27190.258479937835,37183.857922340336,-9993.599442402505,0.01285025173923652,0.014856996200186098,0.8738191738594459,0.0021599052666543186
177,outdoor,scene_00023,outdoor/scene_00023/scan_00200,val/outdoor/scene_00023/scan_00200/00023_00200_outdoor_210_030.png,1,0,1,256,0,512,256,444,140,1004.0,40705.91744525,34644.987897445135,6060.929547804872,18568.902129863483,16006.386252967277,2562.5158768962056,0.01446608376028542,0.010499725990232273,0.2279062875531169,-0.011156422953960132
177,outdoor,scene_00023,outdoor/scene_00023/scan_00200,val/outdoor/scene_00023/scan_00200/00023_00200_outdoor_210_030.png,2,0,2,512,0,768,256,4148,80,4468.0,23671.632511338175,12398.285665268748,11273.346846069431,18919.80072357748,8836.169377279854,10083.631346297621,0.013243841596700674,0.03303375401331459,0.7754143074530908,0.002991180230055845
177,outdoor,scene_00023,outdoor/scene_00023/scan_00200,val/outdoor/scene_00023/scan_00200/00023_00200_outdoor_210_030.png,3,0,3,768,0,1024,256,7699,208,8531.0,233516.38695800648,180584.51914547896,52931.867812527526,79467.54541273863,60022.81742696435,19444.727985774287,0.012078469003407786,0.018927938744299367,0.6436830668536025,0.006268861900564115
177,outdoor,scene_00023,outdoor/scene_00023/scan_00200,val/outdoor/scene_00023/scan_00200/00023_00200_outdoor_210_030.png,4,1,0,0,256,256,512,9839,392,11407.0,15957.4922325626,19776.41433107091,-3818.922098508313,14870.602816260769,18649.277140032365,-3778.674323771596,0.01228501954762145,0.017259389578972974,0.9661625161688092,-0.0013057245960173105
177,outdoor,scene_00023,outdoor/scene_00023/scan_00200,val/outdoor/scene_00023/scan_00200/00023_00200_outdoor_210_030.png,5,1,1,256,256,512,512,2333,747,5321.0,107340.7522398853,64978.5484197341,42362.20382015122,32026.300781722428,20922.36567120954,11103.935110512886,0.022378780468353437,0.014021966036424544,0.37693947999786687,0.0005366580751895039
177,outdoor,scene_00023,outdoor/scene_00023/scan_00200,val/outdoor/scene_00023/scan_00200/00023_00200_outdoor_210_030.png,6,1,2,512,256,768,512,3407,57,3635.0,4965.111996596091,4617.668445364942,347.44355123114855,4711.211660206481,4437.227205058335,273.9844551481455,0.02498558997004205,0.019144236399904327,0.5835086085010223,0.004118097566001442
177,outdoor,scene_00023,outdoor/scene_00023/scan_00200,val/outdoor/scene_00023/scan_00200/00023_00200_outdoor_210_030.png,7,1,3,768,256,1024,512,14445,926,18149.0,306730.1782396338,303065.91690358036,3664.261336053466,90181.15663488723,88587.30991369329,1593.8467211939353,0.01685110783330091,0.04742704237388476,0.8068585916605833,0.001287621485119298
177,outdoor,scene_00023,outdoor/scene_00023/scan_00200,val/outdoor/scene_00023/scan_00200/00023_00200_outdoor_210_030.png,8,2,0,0,512,256,768,9180,63,9432.0,36646.53983805278,37803.740766003095,-1157.2009279503177,35688.0023340537,37062.63642800015,-1374.6340939464462,0.019967617787221992,0.024893872924482714,0.5497716471372324,-0.0018338302004543494
177,outdoor,scene_00023,outdoor/scene_00023/scan_00200,val/outdoor/scene_00023/scan_00200/00023_00200_outdoor_210_030.png,9,2,1,256,512,512,768,17069,3638,31621.0,44129.09011106257,44135.43822896933,-6.3481179067618285,24298.226729388603,24337.898589423534,-39.671860034927974,0.03578654814941916,0.0040028982746181975,0.16291894316341468,0.07801645206837583
177,outdoor,scene_00023,outdoor/scene_00023/scan_00200,val/outdoor/scene_00023/scan_00200/00023_00200_outdoor_210_030.png,10,2,2,512,512,768,768,19612,600,22012.0,24070.762311483937,22929.224042738584,1141.5382687453566,21846.141366702497,20703.510832826934,1142.6305338755649,0.027629576963718015,0.006615706023450786,0.5388748766003439,0.05960116443930777
177,outdoor,scene_00023,outdoor/scene_00023/scan_00200,val/outdoor/scene_00023/scan_00200/00023_00200_outdoor_210_030.png,11,2,3,768,512,1024,768,32765,6262,57813.0,576698.7085231008,473047.7868634338,103650.92165966699,176077.06545742688,149544.5134459645,26532.552011462387,0.021509374282524977,0.04595515151082914,0.9791834332070977,0.022504082786198403
178,outdoor,scene_00023,outdoor/scene_00023/scan_00200,val/outdoor/scene_00023/scan_00200/00023_00200_outdoor_310_020.png,0,0,0,0,0,256,256,11579,6623,38071.0,737481.0321085778,776210.1929257702,-38729.160817192285,223017.9354056687,234428.0432495057,-11410.107843836962,0.04245063520133682,0.008171627312450183,0.27159910337975235,0.005041175916042706
178,outdoor,scene_00023,outdoor/scene_00023/scan_00200,val/outdoor/scene_00023/scan_00200/00023_00200_outdoor_310_020.png,1,0,1,256,0,512,256,23474,2460,33314.0,28030.969215419515,26037.676637799435,1993.2925776200782,11577.927048254705,10435.255401762044,1142.6716464926603,0.020966856206790688,0.022795628422406837,0.7649270866562629,0.03980668854436751
178,outdoor,scene_00023,outdoor/scene_00023/scan_00200,val/outdoor/scene_00023/scan_00200/00023_00200_outdoor_310_020.png,2,0,2,512,0,768,256,63657,3257,76685.0,42884.49066674529,41522.63991085755,1361.8507558877368,16149.090663120916,15385.121755023165,763.9689080977511,0.022672255150734233,0.05111539566453984,0.5056455856940619,1.2772986182785755
178,outdoor,scene_00023,outdoor/scene_00023/scan_00200,val/outdoor/scene_00023/scan_00200/00023_00200_outdoor_310_020.png,3,0,3,768,0,1024,256,65286,1417,70954.0,12636.013022090683,12736.722339382632,-100.70931729195044,9029.815163643198,9087.370355652054,-57.55519200885653,0.027078472510426492,0.014013138763471579,0.36227093504634245,2.0515684093522677
178,outdoor,scene_00023,outdoor/scene_00023/scan_00200,val/outdoor/scene_00023/scan_00200/00023_00200_outdoor_310_020.png,4,1,0,0,256,256,512,26644,12440,76404.0,792580.6511788303,792445.5238940251,135.1272848051724,230073.11533892105,231778.6744716158,-1705.55913269475,0.03867548929558964,0.009166680471463674,0.2963123083841639,-0.0040760259417141976
178,outdoor,scene_00023,outdoor/scene_00023/scan_00200,val/outdoor/scene_00023/scan_00200/00023_00200_outdoor_310_020.png,5,1,1,256,256,512,512,34189,3376,47693.0,300722.92276467494,301546.61008699384,-823.6873223188948,191148.96066518815,190475.10828833558,673.8523768525117,0.03773296871845189,0.02586637024270669,0.8423056811957669,-0.018277937065671518
178,outdoor,scene_00023,outdoor/scene_00023/scan_00200,val/outdoor/scene_00023/scan_00200/00023_00200_outdoor_310_020.png,6,1,2,512,256,768,512,65431,1964,73287.0,15748.027945182115,15770.136905785106,-22.108960602989495,10151.613101980625,10170.274512692571,-18.661410711946775,0.013561512967534165,0.021018031635136145,0.5788377052478152,1.3373214118399195
178,outdoor,scene_00023,outdoor/scene_00023/scan_00200,val/outdoor/scene_00023/scan_00200/00023_00200_outdoor_310_020.png,7,1,3,768,256,1024,512,65163,1783,72295.0,15320.891623197705,15394.810434555106,-73.91881135739801,10221.57636631272,10259.797018021414,-38.220651708695414,0.01702840929338143,0.008475343828071066,0.49923306215104934,1.943393605673022
178,outdoor,scene_00023,outdoor/scene_00023/scan_00200,val/outdoor/scene_00023/scan_00200/00023_00200_outdoor_310_020.png,8,2,0,0,512,256,768,55060,7573,85352.0,165936.06184871134,165238.32220622065,697.739642490692,45124.98549998744,44669.49571958415,455.4897804032819,0.02580155192151893,0.007794334552582697,0.3339944564066194,0.05085537080660719
178,outdoor,scene_00023,outdoor/scene_00023/scan_00200,val/outdoor/scene_00023/scan_00200/00023_00200_outdoor_310_020.png,9,2,1,256,512,512,768,46491,3716,61355.0,97086.95253131587,91537.39344796569,5549.559083350181,61195.755795761215,59058.27545335588,2137.4803424053275,0.02624889386717674,0.024132184688632666,0.7776340088332991,0.02761585309507963
178,outdoor,scene_00023,outdoor/scene_00023/scan_00200,val/outdoor/scene_00023/scan_00200/00023_00200_outdoor_310_020.png,10,2,2,512,512,768,768,64989,3038,77141.0,21282.022776998063,21754.874441337888,-472.85166433982477,15734.868911816568,15967.131200247512,-232.2622884309457,0.02008918106692733,0.052411748409862166,0.6091826524842896,1.6429670998840302
178,outdoor,scene_00023,outdoor/scene_00023/scan_00200,val/outdoor/scene_00023/scan_00200/00023_00200_outdoor_310_020.png,11,2,3,768,512,1024,768,40405,8404,74021.0,71385.8679091759,71531.34921118278,-145.4813020068948,37211.69633018404,37253.6253276032,-41.92899741916116,0.0304906747990253,0.016829492780994812,0.5157034756520635,2.8181224187309417
179,outdoor,scene_00023,outdoor/scene_00023/scan_00200,val/outdoor/scene_00023/scan_00200/00023_00200_outdoor_340_010.png,0,0,0,0,0,256,256,65467,3950,81267.0,22155.401509305288,22158.616096851096,-3.2145875458078024,8776.911454367077,8839.17121212848,-62.259757761403876,0.014699721004555006,0.00686846997788586,0.4865872868164184,1.8993691961302388
179,outdoor,scene_00023,outdoor/scene_00023/scan_00200,val/outdoor/scene_00023/scan_00200/00023_00200_outdoor_340_010.png,1,0,1,256,0,512,256,65385,4702,84193.0,18570.94448899357,18103.799658334712,467.1448306588619,9022.02747102173,8883.99237839982,138.03509262190946,0.022447502361305053,0.025892834020662003,0.5275967539908278,1.7376134939097463
179,outdoor,scene_00023,outdoor/scene_00023/scan_00200,val/outdoor/scene_00023/scan_00200/00023_00200_outdoor_340_010.png,2,0,2,512,0,768,256,57293,10152,97901.0,216598.25402852855,183445.36413612968,33152.88989239885,61424.794796001486,51785.25544106519,9639.539354936293,0.03547846180506431,0.03720724505480974,0.674152112952803,0.5478596317156244
179,outdoor,scene_00023,outdoor/scene_00023/scan_00200,val/outdoor/scene_00023/scan_00200/00023_00200_outdoor_340_010.png,3,0,3,768,0,1024,256,17691,10358,59123.0,1190248.265844042,1114146.4799753379,76101.78586870423,365686.7036874187,341419.0274729892,24267.67621442952,0.033899255189601914,0.011977686698078801,0.40705852613818755,0.005658157453034044
179,outdoor,scene_00023,outdoor/scene_00023/scan_00200,val/outdoor/scene_00023/scan_00200/00023_00200_outdoor_340_010.png,4,1,0,0,256,256,512,64770,7199,93566.0,37377.95761616244,39559.61158274525,-2181.6539665828077,12334.227201027214,13137.625677010992,-803.3984759837776,0.021218612038846115,0.023827731888225144,0.4639488969044183,1.943317793677312
179,outdoor,scene_00023,outdoor/scene_00023/scan_00200,val/outdoor/scene_00023/scan_00200/00023_00200_outdoor_340_010.png,5,1,1,256,256,512,512,65184,9807,104412.0,43130.288018190295,43844.16879541221,-713.880777221915,14003.533877317408,14230.650257882502,-227.11638056509153,0.025041619718110395,0.03413366020367478,0.5102118368466346,1.7525117437697544
179,outdoor,scene_00023,outdoor/scene_00023/scan_00200,val/outdoor/scene_00023/scan_00200/00023_00200_outdoor_340_010.png,6,1,2,512,256,768,512,64573,6586,90917.0,32078.36647496859,32975.05806001976,-896.6915850511652,12501.827312641559,12610.113356913218,-108.28604427165682,0.024490566964034455,0.030584185971064076,0.5924536274617332,0.6324457665578553
179,outdoor,scene_00023,outdoor/scene_00023/scan_00200,val/outdoor/scene_00023/scan_00200/00023_00200_outdoor_340_010.png,7,1,3,768,256,1024,512,45253,11104,89669.0,255748.2615917647,255714.8817928905,33.37979887423012,69662.12602773678,69483.69181790111,178.4342098356721,0.02901721176160843,0.009670473569273872,0.42598374506050524,-0.03553789959538134
179,outdoor,scene_00023,outdoor/scene_00023/scan_00200,val/outdoor/scene_00023/scan_00200/00023_00200_outdoor_340_010.png,8,2,0,0,512,256,768,63990,2033,72122.0,12829.941872566695,13024.894373012525,-194.9525004458293,8631.82934156032,8680.715942500245,-48.88660093992332,0.014736641874811227,0.02365318704246104,0.6723603434401775,2.4784518930977333
179,outdoor,scene_00023,outdoor/scene_00023/scan_00200,val/outdoor/scene_00023/scan_00200/00023_00200_outdoor_340_010.png,9,2,1,256,512,512,768,65470,3878,80982.0,15979.813775815637,16068.821017051487,-89.00724123585036,9626.119902067543,9663.253152968815,-37.13325090127066,0.018189669429467013,0.019979509706915637,0.6489799921970213,2.270528027981187
179,outdoor,scene_00023,outdoor/scene_00023/scan_00200,val/outdoor/scene_00023/scan_00200/00023_00200_outdoor_340_010.png,10,2,2,512,512,768,768,65528,765,68588.0,9360.804463962846,9352.393571913384,8.410892049463188,8203.4062173862,8194.533550803972,8.872666582229474,0.013570866787297577,0.0215309424227075,0.7656507839840307,0.9909097542963686
179,outdoor,scene_00023,outdoor/scene_00023/scan_00200,val/outdoor/scene_00023/scan_00200/00023_00200_outdoor_340_010.png,11,2,3,768,512,1024,768,65536,9,65572.0,7751.340731287176,7745.5256578212775,5.815073465899103,7745.676847113473,7739.8622368920205,5.814610221453463,0.00985827294856442,0.021010344039165463,0.7385722681971602,0.19102180281780867
180,outdoor,scene_00024,outdoor/scene_00024/scan_00201,val/outdoor/scene_00024/scan_00201/00024_00201_outdoor_100_000.png,0,0,0,0,0,256,256,65290,1360,70730.0,11090.058409286192,11184.553569030819,-94.49515974462729,7326.456560009351,7349.017184277384,-22.560624268033266,0.05176237023229086,0.0038416888694872767,0.06711173534174636,1.0198238565510498
180,outdoor,scene_00024,outdoor/scene_00024/scan_00201,val/outdoor/scene_00024/scan_00201/00024_00201_outdoor_100_000.png,1,0,1,256,0,512,256,64758,6630,91278.0,64161.53707518591,65410.222109876326,-1248.6850346904266,16259.103736379777,16436.50715835883,-177.40342197905176,0.05963221652085347,0.005338970354740598,0.2611423839983994,0.7022976223934347
180,outdoor,scene_00024,outdoor/scene_00024/scan_00201,val/outdoor/scene_00024/scan_00201/00024_00201_outdoor_100_000.png,2,0,2,512,0,768,256,64272,2943,76044.0,19075.756834516636,19063.11979365787,12.637040858769925,9098.139833381465,9030.30579946844,67.83403391302295,0.06670426459743534,0.002381886683525479,0.15923476148522758,0.9222594154068212
180,outdoor,scene_00024,outdoor/scene_00024/scan_00201,val/outdoor/scene_00024/scan_00201/00024_00201_outdoor_100_000.png,3,0,3,768,0,1024,256,62607,16230,127527.0,91893.61777896888,91965.13741217254,-71.51963320367524,24622.752482460273,24683.02610224145,-60.27361978117666,0.06545271816382663,0.006255428020997323,0.4155981985043081,0.8253356352958783
180,outdoor,scene_00024,outdoor/scene_00024/scan_00201,val/outdoor/scene_00024/scan_00201/00024_00201_outdoor_100_000.png,4,1,0,0,256,256,512,64904,4386,82448.0,26680.767803671035,26721.184504468234,-40.41670079720151,15292.519075903543,15281.05102772159,11.468048181952803,0.060418778505013086,0.0161243627929034,0.6261504255818836,0.7708255948643472
180,outdoor,scene_00024,outdoor/scene_00024/scan_00201,val/outdoor/scene_00024/scan_00201/00024_00201_outdoor_100_000.png,5,1,1,256,256,512,512,63884,11690,110644.0,89435.76875959858,89640.84236084814,-205.0736012495775,27280.33769102193,27332.246169972776,-51.908478950838784,0.06925660824772431,0.02360634930239437,0.6497614104973517,0.8236550826568709
180,outdoor,scene_00024,outdoor/scene_00024/scan_00201,val/outdoor/scene_00024/scan_00201/00024_00201_outdoor_100_000.png,6,1,2,512,256,768,512,63524,8580,97844.0,36970.08962130171,36420.77507193488,549.3145493668338,16670.735023369223,16439.053139650827,231.68188371839543,0.07648370251142005,0.02907504467267258,0.6576145188523799,0.6533277991284866
180,outdoor,scene_00024,outdoor/scene_00024/scan_00201,val/outdoor/scene_00024/scan_00201/00024_00201_outdoor_100_000.png,7,1,3,768,256,1024,512,63794,11536,109938.0,61044.986924596466,60667.382300494,377.6046241024649,21128.354048892368,20985.450182391767,142.90386650059938,0.07425884140954384,0.02689591974812764,0.6549019056058014,1.0676399479454721
180,outdoor,scene_00024,outdoor/scene_00024/scan_00201,val/outdoor/scene_00024/scan_00201/00024_00201_outdoor_100_000.png,8,2,0,0,512,256,768,65533,1805,72753.0,25647.675295098772,25638.52421891431,9.151076184460605,24184.299155447916,24175.30978376294,8.989371684978138,0.10239641319768607,0.018250979469120836,1.2044931458506745,3.252191449227775
180,outdoor,scene_00024,outdoor/scene_00024/scan_00201,val/outdoor/scene_00024/scan_00201/00024_00201_outdoor_100_000.png,9,2,1,256,512,512,768,65490,4605,83910.0,29844.15743470838,29849.6119722987,-5.45453759031898,24491.14013283128,24496.63928002113,-5.499147189853692,0.1091029259842468,0.018126581773379537,1.0041215953778047,2.8058655204999763
180,outdoor,scene_00024,outdoor/scene_00024/scan_00201,val/outdoor/scene_00024/scan_00201/00024_00201_outdoor_100_000.png,10,2,2,512,512,768,768,65522,2433,75254.0,24978.635686693815,24980.834148395203,-2.198461701389044,22857.39711104163,22859.598104370118,-2.200993328487047,0.10175204154770559,0.018259847747447735,1.1758667253334671,2.833172799782692
180,outdoor,scene_00024,outdoor/scene_00024/scan_00201,val/outdoor/scene_00024/scan_00201/00024_00201_outdoor_100_000.png,11,2,3,768,512,1024,768,65434,5298,86626.0,29656.12587690474,29659.15875145839,-3.0328745536493975,23102.70013177098,23106.745668081643,-4.045536310665996,0.09860689594844982,0.01825058921747845,1.1268369039026658,2.5510722721842796
181,outdoor,scene_00024,outdoor/scene_00024/scan_00201,val/outdoor/scene_00024/scan_00201/00024_00201_outdoor_110_030.png,0,0,0,0,0,256,256,57158,5165,77818.0,41541.98526040042,41642.51711900291,-100.53185860249101,24388.154597700945,24405.021642010346,-16.86704430940072,0.06596080433722205,0.004591625275034963,0.5799661702327532,0.6540265623421428
181,outdoor,scene_00024,outdoor/scene_00024/scan_00201,val/outdoor/scene_00024/scan_00201/00024_00201_outdoor_110_030.png,1,0,1,256,0,512,256,54240,6568,80512.0,37635.44275860675,37456.95359969491,178.4891589118365,18981.701230016944,18937.499068695728,44.20216132121618,0.06917236331993978,0.005200813868120847,0.43638598870817313,1.0741146252444762
181,outdoor,scene_00024,outdoor/scene_00024/scan_00201,val/outdoor/scene_00024/scan_00201/00024_00201_outdoor_110_030.png,2,0,2,512,0,768,256,63839,5866,87303.0,29821.09906952879,29733.794055246854,87.30501428193791,16248.303862740424,16235.778783932548,12.525078807876367,0.07190215793731929,0.005438073703828087,0.3626827175755058,1.6127546052529784
181,outdoor,scene_00024,outdoor/scene_00024/scan_00201,val/outdoor/scene_00024/scan_00201/00024_00201_outdoor_110_030.png,3,0,3,768,0,1024,256,65472,7198,94264.0,14505.567180642061,14446.861659099282,58.70552154277906,5853.213048248394,5817.167596322665,36.04545192572901,0.06362419077970888,0.00638776241690012,0.4225024653230682,2.1176854088259924
181,outdoor,scene_00024,outdoor/scene_00024/scan_00201,val/outdoor/scene_00024/scan_00201/00024_00201_outdoor_110_030.png,4,1,0,0,256,256,512,65536,1606,71960.0,5458.891744884595,5445.067842309836,13.82390257475798,3942.5523590249622,3898.986911313858,43.56544771110446,0.054172447584975005,0.004759392531219882,0.20412350636317406,2.296615304211197
181,outdoor,scene_00024,outdoor/scene_00024/scan_00201,val/outdoor/scene_00024/scan_00201/00024_00201_outdoor_110_030.png,5,1,1,256,256,512,512,65536,834,68872.0,3878.9863811680807,3872.9499194594005,6.036461708680673,3237.503847230331,3233.878868842385,3.624978387945667,0.06185533919260591,0.00403840512719932,0.6494748180236497,0.9185015258792678
181,outdoor,scene_00024,outdoor/scene_00024/scan_00201,val/outdoor/scene_00024/scan_00201/00024_00201_outdoor_110_030.png,6,1,2,512,256,768,512,65530,2384,75066.0,6453.460624030986,6472.213921685481,-18.753297654495896,3599.643676212295,3609.0630929946233,-9.419416782328277,0.07133188206762299,0.004652135912319368,0.5551388398836278,1.8402551004435583
181,outdoor,scene_00024,outdoor/scene_00024/scan_00201,val/outdoor/scene_00024/scan_00201/00024_00201_outdoor_110_030.png,7,1,3,768,256,1024,512,62242,8022,94330.0,17744.088690589895,17836.647941278316,-92.55925068842379,8932.285454929915,8956.458221304823,-24.172766374907837,0.06512780977080855,0.006932054809496102,0.5334403509480747,2.2417599948232914
181,outdoor,scene_00024,outdoor/scene_00024/scan_00201,val/outdoor/scene_00024/scan_00201/00024_00201_outdoor_110_030.png,8,2,0,0,512,256,768,64866,19742,143834.0,50434.74781368222,50416.09270601525,18.65510766696287,12841.31973303985,12840.890259235415,0.4294738044367534,0.03700105123014533,0.00555484838645382,0.22684901740237295,2.720640547849748
181,outdoor,scene_00024,outdoor/scene_00024/scan_00201,val/outdoor/scene_00024/scan_00201/00024_00201_outdoor_110_030.png,9,2,1,256,512,512,768,65395,10277,106503.0,18232.209463849525,18284.804558463897,-52.59509461437091,10676.346602188372,10695.19643000551,-18.84982781713756,0.049690320292477684,0.007562494001455403,0.6145089242432517,2.017975301420778
181,outdoor,scene_00024,outdoor/scene_00024/scan_00201,val/outdoor/scene_00024/scan_00201/00024_00201_outdoor_110_030.png,10,2,2,512,512,768,768,65534,4713,84386.0,12739.792685576576,12746.202143304425,-6.409457727846675,9480.919586370224,9474.485567278183,6.434019092041632,0.05937309152860789,0.005599433499423663,0.4234009479241137,2.973759175040785
181,outdoor,scene_00024,outdoor/scene_00024/scan_00201,val/outdoor/scene_00024/scan_00201/00024_00201_outdoor_110_030.png,11,2,3,768,512,1024,768,60419,3203,73231.0,16210.55781455988,16231.458580260149,-20.90076570026899,13871.064819562836,13884.446982049427,-13.382162486590431,0.05684178636102235,0.007195201140925686,0.5165891164945782,3.152134503962528
182,outdoor,scene_00024,outdoor/scene_00024/scan_00201,val/outdoor/scene_00024/scan_00201/00024_00201_outdoor_110_050.png,0,0,0,0,0,256,256,45843,11819,93119.0,85148.38694935158,90171.87452642486,-5023.487577073281,19913.01125003468,20931.694273083373,-1018.6830230486904,0.06754856829356379,0.0192143287139966,0.7226034151280454,0.0006382116290771595
182,outdoor,scene_00024,outdoor/scene_00024/scan_00201,val/outdoor/scene_00024/scan_00201/00024_00201_outdoor_110_050.png,1,0,1,256,0,512,256,19903,1393,25475.0,31316.57091787071,31083.915756525,232.655161345711,8443.553703509746,8256.138084407277,187.4156191024693,0.055793625268722204,0.014968108467276225,0.7493451435531734,0.0007220225385556571
182,outdoor,scene_00024,outdoor/scene_00024/scan_00201,val/outdoor/scene_00024/scan_00201/00024_00201_outdoor_110_050.png,2,0,2,512,0,768,256,690,145,1270.0,6206.944614625774,5995.244323861309,211.7002907644664,1270.9836805682494,1228.5107892728695,42.47289129537976,0.04735404050197847,0.0030201494020111633,0.8354550859394284,8.854041436084242e-05
182,outdoor,scene_00024,outdoor/scene_00024/scan_00201,val/outdoor/scene_00024/scan_00201/00024_00201_outdoor_110_050.png,3,0,3,768,0,1024,256,1884,910,5524.0,7448.672928588176,5505.21202638864,1943.4609021995352,1581.591841772632,1183.9700363901827,397.6218053824495,0.053557983034900405,0.008056276613588967,1.0752799554234447,7.81478070549256e-06
182,outdoor,scene_00024,outdoor/scene_00024/scan_00201,val/outdoor/scene_00024/scan_00201/00024_00201_outdoor_110_050.png,4,1,0,0,256,256,512,65535,3675,80235.0,7135.704579210208,7156.446749238727,-20.742170028519187,3076.455517597362,3088.87872516181,-12.42320756444881,0.07830680000482493,0.004275634975387951,1.225436727369195,-1.5453143475610824
182,outdoor,scene_00024,outdoor/scene_00024/scan_00201,val/outdoor/scene_00024/scan_00201/00024_00201_outdoor_110_050.png,5,1,1,256,256,512,512,65529,3936,81273.0,8216.451519415541,8222.792036979685,-6.340517564142241,3002.9233575694925,3005.244843332836,-2.3214857633434103,0.07556375386802129,0.0036787181514241728,0.5132750271429748,1.1778983556052853
182,outdoor,scene_00024,outdoor/scene_00024/scan_00201,val/outdoor/scene_00024/scan_00201/00024_00201_outdoor_110_050.png,6,1,2,512,256,768,512,58919,3155,71539.0,23852.338231190224,23808.465617536425,43.87261365379955,6653.045423138511,6647.777409258394,5.268013880116673,0.07009851815101772,0.01780998977849268,0.894743364589509,0.12371617251020854
182,outdoor,scene_00024,outdoor/scene_00024/scan_00201,val/outdoor/scene_00024/scan_00201/00024_00201_outdoor_110_050.png,7,1,3,768,256,1024,512,60568,7444,90344.0,32371.277975551617,33899.02700646552,-1527.7490309139016,8201.517310503365,8557.567200831942,-356.04989032857804,0.0671547950016587,0.01690320518035391,1.0452822342208823,0.013144220748037885
182,outdoor,scene_00024,outdoor/scene_00024/scan_00201,val/outdoor/scene_00024/scan_00201/00024_00201_outdoor_110_050.png,8,2,0,0,512,256,768,56123,5643,78695.0,9927.606398008887,9890.985362262832,36.62103574605342,3541.948608657626,3515.342830053268,26.605778604358736,0.06391352179019763,0.0053085411572831075,0.3315491356997688,3.371092001003519
182,outdoor,scene_00024,outdoor/scene_00024/scan_00201,val/outdoor/scene_00024/scan_00201/00024_00201_outdoor_110_050.png,9,2,1,256,512,512,768,51290,6086,75634.0,9788.194955291368,9772.564562273208,15.63039301815937,3409.708712111818,3398.985595746057,10.723116365761143,0.06713606650768458,0.005255876490811038,0.35112292983291477,3.3110647914049527
182,outdoor,scene_00024,outdoor/scene_00024/scan_00201,val/outdoor/scene_00024/scan_00201/00024_00201_outdoor_110_050.png,10,2,2,512,512,768,768,63297,5613,85749.0,9835.061188747972,9799.554479659164,35.50670908880804,3638.349065357965,3624.6815237076707,13.667541650294165,0.07108969733586783,0.005263449080770948,0.3645358711144167,3.506202721544177
182,outdoor,scene_00024,outdoor/scene_00024/scan_00201,val/outdoor/scene_00024/scan_00201/00024_00201_outdoor_110_050.png,11,2,3,768,512,1024,768,65464,5686,88208.0,11666.054225925564,11674.938709319034,-8.884483393468939,7275.561612996704,7286.936875857951,-11.37526286124664,0.06316323317572195,0.006986048230096573,0.4807709538818117,3.8038510535086516
183,outdoor,scene_00024,outdoor/scene_00024/scan_00201,val/outdoor/scene_00024/scan_00201/00024_00201_outdoor_140_020.png,0,0,0,0,0,256,256,58210,3131,70734.0,15523.476590109216,16527.574450283017,-1004.0978601738007,9424.804826009919,9746.686663639975,-321.88183763005816,0.05437221854705248,0.010701691129100481,0.7152386424331661,0.23454789871581913
183,outdoor,scene_00024,outdoor/scene_00024/scan_00201,val/outdoor/scene_00024/scan_00201/00024_00201_outdoor_140_020.png,1,0,1,256,0,512,256,65533,1348,70925.0,9094.164584618082,9081.232325124178,12.932259493903807,6414.064037068963,6407.429169870722,6.634867198241249,0.05811670782331031,0.004358629710462219,0.25319870900554675,2.01493624314864
183,outdoor,scene_00024,outdoor/scene_00024/scan_00201,val/outdoor/scene_00024/scan_00201/00024_00201_outdoor_140_020.png,2,0,2,512,0,768,256,65525,1255,70545.0,5084.959180311765,5069.450997207812,15.508183103952344,3407.6005469948714,3400.095333136712,7.505213858158937,0.06050070131304043,0.00390154301353511,0.3702060516486825,1.9973822117088926
183,outdoor,scene_00024,outdoor/scene_00024/scan_00201,val/outdoor/scene_00024/scan_00201/00024_00201_outdoor_140_020.png,3,0,3,768,0,1024,256,65529,733,68461.0,3081.9362842275987,3105.622392199715,-23.68610797211583,2044.6730740296275,2058.602582421355,-13.929508391727095,0.05749937261199758,0.0036621814782009255,0.6731451409167809,1.9436600199287615
183,outdoor,scene_00024,outdoor/scene_00024/scan_00201,val/outdoor/scene_00024/scan_00201/00024_00201_outdoor_140_020.png,4,1,0,0,256,256,512,65325,7167,93993.0,51128.779365462215,51362.976661324,-234.19729586178636,14408.249781466997,14425.968284368653,-17.71850290165721,0.04432442611885668,0.006430284936184437,0.3129981394803001,1.6936165338141043
183,outdoor,scene_00024,outdoor/scene_00024/scan_00201,val/outdoor/scene_00024/scan_00201/00024_00201_outdoor_140_020.png,5,1,1,256,256,512,512,65536,276,66640.0,1757.2887509024185,1740.4104976812891,16.878253221129334,1612.1992481221769,1596.2814817697367,15.917766352440184,0.04612208734377753,0.004049770722616468,0.3015882460385273,2.1714702508772006
183,outdoor,scene_00024,outdoor/scene_00024/scan_00201,val/outdoor/scene_00024/scan_00201/00024_00201_outdoor_140_020.png,6,1,2,512,256,768,512,65532,1465,71392.0,3133.2731734571266,3144.363447507105,-11.090274049977893,2145.284722186707,2153.806013091714,-8.521290905007467,0.055206465852174244,0.003484963055688936,0.35118707155665696,2.419174309181348
183,outdoor,scene_00024,outdoor/scene_00024/scan_00201,val/outdoor/scene_00024/scan_00201/00024_00201_outdoor_140_020.png,7,1,3,768,256,1024,512,64781,15373,126273.0,45168.12021034461,45130.937052652866,37.183157691741286,13353.82817305755,13348.897375206503,4.930797851050036,0.03551167962648337,0.006837296615354687,0.27486186450078487,3.138451059532631
183,outdoor,scene_00024,outdoor/scene_00024/scan_00201,val/outdoor/scene_00024/scan_00201/00024_00201_outdoor_140_020.png,8,2,0,0,512,256,768,64647,15169,125323.0,135488.72890855715,135725.84301188367,-237.11410332653887,32089.677225047293,32154.620410877076,-64.94318582978252,0.0552816125763937,0.011416716305350941,0.3771227162800737,2.6316039691827413
183,outdoor,scene_00024,outdoor/scene_00024/scan_00201,val/outdoor/scene_00024/scan_00201/00024_00201_outdoor_140_020.png,9,2,1,256,512,512,768,61299,10862,104747.0,41278.89185983273,41212.30884706693,66.58301276580617,11438.160050948834,11465.654829570984,-27.49477862215104,0.0529056176039962,0.010497260504799754,0.1668734482450589,3.3367510400271656
183,outdoor,scene_00024,outdoor/scene_00024/scan_00201,val/outdoor/scene_00024/scan_00201/00024_00201_outdoor_140_020.png,10,2,2,512,512,768,768,64852,10464,106708.0,22156.978431467174,21863.125513631705,293.85291783547325,6954.883190306777,6840.329525062614,114.55366524416263,0.06014903845472645,0.011695302819481399,0.5177033011754533,2.9293410952520498
183,outdoor,scene_00024,outdoor/scene_00024/scan_00201,val/outdoor/scene_00024/scan_00201/00024_00201_outdoor_140_020.png,11,2,3,768,512,1024,768,65092,9940,104852.0,23479.46908197271,23022.756100870523,456.7129811021889,8588.623421758619,8349.182748235042,239.440673523579,0.06415616241736727,0.01890985669883271,0.5244530252303714,3.3234584630201103
184,outdoor,scene_00024,outdoor/scene_00024/scan_00201,val/outdoor/scene_00024/scan_00201/00024_00201_outdoor_140_050.png,0,0,0,0,0,256,256,11709,1889,19265.0,6618.996383659013,7612.378234943076,-993.3818512840623,2297.258544315949,2530.685056128123,-233.42651181217377,0.05555979837776591,0.009040572750790076,0.8716603093156138,0.0022436180039210256
184,outdoor,scene_00024,outdoor/scene_00024/scan_00201,val/outdoor/scene_00024/scan_00201/00024_00201_outdoor_140_050.png,1,0,1,256,0,512,256,61552,12688,112304.0,43010.89040089687,42835.56451609487,175.32588480200207,12798.416109197526,12861.81594855749,-63.39983935996499,0.08031684008973913,0.011470960817944737,0.7445091541107304,0.1879783548642889
184,outdoor,scene_00024,outdoor/scene_00024/scan_00201,val/outdoor/scene_00024/scan_00201/00024_00201_outdoor_140_050.png,2,0,2,512,0,768,256,29034,5089,49390.0,88682.14399164013,87320.64102634676,1361.502965293384,21764.527653039386,21447.324141570847,317.2035114685417,0.06018618455592342,0.021301784351181755,1.0843541590269992,-0.009279888019036533
184,outdoor,scene_00024,outdoor/scene_00024/scan_00201,val/outdoor/scene_00024/scan_00201/00024_00201_outdoor_140_050.png,3,0,3,768,0,1024,256,31282,717,34150.0,35505.876794803735,30906.884272630887,4598.992522172858,9483.632035244793,8191.591151669951,1292.0408835748444,0.06126976012819868,0.016724544369131896,0.892128573397706,0.0006546536495897049
184,outdoor,scene_00024,outdoor/scene_00024/scan_00201,val/outdoor/scene_00024/scan_00201/00024_00201_outdoor_140_050.png,4,1,0,0,256,256,512,30494,4187,47242.0,26501.023827138415,28617.29945909691,-2116.275631958495,5905.661062987832,6443.878657447366,-538.2175944595348,0.06083570504272057,0.013365164990912101,0.906069658904302,0.02670638078881702
184,outdoor,scene_00024,outdoor/scene_00024/scan_00201,val/outdoor/scene_00024/scan_00201/00024_00201_outdoor_140_050.png,5,1,1,256,256,512,512,65306,11720,112186.0,24852.29843348749,25034.154343816455,-181.85591032896718,6572.171918534383,6612.94369504846,-40.7717765140783,0.08435824118505576,0.00760674043057021,0.40931629913605605,1.922464054558529
184,outdoor,scene_00024,outdoor/scene_00024/scan_00201,val/outdoor/scene_00024/scan_00201/00024_00201_outdoor_140_050.png,6,1,2,512,256,768,512,65438,3667,80106.0,10841.475234117876,10745.333612679235,96.14162143863823,4245.656819900269,4198.480102864683,47.17671703558559,0.08232842066126303,0.008994382816133961,0.604706716385941,1.0452083152264116
184,outdoor,scene_00024,outdoor/scene_00024/scan_00201,val/outdoor/scene_00024/scan_00201/00024_00201_outdoor_140_050.png,7,1,3,768,256,1024,512,65528,3723,80420.0,7596.637855750471,7589.891734844641,6.746120905831168,2893.5401555911276,2886.2697641740606,7.270391417066638,0.07698278710036228,0.004464305901910144,0.4792916799241831,2.906561535783502
184,outdoor,scene_00024,outdoor/scene_00024/scan_00201,val/outdoor/scene_00024/scan_00201/00024_00201_outdoor_140_050.png,8,2,0,0,512,256,768,48594,3923,64286.0,71634.86950556136,74057.45326711365,-2422.5837615522933,19090.377227198027,19655.550356556058,-565.173129358031,0.06807455987505745,0.018850087906161543,0.9812635796581698,0.09991978584936294
184,outdoor,scene_00024,outdoor/scene_00024/scan_00201,val/outdoor/scene_00024/scan_00201/00024_00201_outdoor_140_050.png,9,2,1,256,512,512,768,65514,3888,81066.0,8748.36217963818,8700.498904621927,47.86327501625152,4939.303261954914,4921.646510787103,17.65675116781154,0.08092078249025467,0.0063929073310322925,0.337826727597246,2.885817774697448
184,outdoor,scene_00024,outdoor/scene_00024/scan_00201,val/outdoor/scene_00024/scan_00201/00024_00201_outdoor_140_050.png,10,2,2,512,512,768,768,57823,2382,67351.0,7264.926007778579,7248.973888005144,15.952119773436038,3600.161464378982,3592.743289289405,7.418175089577239,0.06564505103106633,0.005224548560842295,0.314662066387761,3.475958672063345
184,outdoor,scene_00024,outdoor/scene_00024/scan_00201,val/outdoor/scene_00024/scan_00201/00024_00201_outdoor_140_050.png,11,2,3,768,512,1024,768,53992,4755,73012.0,10506.46621099321,10500.755989054865,5.710221938344478,3981.5810324999566,3979.5169454297647,2.064087070192147,0.06442732374143648,0.005584743167050435,0.4213499214325148,3.847784851053325
185,outdoor,scene_00024,outdoor/scene_00024/scan_00201,val/outdoor/scene_00024/scan_00201/00024_00201_outdoor_150_030.png,0,0,0,0,0,256,256,37799,16701,104603.0,632986.8712330555,614155.1114043961,18831.75982865945,194123.0106150203,187305.99927079695,6817.011344223316,0.05673767034723508,0.05189405040308432,1.3871958220683225,0.13347291798410427
185,outdoor,scene_00024,outdoor/scene_00024/scan_00201,val/outdoor/scene_00024/scan_00201/00024_00201_outdoor_150_030.png,1,0,1,256,0,512,256,54591,1881,62115.0,18824.915838516274,24726.476988079885,-5901.561149563611,7117.03841615235,8565.779425559422,-1448.7410094070713,0.0770613416073238,0.011461732224849835,0.6958003598166876,0.05943718086220207
185,outdoor,scene_00024,outdoor/scene_00024/scan_00201,val/outdoor/scene_00024/scan_00201/00024_00201_outdoor_150_030.png,2,0,2,512,0,768,256,65466,1546,71650.0,6679.476217398222,6663.8607427489205,15.615474649302236,3325.7451827318077,3316.023884130367,9.721298601441129,0.07805083192265505,0.004822236258391078,0.3211299904687816,1.8567412274044612
185,outdoor,scene_00024,outdoor/scene_00024/scan_00201,val/outdoor/scene_00024/scan_00201/00024_00201_outdoor_150_030.png,3,0,3,768,0,1024,256,65440,1456,71264.0,8864.902810068856,8866.698521679205,-1.7957116103514252,5559.486177419019,5542.426122072321,17.060055346698956,0.06363873851031031,0.004110375840124723,0.3552776269082523,2.6010751868178703
185,outdoor,scene_00024,outdoor/scene_00024/scan_00201,val/outdoor/scene_00024/scan_00201/00024_00201_outdoor_150_030.png,4,1,0,0,256,256,512,39058,17179,107774.0,720733.5324364235,627009.2543390421,93724.27809738126,235916.59789509734,205708.49704026713,30208.10085483021,0.06055165660551844,0.036645267235091414,0.8133432726466662,0.4989880755582195
185,outdoor,scene_00024,outdoor/scene_00024/scan_00201,val/outdoor/scene_00024/scan_00201/00024_00201_outdoor_150_030.png,5,1,1,256,256,512,512,61030,1625,67530.0,7030.293438525381,7569.0894131227815,-538.7959745974006,3916.380252380591,4093.46871688417,-177.08846450357916,0.056487198642645606,0.012372136455089404,0.7396717393809843,0.142864938134894
185,outdoor,scene_00024,outdoor/scene_00024/scan_00201,val/outdoor/scene_00024/scan_00201/00024_00201_outdoor_150_030.png,6,1,2,512,256,768,512,65535,663,68187.0,7907.706175448744,7905.847575441067,1.8586000076775253,6888.263034241747,6888.726561646514,-0.4635274047655713,0.05712482273592606,0.0054586401749376675,0.38052072975348616,2.0747700873607333
185,outdoor,scene_00024,outdoor/scene_00024/scan_00201,val/outdoor/scene_00024/scan_00201/00024_00201_outdoor_150_030.png,7,1,3,768,256,1024,512,65523,397,67111.0,9905.023016864601,9906.67142442301,-1.648407558408109,9406.637409158027,9408.09457188702,-1.457162728993129,0.058572563848384426,0.0047463108000043615,0.47604167571066663,2.456298074977725
185,outdoor,scene_00024,outdoor/scene_00024/scan_00201,val/outdoor/scene_00024/scan_00201/00024_00201_outdoor_150_030.png,8,2,0,0,512,256,768,53302,23579,147618.0,278026.8529248303,277355.6954776633,671.1574471669619,86539.35063490843,86497.88498875719,41.46564615126131,0.0683402586001981,0.025519398472239,0.8036967590658686,1.3408250698047364
185,outdoor,scene_00024,outdoor/scene_00024/scan_00201,val/outdoor/scene_00024/scan_00201/00024_00201_outdoor_150_030.png,9,2,1,256,512,512,768,65382,4866,84846.0,40595.537125747505,40504.607608326885,90.92951742061848,15439.466277510677,15399.911677684773,39.554599825902045,0.045752000158504676,0.0069757702493015,0.5293390514156114,1.4749074414730805
185,outdoor,scene_00024,outdoor/scene_00024/scan_00201,val/outdoor/scene_00024/scan_00201/00024_00201_outdoor_150_030.png,10,2,2,512,512,768,768,65536,8,65568.0,11608.660780015574,11605.978657544778,2.6821224707972284,11605.125112393749,11602.442077800213,2.683034593537589,0.047279930294955023,0.0056786551791148535,0.45325884142484874,2.6773741352487677
185,outdoor,scene_00024,outdoor/scene_00024/scan_00201,val/outdoor/scene_00024/scan_00201/00024_00201_outdoor_150_030.png,11,2,3,768,512,1024,768,65532,479,67448.0,12959.892486019638,12958.377698368738,1.5147876509015106,12628.82784342872,12624.886703579421,3.941139849299568,0.05153637160646877,0.004932766251322174,0.30526167174624197,3.620800207544507
186,outdoor,scene_00024,outdoor/scene_00024/scan_00201,val/outdoor/scene_00024/scan_00201/00024_00201_outdoor_180_030.png,0,0,0,0,0,256,256,8895,1181,13619.0,379637.33097986935,374760.37420488615,4876.956774983226,242840.83682473502,239518.8221860497,3322.0146386853175,0.04956023409464787,0.011368843810396347,0.04133360444323957,-0.013314043781582099
186,outdoor,scene_00024,outdoor/scene_00024/scan_00201,val/outdoor/scene_00024/scan_00201/00024_00201_outdoor_180_030.png,1,0,1,256,0,512,256,14544,3920,30224.0,692954.1496096669,483591.1526413054,209362.9969683614,197238.15705567098,137676.16425089788,59561.992804773065,0.048381274950244864,0.024866997496157006,0.6647960753092627,0.0032265264427869186
186,outdoor,scene_00024,outdoor/scene_00024/scan_00201,val/outdoor/scene_00024/scan_00201/00024_00201_outdoor_180_030.png,2,0,2,512,0,768,256,40116,3163,52768.0,491507.1594985465,309107.522928041,182399.6365705055,225858.07081451156,133875.44846711488,91982.62234739668,0.061583181781763134,0.0944220016491141,0.7686983526395896,0.11522853746769497
186,outdoor,scene_00024,outdoor/scene_00024/scan_00201,val/outdoor/scene_00024/scan_00201/00024_00201_outdoor_180_030.png,3,0,3,768,0,1024,256,37268,414,38924.0,132278.63333044742,49716.992658409305,82561.6406720381,88715.51115530945,41518.56787637052,47196.943278938925,0.061092499649212685,0.03684235450263852,0.5720857483679886,0.20800624463943912
186,outdoor,scene_00024,outdoor/scene_00024/scan_00201,val/outdoor/scene_00024/scan_00201/00024_00201_outdoor_180_030.png,4,1,0,0,256,256,512,26250,965,30110.0,161175.92488403432,155879.89386384137,5296.031020193005,129171.84976897555,123497.57437271377,5674.27539626177,0.04816931497259984,0.018528115213306905,0.4484683831779029,-0.016342684531244774
186,outdoor,scene_00024,outdoor/scene_00024/scan_00201,val/outdoor/scene_00024/scan_00201/00024_00201_outdoor_180_030.png,5,1,1,256,256,512,512,44856,10733,87788.0,341874.96069408214,263186.8786996445,78688.08199443763,111963.07475418657,82642.47716294699,29320.59759123958,0.06684794470371572,0.03632364259893318,0.6883555668343304,0.3154764477521315
186,outdoor,scene_00024,outdoor/scene_00024/scan_00201,val/outdoor/scene_00024/scan_00201/00024_00201_outdoor_180_030.png,6,1,2,512,256,768,512,42461,4577,60769.0,418131.1395177984,194084.4648792879,224046.67463851045,229249.97395768174,95619.097872313,133630.87608536874,0.07143236990089048,0.09707047456888555,0.7040559966520514,0.4152185624121985
186,outdoor,scene_00024,outdoor/scene_00024/scan_00201,val/outdoor/scene_00024/scan_00201/00024_00201_outdoor_180_030.png,7,1,3,768,256,1024,512,41084,651,43688.0,136254.55260704306,65861.16523925206,70393.387367791,95838.13777643398,50881.689870520626,44956.44790591335,0.05506997512317094,0.030136558686404115,0.680669937278077,0.3630078755875421
186,outdoor,scene_00024,outdoor/scene_00024/scan_00201,val/outdoor/scene_00024/scan_00201/00024_00201_outdoor_180_030.png,8,2,0,0,512,256,768,50603,908,54235.0,27434.943435716672,26389.18262205965,1045.7608136570261,24586.79122726963,23629.938120015795,956.853107253839,0.07462802870481992,0.02531223808284532,0.7386856062760092,0.6111532602825669
186,outdoor,scene_00024,outdoor/scene_00024/scan_00201,val/outdoor/scene_00024/scan_00201/00024_00201_outdoor_180_030.png,9,2,1,256,512,512,768,47426,11263,92478.0,139036.86075649282,138660.28316237824,376.57759411460506,41909.05215068195,41807.519141160315,101.53300952163279,0.08430137542301086,0.010851141639365612,0.6192626483128896,1.2013948576105895
186,outdoor,scene_00024,outdoor/scene_00024/scan_00201,val/outdoor/scene_00024/scan_00201/00024_00201_outdoor_180_030.png,10,2,2,512,512,768,768,51665,5477,73573.0,54001.81602012288,53820.652306202,181.1637139208908,24816.403688140956,24808.76217479201,7.641513348947825,0.08027055701348848,0.02136523872082756,0.6841659721221542,0.9588943118347719
186,outdoor,scene_00024,outdoor/scene_00024/scan_00201,val/outdoor/scene_00024/scan_00201/00024_00201_outdoor_180_030.png,11,2,3,768,512,1024,768,56113,2712,66961.0,35375.06153204737,35004.52153185716,370.54000019021214,27450.134682304015,27202.369462069837,247.76522023417533,0.06422832493777081,0.019000450779227015,0.6685751834686218,1.0360127922582778
187,outdoor,scene_00024,outdoor/scene_00024/scan_00201,val/outdoor/scene_00024/scan_00201/00024_00201_outdoor_210_020.png,0,0,0,0,0,256,256,49846,3225,62746.0,552747.0924520906,212589.88426919898,340157.2081828916,267889.77750123834,106293.9558793415,161595.82162189682,0.0720585658446118,0.15181058365585023,1.4132666831322054,0.24391429101276227
187,outdoor,scene_00024,outdoor/scene_00024/scan_00201,val/outdoor/scene_00024/scan_00201/00024_00201_outdoor_210_020.png,1,0,1,256,0,512,256,27571,3329,40887.0,273619.3126754736,158857.4761784154,114761.83649705816,155021.86758368576,73659.71040665236,81362.1571770334,0.0829204102171873,0.08382671123265636,1.0275227415454202,0.44831270046015975
187,outdoor,scene_00024,outdoor/scene_00024/scan_00201,val/outdoor/scene_00024/scan_00201/00024_00201_outdoor_210_020.png,2,0,2,512,0,768,256,18992,5596,41376.0,2615582.5457729003,2115179.1400970807,500403.4056758196,915338.9506404459,750944.7478924529,164394.20274799305,0.05698100193715667,0.036528685187893685,0.4455992722713308,-0.008056605859222223
187,outdoor,scene_00024,outdoor/scene_00024/scan_00201,val/outdoor/scene_00024/scan_00201/00024_00201_outdoor_210_020.png,3,0,3,768,0,1024,256,27417,791,30581.0,81453.39409678032,59671.201231968014,21782.1928648123,64443.140614677395,44928.491158739045,19514.649455938343,0.053389747628422066,0.03588162727469304,0.7001088155623292,-0.0004749421619547291
187,outdoor,scene_00024,outdoor/scene_00024/scan_00201,val/outdoor/scene_00024/scan_00201/00024_00201_outdoor_210_020.png,4,1,0,0,256,256,512,35859,1900,43459.0,69207.07793504462,67036.88423340123,2170.193701643384,43765.08837104475,42274.29246597513,1490.7959050696213,0.060397581382876514,0.06198962520427224,1.3183978338001665,-0.01813457293898213
187,outdoor,scene_00024,outdoor/scene_00024/scan_00201,val/outdoor/scene_00024/scan_00201/00024_00201_outdoor_210_020.png,5,1,1,256,256,512,512,39783,4672,58471.0,86146.42567359107,80009.73101877206,6136.694654819005,38449.466005339455,35596.80639618417,2852.659609155288,0.07450954445005903,0.012445375473614443,0.38516013592407505,0.48979621686401836
187,outdoor,scene_00024,outdoor/scene_00024/scan_00201,val/outdoor/scene_00024/scan_00201/00024_00201_outdoor_210_020.png,6,1,2,512,256,768,512,45896,9614,84352.0,572554.2597551012,589324.063810393,-16769.804055291945,168391.05529065407,172713.42759672814,-4322.372306074102,0.0560243477751667,0.00846789813041737,0.4708373217416469,-0.07936890141970461
187,outdoor,scene_00024,outdoor/scene_00024/scan_00201,val/outdoor/scene_00024/scan_00201/00024_00201_outdoor_210_020.png,7,1,3,768,256,1024,512,49741,703,52553.0,17413.619328308465,17114.16422977319,299.4550985352761,15878.119769324552,15599.072575540764,279.0471937837873,0.0789907086096728,0.0201761223714106,0.5327204084644512,0.5703061966881273
187,outdoor,scene_00024,outdoor/scene_00024/scan_00201,val/outdoor/scene_00024/scan_00201/00024_00201_outdoor_210_020.png,8,2,0,0,512,256,768,44979,1957,52807.0,99698.62770081828,96018.21465428876,3680.413046529517,53427.73568815975,51481.340196383455,1946.395491776298,0.0601804270256356,0.013605938560473381,0.47594247266650863,0.11915365692790128
187,outdoor,scene_00024,outdoor/scene_00024/scan_00201,val/outdoor/scene_00024/scan_00201/00024_00201_outdoor_210_020.png,9,2,1,256,512,512,768,48347,3976,64251.0,45084.87216375553,44974.738335379596,110.13382837593144,22513.877504674638,22447.85729994296,66.02020473167609,0.07327493932760976,0.009496496288926442,0.2867534448001233,0.7147776563618403
187,outdoor,scene_00024,outdoor/scene_00024/scan_00201,val/outdoor/scene_00024/scan_00201/00024_00201_outdoor_210_020.png,10,2,2,512,512,768,768,50583,12813,101835.0,269984.43829249666,266338.9497683627,3645.4885241339775,71323.64694715673,70244.13855819813,1079.5083889586099,0.07037985263601632,0.012722012212991764,0.44736089532336154,0.754211852496469
187,outdoor,scene_00024,outdoor/scene_00024/scan_00201,val/outdoor/scene_00024/scan_00201/00024_00201_outdoor_210_020.png,11,2,3,768,512,1024,768,54203,415,55863.0,15475.57370287682,15127.711153352091,347.8625495247304,14612.474195655357,14281.47145790115,331.0027377542061,0.0878933704327218,0.021609675501405565,0.37367679300749634,1.676189878700048
188,outdoor,scene_00024,outdoor/scene_00024/scan_00201,val/outdoor/scene_00024/scan_00201/00024_00201_outdoor_330_010.png,0,0,0,0,0,256,256,29728,1718,36600.0,296104.97342136805,185942.08267259656,110162.89074877152,226492.14656229666,147008.79228950787,79483.3542727888,0.06724933159191372,0.05005914322961384,0.5530042772587738,0.2552526465195775
188,outdoor,scene_00024,outdoor/scene_00024/scan_00201,val/outdoor/scene_00024/scan_00201/00024_00201_outdoor_330_010.png,1,0,1,256,0,512,256,30958,12000,78958.0,1102053.4106708155,615970.0920281298,486083.31864268554,349810.07592881133,199292.4039875122,150517.67194129914,0.0832030011441895,0.08006824403483315,0.7662597928829757,0.28319831816836805
188,outdoor,scene_00024,outdoor/scene_00024/scan_00201,val/outdoor/scene_00024/scan_00201/00024_00201_outdoor_330_010.png,2,0,2,512,0,768,256,29971,1378,35483.0,28938.50598117862,26281.265066624437,2657.2409145541815,24856.955021032732,21963.46661967355,2893.48840135918,0.07334987703841807,0.05466375465688237,0.7250949320975356,0.48153251021506177
188,outdoor,scene_00024,outdoor/scene_00024/scan_00201,val/outdoor/scene_00024/scan_00201/00024_00201_outdoor_330_010.png,3,0,3,768,0,1024,256,19622,4108,36054.0,1056226.4968521483,1022418.1465331725,33808.350318975936,447447.7161204448,427553.67881401104,19894.037306433842,0.060878677823154155,0.028342277761300078,0.579279117367059,0.06350655433752296
188,outdoor,scene_00024,outdoor/scene_00024/scan_00201,val/outdoor/scene_00024/scan_00201/00024_00201_outdoor_330_010.png,4,1,0,0,256,256,512,54181,2531,64305.0,38711.09170748777,38726.2952743424,-15.203566854634126,31178.89914213335,31212.063488871016,-33.164346737666804,0.04327211057137589,0.019982931505348096,0.639461163623679,-0.055360793149933314
188,outdoor,scene_00024,outdoor/scene_00024/scan_00201,val/outdoor/scene_00024/scan_00201/00024_00201_outdoor_330_010.png,5,1,1,256,256,512,512,51925,9826,91229.0,222756.01708655368,227740.28074519546,-4984.263658641813,72751.84700923663,74400.45161977952,-1648.604610542891,0.05321287829933495,0.04912846040076154,0.7800668996990668,0.08018641256874807
188,outdoor,scene_00024,outdoor/scene_00024/scan_00201,val/outdoor/scene_00024/scan_00201/00024_00201_outdoor_330_010.png,6,1,2,512,256,768,512,49159,1194,53935.0,24697.502314512472,25023.919794228663,-326.41747971619196,21966.985546862612,22247.095820510887,-280.1102736482777,0.046476888597836864,0.021255038798128657,0.5440624638908241,0.31906104733915713
188,outdoor,scene_00024,outdoor/scene_00024/scan_00201,val/outdoor/scene_00024/scan_00201/00024_00201_outdoor_330_010.png,7,1,3,768,256,1024,512,38199,5852,61607.0,306498.58062734595,302928.4364689306,3570.144158415349,100842.54490270861,99886.57834546686,955.9665572417391,0.03572339978604092,0.013696049323925305,0.784185268522011,0.013845549725862397
188,outdoor,scene_00024,outdoor/scene_00024/scan_00201,val/outdoor/scene_00024/scan_00201/00024_00201_outdoor_330_010.png,8,2,0,0,512,256,768,64288,846,67672.0,24836.56046471507,24827.386056946583,9.174407768484317,23316.222947833932,23306.82070274905,9.402245084882901,0.06948372572334285,0.02365976993810953,0.965674894677928,1.6864075723329615
188,outdoor,scene_00024,outdoor/scene_00024/scan_00201,val/outdoor/scene_00024/scan_00201/00024_00201_outdoor_330_010.png,9,2,1,256,512,512,768,64129,10097,104517.0,93674.03365581045,93689.2095044065,-15.175848596072735,37819.082028739846,37815.09876462205,3.9832641177986314,0.07060274895328575,0.023056108210512957,0.9034807465573123,1.6361202048765455
188,outdoor,scene_00024,outdoor/scene_00024/scan_00201,val/outdoor/scene_00024/scan_00201/00024_00201_outdoor_330_010.png,10,2,2,512,512,768,768,65032,361,66476.0,26664.227466417033,26656.148552726037,8.078913690993131,26120.055178061128,26111.89883870816,8.156339352969304,0.06684832638745351,0.023149343456951577,0.9115599599349773,1.3675938981565217
188,outdoor,scene_00024,outdoor/scene_00024/scan_00201,val/outdoor/scene_00024/scan_00201/00024_00201_outdoor_330_010.png,11,2,3,768,512,1024,768,64307,5939,88063.0,54822.78838061885,54821.938022627604,0.8503579912405459,30965.814728774156,30960.7769350581,5.037793716057779,0.06950001549487596,0.023521337008835616,0.8843688054374639,1.481791818030031
189,outdoor,scene_00024,outdoor/scene_00024/scan_00201,val/outdoor/scene_00024/scan_00201/00024_00201_outdoor_340_000.png,0,0,0,0,0,256,256,50780,9639,89336.0,251438.39904231884,257624.36010790596,-6185.961065587142,84912.45897627088,86809.50178048258,-1897.0428042116935,0.06296493850466847,0.026656968924086515,0.5002558382141409,0.003615064087335465
189,outdoor,scene_00024,outdoor/scene_00024/scan_00201,val/outdoor/scene_00024/scan_00201/00024_00201_outdoor_340_000.png,1,0,1,256,0,512,256,51021,6973,78913.0,202513.11985184258,211300.2206451647,-8787.100793322144,88956.80996856432,92516.2643063247,-3559.454337760374,0.04390942086685639,0.015853453548514557,0.539348250231971,-0.21144740752506358
189,outdoor,scene_00024,outdoor/scene_00024/scan_00201,val/outdoor/scene_00024/scan_00201/00024_00201_outdoor_340_000.png,2,0,2,512,0,768,256,49418,13685,104158.0,1004439.0131996388,932176.6045942518,72262.40860538697,267091.8889201462,247726.3896995313,19365.499220614933,0.054741877873067175,0.04279671357636113,0.6071476000404915,-0.061954197250711975
189,outdoor,scene_00024,outdoor/scene_00024/scan_00201,val/outdoor/scene_00024/scan_00201/00024_00201_outdoor_340_000.png,3,0,3,768,0,1024,256,46847,4120,63327.0,77411.78196017869,79538.11374669225,-2126.33178651355,47620.94694577034,48619.367461110596,-998.4205153402619,0.04518037891607018,0.012107917969536306,0.32171892779735833,0.09321251097778459
189,outdoor,scene_00024,outdoor/scene_00024/scan_00201,val/outdoor/scene_00024/scan_00201/00024_00201_outdoor_340_000.png,4,1,0,0,256,256,512,63986,12215,112846.0,123637.3042784638,123673.89048965255,-36.58621118873444,40390.85478348027,40397.92015887913,-7.065375398865114,0.07309906249633653,0.017502770639677832,0.6731470240463192,0.5700333141739982
189,outdoor,scene_00024,outdoor/scene_00024/scan_00201,val/outdoor/scene_00024/scan_00201/00024_00201_outdoor_340_000.png,5,1,1,256,256,512,512,64171,4825,83471.0,43106.63391420131,43107.42757958843,-0.793665387121024,25743.551859795734,25743.47408688869,0.0777729070439479,0.07018101876564332,0.01828466019263776,0.6515933683215384,0.5542447924898978
189,outdoor,scene_00024,outdoor/scene_00024/scan_00201,val/outdoor/scene_00024/scan_00201/00024_00201_outdoor_340_000.png,6,1,2,512,256,768,512,64080,16604,130496.0,200917.99216836266,201386.0719529039,-468.0797845412704,54120.57367781565,54245.94927118734,-125.37559337168149,0.06772327337442263,0.018359899289318835,0.6633628251667851,0.6469522206312178
189,outdoor,scene_00024,outdoor/scene_00024/scan_00201,val/outdoor/scene_00024/scan_00201/00024_00201_outdoor_340_000.png,7,1,3,768,256,1024,512,65028,1873,72520.0,23806.073974794548,23781.509466238113,24.56450855643722,20531.14960581401,20506.289465398815,24.860140415196163,0.06204428133606652,0.018217026427421523,0.6971316063725043,0.17076784364407308
189,outdoor,scene_00024,outdoor/scene_00024/scan_00201,val/outdoor/scene_00024/scan_00201/00024_00201_outdoor_340_000.png,8,2,0,0,512,256,768,65522,614,67978.0,21816.75432026566,21811.739632490186,5.01468777547253,20648.82045858192,20643.62620666452,5.194251917394224,0.0890937959948513,0.018776370442213232,0.9674843392423284,4.0782962229672695
189,outdoor,scene_00024,outdoor/scene_00024/scan_00201,val/outdoor/scene_00024/scan_00201/00024_00201_outdoor_340_000.png,9,2,1,256,512,512,768,65535,232,66463.0,21250.81986286125,21247.90612620146,2.9137366597953456,20947.933060843792,20944.878872374353,3.0541884694378476,0.09403800044571606,0.018709595497109738,0.8786640658433358,4.012918039253538
189,outdoor,scene_00024,outdoor/scene_00024/scan_00201,val/outdoor/scene_00024/scan_00201/00024_00201_outdoor_340_000.png,10,2,2,512,512,768,768,65508,715,68368.0,23657.81345217108,23654.223869593625,3.589582577455386,22169.040535570486,22165.677846620183,3.3626889503039536,0.08971988068239524,0.018436118143784437,0.887514194224279,4.222698659308925
189,outdoor,scene_00024,outdoor/scene_00024/scan_00201,val/outdoor/scene_00024/scan_00201/00024_00201_outdoor_340_000.png,11,2,3,768,512,1024,768,65532,158,66164.0,21772.579772813384,21770.43304447628,2.1467283371028922,21584.702006590884,21582.54146749093,2.160539099952251,0.08486256732377292,0.018337402981989694,0.9013201864270185,4.218931551152868
190,outdoor,scene_00024,outdoor/scene_00024/scan_00202,val/outdoor/scene_00024/scan_00202/00024_00202_outdoor_110_020.png,0,0,0,0,0,256,256,59976,2164,68632.0,13640.340716598967,13075.101672774761,565.2390438242053,9663.596169233104,9258.114883239126,405.48128599397813,0.049723657068815943,0.00793736549528025,0.24064608989737354,0.8140066053006901
190,outdoor,scene_00024,outdoor/scene_00024/scan_00202,val/outdoor/scene_00024/scan_00202/00024_00202_outdoor_110_020.png,1,0,1,256,0,512,256,65011,2988,76963.0,20740.993029313322,20746.702718561806,-5.709689248485221,8234.41453859684,8238.551443758526,-4.136905161686344,0.06650759830296644,0.00247498103922939,0.21890041710415695,1.364161624981935
190,outdoor,scene_00024,outdoor/scene_00024/scan_00202,val/outdoor/scene_00024/scan_00202/00024_00202_outdoor_110_020.png,2,0,2,512,0,768,256,65516,1064,69772.0,4901.7230440881485,4883.060654830409,18.662389257739193,3067.5590316263197,3051.686525783123,15.872505843196349,0.06030867074325852,0.0026682950776631942,0.2807692280493369,1.743587368719394
190,outdoor,scene_00024,outdoor/scene_00024/scan_00202,val/outdoor/scene_00024/scan_00202/00024_00202_outdoor_110_020.png,3,0,3,768,0,1024,256,64236,3365,77696.0,32980.26950644361,33088.5886835704,-108.31917712679245,9650.7166289528,9690.823104234616,-40.10647528181696,0.039899785480195224,0.00287781628751666,0.2720067097227983,2.2849871054440136
190,outdoor,scene_00024,outdoor/scene_00024/scan_00202,val/outdoor/scene_00024/scan_00202/00024_00202_outdoor_110_020.png,4,1,0,0,256,256,512,65220,956,69044.0,9219.806542234024,9222.434667019343,-2.6281247853185503,6534.3971802645465,6544.27880348672,-9.88162322217223,0.034782814988842725,0.002815742263530221,0.41967236029406446,0.7742314767355886
190,outdoor,scene_00024,outdoor/scene_00024/scan_00202,val/outdoor/scene_00024/scan_00202/00024_00202_outdoor_110_020.png,5,1,1,256,256,512,512,65492,413,67144.0,3032.539200733044,3060.008357215244,-27.46915648220029,2294.113349100092,2314.6521153469466,-20.538766246854696,0.047676164162776626,0.0024139471340086324,0.28121271759567623,1.468692362198169
190,outdoor,scene_00024,outdoor/scene_00024/scan_00202,val/outdoor/scene_00024/scan_00202/00024_00202_outdoor_110_020.png,6,1,2,512,256,768,512,63750,4471,81634.0,33138.303656623466,33247.88412098087,-109.580464357404,9321.179710969307,9355.487452082489,-34.30774111318175,0.06379873202761192,0.002521939536416172,0.30729942832183305,1.929608057756053
190,outdoor,scene_00024,outdoor/scene_00024/scan_00202,val/outdoor/scene_00024/scan_00202/00024_00202_outdoor_110_020.png,7,1,3,768,256,1024,512,65519,659,68155.0,5907.424077816662,5895.46638309407,11.957694722592356,5103.351035734517,5091.814371031063,11.536664703453003,0.0665519902929344,0.0028716860298063245,0.28913295889835405,2.3271166144049724
190,outdoor,scene_00024,outdoor/scene_00024/scan_00202,val/outdoor/scene_00024/scan_00202/00024_00202_outdoor_110_020.png,8,2,0,0,512,256,768,62243,20705,145063.0,146640.31392533102,148021.60149393964,-1381.2875686086059,44254.879368289665,44481.90301580574,-227.0236475160819,0.06176768754037418,0.019508934997813435,0.9083842664822822,1.5824612746817073
190,outdoor,scene_00024,outdoor/scene_00024/scan_00202,val/outdoor/scene_00024/scan_00202/00024_00202_outdoor_110_020.png,9,2,1,256,512,512,768,63764,21113,148216.0,142676.66217097908,146166.33197679708,-3489.6698058180336,39704.58717603101,39940.033904717246,-235.4467286862436,0.07093195374920132,0.041815589413192314,1.0521428734738736,1.4526239864371162
190,outdoor,scene_00024,outdoor/scene_00024/scan_00202,val/outdoor/scene_00024/scan_00202/00024_00202_outdoor_110_020.png,10,2,2,512,512,768,768,63627,17374,133123.0,106248.55571233499,106536.3709099224,-287.81519758743605,28259.56716768771,28054.14148717673,205.42568051097564,0.07662143439415246,0.05825396305209064,0.7321434911721815,2.3710822266068767
190,outdoor,scene_00024,outdoor/scene_00024/scan_00202,val/outdoor/scene_00024/scan_00202/00024_00202_outdoor_110_020.png,11,2,3,768,512,1024,768,65024,1658,71656.0,19623.440649903343,19671.35496118684,-47.91431128349816,9537.678204812037,9543.165286203057,-5.487081391021579,0.05027337353647421,0.012567182820112927,0.5120848066317584,2.872661766672695
191,outdoor,scene_00024,outdoor/scene_00024/scan_00202,val/outdoor/scene_00024/scan_00202/00024_00202_outdoor_120_000.png,0,0,0,0,0,256,256,62957,8563,97209.0,182378.8287984971,178666.52937195275,3712.2994265443513,109812.02990431269,105865.52210766172,3946.5077966509753,0.04405740600585911,0.010091236371759855,0.42425409874889103,0.11755719932540605
191,outdoor,scene_00024,outdoor/scene_00024/scan_00202,val/outdoor/scene_00024/scan_00202/00024_00202_outdoor_120_000.png,1,0,1,256,0,512,256,62548,13536,116692.0,153499.57732515235,156397.31141032127,-2897.734085168911,69541.70047214816,69699.76668187346,-158.06620972530538,0.05507100674033079,0.012385687589941397,0.5442265272627425,0.12931325379516662
191,outdoor,scene_00024,outdoor/scene_00024/scan_00202,val/outdoor/scene_00024/scan_00202/00024_00202_outdoor_120_000.png,2,0,2,512,0,768,256,63979,13927,119687.0,114005.82912220033,133503.5709465404,-19497.741824340097,41453.135568584345,45945.89560496716,-4492.760036382813,0.06842141434110903,0.03418474700256087,0.8177949564643604,0.278954284588604
191,outdoor,scene_00024,outdoor/scene_00024/scan_00202,val/outdoor/scene_00024/scan_00202/00024_00202_outdoor_120_000.png,3,0,3,768,0,1024,256,63125,10714,105981.0,99382.0806814698,102320.45053751103,-2938.369856041237,35736.51714023341,36639.9037996836,-903.3866594501866,0.07411425073522837,0.041842825924572974,0.6361149441567969,0.5850007965655991
191,outdoor,scene_00024,outdoor/scene_00024/scan_00202,val/outdoor/scene_00024/scan_00202/00024_00202_outdoor_120_000.png,4,1,0,0,256,256,512,65533,155,66153.0,8797.25257475128,8789.95355309861,7.299021652669522,8466.617702604311,8463.79595049869,2.821752105622645,0.04656227624929965,0.01351683486128588,0.5700615256058085,1.6194969985461154
191,outdoor,scene_00024,outdoor/scene_00024/scan_00202,val/outdoor/scene_00024/scan_00202/00024_00202_outdoor_120_000.png,5,1,1,256,256,512,512,64955,3563,79207.0,26476.611835950716,26484.838691800785,-8.22685585006697,11904.903335541834,11915.061081232057,-10.157745690221619,0.05751620318639111,0.013145335726352535,0.533642482030719,1.7884603803990216
191,outdoor,scene_00024,outdoor/scene_00024/scan_00202,val/outdoor/scene_00024/scan_00202/00024_00202_outdoor_120_000.png,6,1,2,512,256,768,512,62920,11691,109684.0,75721.31868404706,75813.67920713816,-92.36052309111659,22398.6914871927,22441.332900184,-42.641412991299745,0.06323476639990898,0.00891653362512299,0.3777433298316207,3.2264409027809693
191,outdoor,scene_00024,outdoor/scene_00024/scan_00202,val/outdoor/scene_00024/scan_00202/00024_00202_outdoor_120_000.png,7,1,3,768,256,1024,512,61818,12225,110718.0,98467.01448832164,98712.62315119634,-245.60866287469054,26867.093418185937,26915.528178880617,-48.43476069467742,0.05723178788116213,0.014846346068769499,0.7298742037469786,1.2933512890784602
191,outdoor,scene_00024,outdoor/scene_00024/scan_00202,val/outdoor/scene_00024/scan_00202/00024_00202_outdoor_120_000.png,8,2,0,0,512,256,768,65536,0,65536.0,13826.878479701048,13809.953558473302,16.924921227747344,13826.878479701048,13809.953558473302,16.924921227747344,0.04220948483599121,0.015230521722677137,0.8476158043242288,4.147435226242577
191,outdoor,scene_00024,outdoor/scene_00024/scan_00202,val/outdoor/scene_00024/scan_00202/00024_00202_outdoor_120_000.png,9,2,1,256,512,512,768,65536,0,65536.0,14103.770618286822,14101.066748432459,2.7038698543620785,14103.770618286822,14101.066748432459,2.7038698543620785,0.04584828571073072,0.015141092191497101,0.7598584890559449,3.7610877297040193
191,outdoor,scene_00024,outdoor/scene_00024/scan_00202,val/outdoor/scene_00024/scan_00202/00024_00202_outdoor_120_000.png,10,2,2,512,512,768,768,65128,538,67280.0,17435.613891290726,17433.268388737495,2.34550255323256,15095.372392524943,15091.766074631734,3.606317893211631,0.04217388577734976,0.016796917566108675,0.8822974613582278,3.5180658480534146
191,outdoor,scene_00024,outdoor/scene_00024/scan_00202,val/outdoor/scene_00024/scan_00202/00024_00202_outdoor_120_000.png,11,2,3,768,512,1024,768,64396,1917,72064.0,25714.68780481191,25723.158845500842,-8.471040688935119,15944.040680175236,15946.126436435727,-2.0857562604892843,0.05608523608376061,0.017945027427570932,0.9469344225716169,4.103654739211892
192,outdoor,scene_00024,outdoor/scene_00024/scan_00202,val/outdoor/scene_00024/scan_00202/00024_00202_outdoor_130_020.png,0,0,0,0,0,256,256,12838,95,13218.0,4104.8567508725755,4023.0157186938213,81.84103217875432,2163.276821562964,2035.3912075036853,127.88561405927861,0.04355778708811978,0.009210268872653915,0.6848892205429264,-0.00011956909650278926
192,outdoor,scene_00024,outdoor/scene_00024/scan_00202,val/outdoor/scene_00024/scan_00202/00024_00202_outdoor_130_020.png,1,0,1,256,0,512,256,24545,1329,29861.0,7459.627864755813,6816.808615545286,642.8192492105275,5432.603077744284,5076.143993761874,356.45908398240897,0.04500496552861144,0.010253187493083824,0.5971152474358167,0.029829470933100535
192,outdoor,scene_00024,outdoor/scene_00024/scan_00202,val/outdoor/scene_00024/scan_00202/00024_00202_outdoor_130_020.png,2,0,2,512,0,768,256,60845,1502,66853.0,11224.830655183974,11216.665639548824,8.165015635149956,8527.006675342069,8477.928209323436,49.078466018632234,0.05057751320751336,0.008108906941803423,0.4804481388799129,0.3190511468113654
192,outdoor,scene_00024,outdoor/scene_00024/scan_00202,val/outdoor/scene_00024/scan_00202/00024_00202_outdoor_130_020.png,3,0,3,768,0,1024,256,64987,1913,72639.0,15911.966811419932,15904.018093232264,7.94871818766925,7842.299831896207,7842.450000731051,-0.1501688348430199,0.06943798756145951,0.0036082253986238965,0.34260672655122326,1.9359879542797473
192,outdoor,scene_00024,outdoor/scene_00024/scan_00202,val/outdoor/scene_00024/scan_00202/00024_00202_outdoor_130_020.png,4,1,0,0,256,256,512,63983,3356,77407.0,25488.111255390366,25452.4220448414,35.689210548967324,11578.113620265622,11576.775258685691,1.3383615799300035,0.03840747938380233,0.0021023205269169723,0.44297722127714845,0.8971737537688806
192,outdoor,scene_00024,outdoor/scene_00024/scan_00202,val/outdoor/scene_00024/scan_00202/00024_00202_outdoor_130_020.png,5,1,1,256,256,512,512,64281,2112,72729.0,17185.221244243206,17088.08549225969,97.13575198351188,9617.493949717622,9515.98837645013,101.5055732674892,0.029435081857677448,0.0016095292302473207,0.4150407401521413,0.5996419694313669
192,outdoor,scene_00024,outdoor/scene_00024/scan_00202,val/outdoor/scene_00024/scan_00202/00024_00202_outdoor_130_020.png,6,1,2,512,256,768,512,65245,694,68021.0,7160.6016098659065,7107.213086287748,53.38852357815894,5348.677029845781,5291.2404437417745,57.43658610400652,0.038117908506433734,0.0038244062315496664,0.46517382105755106,1.0208823113378163
192,outdoor,scene_00024,outdoor/scene_00024/scan_00202,val/outdoor/scene_00024/scan_00202/00024_00202_outdoor_130_020.png,7,1,3,768,256,1024,512,65508,194,66284.0,7158.096097421676,7163.092999863377,-4.996902441701499,6770.8933591310615,6774.7103410958225,-3.8169819647621357,0.04922368270914702,0.0035167943630837017,0.3784792251148671,1.9654953141424532
192,outdoor,scene_00024,outdoor/scene_00024/scan_00202,val/outdoor/scene_00024/scan_00202/00024_00202_outdoor_130_020.png,8,2,0,0,512,256,768,61775,10049,101971.0,77821.11070667012,77754.02841997982,67.08228669030947,35279.70581584834,35209.16116063004,70.54465521829974,0.058931756072021446,0.012665798085194893,0.5744830164560225,2.061392335710714
192,outdoor,scene_00024,outdoor/scene_00024/scan_00202,val/outdoor/scene_00024/scan_00202/00024_00202_outdoor_130_020.png,9,2,1,256,512,512,768,63283,11222,108171.0,86119.4378614987,86505.31354626785,-385.87568476913145,34175.993237964445,34221.768665933254,-45.77542796880625,0.05013402687580115,0.012940968773176815,0.7056013745192758,1.8976931193287616
192,outdoor,scene_00024,outdoor/scene_00024/scan_00202,val/outdoor/scene_00024/scan_00202/00024_00202_outdoor_130_020.png,10,2,2,512,512,768,768,62299,17539,132455.0,141155.3245562635,143319.03570508223,-2163.711148818732,46456.33277973501,46670.48617544383,-214.1533957088202,0.0633902682371314,0.02101905893724629,0.9668553498310195,1.7333968530319717
192,outdoor,scene_00024,outdoor/scene_00024/scan_00202,val/outdoor/scene_00024/scan_00202/00024_00202_outdoor_130_020.png,11,2,3,768,512,1024,768,63973,17342,133341.0,148550.1438095676,152127.0050158037,-3576.8612062361053,45367.80432382401,45368.92719072905,-1.1228669050387907,0.07060084604062138,0.0422755155563746,1.322782441826276,1.4743391301867776
193,outdoor,scene_00024,outdoor/scene_00024/scan_00202,val/outdoor/scene_00024/scan_00202/00024_00202_outdoor_170_020.png,0,0,0,0,0,256,256,28940,1915,36600.0,30020.257276561497,29420.99933970706,599.2579368544427,18628.113609140077,18383.56521279743,244.54839634264687,0.04522032215593152,0.004116980395384642,0.215812417316557,0.004170493941040756
193,outdoor,scene_00024,outdoor/scene_00024/scan_00202,val/outdoor/scene_00024/scan_00202/00024_00202_outdoor_170_020.png,1,0,1,256,0,512,256,10519,305,11739.0,5956.908090376974,5766.3331919937,190.57489838327461,3474.7030370182474,3298.183518021544,176.51951899670337,0.04503086143433388,0.002785037970849478,0.22429570103132565,0.0005531315442249085
193,outdoor,scene_00024,outdoor/scene_00024/scan_00202,val/outdoor/scene_00024/scan_00202/00024_00202_outdoor_170_020.png,2,0,2,512,0,768,256,20753,1277,25861.0,154769.31687251595,100980.74839968549,53788.56847283048,44701.4584196218,32282.263366601193,12419.1950530206,0.04434206531641269,0.05017067102073972,1.0395113030956702,-0.04198736086675768
193,outdoor,scene_00024,outdoor/scene_00024/scan_00202,val/outdoor/scene_00024/scan_00202/00024_00202_outdoor_170_020.png,3,0,3,768,0,1024,256,17420,634,19956.0,74651.24285907726,33223.73494056966,41427.50791850762,22340.90304325102,12530.844710267495,9810.058332983524,0.044293757601782356,0.02231844607565671,0.8905732221226088,-0.025208203425431754
193,outdoor,scene_00024,outdoor/scene_00024/scan_00202,val/outdoor/scene_00024/scan_00202/00024_00202_outdoor_170_020.png,4,1,0,0,256,256,512,54439,6158,79071.0,33332.838524966646,33326.80364017412,6.034884792523727,23269.806304251455,23271.001946790813,-1.1956425393608,0.03643906589606435,0.001953726739403577,0.11226111997461755,0.37119984664029027
193,outdoor,scene_00024,outdoor/scene_00024/scan_00202,val/outdoor/scene_00024/scan_00202/00024_00202_outdoor_170_020.png,5,1,1,256,256,512,512,63020,5728,85932.0,26446.00542735205,26240.712105605435,205.29332174661647,19727.926025695822,19627.80007929174,100.12594640408597,0.046208290519075934,0.0014823396031436943,0.21295502494601323,0.03684170388010619
193,outdoor,scene_00024,outdoor/scene_00024/scan_00202,val/outdoor/scene_00024/scan_00202/00024_00202_outdoor_170_020.png,6,1,2,512,256,768,512,65469,2477,75377.0,31561.204436881897,31579.070914270316,-17.866477388419042,27268.96645597741,27334.51317717577,-65.54672119836076,0.048824617208447725,0.026848375632491785,0.8843644435154142,0.1838130919381871
193,outdoor,scene_00024,outdoor/scene_00024/scan_00202,val/outdoor/scene_00024/scan_00202/00024_00202_outdoor_170_020.png,7,1,3,768,256,1024,512,65357,2409,74993.0,30271.910096932985,30517.563479900997,-245.6533829680135,26131.849032841998,26132.281872421026,-0.4328395790285242,0.04741770681492548,0.026188631161028972,0.7582057034687586,0.5609136848005072
193,outdoor,scene_00024,outdoor/scene_00024/scan_00202,val/outdoor/scene_00024/scan_00202/00024_00202_outdoor_170_020.png,8,2,0,0,512,256,768,62748,10509,104784.0,34134.010153631454,34334.82684474239,-200.81669111093947,23278.774455167422,23371.87397112269,-93.0995159552698,0.04666695554648216,0.009590123449596052,0.43944407479673486,0.637930742807227
193,outdoor,scene_00024,outdoor/scene_00024/scan_00202,val/outdoor/scene_00024/scan_00202/00024_00202_outdoor_170_020.png,9,2,1,256,512,512,768,62214,13864,117670.0,33603.51631634766,33595.986594231756,7.529722115904452,21264.228658859436,21255.215583832098,9.013075027336168,0.05290278999967669,0.007460166642863903,0.3830981592178671,0.5453350416262976
193,outdoor,scene_00024,outdoor/scene_00024/scan_00202,val/outdoor/scene_00024/scan_00202/00024_00202_outdoor_170_020.png,10,2,2,512,512,768,768,64366,5971,88250.0,36751.73194711376,36755.77031947985,-4.03837236608986,30642.380076837355,30681.30856605971,-38.92848922235578,0.05416342440590442,0.018713295872519433,0.9464647763692762,0.9740696472311698
193,outdoor,scene_00024,outdoor/scene_00024/scan_00202,val/outdoor/scene_00024/scan_00202/00024_00202_outdoor_170_020.png,11,2,3,768,512,1024,768,64491,6699,91287.0,35288.11779267388,35381.4383171057,-93.32052443181047,28876.276494540187,28912.76638022967,-36.489885689485845,0.05548277151328397,0.020419581107119274,0.6121306333559401,1.5504628191718337
194,outdoor,scene_00024,outdoor/scene_00024/scan_00202,val/outdoor/scene_00024/scan_00202/00024_00202_outdoor_180_010.png,0,0,0,0,0,256,256,45183,10817,88451.0,200856.63596819664,199640.9564852452,1215.6794829514324,84851.65205715373,84561.59700225142,290.055054902296,0.05314395581088888,0.002780801204827506,0.12616766826789433,0.23709300488249793
194,outdoor,scene_00024,outdoor/scene_00024/scan_00202,val/outdoor/scene_00024/scan_00202/00024_00202_outdoor_180_010.png,1,0,1,256,0,512,256,56577,4730,75497.0,79391.27449940267,79170.33875752141,220.9357418812753,46638.18943412404,46407.95523809511,230.2341960289286,0.03884154461762894,0.002167469063798693,0.14327546255120494,0.1781841252404799
194,outdoor,scene_00024,outdoor/scene_00024/scan_00202,val/outdoor/scene_00024/scan_00202/00024_00202_outdoor_180_010.png,2,0,2,512,0,768,256,63950,4156,80574.0,52744.79088598405,53046.00512343286,-301.2142374488005,31082.098806074566,31173.955424269872,-91.85661819530445,0.045761454625600606,0.0017030741691907033,0.1608082835699602,0.242151715341411
194,outdoor,scene_00024,outdoor/scene_00024/scan_00202,val/outdoor/scene_00024/scan_00202/00024_00202_outdoor_180_010.png,3,0,3,768,0,1024,256,65489,1753,72501.0,27182.156029863516,26678.074992555856,504.0810373076638,23211.386456481214,22821.82216851895,389.56428796226635,0.04917386595613944,0.03400316797816854,1.0853561454522211,0.35136785855540514
194,outdoor,scene_00024,outdoor/scene_00024/scan_00202,val/outdoor/scene_00024/scan_00202/00024_00202_outdoor_180_010.png,4,1,0,0,256,256,512,62243,17347,131631.0,101381.32820634631,105366.82584423543,-3985.4976378891174,38110.00945823199,38841.85329891571,-731.8438406837207,0.06458585464087974,0.017901208229436458,0.6541571904429403,0.25106836999174514
194,outdoor,scene_00024,outdoor/scene_00024/scan_00202,val/outdoor/scene_00024/scan_00202/00024_00202_outdoor_180_010.png,5,1,1,256,256,512,512,62631,10167,103299.0,60979.58185763346,60782.572389879184,197.00946775428054,30325.28986427327,30278.047579152608,47.24228512065824,0.04483072016638308,0.009322492745834573,0.42849168970124607,0.26645670202357624
194,outdoor,scene_00024,outdoor/scene_00024/scan_00202,val/outdoor/scene_00024/scan_00202/00024_00202_outdoor_180_010.png,6,1,2,512,256,768,512,61253,13959,117089.0,67141.7505807292,66758.14754193499,383.6030387942185,26917.445880774696,26854.84226854416,62.603612230534054,0.053877857726936346,0.007761252052678437,0.544791368845149,0.37730975070841866
194,outdoor,scene_00024,outdoor/scene_00024/scan_00202,val/outdoor/scene_00024/scan_00202/00024_00202_outdoor_180_010.png,7,1,3,768,256,1024,512,64570,4457,82398.0,34496.24021281221,33984.09330634857,512.146906463634,23649.771247558812,23492.37153533598,157.39971222283273,0.05316855058862125,0.02127227431007357,0.939098642410808,0.7654627379983184
194,outdoor,scene_00024,outdoor/scene_00024/scan_00202,val/outdoor/scene_00024/scan_00202/00024_00202_outdoor_180_010.png,8,2,0,0,512,256,768,64938,4853,84350.0,25968.83338510522,25956.44824955405,12.385135551168474,20231.56165391425,20223.611115227603,7.95053868664551,0.04636701384454923,0.011831718602891854,0.6396402649750172,2.2860091465919936
194,outdoor,scene_00024,outdoor/scene_00024/scan_00202,val/outdoor/scene_00024/scan_00202/00024_00202_outdoor_180_010.png,9,2,1,256,512,512,768,65535,160,66175.0,19294.907020266903,19286.034879581675,8.872140685227848,19182.039383459633,19173.348457859243,8.69092560039002,0.04309128562546085,0.014877556606824898,0.6026017114576592,1.6416693968621736
194,outdoor,scene_00024,outdoor/scene_00024/scan_00202,val/outdoor/scene_00024/scan_00202/00024_00202_outdoor_180_010.png,10,2,2,512,512,768,768,65529,954,69345.0,20737.430509833444,20758.932036566766,-21.501526733324347,20029.285759037117,20025.602814318292,3.6829447188262145,0.03919293231101465,0.02265789552929893,0.7422337934339625,1.7034486488401517
194,outdoor,scene_00024,outdoor/scene_00024/scan_00202,val/outdoor/scene_00024/scan_00202/00024_00202_outdoor_180_010.png,11,2,3,768,512,1024,768,65444,919,69120.0,23041.20772156258,22978.374893343112,62.832828219467665,22273.662456196987,22205.24195483081,68.42050136617843,0.04549619161441634,0.01925915339615131,0.8713649893395058,1.8296721707918062
195,outdoor,scene_00024,outdoor/scene_00024/scan_00202,val/outdoor/scene_00024/scan_00202/00024_00202_outdoor_190_000.png,0,0,0,0,0,256,256,61835,14724,120731.0,215860.0065909815,210197.5530564456,5662.453534535912,96928.78204306196,94010.28371469682,2918.4983283651577,0.04934458089869943,0.02079515543852134,0.6817349500577667,0.1493763481851349
195,outdoor,scene_00024,outdoor/scene_00024/scan_00202,val/outdoor/scene_00024/scan_00202/00024_00202_outdoor_190_000.png,1,0,1,256,0,512,256,60448,17136,128992.0,443176.85347658786,597771.0929050676,-154594.23942847978,177853.13252295813,231043.6880819239,-53190.5555589658,0.06626672029605592,0.015909538779103543,0.6045067157338324,-0.07894740057443334
195,outdoor,scene_00024,outdoor/scene_00024/scan_00202,val/outdoor/scene_00024/scan_00202/00024_00202_outdoor_190_000.png,2,0,2,512,0,768,256,62516,8989,98472.0,188948.66143971874,187363.13693315614,1585.5245065625659,111152.50177695024,110250.49843563177,902.003341318492,0.0434027721949018,0.009840892562931582,0.3978883452234714,0.04274138284286278
195,outdoor,scene_00024,outdoor/scene_00024/scan_00202,val/outdoor/scene_00024/scan_00202/00024_00202_outdoor_190_000.png,3,0,3,768,0,1024,256,60377,12726,111281.0,144884.99260121357,145494.46813686844,-609.4755356548351,63935.64091555796,63977.20162847645,-41.560712918483475,0.05573221839640406,0.007790803161449774,0.3870977733653346,0.28848773262398003
195,outdoor,scene_00024,outdoor/scene_00024/scan_00202,val/outdoor/scene_00024/scan_00202/00024_00202_outdoor_190_000.png,4,1,0,0,256,256,512,60618,15540,122778.0,70460.30828762907,70467.82237008205,-7.5140824529913814,22278.663478188442,22284.976245475278,-6.312767286834891,0.05916761351504547,0.011677677126666673,0.4415149003973539,2.9346057118341635
195,outdoor,scene_00024,outdoor/scene_00024/scan_00202,val/outdoor/scene_00024/scan_00202/00024_00202_outdoor_190_000.png,5,1,1,256,256,512,512,64924,5104,85340.0,23693.698128693526,23670.412608088503,23.285520605018352,11215.449210921252,11193.192047516146,22.257163405106226,0.04618978941867573,0.011692362016340135,0.5278910391152257,1.7685788153286481
195,outdoor,scene_00024,outdoor/scene_00024/scan_00202,val/outdoor/scene_00024/scan_00202/00024_00202_outdoor_190_000.png,6,1,2,512,256,768,512,65535,134,66071.0,8145.682754827107,8140.751865132024,4.930889695082115,7939.3822263175325,7936.5078651912445,2.874361126288229,0.04128129352713637,0.013321428140859192,0.5667102051344446,1.2638081485787342
195,outdoor,scene_00024,outdoor/scene_00024/scan_00202,val/outdoor/scene_00024/scan_00202/00024_00202_outdoor_190_000.png,7,1,3,768,256,1024,512,65487,1013,69539.0,11638.644882322176,11699.505832584033,-60.860950261855976,9955.876100059215,9952.324308315143,3.551791744072708,0.040699584227383456,0.022080445196379743,0.7083274822656149,1.4437252967013907
195,outdoor,scene_00024,outdoor/scene_00024/scan_00202,val/outdoor/scene_00024/scan_00202/00024_00202_outdoor_190_000.png,8,2,0,0,512,256,768,64938,723,67830.0,15720.885978773675,15716.533406389655,4.352572384019419,14390.041009405208,14383.59367333947,6.447336065737188,0.03840703208695034,0.015297184031576361,0.9532187034787794,3.5347557770438485
195,outdoor,scene_00024,outdoor/scene_00024/scan_00202,val/outdoor/scene_00024/scan_00202/00024_00202_outdoor_190_000.png,9,2,1,256,512,512,768,65536,0,65536.0,14928.901588808267,14929.058179148058,-0.15659033978836234,14928.901588808267,14929.058179148058,-0.15659033978836234,0.04190132608353801,0.014765533220016353,0.7056491047859889,3.779658505273931
195,outdoor,scene_00024,outdoor/scene_00024/scan_00202,val/outdoor/scene_00024/scan_00202/00024_00202_outdoor_190_000.png,10,2,2,512,512,768,768,65533,115,65993.0,14722.55927675005,14718.816499358349,3.7427773917007525,14569.257388467884,14565.777626866806,3.479761601078769,0.04404816128556702,0.014850688470830726,0.7933881105862628,3.612242165336572
195,outdoor,scene_00024,outdoor/scene_00024/scan_00202,val/outdoor/scene_00024/scan_00202/00024_00202_outdoor_190_000.png,11,2,3,768,512,1024,768,65525,104,65941.0,14795.02284499846,14784.236136865042,10.786708133418516,14652.237460361896,14641.61472828767,10.622732074226487,0.039191017593171146,0.014207194578419197,0.7422078832128104,4.5202968140656
196,outdoor,scene_00024,outdoor/scene_00024/scan_00202,val/outdoor/scene_00024/scan_00202/00024_00202_outdoor_190_020.png,0,0,0,0,0,256,256,64916,1824,72212.0,15013.733169111863,15044.667689571974,-30.934520460111635,10842.829010836154,10861.691297464225,-18.862286628070265,0.03806383036108261,0.0026711943930465146,0.3175600628105162,1.2154730114598586
196,outdoor,scene_00024,outdoor/scene_00024/scan_00202,val/outdoor/scene_00024/scan_00202/00024_00202_outdoor_190_020.png,1,0,1,256,0,512,256,51096,1507,57124.0,19572.467996342893,19041.873653607276,530.5943427356151,15295.001244028266,14950.827125849251,344.1741181790165,0.048485611889293186,0.010931904268631606,0.4753307132125655,0.16306862969326671
196,outdoor,scene_00024,outdoor/scene_00024/scan_00202,val/outdoor/scene_00024/scan_00202/00024_00202_outdoor_190_020.png,2,0,2,512,0,768,256,19382,703,22194.0,13386.004238199213,12023.957706847066,1362.0465313521486,7817.319300306564,6997.080865310424,820.2384349961395,0.04442674957889064,0.00948588044087895,0.47679241794765537,0.013173669232998217
196,outdoor,scene_00024,outdoor/scene_00024/scan_00202,val/outdoor/scene_00024/scan_00202/00024_00202_outdoor_190_020.png,3,0,3,768,0,1024,256,14052,168,14724.0,6341.646022069279,5438.864261758425,902.781760310853,3301.0178719989476,3047.9332472615492,253.0846247373983,0.04600026973690832,0.007729463419028849,0.6165798484317528,-5.809297407292594e-06
196,outdoor,scene_00024,outdoor/scene_00024/scan_00202,val/outdoor/scene_00024/scan_00202/00024_00202_outdoor_190_020.png,4,1,0,0,256,256,512,60062,4787,79210.0,39048.44826684983,39013.77390074044,34.67436610939528,20160.33055096981,20102.876423712096,57.45412725771612,0.04093515825210846,0.006682681614308174,0.5160732563387623,1.5848436778596635
196,outdoor,scene_00024,outdoor/scene_00024/scan_00202,val/outdoor/scene_00024/scan_00202/00024_00202_outdoor_190_020.png,5,1,1,256,256,512,512,44960,8423,78652.0,92421.68940153546,92358.2299048457,63.45949668974721,48692.648362628956,48635.908104904316,56.74025772463957,0.055075851262218145,0.012127224790685882,0.42967416633476685,1.032324217946061
196,outdoor,scene_00024,outdoor/scene_00024/scan_00202,val/outdoor/scene_00024/scan_00202/00024_00202_outdoor_190_020.png,6,1,2,512,256,768,512,58800,2962,70648.0,22824.332815929178,22850.81449918663,-26.48168325745389,13886.74788832033,13916.860855365307,-30.112967044977566,0.035672915281845866,0.005365088446900077,0.49804517148387195,0.42728976506065186
196,outdoor,scene_00024,outdoor/scene_00024/scan_00202,val/outdoor/scene_00024/scan_00202/00024_00202_outdoor_190_020.png,7,1,3,768,256,1024,512,62636,3910,78276.0,22682.105157467195,22674.601976195077,7.503181272115931,10431.248352420289,10403.785547418698,27.46280500159256,0.04722388785832431,0.005191172623908771,0.6641065789983511,0.03900106838258116
196,outdoor,scene_00024,outdoor/scene_00024/scan_00202,val/outdoor/scene_00024/scan_00202/00024_00202_outdoor_190_020.png,8,2,0,0,512,256,768,59983,13440,113743.0,94505.7434211908,94763.96543179612,-258.22201060533246,35111.08666878028,34976.47280774552,134.6138610347558,0.05436041041816872,0.029117029216615953,1.003710197343561,1.9600371656025433
196,outdoor,scene_00024,outdoor/scene_00024/scan_00202,val/outdoor/scene_00024/scan_00202/00024_00202_outdoor_190_020.png,9,2,1,256,512,512,768,62786,11236,107730.0,69073.09244395993,68994.74109818679,78.35134577313154,28860.29183428308,28804.312233414075,55.97960086900973,0.06325440749402277,0.02755631920254503,0.9488080537277228,1.7146569521199375
196,outdoor,scene_00024,outdoor/scene_00024/scan_00202,val/outdoor/scene_00024/scan_00202/00024_00202_outdoor_190_020.png,10,2,2,512,512,768,768,63094,5987,87042.0,42338.376842372425,42590.770520416045,-252.3936780436296,22356.739791110183,22465.835129143394,-109.09533803320744,0.04581429978454677,0.015530314109516002,0.8446056507113218,1.7671155573713664
196,outdoor,scene_00024,outdoor/scene_00024/scan_00202,val/outdoor/scene_00024/scan_00202/00024_00202_outdoor_190_020.png,11,2,3,768,512,1024,768,62228,7382,91756.0,42872.719077035305,42807.323621226926,65.39545580838052,22627.219498097344,22573.52725671711,53.69224138023277,0.05318943427123655,0.013506324502520716,0.7304588730289271,1.8155477551295134
197,outdoor,scene_00024,outdoor/scene_00024/scan_00202,val/outdoor/scene_00024/scan_00202/00024_00202_outdoor_210_000.png,0,0,0,0,0,256,256,61541,7925,93241.0,333718.2225467938,307817.944557291,25900.27798950275,88211.18961565952,81642.19317738018,6568.996438279335,0.03404196884361555,0.012329137142173464,0.5469556136171189,0.22871858768837758
197,outdoor,scene_00024,outdoor/scene_00024/scan_00202,val/outdoor/scene_00024/scan_00202/00024_00202_outdoor_210_000.png,1,0,1,256,0,512,256,62080,5739,85036.0,83960.2098173877,81067.47272410803,2892.7370932796834,27333.54895209791,25933.99794243261,1399.551009665307,0.036694297171518495,0.015528955115371017,0.5548325439140848,0.17389130191956884
197,outdoor,scene_00024,outdoor/scene_00024/scan_00202,val/outdoor/scene_00024/scan_00202/00024_00202_outdoor_210_000.png,2,0,2,512,0,768,256,61670,17309,130906.0,322076.4441282114,321611.86539337935,464.5787348320855,137329.13092535152,137227.3328253784,101.79809997311077,0.0516371188387051,0.019862629797124554,0.6915285036405097,-0.09119988935526208
197,outdoor,scene_00024,outdoor/scene_00024/scan_00202,val/outdoor/scene_00024/scan_00202/00024_00202_outdoor_210_000.png,3,0,3,768,0,1024,256,60662,17826,131966.0,551391.2755960657,743369.2016403074,-191977.92604424176,220172.96637683228,283000.1249960368,-62827.15861920457,0.06395765289019265,0.015053290922087443,0.6825358336353278,-0.09078448777220723
197,outdoor,scene_00024,outdoor/scene_00024/scan_00202,val/outdoor/scene_00024/scan_00202/00024_00202_outdoor_210_000.png,4,1,0,0,256,256,512,65516,1262,70564.0,8348.95197860389,8764.502907361666,-415.5509287577723,5497.471419950096,5752.246062873726,-254.77464292363027,0.045123649059892246,0.019034445186248503,0.6518033846458651,1.5774412557941868
197,outdoor,scene_00024,outdoor/scene_00024/scan_00202,val/outdoor/scene_00024/scan_00202/00024_00202_outdoor_210_000.png,5,1,1,256,256,512,512,62512,4589,80868.0,26591.99578822045,26741.707420904975,-149.71163268451988,11437.777391165557,11434.417380675313,3.360010490243811,0.047556614437339724,0.015529721848353058,0.6293708972685307,1.3952311291755881
197,outdoor,scene_00024,outdoor/scene_00024/scan_00202,val/outdoor/scene_00024/scan_00202/00024_00202_outdoor_210_000.png,6,1,2,512,256,768,512,61359,16206,126183.0,64694.73261205012,64655.44057553091,39.29203651919707,19836.051442106625,19830.457714233853,5.593727872776955,0.057816528755466556,0.012211935138946136,0.4845476496276799,2.2626442375538995
197,outdoor,scene_00024,outdoor/scene_00024/scan_00202,val/outdoor/scene_00024/scan_00202/00024_00202_outdoor_210_000.png,7,1,3,768,256,1024,512,65151,4109,81587.0,20228.915375809254,20209.459960271448,19.455415537807486,10305.204321910984,10296.444729488569,8.759592422414315,0.04565848956078633,0.012391641683207078,0.46870660442203,2.2090909655218516
197,outdoor,scene_00024,outdoor/scene_00024/scan_00202,val/outdoor/scene_00024/scan_00202/00024_00202_outdoor_210_000.png,8,2,0,0,512,256,768,65534,585,67874.0,11791.90230660258,11777.859928239912,14.042378362668746,11112.315057172364,11095.89077603777,16.424281134593574,0.08246029095453211,0.015319487139377216,0.8704070759536076,3.412737125107689
197,outdoor,scene_00024,outdoor/scene_00024/scan_00202,val/outdoor/scene_00024/scan_00202/00024_00202_outdoor_210_000.png,9,2,1,256,512,512,768,65536,209,66372.0,11489.265367369453,11491.937622643045,-2.6722552735916305,11301.057100961021,11303.984439882064,-2.9273389210416827,0.06553386203816307,0.015468960970889739,0.8366751999622862,3.345550820447891
197,outdoor,scene_00024,outdoor/scene_00024/scan_00202,val/outdoor/scene_00024/scan_00202/00024_00202_outdoor_210_000.png,10,2,2,512,512,768,768,65185,453,66997.0,14970.508573662319,14970.259533179888,0.24904048243079913,14230.000558374853,14230.014669414826,-0.014111039973039974,0.03766374313609784,0.014455953938019146,0.7610427306349689,3.3504894260792275
197,outdoor,scene_00024,outdoor/scene_00024/scan_00202,val/outdoor/scene_00024/scan_00202/00024_00202_outdoor_210_000.png,11,2,3,768,512,1024,768,65536,0,65536.0,14463.636324790605,14461.09416830684,2.542156483766986,14463.636324790605,14461.09416830684,2.542156483766986,0.04393279414837521,0.014346358213750543,0.8106535552119791,3.840864783219285
198,outdoor,scene_00024,outdoor/scene_00024/scan_00202,val/outdoor/scene_00024/scan_00202/00024_00202_outdoor_300_030.png,0,0,0,0,0,256,256,34614,543,36786.0,42344.83136112119,35730.69662718625,6614.134733934954,36564.661698194395,31802.432794886518,4762.228903307873,0.05491148198139176,0.021587477825631675,0.6426795855706579,0.022656826117579906
198,outdoor,scene_00024,outdoor/scene_00024/scan_00202,val/outdoor/scene_00024/scan_00202/00024_00202_outdoor_300_030.png,1,0,1,256,0,512,256,25714,259,26750.0,17687.699812758005,15812.215900127812,1875.4839126301915,14528.681001937497,14052.870103732199,475.81089820529695,0.057846189657116284,0.011574811053802906,0.5818302849859924,0.004045351281868534
198,outdoor,scene_00024,outdoor/scene_00024/scan_00202,val/outdoor/scene_00024/scan_00202/00024_00202_outdoor_300_030.png,2,0,2,512,0,768,256,0,0,0.0,0.0,0.0,0.0,0.0,0.0,0.0,0.05504282596195224,0.0,1e-06,-2.490586757659912e-06
198,outdoor,scene_00024,outdoor/scene_00024/scan_00202,val/outdoor/scene_00024/scan_00202/00024_00202_outdoor_300_030.png,3,0,3,768,0,1024,256,0,0,0.0,0.0,0.0,0.0,0.0,0.0,0.0,0.05955776288728835,0.0,0.434746461464588,0.0
198,outdoor,scene_00024,outdoor/scene_00024/scan_00202,val/outdoor/scene_00024/scan_00202/00024_00202_outdoor_300_030.png,4,1,0,0,256,256,512,54815,1728,61727.0,31044.92700493555,30285.463795899206,759.4632090363477,26638.654988185095,26077.26512089167,561.3898672934257,0.07551197102550526,0.01078911737181204,0.5859436297102288,0.7505920650029196
198,outdoor,scene_00024,outdoor/scene_00024/scan_00202,val/outdoor/scene_00024/scan_00202/00024_00202_outdoor_300_030.png,5,1,1,256,256,512,512,37932,897,41520.0,85458.92816050358,66431.27238796599,19027.655772537597,52148.14242432936,42685.49503803026,9462.64738629909,0.06032315557503433,0.03062819176752124,0.6641933512016296,0.02505842140516699
198,outdoor,scene_00024,outdoor/scene_00024/scan_00202,val/outdoor/scene_00024/scan_00202/00024_00202_outdoor_300_030.png,6,1,2,512,256,768,512,736,107,1164.0,15646.467427747837,13402.051214637508,2244.4162131103312,7125.680700978788,6237.079674495366,888.601026483422,0.04427690297991314,0.0016443155225588325,0.43871713009005087,-0.0011033614925762163
198,outdoor,scene_00024,outdoor/scene_00024/scan_00202,val/outdoor/scene_00024/scan_00202/00024_00202_outdoor_300_030.png,7,1,3,768,256,1024,512,20835,4805,40055.0,195376.16260791884,210312.2693322303,-14936.106724311443,61814.79992594629,65834.29921602488,-4019.4992900785937,0.056292000481509424,0.01220018002233252,0.582220947746341,0.003409390634756944
198,outdoor,scene_00024,outdoor/scene_00024/scan_00202,val/outdoor/scene_00024/scan_00202/00024_00202_outdoor_300_030.png,8,2,0,0,512,256,768,52004,1825,59304.0,25743.129858156015,25840.62722772287,-97.49736956685472,21410.624179165796,21535.833019347458,-125.20884018166305,0.07640335320551503,0.014401067045750636,0.5649810084431769,2.061540141205291
198,outdoor,scene_00024,outdoor/scene_00024/scan_00202,val/outdoor/scene_00024/scan_00202/00024_00202_outdoor_300_030.png,9,2,1,256,512,512,768,50221,4498,68213.0,102055.60825070938,66726.49825787009,35329.10999283928,54893.95846635102,38422.20958574617,16471.748880604853,0.07257488609487749,0.05003770953934395,0.7305474632125729,0.8283686131205853
198,outdoor,scene_00024,outdoor/scene_00024/scan_00202,val/outdoor/scene_00024/scan_00202/00024_00202_outdoor_300_030.png,10,2,2,512,512,768,768,39360,7501,69364.0,222838.56434829862,195552.817107465,27285.74724083362,107483.96769297228,93665.64000964678,13818.3276833255,0.07280564599044832,0.0339890927906092,1.245459710382099,0.010905782624630652
198,outdoor,scene_00024,outdoor/scene_00024/scan_00202,val/outdoor/scene_00024/scan_00202/00024_00202_outdoor_300_030.png,11,2,3,768,512,1024,768,39292,13278,92404.0,472639.66105901834,444638.37885939016,28001.282199628185,169974.5130147895,158195.3647416339,11779.148273155562,0.06515899228684721,0.01633155138103774,0.5931908792394038,0.5628487677876484
199,outdoor,scene_00024,outdoor/scene_00024/scan_00202,val/outdoor/scene_00024/scan_00202/00024_00202_outdoor_330_040.png,0,0,0,0,0,256,256,0,0,0.0,0.0,0.0,0.0,0.0,0.0,0.0,0.06154314072696961,0.0,1e-06,-2.9456251859664913e-06
199,outdoor,scene_00024,outdoor/scene_00024/scan_00202,val/outdoor/scene_00024/scan_00202/00024_00202_outdoor_330_040.png,1,0,1,256,0,512,256,0,0,0.0,0.0,0.0,0.0,0.0,0.0,0.0,0.05942803028795002,0.0,1e-06,-2.6280037164688107e-06
199,outdoor,scene_00024,outdoor/scene_00024/scan_00202,val/outdoor/scene_00024/scan_00202/00024_00202_outdoor_330_040.png,2,0,2,512,0,768,256,0,0,0.0,0.0,0.0,0.0,0.0,0.0,0.0,0.05701949074995289,0.0,0.6986206865069309,0.0
199,outdoor,scene_00024,outdoor/scene_00024/scan_00202,val/outdoor/scene_00024/scan_00202/00024_00202_outdoor_330_040.png,3,0,3,768,0,1024,256,4127,282,5255.0,4542.061549779237,4032.492262777872,509.56928700136456,2356.2979268294985,2060.85865939072,295.43926743877887,0.05866208092947635,0.007098271726259363,0.7315278179269699,1.6176712168140113e-05
199,outdoor,scene_00024,outdoor/scene_00024/scan_00202,val/outdoor/scene_00024/scan_00202/00024_00202_outdoor_330_040.png,4,1,0,0,256,256,512,0,0,0.0,0.0,0.0,0.0,0.0,0.0,0.0,0.05024342639244235,0.0,1e-06,-2.4509427547454834e-06
199,outdoor,scene_00024,outdoor/scene_00024/scan_00202,val/outdoor/scene_00024/scan_00202/00024_00202_outdoor_330_040.png,5,1,1,256,256,512,512,0,0,0.0,0.0,0.0,0.0,0.0,0.0,0.0,0.04670710734336163,0.0,1e-06,-2.8263211250305176e-06
199,outdoor,scene_00024,outdoor/scene_00024/scan_00202,val/outdoor/scene_00024/scan_00202/00024_00202_outdoor_330_040.png,6,1,2,512,256,768,512,7246,1375,12746.0,54988.976862719224,46308.403554163575,8680.573308555642,23271.861639022576,19526.281921977443,3745.579717045136,0.048575628233068796,0.01726944042315115,0.8063634356338742,0.0006911722670074657
199,outdoor,scene_00024,outdoor/scene_00024/scan_00202,val/outdoor/scene_00024/scan_00202/00024_00202_outdoor_330_040.png,7,1,3,768,256,1024,512,58949,3169,71625.0,37921.16116814483,37802.88288720586,118.27828093897378,22953.594900337775,22808.938727200795,144.65617313697965,0.06389052769070874,0.0154648661355111,0.7171384275664338,0.03723998918750761
199,outdoor,scene_00024,outdoor/scene_00024/scan_00202,val/outdoor/scene_00024/scan_00202/00024_00202_outdoor_330_040.png,8,2,0,0,512,256,768,39467,1517,45535.0,13948.685862894286,13001.255501657088,947.4303612371971,8615.684009799585,8353.584874569066,262.0991352305194,0.043815094038240576,0.010113305103199499,0.8750012421442871,0.006561845123275438
199,outdoor,scene_00024,outdoor/scene_00024/scan_00202,val/outdoor/scene_00024/scan_00202/00024_00202_outdoor_330_040.png,9,2,1,256,512,512,768,38885,1246,43869.0,18116.23564365653,15689.461427803753,2426.774215852776,10885.091911253236,9658.606428601848,1226.4854826513858,0.04019741726286689,0.012830257528900196,0.7504920400544339,0.025785256995168225
199,outdoor,scene_00024,outdoor/scene_00024/scan_00202,val/outdoor/scene_00024/scan_00202/00024_00202_outdoor_330_040.png,10,2,2,512,512,768,768,47436,9207,84264.0,83756.25910810023,76048.75161220324,7707.507495897002,35114.13740352652,32465.851611480564,2648.2857920459546,0.06669698327488041,0.023644480628283754,0.9774109487220579,0.09010125743265353
199,outdoor,scene_00024,outdoor/scene_00024/scan_00202,val/outdoor/scene_00024/scan_00202/00024_00202_outdoor_330_040.png,11,2,3,768,512,1024,768,59554,8754,94570.0,66995.33313618951,67089.09411707014,-93.76098088062062,28921.597552297353,28974.934106599936,-53.3365543025802,0.07738711821829758,0.005714253803393387,0.5575313355713927,1.2756610894006322
