dataset,image_id,cluster_id,error_type,variant_id,template_id,full_clean_abs_rel,full_variant_abs_rel,full_abs_rel_degradation,full_clean_d1,full_variant_d1,full_d1_degradation,region_clean_abs_rel,region_variant_abs_rel,region_abs_rel_degradation,region_clean_d1,region_variant_d1,region_d1_degradation,full_valid_pixel_count,region_valid_pixel_count
NYUv2,nyuv2_labeled_0045,706f49ecb5ea00229083f74184d38c7296f9c4c048d34d2131edc3ee586ec828,depth_relation_conflict,0,depth_relation_conflict-v0,0.03291441461383069,0.040153066602504964,0.007238651988674273,0.9976751539048115,0.9976426060594789,3.254784533268662e-05,0.20325384573600844,0.20588663628987938,0.002632790553870945,0.8014705882352942,0.8063725490196079,-0.004901960784313708,215068,816
NYUv2,nyuv2_labeled_0045,706f49ecb5ea00229083f74184d38c7296f9c4c048d34d2131edc3ee586ec828,depth_relation_conflict,1,depth_relation_conflict-v1,0.03291441461383069,0.031135075776715697,-0.0017793388371149937,0.9976751539048115,0.99765655513605,1.859876876153521e-05,0.20325384573600844,0.19857288321899524,-0.004680962517013193,0.8014705882352942,0.8063725490196079,-0.004901960784313708,215068,816
NYUv2,nyuv2_labeled_0045,706f49ecb5ea00229083f74184d38c7296f9c4c048d34d2131edc3ee586ec828,depth_relation_conflict,2,depth_relation_conflict-v2,0.03291441461383069,0.03213945707719484,-0.0007749575366358535,0.9976751539048115,0.997693752673573,-1.859876876142419e-05,0.20325384573600844,0.20072585627787565,-0.00252798945813279,0.8014705882352942,0.8063725490196079,-0.004901960784313708,215068,816
NYUv2,nyuv2_labeled_0045,706f49ecb5ea00229083f74184d38c7296f9c4c048d34d2131edc3ee586ec828,local_entity_conflict,0,local_entity_conflict-v0,0.03291441461383069,0.033660097333860245,0.0007456827200295543,0.9976751539048115,0.997730950211096,-5.579630628449461e-05,0.20325384573600844,0.2230950620519022,0.01984121631589375,0.8014705882352942,0.7781862745098039,0.023284313725490224,215068,816
NYUv2,nyuv2_labeled_0045,706f49ecb5ea00229083f74184d38c7296f9c4c048d34d2131edc3ee586ec828,local_entity_conflict,1,local_entity_conflict-v1,0.03291441461383069,0.038371553145118406,0.0054571385312877155,0.9976751539048115,0.9975031152937676,0.00017203861104397866,0.20325384573600844,0.22054215325473847,0.017288307518730034,0.8014705882352942,0.7892156862745098,0.012254901960784381,215068,816
NYUv2,nyuv2_labeled_0045,706f49ecb5ea00229083f74184d38c7296f9c4c048d34d2131edc3ee586ec828,local_entity_conflict,2,local_entity_conflict-v2,0.03291441461383069,0.028997270374968152,-0.003917144238862538,0.9976751539048115,0.9976333066750981,4.1847229713454226e-05,0.20325384573600844,0.21275859985680234,0.009504754120793907,0.8014705882352942,0.7965686274509803,0.004901960784313819,215068,816
NYUv2,nyuv2_labeled_0045,706f49ecb5ea00229083f74184d38c7296f9c4c048d34d2131edc3ee586ec828,semantic_preserving,0,semantic_preserving-v0,0.03291441461383069,0.03291441461383069,0.0,0.9976751539048115,0.9976751539048115,0.0,0.20325384573600844,0.20325384573600844,0.0,0.8014705882352942,0.8014705882352942,0.0,215068,816
NYUv2,nyuv2_labeled_0045,706f49ecb5ea00229083f74184d38c7296f9c4c048d34d2131edc3ee586ec828,semantic_preserving,1,semantic_preserving-v1,0.03291441461383069,0.0418744305724396,0.00896001595860891,0.9976751539048115,0.9975961091375751,7.904476723641363e-05,0.20325384573600844,0.2110187413340167,0.007764895598008276,0.8014705882352942,0.7928921568627451,0.0085784313725491,215068,816
NYUv2,nyuv2_labeled_0045,706f49ecb5ea00229083f74184d38c7296f9c4c048d34d2131edc3ee586ec828,semantic_preserving,2,semantic_preserving-v2,0.03291441461383069,0.03847532860970095,0.005560913995870262,0.9976751539048115,0.9977077017501441,-3.25478453325756e-05,0.20325384573600844,0.20114228359980638,-0.002111562136202061,0.8014705882352942,0.8063725490196079,-0.004901960784313708,215068,816
NYUv2,nyuv2_labeled_0045,706f49ecb5ea00229083f74184d38c7296f9c4c048d34d2131edc3ee586ec828,target_deletion,0,target_deletion-v0,0.03291441461383069,0.031328241516488074,-0.0015861730973426164,0.9976751539048115,0.9977448992876672,-6.974538285564602e-05,0.20325384573600844,0.20331715584699486,6.331011098642536e-05,0.8014705882352942,0.7977941176470589,0.003676470588235281,215068,816
NYUv2,nyuv2_labeled_0045,706f49ecb5ea00229083f74184d38c7296f9c4c048d34d2131edc3ee586ec828,target_deletion,1,target_deletion-v1,0.03291441461383069,0.03671470694997637,0.0038002923361456775,0.9976751539048115,0.9976007588297655,7.439507504602982e-05,0.20325384573600844,0.20908957110923265,0.005835725373224215,0.8014705882352942,0.7941176470588235,0.007352941176470673,215068,816
NYUv2,nyuv2_labeled_0045,706f49ecb5ea00229083f74184d38c7296f9c4c048d34d2131edc3ee586ec828,target_deletion,2,target_deletion-v2,0.03291441461383069,0.03128191399736667,-0.0016325006164640207,0.9976751539048115,0.9977355999032864,-6.0445998474878415e-05,0.20325384573600844,0.20449532779157786,0.0012414820555694261,0.8014705882352942,0.7977941176470589,0.003676470588235281,215068,816
NYUv2,nyuv2_labeled_0050,3bb7820ef8ce644a752a754630e123b41c2b204124bc4cb52c2e02f137108e30,depth_relation_conflict,0,depth_relation_conflict-v0,0.03612489707564886,0.03601820720956966,-0.0001066898660792015,0.998998998998999,0.9990624771112576,-6.347811225859701e-05,0.04012653064887695,0.04243897705309425,0.0023124464042172943,0.9903462050599201,0.9903462050599201,0.0,204795,3004
NYUv2,nyuv2_labeled_0050,3bb7820ef8ce644a752a754630e123b41c2b204124bc4cb52c2e02f137108e30,depth_relation_conflict,1,depth_relation_conflict-v1,0.03612489707564886,0.0381592349669442,0.0020343378912953403,0.998998998998999,0.9990331795209844,-3.418052198533861e-05,0.04012653064887695,0.043419538300360515,0.003293007651483562,0.9903462050599201,0.9903462050599201,0.0,204795,3004
NYUv2,nyuv2_labeled_0050,3bb7820ef8ce644a752a754630e123b41c2b204124bc4cb52c2e02f137108e30,depth_relation_conflict,2,depth_relation_conflict-v2,0.03612489707564886,0.03609459501704453,-3.0302058604325666e-05,0.998998998998999,0.998925755023316,7.324397568297947e-05,0.04012653064887695,0.039913818287513766,-0.00021271236136318622,0.9903462050599201,0.9896804260985352,0.0006657789613848664,204795,3004
NYUv2,nyuv2_labeled_0050,3bb7820ef8ce644a752a754630e123b41c2b204124bc4cb52c2e02f137108e30,local_entity_conflict,0,local_entity_conflict-v0,0.03612489707564886,0.032284854761751955,-0.0038400423138969034,0.998998998998999,0.9992577943797456,-0.00025879538074657926,0.04012653064887695,0.03978729283649946,-0.00033923781237749084,0.9903462050599201,0.991011984021305,-0.0006657789613848664,204795,3004
NYUv2,nyuv2_labeled_0050,3bb7820ef8ce644a752a754630e123b41c2b204124bc4cb52c2e02f137108e30,local_entity_conflict,1,local_entity_conflict-v1,0.03612489707564886,0.034610826955559566,-0.001514070120089292,0.998998998998999,0.9990136477941356,-1.4648795136573689e-05,0.04012653064887695,0.03733411185910621,-0.0027924187897707398,0.9903462050599201,0.9903462050599201,0.0,204795,3004
NYUv2,nyuv2_labeled_0050,3bb7820ef8ce644a752a754630e123b41c2b204124bc4cb52c2e02f137108e30,local_entity_conflict,2,local_entity_conflict-v2,0.03612489707564886,0.03359974282357098,-0.002525154252077881,0.998998998998999,0.9989208720916039,7.81269073951707e-05,0.04012653064887695,0.03047102940614346,-0.009655501242733493,0.9903462050599201,0.9893475366178429,0.0009986684420771885,204795,3004
NYUv2,nyuv2_labeled_0050,3bb7820ef8ce644a752a754630e123b41c2b204124bc4cb52c2e02f137108e30,semantic_preserving,0,semantic_preserving-v0,0.03612489707564886,0.03612489707564886,0.0,0.998998998998999,0.998998998998999,0.0,0.04012653064887695,0.04012653064887695,0.0,0.9903462050599201,0.9903462050599201,0.0,204795,3004
NYUv2,nyuv2_labeled_0050,3bb7820ef8ce644a752a754630e123b41c2b204124bc4cb52c2e02f137108e30,semantic_preserving,1,semantic_preserving-v1,0.03612489707564886,0.035894698668635566,-0.00023019840701329203,0.998998998998999,0.9989697014087258,2.92975902732584e-05,0.04012653064887695,0.037815268410281794,-0.002311262238595159,0.9903462050599201,0.9896804260985352,0.0006657789613848664,204795,3004
NYUv2,nyuv2_labeled_0050,3bb7820ef8ce644a752a754630e123b41c2b204124bc4cb52c2e02f137108e30,semantic_preserving,2,semantic_preserving-v2,0.03612489707564886,0.035903201015513586,-0.00022169606013527215,0.998998998998999,0.9989697014087258,2.92975902732584e-05,0.04012653064887695,0.03871808078360488,-0.0014084498652720753,0.9903462050599201,0.9896804260985352,0.0006657789613848664,204795,3004
NYUv2,nyuv2_labeled_0050,3bb7820ef8ce644a752a754630e123b41c2b204124bc4cb52c2e02f137108e30,target_deletion,0,target_deletion-v0,0.03612489707564886,0.036160223223261304,3.532614761244529e-05,0.998998998998999,0.9992236138577602,-0.00022461485876112963,0.04012653064887695,0.04264202737656299,0.0025154967276860354,0.9903462050599201,0.991011984021305,-0.0006657789613848664,204795,3004
NYUv2,nyuv2_labeled_0050,3bb7820ef8ce644a752a754630e123b41c2b204124bc4cb52c2e02f137108e30,target_deletion,1,target_deletion-v1,0.03612489707564886,0.03364308028897392,-0.0024818167866749383,0.998998998998999,0.9989599355453014,3.906345369764086e-05,0.04012653064887695,0.032888858516931276,-0.007237672131945677,0.9903462050599201,0.9896804260985352,0.0006657789613848664,204795,3004
NYUv2,nyuv2_labeled_0050,3bb7820ef8ce644a752a754630e123b41c2b204124bc4cb52c2e02f137108e30,target_deletion,2,target_deletion-v2,0.03612489707564886,0.034394690786324594,-0.001730206289324264,0.998998998998999,0.9990282965892722,-2.9297590273147378e-05,0.04012653064887695,0.0348365019340415,-0.00529002871483545,0.9903462050599201,0.9903462050599201,0.0,204795,3004
NYUv2,nyuv2_labeled_0052,3bb7820ef8ce644a752a754630e123b41c2b204124bc4cb52c2e02f137108e30,depth_relation_conflict,0,depth_relation_conflict-v0,0.05299261176860306,0.05249602620798333,-0.000496585560619725,0.9767676471450776,0.9767676471450776,0.0,0.11716789569003504,0.1155340889998455,-0.001633806690189532,0.8261614848090791,0.8237380305000591,0.0024234543090200233,170495,16918
NYUv2,nyuv2_labeled_0052,3bb7820ef8ce644a752a754630e123b41c2b204124bc4cb52c2e02f137108e30,depth_relation_conflict,1,depth_relation_conflict-v1,0.05299261176860306,0.053634570346327716,0.0006419585777246578,0.9767676471450776,0.9766972638493797,7.038329569786228e-05,0.11716789569003504,0.12089420325636535,0.003726307566330314,0.8261614848090791,0.825156637900461,0.0010048469086181289,170495,16918
NYUv2,nyuv2_labeled_0052,3bb7820ef8ce644a752a754630e123b41c2b204124bc4cb52c2e02f137108e30,depth_relation_conflict,2,depth_relation_conflict-v2,0.05299261176860306,0.05202292087834378,-0.0009696908902592782,0.9767676471450776,0.9768790873632658,-0.00011144021818820793,0.11716789569003504,0.11802096669588814,0.0008530710058531066,0.8261614848090791,0.8259250502423454,0.0002364345667337231,170495,16918
NYUv2,nyuv2_labeled_0052,3bb7820ef8ce644a752a754630e123b41c2b204124bc4cb52c2e02f137108e30,local_entity_conflict,0,local_entity_conflict-v0,0.05299261176860306,0.05254776155137805,-0.00044485021722500545,0.9767676471450776,0.9762397724273439,0.000527874717733634,0.11716789569003504,0.11280472816828674,-0.0043631675217482985,0.8261614848090791,0.8253930724671947,0.0007684123418844058,170495,16918
NYUv2,nyuv2_labeled_0052,3bb7820ef8ce644a752a754630e123b41c2b204124bc4cb52c2e02f137108e30,local_entity_conflict,1,local_entity_conflict-v1,0.05299261176860306,0.05209732102845423,-0.0008952907401488311,0.9767676471450776,0.9753658465057626,0.001401800639314943,0.11716789569003504,0.10910815194264364,-0.008059743747391393,0.8261614848090791,0.8217874453245064,0.0043740394845727115,170495,16918
NYUv2,nyuv2_labeled_0052,3bb7820ef8ce644a752a754630e123b41c2b204124bc4cb52c2e02f137108e30,local_entity_conflict,2,local_entity_conflict-v2,0.05299261176860306,0.048591804670938765,-0.004400807097664293,0.9767676471450776,0.9759992961670431,0.0007683509780345155,0.11716789569003504,0.10579583336253394,-0.011372062327501098,0.8261614848090791,0.820014186074004,0.006147298735075135,170495,16918
NYUv2,nyuv2_labeled_0052,3bb7820ef8ce644a752a754630e123b41c2b204124bc4cb52c2e02f137108e30,semantic_preserving,0,semantic_preserving-v0,0.05299261176860306,0.05299261176860306,0.0,0.9767676471450776,0.9767676471450776,0.0,0.11716789569003504,0.11716789569003504,0.0,0.8261614848090791,0.8261614848090791,0.0,170495,16918
NYUv2,nyuv2_labeled_0052,3bb7820ef8ce644a752a754630e123b41c2b204124bc4cb52c2e02f137108e30,semantic_preserving,1,semantic_preserving-v1,0.05299261176860306,0.05204357892662013,-0.0009490328419829303,0.9767676471450776,0.9765740930819086,0.00019355406316901025,0.11716789569003504,0.11421934662614941,-0.0029485490638856277,0.8261614848090791,0.8227331835914411,0.003428301217638041,170495,16918
NYUv2,nyuv2_labeled_0052,3bb7820ef8ce644a752a754630e123b41c2b204124bc4cb52c2e02f137108e30,semantic_preserving,2,semantic_preserving-v2,0.05299261176860306,0.05053536719436437,-0.0024572445742386886,0.9767676471450776,0.9770081234053785,-0.00024047626030088143,0.11716789569003504,0.11467853397391017,-0.0024893617161248632,0.8261614848090791,0.8246837687669938,0.001477716042085353,170495,16918
NYUv2,nyuv2_labeled_0052,3bb7820ef8ce644a752a754630e123b41c2b204124bc4cb52c2e02f137108e30,target_deletion,0,target_deletion-v0,0.05299261176860306,0.053044040557152894,5.1428788549835736e-05,0.9767676471450776,0.9759347781459867,0.0008328689990908522,0.11716789569003504,0.11608782353158249,-0.0010800721584525441,0.8261614848090791,0.8191275564487528,0.007033928360326347,170495,16918
NYUv2,nyuv2_labeled_0052,3bb7820ef8ce644a752a754630e123b41c2b204124bc4cb52c2e02f137108e30,target_deletion,1,target_deletion-v1,0.05299261176860306,0.04807874544891896,-0.0049138663196841015,0.9767676471450776,0.9753365201325552,0.0014311270125223485,0.11716789569003504,0.10745578803106305,-0.009712107658971986,0.8261614848090791,0.8093155219293061,0.016845962879773024,170495,16918
NYUv2,nyuv2_labeled_0052,3bb7820ef8ce644a752a754630e123b41c2b204124bc4cb52c2e02f137108e30,target_deletion,2,target_deletion-v2,0.05299261176860306,0.052190255146231435,-0.0008023566223716236,0.9767676471450776,0.9762339071527024,0.0005337399923751596,0.11716789569003504,0.11630363762627834,-0.000864258063756701,0.8261614848090791,0.8202506206407377,0.005910864168341412,170495,16918
NYUv2,nyuv2_labeled_0054,3bb7820ef8ce644a752a754630e123b41c2b204124bc4cb52c2e02f137108e30,depth_relation_conflict,0,depth_relation_conflict-v0,0.06457258862067958,0.06498758490711504,0.0004149962864354595,0.9443909436536359,0.9444962733355402,-0.00010532968190435366,0.11549546694176126,0.12405561363013062,0.008560146688369366,0.7557781201848999,0.7469183359013868,0.008859784283513084,199374,2596
NYUv2,nyuv2_labeled_0054,3bb7820ef8ce644a752a754630e123b41c2b204124bc4cb52c2e02f137108e30,depth_relation_conflict,1,depth_relation_conflict-v1,0.06457258862067958,0.0645007438316143,-7.184478906527292e-05,0.9443909436536359,0.9458605435011587,-0.0014695998475228178,0.11549546694176126,0.11713128328433796,0.0016358163425767014,0.7557781201848999,0.7688751926040062,-0.013097072419106293,199374,2596
NYUv2,nyuv2_labeled_0054,3bb7820ef8ce644a752a754630e123b41c2b204124bc4cb52c2e02f137108e30,depth_relation_conflict,2,depth_relation_conflict-v2,0.06457258862067958,0.06578228433275499,0.0012096957120754093,0.9443909436536359,0.9434229137199435,0.0009680299336923825,0.11549546694176126,0.1198036195127701,0.004308152571008847,0.7557781201848999,0.7349768875192604,0.02080123266563949,199374,2596
NYUv2,nyuv2_labeled_0054,3bb7820ef8ce644a752a754630e123b41c2b204124bc4cb52c2e02f137108e30,local_entity_conflict,0,local_entity_conflict-v0,0.06457258862067958,0.06572745908447437,0.0011548704637947965,0.9443909436536359,0.9489502141703532,-0.00455927051671734,0.11549546694176126,0.11820296216868924,0.0027074952269279806,0.7557781201848999,0.75,0.005778120184899871,199374,2596
NYUv2,nyuv2_labeled_0054,3bb7820ef8ce644a752a754630e123b41c2b204124bc4cb52c2e02f137108e30,local_entity_conflict,1,local_entity_conflict-v1,0.06457258862067958,0.06549662549899002,0.0009240368783104413,0.9443909436536359,0.9523859680800907,-0.007995024426454833,0.11549546694176126,0.11461029271936714,-0.0008851742223941195,0.7557781201848999,0.8597842835130971,-0.10400616332819723,199374,2596
NYUv2,nyuv2_labeled_0054,3bb7820ef8ce644a752a754630e123b41c2b204124bc4cb52c2e02f137108e30,local_entity_conflict,2,local_entity_conflict-v2,0.06457258862067958,0.06549097839242901,0.0009183897717494338,0.9443909436536359,0.9487395548065445,-0.004348611152908632,0.11549546694176126,0.11322355945721804,-0.0022719074845432147,0.7557781201848999,0.8054699537750385,-0.04969183359013862,199374,2596
NYUv2,nyuv2_labeled_0054,3bb7820ef8ce644a752a754630e123b41c2b204124bc4cb52c2e02f137108e30,semantic_preserving,0,semantic_preserving-v0,0.06457258862067958,0.06457258862067958,0.0,0.9443909436536359,0.9443909436536359,0.0,0.11549546694176126,0.11549546694176126,0.0,0.7557781201848999,0.7557781201848999,0.0,199374,2596
NYUv2,nyuv2_labeled_0054,3bb7820ef8ce644a752a754630e123b41c2b204124bc4cb52c2e02f137108e30,semantic_preserving,1,semantic_preserving-v1,0.06457258862067958,0.06483633601508113,0.0002637473944015478,0.9443909436536359,0.9435784003932308,0.0008125432604050298,0.11549546694176126,0.11882024374457925,0.003324776802817994,0.7557781201848999,0.7611710323574731,-0.005392912172573205,199374,2596
NYUv2,nyuv2_labeled_0054,3bb7820ef8ce644a752a754630e123b41c2b204124bc4cb52c2e02f137108e30,semantic_preserving,2,semantic_preserving-v2,0.06457258862067958,0.06565824273166629,0.0010856541109867113,0.9443909436536359,0.9438291853501459,0.0005617583034899232,0.11549546694176126,0.12424761953674116,0.008752152594979898,0.7557781201848999,0.7442218798151001,0.011556240369799742,199374,2596
NYUv2,nyuv2_labeled_0054,3bb7820ef8ce644a752a754630e123b41c2b204124bc4cb52c2e02f137108e30,target_deletion,0,target_deletion-v0,0.06457258862067958,0.06574321712858572,0.0011706285079061407,0.9443909436536359,0.9467182280538085,-0.0023272844001726023,0.11549546694176126,0.13052716444066323,0.015031697498901972,0.7557781201848999,0.734206471494607,0.02157164869029282,199374,2596
NYUv2,nyuv2_labeled_0054,3bb7820ef8ce644a752a754630e123b41c2b204124bc4cb52c2e02f137108e30,target_deletion,1,target_deletion-v1,0.06457258862067958,0.063475158323541,-0.001097430297138574,0.9443909436536359,0.947174656675394,-0.002783713021758172,0.11549546694176126,0.11589647961188503,0.0004010126701237682,0.7557781201848999,0.811633281972265,-0.05585516178736516,199374,2596
NYUv2,nyuv2_labeled_0054,3bb7820ef8ce644a752a754630e123b41c2b204124bc4cb52c2e02f137108e30,target_deletion,2,target_deletion-v2,0.06457258862067958,0.0645126114471055,-5.9977173574074505e-05,0.9443909436536359,0.9474053788357559,-0.0030144351821200788,0.11549546694176126,0.11079504086521338,-0.004700426076547873,0.7557781201848999,0.8062403697996918,-0.050462249614791954,199374,2596
NYUv2,nyuv2_labeled_0067,486786e6ebbd22811cbda055646e5b65b2e1e545908c832281b40743deca8905,depth_relation_conflict,0,depth_relation_conflict-v0,0.053464445180083406,0.05314739105779971,-0.00031705412228369423,0.9910199848917616,0.9909663461753361,5.3638716425497e-05,0.1285838057650795,0.13205848393555142,0.003474678170471923,0.9941103533787973,0.9919404835709857,0.002169869807811531,223719,3226
NYUv2,nyuv2_labeled_0067,486786e6ebbd22811cbda055646e5b65b2e1e545908c832281b40743deca8905,depth_relation_conflict,1,depth_relation_conflict-v1,0.053464445180083406,0.054011522872696185,0.0005470776926127796,0.9910199848917616,0.9912121902922864,-0.00019220540052478086,0.1285838057650795,0.127565660657964,-0.001018145107115509,0.9941103533787973,0.9934903905765654,0.000619962802231866,223719,3226
NYUv2,nyuv2_labeled_0067,486786e6ebbd22811cbda055646e5b65b2e1e545908c832281b40743deca8905,depth_relation_conflict,2,depth_relation_conflict-v2,0.053464445180083406,0.052179521717320425,-0.001284923462762981,0.9910199848917616,0.9910468042499743,-2.681935821269299e-05,0.1285838057650795,0.12760762997499903,-0.0009761757900804691,0.9941103533787973,0.995350278983261,-0.001239925604463732,223719,3226
NYUv2,nyuv2_labeled_0067,486786e6ebbd22811cbda055646e5b65b2e1e545908c832281b40743deca8905,local_entity_conflict,0,local_entity_conflict-v0,0.053464445180083406,0.049160229096111556,-0.00430421608397185,0.9910199848917616,0.9909529364962296,6.704839553195452e-05,0.1285838057650795,0.1316398014286804,0.0030559956636009022,0.9941103533787973,0.9916305021698698,0.002479851208927464,223719,3226
NYUv2,nyuv2_labeled_0067,486786e6ebbd22811cbda055646e5b65b2e1e545908c832281b40743deca8905,local_entity_conflict,1,local_entity_conflict-v1,0.053464445180083406,0.04965015105380652,-0.0038142941262768876,0.9910199848917616,0.9912792386878182,-0.00025925379605662435,0.1285838057650795,0.12490957427542282,-0.0036742314896566763,0.9941103533787973,0.9944203347799132,-0.000309981401115933,223719,3226
NYUv2,nyuv2_labeled_0067,486786e6ebbd22811cbda055646e5b65b2e1e545908c832281b40743deca8905,local_entity_conflict,2,local_entity_conflict-v2,0.053464445180083406,0.05108130164131373,-0.002383143538769679,0.9910199848917616,0.9910557440360452,-3.575914428366467e-05,0.1285838057650795,0.13182530771764495,0.003241501952565451,0.9941103533787973,0.9916305021698698,0.002479851208927464,223719,3226
NYUv2,nyuv2_labeled_0067,486786e6ebbd22811cbda055646e5b65b2e1e545908c832281b40743deca8905,semantic_preserving,0,semantic_preserving-v0,0.053464445180083406,0.053464445180083406,0.0,0.9910199848917616,0.9910199848917616,0.0,0.1285838057650795,0.1285838057650795,0.0,0.9941103533787973,0.9941103533787973,0.0,223719,3226
NYUv2,nyuv2_labeled_0067,486786e6ebbd22811cbda055646e5b65b2e1e545908c832281b40743deca8905,semantic_preserving,1,semantic_preserving-v1,0.053464445180083406,0.0522276083133748,-0.0012368368667086058,0.9910199848917616,0.9910110451056906,8.939786070971678e-06,0.1285838057650795,0.13134738794486298,0.0027635821797834803,0.9941103533787973,0.9925604463732176,0.0015499070055796649,223719,3226
NYUv2,nyuv2_labeled_0067,486786e6ebbd22811cbda055646e5b65b2e1e545908c832281b40743deca8905,semantic_preserving,2,semantic_preserving-v2,0.053464445180083406,0.05177435288033594,-0.001690092299747467,0.9910199848917616,0.9912345397574636,-0.000214554865701988,0.1285838057650795,0.13065678347612897,0.002072977711049473,0.9941103533787973,0.9928704277743335,0.001239925604463732,223719,3226
NYUv2,nyuv2_labeled_0067,486786e6ebbd22811cbda055646e5b65b2e1e545908c832281b40743deca8905,target_deletion,0,target_deletion-v0,0.053464445180083406,0.04918145763027675,-0.004282987549806654,0.9910199848917616,0.9917977462799316,-0.0007777613881699841,0.1285838057650795,0.1166087331240838,-0.01197507264099569,0.9941103533787973,0.9996900185988841,-0.0055796652200867936,223719,3226
NYUv2,nyuv2_labeled_0067,486786e6ebbd22811cbda055646e5b65b2e1e545908c832281b40743deca8905,target_deletion,1,target_deletion-v1,0.053464445180083406,0.04566686566734462,-0.007797579512738788,0.9910199848917616,0.992736423817378,-0.0017164389256164592,0.1285838057650795,0.09401364723009913,-0.03457015853498037,0.9941103533787973,1.0,-0.0058896466212027265,223719,3226
NYUv2,nyuv2_labeled_0067,486786e6ebbd22811cbda055646e5b65b2e1e545908c832281b40743deca8905,target_deletion,2,target_deletion-v2,0.053464445180083406,0.0489637500524851,-0.004500695127598306,0.9910199848917616,0.992141928043662,-0.0011219431519003953,0.1285838057650795,0.10553392967913017,-0.023049876085949328,0.9941103533787973,1.0,-0.0058896466212027265,223719,3226
NYUv2,nyuv2_labeled_0068,9092896bcd9b4436c441f7cabb0b59ffa6cf621347c266a5fa68fa9df1e5ba5b,depth_relation_conflict,0,depth_relation_conflict-v0,0.03916054046882108,0.04083860425765564,0.0016780637888345606,0.9994059651357092,0.9994572487211156,-5.12835854064031e-05,0.035424830712851615,0.03985069557022859,0.0044258648573769765,0.9888517279821628,0.9916387959866221,-0.00278706800445927,233993,5382
NYUv2,nyuv2_labeled_0068,9092896bcd9b4436c441f7cabb0b59ffa6cf621347c266a5fa68fa9df1e5ba5b,depth_relation_conflict,1,depth_relation_conflict-v1,0.03916054046882108,0.04034980381058878,0.0011892633417677004,0.9994059651357092,0.9995128059386392,-0.0001068408029299972,0.035424830712851615,0.03853217532921976,0.003107344616368142,0.9888517279821628,0.9914529914529915,-0.002601263470828674,233993,5382
NYUv2,nyuv2_labeled_0068,9092896bcd9b4436c441f7cabb0b59ffa6cf621347c266a5fa68fa9df1e5ba5b,depth_relation_conflict,2,depth_relation_conflict-v2,0.03916054046882108,0.04026107769662767,0.0011005372278065917,0.9994059651357092,0.9995555422598111,-0.00014957712410190727,0.035424830712851615,0.03924522483208011,0.003820394119228493,0.9888517279821628,0.9931252322556671,-0.004273504273504258,233993,5382
NYUv2,nyuv2_labeled_0068,9092896bcd9b4436c441f7cabb0b59ffa6cf621347c266a5fa68fa9df1e5ba5b,local_entity_conflict,0,local_entity_conflict-v0,0.03916054046882108,0.043129949818536524,0.003969409349715444,0.9994059651357092,0.9992221989546696,0.00018376618103965736,0.035424830712851615,0.03333351093991654,-0.0020913197729350783,0.9888517279821628,0.9868078781122259,0.0020438498699368868,233993,5382
NYUv2,nyuv2_labeled_0068,9092896bcd9b4436c441f7cabb0b59ffa6cf621347c266a5fa68fa9df1e5ba5b,local_entity_conflict,1,local_entity_conflict-v1,0.03916054046882108,0.04016685075771409,0.00100631028889301,0.9994059651357092,0.9997478557050852,-0.00034189056937594664,0.035424830712851615,0.047692809432899996,0.01226797872004838,0.9888517279821628,0.9996283909327388,-0.010776662950576,233993,5382
NYUv2,nyuv2_labeled_0068,9092896bcd9b4436c441f7cabb0b59ffa6cf621347c266a5fa68fa9df1e5ba5b,local_entity_conflict,2,local_entity_conflict-v2,0.03916054046882108,0.04176875199228012,0.002608211523459039,0.9994059651357092,0.9997179402802648,-0.0003119751445556096,0.035424830712851615,0.04953246499037883,0.014107634277527217,0.9888517279821628,1.0,-0.01114827201783719,233993,5382
NYUv2,nyuv2_labeled_0068,9092896bcd9b4436c441f7cabb0b59ffa6cf621347c266a5fa68fa9df1e5ba5b,semantic_preserving,0,semantic_preserving-v0,0.03916054046882108,0.03916054046882108,0.0,0.9994059651357092,0.9994059651357092,0.0,0.035424830712851615,0.035424830712851615,0.0,0.9888517279821628,0.9888517279821628,0.0,233993,5382
NYUv2,nyuv2_labeled_0068,9092896bcd9b4436c441f7cabb0b59ffa6cf621347c266a5fa68fa9df1e5ba5b,semantic_preserving,1,semantic_preserving-v1,0.03916054046882108,0.04009747536067409,0.0009369348918530085,0.9994059651357092,0.9994401541926468,-3.418905693752805e-05,0.035424830712851615,0.03889340025341849,0.0034685695405668737,0.9888517279821628,0.990709773318469,-0.00185804533630618,233993,5382
NYUv2,nyuv2_labeled_0068,9092896bcd9b4436c441f7cabb0b59ffa6cf621347c266a5fa68fa9df1e5ba5b,semantic_preserving,2,semantic_preserving-v2,0.03916054046882108,0.04143041318924192,0.00226987272042084,0.9994059651357092,0.9994786168817016,-7.265174599235813e-05,0.035424830712851615,0.04132054057533978,0.005895709862488163,0.9888517279821628,0.992196209587514,-0.0033444816053511683,233993,5382
NYUv2,nyuv2_labeled_0068,9092896bcd9b4436c441f7cabb0b59ffa6cf621347c266a5fa68fa9df1e5ba5b,target_deletion,0,target_deletion-v0,0.03916054046882108,0.045130014330384535,0.0059694738615634554,0.9994059651357092,0.9990854427269191,0.00032052240879010263,0.035424830712851615,0.035382194182588665,-4.263653026295028e-05,0.9888517279821628,0.9829059829059829,0.0059457450761799535,233993,5382
NYUv2,nyuv2_labeled_0068,9092896bcd9b4436c441f7cabb0b59ffa6cf621347c266a5fa68fa9df1e5ba5b,target_deletion,1,target_deletion-v1,0.03916054046882108,0.041412123731934966,0.0022515832631138863,0.9994059651357092,0.9996410149021552,-0.00023504976644594944,0.035424830712851615,0.0409427821872844,0.005517951474432785,0.9888517279821628,0.9949832775919732,-0.006131549609810438,233993,5382
NYUv2,nyuv2_labeled_0068,9092896bcd9b4436c441f7cabb0b59ffa6cf621347c266a5fa68fa9df1e5ba5b,target_deletion,2,target_deletion-v2,0.03916054046882108,0.03901291004180351,-0.0001476304270175699,0.9994059651357092,0.9992435671152556,0.0001623980204535913,0.035424830712851615,0.03500220648075915,-0.0004226242320924667,0.9888517279821628,0.9858788554440728,0.0029728725380899768,233993,5382
NYUv2,nyuv2_labeled_0070,9092896bcd9b4436c441f7cabb0b59ffa6cf621347c266a5fa68fa9df1e5ba5b,depth_relation_conflict,0,depth_relation_conflict-v0,0.04873348135729238,0.048270246214895486,-0.00046323514239689223,0.9903446389496717,0.9907321298322392,-0.0003874908825675094,0.09021385272322904,0.08261053517773954,-0.007603317545489499,0.9963845605458804,0.9975557592422853,-0.0011711986964049181,219360,39276
NYUv2,nyuv2_labeled_0070,9092896bcd9b4436c441f7cabb0b59ffa6cf621347c266a5fa68fa9df1e5ba5b,depth_relation_conflict,1,depth_relation_conflict-v1,0.04873348135729238,0.04912113109633149,0.0003876497390391115,0.9903446389496717,0.9901577315827863,0.00018690736688542486,0.09021385272322904,0.09032523207082051,0.00011137934759146428,0.9963845605458804,0.9961044912923923,0.0002800692534881133,219360,39276
NYUv2,nyuv2_labeled_0070,9092896bcd9b4436c441f7cabb0b59ffa6cf621347c266a5fa68fa9df1e5ba5b,depth_relation_conflict,2,depth_relation_conflict-v2,0.04873348135729238,0.04938740736083531,0.000653926003542929,0.9903446389496717,0.9902489059080963,9.573304157539653e-05,0.09021385272322904,0.09168421641468415,0.0014703636914551038,0.9963845605458804,0.9960281087687137,0.00035645177716669973,219360,39276
NYUv2,nyuv2_labeled_0070,9092896bcd9b4436c441f7cabb0b59ffa6cf621347c266a5fa68fa9df1e5ba5b,local_entity_conflict,0,local_entity_conflict-v0,0.04873348135729238,0.05117466367990258,0.0024411823226102025,0.9903446389496717,0.9896425966447848,0.0007020423048869073,0.09021385272322904,0.09141773871402593,0.0012038859907968907,0.9963845605458804,0.9933292595987372,0.0030553009471432357,219360,39276
NYUv2,nyuv2_labeled_0070,9092896bcd9b4436c441f7cabb0b59ffa6cf621347c266a5fa68fa9df1e5ba5b,local_entity_conflict,1,local_entity_conflict-v1,0.04873348135729238,0.050852889054010905,0.002119407696718527,0.9903446389496717,0.9898295040116704,0.0005151349380013714,0.09021385272322904,0.0875604194905727,-0.0026534332326563492,0.9963845605458804,0.9943222324065587,0.002062328139321723,219360,39276
NYUv2,nyuv2_labeled_0070,9092896bcd9b4436c441f7cabb0b59ffa6cf621347c266a5fa68fa9df1e5ba5b,local_entity_conflict,2,local_entity_conflict-v2,0.04873348135729238,0.04941461517152209,0.0006811338142297119,0.9903446389496717,0.9900984682713347,0.0002461706783369877,0.09021385272322904,0.08900358153589279,-0.0012102711873362565,0.9963845605458804,0.994755066707404,0.0016294938384764368,219360,39276
NYUv2,nyuv2_labeled_0070,9092896bcd9b4436c441f7cabb0b59ffa6cf621347c266a5fa68fa9df1e5ba5b,semantic_preserving,0,semantic_preserving-v0,0.04873348135729238,0.04873348135729238,0.0,0.9903446389496717,0.9903446389496717,0.0,0.09021385272322904,0.09021385272322904,0.0,0.9963845605458804,0.9963845605458804,0.0,219360,39276
NYUv2,nyuv2_labeled_0070,9092896bcd9b4436c441f7cabb0b59ffa6cf621347c266a5fa68fa9df1e5ba5b,semantic_preserving,1,semantic_preserving-v1,0.04873348135729238,0.04904243283074241,0.00030895147345003093,0.9903446389496717,0.9906865426695842,-0.00034190371991249524,0.09021385272322904,0.08684396733512484,-0.0033698853881042046,0.9963845605458804,0.9969192382116305,-0.0005346776657501051,219360,39276
NYUv2,nyuv2_labeled_0070,9092896bcd9b4436c441f7cabb0b59ffa6cf621347c266a5fa68fa9df1e5ba5b,semantic_preserving,2,semantic_preserving-v2,0.04873348135729238,0.049318992066368285,0.0005855107090759065,0.9903446389496717,0.9905406637490882,-0.0001960247994164943,0.09021385272322904,0.08488547166641533,-0.0053283810568137135,0.9963845605458804,0.9974284550361544,-0.0010438944902739777,219360,39276
NYUv2,nyuv2_labeled_0070,9092896bcd9b4436c441f7cabb0b59ffa6cf621347c266a5fa68fa9df1e5ba5b,target_deletion,0,target_deletion-v0,0.04873348135729238,0.04947277493671979,0.0007392935794274108,0.9903446389496717,0.9903583150984683,-1.367614879654866e-05,0.09021385272322904,0.08745983994370653,-0.002754012779522516,0.9963845605458804,0.9969956207353091,-0.0006110601894286916,219360,39276
NYUv2,nyuv2_labeled_0070,9092896bcd9b4436c441f7cabb0b59ffa6cf621347c266a5fa68fa9df1e5ba5b,target_deletion,1,target_deletion-v1,0.04873348135729238,0.0480396764146672,-0.0006938049426251786,0.9903446389496717,0.9904996353026988,-0.00015499635302707038,0.09021385272322904,0.08633364931913225,-0.0038802034040967964,0.9963845605458804,0.9968683165291782,-0.00048375598329775116,219360,39276
NYUv2,nyuv2_labeled_0070,9092896bcd9b4436c441f7cabb0b59ffa6cf621347c266a5fa68fa9df1e5ba5b,target_deletion,2,target_deletion-v2,0.04873348135729238,0.046928171695996425,-0.0018053096612959535,0.9903446389496717,0.9907002188183808,-0.0003555798687090439,0.09021385272322904,0.08421989086493353,-0.00599396185829551,0.9963845605458804,0.9972247683063449,-0.0008402077604644509,219360,39276
NYUv2,nyuv2_labeled_0080,d62bd204b5224877d047b1352364a0a3653bb6e092d65165f660bce2319db94e,depth_relation_conflict,0,depth_relation_conflict-v0,0.03934361044186293,0.04123624899705965,0.001892638555196724,0.9999610075645324,0.9999610075645324,0.0,0.0364535342809055,0.03989383616157875,0.0034403018806732494,1.0,1.0,0.0,230814,7482
NYUv2,nyuv2_labeled_0080,d62bd204b5224877d047b1352364a0a3653bb6e092d65165f660bce2319db94e,depth_relation_conflict,1,depth_relation_conflict-v1,0.03934361044186293,0.039700399805691525,0.00035678936382859544,0.9999610075645324,0.9999610075645324,0.0,0.0364535342809055,0.03585464851402624,-0.0005988857668792619,1.0,1.0,0.0,230814,7482
NYUv2,nyuv2_labeled_0080,d62bd204b5224877d047b1352364a0a3653bb6e092d65165f660bce2319db94e,depth_relation_conflict,2,depth_relation_conflict-v2,0.03934361044186293,0.038841818330130805,-0.0005017921117321245,0.9999610075645324,0.9999610075645324,0.0,0.0364535342809055,0.03748530150594871,0.0010317672250432092,1.0,1.0,0.0,230814,7482
NYUv2,nyuv2_labeled_0080,d62bd204b5224877d047b1352364a0a3653bb6e092d65165f660bce2319db94e,local_entity_conflict,0,local_entity_conflict-v0,0.03934361044186293,0.04627342618733769,0.006929815745474764,0.9999610075645324,0.9999653400573622,-4.3324928297172605e-06,0.0364535342809055,0.039677228227584474,0.003223693946678971,1.0,1.0,0.0,230814,7482
NYUv2,nyuv2_labeled_0080,d62bd204b5224877d047b1352364a0a3653bb6e092d65165f660bce2319db94e,local_entity_conflict,1,local_entity_conflict-v1,0.03934361044186293,0.051482870649662366,0.012139260207799436,0.9999610075645324,0.999969672550192,-8.664985659545543e-06,0.0364535342809055,0.04285158218283518,0.006398047901929674,1.0,1.0,0.0,230814,7482
NYUv2,nyuv2_labeled_0080,d62bd204b5224877d047b1352364a0a3653bb6e092d65165f660bce2319db94e,local_entity_conflict,2,local_entity_conflict-v2,0.03934361044186293,0.05028036557937357,0.010936755137510641,0.9999610075645324,0.9999653400573622,-4.3324928297172605e-06,0.0364535342809055,0.04078690101333504,0.004333366732429539,1.0,1.0,0.0,230814,7482
NYUv2,nyuv2_labeled_0080,d62bd204b5224877d047b1352364a0a3653bb6e092d65165f660bce2319db94e,semantic_preserving,0,semantic_preserving-v0,0.03934361044186293,0.03934361044186293,0.0,0.9999610075645324,0.9999610075645324,0.0,0.0364535342809055,0.0364535342809055,0.0,1.0,1.0,0.0,230814,7482
NYUv2,nyuv2_labeled_0080,d62bd204b5224877d047b1352364a0a3653bb6e092d65165f660bce2319db94e,semantic_preserving,1,semantic_preserving-v1,0.03934361044186293,0.04099726506318419,0.0016536546213212627,0.9999610075645324,0.999969672550192,-8.664985659545543e-06,0.0364535342809055,0.036342260855020396,-0.00011127342588510697,1.0,1.0,0.0,230814,7482
NYUv2,nyuv2_labeled_0080,d62bd204b5224877d047b1352364a0a3653bb6e092d65165f660bce2319db94e,semantic_preserving,2,semantic_preserving-v2,0.03934361044186293,0.04202815415487549,0.0026845437130125632,0.9999610075645324,0.9999610075645324,0.0,0.0364535342809055,0.03860581502468814,0.002152280743782639,1.0,1.0,0.0,230814,7482
NYUv2,nyuv2_labeled_0080,d62bd204b5224877d047b1352364a0a3653bb6e092d65165f660bce2319db94e,target_deletion,0,target_deletion-v0,0.03934361044186293,0.042311919697853834,0.0029683092559909044,0.9999610075645324,0.9999653400573622,-4.3324928297172605e-06,0.0364535342809055,0.03627792231835657,-0.00017561196254893552,1.0,1.0,0.0,230814,7482
NYUv2,nyuv2_labeled_0080,d62bd204b5224877d047b1352364a0a3653bb6e092d65165f660bce2319db94e,target_deletion,1,target_deletion-v1,0.03934361044186293,0.04522471586906125,0.005881105427198323,0.9999610075645324,0.9999653400573622,-4.3324928297172605e-06,0.0364535342809055,0.03825140258486521,0.0017978683039597057,1.0,1.0,0.0,230814,7482
NYUv2,nyuv2_labeled_0080,d62bd204b5224877d047b1352364a0a3653bb6e092d65165f660bce2319db94e,target_deletion,2,target_deletion-v2,0.03934361044186293,0.04186359120945525,0.002519980767592321,0.9999610075645324,0.9999740050430217,-1.2997478489262804e-05,0.0364535342809055,0.03283823385601106,-0.003615300424894441,1.0,1.0,0.0,230814,7482
NYUv2,nyuv2_labeled_0082,d62bd204b5224877d047b1352364a0a3653bb6e092d65165f660bce2319db94e,depth_relation_conflict,0,depth_relation_conflict-v0,0.04116239873053114,0.04280138829066248,0.0016389895601313445,0.9965529850346931,0.9968874302124395,-0.0003344451777463897,0.06025981541681851,0.052673700661857295,-0.0075861147549612165,1.0,1.0,0.0,224252,2350
NYUv2,nyuv2_labeled_0082,d62bd204b5224877d047b1352364a0a3653bb6e092d65165f660bce2319db94e,depth_relation_conflict,1,depth_relation_conflict-v1,0.04116239873053114,0.0418416575537637,0.0006792588232325605,0.9965529850346931,0.996472718192034,8.026684265916018e-05,0.06025981541681851,0.06232858695836901,0.002068771541550496,1.0,1.0,0.0,224252,2350
NYUv2,nyuv2_labeled_0082,d62bd204b5224877d047b1352364a0a3653bb6e092d65165f660bce2319db94e,depth_relation_conflict,2,depth_relation_conflict-v2,0.04116239873053114,0.04072593396543722,-0.0004364647650939163,0.9965529850346931,0.9967625706794142,-0.00020958564472106644,0.06025981541681851,0.058562347785756884,-0.0016974676310616277,1.0,1.0,0.0,224252,2350
NYUv2,nyuv2_labeled_0082,d62bd204b5224877d047b1352364a0a3653bb6e092d65165f660bce2319db94e,local_entity_conflict,0,local_entity_conflict-v0,0.04116239873053114,0.04001308453231483,-0.00114931419821631,0.9965529850346931,0.9976053725273353,-0.0010523874926421373,0.06025981541681851,0.04611168436450362,-0.01414813105231489,1.0,1.0,0.0,224252,2350
NYUv2,nyuv2_labeled_0082,d62bd204b5224877d047b1352364a0a3653bb6e092d65165f660bce2319db94e,local_entity_conflict,1,local_entity_conflict-v1,0.04116239873053114,0.04362592344420347,0.0024635247136723312,0.9965529850346931,0.9971906605069297,-0.0006376754722365874,0.06025981541681851,0.04822688123532361,-0.012032934181494905,1.0,1.0,0.0,224252,2350
NYUv2,nyuv2_labeled_0082,d62bd204b5224877d047b1352364a0a3653bb6e092d65165f660bce2319db94e,local_entity_conflict,2,local_entity_conflict-v2,0.04116239873053114,0.04010223874860493,-0.001060159981926205,0.9965529850346931,0.9969498599789522,-0.00039687494425910685,0.06025981541681851,0.05302168264603277,-0.007238132770785742,1.0,1.0,0.0,224252,2350
NYUv2,nyuv2_labeled_0082,d62bd204b5224877d047b1352364a0a3653bb6e092d65165f660bce2319db94e,semantic_preserving,0,semantic_preserving-v0,0.04116239873053114,0.04116239873053114,0.0,0.9965529850346931,0.9965529850346931,0.0,0.06025981541681851,0.06025981541681851,0.0,1.0,1.0,0.0,224252,2350
NYUv2,nyuv2_labeled_0082,d62bd204b5224877d047b1352364a0a3653bb6e092d65165f660bce2319db94e,semantic_preserving,1,semantic_preserving-v1,0.04116239873053114,0.04338306638945939,0.002220667658928255,0.9965529850346931,0.9968428375220734,-0.0002898524873802266,0.06025981541681851,0.05440824296250201,-0.0058515724543165,1.0,1.0,0.0,224252,2350
NYUv2,nyuv2_labeled_0082,d62bd204b5224877d047b1352364a0a3653bb6e092d65165f660bce2319db94e,semantic_preserving,2,semantic_preserving-v2,0.04116239873053114,0.04345929047920718,0.00229689174867604,0.9965529850346931,0.9968695931362931,-0.0003166081015999467,0.06025981541681851,0.05406459986079354,-0.006195215556024973,1.0,1.0,0.0,224252,2350
NYUv2,nyuv2_labeled_0082,d62bd204b5224877d047b1352364a0a3653bb6e092d65165f660bce2319db94e,target_deletion,0,target_deletion-v0,0.04116239873053114,0.03833273870829089,-0.002829660022240249,0.9965529850346931,0.9975117278775663,-0.0009587428428731171,0.06025981541681851,0.05298513582172889,-0.007274679595089623,1.0,1.0,0.0,224252,2350
NYUv2,nyuv2_labeled_0082,d62bd204b5224877d047b1352364a0a3653bb6e092d65165f660bce2319db94e,target_deletion,1,target_deletion-v1,0.04116239873053114,0.03862887768453361,-0.002533521045997529,0.9965529850346931,0.9971193122023438,-0.0005663271676507042,0.06025981541681851,0.053048657797916524,-0.007211157618901988,1.0,1.0,0.0,224252,2350
NYUv2,nyuv2_labeled_0082,d62bd204b5224877d047b1352364a0a3653bb6e092d65165f660bce2319db94e,target_deletion,2,target_deletion-v2,0.04116239873053114,0.03926425658619135,-0.0018981421443397886,0.9965529850346931,0.9969721563241354,-0.0004191712894422439,0.06025981541681851,0.05283621750929958,-0.007423597907518932,1.0,1.0,0.0,224252,2350
NYUv2,nyuv2_labeled_0120,fcebd5b87930617f037d48debfe0f2e6c584a1421567b7e2211da413144a8aa0,depth_relation_conflict,0,depth_relation_conflict-v0,0.05697150769002975,0.053697901219305205,-0.003273606470724548,0.9761383644995208,0.974921434461854,0.0012169300376668746,0.06877013377061703,0.0682357826485811,-0.0005343511220359254,0.9967636263172436,0.9967636263172436,0.0,224335,25337
NYUv2,nyuv2_labeled_0120,fcebd5b87930617f037d48debfe0f2e6c584a1421567b7e2211da413144a8aa0,depth_relation_conflict,1,depth_relation_conflict-v1,0.05697150769002975,0.05529734983632989,-0.0016741578536998633,0.9761383644995208,0.9752290101856599,0.0009093543138609661,0.06877013377061703,0.06961487922506673,0.0008447454544497079,0.9967636263172436,0.9967636263172436,0.0,224335,25337
NYUv2,nyuv2_labeled_0120,fcebd5b87930617f037d48debfe0f2e6c584a1421567b7e2211da413144a8aa0,depth_relation_conflict,2,depth_relation_conflict-v2,0.05697150769002975,0.05460631681837862,-0.0023651908716511363,0.9761383644995208,0.9753983997147124,0.0007399647848084223,0.06877013377061703,0.06710560751529178,-0.0016645262553252466,0.9967636263172436,0.9968425622607254,-7.89359434818504e-05,224335,25337
NYUv2,nyuv2_labeled_0120,fcebd5b87930617f037d48debfe0f2e6c584a1421567b7e2211da413144a8aa0,local_entity_conflict,0,local_entity_conflict-v0,0.05697150769002975,0.06141785813702847,0.0044463504469987175,0.9761383644995208,0.9785900550515969,-0.002451690552076058,0.06877013377061703,0.0731079150874197,0.00433778131680268,0.9967636263172436,0.9973556458933576,-0.000592019576113989,224335,25337
NYUv2,nyuv2_labeled_0120,fcebd5b87930617f037d48debfe0f2e6c584a1421567b7e2211da413144a8aa0,local_entity_conflict,1,local_entity_conflict-v1,0.05697150769002975,0.05688803099248337,-8.347669754638076e-05,0.9761383644995208,0.9767223126128335,-0.0005839481133126379,0.06877013377061703,0.06660745761644497,-0.0021626761541720524,0.9967636263172436,0.9969609661759482,-0.000197339858704626,224335,25337
NYUv2,nyuv2_labeled_0120,fcebd5b87930617f037d48debfe0f2e6c584a1421567b7e2211da413144a8aa0,local_entity_conflict,2,local_entity_conflict-v2,0.05697150769002975,0.05899941809291858,0.0020279104028888273,0.9761383644995208,0.9784072926649876,-0.002268928165466755,0.06877013377061703,0.06894609881357287,0.00017596504295584736,0.9967636263172436,0.9969609661759482,-0.000197339858704626,224335,25337
NYUv2,nyuv2_labeled_0120,fcebd5b87930617f037d48debfe0f2e6c584a1421567b7e2211da413144a8aa0,semantic_preserving,0,semantic_preserving-v0,0.05697150769002975,0.05697150769002975,0.0,0.9761383644995208,0.9761383644995208,0.0,0.06877013377061703,0.06877013377061703,0.0,0.9967636263172436,0.9967636263172436,0.0,224335,25337
NYUv2,nyuv2_labeled_0120,fcebd5b87930617f037d48debfe0f2e6c584a1421567b7e2211da413144a8aa0,semantic_preserving,1,semantic_preserving-v1,0.05697150769002975,0.054613380998932426,-0.0023581266910973273,0.9761383644995208,0.9754206878106403,0.0007176766888805641,0.06877013377061703,0.06940325850163409,0.0006331247310170651,0.9967636263172436,0.9968030942889845,-3.94679717409252e-05,224335,25337
NYUv2,nyuv2_labeled_0120,fcebd5b87930617f037d48debfe0f2e6c584a1421567b7e2211da413144a8aa0,semantic_preserving,2,semantic_preserving-v2,0.05697150769002975,0.055104891270925285,-0.001866616419104468,0.9761383644995208,0.9741859272962311,0.0019524372032897475,0.06877013377061703,0.07280947688786932,0.004039343117252292,0.9967636263172436,0.9968425622607254,-7.89359434818504e-05,224335,25337
NYUv2,nyuv2_labeled_0120,fcebd5b87930617f037d48debfe0f2e6c584a1421567b7e2211da413144a8aa0,target_deletion,0,target_deletion-v0,0.05697150769002975,0.06628603146844861,0.009314523778418855,0.9761383644995208,0.974997213988009,0.001141150511511868,0.06877013377061703,0.0817536561168704,0.01298352234625337,0.9967636263172436,0.9970004341476891,-0.0002368078304455512,224335,25337
NYUv2,nyuv2_labeled_0120,fcebd5b87930617f037d48debfe0f2e6c584a1421567b7e2211da413144a8aa0,target_deletion,1,target_deletion-v1,0.05697150769002975,0.05754436116475092,0.0005728534747211703,0.9761383644995208,0.9749258920810395,0.0012124724184813251,0.06877013377061703,0.07757425452710064,0.00880412075648361,0.9967636263172436,0.9968425622607254,-7.89359434818504e-05,224335,25337
NYUv2,nyuv2_labeled_0120,fcebd5b87930617f037d48debfe0f2e6c584a1421567b7e2211da413144a8aa0,target_deletion,2,target_deletion-v2,0.05697150769002975,0.05694902067693823,-2.2487013091522512e-05,0.9761383644995208,0.9769451935721132,-0.0008068290725923299,0.06877013377061703,0.0712948123418983,0.0025246785712812747,0.9967636263172436,0.9968425622607254,-7.89359434818504e-05,224335,25337
NYUv2,nyuv2_labeled_0121,fcebd5b87930617f037d48debfe0f2e6c584a1421567b7e2211da413144a8aa0,depth_relation_conflict,0,depth_relation_conflict-v0,0.06551038456985221,0.069852927271748,0.004342542701895782,0.9790033259969201,0.9773860336256179,0.001617292371302148,0.06032065631659697,0.07039326260835817,0.010072606291761196,1.0,1.0,0.0,142213,3250
NYUv2,nyuv2_labeled_0121,fcebd5b87930617f037d48debfe0f2e6c584a1421567b7e2211da413144a8aa0,depth_relation_conflict,1,depth_relation_conflict-v1,0.06551038456985221,0.0689971885915404,0.003486804021688189,0.9790033259969201,0.9778009042773868,0.0012024217195333309,0.06032065631659697,0.06858081525969797,0.008260158943101004,1.0,1.0,0.0,142213,3250
NYUv2,nyuv2_labeled_0121,fcebd5b87930617f037d48debfe0f2e6c584a1421567b7e2211da413144a8aa0,depth_relation_conflict,2,depth_relation_conflict-v2,0.06551038456985221,0.06531350268655238,-0.00019688188329983203,0.9790033259969201,0.9790033259969201,0.0,0.06032065631659697,0.05441418428706262,-0.00590647202953435,1.0,1.0,0.0,142213,3250
NYUv2,nyuv2_labeled_0121,fcebd5b87930617f037d48debfe0f2e6c584a1421567b7e2211da413144a8aa0,local_entity_conflict,0,local_entity_conflict-v0,0.06551038456985221,0.06255131515351434,-0.0029590694163378756,0.9790033259969201,0.9795799258858192,-0.0005765998888991319,0.06032065631659697,0.058162915392077595,-0.002157740924519376,1.0,1.0,0.0,142213,3250
NYUv2,nyuv2_labeled_0121,fcebd5b87930617f037d48debfe0f2e6c584a1421567b7e2211da413144a8aa0,local_entity_conflict,1,local_entity_conflict-v1,0.06551038456985221,0.06376524678601092,-0.0017451377838412913,0.9790033259969201,0.9773086848600339,0.0016946411368862213,0.06032065631659697,0.05391971824839801,-0.006400938068198962,1.0,1.0,0.0,142213,3250
NYUv2,nyuv2_labeled_0121,fcebd5b87930617f037d48debfe0f2e6c584a1421567b7e2211da413144a8aa0,local_entity_conflict,2,local_entity_conflict-v2,0.06551038456985221,0.06715732850190365,0.001646943932051434,0.9790033259969201,0.9775477628627481,0.0014555631341719444,0.06032065631659697,0.056737736785883446,-0.0035829195307135256,1.0,1.0,0.0,142213,3250
NYUv2,nyuv2_labeled_0121,fcebd5b87930617f037d48debfe0f2e6c584a1421567b7e2211da413144a8aa0,semantic_preserving,0,semantic_preserving-v0,0.06551038456985221,0.06551038456985221,0.0,0.9790033259969201,0.9790033259969201,0.0,0.06032065631659697,0.06032065631659697,0.0,1.0,1.0,0.0,142213,3250
NYUv2,nyuv2_labeled_0121,fcebd5b87930617f037d48debfe0f2e6c584a1421567b7e2211da413144a8aa0,semantic_preserving,1,semantic_preserving-v1,0.06551038456985221,0.06687307122248394,0.0013626866526317283,0.9790033259969201,0.9782579651649287,0.0007453608319913929,0.06032065631659697,0.06471159319587613,0.004390936879279161,1.0,1.0,0.0,142213,3250
NYUv2,nyuv2_labeled_0121,fcebd5b87930617f037d48debfe0f2e6c584a1421567b7e2211da413144a8aa0,semantic_preserving,2,semantic_preserving-v2,0.06551038456985221,0.07064682502575209,0.005136440455899879,0.9790033259969201,0.9774985409210128,0.0015047850759072334,0.06032065631659697,0.07426272978107676,0.013942073464479787,1.0,1.0,0.0,142213,3250
NYUv2,nyuv2_labeled_0121,fcebd5b87930617f037d48debfe0f2e6c584a1421567b7e2211da413144a8aa0,target_deletion,0,target_deletion-v0,0.06551038456985221,0.06377011791056902,-0.0017402666592831878,0.9790033259969201,0.9772594629182986,0.0017438630786215104,0.06032065631659697,0.05316940644307629,-0.007151249873520678,1.0,1.0,0.0,142213,3250
NYUv2,nyuv2_labeled_0121,fcebd5b87930617f037d48debfe0f2e6c584a1421567b7e2211da413144a8aa0,target_deletion,1,target_deletion-v1,0.06551038456985221,0.07626428997307265,0.010753905403220437,0.9790033259969201,0.9699042984818547,0.009099027515065417,0.06032065631659697,0.06338261290238584,0.0030619565857888664,1.0,1.0,0.0,142213,3250
NYUv2,nyuv2_labeled_0121,fcebd5b87930617f037d48debfe0f2e6c584a1421567b7e2211da413144a8aa0,target_deletion,2,target_deletion-v2,0.06551038456985221,0.07004880286443368,0.004538418294581473,0.9790033259969201,0.9765914508518911,0.002411875145028941,0.06032065631659697,0.06492176842259072,0.004601112105993746,1.0,1.0,0.0,142213,3250
NYUv2,nyuv2_labeled_0122,fcebd5b87930617f037d48debfe0f2e6c584a1421567b7e2211da413144a8aa0,depth_relation_conflict,0,depth_relation_conflict-v0,0.03986284164463486,0.04139910310600898,0.0015362614613741166,0.9967213114754099,0.9970109117236386,-0.00028960024822877184,0.030910861864948617,0.03338278312122293,0.0024719212562743093,0.9989167502507522,0.9987562688064192,0.00016048144433300493,193370,49850
NYUv2,nyuv2_labeled_0122,fcebd5b87930617f037d48debfe0f2e6c584a1421567b7e2211da413144a8aa0,depth_relation_conflict,1,depth_relation_conflict-v1,0.03986284164463486,0.03948552193575928,-0.0003773197088755842,0.9967213114754099,0.9964937684232301,0.00022754305217975723,0.030910861864948617,0.030875011936522055,-3.5849928426562316e-05,0.9989167502507522,0.9989167502507522,0.0,193370,49850
NYUv2,nyuv2_labeled_0122,fcebd5b87930617f037d48debfe0f2e6c584a1421567b7e2211da413144a8aa0,depth_relation_conflict,2,depth_relation_conflict-v2,0.03986284164463486,0.03999797737467249,0.00013513573003762908,0.9967213114754099,0.9950250814500698,0.0016962300253400286,0.030910861864948617,0.028306711946865706,-0.002604149918082912,0.9989167502507522,0.9992978936810432,-0.0003811434302909422,193370,49850
NYUv2,nyuv2_labeled_0122,fcebd5b87930617f037d48debfe0f2e6c584a1421567b7e2211da413144a8aa0,local_entity_conflict,0,local_entity_conflict-v0,0.03986284164463486,0.04304667829302603,0.0031838366483911695,0.9967213114754099,0.9972281119098102,-0.000506800434400323,0.030910861864948617,0.035469183398058386,0.004558321533109769,0.9989167502507522,0.9985155466399197,0.0004012036108325123,193370,49850
NYUv2,nyuv2_labeled_0122,fcebd5b87930617f037d48debfe0f2e6c584a1421567b7e2211da413144a8aa0,local_entity_conflict,1,local_entity_conflict-v1,0.03986284164463486,0.04151785533736967,0.0016550136927348108,0.9967213114754099,0.9939442519522159,0.0027770595231939588,0.030910861864948617,0.03052833719404564,-0.0003825246709029777,0.9989167502507522,0.9992176529588767,-0.00030090270812443976,193370,49850
NYUv2,nyuv2_labeled_0122,fcebd5b87930617f037d48debfe0f2e6c584a1421567b7e2211da413144a8aa0,local_entity_conflict,2,local_entity_conflict-v2,0.03986284164463486,0.04053988507914234,0.0006770434345074808,0.9967213114754099,0.9949319956559963,0.0017893158194135506,0.030910861864948617,0.02942242053467128,-0.0014884413302773368,0.9989167502507522,0.9990972918756269,-0.00018054162487468606,193370,49850
NYUv2,nyuv2_labeled_0122,fcebd5b87930617f037d48debfe0f2e6c584a1421567b7e2211da413144a8aa0,semantic_preserving,0,semantic_preserving-v0,0.03986284164463486,0.03986284164463486,0.0,0.9967213114754099,0.9967213114754099,0.0,0.030910861864948617,0.030910861864948617,0.0,0.9989167502507522,0.9989167502507522,0.0,193370,49850
NYUv2,nyuv2_labeled_0122,fcebd5b87930617f037d48debfe0f2e6c584a1421567b7e2211da413144a8aa0,semantic_preserving,1,semantic_preserving-v1,0.03986284164463486,0.04162466443908668,0.00176182279445182,0.9967213114754099,0.9965351398872627,0.00018617158814715484,0.030910861864948617,0.03373386888866848,0.002823007023719862,0.9989167502507522,0.9988565697091274,6.018054162482134e-05,193370,49850
NYUv2,nyuv2_labeled_0122,fcebd5b87930617f037d48debfe0f2e6c584a1421567b7e2211da413144a8aa0,semantic_preserving,2,semantic_preserving-v2,0.03986284164463486,0.04141505945687771,0.001552217812242851,0.9967213114754099,0.9971143403837204,-0.00039302890831049986,0.030910861864948617,0.03347180718330069,0.002560945318352076,0.9989167502507522,0.9986960882647944,0.00022066198595782627,193370,49850
NYUv2,nyuv2_labeled_0122,fcebd5b87930617f037d48debfe0f2e6c584a1421567b7e2211da413144a8aa0,target_deletion,0,target_deletion-v0,0.03986284164463486,0.04015741455907171,0.0002945729144368456,0.9967213114754099,0.9971039975177122,-0.00038268604230229375,0.030910861864948617,0.0304561610439404,-0.0004547008210082186,0.9989167502507522,0.9989568706118355,-4.012036108325123e-05,193370,49850
NYUv2,nyuv2_labeled_0122,fcebd5b87930617f037d48debfe0f2e6c584a1421567b7e2211da413144a8aa0,target_deletion,1,target_deletion-v1,0.03986284164463486,0.039755903934826746,-0.00010693770980811645,0.9967213114754099,0.9961317681129441,0.0005895433624657498,0.030910861864948617,0.027950181764956457,-0.0029606800999921606,0.9989167502507522,0.9996188565697092,-0.0007021063189569521,193370,49850
NYUv2,nyuv2_labeled_0122,fcebd5b87930617f037d48debfe0f2e6c584a1421567b7e2211da413144a8aa0,target_deletion,2,target_deletion-v2,0.03986284164463486,0.03976006693100056,-0.00010277471363430435,0.9967213114754099,0.9968402544345037,-0.00011894295909387065,0.030910861864948617,0.030665710886893714,-0.00024515097805490396,0.9989167502507522,0.9990170511534604,-0.00010030090270818359,193370,49850
NYUv2,nyuv2_labeled_0161,6eb4e92798346ccf9f615dbd757e44d9293542641d3f7658056eda85b7af7df4,depth_relation_conflict,0,depth_relation_conflict-v0,0.048429072969345156,0.04860379774359705,0.00017472477425189287,0.9917741682770147,0.9914738601347469,0.00030030814226778,0.04723633187261709,0.044720724306560294,-0.0025156075660567948,0.9990862811643388,0.9989557499021016,0.00013053126223727674,229764,7661
NYUv2,nyuv2_labeled_0161,6eb4e92798346ccf9f615dbd757e44d9293542641d3f7658056eda85b7af7df4,depth_relation_conflict,1,depth_relation_conflict-v1,0.048429072969345156,0.05090159225412304,0.0024725192847778812,0.9917741682770147,0.9917088838982608,6.52843787538604e-05,0.04723633187261709,0.04899312274692445,0.0017567908743073637,0.9990862811643388,0.9989557499021016,0.00013053126223727674,229764,7661
NYUv2,nyuv2_labeled_0161,6eb4e92798346ccf9f615dbd757e44d9293542641d3f7658056eda85b7af7df4,depth_relation_conflict,2,depth_relation_conflict-v2,0.048429072969345156,0.049830846491663,0.0014017735223178437,0.9917741682770147,0.9915391445135008,0.00023502376351391963,0.04723633187261709,0.04620220012640314,-0.0010341317462139524,0.9990862811643388,0.9990862811643388,0.0,229764,7661
NYUv2,nyuv2_labeled_0161,6eb4e92798346ccf9f615dbd757e44d9293542641d3f7658056eda85b7af7df4,local_entity_conflict,0,local_entity_conflict-v0,0.048429072969345156,0.03981464228244456,-0.008614430686900598,0.9917741682770147,0.9920004874566947,-0.00022631917967996795,0.04723633187261709,0.03597202442110358,-0.011264307451513508,0.9990862811643388,0.9993473436888135,-0.0002610625244746645,229764,7661
NYUv2,nyuv2_labeled_0161,6eb4e92798346ccf9f615dbd757e44d9293542641d3f7658056eda85b7af7df4,local_entity_conflict,1,local_entity_conflict-v1,0.048429072969345156,0.045723567073098735,-0.0027055058962464212,0.9917741682770147,0.9917698159850977,4.352291916975837e-06,0.04723633187261709,0.03849702465894663,-0.008739307213670458,0.9990862811643388,0.9992168124265761,-0.00013053126223727674,229764,7661
NYUv2,nyuv2_labeled_0161,6eb4e92798346ccf9f615dbd757e44d9293542641d3f7658056eda85b7af7df4,local_entity_conflict,2,local_entity_conflict-v2,0.048429072969345156,0.04442440184798859,-0.004004671121356565,0.9917741682770147,0.9919047370345224,-0.0001305687575077208,0.04723633187261709,0.040991577215912095,-0.006244754656704994,0.9990862811643388,0.9990862811643388,0.0,229764,7661
NYUv2,nyuv2_labeled_0161,6eb4e92798346ccf9f615dbd757e44d9293542641d3f7658056eda85b7af7df4,semantic_preserving,0,semantic_preserving-v0,0.048429072969345156,0.048429072969345156,0.0,0.9917741682770147,0.9917741682770147,0.0,0.04723633187261709,0.04723633187261709,0.0,0.9990862811643388,0.9990862811643388,0.0,229764,7661
NYUv2,nyuv2_labeled_0161,6eb4e92798346ccf9f615dbd757e44d9293542641d3f7658056eda85b7af7df4,semantic_preserving,1,semantic_preserving-v1,0.048429072969345156,0.04945217141936266,0.0010230984500175025,0.9917741682770147,0.9916000766003378,0.00017409167667692405,0.04723633187261709,0.04542574758770263,-0.0018105842849144571,0.9990862811643388,0.9989557499021016,0.00013053126223727674,229764,7661
NYUv2,nyuv2_labeled_0161,6eb4e92798346ccf9f615dbd757e44d9293542641d3f7658056eda85b7af7df4,semantic_preserving,2,semantic_preserving-v2,0.048429072969345156,0.04870995491013946,0.0002808819407943003,0.9917741682770147,0.9914738601347469,0.00030030814226778,0.04723633187261709,0.04600273537118829,-0.0012335965014287978,0.9990862811643388,0.9989557499021016,0.00013053126223727674,229764,7661
NYUv2,nyuv2_labeled_0161,6eb4e92798346ccf9f615dbd757e44d9293542641d3f7658056eda85b7af7df4,target_deletion,0,target_deletion-v0,0.048429072969345156,0.05049805500762935,0.0020689820382841922,0.9917741682770147,0.9905946971675285,0.001179471109486241,0.04723633187261709,0.04216103538115413,-0.005075296491462961,0.9990862811643388,0.9989557499021016,0.00013053126223727674,229764,7661
NYUv2,nyuv2_labeled_0161,6eb4e92798346ccf9f615dbd757e44d9293542641d3f7658056eda85b7af7df4,target_deletion,1,target_deletion-v1,0.048429072969345156,0.05186200345109395,0.0034329304817487943,0.9917741682770147,0.9917872251527654,-1.3056875750705466e-05,0.04723633187261709,0.04952943658610475,0.002293104713487662,0.9990862811643388,0.9988252186398643,0.00026106252447455347,229764,7661
NYUv2,nyuv2_labeled_0161,6eb4e92798346ccf9f615dbd757e44d9293542641d3f7658056eda85b7af7df4,target_deletion,2,target_deletion-v2,0.048429072969345156,0.049027707972815894,0.0005986350034707377,0.9917741682770147,0.9919482599536916,-0.00017409167667692405,0.04723633187261709,0.04735671880363638,0.00012038693101928954,0.9990862811643388,0.9989557499021016,0.00013053126223727674,229764,7661
NYUv2,nyuv2_labeled_0163,6eb4e92798346ccf9f615dbd757e44d9293542641d3f7658056eda85b7af7df4,depth_relation_conflict,0,depth_relation_conflict-v0,0.03360540018474582,0.0336586071151391,5.32069303932764e-05,0.9924278968494563,0.9922154708113347,0.00021242603812166028,0.062440578616972144,0.06396996199195738,0.0015293833749852395,0.9551286402823976,0.9543140316339692,0.0008146086484284165,225961,29462
NYUv2,nyuv2_labeled_0163,6eb4e92798346ccf9f615dbd757e44d9293542641d3f7658056eda85b7af7df4,depth_relation_conflict,1,depth_relation_conflict-v1,0.03360540018474582,0.033572630064440286,-3.2770120305537775e-05,0.9924278968494563,0.9924101946796129,1.770216984342543e-05,0.062440578616972144,0.06246980091416771,2.9222297195569125e-05,0.9551286402823976,0.9550946982553798,3.3942027017785925e-05,225961,29462
NYUv2,nyuv2_labeled_0163,6eb4e92798346ccf9f615dbd757e44d9293542641d3f7658056eda85b7af7df4,depth_relation_conflict,2,depth_relation_conflict-v2,0.03360540018474582,0.03490136442861007,0.001295964243864245,0.9924278968494563,0.9923305349153172,9.736193413911742e-05,0.062440578616972144,0.06609977020445545,0.003659191587483311,0.9551286402823976,0.9547892200122191,0.0003394202701785254,225961,29462
NYUv2,nyuv2_labeled_0163,6eb4e92798346ccf9f615dbd757e44d9293542641d3f7658056eda85b7af7df4,local_entity_conflict,0,local_entity_conflict-v0,0.03360540018474582,0.03545128280012105,0.00184588261537523,0.9924278968494563,0.9926093440903518,-0.000181447240895527,0.062440578616972144,0.06049209063975865,-0.0019484879772134964,0.9551286402823976,0.955535944606612,-0.0004073043242143193,225961,29462
NYUv2,nyuv2_labeled_0163,6eb4e92798346ccf9f615dbd757e44d9293542641d3f7658056eda85b7af7df4,local_entity_conflict,1,local_entity_conflict-v1,0.03360540018474582,0.03464587669353404,0.0010404765087882184,0.9924278968494563,0.992405769137152,2.2127712304365055e-05,0.062440578616972144,0.061471507920126414,-0.0009690706968457294,0.9551286402823976,0.9550946982553798,3.3942027017785925e-05,225961,29462
NYUv2,nyuv2_labeled_0163,6eb4e92798346ccf9f615dbd757e44d9293542641d3f7658056eda85b7af7df4,local_entity_conflict,2,local_entity_conflict-v2,0.03360540018474582,0.03408866017557621,0.00048325999083038973,0.9924278968494563,0.9924810033589867,-5.3106509530387314e-05,0.062440578616972144,0.05961807936251378,-0.0028224992544583632,0.9551286402823976,0.9552983504174869,-0.0001697101350892627,225961,29462
NYUv2,nyuv2_labeled_0163,6eb4e92798346ccf9f615dbd757e44d9293542641d3f7658056eda85b7af7df4,semantic_preserving,0,semantic_preserving-v0,0.03360540018474582,0.03360540018474582,0.0,0.9924278968494563,0.9924278968494563,0.0,0.062440578616972144,0.062440578616972144,0.0,0.9551286402823976,0.9551286402823976,0.0,225961,29462
NYUv2,nyuv2_labeled_0163,6eb4e92798346ccf9f615dbd757e44d9293542641d3f7658056eda85b7af7df4,semantic_preserving,1,semantic_preserving-v1,0.03360540018474582,0.03313558368617594,-0.00046981649856988467,0.9924278968494563,0.992273002863326,0.00015489398613033334,0.062440578616972144,0.06400445031367269,0.0015638716967005459,0.9551286402823976,0.9545855678501121,0.000543072432285574,225961,29462
NYUv2,nyuv2_labeled_0163,6eb4e92798346ccf9f615dbd757e44d9293542641d3f7658056eda85b7af7df4,semantic_preserving,2,semantic_preserving-v2,0.03360540018474582,0.03521871790510623,0.0016133177203604063,0.9924278968494563,0.992273002863326,0.00015489398613033334,0.062440578616972144,0.06763033017388922,0.005189751556917081,0.9551286402823976,0.9545855678501121,0.000543072432285574,225961,29462
NYUv2,nyuv2_labeled_0163,6eb4e92798346ccf9f615dbd757e44d9293542641d3f7658056eda85b7af7df4,target_deletion,0,target_deletion-v0,0.03360540018474582,0.0371211182646604,0.003515718079914576,0.9924278968494563,0.9923747903399259,5.3106509530387314e-05,0.062440578616972144,0.06321946575785686,0.0007788871408847195,0.9551286402823976,0.9549249881202906,0.00020365216210704862,225961,29462
NYUv2,nyuv2_labeled_0163,6eb4e92798346ccf9f615dbd757e44d9293542641d3f7658056eda85b7af7df4,target_deletion,1,target_deletion-v1,0.03360540018474582,0.033056459346043676,-0.0005489408387021472,0.9924278968494563,0.9923128327454738,0.00011506410398254285,0.062440578616972144,0.059207556038812524,-0.0032330225781596195,0.9551286402823976,0.9546873939311655,0.0004412463512321052,225961,29462
NYUv2,nyuv2_labeled_0163,6eb4e92798346ccf9f615dbd757e44d9293542641d3f7658056eda85b7af7df4,target_deletion,2,target_deletion-v2,0.03360540018474582,0.0329893113512891,-0.000616088833456721,0.9924278968494563,0.9923216838303955,0.00010621301906077463,0.062440578616972144,0.05996109354491158,-0.0024794850720605624,0.9551286402823976,0.9546873939311655,0.0004412463512321052,225961,29462
NYUv2,nyuv2_labeled_0214,bc104fb834f20ff2681589ab08ff86ef45319cceb401ea0e5402bb1cdc46a8b5,depth_relation_conflict,0,depth_relation_conflict-v0,0.06253900013674885,0.0650693830344565,0.002530382897707656,0.9656261652373089,0.9623448569754435,0.0032813082618654565,0.04925441281621354,0.04882793535911096,-0.0004264774571025795,0.9770833333333333,0.9790157004830918,-0.0019323671497585293,187730,33120
NYUv2,nyuv2_labeled_0214,bc104fb834f20ff2681589ab08ff86ef45319cceb401ea0e5402bb1cdc46a8b5,depth_relation_conflict,1,depth_relation_conflict-v1,0.06253900013674885,0.06239812072643876,-0.000140879410310088,0.9656261652373089,0.9668460022372556,-0.0012198369999466552,0.04925441281621354,0.05023163546793046,0.0009772226517169233,0.9770833333333333,0.9751509661835749,0.0019323671497584183,187730,33120
NYUv2,nyuv2_labeled_0214,bc104fb834f20ff2681589ab08ff86ef45319cceb401ea0e5402bb1cdc46a8b5,depth_relation_conflict,2,depth_relation_conflict-v2,0.06253900013674885,0.06386635645392745,0.0013273563171786046,0.9656261652373089,0.9636818835561711,0.001944281681137805,0.04925441281621354,0.0480393685512005,-0.0012150442650130377,0.9770833333333333,0.9778381642512077,-0.0007548309178744272,187730,33120
NYUv2,nyuv2_labeled_0214,bc104fb834f20ff2681589ab08ff86ef45319cceb401ea0e5402bb1cdc46a8b5,local_entity_conflict,0,local_entity_conflict-v0,0.06253900013674885,0.0644729304662181,0.0019339303294692578,0.9656261652373089,0.966073616363927,-0.000447451126618037,0.04925441281621354,0.04843601423110058,-0.000818398585112956,0.9770833333333333,0.9795289855072464,-0.0024456521739131265,187730,33120
NYUv2,nyuv2_labeled_0214,bc104fb834f20ff2681589ab08ff86ef45319cceb401ea0e5402bb1cdc46a8b5,local_entity_conflict,1,local_entity_conflict-v1,0.06253900013674885,0.0641875246626525,0.0016485245259036524,0.9656261652373089,0.9623501837745698,0.003275981462739108,0.04925441281621354,0.04811116170018766,-0.0011432511160258813,0.9770833333333333,0.977626811594203,-0.0005434782608696453,187730,33120
NYUv2,nyuv2_labeled_0214,bc104fb834f20ff2681589ab08ff86ef45319cceb401ea0e5402bb1cdc46a8b5,local_entity_conflict,2,local_entity_conflict-v2,0.06253900013674885,0.06390948116137987,0.0013704810246310262,0.9656261652373089,0.9658818515953763,-0.00025568635806738627,0.04925441281621354,0.05091127127968191,0.001656858463468372,0.9770833333333333,0.977626811594203,-0.0005434782608696453,187730,33120
NYUv2,nyuv2_labeled_0214,bc104fb834f20ff2681589ab08ff86ef45319cceb401ea0e5402bb1cdc46a8b5,semantic_preserving,0,semantic_preserving-v0,0.06253900013674885,0.06253900013674885,0.0,0.9656261652373089,0.9656261652373089,0.0,0.04925441281621354,0.04925441281621354,0.0,0.9770833333333333,0.9770833333333333,0.0,187730,33120
NYUv2,nyuv2_labeled_0214,bc104fb834f20ff2681589ab08ff86ef45319cceb401ea0e5402bb1cdc46a8b5,semantic_preserving,1,semantic_preserving-v1,0.06253900013674885,0.06584522971735275,0.003306229580603906,0.9656261652373089,0.961023810792095,0.004602354445213952,0.04925441281621354,0.04750995242121129,-0.0017444603950022494,0.9770833333333333,0.9802838164251207,-0.0032004830917874427,187730,33120
NYUv2,nyuv2_labeled_0214,bc104fb834f20ff2681589ab08ff86ef45319cceb401ea0e5402bb1cdc46a8b5,semantic_preserving,2,semantic_preserving-v2,0.06253900013674885,0.06463415242593605,0.002095152289187205,0.9656261652373089,0.9629148244819687,0.002711340755340186,0.04925441281621354,0.04991375425447878,0.0006593414382652443,0.9770833333333333,0.9794987922705314,-0.0024154589371980784,187730,33120
NYUv2,nyuv2_labeled_0214,bc104fb834f20ff2681589ab08ff86ef45319cceb401ea0e5402bb1cdc46a8b5,target_deletion,0,target_deletion-v0,0.06253900013674885,0.061308978487062356,-0.00123002164968649,0.9656261652373089,0.9714377030842167,-0.005811537846907799,0.04925441281621354,0.04706564412472633,-0.0021887686914872084,0.9770833333333333,0.9763586956521739,0.0007246376811593791,187730,33120
NYUv2,nyuv2_labeled_0214,bc104fb834f20ff2681589ab08ff86ef45319cceb401ea0e5402bb1cdc46a8b5,target_deletion,1,target_deletion-v1,0.06253900013674885,0.060797949194757214,-0.0017410509419916315,0.9656261652373089,0.9725776380972674,-0.006951472859958452,0.04925441281621354,0.04630498604051838,-0.002949426775695159,0.9770833333333333,0.9715277777777778,0.005555555555555536,187730,33120
NYUv2,nyuv2_labeled_0214,bc104fb834f20ff2681589ab08ff86ef45319cceb401ea0e5402bb1cdc46a8b5,target_deletion,2,target_deletion-v2,0.06253900013674885,0.06082768708243961,-0.0017113130543092367,0.9656261652373089,0.971533585468492,-0.005907420231183069,0.04925441281621354,0.04702452116916887,-0.0022298916470446656,0.9770833333333333,0.9731582125603865,0.003925120772946822,187730,33120
NYUv2,nyuv2_labeled_0226,2581d3d53c8a880415275558f5918285659486321ef2325b62de7cebe20cccb1,depth_relation_conflict,0,depth_relation_conflict-v0,0.07640690862928305,0.07912744743776012,0.0027205388084770715,0.9464461121370477,0.9430212303380352,0.003424881799012458,0.03869781380881541,0.03953156892565008,0.0008337551168346724,0.9911054637865311,0.9881406183820415,0.002964845404489602,152706,2361
NYUv2,nyuv2_labeled_0226,2581d3d53c8a880415275558f5918285659486321ef2325b62de7cebe20cccb1,depth_relation_conflict,1,depth_relation_conflict-v1,0.07640690862928305,0.07655162651137191,0.00014471788208886283,0.9464461121370477,0.9457912590206017,0.0006548531164459748,0.03869781380881541,0.04102696356044091,0.0023291497516255005,0.9911054637865311,0.9911054637865311,0.0,152706,2361
NYUv2,nyuv2_labeled_0226,2581d3d53c8a880415275558f5918285659486321ef2325b62de7cebe20cccb1,depth_relation_conflict,2,depth_relation_conflict-v2,0.07640690862928305,0.0783015952675347,0.0018946866382516525,0.9464461121370477,0.9446780087226435,0.001768103414404143,0.03869781380881541,0.03870903797087093,1.122416205551896e-05,0.9911054637865311,0.98856416772554,0.0025412960609910717,152706,2361
NYUv2,nyuv2_labeled_0226,2581d3d53c8a880415275558f5918285659486321ef2325b62de7cebe20cccb1,local_entity_conflict,0,local_entity_conflict-v0,0.07640690862928305,0.0730749658604034,-0.003331942768879645,0.9464461121370477,0.9485350935785103,-0.002088981441462634,0.03869781380881541,0.03989554359858925,0.001197729789773845,0.9911054637865311,0.9919525624735281,-0.0008470986869970609,152706,2361
NYUv2,nyuv2_labeled_0226,2581d3d53c8a880415275558f5918285659486321ef2325b62de7cebe20cccb1,local_entity_conflict,1,local_entity_conflict-v1,0.07640690862928305,0.08056527513427379,0.00415836650499074,0.9464461121370477,0.9430408759315285,0.0034052362055191354,0.03869781380881541,0.04792113600123093,0.00922332219241552,0.9911054637865311,0.987717069038543,0.0033883947479881327,152706,2361
NYUv2,nyuv2_labeled_0226,2581d3d53c8a880415275558f5918285659486321ef2325b62de7cebe20cccb1,local_entity_conflict,2,local_entity_conflict-v2,0.07640690862928305,0.07746573493648361,0.0010588263072005555,0.9464461121370477,0.9469045093185599,-0.00045839718151219344,0.03869781380881541,0.040027921274426295,0.0013301074656108872,0.9911054637865311,0.9898348157560356,0.0012706480304954804,152706,2361
NYUv2,nyuv2_labeled_0226,2581d3d53c8a880415275558f5918285659486321ef2325b62de7cebe20cccb1,semantic_preserving,0,semantic_preserving-v0,0.07640690862928305,0.07640690862928305,0.0,0.9464461121370477,0.9464461121370477,0.0,0.03869781380881541,0.03869781380881541,0.0,0.9911054637865311,0.9911054637865311,0.0,152706,2361
NYUv2,nyuv2_labeled_0226,2581d3d53c8a880415275558f5918285659486321ef2325b62de7cebe20cccb1,semantic_preserving,1,semantic_preserving-v1,0.07640690862928305,0.07919520507537897,0.0027882964460959198,0.9464461121370477,0.9436564378609877,0.002789674276059917,0.03869781380881541,0.039034549731179355,0.00033673592236394684,0.9911054637865311,0.9889877170690385,0.0021177467174925413,152706,2361
NYUv2,nyuv2_labeled_0226,2581d3d53c8a880415275558f5918285659486321ef2325b62de7cebe20cccb1,semantic_preserving,2,semantic_preserving-v2,0.07640690862928305,0.08002947975519828,0.0036225711259152277,0.9464461121370477,0.9425890272811809,0.003857084855866777,0.03869781380881541,0.04029122642125705,0.0015934126124416415,0.9911054637865311,0.986869970351546,0.004235493434985083,152706,2361
NYUv2,nyuv2_labeled_0226,2581d3d53c8a880415275558f5918285659486321ef2325b62de7cebe20cccb1,target_deletion,0,target_deletion-v0,0.07640690862928305,0.0736376117899009,-0.0027692968393821515,0.9464461121370477,0.9473367123754142,-0.0008906002383665124,0.03869781380881541,0.034926883090339346,-0.003770930718476062,0.9911054637865311,0.9944938585345193,-0.0033883947479882437,152706,2361
NYUv2,nyuv2_labeled_0226,2581d3d53c8a880415275558f5918285659486321ef2325b62de7cebe20cccb1,target_deletion,1,target_deletion-v1,0.07640690862928305,0.07772884287911647,0.0013219342498334147,0.9464461121370477,0.9491441069768051,-0.0026979948397574116,0.03869781380881541,0.036627243553218905,-0.002070570255596503,0.9911054637865311,0.9953409572215163,-0.004235493434985194,152706,2361
NYUv2,nyuv2_labeled_0226,2581d3d53c8a880415275558f5918285659486321ef2325b62de7cebe20cccb1,target_deletion,2,target_deletion-v2,0.07640690862928305,0.07613619262149464,-0.000270716007788413,0.9464461121370477,0.9469438005055466,-0.0004976883684989497,0.03869781380881541,0.03681254521961353,-0.0018852685892018772,0.9911054637865311,0.9932232105040237,-0.0021177467174926523,152706,2361
NYUv2,nyuv2_labeled_0228,2581d3d53c8a880415275558f5918285659486321ef2325b62de7cebe20cccb1,depth_relation_conflict,0,depth_relation_conflict-v0,0.05844537682141968,0.05995027310391422,0.0015048962824945403,0.9629705082910249,0.962750700970905,0.00021980732011994686,0.040511938031562764,0.03886559225550089,-0.001646345776061875,0.9987154784842646,0.9988011132519803,-8.563476771572542e-05,186527,23355
NYUv2,nyuv2_labeled_0228,2581d3d53c8a880415275558f5918285659486321ef2325b62de7cebe20cccb1,depth_relation_conflict,1,depth_relation_conflict-v1,0.05844537682141968,0.058168070614613265,-0.0002773062068064172,0.9629705082910249,0.9606705731609901,0.0022999351300347914,0.040511938031562764,0.04071105380228655,0.00019911577072378311,0.9987154784842646,0.9986726611004068,4.28173838578072e-05,186527,23355
NYUv2,nyuv2_labeled_0228,2581d3d53c8a880415275558f5918285659486321ef2325b62de7cebe20cccb1,depth_relation_conflict,2,depth_relation_conflict-v2,0.05844537682141968,0.0593463539458814,0.000900977124461716,0.9629705082910249,0.9628203959748455,0.00015011231617945153,0.040511938031562764,0.040970974349579525,0.0004590363180167617,0.9987154784842646,0.9987154784842646,0.0,186527,23355
NYUv2,nyuv2_labeled_0228,2581d3d53c8a880415275558f5918285659486321ef2325b62de7cebe20cccb1,local_entity_conflict,0,local_entity_conflict-v0,0.05844537682141968,0.056749410102537,-0.0016959667188826827,0.9629705082910249,0.9608474912479158,0.002123017043109132,0.040511938031562764,0.03504424410042839,-0.005467693931134374,0.9987154784842646,0.9985013915649754,0.00021408691928914703,186527,23355
NYUv2,nyuv2_labeled_0228,2581d3d53c8a880415275558f5918285659486321ef2325b62de7cebe20cccb1,local_entity_conflict,1,local_entity_conflict-v1,0.05844537682141968,0.06338300841538276,0.004937631593963078,0.9629705082910249,0.9578774118492229,0.005093096441802003,0.040511938031562764,0.04110494208029876,0.0005930040487359955,0.9987154784842646,0.9989295654035538,-0.00021408691928925805,186527,23355
NYUv2,nyuv2_labeled_0228,2581d3d53c8a880415275558f5918285659486321ef2325b62de7cebe20cccb1,local_entity_conflict,2,local_entity_conflict-v2,0.05844537682141968,0.060897852040059694,0.0024524752186400114,0.9629705082910249,0.957555742600267,0.005414765690757939,0.040511938031562764,0.03983858465070366,-0.0006733533808591027,0.9987154784842646,0.9988439306358381,-0.00012845215157353262,186527,23355
NYUv2,nyuv2_labeled_0228,2581d3d53c8a880415275558f5918285659486321ef2325b62de7cebe20cccb1,semantic_preserving,0,semantic_preserving-v0,0.05844537682141968,0.05844537682141968,0.0,0.9629705082910249,0.9629705082910249,0.0,0.040511938031562764,0.040511938031562764,0.0,0.9987154784842646,0.9987154784842646,0.0,186527,23355
NYUv2,nyuv2_labeled_0228,2581d3d53c8a880415275558f5918285659486321ef2325b62de7cebe20cccb1,semantic_preserving,1,semantic_preserving-v1,0.05844537682141968,0.0588641085204524,0.0004187316990327192,0.9629705082910249,0.9631903156111448,-0.00021980732011983584,0.040511938031562764,0.0378417860657026,-0.0026701519658601652,0.9987154784842646,0.9988011132519803,-8.563476771572542e-05,186527,23355
NYUv2,nyuv2_labeled_0228,2581d3d53c8a880415275558f5918285659486321ef2325b62de7cebe20cccb1,semantic_preserving,2,semantic_preserving-v2,0.05844537682141968,0.060497323278585806,0.0020519464571661233,0.9629705082910249,0.9630187586783683,-4.825038734335152e-05,0.040511938031562764,0.03937695573881227,-0.0011349822927504902,0.9987154784842646,0.9988011132519803,-8.563476771572542e-05,186527,23355
NYUv2,nyuv2_labeled_0228,2581d3d53c8a880415275558f5918285659486321ef2325b62de7cebe20cccb1,target_deletion,0,target_deletion-v0,0.05844537682141968,0.059038746836157535,0.0005933700147378526,0.9629705082910249,0.962043028623202,0.0009274796678229169,0.040511938031562764,0.03603883557648273,-0.004473102455080036,0.9987154784842646,0.9987154784842646,0.0,186527,23355
NYUv2,nyuv2_labeled_0228,2581d3d53c8a880415275558f5918285659486321ef2325b62de7cebe20cccb1,target_deletion,1,target_deletion-v1,0.05844537682141968,0.05863313547810404,0.00018775865668435587,0.9629705082910249,0.9630562867574132,-8.577846638824216e-05,0.040511938031562764,0.03875382444284008,-0.0017581135887226804,0.9987154784842646,0.9987154784842646,0.0,186527,23355
NYUv2,nyuv2_labeled_0228,2581d3d53c8a880415275558f5918285659486321ef2325b62de7cebe20cccb1,target_deletion,2,target_deletion-v2,0.05844537682141968,0.05856562906109832,0.0001202522396786393,0.9629705082910249,0.9621931409393815,0.0007773673516434654,0.040511938031562764,0.039930129848665244,-0.0005818081828975197,0.9987154784842646,0.9987154784842646,0.0,186527,23355
NYUv2,nyuv2_labeled_0239,2b78b3fe841ddd10047166a05d5cc2df3a670efd42cb352cd46d2af70d6422fa,depth_relation_conflict,0,depth_relation_conflict-v0,0.05850536690240206,0.0628699757110763,0.004364608808674245,0.9751388558557298,0.9764119926689704,-0.001273136813240594,0.10851862624709864,0.10550640796641995,-0.0030122182806786857,0.8995348450868013,0.9092532602375613,-0.009718415150759996,142954,24078
NYUv2,nyuv2_labeled_0239,2b78b3fe841ddd10047166a05d5cc2df3a670efd42cb352cd46d2af70d6422fa,depth_relation_conflict,1,depth_relation_conflict-v1,0.05850536690240206,0.05921058301402085,0.0007052161116187922,0.9751388558557298,0.9766288456426543,-0.001489989786924495,0.10851862624709864,0.10693111701591598,-0.0015875092311826572,0.8995348450868013,0.9097931721903812,-0.01025832710357999,142954,24078
NYUv2,nyuv2_labeled_0239,2b78b3fe841ddd10047166a05d5cc2df3a670efd42cb352cd46d2af70d6422fa,depth_relation_conflict,2,depth_relation_conflict-v2,0.05850536690240206,0.06226562498306269,0.0037602580806606334,0.9751388558557298,0.97427843921821,0.0008604166375197897,0.10851862624709864,0.1100851177918716,0.001566491544772966,0.8995348450868013,0.8952986128415982,0.0042362322452030865,142954,24078
NYUv2,nyuv2_labeled_0239,2b78b3fe841ddd10047166a05d5cc2df3a670efd42cb352cd46d2af70d6422fa,local_entity_conflict,0,local_entity_conflict-v0,0.05850536690240206,0.057145240468000257,-0.0013601264344018024,0.9751388558557298,0.9746911593939309,0.00044769646179887435,0.10851862624709864,0.10882615323323143,0.00030752698613278895,0.8995348450868013,0.8931389650303181,0.006395880056483172,142954,24078
NYUv2,nyuv2_labeled_0239,2b78b3fe841ddd10047166a05d5cc2df3a670efd42cb352cd46d2af70d6422fa,local_entity_conflict,1,local_entity_conflict-v1,0.05850536690240206,0.06783943027595077,0.00933406337354871,0.9751388558557298,0.9725156343998769,0.00262322145585292,0.10851862624709864,0.11087009046698666,0.002351464219888022,0.8995348450868013,0.886286236398372,0.013248608688429253,142954,24078
NYUv2,nyuv2_labeled_0239,2b78b3fe841ddd10047166a05d5cc2df3a670efd42cb352cd46d2af70d6422fa,local_entity_conflict,2,local_entity_conflict-v2,0.05850536690240206,0.06522057220764282,0.006715205305240765,0.9751388558557298,0.9716412272479259,0.003497628607803893,0.10851862624709864,0.1135456559809849,0.00502702973388626,0.8995348450868013,0.8799318880305673,0.01960295705623394,142954,24078
NYUv2,nyuv2_labeled_0239,2b78b3fe841ddd10047166a05d5cc2df3a670efd42cb352cd46d2af70d6422fa,semantic_preserving,0,semantic_preserving-v0,0.05850536690240206,0.05850536690240206,0.0,0.9751388558557298,0.9751388558557298,0.0,0.10851862624709864,0.10851862624709864,0.0,0.8995348450868013,0.8995348450868013,0.0,142954,24078
NYUv2,nyuv2_labeled_0239,2b78b3fe841ddd10047166a05d5cc2df3a670efd42cb352cd46d2af70d6422fa,semantic_preserving,1,semantic_preserving-v1,0.05850536690240206,0.06299168923815042,0.004486322335748361,0.9751388558557298,0.9769296417029254,-0.0017907858471956084,0.10851862624709864,0.10504962984393315,-0.003468996403165489,0.8995348450868013,0.9127003903978735,-0.01316554531107228,142954,24078
NYUv2,nyuv2_labeled_0239,2b78b3fe841ddd10047166a05d5cc2df3a670efd42cb352cd46d2af70d6422fa,semantic_preserving,2,semantic_preserving-v2,0.05850536690240206,0.06267641926743561,0.0041710523650335535,0.9751388558557298,0.9765309120416358,-0.0013920561859059877,0.10851862624709864,0.10536139976499159,-0.003157226482107048,0.8995348450868013,0.9100008306337736,-0.010465985546972312,142954,24078
NYUv2,nyuv2_labeled_0239,2b78b3fe841ddd10047166a05d5cc2df3a670efd42cb352cd46d2af70d6422fa,target_deletion,0,target_deletion-v0,0.05850536690240206,0.058487500283111074,-1.7866619290984875e-05,0.9751388558557298,0.9779789302852666,-0.0028400744295368208,0.10851862624709864,0.10427111411023184,-0.0042475121368668045,0.8995348450868013,0.9169366226430766,-0.017401777556275366,142954,24078
NYUv2,nyuv2_labeled_0239,2b78b3fe841ddd10047166a05d5cc2df3a670efd42cb352cd46d2af70d6422fa,target_deletion,1,target_deletion-v1,0.05850536690240206,0.06357440723437101,0.005069040331968949,0.9751388558557298,0.9756425143752536,-0.0005036585195238308,0.10851862624709864,0.11054017168587174,0.0020215454387731008,0.8995348450868013,0.9066782955394966,-0.007143450452695377,142954,24078
NYUv2,nyuv2_labeled_0239,2b78b3fe841ddd10047166a05d5cc2df3a670efd42cb352cd46d2af70d6422fa,target_deletion,2,target_deletion-v2,0.05850536690240206,0.06090747306617925,0.0024021061637771943,0.9751388558557298,0.9760902108370525,-0.0009513549813227051,0.10851862624709864,0.108544961601825,2.6335354726361726e-05,0.8995348450868013,0.9072182074923166,-0.00768336240551537,142954,24078
NYUv2,nyuv2_labeled_0241,2b78b3fe841ddd10047166a05d5cc2df3a670efd42cb352cd46d2af70d6422fa,depth_relation_conflict,0,depth_relation_conflict-v0,0.03750896053510227,0.037075612673172595,-0.00043334786192967406,0.9969321431666522,0.9969321431666522,0.0,0.018084549018755437,0.018410942412609682,0.00032639339385424557,0.9994899632044884,0.9994899632044884,0.0,173085,27449
NYUv2,nyuv2_labeled_0241,2b78b3fe841ddd10047166a05d5cc2df3a670efd42cb352cd46d2af70d6422fa,depth_relation_conflict,1,depth_relation_conflict-v1,0.03750896053510227,0.038016036587523776,0.0005070760524215068,0.9969321431666522,0.9969263656584915,5.777508160775824e-06,0.018084549018755437,0.019522759375587655,0.0014382103568322188,0.9994899632044884,0.9994535320048089,3.643119967944308e-05,173085,27449
NYUv2,nyuv2_labeled_0241,2b78b3fe841ddd10047166a05d5cc2df3a670efd42cb352cd46d2af70d6422fa,depth_relation_conflict,2,depth_relation_conflict-v2,0.03750896053510227,0.0371271622954034,-0.00038179823969886756,0.9969321431666522,0.9969725857237773,-4.04425571250977e-05,0.018084549018755437,0.018013542600997173,-7.100641775826394e-05,0.9994899632044884,0.9994899632044884,0.0,173085,27449
NYUv2,nyuv2_labeled_0241,2b78b3fe841ddd10047166a05d5cc2df3a670efd42cb352cd46d2af70d6422fa,local_entity_conflict,0,local_entity_conflict-v0,0.03750896053510227,0.03885286909918399,0.0013439085640817236,0.9969321431666522,0.9968108154952768,0.00012132767137540412,0.018084549018755437,0.01891121242063488,0.0008266634018794447,0.9994899632044884,0.9994535320048089,3.643119967944308e-05,173085,27449
NYUv2,nyuv2_labeled_0241,2b78b3fe841ddd10047166a05d5cc2df3a670efd42cb352cd46d2af70d6422fa,local_entity_conflict,1,local_entity_conflict-v1,0.03750896053510227,0.037599679986233134,9.071945113086483e-05,0.9969321431666522,0.996787705462634,0.00014443770401828537,0.018084549018755437,0.019139112434771913,0.0010545634160164762,0.9994899632044884,0.9993078072060912,0.0001821559983971044,173085,27449
NYUv2,nyuv2_labeled_0241,2b78b3fe841ddd10047166a05d5cc2df3a670efd42cb352cd46d2af70d6422fa,local_entity_conflict,2,local_entity_conflict-v2,0.03750896053510227,0.03913692455742135,0.0016279640223190797,0.9969321431666522,0.9967645954299911,0.00016754773666116662,0.018084549018755437,0.02217582440361412,0.004091275384858685,0.9994899632044884,0.9993078072060912,0.0001821559983971044,173085,27449
NYUv2,nyuv2_labeled_0241,2b78b3fe841ddd10047166a05d5cc2df3a670efd42cb352cd46d2af70d6422fa,semantic_preserving,0,semantic_preserving-v0,0.03750896053510227,0.03750896053510227,0.0,0.9969321431666522,0.9969321431666522,0.0,0.018084549018755437,0.018084549018755437,0.0,0.9994899632044884,0.9994899632044884,0.0,173085,27449
NYUv2,nyuv2_labeled_0241,2b78b3fe841ddd10047166a05d5cc2df3a670efd42cb352cd46d2af70d6422fa,semantic_preserving,1,semantic_preserving-v1,0.03750896053510227,0.03733451570483183,-0.0001744448302704385,0.9969321431666522,0.9969321431666522,0.0,0.018084549018755437,0.017929913472205447,-0.00015463554654998948,0.9994899632044884,0.9994899632044884,0.0,173085,27449
NYUv2,nyuv2_labeled_0241,2b78b3fe841ddd10047166a05d5cc2df3a670efd42cb352cd46d2af70d6422fa,semantic_preserving,2,semantic_preserving-v2,0.03750896053510227,0.036773647549763644,-0.000735312985338625,0.9969321431666522,0.9969552531992951,-2.311003264288125e-05,0.018084549018755437,0.01811643585590061,3.188683714517443e-05,0.9994899632044884,0.9994899632044884,0.0,173085,27449
NYUv2,nyuv2_labeled_0241,2b78b3fe841ddd10047166a05d5cc2df3a670efd42cb352cd46d2af70d6422fa,target_deletion,0,target_deletion-v0,0.03750896053510227,0.0384988586354615,0.0009898981003592308,0.9969321431666522,0.9967472629055089,0.00018488026114338307,0.018084549018755437,0.018111473085390527,2.6924066635090893e-05,0.9994899632044884,0.9993078072060912,0.0001821559983971044,173085,27449
NYUv2,nyuv2_labeled_0241,2b78b3fe841ddd10047166a05d5cc2df3a670efd42cb352cd46d2af70d6422fa,target_deletion,1,target_deletion-v1,0.03750896053510227,0.03823685385675492,0.0007278933216526493,0.9969321431666522,0.9968801455932057,5.1997573446538325e-05,0.018084549018755437,0.016810814780391797,-0.00127373423836364,0.9994899632044884,0.9992713760064119,0.00021858719807643645,173085,27449
NYUv2,nyuv2_labeled_0241,2b78b3fe841ddd10047166a05d5cc2df3a670efd42cb352cd46d2af70d6422fa,target_deletion,2,target_deletion-v2,0.03750896053510227,0.037350331502582414,-0.00015862903251985527,0.9969321431666522,0.9968050379871162,0.00012710517953606892,0.018084549018755437,0.01678870280930328,-0.0012958462094521568,0.9994899632044884,0.9993078072060912,0.0001821559983971044,173085,27449
NYUv2,nyuv2_labeled_0242,2b78b3fe841ddd10047166a05d5cc2df3a670efd42cb352cd46d2af70d6422fa,depth_relation_conflict,0,depth_relation_conflict-v0,0.03654378024482786,0.0364862567164984,-5.752352832946034e-05,0.9931135179898446,0.9931189661559919,-5.448166147337119e-06,0.020550563180893502,0.023278640680957204,0.002728077500063701,1.0,1.0,0.0,183548,17343
NYUv2,nyuv2_labeled_0242,2b78b3fe841ddd10047166a05d5cc2df3a670efd42cb352cd46d2af70d6422fa,depth_relation_conflict,1,depth_relation_conflict-v1,0.03654378024482786,0.0368416813074279,0.00029790106260003946,0.9931135179898446,0.9931135179898446,0.0,0.020550563180893502,0.02411604407716768,0.0035654808962741792,1.0,1.0,0.0,183548,17343
NYUv2,nyuv2_labeled_0242,2b78b3fe841ddd10047166a05d5cc2df3a670efd42cb352cd46d2af70d6422fa,depth_relation_conflict,2,depth_relation_conflict-v2,0.03654378024482786,0.03709464918672466,0.0005508689418967996,0.9931135179898446,0.9931135179898446,0.0,0.020550563180893502,0.02053248943695799,-1.807374393551081e-05,1.0,1.0,0.0,183548,17343
NYUv2,nyuv2_labeled_0242,2b78b3fe841ddd10047166a05d5cc2df3a670efd42cb352cd46d2af70d6422fa,local_entity_conflict,0,local_entity_conflict-v0,0.03654378024482786,0.04046851674200789,0.003924736497180031,0.9931135179898446,0.99310262165755,1.0896332294563216e-05,0.020550563180893502,0.020003586208963784,-0.0005469769719297184,1.0,1.0,0.0,183548,17343
NYUv2,nyuv2_labeled_0242,2b78b3fe841ddd10047166a05d5cc2df3a670efd42cb352cd46d2af70d6422fa,local_entity_conflict,1,local_entity_conflict-v1,0.03654378024482786,0.040538043538253896,0.003994263293426038,0.9931135179898446,0.9930862771591082,2.7240830736352528e-05,0.020550563180893502,0.025742596416327368,0.0051920332354338655,1.0,1.0,0.0,183548,17343
NYUv2,nyuv2_labeled_0242,2b78b3fe841ddd10047166a05d5cc2df3a670efd42cb352cd46d2af70d6422fa,local_entity_conflict,2,local_entity_conflict-v2,0.03654378024482786,0.03926538579266963,0.002721605547841774,0.9931135179898446,0.9930917253252555,2.179266458912643e-05,0.020550563180893502,0.02100474141974576,0.00045417823885225694,1.0,1.0,0.0,183548,17343
NYUv2,nyuv2_labeled_0242,2b78b3fe841ddd10047166a05d5cc2df3a670efd42cb352cd46d2af70d6422fa,semantic_preserving,0,semantic_preserving-v0,0.03654378024482786,0.03654378024482786,0.0,0.9931135179898446,0.9931135179898446,0.0,0.020550563180893502,0.020550563180893502,0.0,1.0,1.0,0.0,183548,17343
NYUv2,nyuv2_labeled_0242,2b78b3fe841ddd10047166a05d5cc2df3a670efd42cb352cd46d2af70d6422fa,semantic_preserving,1,semantic_preserving-v1,0.03654378024482786,0.03658042602181877,3.664577699091093e-05,0.9931135179898446,0.9931189661559919,-5.448166147337119e-06,0.020550563180893502,0.02297832605244353,0.0024277628715500266,1.0,1.0,0.0,183548,17343
NYUv2,nyuv2_labeled_0242,2b78b3fe841ddd10047166a05d5cc2df3a670efd42cb352cd46d2af70d6422fa,semantic_preserving,2,semantic_preserving-v2,0.03654378024482786,0.03665286657917782,0.00010908633434996567,0.9931135179898446,0.9931189661559919,-5.448166147337119e-06,0.020550563180893502,0.02079550845388806,0.0002449452729945574,1.0,1.0,0.0,183548,17343
NYUv2,nyuv2_labeled_0242,2b78b3fe841ddd10047166a05d5cc2df3a670efd42cb352cd46d2af70d6422fa,target_deletion,0,target_deletion-v0,0.03654378024482786,0.037742576412022416,0.0011987961671945588,0.9931135179898446,0.9931189661559919,-5.448166147337119e-06,0.020550563180893502,0.02596069962383559,0.005410136442942089,1.0,1.0,0.0,183548,17343
NYUv2,nyuv2_labeled_0242,2b78b3fe841ddd10047166a05d5cc2df3a670efd42cb352cd46d2af70d6422fa,target_deletion,1,target_deletion-v1,0.03654378024482786,0.03876910051548565,0.0022253202706577907,0.9931135179898446,0.9931080698236974,5.448166147226097e-06,0.020550563180893502,0.030802384465022186,0.010251821284128684,1.0,1.0,0.0,183548,17343
NYUv2,nyuv2_labeled_0242,2b78b3fe841ddd10047166a05d5cc2df3a670efd42cb352cd46d2af70d6422fa,target_deletion,2,target_deletion-v2,0.03654378024482786,0.03722966710958636,0.0006858868647585045,0.9931135179898446,0.9931080698236974,5.448166147226097e-06,0.020550563180893502,0.02614061174169888,0.005590048560805378,1.0,1.0,0.0,183548,17343
NYUv2,nyuv2_labeled_0243,2b78b3fe841ddd10047166a05d5cc2df3a670efd42cb352cd46d2af70d6422fa,depth_relation_conflict,0,depth_relation_conflict-v0,0.059216362146053664,0.05945602476808767,0.00023966262203400923,0.9989997362941139,0.9990406561729911,-4.091987887722137e-05,0.14278731290074392,0.14166916397497176,-0.0011181489257721666,1.0,1.0,0.0,219942,290
NYUv2,nyuv2_labeled_0243,2b78b3fe841ddd10047166a05d5cc2df3a670efd42cb352cd46d2af70d6422fa,depth_relation_conflict,1,depth_relation_conflict-v1,0.059216362146053664,0.058158914739648,-0.0010574474064056621,0.9989997362941139,0.998945176455611,5.4559838502887814e-05,0.14278731290074392,0.14016540985105816,-0.0026219030496857643,1.0,1.0,0.0,219942,290
NYUv2,nyuv2_labeled_0243,2b78b3fe841ddd10047166a05d5cc2df3a670efd42cb352cd46d2af70d6422fa,depth_relation_conflict,2,depth_relation_conflict-v2,0.059216362146053664,0.06175573350481458,0.0025393713587609154,0.9989997362941139,0.9989315364959853,6.819979812855426e-05,0.14278731290074392,0.14574852996335155,0.0029612170626076295,1.0,1.0,0.0,219942,290
NYUv2,nyuv2_labeled_0243,2b78b3fe841ddd10047166a05d5cc2df3a670efd42cb352cd46d2af70d6422fa,local_entity_conflict,0,local_entity_conflict-v0,0.059216362146053664,0.0617064172955477,0.002490055149494033,0.9989997362941139,0.9989724563748624,2.7279919251443907e-05,0.14278731290074392,0.14858960715305874,0.005802294252314821,1.0,1.0,0.0,219942,290
NYUv2,nyuv2_labeled_0243,2b78b3fe841ddd10047166a05d5cc2df3a670efd42cb352cd46d2af70d6422fa,local_entity_conflict,1,local_entity_conflict-v1,0.059216362146053664,0.06464309139471265,0.005426729248658987,0.9989997362941139,0.9988724300042738,0.00012730628984003456,0.14278731290074392,0.1550273337287099,0.012240020827965964,1.0,1.0,0.0,219942,290
NYUv2,nyuv2_labeled_0243,2b78b3fe841ddd10047166a05d5cc2df3a670efd42cb352cd46d2af70d6422fa,local_entity_conflict,2,local_entity_conflict-v2,0.059216362146053664,0.06362860710996668,0.004412244963913015,0.9989997362941139,0.9988087768593539,0.00019095943475999633,0.14278731290074392,0.16107503994217603,0.01828772704143211,1.0,1.0,0.0,219942,290
NYUv2,nyuv2_labeled_0243,2b78b3fe841ddd10047166a05d5cc2df3a670efd42cb352cd46d2af70d6422fa,semantic_preserving,0,semantic_preserving-v0,0.059216362146053664,0.059216362146053664,0.0,0.9989997362941139,0.9989997362941139,0.0,0.14278731290074392,0.14278731290074392,0.0,1.0,1.0,0.0,219942,290
NYUv2,nyuv2_labeled_0243,2b78b3fe841ddd10047166a05d5cc2df3a670efd42cb352cd46d2af70d6422fa,semantic_preserving,1,semantic_preserving-v1,0.059216362146053664,0.059816862668799854,0.0006005005227461904,0.9989997362941139,0.9990406561729911,-4.091987887722137e-05,0.14278731290074392,0.14041576478783002,-0.0023715481129139016,1.0,1.0,0.0,219942,290
NYUv2,nyuv2_labeled_0243,2b78b3fe841ddd10047166a05d5cc2df3a670efd42cb352cd46d2af70d6422fa,semantic_preserving,2,semantic_preserving-v2,0.059216362146053664,0.06098560003408029,0.0017692378880266244,0.9989997362941139,0.9989815496812796,1.818661283425893e-05,0.14278731290074392,0.14426357224910613,0.0014762593483622077,1.0,1.0,0.0,219942,290
NYUv2,nyuv2_labeled_0243,2b78b3fe841ddd10047166a05d5cc2df3a670efd42cb352cd46d2af70d6422fa,target_deletion,0,target_deletion-v0,0.059216362146053664,0.062304483209531594,0.0030881210634779305,0.9989997362941139,0.9989906429876968,9.093306417073954e-06,0.14278731290074392,0.1445575466394062,0.0017702337386622802,1.0,1.0,0.0,219942,290
NYUv2,nyuv2_labeled_0243,2b78b3fe841ddd10047166a05d5cc2df3a670efd42cb352cd46d2af70d6422fa,target_deletion,1,target_deletion-v1,0.059216362146053664,0.061467121716896264,0.0022507595708426004,0.9989997362941139,0.9987769502868938,0.00022278600722003272,0.14278731290074392,0.15685674964772495,0.014069436746981023,1.0,1.0,0.0,219942,290
NYUv2,nyuv2_labeled_0243,2b78b3fe841ddd10047166a05d5cc2df3a670efd42cb352cd46d2af70d6422fa,target_deletion,2,target_deletion-v2,0.059216362146053664,0.06335010562295858,0.004133743476904914,0.9989997362941139,0.9988678833510652,0.00013185294304862705,0.14278731290074392,0.14938470804656712,0.006597395145823193,1.0,1.0,0.0,219942,290
NYUv2,nyuv2_labeled_0245,2b78b3fe841ddd10047166a05d5cc2df3a670efd42cb352cd46d2af70d6422fa,depth_relation_conflict,0,depth_relation_conflict-v0,0.03860000718869403,0.040473956179290616,0.0018739489905965842,0.990424529360289,0.9866268763883591,0.00379765297192991,0.10965904475900441,0.11685219441024178,0.0071931496512373655,0.907608695652174,0.8695652173913043,0.03804347826086962,178268,368
NYUv2,nyuv2_labeled_0245,2b78b3fe841ddd10047166a05d5cc2df3a670efd42cb352cd46d2af70d6422fa,depth_relation_conflict,1,depth_relation_conflict-v1,0.03860000718869403,0.037106709824320974,-0.001493297364373057,0.990424529360289,0.9926290753247918,-0.002204545964502813,0.10965904475900441,0.10885289889571627,-0.0008061458632881435,0.907608695652174,0.9103260869565217,-0.0027173913043477826,178268,368
NYUv2,nyuv2_labeled_0245,2b78b3fe841ddd10047166a05d5cc2df3a670efd42cb352cd46d2af70d6422fa,depth_relation_conflict,2,depth_relation_conflict-v2,0.03860000718869403,0.03854508568178015,-5.492150691387837e-05,0.990424529360289,0.9901833194964884,0.0002412098638006066,0.10965904475900441,0.10676655531437312,-0.002892489444631288,0.907608695652174,0.9184782608695652,-0.010869565217391242,178268,368
NYUv2,nyuv2_labeled_0245,2b78b3fe841ddd10047166a05d5cc2df3a670efd42cb352cd46d2af70d6422fa,local_entity_conflict,0,local_entity_conflict-v0,0.03860000718869403,0.046030992629983274,0.007430985441289242,0.990424529360289,0.9881863262054884,0.002238203154800611,0.10965904475900441,0.11591359709031235,0.006254552331307936,0.907608695652174,0.8831521739130435,0.024456521739130488,178268,368
NYUv2,nyuv2_labeled_0245,2b78b3fe841ddd10047166a05d5cc2df3a670efd42cb352cd46d2af70d6422fa,local_entity_conflict,1,local_entity_conflict-v1,0.03860000718869403,0.041592506182032,0.0029924989933379706,0.990424529360289,0.9858134942894967,0.004611035070792302,0.10965904475900441,0.11917898598541284,0.009519941226408424,0.907608695652174,0.8777173913043478,0.029891304347826164,178268,368
NYUv2,nyuv2_labeled_0245,2b78b3fe841ddd10047166a05d5cc2df3a670efd42cb352cd46d2af70d6422fa,local_entity_conflict,2,local_entity_conflict-v2,0.03860000718869403,0.04131267244335193,0.002712665254657902,0.990424529360289,0.9882760787129491,0.002148450647339928,0.10965904475900441,0.11362196632921205,0.003962921570207639,0.907608695652174,0.9021739130434783,0.005434782608695676,178268,368
NYUv2,nyuv2_labeled_0245,2b78b3fe841ddd10047166a05d5cc2df3a670efd42cb352cd46d2af70d6422fa,semantic_preserving,0,semantic_preserving-v0,0.03860000718869403,0.03860000718869403,0.0,0.990424529360289,0.990424529360289,0.0,0.10965904475900441,0.10965904475900441,0.0,0.907608695652174,0.907608695652174,0.0,178268,368
NYUv2,nyuv2_labeled_0245,2b78b3fe841ddd10047166a05d5cc2df3a670efd42cb352cd46d2af70d6422fa,semantic_preserving,1,semantic_preserving-v1,0.03860000718869403,0.040728883132354746,0.0021288759436607144,0.990424529360289,0.9863407902708282,0.004083739089460803,0.10965904475900441,0.11776971309983701,0.0081106683408326,0.907608695652174,0.8586956521739131,0.048913043478260865,178268,368
NYUv2,nyuv2_labeled_0245,2b78b3fe841ddd10047166a05d5cc2df3a670efd42cb352cd46d2af70d6422fa,semantic_preserving,2,semantic_preserving-v2,0.03860000718869403,0.03975541173926429,0.0011554045505702618,0.990424529360289,0.9878609733659434,0.0025635559943456565,0.10965904475900441,0.11434711199109905,0.004688067232094639,0.907608695652174,0.8967391304347826,0.010869565217391353,178268,368
NYUv2,nyuv2_labeled_0245,2b78b3fe841ddd10047166a05d5cc2df3a670efd42cb352cd46d2af70d6422fa,target_deletion,0,target_deletion-v0,0.03860000718869403,0.04279569253462656,0.00419568534593253,0.990424529360289,0.9918998362016739,-0.0014753068413848602,0.10965904475900441,0.1082516458516968,-0.0014073989073076082,0.907608695652174,0.9239130434782609,-0.016304347826086918,178268,368
NYUv2,nyuv2_labeled_0245,2b78b3fe841ddd10047166a05d5cc2df3a670efd42cb352cd46d2af70d6422fa,target_deletion,1,target_deletion-v1,0.03860000718869403,0.03775432916877946,-0.0008456780199145725,0.990424529360289,0.9925954181344941,-0.0021708887742051264,0.10965904475900441,0.11179107625880609,0.0021320314998016787,0.907608695652174,0.9103260869565217,-0.0027173913043477826,178268,368
NYUv2,nyuv2_labeled_0245,2b78b3fe841ddd10047166a05d5cc2df3a670efd42cb352cd46d2af70d6422fa,target_deletion,2,target_deletion-v2,0.03860000718869403,0.038747511659271094,0.00014750447057706312,0.990424529360289,0.9911986447371374,-0.00077411537684835,0.10965904475900441,0.10653930922890319,-0.0031197355301012253,0.907608695652174,0.9293478260869565,-0.021739130434782594,178268,368
NYUv2,nyuv2_labeled_0248,2b78b3fe841ddd10047166a05d5cc2df3a670efd42cb352cd46d2af70d6422fa,depth_relation_conflict,0,depth_relation_conflict-v0,0.045841889447088176,0.0526589089965317,0.006817019549443526,0.997329295987888,0.99688720666162,0.00044208932626799147,0.03274485356205429,0.03604001858133941,0.003295165019285118,1.0,1.0,0.0,165125,2133
NYUv2,nyuv2_labeled_0248,2b78b3fe841ddd10047166a05d5cc2df3a670efd42cb352cd46d2af70d6422fa,depth_relation_conflict,1,depth_relation_conflict-v1,0.045841889447088176,0.046509016846252985,0.0006671273991648088,0.997329295987888,0.9973535200605602,-2.422407267221871e-05,0.03274485356205429,0.03190838560095496,-0.0008364679610993325,1.0,1.0,0.0,165125,2133
NYUv2,nyuv2_labeled_0248,2b78b3fe841ddd10047166a05d5cc2df3a670efd42cb352cd46d2af70d6422fa,depth_relation_conflict,2,depth_relation_conflict-v2,0.045841889447088176,0.04655623104186413,0.000714341594775951,0.997329295987888,0.997335352006056,-6.056018168054678e-06,0.03274485356205429,0.03335552390211728,0.0006106703400629923,1.0,1.0,0.0,165125,2133
NYUv2,nyuv2_labeled_0248,2b78b3fe841ddd10047166a05d5cc2df3a670efd42cb352cd46d2af70d6422fa,local_entity_conflict,0,local_entity_conflict-v0,0.045841889447088176,0.04898370605885477,0.0031418166117665944,0.997329295987888,0.9976018168054505,-0.0002725208175624605,0.03274485356205429,0.03785548829640148,0.00511063473434719,1.0,1.0,0.0,165125,2133
NYUv2,nyuv2_labeled_0248,2b78b3fe841ddd10047166a05d5cc2df3a670efd42cb352cd46d2af70d6422fa,local_entity_conflict,1,local_entity_conflict-v1,0.045841889447088176,0.05991910977298706,0.014077220325898886,0.997329295987888,0.9978198334595004,-0.0004905374716124289,0.03274485356205429,0.03777043051244594,0.005025576950391651,1.0,1.0,0.0,165125,2133
NYUv2,nyuv2_labeled_0248,2b78b3fe841ddd10047166a05d5cc2df3a670efd42cb352cd46d2af70d6422fa,local_entity_conflict,2,local_entity_conflict-v2,0.045841889447088176,0.05397307157978536,0.008131182132697187,0.997329295987888,0.9979591218773657,-0.0006298258894776865,0.03274485356205429,0.03566331953003896,0.0029184659679846736,1.0,1.0,0.0,165125,2133
NYUv2,nyuv2_labeled_0248,2b78b3fe841ddd10047166a05d5cc2df3a670efd42cb352cd46d2af70d6422fa,semantic_preserving,0,semantic_preserving-v0,0.045841889447088176,0.045841889447088176,0.0,0.997329295987888,0.997329295987888,0.0,0.03274485356205429,0.03274485356205429,0.0,1.0,1.0,0.0,165125,2133
NYUv2,nyuv2_labeled_0248,2b78b3fe841ddd10047166a05d5cc2df3a670efd42cb352cd46d2af70d6422fa,semantic_preserving,1,semantic_preserving-v1,0.045841889447088176,0.051773968066631385,0.005932078619543209,0.997329295987888,0.9969114307342922,0.00041786525359577276,0.03274485356205429,0.03559352561005105,0.002848672047996763,1.0,1.0,0.0,165125,2133
NYUv2,nyuv2_labeled_0248,2b78b3fe841ddd10047166a05d5cc2df3a670efd42cb352cd46d2af70d6422fa,semantic_preserving,2,semantic_preserving-v2,0.045841889447088176,0.05249180417704519,0.006649914729957011,0.997329295987888,0.9969719909159728,0.000357305071915226,0.03274485356205429,0.03650790308389276,0.0037630495218384727,1.0,1.0,0.0,165125,2133
NYUv2,nyuv2_labeled_0248,2b78b3fe841ddd10047166a05d5cc2df3a670efd42cb352cd46d2af70d6422fa,target_deletion,0,target_deletion-v0,0.045841889447088176,0.04637905710228878,0.0005371676552006072,0.997329295987888,0.9980741862225586,-0.0007448902346706143,0.03274485356205429,0.037729865301957814,0.004985011739903525,1.0,1.0,0.0,165125,2133
NYUv2,nyuv2_labeled_0248,2b78b3fe841ddd10047166a05d5cc2df3a670efd42cb352cd46d2af70d6422fa,target_deletion,1,target_deletion-v1,0.045841889447088176,0.04683290644909979,0.0009910170020116169,0.997329295987888,0.9983830431491294,-0.0010537471612414029,0.03274485356205429,0.029931723251246378,-0.002813130310807911,1.0,1.0,0.0,165125,2133
NYUv2,nyuv2_labeled_0248,2b78b3fe841ddd10047166a05d5cc2df3a670efd42cb352cd46d2af70d6422fa,target_deletion,2,target_deletion-v2,0.045841889447088176,0.04515199811244062,-0.0006898913346475577,0.997329295987888,0.9976139288417866,-0.00028463285389856985,0.03274485356205429,0.03667907629396146,0.003934222731907168,1.0,1.0,0.0,165125,2133
NYUv2,nyuv2_labeled_0253,5c4bf710ccbe137eb187cd4c377fba45ccaecea81c525e1687198c4da4dca146,depth_relation_conflict,0,depth_relation_conflict-v0,0.028535409818698298,0.029038968834310116,0.000503559015611818,0.9950387845022031,0.9949837710239009,5.5013478302168295e-05,0.022556450022188333,0.02376318576217022,0.0012067357399818852,1.0,1.0,0.0,199951,17928
NYUv2,nyuv2_labeled_0253,5c4bf710ccbe137eb187cd4c377fba45ccaecea81c525e1687198c4da4dca146,depth_relation_conflict,1,depth_relation_conflict-v1,0.028535409818698298,0.02834549728930749,-0.00018991252939080938,0.9950387845022031,0.995113802881706,-7.501837950296686e-05,0.022556450022188333,0.021776355868511427,-0.0007800941536769065,1.0,1.0,0.0,199951,17928
NYUv2,nyuv2_labeled_0253,5c4bf710ccbe137eb187cd4c377fba45ccaecea81c525e1687198c4da4dca146,depth_relation_conflict,2,depth_relation_conflict-v2,0.028535409818698298,0.028365850904435157,-0.0001695589142631411,0.9950387845022031,0.9948587403913959,0.00018004411080718707,0.022556450022188333,0.02394867169956554,0.0013922216773772055,1.0,1.0,0.0,199951,17928
NYUv2,nyuv2_labeled_0253,5c4bf710ccbe137eb187cd4c377fba45ccaecea81c525e1687198c4da4dca146,local_entity_conflict,0,local_entity_conflict-v0,0.028535409818698298,0.029708514197325918,0.00117310437862762,0.9950387845022031,0.9950287820516026,1.0002450600454793e-05,0.022556450022188333,0.02720693868274772,0.004650488660559386,1.0,1.0,0.0,199951,17928
NYUv2,nyuv2_labeled_0253,5c4bf710ccbe137eb187cd4c377fba45ccaecea81c525e1687198c4da4dca146,local_entity_conflict,1,local_entity_conflict-v1,0.028535409818698298,0.029523634002240378,0.0009882241835420802,0.9950387845022031,0.9947487134347915,0.00029007106741152366,0.022556450022188333,0.02563809697784544,0.003081646955657106,1.0,1.0,0.0,199951,17928
NYUv2,nyuv2_labeled_0253,5c4bf710ccbe137eb187cd4c377fba45ccaecea81c525e1687198c4da4dca146,local_entity_conflict,2,local_entity_conflict-v2,0.028535409818698298,0.029409288240177307,0.0008738784214790095,0.9950387845022031,0.9946736950552886,0.0003650894469144905,0.022556450022188333,0.025196766227828758,0.002640316205640425,1.0,1.0,0.0,199951,17928
NYUv2,nyuv2_labeled_0253,5c4bf710ccbe137eb187cd4c377fba45ccaecea81c525e1687198c4da4dca146,semantic_preserving,0,semantic_preserving-v0,0.028535409818698298,0.028535409818698298,0.0,0.9950387845022031,0.9950387845022031,0.0,0.022556450022188333,0.022556450022188333,0.0,1.0,1.0,0.0,199951,17928
NYUv2,nyuv2_labeled_0253,5c4bf710ccbe137eb187cd4c377fba45ccaecea81c525e1687198c4da4dca146,semantic_preserving,1,semantic_preserving-v1,0.028535409818698298,0.02860379069122387,6.838087252557246e-05,0.9950387845022031,0.994988772249201,5.001225300205192e-05,0.022556450022188333,0.023392269833827743,0.00083581981163941,1.0,1.0,0.0,199951,17928
NYUv2,nyuv2_labeled_0253,5c4bf710ccbe137eb187cd4c377fba45ccaecea81c525e1687198c4da4dca146,semantic_preserving,2,semantic_preserving-v2,0.028535409818698298,0.02922620530430085,0.0006907954856025522,0.9950387845022031,0.9949237563202985,0.00011502818190456399,0.022556450022188333,0.02365552748529896,0.0010990774631106266,1.0,1.0,0.0,199951,17928
NYUv2,nyuv2_labeled_0253,5c4bf710ccbe137eb187cd4c377fba45ccaecea81c525e1687198c4da4dca146,target_deletion,0,target_deletion-v0,0.028535409818698298,0.029635027747176405,0.0010996179284781075,0.9950387845022031,0.9950587894034039,-2.0004901200798564e-05,0.022556450022188333,0.02267309150057132,0.00011664147838298666,1.0,1.0,0.0,199951,17928
NYUv2,nyuv2_labeled_0253,5c4bf710ccbe137eb187cd4c377fba45ccaecea81c525e1687198c4da4dca146,target_deletion,1,target_deletion-v1,0.028535409818698298,0.027161660108991122,-0.0013737497097071755,0.9950387845022031,0.9950237808263025,1.5003675900571167e-05,0.022556450022188333,0.020674129945710804,-0.001882320076477529,1.0,1.0,0.0,199951,17928
NYUv2,nyuv2_labeled_0253,5c4bf710ccbe137eb187cd4c377fba45ccaecea81c525e1687198c4da4dca146,target_deletion,2,target_deletion-v2,0.028535409818698298,0.027356399641056392,-0.0011790101776419058,0.9950387845022031,0.9949537636720996,8.502083010342165e-05,0.022556450022188333,0.02164206060203471,-0.0009143894201536218,1.0,1.0,0.0,199951,17928
NYUv2,nyuv2_labeled_0274,3041ff4871246ad319f7095c52d9f527a7ce553dd73e5510b74dedaad4e943c1,depth_relation_conflict,0,depth_relation_conflict-v0,0.06101302799705662,0.06430099192606607,0.0032879639290094506,0.9843316794550536,0.9838316266717042,0.0005000527833494139,0.05990187327856521,0.0666719956792677,0.0067701224007024885,0.9970024383151019,0.9968905889985012,0.00011184931660068731,179981,44703
NYUv2,nyuv2_labeled_0274,3041ff4871246ad319f7095c52d9f527a7ce553dd73e5510b74dedaad4e943c1,depth_relation_conflict,1,depth_relation_conflict-v1,0.06101302799705662,0.061339709413161664,0.0003266814161050416,0.9843316794550536,0.9837038354048483,0.0006278440502053284,0.05990187327856521,0.06195812431985456,0.002056251041289356,0.9970024383151019,0.9966221506386596,0.00038028767644238126,179981,44703
NYUv2,nyuv2_labeled_0274,3041ff4871246ad319f7095c52d9f527a7ce553dd73e5510b74dedaad4e943c1,depth_relation_conflict,2,depth_relation_conflict-v2,0.06101302799705662,0.06146421090436226,0.00045118290730563476,0.9843316794550536,0.9841205460576394,0.00021113339741418713,0.05990187327856521,0.06037633461193624,0.0004744613333710346,0.9970024383151019,0.9968682191351811,0.00013421917992084698,179981,44703
NYUv2,nyuv2_labeled_0274,3041ff4871246ad319f7095c52d9f527a7ce553dd73e5510b74dedaad4e943c1,local_entity_conflict,0,local_entity_conflict-v0,0.06101302799705662,0.06068511589235561,-0.0003279121047010114,0.9843316794550536,0.9825259332929587,0.0018057461620949455,0.05990187327856521,0.06385804403436718,0.0039561707558019715,0.9970024383151019,0.9960852739189764,0.0009171643961255471,179981,44703
NYUv2,nyuv2_labeled_0274,3041ff4871246ad319f7095c52d9f527a7ce553dd73e5510b74dedaad4e943c1,local_entity_conflict,1,local_entity_conflict-v1,0.06101302799705662,0.06571545117255118,0.004702423175494554,0.9843316794550536,0.9813313627549575,0.0030003167000961506,0.05990187327856521,0.07048496637011889,0.010583093091553683,0.9970024383151019,0.9964879314587388,0.0005145068563631172,179981,44703
NYUv2,nyuv2_labeled_0274,3041ff4871246ad319f7095c52d9f527a7ce553dd73e5510b74dedaad4e943c1,local_entity_conflict,2,local_entity_conflict-v2,0.06101302799705662,0.06269881527509491,0.001685787278038288,0.9843316794550536,0.9819369822370139,0.002394697218039754,0.05990187327856521,0.06501482993121606,0.005112956652650852,0.9970024383151019,0.9957497259691743,0.001252712345927609,179981,44703
NYUv2,nyuv2_labeled_0274,3041ff4871246ad319f7095c52d9f527a7ce553dd73e5510b74dedaad4e943c1,semantic_preserving,0,semantic_preserving-v0,0.06101302799705662,0.06101302799705662,0.0,0.9843316794550536,0.9843316794550536,0.0,0.05990187327856521,0.05990187327856521,0.0,0.9970024383151019,0.9970024383151019,0.0,179981,44703
NYUv2,nyuv2_labeled_0274,3041ff4871246ad319f7095c52d9f527a7ce553dd73e5510b74dedaad4e943c1,semantic_preserving,1,semantic_preserving-v1,0.06101302799705662,0.06376311176065913,0.002750083763602508,0.9843316794550536,0.9837149476889228,0.0006167317661308624,0.05990187327856521,0.0647389500542078,0.0048370767756425875,0.9970024383151019,0.9969353287251415,6.7109589960479e-05,179981,44703
NYUv2,nyuv2_labeled_0274,3041ff4871246ad319f7095c52d9f527a7ce553dd73e5510b74dedaad4e943c1,semantic_preserving,2,semantic_preserving-v2,0.06101302799705662,0.06396387821843125,0.002950850221374625,0.9843316794550536,0.9843205671709792,1.1112284074465961e-05,0.05990187327856521,0.06560508122888938,0.005703207950324168,0.9970024383151019,0.9969129588618214,8.947945328052764e-05,179981,44703
NYUv2,nyuv2_labeled_0274,3041ff4871246ad319f7095c52d9f527a7ce553dd73e5510b74dedaad4e943c1,target_deletion,0,target_deletion-v0,0.06101302799705662,0.06407045704606443,0.003057429049007805,0.9843316794550536,0.9825092648668471,0.0018224145882065335,0.05990187327856521,0.06808759809589936,0.00818572481733415,0.9970024383151019,0.9970919177683825,-8.947945328052764e-05,179981,44703
NYUv2,nyuv2_labeled_0274,3041ff4871246ad319f7095c52d9f527a7ce553dd73e5510b74dedaad4e943c1,target_deletion,1,target_deletion-v1,0.06101302799705662,0.06663570990534794,0.005622681908291315,0.9843316794550536,0.9817980786860835,0.0025336007689701345,0.05990187327856521,0.06997917438383378,0.010077301105268568,0.9970024383151019,0.9968905889985012,0.00011184931660068731,179981,44703
NYUv2,nyuv2_labeled_0274,3041ff4871246ad319f7095c52d9f527a7ce553dd73e5510b74dedaad4e943c1,target_deletion,2,target_deletion-v2,0.06101302799705662,0.06360698417578979,0.0025939561787331686,0.9843316794550536,0.9830815474966802,0.0012501319583734238,0.05990187327856521,0.06441561701579784,0.004513743737232637,0.9970024383151019,0.9970024383151019,0.0,179981,44703
NYUv2,nyuv2_labeled_0277,223b847ed344a948981ec5597bd06fa498c6b0818eb4470cbff68d1594c48532,depth_relation_conflict,0,depth_relation_conflict-v0,0.10736359583224614,0.10631549164091918,-0.0010481041913269623,0.9018644329278397,0.901681589367647,0.00018284356019271364,0.10282638868005443,0.09709856322553079,-0.005727825454523647,0.9675421629508976,0.9708167905256371,-0.003274627574739508,175013,58938
NYUv2,nyuv2_labeled_0277,223b847ed344a948981ec5597bd06fa498c6b0818eb4470cbff68d1594c48532,depth_relation_conflict,1,depth_relation_conflict-v1,0.10736359583224614,0.10675863318370933,-0.0006049626485368081,0.9018644329278397,0.908229674367047,-0.006365241439207359,0.10282638868005443,0.10314766832559069,0.0003212796455362571,0.9675421629508976,0.9627914079201874,0.0047507550307102075,175013,58938
NYUv2,nyuv2_labeled_0277,223b847ed344a948981ec5597bd06fa498c6b0818eb4470cbff68d1594c48532,depth_relation_conflict,2,depth_relation_conflict-v2,0.10736359583224614,0.10852818171021744,0.0011645858779713025,0.9018644329278397,0.8961220023655385,0.005742430562301171,0.10282638868005443,0.10445757034907815,0.0016311816690237207,0.9675421629508976,0.9655570260273508,0.0019851369235467375,175013,58938
NYUv2,nyuv2_labeled_0277,223b847ed344a948981ec5597bd06fa498c6b0818eb4470cbff68d1594c48532,local_entity_conflict,0,local_entity_conflict-v0,0.10736359583224614,0.104232039436295,-0.0031315563959511405,0.9018644329278397,0.9153720009370733,-0.013507568009233584,0.10282638868005443,0.10481738455044053,0.001990995870386092,0.9675421629508976,0.9671010214123316,0.00044114153856600336,175013,58938
NYUv2,nyuv2_labeled_0277,223b847ed344a948981ec5597bd06fa498c6b0818eb4470cbff68d1594c48532,local_entity_conflict,1,local_entity_conflict-v1,0.10736359583224614,0.10228206787655678,-0.005081527955689363,0.9018644329278397,0.9222914869181147,-0.020427053990275,0.10282638868005443,0.10087132380891947,-0.001955064871134962,0.9675421629508976,0.9675251959686451,1.69669822525087e-05,175013,58938
NYUv2,nyuv2_labeled_0277,223b847ed344a948981ec5597bd06fa498c6b0818eb4470cbff68d1594c48532,local_entity_conflict,2,local_entity_conflict-v2,0.10736359583224614,0.10371213266865985,-0.003651463163586291,0.9018644329278397,0.9177718226646021,-0.015907389736762423,0.10282638868005443,0.1053680193825141,0.002541630702459663,0.9675421629508976,0.9623332993993688,0.00520886355152872,175013,58938
NYUv2,nyuv2_labeled_0277,223b847ed344a948981ec5597bd06fa498c6b0818eb4470cbff68d1594c48532,semantic_preserving,0,semantic_preserving-v0,0.10736359583224614,0.10736359583224614,0.0,0.9018644329278397,0.9018644329278397,0.0,0.10282638868005443,0.10282638868005443,0.0,0.9675421629508976,0.9675421629508976,0.0,175013,58938
NYUv2,nyuv2_labeled_0277,223b847ed344a948981ec5597bd06fa498c6b0818eb4470cbff68d1594c48532,semantic_preserving,1,semantic_preserving-v1,0.10736359583224614,0.10713422319845493,-0.00022937263379120554,0.9018644329278397,0.9003559735562501,0.00150845937158961,0.10282638868005443,0.09929297550484498,-0.003533413175209457,0.9675421629508976,0.969391564016424,-0.001849401065526446,175013,58938
NYUv2,nyuv2_labeled_0277,223b847ed344a948981ec5597bd06fa498c6b0818eb4470cbff68d1594c48532,semantic_preserving,2,semantic_preserving-v2,0.10736359583224614,0.10698113171851209,-0.000382464113734049,0.9018644329278397,0.9025329546947941,-0.0006685217669544219,0.10282638868005443,0.09902102487686903,-0.0038053638031853992,0.9675421629508976,0.9668465166785436,0.0006956462723539669,175013,58938
NYUv2,nyuv2_labeled_0277,223b847ed344a948981ec5597bd06fa498c6b0818eb4470cbff68d1594c48532,target_deletion,0,target_deletion-v0,0.10736359583224614,0.11070490020163135,0.0033413043693852063,0.9018644329278397,0.9050413397861873,-0.0031769068583475946,0.10282638868005443,0.1116947003687852,0.00886831168873077,0.9675421629508976,0.9506939495741288,0.016848213376768784,175013,58938
NYUv2,nyuv2_labeled_0277,223b847ed344a948981ec5597bd06fa498c6b0818eb4470cbff68d1594c48532,target_deletion,1,target_deletion-v1,0.10736359583224614,0.1076535762797108,0.0002899804474646578,0.9018644329278397,0.9183317810676921,-0.0164673481398524,0.10282638868005443,0.10847756079905202,0.0056511721189975855,0.9675421629508976,0.9501679731243001,0.01737418982659744,175013,58938
NYUv2,nyuv2_labeled_0277,223b847ed344a948981ec5597bd06fa498c6b0818eb4470cbff68d1594c48532,target_deletion,2,target_deletion-v2,0.10736359583224614,0.10890657565634997,0.0015429798241038267,0.9018644329278397,0.9035614497208779,-0.0016970167930382418,0.10282638868005443,0.10608963522069505,0.003263246540640613,0.9675421629508976,0.9606366011741152,0.006905561776782365,175013,58938
NYUv2,nyuv2_labeled_0318,0c9acc4245d0dcffc815b328b5043358a73c1fa0c5f2186414f77a913954509d,depth_relation_conflict,0,depth_relation_conflict-v0,0.05264937102440911,0.05385618311846191,0.0012068120940528018,0.9895079817209369,0.9884936166724728,0.0010143650484640832,0.07484132971516688,0.0811353477970751,0.006294018081908215,0.9525088102030542,0.9555294512502097,-0.0030206410471554923,195196,5959
NYUv2,nyuv2_labeled_0318,0c9acc4245d0dcffc815b328b5043358a73c1fa0c5f2186414f77a913954509d,depth_relation_conflict,1,depth_relation_conflict-v1,0.05264937102440911,0.05344141700143105,0.0007920459770219407,0.9895079817209369,0.9892210905961187,0.00028689112481816714,0.07484132971516688,0.08550728153775633,0.010665951822589448,0.9525088102030542,0.94932035576439,0.0031884544386642233,195196,5959
NYUv2,nyuv2_labeled_0318,0c9acc4245d0dcffc815b328b5043358a73c1fa0c5f2186414f77a913954509d,depth_relation_conflict,2,depth_relation_conflict-v2,0.05264937102440911,0.05287965033363571,0.00023027930922660256,0.9895079817209369,0.9890930142011107,0.0004149675198261704,0.07484132971516688,0.07408815365746595,-0.0007531760577009355,0.9525088102030542,0.9533478771605974,-0.0008390669575432108,195196,5959
NYUv2,nyuv2_labeled_0318,0c9acc4245d0dcffc815b328b5043358a73c1fa0c5f2186414f77a913954509d,local_entity_conflict,0,local_entity_conflict-v0,0.05264937102440911,0.053507058197428924,0.0008576871730198166,0.9895079817209369,0.9892159675403185,0.0002920141806184162,0.07484132971516688,0.08460840909332173,0.009767079378154853,0.9525088102030542,0.9504950495049505,0.0020137606981037726,195196,5959
NYUv2,nyuv2_labeled_0318,0c9acc4245d0dcffc815b328b5043358a73c1fa0c5f2186414f77a913954509d,local_entity_conflict,1,local_entity_conflict-v1,0.05264937102440911,0.05299681943991263,0.0003474484155035207,0.9895079817209369,0.9894362589397324,7.172278120448627e-05,0.07484132971516688,0.08757369401276258,0.012732364297595694,0.9525088102030542,0.9548581976841752,-0.0023493874811210125,195196,5959
NYUv2,nyuv2_labeled_0318,0c9acc4245d0dcffc815b328b5043358a73c1fa0c5f2186414f77a913954509d,local_entity_conflict,2,local_entity_conflict-v2,0.05264937102440911,0.053675789360675706,0.001026418336266599,0.9895079817209369,0.9897846267341543,-0.00027664501321744694,0.07484132971516688,0.08129518426098324,0.006453854545816359,0.9525088102030542,0.9551938244671925,-0.0026850142641382524,195196,5959
NYUv2,nyuv2_labeled_0318,0c9acc4245d0dcffc815b328b5043358a73c1fa0c5f2186414f77a913954509d,semantic_preserving,0,semantic_preserving-v0,0.05264937102440911,0.05264937102440911,0.0,0.9895079817209369,0.9895079817209369,0.0,0.07484132971516688,0.07484132971516688,0.0,0.9525088102030542,0.9525088102030542,0.0,195196,5959
NYUv2,nyuv2_labeled_0318,0c9acc4245d0dcffc815b328b5043358a73c1fa0c5f2186414f77a913954509d,semantic_preserving,1,semantic_preserving-v1,0.05264937102440911,0.05355824534353523,0.0009088743191261253,0.9895079817209369,0.9887292772392877,0.0007787044816491839,0.07484132971516688,0.07778490633029586,0.002943576615128979,0.9525088102030542,0.9558650780332271,-0.0033562678301728432,195196,5959
NYUv2,nyuv2_labeled_0318,0c9acc4245d0dcffc815b328b5043358a73c1fa0c5f2186414f77a913954509d,semantic_preserving,2,semantic_preserving-v2,0.05264937102440911,0.05346598924051133,0.0008166182161022245,0.9895079817209369,0.9884218938912682,0.0010860878296686804,0.07484132971516688,0.07949010247149407,0.004648772756327191,0.9525088102030542,0.9553616378587011,-0.0028528276556468724,195196,5959
NYUv2,nyuv2_labeled_0318,0c9acc4245d0dcffc815b328b5043358a73c1fa0c5f2186414f77a913954509d,target_deletion,0,target_deletion-v0,0.05264937102440911,0.052518937112661875,-0.0001304339117472325,0.9895079817209369,0.9893184286563249,0.0001895530646119914,0.07484132971516688,0.08060210982614832,0.005760780110981439,0.9525088102030542,0.9553616378587011,-0.0028528276556468724,195196,5959
NYUv2,nyuv2_labeled_0318,0c9acc4245d0dcffc815b328b5043358a73c1fa0c5f2186414f77a913954509d,target_deletion,1,target_deletion-v1,0.05264937102440911,0.05360845963020907,0.0009590886057999626,0.9895079817209369,0.9894260128281317,8.196889280520647e-05,0.07484132971516688,0.08186800588532733,0.007026676170160451,0.9525088102030542,0.9548581976841752,-0.0023493874811210125,195196,5959
NYUv2,nyuv2_labeled_0318,0c9acc4245d0dcffc815b328b5043358a73c1fa0c5f2186414f77a913954509d,target_deletion,2,target_deletion-v2,0.05264937102440911,0.053146589252275764,0.0004972182278666568,0.9895079817209369,0.9887856308530912,0.0007223508678456669,0.07484132971516688,0.08127058244540232,0.006429252730235438,0.9525088102030542,0.9501594227219332,0.0023493874811210125,195196,5959
NYUv2,nyuv2_labeled_0320,0c9acc4245d0dcffc815b328b5043358a73c1fa0c5f2186414f77a913954509d,depth_relation_conflict,0,depth_relation_conflict-v0,0.06328675104395239,0.06389422588466223,0.0006074748407098457,0.9762081041429149,0.9760400437865361,0.00016806035637884076,0.034331657943289726,0.03368290664543549,-0.0006487512978542373,1.0,1.0,0.0,220159,1793
NYUv2,nyuv2_labeled_0320,0c9acc4245d0dcffc815b328b5043358a73c1fa0c5f2186414f77a913954509d,depth_relation_conflict,1,depth_relation_conflict-v1,0.06328675104395239,0.06531954247521389,0.0020327914312615047,0.9762081041429149,0.9755494892327817,0.0006586149101331928,0.034331657943289726,0.03341800769863525,-0.0009136502446544723,1.0,1.0,0.0,220159,1793
NYUv2,nyuv2_labeled_0320,0c9acc4245d0dcffc815b328b5043358a73c1fa0c5f2186414f77a913954509d,depth_relation_conflict,2,depth_relation_conflict-v2,0.06328675104395239,0.06179506160658227,-0.0014916894373701167,0.9762081041429149,0.9762626102044432,-5.450606152823667e-05,0.034331657943289726,0.0384299204974285,0.004098262554138775,1.0,1.0,0.0,220159,1793
NYUv2,nyuv2_labeled_0320,0c9acc4245d0dcffc815b328b5043358a73c1fa0c5f2186414f77a913954509d,local_entity_conflict,0,local_entity_conflict-v0,0.06328675104395239,0.0688162899171202,0.005529538873167816,0.9762081041429149,0.9747182717944758,0.0014898323484391351,0.034331657943289726,0.04694279566358662,0.012611137720296893,1.0,1.0,0.0,220159,1793
NYUv2,nyuv2_labeled_0320,0c9acc4245d0dcffc815b328b5043358a73c1fa0c5f2186414f77a913954509d,local_entity_conflict,1,local_entity_conflict-v1,0.06328675104395239,0.06522495740570877,0.0019382063617563866,0.9762081041429149,0.9756630435276323,0.0005450606152825888,0.034331657943289726,0.03827252833409674,0.003940870390807018,1.0,1.0,0.0,220159,1793
NYUv2,nyuv2_labeled_0320,0c9acc4245d0dcffc815b328b5043358a73c1fa0c5f2186414f77a913954509d,local_entity_conflict,2,local_entity_conflict-v2,0.06328675104395239,0.06187715125289906,-0.0014095997910533245,0.9762081041429149,0.9769621046607225,-0.000754000517807607,0.034331657943289726,0.04646205269860065,0.012130394755310928,1.0,1.0,0.0,220159,1793
NYUv2,nyuv2_labeled_0320,0c9acc4245d0dcffc815b328b5043358a73c1fa0c5f2186414f77a913954509d,semantic_preserving,0,semantic_preserving-v0,0.06328675104395239,0.06328675104395239,0.0,0.9762081041429149,0.9762081041429149,0.0,0.034331657943289726,0.034331657943289726,0.0,1.0,1.0,0.0,220159,1793
NYUv2,nyuv2_labeled_0320,0c9acc4245d0dcffc815b328b5043358a73c1fa0c5f2186414f77a913954509d,semantic_preserving,1,semantic_preserving-v1,0.06328675104395239,0.06340873146565976,0.00012198042170737111,0.9762081041429149,0.9761626824249747,4.5421717940197226e-05,0.034331657943289726,0.035505835455083845,0.0011741775117941194,1.0,1.0,0.0,220159,1793
NYUv2,nyuv2_labeled_0320,0c9acc4245d0dcffc815b328b5043358a73c1fa0c5f2186414f77a913954509d,semantic_preserving,2,semantic_preserving-v2,0.06328675104395239,0.06425086989857859,0.0009641188546262031,0.9762081041429149,0.9759492003506557,0.0002589037922592352,0.034331657943289726,0.036691096842073716,0.00235943889878399,1.0,1.0,0.0,220159,1793
NYUv2,nyuv2_labeled_0320,0c9acc4245d0dcffc815b328b5043358a73c1fa0c5f2186414f77a913954509d,target_deletion,0,target_deletion-v0,0.06328675104395239,0.08309540151211157,0.01980865046815919,0.9762081041429149,0.9690723522545069,0.007135751888407982,0.034331657943289726,0.033461794732023875,-0.0008698632112658505,1.0,1.0,0.0,220159,1793
NYUv2,nyuv2_labeled_0320,0c9acc4245d0dcffc815b328b5043358a73c1fa0c5f2186414f77a913954509d,target_deletion,1,target_deletion-v1,0.06328675104395239,0.0660788891340554,0.002792138090103008,0.9762081041429149,0.9747228139662698,0.0014852901766451154,0.034331657943289726,0.028719274282431165,-0.005612383660858561,1.0,1.0,0.0,220159,1793
NYUv2,nyuv2_labeled_0320,0c9acc4245d0dcffc815b328b5043358a73c1fa0c5f2186414f77a913954509d,target_deletion,2,target_deletion-v2,0.06328675104395239,0.0653896831200761,0.0021029320761237202,0.9762081041429149,0.9755631157481638,0.0006449883947511337,0.034331657943289726,0.028044787542283345,-0.006286870401006381,1.0,1.0,0.0,220159,1793
NYUv2,nyuv2_labeled_0344,41f575fd1240e2cf687e0d515ecfb8a11a09fb06c93cea29e3f7c6e3d6747bb0,depth_relation_conflict,0,depth_relation_conflict-v0,0.04941487332288793,0.05109316271525625,0.0016782893923683179,0.9928654931373068,0.9925046785623223,0.00036081457498449154,0.06213739265581491,0.06252732379137067,0.00038993113555576414,0.9988505747126437,1.0,-0.0011494252873562871,207863,870
NYUv2,nyuv2_labeled_0344,41f575fd1240e2cf687e0d515ecfb8a11a09fb06c93cea29e3f7c6e3d6747bb0,depth_relation_conflict,1,depth_relation_conflict-v1,0.04941487332288793,0.04906686217866803,-0.00034801114421990215,0.9928654931373068,0.9926441935313163,0.00022129960599048815,0.06213739265581491,0.0649146505666919,0.002777257910876997,0.9988505747126437,1.0,-0.0011494252873562871,207863,870
NYUv2,nyuv2_labeled_0344,41f575fd1240e2cf687e0d515ecfb8a11a09fb06c93cea29e3f7c6e3d6747bb0,depth_relation_conflict,2,depth_relation_conflict-v2,0.04941487332288793,0.0500344510182294,0.0006195776953414681,0.9928654931373068,0.9930050081063008,-0.0001395149689940034,0.06213739265581491,0.05979757739640313,-0.002339815259411779,0.9988505747126437,0.9988505747126437,0.0,207863,870
NYUv2,nyuv2_labeled_0344,41f575fd1240e2cf687e0d515ecfb8a11a09fb06c93cea29e3f7c6e3d6747bb0,local_entity_conflict,0,local_entity_conflict-v0,0.04941487332288793,0.053124913491472144,0.003710040168584214,0.9928654931373068,0.9929809538013018,-0.0001154606639950373,0.06213739265581491,0.06753430589550441,0.005396913239689501,0.9988505747126437,0.9988505747126437,0.0,207863,870
NYUv2,nyuv2_labeled_0344,41f575fd1240e2cf687e0d515ecfb8a11a09fb06c93cea29e3f7c6e3d6747bb0,local_entity_conflict,1,local_entity_conflict-v1,0.04941487332288793,0.053646768726017154,0.004231895403129224,0.9928654931373068,0.9929472777743032,-8.178463699648475e-05,0.06213739265581491,0.06866609794552392,0.0065287052897090095,0.9988505747126437,0.9988505747126437,0.0,207863,870
NYUv2,nyuv2_labeled_0344,41f575fd1240e2cf687e0d515ecfb8a11a09fb06c93cea29e3f7c6e3d6747bb0,local_entity_conflict,2,local_entity_conflict-v2,0.04941487332288793,0.0526900093216218,0.003275135998733872,0.9928654931373068,0.9927933302223099,7.216291499689831e-05,0.06213739265581491,0.07029764535679829,0.008160252700983382,0.9988505747126437,0.9988505747126437,0.0,207863,870
NYUv2,nyuv2_labeled_0344,41f575fd1240e2cf687e0d515ecfb8a11a09fb06c93cea29e3f7c6e3d6747bb0,semantic_preserving,0,semantic_preserving-v0,0.04941487332288793,0.04941487332288793,0.0,0.9928654931373068,0.9928654931373068,0.0,0.06213739265581491,0.06213739265581491,0.0,0.9988505747126437,0.9988505747126437,0.0,207863,870
NYUv2,nyuv2_labeled_0344,41f575fd1240e2cf687e0d515ecfb8a11a09fb06c93cea29e3f7c6e3d6747bb0,semantic_preserving,1,semantic_preserving-v1,0.04941487332288793,0.05166451822106599,0.0022496448981780617,0.9928654931373068,0.9925143002843219,0.0003511928529849051,0.06213739265581491,0.06136722838672545,-0.0007701642690894558,0.9988505747126437,1.0,-0.0011494252873562871,207863,870
NYUv2,nyuv2_labeled_0344,41f575fd1240e2cf687e0d515ecfb8a11a09fb06c93cea29e3f7c6e3d6747bb0,semantic_preserving,2,semantic_preserving-v2,0.04941487332288793,0.04968236983761912,0.00026749651473118724,0.9928654931373068,0.9927163564463132,0.00014913669099358984,0.06213739265581491,0.06493783947321959,0.0028004468174046768,0.9988505747126437,1.0,-0.0011494252873562871,207863,870
NYUv2,nyuv2_labeled_0344,41f575fd1240e2cf687e0d515ecfb8a11a09fb06c93cea29e3f7c6e3d6747bb0,target_deletion,0,target_deletion-v0,0.04941487332288793,0.05024708718782274,0.0008322138649348096,0.9928654931373068,0.9931012253262966,-0.0002357321889898678,0.06213739265581491,0.06921685439714001,0.007079461741325101,0.9988505747126437,1.0,-0.0011494252873562871,207863,870
NYUv2,nyuv2_labeled_0344,41f575fd1240e2cf687e0d515ecfb8a11a09fb06c93cea29e3f7c6e3d6747bb0,target_deletion,1,target_deletion-v1,0.04941487332288793,0.04670287877642276,-0.002711994546465167,0.9928654931373068,0.9931493339362946,-0.0002838407989878,0.06213739265581491,0.07987090744779436,0.017733514791979453,0.9988505747126437,1.0,-0.0011494252873562871,207863,870
NYUv2,nyuv2_labeled_0344,41f575fd1240e2cf687e0d515ecfb8a11a09fb06c93cea29e3f7c6e3d6747bb0,target_deletion,2,target_deletion-v2,0.04941487332288793,0.049337729057854406,-7.714426503352412e-05,0.9928654931373068,0.9929809538013018,-0.0001154606639950373,0.06213739265581491,0.07082335403050671,0.008685961374691804,0.9988505747126437,1.0,-0.0011494252873562871,207863,870
NYUv2,nyuv2_labeled_0346,41f575fd1240e2cf687e0d515ecfb8a11a09fb06c93cea29e3f7c6e3d6747bb0,depth_relation_conflict,0,depth_relation_conflict-v0,0.05425547520478914,0.05587599669561366,0.0016205214908245197,0.9684721954089559,0.9701131673055885,-0.0016409718966325926,0.0897508420916094,0.09485066656252665,0.0050998244709172524,0.9874602765610238,0.9865155028772653,0.0009447736837584486,217554,11643
NYUv2,nyuv2_labeled_0346,41f575fd1240e2cf687e0d515ecfb8a11a09fb06c93cea29e3f7c6e3d6747bb0,depth_relation_conflict,1,depth_relation_conflict-v1,0.05425547520478914,0.05450202220277319,0.00024654699798404983,0.9684721954089559,0.9664726918374289,0.001999503571527006,0.0897508420916094,0.09040010759932283,0.0006492655077134368,0.9874602765610238,0.9873743880443184,8.58885167053236e-05,217554,11643
NYUv2,nyuv2_labeled_0346,41f575fd1240e2cf687e0d515ecfb8a11a09fb06c93cea29e3f7c6e3d6747bb0,depth_relation_conflict,2,depth_relation_conflict-v2,0.05425547520478914,0.05445507009759562,0.0001995948928064789,0.9684721954089559,0.9686744440460759,-0.00020224863712003938,0.0897508420916094,0.08784013795401631,-0.0019107041375930889,0.9874602765610238,0.988061496177961,-0.0006012196169372652,217554,11643
NYUv2,nyuv2_labeled_0346,41f575fd1240e2cf687e0d515ecfb8a11a09fb06c93cea29e3f7c6e3d6747bb0,local_entity_conflict,0,local_entity_conflict-v0,0.05425547520478914,0.05453049396199026,0.0002750187572011162,0.9684721954089559,0.9679114150969415,0.0005607803120144528,0.0897508420916094,0.08852639718898463,-0.0012244449026247717,0.9874602765610238,0.9874602765610238,0.0,217554,11643
NYUv2,nyuv2_labeled_0346,41f575fd1240e2cf687e0d515ecfb8a11a09fb06c93cea29e3f7c6e3d6747bb0,local_entity_conflict,1,local_entity_conflict-v1,0.05425547520478914,0.055059969991091834,0.0008044947863026924,0.9684721954089559,0.9702832400231667,-0.0018110446142107772,0.0897508420916094,0.09144533900543987,0.0016944969138304733,0.9874602765610238,0.9871167224942026,0.0003435540668211834,217554,11643
NYUv2,nyuv2_labeled_0346,41f575fd1240e2cf687e0d515ecfb8a11a09fb06c93cea29e3f7c6e3d6747bb0,local_entity_conflict,2,local_entity_conflict-v2,0.05425547520478914,0.05418426635570716,-7.12088490819815e-05,0.9684721954089559,0.9700350257867012,-0.0015628303777452945,0.0897508420916094,0.08702019799628337,-0.002730644095326029,0.9874602765610238,0.9877179421111397,-0.0002576655501159708,217554,11643
NYUv2,nyuv2_labeled_0346,41f575fd1240e2cf687e0d515ecfb8a11a09fb06c93cea29e3f7c6e3d6747bb0,semantic_preserving,0,semantic_preserving-v0,0.05425547520478914,0.05425547520478914,0.0,0.9684721954089559,0.9684721954089559,0.0,0.0897508420916094,0.0897508420916094,0.0,0.9874602765610238,0.9874602765610238,0.0,217554,11643
NYUv2,nyuv2_labeled_0346,41f575fd1240e2cf687e0d515ecfb8a11a09fb06c93cea29e3f7c6e3d6747bb0,semantic_preserving,1,semantic_preserving-v1,0.05425547520478914,0.0552382093237639,0.0009827341189747596,0.9684721954089559,0.9698741461889921,-0.001401950780036243,0.0897508420916094,0.093436346798346,0.003685504706736606,0.9874602765610238,0.986687279910676,0.0007729966503478014,217554,11643
NYUv2,nyuv2_labeled_0346,41f575fd1240e2cf687e0d515ecfb8a11a09fb06c93cea29e3f7c6e3d6747bb0,semantic_preserving,2,semantic_preserving-v2,0.05425547520478914,0.056198737609804116,0.001943262405014974,0.9684721954089559,0.9699339014681413,-0.0014617060591853859,0.0897508420916094,0.09440630714127303,0.004655465049663632,0.9874602765610238,0.9866013913939706,0.000858885167053125,217554,11643
NYUv2,nyuv2_labeled_0346,41f575fd1240e2cf687e0d515ecfb8a11a09fb06c93cea29e3f7c6e3d6747bb0,target_deletion,0,target_deletion-v0,0.05425547520478914,0.05391280630048045,-0.00034266890430869473,0.9684721954089559,0.9635906487584691,0.00488154665048679,0.0897508420916094,0.0793851735635797,-0.010365668528029698,0.9874602765610238,0.9897792665120674,-0.0023189899510436263,217554,11643
NYUv2,nyuv2_labeled_0346,41f575fd1240e2cf687e0d515ecfb8a11a09fb06c93cea29e3f7c6e3d6747bb0,target_deletion,1,target_deletion-v1,0.05425547520478914,0.0551522472777975,0.0008967720730083603,0.9684721954089559,0.9701545363449994,-0.0016823409360434693,0.0897508420916094,0.09409519081038484,0.00434434871877544,0.9874602765610238,0.9860860602937387,0.0013742162672850666,217554,11643
NYUv2,nyuv2_labeled_0346,41f575fd1240e2cf687e0d515ecfb8a11a09fb06c93cea29e3f7c6e3d6747bb0,target_deletion,2,target_deletion-v2,0.05425547520478914,0.0536652116948238,-0.0005902635099653414,0.9684721954089559,0.9684630022890869,9.193119869022048e-06,0.0897508420916094,0.09016672276869073,0.0004158806770813289,0.9874602765610238,0.9875461650777291,-8.58885167053236e-05,217554,11643
NYUv2,nyuv2_labeled_0354,5d04817fb51e42fa8eb768d23ffee67ada94af0aa6e63a27be9a02baca960e68,depth_relation_conflict,0,depth_relation_conflict-v0,0.04680770320951309,0.048098113652451396,0.0012904104429383098,0.9913658030891869,0.9906557540011266,0.0007100490880602717,0.03424269708204398,0.03285549888349952,-0.0013871981985444579,1.0,1.0,0.0,211253,27610
NYUv2,nyuv2_labeled_0354,5d04817fb51e42fa8eb768d23ffee67ada94af0aa6e63a27be9a02baca960e68,depth_relation_conflict,1,depth_relation_conflict-v1,0.04680770320951309,0.04644635788077385,-0.00036134532873923625,0.9913658030891869,0.991304265501555,6.153758763183248e-05,0.03424269708204398,0.032829057923135854,-0.001413639158908124,1.0,1.0,0.0,211253,27610
NYUv2,nyuv2_labeled_0354,5d04817fb51e42fa8eb768d23ffee67ada94af0aa6e63a27be9a02baca960e68,depth_relation_conflict,2,depth_relation_conflict-v2,0.04680770320951309,0.04786447437356574,0.0010567711640526514,0.9913658030891869,0.9908971706910671,0.00046863239811978374,0.03424269708204398,0.03381701660530126,-0.0004256804767427194,1.0,1.0,0.0,211253,27610
NYUv2,nyuv2_labeled_0354,5d04817fb51e42fa8eb768d23ffee67ada94af0aa6e63a27be9a02baca960e68,local_entity_conflict,0,local_entity_conflict-v0,0.04680770320951309,0.05086951511179951,0.004061811902286425,0.9913658030891869,0.9908498340851964,0.0005159690039904241,0.03424269708204398,0.03551812532829698,0.0012754282462529992,1.0,1.0,0.0,211253,27610
NYUv2,nyuv2_labeled_0354,5d04817fb51e42fa8eb768d23ffee67ada94af0aa6e63a27be9a02baca960e68,local_entity_conflict,1,local_entity_conflict-v1,0.04680770320951309,0.05082212470903237,0.004014421499519284,0.9913658030891869,0.9903859353476637,0.0009798677415231438,0.03424269708204398,0.03277772651225162,-0.0014649705697923551,1.0,1.0,0.0,211253,27610
NYUv2,nyuv2_labeled_0354,5d04817fb51e42fa8eb768d23ffee67ada94af0aa6e63a27be9a02baca960e68,local_entity_conflict,2,local_entity_conflict-v2,0.04680770320951309,0.05138544425424977,0.004577741044736683,0.9913658030891869,0.9903575333841413,0.001008269705045528,0.03424269708204398,0.036380445343916566,0.002137748261872588,1.0,1.0,0.0,211253,27610
NYUv2,nyuv2_labeled_0354,5d04817fb51e42fa8eb768d23ffee67ada94af0aa6e63a27be9a02baca960e68,semantic_preserving,0,semantic_preserving-v0,0.04680770320951309,0.04680770320951309,0.0,0.9913658030891869,0.9913658030891869,0.0,0.03424269708204398,0.03424269708204398,0.0,1.0,1.0,0.0,211253,27610
NYUv2,nyuv2_labeled_0354,5d04817fb51e42fa8eb768d23ffee67ada94af0aa6e63a27be9a02baca960e68,semantic_preserving,1,semantic_preserving-v1,0.04680770320951309,0.048078887916456856,0.001271184706943769,0.9913658030891869,0.9907078242675844,0.0006579788216024562,0.03424269708204398,0.0340498203750827,-0.0001928767069612758,1.0,1.0,0.0,211253,27610
NYUv2,nyuv2_labeled_0354,5d04817fb51e42fa8eb768d23ffee67ada94af0aa6e63a27be9a02baca960e68,semantic_preserving,2,semantic_preserving-v2,0.04680770320951309,0.049516681835671914,0.002708978626158827,0.9913658030891869,0.9901587196394844,0.0012070834497024396,0.03424269708204398,0.03405181755087538,-0.00019087953116860013,1.0,0.9999637812386817,3.621876131831847e-05,211253,27610
NYUv2,nyuv2_labeled_0354,5d04817fb51e42fa8eb768d23ffee67ada94af0aa6e63a27be9a02baca960e68,target_deletion,0,target_deletion-v0,0.04680770320951309,0.04777461729819245,0.0009669140886793617,0.9913658030891869,0.9907977638187386,0.0005680392704482395,0.03424269708204398,0.03162250346916195,-0.0026201936128820297,1.0,1.0,0.0,211253,27610
NYUv2,nyuv2_labeled_0354,5d04817fb51e42fa8eb768d23ffee67ada94af0aa6e63a27be9a02baca960e68,target_deletion,1,target_deletion-v1,0.04680770320951309,0.04553162178208469,-0.0012760814274283966,0.9913658030891869,0.9915267475491473,-0.0001609444599603993,0.03424269708204398,0.03082160487308298,-0.0034210922089609984,1.0,1.0,0.0,211253,27610
NYUv2,nyuv2_labeled_0354,5d04817fb51e42fa8eb768d23ffee67ada94af0aa6e63a27be9a02baca960e68,target_deletion,2,target_deletion-v2,0.04680770320951309,0.04684785151267901,4.014830316592666e-05,0.9913658030891869,0.9912663962168584,9.94068723284558e-05,0.03424269708204398,0.03184471956078543,-0.002397977521258546,1.0,1.0,0.0,211253,27610
NYUv2,nyuv2_labeled_0365,baf6d8f536da82d93dc5e980535f1711217676e81a5064660125d2773f7c7125,depth_relation_conflict,0,depth_relation_conflict-v0,0.03599731475655299,0.03393546429076717,-0.0020618504657858167,0.996991917535434,0.9970340869157783,-4.2169380344292406e-05,0.049141154259791056,0.04741704121471912,-0.0017241130450719386,0.9824633794099443,0.9825321504710818,-6.877106113745146e-05,213425,14541
NYUv2,nyuv2_labeled_0365,baf6d8f536da82d93dc5e980535f1711217676e81a5064660125d2773f7c7125,depth_relation_conflict,1,depth_relation_conflict-v1,0.03599731475655299,0.03539068163328065,-0.000606633123272339,0.996991917535434,0.997062199836008,-7.02823005739317e-05,0.049141154259791056,0.04762522901084837,-0.0015159252489426872,0.9824633794099443,0.9828072347156317,-0.00034385530568736833,213425,14541
NYUv2,nyuv2_labeled_0365,baf6d8f536da82d93dc5e980535f1711217676e81a5064660125d2773f7c7125,depth_relation_conflict,2,depth_relation_conflict-v2,0.03599731475655299,0.034279001555385914,-0.0017183132011670751,0.996991917535434,0.9969403771816797,5.15403537543202e-05,0.049141154259791056,0.050049459175053074,0.0009083049152620176,0.9824633794099443,0.9820507530431195,0.0004126263668248198,213425,14541
NYUv2,nyuv2_labeled_0365,baf6d8f536da82d93dc5e980535f1711217676e81a5064660125d2773f7c7125,local_entity_conflict,0,local_entity_conflict-v0,0.03599731475655299,0.03548346646702122,-0.0005138482895317709,0.996991917535434,0.9969778610753192,1.4056460114875158e-05,0.049141154259791056,0.04777836618296836,-0.0013627880768226977,0.9824633794099443,0.9817756687985696,0.0006877106113747367,213425,14541
NYUv2,nyuv2_labeled_0365,baf6d8f536da82d93dc5e980535f1711217676e81a5064660125d2773f7c7125,local_entity_conflict,1,local_entity_conflict-v1,0.03599731475655299,0.034248336527943166,-0.0017489782286098238,0.996991917535434,0.997062199836008,-7.02823005739317e-05,0.049141154259791056,0.04529764342405553,-0.003843510835735524,0.9824633794099443,0.9825321504710818,-6.877106113745146e-05,213425,14541
NYUv2,nyuv2_labeled_0365,baf6d8f536da82d93dc5e980535f1711217676e81a5064660125d2773f7c7125,local_entity_conflict,2,local_entity_conflict-v2,0.03599731475655299,0.033771499843253804,-0.002225814913299186,0.996991917535434,0.9970434578891882,-5.154035375420918e-05,0.049141154259791056,0.046454691761538165,-0.002686462498252891,0.9824633794099443,0.982119524104257,0.00034385530568736833,213425,14541
NYUv2,nyuv2_labeled_0365,baf6d8f536da82d93dc5e980535f1711217676e81a5064660125d2773f7c7125,semantic_preserving,0,semantic_preserving-v0,0.03599731475655299,0.03599731475655299,0.0,0.996991917535434,0.996991917535434,0.0,0.049141154259791056,0.049141154259791056,0.0,0.9824633794099443,0.9824633794099443,0.0,213425,14541
NYUv2,nyuv2_labeled_0365,baf6d8f536da82d93dc5e980535f1711217676e81a5064660125d2773f7c7125,semantic_preserving,1,semantic_preserving-v1,0.03599731475655299,0.034046813419556746,-0.0019505013369962437,0.996991917535434,0.9971418531099918,-0.00014993557455778017,0.049141154259791056,0.045812451476384825,-0.0033287027834062316,0.9824633794099443,0.9832198610824565,-0.0007564816725121881,213425,14541
NYUv2,nyuv2_labeled_0365,baf6d8f536da82d93dc5e980535f1711217676e81a5064660125d2773f7c7125,semantic_preserving,2,semantic_preserving-v2,0.03599731475655299,0.03485335965507321,-0.001143955101479778,0.996991917535434,0.9969684901019094,2.3427433524680907e-05,0.049141154259791056,0.04962938937435604,0.00048823511456498603,0.9824633794099443,0.9822570662265319,0.0002063131834124654,213425,14541
NYUv2,nyuv2_labeled_0365,baf6d8f536da82d93dc5e980535f1711217676e81a5064660125d2773f7c7125,target_deletion,0,target_deletion-v0,0.03599731475655299,0.035869200277046556,-0.00012811447950643318,0.996991917535434,0.9968607239076959,0.00013119362773816867,0.049141154259791056,0.05041633653821255,0.001275182278421494,0.9824633794099443,0.9808128739426449,0.0016505054672993902,213425,14541
NYUv2,nyuv2_labeled_0365,baf6d8f536da82d93dc5e980535f1711217676e81a5064660125d2773f7c7125,target_deletion,1,target_deletion-v1,0.03599731475655299,0.03378766815563246,-0.0022096466009205312,0.996991917535434,0.9969450626683847,4.6854867049361815e-05,0.049141154259791056,0.04900063066087286,-0.00014052359891819632,0.9824633794099443,0.9812942713706072,0.001169108039337119,213425,14541
NYUv2,nyuv2_labeled_0365,baf6d8f536da82d93dc5e980535f1711217676e81a5064660125d2773f7c7125,target_deletion,2,target_deletion-v2,0.03599731475655299,0.03551708542827458,-0.0004802293282784101,0.996991917535434,0.9968326109874663,0.00015930654796769694,0.049141154259791056,0.05189027880357997,0.0027491245437889153,0.9824633794099443,0.9807441028815075,0.0017192765284368416,213425,14541
NYUv2,nyuv2_labeled_0367,baf6d8f536da82d93dc5e980535f1711217676e81a5064660125d2773f7c7125,depth_relation_conflict,0,depth_relation_conflict-v0,0.023947319997736763,0.024885306557583087,0.0009379865598463238,1.0,1.0,0.0,0.014106415409541597,0.014703743414490456,0.0005973280049488584,1.0,1.0,0.0,233008,55967
NYUv2,nyuv2_labeled_0367,baf6d8f536da82d93dc5e980535f1711217676e81a5064660125d2773f7c7125,depth_relation_conflict,1,depth_relation_conflict-v1,0.023947319997736763,0.024136553849909974,0.00018923385217321093,1.0,1.0,0.0,0.014106415409541597,0.014297658236566273,0.00019124282702467563,1.0,1.0,0.0,233008,55967
NYUv2,nyuv2_labeled_0367,baf6d8f536da82d93dc5e980535f1711217676e81a5064660125d2773f7c7125,depth_relation_conflict,2,depth_relation_conflict-v2,0.023947319997736763,0.024147206088578486,0.00019988609084172285,1.0,1.0,0.0,0.014106415409541597,0.013912908381010428,-0.0001935070285311695,1.0,1.0,0.0,233008,55967
NYUv2,nyuv2_labeled_0367,baf6d8f536da82d93dc5e980535f1711217676e81a5064660125d2773f7c7125,local_entity_conflict,0,local_entity_conflict-v0,0.023947319997736763,0.024888344409322537,0.0009410244115857745,1.0,1.0,0.0,0.014106415409541597,0.018573242535485902,0.004466827125944305,1.0,1.0,0.0,233008,55967
NYUv2,nyuv2_labeled_0367,baf6d8f536da82d93dc5e980535f1711217676e81a5064660125d2773f7c7125,local_entity_conflict,1,local_entity_conflict-v1,0.023947319997736763,0.025838237541787924,0.0018909175440511607,1.0,1.0,0.0,0.014106415409541597,0.02030236098528213,0.006195945575740531,1.0,1.0,0.0,233008,55967
NYUv2,nyuv2_labeled_0367,baf6d8f536da82d93dc5e980535f1711217676e81a5064660125d2773f7c7125,local_entity_conflict,2,local_entity_conflict-v2,0.023947319997736763,0.025629062955486243,0.0016817429577494804,1.0,1.0,0.0,0.014106415409541597,0.02063943290745956,0.006533017497917964,1.0,1.0,0.0,233008,55967
NYUv2,nyuv2_labeled_0367,baf6d8f536da82d93dc5e980535f1711217676e81a5064660125d2773f7c7125,semantic_preserving,0,semantic_preserving-v0,0.023947319997736763,0.023947319997736763,0.0,1.0,1.0,0.0,0.014106415409541597,0.014106415409541597,0.0,1.0,1.0,0.0,233008,55967
NYUv2,nyuv2_labeled_0367,baf6d8f536da82d93dc5e980535f1711217676e81a5064660125d2773f7c7125,semantic_preserving,1,semantic_preserving-v1,0.023947319997736763,0.024481609663758005,0.0005342896660212419,1.0,1.0,0.0,0.014106415409541597,0.014744588080490345,0.0006381726709487473,1.0,1.0,0.0,233008,55967
NYUv2,nyuv2_labeled_0367,baf6d8f536da82d93dc5e980535f1711217676e81a5064660125d2773f7c7125,semantic_preserving,2,semantic_preserving-v2,0.023947319997736763,0.024970526730544843,0.0010232067328080803,1.0,1.0,0.0,0.014106415409541597,0.014474013582176842,0.00036759817263524487,1.0,1.0,0.0,233008,55967
NYUv2,nyuv2_labeled_0367,baf6d8f536da82d93dc5e980535f1711217676e81a5064660125d2773f7c7125,target_deletion,0,target_deletion-v0,0.023947319997736763,0.025131426744626578,0.0011841067468898146,1.0,1.0,0.0,0.014106415409541597,0.016284589186068864,0.0021781737765272664,1.0,1.0,0.0,233008,55967
NYUv2,nyuv2_labeled_0367,baf6d8f536da82d93dc5e980535f1711217676e81a5064660125d2773f7c7125,target_deletion,1,target_deletion-v1,0.023947319997736763,0.024653927727809596,0.0007066077300728335,1.0,1.0,0.0,0.014106415409541597,0.015666343285118987,0.0015599278755773893,1.0,1.0,0.0,233008,55967
NYUv2,nyuv2_labeled_0367,baf6d8f536da82d93dc5e980535f1711217676e81a5064660125d2773f7c7125,target_deletion,2,target_deletion-v2,0.023947319997736763,0.024541987995030063,0.0005946679972933001,1.0,1.0,0.0,0.014106415409541597,0.013963456256166651,-0.00014295915337494622,1.0,1.0,0.0,233008,55967
NYUv2,nyuv2_labeled_0391,ed04dddabd088f367c4208fc8f0216e3030d4dcb92e64ded22ed30c37143eda2,depth_relation_conflict,0,depth_relation_conflict-v0,0.06468225203817746,0.06670574498398019,0.0020234929458027295,0.9832340126746363,0.980006841423016,0.003227171251620309,0.025309142286714194,0.027391094603008308,0.002081952316294114,0.9983066682237534,0.9983066682237534,0.0,222176,17126
NYUv2,nyuv2_labeled_0391,ed04dddabd088f367c4208fc8f0216e3030d4dcb92e64ded22ed30c37143eda2,depth_relation_conflict,1,depth_relation_conflict-v1,0.06468225203817746,0.0664723016153728,0.001790049577195349,0.9832340126746363,0.9819017355609967,0.0013322771136395906,0.025309142286714194,0.026367458769336254,0.0010583164826220605,0.9983066682237534,0.9983066682237534,0.0,222176,17126
NYUv2,nyuv2_labeled_0391,ed04dddabd088f367c4208fc8f0216e3030d4dcb92e64ded22ed30c37143eda2,depth_relation_conflict,2,depth_relation_conflict-v2,0.06468225203817746,0.06528851703001937,0.0006062649918419094,0.9832340126746363,0.9822753132651592,0.0009586994094771262,0.025309142286714194,0.02505275860211766,-0.00025638368459653463,0.9983066682237534,0.9983066682237534,0.0,222176,17126
NYUv2,nyuv2_labeled_0391,ed04dddabd088f367c4208fc8f0216e3030d4dcb92e64ded22ed30c37143eda2,local_entity_conflict,0,local_entity_conflict-v0,0.06468225203817746,0.06638245565579376,0.0017002036176163027,0.9832340126746363,0.9801688751260262,0.003065137548610042,0.025309142286714194,0.02648070634021389,0.0011715640534996977,0.9983066682237534,0.9983066682237534,0.0,222176,17126
NYUv2,nyuv2_labeled_0391,ed04dddabd088f367c4208fc8f0216e3030d4dcb92e64ded22ed30c37143eda2,local_entity_conflict,1,local_entity_conflict-v1,0.06468225203817746,0.06807887921300908,0.0033966271748316207,0.9832340126746363,0.9762350568918335,0.0069989557828027404,0.025309142286714194,0.02845372848524035,0.003144586198526155,0.9983066682237534,0.9983066682237534,0.0,222176,17126
NYUv2,nyuv2_labeled_0391,ed04dddabd088f367c4208fc8f0216e3030d4dcb92e64ded22ed30c37143eda2,local_entity_conflict,2,local_entity_conflict-v2,0.06468225203817746,0.06714130858831452,0.002459056550137062,0.9832340126746363,0.9791381607374334,0.0040958519372028546,0.025309142286714194,0.027072458837855286,0.001763316551141092,0.9983066682237534,0.9983066682237534,0.0,222176,17126
NYUv2,nyuv2_labeled_0391,ed04dddabd088f367c4208fc8f0216e3030d4dcb92e64ded22ed30c37143eda2,semantic_preserving,0,semantic_preserving-v0,0.06468225203817746,0.06468225203817746,0.0,0.9832340126746363,0.9832340126746363,0.0,0.025309142286714194,0.025309142286714194,0.0,0.9983066682237534,0.9983066682237534,0.0,222176,17126
NYUv2,nyuv2_labeled_0391,ed04dddabd088f367c4208fc8f0216e3030d4dcb92e64ded22ed30c37143eda2,semantic_preserving,1,semantic_preserving-v1,0.06468225203817746,0.06643634480910951,0.001754092770932053,0.9832340126746363,0.981118572663114,0.002115440011522307,0.025309142286714194,0.027108699507756236,0.0017995572210420425,0.9983066682237534,0.9983066682237534,0.0,222176,17126
NYUv2,nyuv2_labeled_0391,ed04dddabd088f367c4208fc8f0216e3030d4dcb92e64ded22ed30c37143eda2,semantic_preserving,2,semantic_preserving-v2,0.06468225203817746,0.0663749950399686,0.0016927430017911471,0.9832340126746363,0.9798808152095636,0.003353197465072677,0.025309142286714194,0.027210489490281323,0.0019013472035671296,0.9983066682237534,0.9983066682237534,0.0,222176,17126
NYUv2,nyuv2_labeled_0391,ed04dddabd088f367c4208fc8f0216e3030d4dcb92e64ded22ed30c37143eda2,target_deletion,0,target_deletion-v0,0.06468225203817746,0.06805902622985854,0.0033767741916810867,0.9832340126746363,0.9814201353881608,0.0018138772864755293,0.025309142286714194,0.026731372047092306,0.0014222297603781117,0.9983066682237534,0.9983066682237534,0.0,222176,17126
NYUv2,nyuv2_labeled_0391,ed04dddabd088f367c4208fc8f0216e3030d4dcb92e64ded22ed30c37143eda2,target_deletion,1,target_deletion-v1,0.06468225203817746,0.06905601968902414,0.004373767650846683,0.9832340126746363,0.9816406812617025,0.0015933314129338294,0.025309142286714194,0.028677557529737868,0.0033684152430236737,0.9983066682237534,0.9983066682237534,0.0,222176,17126
NYUv2,nyuv2_labeled_0391,ed04dddabd088f367c4208fc8f0216e3030d4dcb92e64ded22ed30c37143eda2,target_deletion,2,target_deletion-v2,0.06468225203817746,0.06955992206341739,0.004877670025239936,0.9832340126746363,0.9796017571654905,0.0036322555091458097,0.025309142286714194,0.02661335784859821,0.001304215561884016,0.9983066682237534,0.9983066682237534,0.0,222176,17126
NYUv2,nyuv2_labeled_0394,ed04dddabd088f367c4208fc8f0216e3030d4dcb92e64ded22ed30c37143eda2,depth_relation_conflict,0,depth_relation_conflict-v0,0.041490046675632074,0.041473613162556454,-1.643351307561991e-05,0.9882291666666667,0.9890060763888889,-0.0007769097222222188,0.042901191121628386,0.037853757031358015,-0.005047434090270371,1.0,1.0,0.0,230400,54453
NYUv2,nyuv2_labeled_0394,ed04dddabd088f367c4208fc8f0216e3030d4dcb92e64ded22ed30c37143eda2,depth_relation_conflict,1,depth_relation_conflict-v1,0.041490046675632074,0.04261070796151885,0.0011206612858867745,0.9882291666666667,0.9884461805555556,-0.00021701388888883955,0.042901191121628386,0.046015814947991986,0.0031146238263635995,1.0,1.0,0.0,230400,54453
NYUv2,nyuv2_labeled_0394,ed04dddabd088f367c4208fc8f0216e3030d4dcb92e64ded22ed30c37143eda2,depth_relation_conflict,2,depth_relation_conflict-v2,0.041490046675632074,0.04217681030097969,0.0006867636253476139,0.9882291666666667,0.9883550347222222,-0.0001258680555554781,0.042901191121628386,0.04722126268364809,0.004320071562019703,1.0,1.0,0.0,230400,54453
NYUv2,nyuv2_labeled_0394,ed04dddabd088f367c4208fc8f0216e3030d4dcb92e64ded22ed30c37143eda2,local_entity_conflict,0,local_entity_conflict-v0,0.041490046675632074,0.047501628547943826,0.0060115818723117526,0.9882291666666667,0.9874131944444444,0.0008159722222222943,0.042901191121628386,0.06053857972087115,0.017637388599242763,1.0,1.0,0.0,230400,54453
NYUv2,nyuv2_labeled_0394,ed04dddabd088f367c4208fc8f0216e3030d4dcb92e64ded22ed30c37143eda2,local_entity_conflict,1,local_entity_conflict-v1,0.041490046675632074,0.04370735272662044,0.0022173060509883685,0.9882291666666667,0.9889496527777778,-0.000720486111111085,0.042901191121628386,0.04036420643345443,-0.0025369846881739544,1.0,1.0,0.0,230400,54453
NYUv2,nyuv2_labeled_0394,ed04dddabd088f367c4208fc8f0216e3030d4dcb92e64ded22ed30c37143eda2,local_entity_conflict,2,local_entity_conflict-v2,0.041490046675632074,0.044553850227252396,0.0030638035516203227,0.9882291666666667,0.9880598958333333,0.00016927083333340143,0.042901191121628386,0.04571985306158512,0.0028186619399567306,1.0,1.0,0.0,230400,54453
NYUv2,nyuv2_labeled_0394,ed04dddabd088f367c4208fc8f0216e3030d4dcb92e64ded22ed30c37143eda2,semantic_preserving,0,semantic_preserving-v0,0.041490046675632074,0.041490046675632074,0.0,0.9882291666666667,0.9882291666666667,0.0,0.042901191121628386,0.042901191121628386,0.0,1.0,1.0,0.0,230400,54453
NYUv2,nyuv2_labeled_0394,ed04dddabd088f367c4208fc8f0216e3030d4dcb92e64ded22ed30c37143eda2,semantic_preserving,1,semantic_preserving-v1,0.041490046675632074,0.041106827561202826,-0.00038321911442924794,0.9882291666666667,0.9889670138888889,-0.0007378472222221433,0.042901191121628386,0.03723152450902361,-0.005669666612604776,1.0,1.0,0.0,230400,54453
NYUv2,nyuv2_labeled_0394,ed04dddabd088f367c4208fc8f0216e3030d4dcb92e64ded22ed30c37143eda2,semantic_preserving,2,semantic_preserving-v2,0.041490046675632074,0.04177058632800899,0.00028053965237691963,0.9882291666666667,0.9888845486111111,-0.0006553819444443665,0.042901191121628386,0.03878123285555114,-0.0041199582660772435,1.0,1.0,0.0,230400,54453
NYUv2,nyuv2_labeled_0394,ed04dddabd088f367c4208fc8f0216e3030d4dcb92e64ded22ed30c37143eda2,target_deletion,0,target_deletion-v0,0.041490046675632074,0.044665140720500124,0.00317509404486805,0.9882291666666667,0.9883203125,-9.114583333325044e-05,0.042901191121628386,0.05855495673642123,0.01565376561479284,1.0,1.0,0.0,230400,54453
NYUv2,nyuv2_labeled_0394,ed04dddabd088f367c4208fc8f0216e3030d4dcb92e64ded22ed30c37143eda2,target_deletion,1,target_deletion-v1,0.041490046675632074,0.04252469732059536,0.0010346506449632892,0.9882291666666667,0.9886241319444444,-0.0003949652777777146,0.042901191121628386,0.045399964857729354,0.0024987737361009676,1.0,1.0,0.0,230400,54453
NYUv2,nyuv2_labeled_0394,ed04dddabd088f367c4208fc8f0216e3030d4dcb92e64ded22ed30c37143eda2,target_deletion,2,target_deletion-v2,0.041490046675632074,0.04106680055452089,-0.0004232461211111857,0.9882291666666667,0.9887065972222222,-0.0004774305555554914,0.042901191121628386,0.039585896612752414,-0.0033152945088759725,1.0,1.0,0.0,230400,54453
NYUv2,nyuv2_labeled_0409,7c2b2b26db3b972dd8298b28b4dbbdda74bf25ebc7d26674492c6eda247db3e6,depth_relation_conflict,0,depth_relation_conflict-v0,0.04757455768435349,0.047468909262778115,-0.00010564842157537169,0.9904700178660515,0.9895788472772393,0.0008911705888121624,0.029718056028889776,0.03147956005157883,0.0017615040226890526,0.9955513997506517,0.995409724583475,0.00014167516717666917,234523,35292
NYUv2,nyuv2_labeled_0409,7c2b2b26db3b972dd8298b28b4dbbdda74bf25ebc7d26674492c6eda247db3e6,depth_relation_conflict,1,depth_relation_conflict-v1,0.04757455768435349,0.047072541470864156,-0.0005020162134893313,0.9904700178660515,0.990883623354639,-0.00041360548858748736,0.029718056028889776,0.031515963287064165,0.0017979072581743895,0.9955513997506517,0.9959197551853112,-0.0003683554346595175,234523,35292
NYUv2,nyuv2_labeled_0409,7c2b2b26db3b972dd8298b28b4dbbdda74bf25ebc7d26674492c6eda247db3e6,depth_relation_conflict,2,depth_relation_conflict-v2,0.04757455768435349,0.047902014948496274,0.00032745726414278725,0.9904700178660515,0.9904700178660515,0.0,0.029718056028889776,0.029063061587978365,-0.0006549944409114106,0.9955513997506517,0.9954663946503457,8.500510030595709e-05,234523,35292
NYUv2,nyuv2_labeled_0409,7c2b2b26db3b972dd8298b28b4dbbdda74bf25ebc7d26674492c6eda247db3e6,local_entity_conflict,0,local_entity_conflict-v0,0.04757455768435349,0.048295216738224754,0.000720659053871267,0.9904700178660515,0.9882229035105299,0.0022471143555216067,0.029718056028889776,0.028911172913729674,-0.0008068831151601015,0.9955513997506517,0.9962597755865352,-0.0007083758358835679,234523,35292
NYUv2,nyuv2_labeled_0409,7c2b2b26db3b972dd8298b28b4dbbdda74bf25ebc7d26674492c6eda247db3e6,local_entity_conflict,1,local_entity_conflict-v1,0.04757455768435349,0.05030028595019635,0.0027257282658428653,0.9904700178660515,0.9865556896338525,0.003914328232198949,0.029718056028889776,0.03404626891309932,0.004328212884209547,0.9955513997506517,0.9961181004193584,-0.0005667006687067877,234523,35292
NYUv2,nyuv2_labeled_0409,7c2b2b26db3b972dd8298b28b4dbbdda74bf25ebc7d26674492c6eda247db3e6,local_entity_conflict,2,local_entity_conflict-v2,0.04757455768435349,0.05020166211533535,0.0026271044309818664,0.9904700178660515,0.9889818909019584,0.0014881269640930617,0.029718056028889776,0.03369206857453534,0.003974012545645566,0.9955513997506517,0.9958914201518758,-0.00034002040122416144,234523,35292
NYUv2,nyuv2_labeled_0409,7c2b2b26db3b972dd8298b28b4dbbdda74bf25ebc7d26674492c6eda247db3e6,semantic_preserving,0,semantic_preserving-v0,0.04757455768435349,0.04757455768435349,0.0,0.9904700178660515,0.9904700178660515,0.0,0.029718056028889776,0.029718056028889776,0.0,0.9955513997506517,0.9955513997506517,0.0,234523,35292
NYUv2,nyuv2_labeled_0409,7c2b2b26db3b972dd8298b28b4dbbdda74bf25ebc7d26674492c6eda247db3e6,semantic_preserving,1,semantic_preserving-v1,0.04757455768435349,0.04760331780102615,2.876011667266032e-05,0.9904700178660515,0.9894125522869825,0.0010574655790689391,0.029718056028889776,0.03164922565150809,0.001931169622618311,0.9955513997506517,0.995494729683781,5.6670066870601055e-05,234523,35292
NYUv2,nyuv2_labeled_0409,7c2b2b26db3b972dd8298b28b4dbbdda74bf25ebc7d26674492c6eda247db3e6,semantic_preserving,2,semantic_preserving-v2,0.04757455768435349,0.04733617212427537,-0.0002383855600781165,0.9904700178660515,0.989399760364655,0.0010702575013964433,0.029718056028889776,0.02951059373190425,-0.00020746229698552499,0.9955513997506517,0.9953530545166043,0.00019834523404738125,234523,35292
NYUv2,nyuv2_labeled_0409,7c2b2b26db3b972dd8298b28b4dbbdda74bf25ebc7d26674492c6eda247db3e6,target_deletion,0,target_deletion-v0,0.04757455768435349,0.04775541558206806,0.00018085789771457583,0.9904700178660515,0.9873743726628091,0.0030956452032423476,0.029718056028889776,0.033611891828212816,0.00389383579932304,0.9955513997506517,0.9964014507537119,-0.0008500510030602371,234523,35292
NYUv2,nyuv2_labeled_0409,7c2b2b26db3b972dd8298b28b4dbbdda74bf25ebc7d26674492c6eda247db3e6,target_deletion,1,target_deletion-v1,0.04757455768435349,0.04611143011939828,-0.0014631275649552092,0.9904700178660515,0.9898474776461157,0.0006225402199357966,0.029718056028889776,0.033171509260141924,0.003453453231252148,0.9955513997506517,0.995749744984699,-0.00019834523404738125,234523,35292
NYUv2,nyuv2_labeled_0409,7c2b2b26db3b972dd8298b28b4dbbdda74bf25ebc7d26674492c6eda247db3e6,target_deletion,2,target_deletion-v2,0.04757455768435349,0.04569769995357004,-0.0018768577307834503,0.9904700178660515,0.9904956017107064,-2.558384465489727e-05,0.029718056028889776,0.030037436511211657,0.0003193804823218814,0.9955513997506517,0.9956364048509577,-8.500510030606812e-05,234523,35292
NYUv2,nyuv2_labeled_0421,18692fbac3fa9b9504610f20c3631ae2a97337b2b7e659d66d3803c85e9e5d38,depth_relation_conflict,0,depth_relation_conflict-v0,0.0482889127457474,0.04505027402200402,-0.0032386387237433797,0.9944608036772363,0.9945146694437462,-5.3865766509897384e-05,0.06437519055015024,0.0675807089642578,0.0032055184141075582,0.9923910537237722,0.9921604795941895,0.00023057412958271684,222776,4337
NYUv2,nyuv2_labeled_0421,18692fbac3fa9b9504610f20c3631ae2a97337b2b7e659d66d3803c85e9e5d38,depth_relation_conflict,1,depth_relation_conflict-v1,0.0482889127457474,0.04698498669322735,-0.0013039260525200477,0.9944608036772363,0.9945146694437462,-5.3865766509897384e-05,0.06437519055015024,0.06787106120639609,0.0034958706562458475,0.9923910537237722,0.9905464606871109,0.0018445930366612906,222776,4337
NYUv2,nyuv2_labeled_0421,18692fbac3fa9b9504610f20c3631ae2a97337b2b7e659d66d3803c85e9e5d38,depth_relation_conflict,2,depth_relation_conflict-v2,0.0482889127457474,0.04855422683918882,0.00026531409344142387,0.9944608036772363,0.9943889826552231,7.182102201319651e-05,0.06437519055015024,0.06311434147671638,-0.0012608490734338645,0.9923910537237722,0.9912381830758589,0.0011528706479133621,222776,4337
NYUv2,nyuv2_labeled_0421,18692fbac3fa9b9504610f20c3631ae2a97337b2b7e659d66d3803c85e9e5d38,local_entity_conflict,0,local_entity_conflict-v0,0.0482889127457474,0.04955017779162972,0.0012612650458823232,0.9944608036772363,0.9938368585484971,0.0006239451287392006,0.06437519055015024,0.07340210765435262,0.009026917104202378,0.9923910537237722,0.9852432557067097,0.007147798017062557,222776,4337
NYUv2,nyuv2_labeled_0421,18692fbac3fa9b9504610f20c3631ae2a97337b2b7e659d66d3803c85e9e5d38,local_entity_conflict,1,local_entity_conflict-v1,0.0482889127457474,0.050006809576762956,0.0017178968310155585,0.9944608036772363,0.9932982008833986,0.0011626027938377304,0.06437519055015024,0.07533901601994719,0.010963825469796948,0.9923910537237722,0.985704403965875,0.006686649757897234,222776,4337
NYUv2,nyuv2_labeled_0421,18692fbac3fa9b9504610f20c3631ae2a97337b2b7e659d66d3803c85e9e5d38,local_entity_conflict,2,local_entity_conflict-v2,0.0482889127457474,0.04921947843783031,0.0009305656920829131,0.9944608036772363,0.993890724315007,0.0005700793622293032,0.06437519055015024,0.07111419242984861,0.006739001879698364,0.9923910537237722,0.986396126354623,0.0059949273691491944,222776,4337
NYUv2,nyuv2_labeled_0421,18692fbac3fa9b9504610f20c3631ae2a97337b2b7e659d66d3803c85e9e5d38,semantic_preserving,0,semantic_preserving-v0,0.0482889127457474,0.0482889127457474,0.0,0.9944608036772363,0.9944608036772363,0.0,0.06437519055015024,0.06437519055015024,0.0,0.9923910537237722,0.9923910537237722,0.0,222776,4337
NYUv2,nyuv2_labeled_0421,18692fbac3fa9b9504610f20c3631ae2a97337b2b7e659d66d3803c85e9e5d38,semantic_preserving,1,semantic_preserving-v1,0.0482889127457474,0.047055261747610794,-0.001233650998136604,0.9944608036772363,0.9941735195891838,0.000287284088052564,0.06437519055015024,0.06939940209605289,0.005024211545902643,0.9923910537237722,0.9896241641687803,0.002766889554991936,222776,4337
NYUv2,nyuv2_labeled_0421,18692fbac3fa9b9504610f20c3631ae2a97337b2b7e659d66d3803c85e9e5d38,semantic_preserving,2,semantic_preserving-v2,0.0482889127457474,0.0449415708816774,-0.00334734186407,0.9944608036772363,0.994595468093511,-0.00013466441627463244,0.06437519055015024,0.0668334276510638,0.0024582371009135573,0.9923910537237722,0.9930827761125202,-0.0006917223887479285,222776,4337
NYUv2,nyuv2_labeled_0421,18692fbac3fa9b9504610f20c3631ae2a97337b2b7e659d66d3803c85e9e5d38,target_deletion,0,target_deletion-v0,0.0482889127457474,0.04711864723084795,-0.0011702655148994462,0.9944608036772363,0.9944832477466155,-2.244406937912391e-05,0.06437519055015024,0.0664154582261965,0.002040267676046259,0.9923910537237722,0.9882407193912843,0.004150334332487904,222776,4337
NYUv2,nyuv2_labeled_0421,18692fbac3fa9b9504610f20c3631ae2a97337b2b7e659d66d3803c85e9e5d38,target_deletion,1,target_deletion-v1,0.0482889127457474,0.04786150536480312,-0.00042740738094428077,0.9944608036772363,0.9945371135131252,-7.630983588891027e-05,0.06437519055015024,0.07449038453431123,0.010115193984160983,0.9923910537237722,0.987779571132119,0.0046114825916532265,222776,4337
NYUv2,nyuv2_labeled_0421,18692fbac3fa9b9504610f20c3631ae2a97337b2b7e659d66d3803c85e9e5d38,target_deletion,2,target_deletion-v2,0.0482889127457474,0.04806744806684487,-0.00022146467890252902,0.9944608036772363,0.9945820016518835,-0.00012119797464715809,0.06437519055015024,0.06629481537947211,0.0019196248293218698,0.9923910537237722,0.9919299054646069,0.00046114825916532265,222776,4337
NYUv2,nyuv2_labeled_0422,18692fbac3fa9b9504610f20c3631ae2a97337b2b7e659d66d3803c85e9e5d38,depth_relation_conflict,0,depth_relation_conflict-v0,0.037170199359696864,0.03936494561833916,0.0021947462586422994,0.9970150782785244,0.996921944995483,9.313328304139112e-05,0.0238127562492469,0.024166948475587684,0.0003541922263407861,0.9995994277539342,0.999656652360515,-5.722460658086348e-05,214746,69900
NYUv2,nyuv2_labeled_0422,18692fbac3fa9b9504610f20c3631ae2a97337b2b7e659d66d3803c85e9e5d38,depth_relation_conflict,1,depth_relation_conflict-v1,0.037170199359696864,0.0371342504910365,-3.5948868660366784e-05,0.9970150782785244,0.9969126316671789,0.00010244661134550803,0.0238127562492469,0.022281453820533932,-0.0015313024287129662,0.9995994277539342,0.9996709585121603,-7.153075822607935e-05,214746,69900
NYUv2,nyuv2_labeled_0422,18692fbac3fa9b9504610f20c3631ae2a97337b2b7e659d66d3803c85e9e5d38,depth_relation_conflict,2,depth_relation_conflict-v2,0.037170199359696864,0.03771674723709614,0.0005465478773992796,0.9970150782785244,0.9970150782785244,0.0,0.0238127562492469,0.02401218299285903,0.00019942674361213275,0.9995994277539342,0.9996280400572246,-2.861230329043174e-05,214746,69900
NYUv2,nyuv2_labeled_0422,18692fbac3fa9b9504610f20c3631ae2a97337b2b7e659d66d3803c85e9e5d38,local_entity_conflict,0,local_entity_conflict-v0,0.037170199359696864,0.036973983738489,-0.0001962156212078625,0.9970150782785244,0.9970523315917409,-3.725331321646763e-05,0.0238127562492469,0.026987671887529298,0.0031749156382823995,0.9995994277539342,0.999656652360515,-5.722460658086348e-05,214746,69900
NYUv2,nyuv2_labeled_0422,18692fbac3fa9b9504610f20c3631ae2a97337b2b7e659d66d3803c85e9e5d38,local_entity_conflict,1,local_entity_conflict-v1,0.037170199359696864,0.039749464324782206,0.0025792649650853428,0.9970150782785244,0.996991794957764,2.3283320760403292e-05,0.0238127562492469,0.02557728153459592,0.0017645252853490216,0.9995994277539342,0.999656652360515,-5.722460658086348e-05,214746,69900
NYUv2,nyuv2_labeled_0422,18692fbac3fa9b9504610f20c3631ae2a97337b2b7e659d66d3803c85e9e5d38,local_entity_conflict,2,local_entity_conflict-v2,0.037170199359696864,0.037537702893750496,0.00036750353405363284,0.9970150782785244,0.996987138293612,2.7939984912461746e-05,0.0238127562492469,0.025736876078880186,0.0019241198296332876,0.9995994277539342,0.999656652360515,-5.722460658086348e-05,214746,69900
NYUv2,nyuv2_labeled_0422,18692fbac3fa9b9504610f20c3631ae2a97337b2b7e659d66d3803c85e9e5d38,semantic_preserving,0,semantic_preserving-v0,0.037170199359696864,0.037170199359696864,0.0,0.9970150782785244,0.9970150782785244,0.0,0.0238127562492469,0.0238127562492469,0.0,0.9995994277539342,0.9995994277539342,0.0,214746,69900
NYUv2,nyuv2_labeled_0422,18692fbac3fa9b9504610f20c3631ae2a97337b2b7e659d66d3803c85e9e5d38,semantic_preserving,1,semantic_preserving-v1,0.037170199359696864,0.03901034634874402,0.0018401469890471575,0.9970150782785244,0.9969591983086996,5.587996982481247e-05,0.0238127562492469,0.02370899380508263,-0.00010376244416426816,0.9995994277539342,0.9996709585121603,-7.153075822607935e-05,214746,69900
NYUv2,nyuv2_labeled_0422,18692fbac3fa9b9504610f20c3631ae2a97337b2b7e659d66d3803c85e9e5d38,semantic_preserving,2,semantic_preserving-v2,0.037170199359696864,0.03936818400760078,0.002197984647903918,0.9970150782785244,0.9968148417199855,0.0002002365585389576,0.0238127562492469,0.024301490776578116,0.000488734527331218,0.9995994277539342,0.9996137339055794,-1.430615164521587e-05,214746,69900
NYUv2,nyuv2_labeled_0422,18692fbac3fa9b9504610f20c3631ae2a97337b2b7e659d66d3803c85e9e5d38,target_deletion,0,target_deletion-v0,0.037170199359696864,0.036342307047857174,-0.0008278923118396897,0.9970150782785244,0.9965587251916217,0.0004563530869027277,0.0238127562492469,0.022109385023585316,-0.0017033712256615818,0.9995994277539342,0.9996423462088698,-4.291845493564761e-05,214746,69900
NYUv2,nyuv2_labeled_0422,18692fbac3fa9b9504610f20c3631ae2a97337b2b7e659d66d3803c85e9e5d38,target_deletion,1,target_deletion-v1,0.037170199359696864,0.037734491682467224,0.00056429232277036,0.9970150782785244,0.9966146051614465,0.0004004731170779152,0.0238127562492469,0.022363617694887886,-0.0014491385543590127,0.9995994277539342,0.9996709585121603,-7.153075822607935e-05,214746,69900
NYUv2,nyuv2_labeled_0422,18692fbac3fa9b9504610f20c3631ae2a97337b2b7e659d66d3803c85e9e5d38,target_deletion,2,target_deletion-v2,0.037170199359696864,0.03772316942788417,0.0005529700681873098,0.9970150782785244,0.9969033183388748,0.00011175993964962494,0.0238127562492469,0.023677397700215753,-0.00013535854903114555,0.9995994277539342,0.9996709585121603,-7.153075822607935e-05,214746,69900
NYUv2,nyuv2_labeled_0424,18692fbac3fa9b9504610f20c3631ae2a97337b2b7e659d66d3803c85e9e5d38,depth_relation_conflict,0,depth_relation_conflict-v0,0.0344893749390237,0.03186297122865201,-0.0026264037103716914,0.9942926956977048,0.9943188759926695,-2.6180294964706086e-05,0.04258654384040521,0.03835974509343805,-0.004226798746967159,1.0,1.0,0.0,229180,1192
NYUv2,nyuv2_labeled_0424,18692fbac3fa9b9504610f20c3631ae2a97337b2b7e659d66d3803c85e9e5d38,depth_relation_conflict,1,depth_relation_conflict-v1,0.0344893749390237,0.035471488903921634,0.0009821139648979321,0.9942926956977048,0.9940047124530936,0.00028798324461121183,0.04258654384040521,0.042563326573335794,-2.3217267069414183e-05,1.0,1.0,0.0,229180,1192
NYUv2,nyuv2_labeled_0424,18692fbac3fa9b9504610f20c3631ae2a97337b2b7e659d66d3803c85e9e5d38,depth_relation_conflict,2,depth_relation_conflict-v2,0.0344893749390237,0.03375128380333052,-0.0007380911356931821,0.9942926956977048,0.9943319661401518,-3.927044244700362e-05,0.04258654384040521,0.04130851202168859,-0.0012780318187166212,1.0,1.0,0.0,229180,1192
NYUv2,nyuv2_labeled_0424,18692fbac3fa9b9504610f20c3631ae2a97337b2b7e659d66d3803c85e9e5d38,local_entity_conflict,0,local_entity_conflict-v0,0.0344893749390237,0.03153091790800699,-0.0029584570310167146,0.9942926956977048,0.994541408499869,-0.0002487128021642082,0.04258654384040521,0.04302520991028869,0.00043866606988348517,1.0,1.0,0.0,229180,1192
NYUv2,nyuv2_labeled_0424,18692fbac3fa9b9504610f20c3631ae2a97337b2b7e659d66d3803c85e9e5d38,local_entity_conflict,1,local_entity_conflict-v1,0.0344893749390237,0.03345207148363467,-0.0010373034553890353,0.9942926956977048,0.9944235971725282,-0.00013090147482330838,0.04258654384040521,0.04434226835894128,0.0017557245185360684,1.0,1.0,0.0,229180,1192
NYUv2,nyuv2_labeled_0424,18692fbac3fa9b9504610f20c3631ae2a97337b2b7e659d66d3803c85e9e5d38,local_entity_conflict,2,local_entity_conflict-v2,0.0344893749390237,0.03218100235320446,-0.0023083725858192433,0.9942926956977048,0.9944934112924338,-0.00020071559472900624,0.04258654384040521,0.04312838500018302,0.0005418411597778103,1.0,1.0,0.0,229180,1192
NYUv2,nyuv2_labeled_0424,18692fbac3fa9b9504610f20c3631ae2a97337b2b7e659d66d3803c85e9e5d38,semantic_preserving,0,semantic_preserving-v0,0.0344893749390237,0.0344893749390237,0.0,0.9942926956977048,0.9942926956977048,0.0,0.04258654384040521,0.04258654384040521,0.0,1.0,1.0,0.0,229180,1192
NYUv2,nyuv2_labeled_0424,18692fbac3fa9b9504610f20c3631ae2a97337b2b7e659d66d3803c85e9e5d38,semantic_preserving,1,semantic_preserving-v1,0.0344893749390237,0.03227231777173695,-0.0022170571672867553,0.9942926956977048,0.9942796055502225,1.3090147482297532e-05,0.04258654384040521,0.03780136850250174,-0.004785175337903465,1.0,1.0,0.0,229180,1192
NYUv2,nyuv2_labeled_0424,18692fbac3fa9b9504610f20c3631ae2a97337b2b7e659d66d3803c85e9e5d38,semantic_preserving,2,semantic_preserving-v2,0.0344893749390237,0.03300137945996559,-0.0014879954790581115,0.9942926956977048,0.9943537830526223,-6.10873549174995e-05,0.04258654384040521,0.03912810169457736,-0.003458442145827849,1.0,1.0,0.0,229180,1192
NYUv2,nyuv2_labeled_0424,18692fbac3fa9b9504610f20c3631ae2a97337b2b7e659d66d3803c85e9e5d38,target_deletion,0,target_deletion-v0,0.0344893749390237,0.03342466401658759,-0.00106471092243611,0.9942926956977048,0.9943319661401518,-3.927044244700362e-05,0.04258654384040521,0.03601569045814871,-0.006570853382256499,1.0,1.0,0.0,229180,1192
NYUv2,nyuv2_labeled_0424,18692fbac3fa9b9504610f20c3631ae2a97337b2b7e659d66d3803c85e9e5d38,target_deletion,1,target_deletion-v1,0.0344893749390237,0.0414560558918682,0.006966680952844501,0.9942926956977048,0.9938781743607644,0.00041452133694042104,0.04258654384040521,0.0405287871658791,-0.0020577566745261094,1.0,1.0,0.0,229180,1192
NYUv2,nyuv2_labeled_0424,18692fbac3fa9b9504610f20c3631ae2a97337b2b7e659d66d3803c85e9e5d38,target_deletion,2,target_deletion-v2,0.0344893749390237,0.037295534298535896,0.0028061593595121934,0.9942926956977048,0.9939959856881054,0.0002967100095994102,0.04258654384040521,0.033243010832974804,-0.009343533007430405,1.0,1.0,0.0,229180,1192
NYUv2,nyuv2_labeled_0454,7cc87a6dc74b43d7058f80cea69f99769cee4cd3fa32087787dd5e9bc4cfc038,depth_relation_conflict,0,depth_relation_conflict-v0,0.04765920641008672,0.04972657768208639,0.002067371271999671,0.9982810152850262,0.9981416381459743,0.0001393771390518772,0.05181166328061418,0.053837980198338777,0.002026316917724598,1.0,1.0,0.0,193719,23816
NYUv2,nyuv2_labeled_0454,7cc87a6dc74b43d7058f80cea69f99769cee4cd3fa32087787dd5e9bc4cfc038,depth_relation_conflict,1,depth_relation_conflict-v1,0.04765920641008672,0.04806118794705105,0.0004019815369643298,0.9982810152850262,0.9981932593085862,8.775597644006261e-05,0.05181166328061418,0.05136134391456441,-0.00045031936604977146,1.0,1.0,0.0,193719,23816
NYUv2,nyuv2_labeled_0454,7cc87a6dc74b43d7058f80cea69f99769cee4cd3fa32087787dd5e9bc4cfc038,depth_relation_conflict,2,depth_relation_conflict-v2,0.04765920641008672,0.04879738523571733,0.001138178825630616,0.9982810152850262,0.9982345562386756,4.645904635058873e-05,0.05181166328061418,0.05355486772666811,0.001743204446053928,1.0,1.0,0.0,193719,23816
NYUv2,nyuv2_labeled_0454,7cc87a6dc74b43d7058f80cea69f99769cee4cd3fa32087787dd5e9bc4cfc038,local_entity_conflict,0,local_entity_conflict-v0,0.04765920641008672,0.05065213595098545,0.002992929540898734,0.9982810152850262,0.9975221841946325,0.0007588310903937634,0.05181166328061418,0.05013254385125984,-0.0016791194293543366,1.0,1.0,0.0,193719,23816
NYUv2,nyuv2_labeled_0454,7cc87a6dc74b43d7058f80cea69f99769cee4cd3fa32087787dd5e9bc4cfc038,local_entity_conflict,1,local_entity_conflict-v1,0.04765920641008672,0.05042608307350469,0.0027668766634179748,0.9982810152850262,0.9976460749849008,0.0006349403001254528,0.05181166328061418,0.04897691629750546,-0.0028347469831087185,1.0,1.0,0.0,193719,23816
NYUv2,nyuv2_labeled_0454,7cc87a6dc74b43d7058f80cea69f99769cee4cd3fa32087787dd5e9bc4cfc038,local_entity_conflict,2,local_entity_conflict-v2,0.04765920641008672,0.048234253557677076,0.0005750471475903587,0.9982810152850262,0.9979403156117882,0.00034069967323802075,0.05181166328061418,0.04832586022719372,-0.003485803053420458,1.0,1.0,0.0,193719,23816
NYUv2,nyuv2_labeled_0454,7cc87a6dc74b43d7058f80cea69f99769cee4cd3fa32087787dd5e9bc4cfc038,semantic_preserving,0,semantic_preserving-v0,0.04765920641008672,0.04765920641008672,0.0,0.9982810152850262,0.9982810152850262,0.0,0.05181166328061418,0.05181166328061418,0.0,1.0,1.0,0.0,193719,23816
NYUv2,nyuv2_labeled_0454,7cc87a6dc74b43d7058f80cea69f99769cee4cd3fa32087787dd5e9bc4cfc038,semantic_preserving,1,semantic_preserving-v1,0.04765920641008672,0.04885278221324246,0.0011935758031557456,0.9982810152850262,0.9982345562386756,4.645904635058873e-05,0.05181166328061418,0.05361094953851243,0.0017992862578982485,1.0,1.0,0.0,193719,23816
NYUv2,nyuv2_labeled_0454,7cc87a6dc74b43d7058f80cea69f99769cee4cd3fa32087787dd5e9bc4cfc038,semantic_preserving,2,semantic_preserving-v2,0.04765920641008672,0.04947749856519879,0.001818292155112075,0.9982810152850262,0.9981571244947579,0.00012389079026831062,0.05181166328061418,0.053697605206028134,0.0018859419254139559,1.0,1.0,0.0,193719,23816
NYUv2,nyuv2_labeled_0454,7cc87a6dc74b43d7058f80cea69f99769cee4cd3fa32087787dd5e9bc4cfc038,target_deletion,0,target_deletion-v0,0.04765920641008672,0.05079265810359391,0.0031334516935071915,0.9982810152850262,0.9980177473557059,0.00026326792932029885,0.05181166328061418,0.055362116707657914,0.0035504534270437357,1.0,1.0,0.0,193719,23816
NYUv2,nyuv2_labeled_0454,7cc87a6dc74b43d7058f80cea69f99769cee4cd3fa32087787dd5e9bc4cfc038,target_deletion,1,target_deletion-v1,0.04765920641008672,0.04639497957316778,-0.0012642268369189372,0.9982810152850262,0.9982603668199815,2.064846504468143e-05,0.05181166328061418,0.04899320923858063,-0.0028184540420335483,1.0,1.0,0.0,193719,23816
NYUv2,nyuv2_labeled_0454,7cc87a6dc74b43d7058f80cea69f99769cee4cd3fa32087787dd5e9bc4cfc038,target_deletion,2,target_deletion-v2,0.04765920641008672,0.04844264988083345,0.000783443470746735,0.9982810152850262,0.9982190698898921,6.194539513415531e-05,0.05181166328061418,0.05058060713057284,-0.0012310561500413417,1.0,1.0,0.0,193719,23816
NYUv2,nyuv2_labeled_0455,7cc87a6dc74b43d7058f80cea69f99769cee4cd3fa32087787dd5e9bc4cfc038,depth_relation_conflict,0,depth_relation_conflict-v0,0.051818245220530273,0.052254065236707024,0.00043582001617675087,0.9862710906992166,0.9872596212884054,-0.0009885305891887963,0.04007801594134091,0.03873465841621163,-0.0013433575251292768,0.9998415967052114,0.9998415967052114,0.0,162868,6313
NYUv2,nyuv2_labeled_0455,7cc87a6dc74b43d7058f80cea69f99769cee4cd3fa32087787dd5e9bc4cfc038,depth_relation_conflict,1,depth_relation_conflict-v1,0.051818245220530273,0.052830904435527536,0.0010126592149972621,0.9862710906992166,0.9859149740894466,0.00035611660976997417,0.04007801594134091,0.04459412414487723,0.004516108203536318,0.9998415967052114,0.9996831934104229,0.00015840329478855608,162868,6313
NYUv2,nyuv2_labeled_0455,7cc87a6dc74b43d7058f80cea69f99769cee4cd3fa32087787dd5e9bc4cfc038,depth_relation_conflict,2,depth_relation_conflict-v2,0.051818245220530273,0.05121512267909899,-0.0006031225414312863,0.9862710906992166,0.9864491490041015,-0.00017805830488493157,0.04007801594134091,0.04277206362255869,0.0026940476812177816,0.9998415967052114,0.9998415967052114,0.0,162868,6313
NYUv2,nyuv2_labeled_0455,7cc87a6dc74b43d7058f80cea69f99769cee4cd3fa32087787dd5e9bc4cfc038,local_entity_conflict,0,local_entity_conflict-v0,0.051818245220530273,0.053608924952455714,0.0017906797319254403,0.9862710906992166,0.9874560994179336,-0.0011850087187169622,0.04007801594134091,0.05009541940035823,0.010017403459017318,0.9998415967052114,0.9996831934104229,0.00015840329478855608,162868,6313
NYUv2,nyuv2_labeled_0455,7cc87a6dc74b43d7058f80cea69f99769cee4cd3fa32087787dd5e9bc4cfc038,local_entity_conflict,1,local_entity_conflict-v1,0.051818245220530273,0.05336757875409334,0.0015493335335630687,0.9862710906992166,0.9868421052631579,-0.0005710145639412634,0.04007801594134091,0.05239220386139959,0.01231418792005868,0.9998415967052114,0.9998415967052114,0.0,162868,6313
NYUv2,nyuv2_labeled_0455,7cc87a6dc74b43d7058f80cea69f99769cee4cd3fa32087787dd5e9bc4cfc038,local_entity_conflict,2,local_entity_conflict-v2,0.051818245220530273,0.05164015038759841,-0.000178094832931866,0.9862710906992166,0.9864430090625538,-0.0001719183633371868,0.04007801594134091,0.047980361683347975,0.007902345742007065,0.9998415967052114,0.9996831934104229,0.00015840329478855608,162868,6313
NYUv2,nyuv2_labeled_0455,7cc87a6dc74b43d7058f80cea69f99769cee4cd3fa32087787dd5e9bc4cfc038,semantic_preserving,0,semantic_preserving-v0,0.051818245220530273,0.051818245220530273,0.0,0.9862710906992166,0.9862710906992166,0.0,0.04007801594134091,0.04007801594134091,0.0,0.9998415967052114,0.9998415967052114,0.0,162868,6313
NYUv2,nyuv2_labeled_0455,7cc87a6dc74b43d7058f80cea69f99769cee4cd3fa32087787dd5e9bc4cfc038,semantic_preserving,1,semantic_preserving-v1,0.051818245220530273,0.05141678372540849,-0.00040146149512178264,0.9862710906992166,0.9871859419898322,-0.000914851290615637,0.04007801594134091,0.03681727449810723,-0.0032607414432336765,0.9998415967052114,0.9998415967052114,0.0,162868,6313
NYUv2,nyuv2_labeled_0455,7cc87a6dc74b43d7058f80cea69f99769cee4cd3fa32087787dd5e9bc4cfc038,semantic_preserving,2,semantic_preserving-v2,0.051818245220530273,0.05245653519783184,0.0006382899773015663,0.9862710906992166,0.98719208193138,-0.0009209912321633817,0.04007801594134091,0.040315682474535514,0.000237666533194604,0.9998415967052114,0.9998415967052114,0.0,162868,6313
NYUv2,nyuv2_labeled_0455,7cc87a6dc74b43d7058f80cea69f99769cee4cd3fa32087787dd5e9bc4cfc038,target_deletion,0,target_deletion-v0,0.051818245220530273,0.05467579348743144,0.0028575482669011693,0.9862710906992166,0.986007073212663,0.0002640174865535805,0.04007801594134091,0.056264253405531386,0.016186237464190477,0.9998415967052114,0.9998415967052114,0.0,162868,6313
NYUv2,nyuv2_labeled_0455,7cc87a6dc74b43d7058f80cea69f99769cee4cd3fa32087787dd5e9bc4cfc038,target_deletion,1,target_deletion-v1,0.051818245220530273,0.05257121632061911,0.0007529711000888381,0.9862710906992166,0.9845150674165581,0.0017560232826584476,0.04007801594134091,0.045104067021678525,0.005026051080337615,0.9998415967052114,0.9996831934104229,0.00015840329478855608,162868,6313
NYUv2,nyuv2_labeled_0455,7cc87a6dc74b43d7058f80cea69f99769cee4cd3fa32087787dd5e9bc4cfc038,target_deletion,2,target_deletion-v2,0.051818245220530273,0.05269146617003359,0.0008732209495033172,0.9862710906992166,0.9849939828572832,0.001277107841933356,0.04007801594134091,0.04770616498419603,0.007628149042855123,0.9998415967052114,0.9996831934104229,0.00015840329478855608,162868,6313
NYUv2,nyuv2_labeled_0479,908a84aceeb6623353cd6033acdeda5dc43fc46a713168ce1fc09ed78d31126a,depth_relation_conflict,0,depth_relation_conflict-v0,0.028080717639021188,0.028331814409469618,0.00025109677044843,0.9970412450440854,0.9970067262362664,3.451880781901728e-05,0.03039040487778819,0.03415265348165152,0.0037622486038633336,1.0,1.0,0.0,202788,3522
NYUv2,nyuv2_labeled_0479,908a84aceeb6623353cd6033acdeda5dc43fc46a713168ce1fc09ed78d31126a,depth_relation_conflict,1,depth_relation_conflict-v1,0.028080717639021188,0.028631860253527992,0.0005511426145068041,0.9970412450440854,0.9970560388188651,-1.4793774779642277e-05,0.03039040487778819,0.03829572197555904,0.007905317097770852,1.0,1.0,0.0,202788,3522
NYUv2,nyuv2_labeled_0479,908a84aceeb6623353cd6033acdeda5dc43fc46a713168ce1fc09ed78d31126a,depth_relation_conflict,2,depth_relation_conflict-v2,0.028080717639021188,0.027676101822475124,-0.00040461581654606393,0.9970412450440854,0.9971053514014636,-6.410635737819081e-05,0.03039040487778819,0.03364858478288523,0.0032581799050970424,1.0,1.0,0.0,202788,3522
NYUv2,nyuv2_labeled_0479,908a84aceeb6623353cd6033acdeda5dc43fc46a713168ce1fc09ed78d31126a,local_entity_conflict,0,local_entity_conflict-v0,0.028080717639021188,0.02905482533541991,0.0009741076963987218,0.9970412450440854,0.997090557626684,-4.931258259854854e-05,0.03039040487778819,0.03363699295739643,0.0032465880796082418,1.0,1.0,0.0,202788,3522
NYUv2,nyuv2_labeled_0479,908a84aceeb6623353cd6033acdeda5dc43fc46a713168ce1fc09ed78d31126a,local_entity_conflict,1,local_entity_conflict-v1,0.028080717639021188,0.029358791662710423,0.0012780740236892352,0.9970412450440854,0.9969722074284474,6.903761563803457e-05,0.03039040487778819,0.03852392118454529,0.008133516306757103,1.0,1.0,0.0,202788,3522
NYUv2,nyuv2_labeled_0479,908a84aceeb6623353cd6033acdeda5dc43fc46a713168ce1fc09ed78d31126a,local_entity_conflict,2,local_entity_conflict-v2,0.028080717639021188,0.028438628239081578,0.00035791060006038974,0.9970412450440854,0.9970363137858256,4.9312582598437515e-06,0.03039040487778819,0.035392165690570715,0.005001760812782526,1.0,1.0,0.0,202788,3522
NYUv2,nyuv2_labeled_0479,908a84aceeb6623353cd6033acdeda5dc43fc46a713168ce1fc09ed78d31126a,semantic_preserving,0,semantic_preserving-v0,0.028080717639021188,0.028080717639021188,0.0,0.9970412450440854,0.9970412450440854,0.0,0.03039040487778819,0.03039040487778819,0.0,1.0,1.0,0.0,202788,3522
NYUv2,nyuv2_labeled_0479,908a84aceeb6623353cd6033acdeda5dc43fc46a713168ce1fc09ed78d31126a,semantic_preserving,1,semantic_preserving-v1,0.028080717639021188,0.028029974742098597,-5.074289692259121e-05,0.9970412450440854,0.9970757638519044,-3.451880781901728e-05,0.03039040487778819,0.03275911818134248,0.002368713303554291,1.0,1.0,0.0,202788,3522
NYUv2,nyuv2_labeled_0479,908a84aceeb6623353cd6033acdeda5dc43fc46a713168ce1fc09ed78d31126a,semantic_preserving,2,semantic_preserving-v2,0.028080717639021188,0.03035563278778705,0.002274915148765863,0.9970412450440854,0.9970067262362664,3.451880781901728e-05,0.03039040487778819,0.041357101144807076,0.010966696267018888,1.0,1.0,0.0,202788,3522
NYUv2,nyuv2_labeled_0479,908a84aceeb6623353cd6033acdeda5dc43fc46a713168ce1fc09ed78d31126a,target_deletion,0,target_deletion-v0,0.028080717639021188,0.027617451350125877,-0.0004632662888953108,0.9970412450440854,0.9972039765666607,-0.0001627315225752879,0.03039040487778819,0.03613035447904191,0.005739949601253718,1.0,1.0,0.0,202788,3522
NYUv2,nyuv2_labeled_0479,908a84aceeb6623353cd6033acdeda5dc43fc46a713168ce1fc09ed78d31126a,target_deletion,1,target_deletion-v1,0.028080717639021188,0.02775771335070158,-0.0003230042883196095,0.9970412450440854,0.9970264512693059,1.4793774779531255e-05,0.03039040487778819,0.03872399081227987,0.00833358593449168,1.0,1.0,0.0,202788,3522
NYUv2,nyuv2_labeled_0479,908a84aceeb6623353cd6033acdeda5dc43fc46a713168ce1fc09ed78d31126a,target_deletion,2,target_deletion-v2,0.028080717639021188,0.026693337102475533,-0.0013873805365456557,0.9970412450440854,0.9971398702092826,-9.86251651972081e-05,0.03039040487778819,0.03455056057808045,0.004160155700292264,1.0,1.0,0.0,202788,3522
NYUv2,nyuv2_labeled_0481,908a84aceeb6623353cd6033acdeda5dc43fc46a713168ce1fc09ed78d31126a,depth_relation_conflict,0,depth_relation_conflict-v0,0.0368022969579456,0.04713328144350427,0.010330984485558664,0.9993994309937444,0.99924600095565,0.00015343003809442646,0.03208778276588963,0.047194678003941386,0.015106895238051754,1.0,1.0,0.0,228117,1369
NYUv2,nyuv2_labeled_0481,908a84aceeb6623353cd6033acdeda5dc43fc46a713168ce1fc09ed78d31126a,depth_relation_conflict,1,depth_relation_conflict-v1,0.0368022969579456,0.03916233433025231,0.0023600373723067086,0.9993994309937444,0.9994476518628599,-4.8220869115489506e-05,0.03208778276588963,0.0340042430694602,0.0019164603035705663,1.0,1.0,0.0,228117,1369
NYUv2,nyuv2_labeled_0481,908a84aceeb6623353cd6033acdeda5dc43fc46a713168ce1fc09ed78d31126a,depth_relation_conflict,2,depth_relation_conflict-v2,0.0368022969579456,0.03927778748801181,0.00247549053006621,0.9993994309937444,0.9993906635629962,8.767430748179983e-06,0.03208778276588963,0.034815359508067,0.0027275767421773706,1.0,1.0,0.0,228117,1369
NYUv2,nyuv2_labeled_0481,908a84aceeb6623353cd6033acdeda5dc43fc46a713168ce1fc09ed78d31126a,local_entity_conflict,0,local_entity_conflict-v0,0.0368022969579456,0.041092441213163904,0.0042901442552183006,0.9993994309937444,0.9995703958933354,-0.00017096489959100847,0.03208778276588963,0.03485702276164019,0.002769239995750558,1.0,1.0,0.0,228117,1369
NYUv2,nyuv2_labeled_0481,908a84aceeb6623353cd6033acdeda5dc43fc46a713168ce1fc09ed78d31126a,local_entity_conflict,1,local_entity_conflict-v1,0.0368022969579456,0.04796981480923664,0.01116751785129104,0.9993994309937444,0.9994081984244927,-8.767430748291005e-06,0.03208778276588963,0.04490927484942677,0.01282149208353714,1.0,1.0,0.0,228117,1369
NYUv2,nyuv2_labeled_0481,908a84aceeb6623353cd6033acdeda5dc43fc46a713168ce1fc09ed78d31126a,local_entity_conflict,2,local_entity_conflict-v2,0.0368022969579456,0.04353152836891379,0.006729231410968185,0.9993994309937444,0.9994125821398668,-1.3151146122436508e-05,0.03208778276588963,0.04201011575959006,0.009922332993700426,1.0,1.0,0.0,228117,1369
NYUv2,nyuv2_labeled_0481,908a84aceeb6623353cd6033acdeda5dc43fc46a713168ce1fc09ed78d31126a,semantic_preserving,0,semantic_preserving-v0,0.0368022969579456,0.0368022969579456,0.0,0.9993994309937444,0.9993994309937444,0.0,0.03208778276588963,0.03208778276588963,0.0,1.0,1.0,0.0,228117,1369
NYUv2,nyuv2_labeled_0481,908a84aceeb6623353cd6033acdeda5dc43fc46a713168ce1fc09ed78d31126a,semantic_preserving,1,semantic_preserving-v1,0.0368022969579456,0.044245410611651007,0.0074431136537054035,0.9993994309937444,0.9992898381093912,0.00010959288435319348,0.03208778276588963,0.04136038405225733,0.009272601286367699,1.0,1.0,0.0,228117,1369
NYUv2,nyuv2_labeled_0481,908a84aceeb6623353cd6033acdeda5dc43fc46a713168ce1fc09ed78d31126a,semantic_preserving,2,semantic_preserving-v2,0.0368022969579456,0.04966270485967026,0.012860407901724658,0.9993994309937444,0.9994476518628599,-4.8220869115489506e-05,0.03208778276588963,0.0493235173281888,0.017235734562299168,1.0,1.0,0.0,228117,1369
NYUv2,nyuv2_labeled_0481,908a84aceeb6623353cd6033acdeda5dc43fc46a713168ce1fc09ed78d31126a,target_deletion,0,target_deletion-v0,0.0368022969579456,0.04018887536235482,0.0033865784044092156,0.9993994309937444,0.999964930277007,-0.0005654992832625494,0.03208778276588963,0.030333330592192016,-0.0017544521736976154,1.0,1.0,0.0,228117,1369
NYUv2,nyuv2_labeled_0481,908a84aceeb6623353cd6033acdeda5dc43fc46a713168ce1fc09ed78d31126a,target_deletion,1,target_deletion-v1,0.0368022969579456,0.040071909054906575,0.003269612096960972,0.9993994309937444,0.9999079419771433,-0.0005085109833988799,0.03208778276588963,0.033436689234007104,0.0013489064681174723,1.0,1.0,0.0,228117,1369
NYUv2,nyuv2_labeled_0481,908a84aceeb6623353cd6033acdeda5dc43fc46a713168ce1fc09ed78d31126a,target_deletion,2,target_deletion-v2,0.0368022969579456,0.03761528281983072,0.0008129858618851141,0.9993994309937444,0.9998772559695244,-0.0004778249757799724,0.03208778276588963,0.03029901145768399,-0.001788771308205643,1.0,1.0,0.0,228117,1369
NYUv2,nyuv2_labeled_0485,a568d0e08ec23ce7e9cd221ae3daf756c3673727b72e0eb7e84493ad7504cd33,depth_relation_conflict,0,depth_relation_conflict-v0,0.059535789017823366,0.061022460375187694,0.0014866713573643275,0.9308754882347338,0.930603982090121,0.00027150614461279865,0.07365345086924516,0.08246275766563088,0.008809306796385724,0.9899198520345253,0.9890567200986436,0.0008631319358816114,209940,32440
NYUv2,nyuv2_labeled_0485,a568d0e08ec23ce7e9cd221ae3daf756c3673727b72e0eb7e84493ad7504cd33,depth_relation_conflict,1,depth_relation_conflict-v1,0.059535789017823366,0.06050813429970085,0.0009723452818774861,0.9308754882347338,0.9308993045632086,-2.3816328474812742e-05,0.07365345086924516,0.07867119506246538,0.005017744193220222,0.9899198520345253,0.989272503082614,0.0006473489519112086,209940,32440
NYUv2,nyuv2_labeled_0485,a568d0e08ec23ce7e9cd221ae3daf756c3673727b72e0eb7e84493ad7504cd33,depth_relation_conflict,2,depth_relation_conflict-v2,0.059535789017823366,0.05950936990205201,-2.6419115771357526e-05,0.9308754882347338,0.9302562636943889,0.0006192245403449093,0.07365345086924516,0.07544546058423986,0.0017920097149946995,0.9899198520345253,0.9895191122071517,0.00040073982737354186,209940,32440
NYUv2,nyuv2_labeled_0485,a568d0e08ec23ce7e9cd221ae3daf756c3673727b72e0eb7e84493ad7504cd33,local_entity_conflict,0,local_entity_conflict-v0,0.059535789017823366,0.0594237841073934,-0.00011200491042996641,0.9308754882347338,0.9314756597122987,-0.0006001714775649702,0.07365345086924516,0.0702726052137395,-0.003380845655505657,0.9899198520345253,0.9902281134401972,-0.00030826140567197235,209940,32440
NYUv2,nyuv2_labeled_0485,a568d0e08ec23ce7e9cd221ae3daf756c3673727b72e0eb7e84493ad7504cd33,local_entity_conflict,1,local_entity_conflict-v1,0.059535789017823366,0.06132393184260617,0.001788142824782804,0.9308754882347338,0.9294560350576355,0.00141945317709824,0.07365345086924516,0.08224282398331645,0.008589373114071291,0.9899198520345253,0.9883168927250309,0.0016029593094943895,209940,32440
NYUv2,nyuv2_labeled_0485,a568d0e08ec23ce7e9cd221ae3daf756c3673727b72e0eb7e84493ad7504cd33,local_entity_conflict,2,local_entity_conflict-v2,0.059535789017823366,0.0602957406827279,0.000759951664904536,0.9308754882347338,0.9296608554825189,0.0012146327522148948,0.07365345086924516,0.07119802283084334,-0.002455428038401819,0.9899198520345253,0.9899198520345253,0.0,209940,32440
NYUv2,nyuv2_labeled_0485,a568d0e08ec23ce7e9cd221ae3daf756c3673727b72e0eb7e84493ad7504cd33,semantic_preserving,0,semantic_preserving-v0,0.059535789017823366,0.059535789017823366,0.0,0.9308754882347338,0.9308754882347338,0.0,0.07365345086924516,0.07365345086924516,0.0,0.9899198520345253,0.9899198520345253,0.0,209940,32440
NYUv2,nyuv2_labeled_0485,a568d0e08ec23ce7e9cd221ae3daf756c3673727b72e0eb7e84493ad7504cd33,semantic_preserving,1,semantic_preserving-v1,0.059535789017823366,0.061130741589222,0.0015949525713986334,0.9308754882347338,0.9302896065542536,0.000585881680480127,0.07365345086924516,0.08140450455513248,0.007751053685887327,0.9899198520345253,0.9890258939580765,0.0008939580764487642,209940,32440
NYUv2,nyuv2_labeled_0485,a568d0e08ec23ce7e9cd221ae3daf756c3673727b72e0eb7e84493ad7504cd33,semantic_preserving,2,semantic_preserving-v2,0.059535789017823366,0.061001922871836096,0.00146613385401273,0.9308754882347338,0.9312470229589407,-0.00037153472420692335,0.07365345086924516,0.0833132854432771,0.009659834574031939,0.9899198520345253,0.9889025893958077,0.0010172626387175976,209940,32440
NYUv2,nyuv2_labeled_0485,a568d0e08ec23ce7e9cd221ae3daf756c3673727b72e0eb7e84493ad7504cd33,target_deletion,0,target_deletion-v0,0.059535789017823366,0.06015441290109613,0.0006186238832727661,0.9308754882347338,0.9322234924264076,-0.0013480041916738017,0.07365345086924516,0.07593741693635492,0.0022839660671097606,0.9899198520345253,0.9899506781750925,-3.082614056726385e-05,209940,32440
NYUv2,nyuv2_labeled_0485,a568d0e08ec23ce7e9cd221ae3daf756c3673727b72e0eb7e84493ad7504cd33,target_deletion,1,target_deletion-v1,0.059535789017823366,0.061283556181282166,0.0017477671634587993,0.9308754882347338,0.9308659617033438,9.526531389969506e-06,0.07365345086924516,0.0806481348381522,0.0069946839689070395,0.9899198520345253,0.9884401972872996,0.0014796547472256671,209940,32440
NYUv2,nyuv2_labeled_0485,a568d0e08ec23ce7e9cd221ae3daf756c3673727b72e0eb7e84493ad7504cd33,target_deletion,2,target_deletion-v2,0.059535789017823366,0.0602483055151569,0.0007125164973335318,0.9308754882347338,0.9311327045822616,-0.0002572163475278444,0.07365345086924516,0.07550205298748512,0.0018486021182399642,0.9899198520345253,0.9893649815043156,0.0005548705302096391,209940,32440
NYUv2,nyuv2_labeled_0486,a568d0e08ec23ce7e9cd221ae3daf756c3673727b72e0eb7e84493ad7504cd33,depth_relation_conflict,0,depth_relation_conflict-v0,0.03929318520570846,0.03906162714058055,-0.00023155806512790977,0.997540594873861,0.9972300215302872,0.00031057334357387223,0.06450918846240489,0.06696079320469299,0.002451604742288102,0.9832130467721999,0.9812592208620758,0.001953825910124052,238269,25079
NYUv2,nyuv2_labeled_0486,a568d0e08ec23ce7e9cd221ae3daf756c3673727b72e0eb7e84493ad7504cd33,depth_relation_conflict,1,depth_relation_conflict-v1,0.03929318520570846,0.040241794956041334,0.0009486097503328753,0.997540594873861,0.9978637590286609,-0.0003231641547998265,0.06450918846240489,0.06094936857439848,-0.0035598198880064102,0.9832130467721999,0.9856453606603134,-0.002432313888113491,238269,25079
NYUv2,nyuv2_labeled_0486,a568d0e08ec23ce7e9cd221ae3daf756c3673727b72e0eb7e84493ad7504cd33,depth_relation_conflict,2,depth_relation_conflict-v2,0.03929318520570846,0.04107100774457487,0.0017778225388664082,0.997540594873861,0.9974314745099027,0.00010912036395838154,0.06450918846240489,0.0644210861301829,-8.81023322219926e-05,0.9832130467721999,0.9826149367997129,0.0005981099724869932,238269,25079
NYUv2,nyuv2_labeled_0486,a568d0e08ec23ce7e9cd221ae3daf756c3673727b72e0eb7e84493ad7504cd33,local_entity_conflict,0,local_entity_conflict-v0,0.03929318520570846,0.03810119481050068,-0.00119199039520778,0.997540594873861,0.9972677939639651,0.00027280090989589834,0.06450918846240489,0.06860649051551597,0.004097302053111082,0.9832130467721999,0.9807807328840863,0.002432313888113602,238269,25079
NYUv2,nyuv2_labeled_0486,a568d0e08ec23ce7e9cd221ae3daf756c3673727b72e0eb7e84493ad7504cd33,local_entity_conflict,1,local_entity_conflict-v1,0.03929318520570846,0.038325807016274124,-0.0009673781894343342,0.997540594873861,0.9966046779060641,0.0009359169677969348,0.06450918846240489,0.07222794003493953,0.007718751572534641,0.9832130467721999,0.9764344670840145,0.006778579688185404,238269,25079
NYUv2,nyuv2_labeled_0486,a568d0e08ec23ce7e9cd221ae3daf756c3673727b72e0eb7e84493ad7504cd33,local_entity_conflict,2,local_entity_conflict-v2,0.03929318520570846,0.039931315656496394,0.0006381304507879354,0.997540594873861,0.9973097633347183,0.00023083153914271737,0.06450918846240489,0.06749069607298272,0.0029815076105778326,0.9832130467721999,0.9816579608437338,0.0015550859284660934,238269,25079
NYUv2,nyuv2_labeled_0486,a568d0e08ec23ce7e9cd221ae3daf756c3673727b72e0eb7e84493ad7504cd33,semantic_preserving,0,semantic_preserving-v0,0.03929318520570846,0.03929318520570846,0.0,0.997540594873861,0.997540594873861,0.0,0.06450918846240489,0.06450918846240489,0.0,0.9832130467721999,0.9832130467721999,0.0,238269,25079
NYUv2,nyuv2_labeled_0486,a568d0e08ec23ce7e9cd221ae3daf756c3673727b72e0eb7e84493ad7504cd33,semantic_preserving,1,semantic_preserving-v1,0.03929318520570846,0.03816678093538424,-0.0011264042703242189,0.997540594873861,0.9973433388313209,0.0001972560425401726,0.06450918846240489,0.06669514988308835,0.0021859614206834604,0.9832130467721999,0.9821364488217234,0.0010765979504765433,238269,25079
NYUv2,nyuv2_labeled_0486,a568d0e08ec23ce7e9cd221ae3daf756c3673727b72e0eb7e84493ad7504cd33,semantic_preserving,2,semantic_preserving-v2,0.03929318520570846,0.038652339183383996,-0.0006408460223244622,0.997540594873861,0.9971376889146301,0.0004029059592309814,0.06450918846240489,0.06750981198223421,0.0030006235198293263,0.9832130467721999,0.9804617408987599,0.0027513058734399687,238269,25079
NYUv2,nyuv2_labeled_0486,a568d0e08ec23ce7e9cd221ae3daf756c3673727b72e0eb7e84493ad7504cd33,target_deletion,0,target_deletion-v0,0.03929318520570846,0.038278120317279854,-0.0010150648884286045,0.997540594873861,0.9980400303858245,-0.0004994355119634086,0.06450918846240489,0.059741216693389054,-0.004767971769015833,0.9832130467721999,0.9871206985924479,-0.003907651820247993,238269,25079
NYUv2,nyuv2_labeled_0486,a568d0e08ec23ce7e9cd221ae3daf756c3673727b72e0eb7e84493ad7504cd33,target_deletion,1,target_deletion-v1,0.03929318520570846,0.04052178171367937,0.0012285965079709138,0.997540594873861,0.9980694089453517,-0.0005288140714906353,0.06450918846240489,0.058872257548092256,-0.005636930914312631,0.9832130467721999,0.9875194385741058,-0.004306391801905951,238269,25079
NYUv2,nyuv2_labeled_0486,a568d0e08ec23ce7e9cd221ae3daf756c3673727b72e0eb7e84493ad7504cd33,target_deletion,2,target_deletion-v2,0.03929318520570846,0.03763569924943578,-0.0016574859562726793,0.997540594873861,0.9980526211970504,-0.0005120263231893629,0.06450918846240489,0.058904378647266546,-0.005604809815138341,0.9832130467721999,0.9871206985924479,-0.003907651820247993,238269,25079
NYUv2,nyuv2_labeled_0487,b54af20dda8e9790b83d3527f3fd450287396b8f91a16cd8c33af4df3ef8deb3,depth_relation_conflict,0,depth_relation_conflict-v0,0.036527882496544796,0.03737686057666376,0.0008489780801189672,0.9978819954769717,0.9975504386941612,0.0003315567828104937,0.033183101995228774,0.03389696777143512,0.0007138657762063433,1.0,1.0,0.0,202077,25226
NYUv2,nyuv2_labeled_0487,b54af20dda8e9790b83d3527f3fd450287396b8f91a16cd8c33af4df3ef8deb3,depth_relation_conflict,1,depth_relation_conflict-v1,0.036527882496544796,0.037854722432944465,0.0013268399363996694,0.9978819954769717,0.9981492203466995,-0.00026722486972785564,0.033183101995228774,0.03437084379413971,0.0011877417989109365,1.0,1.0,0.0,202077,25226
NYUv2,nyuv2_labeled_0487,b54af20dda8e9790b83d3527f3fd450287396b8f91a16cd8c33af4df3ef8deb3,depth_relation_conflict,2,depth_relation_conflict-v2,0.036527882496544796,0.036403482392751534,-0.00012440010379326238,0.9978819954769717,0.9976296164333398,0.00025237904363184516,0.033183101995228774,0.03362634030571028,0.00044323831048150714,1.0,1.0,0.0,202077,25226
NYUv2,nyuv2_labeled_0487,b54af20dda8e9790b83d3527f3fd450287396b8f91a16cd8c33af4df3ef8deb3,local_entity_conflict,0,local_entity_conflict-v0,0.036527882496544796,0.03402789989324626,-0.002499982603298534,0.9978819954769717,0.9973673401723105,0.0005146553046611047,0.033183101995228774,0.030847636438568412,-0.002335465556660362,1.0,1.0,0.0,202077,25226
NYUv2,nyuv2_labeled_0487,b54af20dda8e9790b83d3527f3fd450287396b8f91a16cd8c33af4df3ef8deb3,local_entity_conflict,1,local_entity_conflict-v1,0.036527882496544796,0.03480951453603352,-0.001718367960511273,0.9978819954769717,0.9972782652157346,0.0006037302612370565,0.033183101995228774,0.033485097581413346,0.00030199558618457245,1.0,1.0,0.0,202077,25226
NYUv2,nyuv2_labeled_0487,b54af20dda8e9790b83d3527f3fd450287396b8f91a16cd8c33af4df3ef8deb3,local_entity_conflict,2,local_entity_conflict-v2,0.036527882496544796,0.03400804855251515,-0.0025198339440296452,0.9978819954769717,0.9970753722590894,0.0008066232178822741,0.033183101995228774,0.0326914414900692,-0.0004916605051595718,1.0,1.0,0.0,202077,25226
NYUv2,nyuv2_labeled_0487,b54af20dda8e9790b83d3527f3fd450287396b8f91a16cd8c33af4df3ef8deb3,semantic_preserving,0,semantic_preserving-v0,0.036527882496544796,0.036527882496544796,0.0,0.9978819954769717,0.9978819954769717,0.0,0.033183101995228774,0.033183101995228774,0.0,1.0,1.0,0.0,202077,25226
NYUv2,nyuv2_labeled_0487,b54af20dda8e9790b83d3527f3fd450287396b8f91a16cd8c33af4df3ef8deb3,semantic_preserving,1,semantic_preserving-v1,0.036527882496544796,0.037294588899573745,0.0007667064030289494,0.9978819954769717,0.9974118776505986,0.0004701178263730732,0.033183101995228774,0.03387973237623559,0.0006966303810068131,1.0,1.0,0.0,202077,25226
NYUv2,nyuv2_labeled_0487,b54af20dda8e9790b83d3527f3fd450287396b8f91a16cd8c33af4df3ef8deb3,semantic_preserving,2,semantic_preserving-v2,0.036527882496544796,0.038092821278480064,0.0015649387819352684,0.9978819954769717,0.9973673401723105,0.0005146553046611047,0.033183101995228774,0.03403031207489336,0.0008472100796645884,1.0,1.0,0.0,202077,25226
NYUv2,nyuv2_labeled_0487,b54af20dda8e9790b83d3527f3fd450287396b8f91a16cd8c33af4df3ef8deb3,target_deletion,0,target_deletion-v0,0.036527882496544796,0.036520079258655865,-7.803237888931447e-06,0.9978819954769717,0.9987381047818406,-0.0008561093048689017,0.033183101995228774,0.033373570885117276,0.00019046888988850236,1.0,1.0,0.0,202077,25226
NYUv2,nyuv2_labeled_0487,b54af20dda8e9790b83d3527f3fd450287396b8f91a16cd8c33af4df3ef8deb3,target_deletion,1,target_deletion-v1,0.036527882496544796,0.0358158437142895,-0.0007120387822552934,0.9978819954769717,0.9977582802595051,0.000123715217466569,0.033183101995228774,0.035189521119032785,0.002006419123804011,1.0,1.0,0.0,202077,25226
NYUv2,nyuv2_labeled_0487,b54af20dda8e9790b83d3527f3fd450287396b8f91a16cd8c33af4df3ef8deb3,target_deletion,2,target_deletion-v2,0.036527882496544796,0.03543602461075725,-0.0010918578857875491,0.9978819954769717,0.9976543594768331,0.00022763600013853136,0.033183101995228774,0.03312202231796676,-6.107967726201591e-05,1.0,1.0,0.0,202077,25226
NYUv2,nyuv2_labeled_0488,b54af20dda8e9790b83d3527f3fd450287396b8f91a16cd8c33af4df3ef8deb3,depth_relation_conflict,0,depth_relation_conflict-v0,0.02658333435562916,0.026617982390334815,3.464803470565325e-05,0.9997769503971998,0.9997369158531075,4.0034544092293345e-05,0.08352902303327663,0.08373541471161962,0.0002063916783429931,1.0,1.0,0.0,174849,882
NYUv2,nyuv2_labeled_0488,b54af20dda8e9790b83d3527f3fd450287396b8f91a16cd8c33af4df3ef8deb3,depth_relation_conflict,1,depth_relation_conflict-v1,0.02658333435562916,0.026022799501602856,-0.000560534854026306,0.9997769503971998,0.9997883888383691,-1.143844116924253e-05,0.08352902303327663,0.08218941756639961,-0.0013396054668770169,1.0,1.0,0.0,174849,882
NYUv2,nyuv2_labeled_0488,b54af20dda8e9790b83d3527f3fd450287396b8f91a16cd8c33af4df3ef8deb3,depth_relation_conflict,2,depth_relation_conflict-v2,0.02658333435562916,0.026514587665499245,-6.87466901299165e-05,0.9997769503971998,0.9997826696177845,-5.719220584676776e-06,0.08352902303327663,0.0837101477096282,0.0001811246763515767,1.0,1.0,0.0,174849,882
NYUv2,nyuv2_labeled_0488,b54af20dda8e9790b83d3527f3fd450287396b8f91a16cd8c33af4df3ef8deb3,local_entity_conflict,0,local_entity_conflict-v0,0.02658333435562916,0.029007457671676957,0.002424123316047796,0.9997769503971998,0.9997197581913537,5.719220584610163e-05,0.08352902303327663,0.07544153627090427,-0.00808748676237235,1.0,1.0,0.0,174849,882
NYUv2,nyuv2_labeled_0488,b54af20dda8e9790b83d3527f3fd450287396b8f91a16cd8c33af4df3ef8deb3,local_entity_conflict,1,local_entity_conflict-v1,0.02658333435562916,0.027533715795646667,0.0009503814400175052,0.9997769503971998,0.999834142603046,-5.719220584621265e-05,0.08352902303327663,0.07600017893042225,-0.007528844102854371,1.0,1.0,0.0,174849,882
NYUv2,nyuv2_labeled_0488,b54af20dda8e9790b83d3527f3fd450287396b8f91a16cd8c33af4df3ef8deb3,local_entity_conflict,2,local_entity_conflict-v2,0.02658333435562916,0.026711754447400336,0.0001284200917711746,0.9997769503971998,0.9998398618236307,-6.291142643088943e-05,0.08352902303327663,0.0756862435237392,-0.00784277950953742,1.0,1.0,0.0,174849,882
NYUv2,nyuv2_labeled_0488,b54af20dda8e9790b83d3527f3fd450287396b8f91a16cd8c33af4df3ef8deb3,semantic_preserving,0,semantic_preserving-v0,0.02658333435562916,0.02658333435562916,0.0,0.9997769503971998,0.9997769503971998,0.0,0.08352902303327663,0.08352902303327663,0.0,1.0,1.0,0.0,174849,882
NYUv2,nyuv2_labeled_0488,b54af20dda8e9790b83d3527f3fd450287396b8f91a16cd8c33af4df3ef8deb3,semantic_preserving,1,semantic_preserving-v1,0.02658333435562916,0.027477658460673175,0.0008943241050440136,0.9997769503971998,0.9997369158531075,4.0034544092293345e-05,0.08352902303327663,0.08500878821579277,0.001479765182516149,1.0,1.0,0.0,174849,882
NYUv2,nyuv2_labeled_0488,b54af20dda8e9790b83d3527f3fd450287396b8f91a16cd8c33af4df3ef8deb3,semantic_preserving,2,semantic_preserving-v2,0.02658333435562916,0.027153251184084237,0.0005699168284550755,0.9997769503971998,0.9996968813090152,8.006908818458669e-05,0.08352902303327663,0.08461598084235027,0.001086957809073641,1.0,1.0,0.0,174849,882
NYUv2,nyuv2_labeled_0488,b54af20dda8e9790b83d3527f3fd450287396b8f91a16cd8c33af4df3ef8deb3,target_deletion,0,target_deletion-v0,0.02658333435562916,0.025830229616717548,-0.0007531047389116134,0.9997769503971998,0.9997883888383691,-1.143844116924253e-05,0.08352902303327663,0.07717165192966913,-0.006357371103607498,1.0,1.0,0.0,174849,882
NYUv2,nyuv2_labeled_0488,b54af20dda8e9790b83d3527f3fd450287396b8f91a16cd8c33af4df3ef8deb3,target_deletion,1,target_deletion-v1,0.02658333435562916,0.026480809776743303,-0.00010252457888585906,0.9997769503971998,0.9998627387059692,-8.578830876937449e-05,0.08352902303327663,0.07618922846996809,-0.007339794563308535,1.0,1.0,0.0,174849,882
NYUv2,nyuv2_labeled_0488,b54af20dda8e9790b83d3527f3fd450287396b8f91a16cd8c33af4df3ef8deb3,target_deletion,2,target_deletion-v2,0.02658333435562916,0.026014505582560903,-0.0005688287730682591,0.9997769503971998,0.9997826696177845,-5.719220584676776e-06,0.08352902303327663,0.08334461385571998,-0.00018440917755664643,1.0,1.0,0.0,174849,882
NYUv2,nyuv2_labeled_0489,b54af20dda8e9790b83d3527f3fd450287396b8f91a16cd8c33af4df3ef8deb3,depth_relation_conflict,0,depth_relation_conflict-v0,0.054812167858118606,0.053326253768983665,-0.0014859140891349404,0.9968158587579371,0.9956450363946105,0.0011708223633265513,0.0549446617618143,0.04878913619753567,-0.006155525564278626,1.0,1.0,0.0,161425,66116
NYUv2,nyuv2_labeled_0489,b54af20dda8e9790b83d3527f3fd450287396b8f91a16cd8c33af4df3ef8deb3,depth_relation_conflict,1,depth_relation_conflict-v1,0.054812167858118606,0.04985154943981935,-0.004960618418299256,0.9968158587579371,0.9970202880594703,-0.00020442930153319328,0.0549446617618143,0.04593862479176343,-0.009006036970050868,1.0,1.0,0.0,161425,66116
NYUv2,nyuv2_labeled_0489,b54af20dda8e9790b83d3527f3fd450287396b8f91a16cd8c33af4df3ef8deb3,depth_relation_conflict,2,depth_relation_conflict-v2,0.054812167858118606,0.053197496680212744,-0.0016146711779058617,0.9968158587579371,0.9963202725724021,0.0004955861855350241,0.0549446617618143,0.051019943390370616,-0.003924718371443682,1.0,1.0,0.0,161425,66116
NYUv2,nyuv2_labeled_0489,b54af20dda8e9790b83d3527f3fd450287396b8f91a16cd8c33af4df3ef8deb3,local_entity_conflict,0,local_entity_conflict-v0,0.054812167858118606,0.06061368437335884,0.005801516515240232,0.9968158587579371,0.992473284807186,0.004342573950751105,0.0549446617618143,0.06083546237764761,0.0058908006158333096,1.0,1.0,0.0,161425,66116
NYUv2,nyuv2_labeled_0489,b54af20dda8e9790b83d3527f3fd450287396b8f91a16cd8c33af4df3ef8deb3,local_entity_conflict,1,local_entity_conflict-v1,0.054812167858118606,0.05736891379386094,0.002556745935742337,0.9968158587579371,0.9927148830726343,0.004100975685302766,0.0549446617618143,0.05383189255210724,-0.0011127692097070568,1.0,1.0,0.0,161425,66116
NYUv2,nyuv2_labeled_0489,b54af20dda8e9790b83d3527f3fd450287396b8f91a16cd8c33af4df3ef8deb3,local_entity_conflict,2,local_entity_conflict-v2,0.054812167858118606,0.056950811989793515,0.002138644131674909,0.9968158587579371,0.9938299519900883,0.0029859067678488227,0.0549446617618143,0.05508760987115318,0.00014294810933888208,1.0,1.0,0.0,161425,66116
NYUv2,nyuv2_labeled_0489,b54af20dda8e9790b83d3527f3fd450287396b8f91a16cd8c33af4df3ef8deb3,semantic_preserving,0,semantic_preserving-v0,0.054812167858118606,0.054812167858118606,0.0,0.9968158587579371,0.9968158587579371,0.0,0.0549446617618143,0.0549446617618143,0.0,1.0,1.0,0.0,161425,66116
NYUv2,nyuv2_labeled_0489,b54af20dda8e9790b83d3527f3fd450287396b8f91a16cd8c33af4df3ef8deb3,semantic_preserving,1,semantic_preserving-v1,0.054812167858118606,0.05466584653045576,-0.0001463213276628461,0.9968158587579371,0.9950007743534149,0.0018150844045221604,0.0549446617618143,0.050909200633831315,-0.0040354611279829825,1.0,1.0,0.0,161425,66116
NYUv2,nyuv2_labeled_0489,b54af20dda8e9790b83d3527f3fd450287396b8f91a16cd8c33af4df3ef8deb3,semantic_preserving,2,semantic_preserving-v2,0.054812167858118606,0.054263738592717874,-0.0005484292654007322,0.9968158587579371,0.9956326467399721,0.0011832120179650074,0.0549446617618143,0.050562503118434556,-0.004382158643379742,1.0,1.0,0.0,161425,66116
NYUv2,nyuv2_labeled_0489,b54af20dda8e9790b83d3527f3fd450287396b8f91a16cd8c33af4df3ef8deb3,target_deletion,0,target_deletion-v0,0.054812167858118606,0.05307948211390982,-0.0017326857442087826,0.9968158587579371,0.995694595013164,0.00112126374477306,0.0549446617618143,0.04732126313564003,-0.007623398626174269,1.0,1.0,0.0,161425,66116
NYUv2,nyuv2_labeled_0489,b54af20dda8e9790b83d3527f3fd450287396b8f91a16cd8c33af4df3ef8deb3,target_deletion,1,target_deletion-v1,0.054812167858118606,0.05048753013025816,-0.004324637727860445,0.9968158587579371,0.9972433018429612,-0.0004274430850240707,0.0549446617618143,0.0445776018301354,-0.010367059931678899,1.0,1.0,0.0,161425,66116
NYUv2,nyuv2_labeled_0489,b54af20dda8e9790b83d3527f3fd450287396b8f91a16cd8c33af4df3ef8deb3,target_deletion,2,target_deletion-v2,0.054812167858118606,0.05360782092169224,-0.001204346936426369,0.9968158587579371,0.9965247018739353,0.0002911568840018308,0.0549446617618143,0.05094967096817448,-0.003994990793639817,1.0,1.0,0.0,161425,66116
NYUv2,nyuv2_labeled_0496,99336a1d7ead851a5464d361a8e82327c86c3f28f1b70cc49712d27afaab55f3,depth_relation_conflict,0,depth_relation_conflict-v0,0.06856909076486715,0.06583276134463817,-0.002736329420228986,0.9815847943142114,0.9816201317201807,-3.5337405969282365e-05,0.03988776953252724,0.04266400463332771,0.002776235100800467,0.9889285529515236,0.9889285529515236,0.0,226389,19329
NYUv2,nyuv2_labeled_0496,99336a1d7ead851a5464d361a8e82327c86c3f28f1b70cc49712d27afaab55f3,depth_relation_conflict,1,depth_relation_conflict-v1,0.06856909076486715,0.06677510131932633,-0.0017939894455408223,0.9815847943142114,0.9820971867007673,-0.000512392386555871,0.03988776953252724,0.040350265484025406,0.00046249595149816525,0.9889285529515236,0.9884629313466812,0.00046562160484242554,226389,19329
NYUv2,nyuv2_labeled_0496,99336a1d7ead851a5464d361a8e82327c86c3f28f1b70cc49712d27afaab55f3,depth_relation_conflict,2,depth_relation_conflict-v2,0.06856909076486715,0.06885199597197979,0.00028290520711263256,0.9815847943142114,0.9816819721806271,-9.717786641572079e-05,0.03988776953252724,0.04074479070410539,0.000857021171578147,0.9889285529515236,0.9886181385482953,0.0003104144032283207,226389,19329
NYUv2,nyuv2_labeled_0496,99336a1d7ead851a5464d361a8e82327c86c3f28f1b70cc49712d27afaab55f3,local_entity_conflict,0,local_entity_conflict-v0,0.06856909076486715,0.06869359947031306,0.00012450870544590542,0.9815847943142114,0.9815141195022726,7.067481193878677e-05,0.03988776953252724,0.04101800901466251,0.0011302394821352674,0.9889285529515236,0.9888768172176522,5.173573387140529e-05,226389,19329
NYUv2,nyuv2_labeled_0496,99336a1d7ead851a5464d361a8e82327c86c3f28f1b70cc49712d27afaab55f3,local_entity_conflict,1,local_entity_conflict-v1,0.06856909076486715,0.06912167844703655,0.0005525876821693976,0.9815847943142114,0.98124025460601,0.0003445397082013635,0.03988776953252724,0.04168076196486016,0.0017929924323329197,0.9889285529515236,0.9889285529515236,0.0,226389,19329
NYUv2,nyuv2_labeled_0496,99336a1d7ead851a5464d361a8e82327c86c3f28f1b70cc49712d27afaab55f3,local_entity_conflict,2,local_entity_conflict-v2,0.06856909076486715,0.07112614117214373,0.0025570504072765787,0.9815847943142114,0.9816378004231654,-5.300610895397906e-05,0.03988776953252724,0.04115919098209705,0.0012714214495698067,0.9889285529515236,0.9886698742821667,0.0002586786693569154,226389,19329
NYUv2,nyuv2_labeled_0496,99336a1d7ead851a5464d361a8e82327c86c3f28f1b70cc49712d27afaab55f3,semantic_preserving,0,semantic_preserving-v0,0.06856909076486715,0.06856909076486715,0.0,0.9815847943142114,0.9815847943142114,0.0,0.03988776953252724,0.03988776953252724,0.0,0.9889285529515236,0.9889285529515236,0.0,226389,19329
NYUv2,nyuv2_labeled_0496,99336a1d7ead851a5464d361a8e82327c86c3f28f1b70cc49712d27afaab55f3,semantic_preserving,1,semantic_preserving-v1,0.06856909076486715,0.06764249047199579,-0.0009266002928713657,0.9815847943142114,0.9809045492493009,0.0006802450649104896,0.03988776953252724,0.040303444645861546,0.0004156751133343045,0.9889285529515236,0.9890320244192664,-0.00010347146774281057,226389,19329
NYUv2,nyuv2_labeled_0496,99336a1d7ead851a5464d361a8e82327c86c3f28f1b70cc49712d27afaab55f3,semantic_preserving,2,semantic_preserving-v2,0.06856909076486715,0.06598080870363374,-0.0025882820612334184,0.9815847943142114,0.9812049172000407,0.00037987711417075687,0.03988776953252724,0.043780604283668395,0.003892834751141154,0.9889285529515236,0.988980288685395,-5.173573387140529e-05,226389,19329
NYUv2,nyuv2_labeled_0496,99336a1d7ead851a5464d361a8e82327c86c3f28f1b70cc49712d27afaab55f3,target_deletion,0,target_deletion-v0,0.06856909076486715,0.06674440392422339,-0.0018246868406437688,0.9815847943142114,0.9829806218500016,-0.0013958275357901506,0.03988776953252724,0.03837395169918932,-0.0015138178333379201,0.9889285529515236,0.9890837601531378,-0.00015520720161421586,226389,19329
NYUv2,nyuv2_labeled_0496,99336a1d7ead851a5464d361a8e82327c86c3f28f1b70cc49712d27afaab55f3,target_deletion,1,target_deletion-v1,0.06856909076486715,0.06484947004384548,-0.0037196207210216797,0.9815847943142114,0.9827685974141853,-0.0011838030999739013,0.03988776953252724,0.03958853058385485,-0.0002992389486723909,0.9889285529515236,0.9885664028144239,0.000362150137099726,226389,19329
NYUv2,nyuv2_labeled_0496,99336a1d7ead851a5464d361a8e82327c86c3f28f1b70cc49712d27afaab55f3,target_deletion,2,target_deletion-v2,0.06856909076486715,0.06745007055050445,-0.0011190202143627065,0.9815847943142114,0.9830424623104479,-0.001457667996236478,0.03988776953252724,0.039264040545931286,-0.0006237289865959547,0.9889285529515236,0.9887733457499095,0.00015520720161410484,226389,19329
NYUv2,nyuv2_labeled_0499,f7ae64fe5849bf2c21f4242699b0a7cbc84e4f5f49b8837c8904816f89e61a45,depth_relation_conflict,0,depth_relation_conflict-v0,0.0354040125637272,0.03527570378616394,-0.00012830877756326436,0.9923784647772017,0.9915207984094188,0.0008576663677829499,0.024288633377771148,0.024757438691555278,0.00046880531378412985,1.0,1.0,0.0,205208,16181
NYUv2,nyuv2_labeled_0499,f7ae64fe5849bf2c21f4242699b0a7cbc84e4f5f49b8837c8904816f89e61a45,depth_relation_conflict,1,depth_relation_conflict-v1,0.0354040125637272,0.03605814443589592,0.0006541318721687145,0.9923784647772017,0.9918667888191494,0.0005116759580523489,0.024288633377771148,0.02549115339527394,0.001202520017502793,1.0,1.0,0.0,205208,16181
NYUv2,nyuv2_labeled_0499,f7ae64fe5849bf2c21f4242699b0a7cbc84e4f5f49b8837c8904816f89e61a45,depth_relation_conflict,2,depth_relation_conflict-v2,0.0354040125637272,0.035543501120428055,0.0001394885567008522,0.9923784647772017,0.9921689212896183,0.0002095434875833968,0.024288633377771148,0.024570178172871316,0.0002815447951001679,1.0,1.0,0.0,205208,16181
NYUv2,nyuv2_labeled_0499,f7ae64fe5849bf2c21f4242699b0a7cbc84e4f5f49b8837c8904816f89e61a45,local_entity_conflict,0,local_entity_conflict-v0,0.0354040125637272,0.03491471822287801,-0.0004892943408491904,0.9923784647772017,0.9933725780671319,-0.0009941132899301541,0.024288633377771148,0.02393335304043328,-0.00035528033733786893,1.0,1.0,0.0,205208,16181
NYUv2,nyuv2_labeled_0499,f7ae64fe5849bf2c21f4242699b0a7cbc84e4f5f49b8837c8904816f89e61a45,local_entity_conflict,1,local_entity_conflict-v1,0.0354040125637272,0.035026601722125426,-0.000377410841601776,0.9923784647772017,0.9926757241433083,-0.00029725936610658366,0.024288633377771148,0.026491068159238674,0.0022024347814675257,1.0,1.0,0.0,205208,16181
NYUv2,nyuv2_labeled_0499,f7ae64fe5849bf2c21f4242699b0a7cbc84e4f5f49b8837c8904816f89e61a45,local_entity_conflict,2,local_entity_conflict-v2,0.0354040125637272,0.03468245556165876,-0.0007215570020684403,0.9923784647772017,0.9925636427429729,-0.0001851779657712216,0.024288633377771148,0.029726890980548044,0.005438257602776896,1.0,1.0,0.0,205208,16181
NYUv2,nyuv2_labeled_0499,f7ae64fe5849bf2c21f4242699b0a7cbc84e4f5f49b8837c8904816f89e61a45,semantic_preserving,0,semantic_preserving-v0,0.0354040125637272,0.0354040125637272,0.0,0.9923784647772017,0.9923784647772017,0.0,0.024288633377771148,0.024288633377771148,0.0,1.0,1.0,0.0,205208,16181
NYUv2,nyuv2_labeled_0499,f7ae64fe5849bf2c21f4242699b0a7cbc84e4f5f49b8837c8904816f89e61a45,semantic_preserving,1,semantic_preserving-v1,0.0354040125637272,0.03495651493005427,-0.00044749763367293166,0.9923784647772017,0.9913648590698219,0.00101360570737985,0.024288633377771148,0.024567344997088264,0.0002787116193171159,1.0,1.0,0.0,205208,16181
NYUv2,nyuv2_labeled_0499,f7ae64fe5849bf2c21f4242699b0a7cbc84e4f5f49b8837c8904816f89e61a45,semantic_preserving,2,semantic_preserving-v2,0.0354040125637272,0.035025924121289596,-0.00037808844243760603,0.9923784647772017,0.9918472964016998,0.0005311683755019336,0.024288633377771148,0.023931731356873726,-0.0003569020208974219,1.0,1.0,0.0,205208,16181
NYUv2,nyuv2_labeled_0499,f7ae64fe5849bf2c21f4242699b0a7cbc84e4f5f49b8837c8904816f89e61a45,target_deletion,0,target_deletion-v0,0.0354040125637272,0.03914813493092363,0.0037441223671964285,0.9923784647772017,0.9929242524657909,-0.0005457876885891499,0.024288633377771148,0.02229088796556161,-0.0019977454122095395,1.0,1.0,0.0,205208,16181
NYUv2,nyuv2_labeled_0499,f7ae64fe5849bf2c21f4242699b0a7cbc84e4f5f49b8837c8904816f89e61a45,target_deletion,1,target_deletion-v1,0.0354040125637272,0.03635057785454162,0.0009465652908144176,0.9923784647772017,0.9904340961366028,0.0019443686405988814,0.024288633377771148,0.030384661017901837,0.006096027640130688,1.0,1.0,0.0,205208,16181
NYUv2,nyuv2_labeled_0499,f7ae64fe5849bf2c21f4242699b0a7cbc84e4f5f49b8837c8904816f89e61a45,target_deletion,2,target_deletion-v2,0.0354040125637272,0.035436334922335694,3.232235860849142e-05,0.9923784647772017,0.991681610853378,0.0006968539238236815,0.024288633377771148,0.026780395718228836,0.002491762340457688,1.0,1.0,0.0,205208,16181
NYUv2,nyuv2_labeled_0503,1cb3984a35410a6fa77dea3be7f1acbc3d18358601b47b3be120cbc04a29e289,depth_relation_conflict,0,depth_relation_conflict-v0,0.044549191232786174,0.043083041816081635,-0.0014661494167045389,0.9932608695652174,0.9928463094034378,0.0004145601617796535,0.05914737965344812,0.053615992859978104,-0.005531386793470018,0.9915601867131878,0.9907586401999151,0.0008015465132726884,197800,21209
NYUv2,nyuv2_labeled_0503,1cb3984a35410a6fa77dea3be7f1acbc3d18358601b47b3be120cbc04a29e289,depth_relation_conflict,1,depth_relation_conflict-v1,0.044549191232786174,0.04458615206584189,3.6960833055717235e-05,0.9932608695652174,0.9930232558139535,0.00023761375126396533,0.05914737965344812,0.05862885609212067,-0.0005185235613274497,0.9915601867131878,0.9916073365080862,-4.714979489839344e-05,197800,21209
NYUv2,nyuv2_labeled_0503,1cb3984a35410a6fa77dea3be7f1acbc3d18358601b47b3be120cbc04a29e289,depth_relation_conflict,2,depth_relation_conflict-v2,0.044549191232786174,0.04396490334828421,-0.0005842878845019675,0.9932608695652174,0.9930080889787665,0.00025278058645095136,0.05914737965344812,0.058785970817883566,-0.0003614088355645556,0.9915601867131878,0.9913715875335942,0.00018859917959357375,197800,21209
NYUv2,nyuv2_labeled_0503,1cb3984a35410a6fa77dea3be7f1acbc3d18358601b47b3be120cbc04a29e289,local_entity_conflict,0,local_entity_conflict-v0,0.044549191232786174,0.04691621372508134,0.0023670224922951663,0.9932608695652174,0.9931799797775531,8.088978766429555e-05,0.05914737965344812,0.06424295467210275,0.005095575018654631,0.9915601867131878,0.9915601867131878,0.0,197800,21209
NYUv2,nyuv2_labeled_0503,1cb3984a35410a6fa77dea3be7f1acbc3d18358601b47b3be120cbc04a29e289,local_entity_conflict,1,local_entity_conflict-v1,0.044549191232786174,0.04383584909142575,-0.0007133421413604221,0.9932608695652174,0.9929777553083923,0.00028311425682514546,0.05914737965344812,0.05907905362867225,-6.832602477586935e-05,0.9915601867131878,0.9909943891744071,0.0005657975387807213,197800,21209
NYUv2,nyuv2_labeled_0503,1cb3984a35410a6fa77dea3be7f1acbc3d18358601b47b3be120cbc04a29e289,local_entity_conflict,2,local_entity_conflict-v2,0.044549191232786174,0.044484921292032915,-6.426994075325876e-05,0.9932608695652174,0.9929777553083923,0.00028311425682514546,0.05914737965344812,0.05809711396352451,-0.001050265689923613,0.9915601867131878,0.9910886887642039,0.0004714979489839344,197800,21209
NYUv2,nyuv2_labeled_0503,1cb3984a35410a6fa77dea3be7f1acbc3d18358601b47b3be120cbc04a29e289,semantic_preserving,0,semantic_preserving-v0,0.044549191232786174,0.044549191232786174,0.0,0.9932608695652174,0.9932608695652174,0.0,0.05914737965344812,0.05914737965344812,0.0,0.9915601867131878,0.9915601867131878,0.0,197800,21209
NYUv2,nyuv2_labeled_0503,1cb3984a35410a6fa77dea3be7f1acbc3d18358601b47b3be120cbc04a29e289,semantic_preserving,1,semantic_preserving-v1,0.044549191232786174,0.04301642426187871,-0.0015327669709074634,0.9932608695652174,0.9931445904954499,0.000116279069767522,0.05914737965344812,0.054638602505230505,-0.004508777148217617,0.9915601867131878,0.9909472393795087,0.0006129473336791147,197800,21209
NYUv2,nyuv2_labeled_0503,1cb3984a35410a6fa77dea3be7f1acbc3d18358601b47b3be120cbc04a29e289,semantic_preserving,2,semantic_preserving-v2,0.044549191232786174,0.043012624154728216,-0.0015365670780579585,0.9932608695652174,0.992901921132457,0.00035894843276040866,0.05914737965344812,0.05520198650514459,-0.0039453931483035345,0.9915601867131878,0.9909000895846103,0.0006600971285775081,197800,21209
NYUv2,nyuv2_labeled_0503,1cb3984a35410a6fa77dea3be7f1acbc3d18358601b47b3be120cbc04a29e289,target_deletion,0,target_deletion-v0,0.044549191232786174,0.04695939032384282,0.002410199091056643,0.9932608695652174,0.9934630940343782,-0.00020222446916073888,0.05914737965344812,0.06442792281613614,0.005280543162688021,0.9915601867131878,0.9913244377386958,0.0002357489744919672,197800,21209
NYUv2,nyuv2_labeled_0503,1cb3984a35410a6fa77dea3be7f1acbc3d18358601b47b3be120cbc04a29e289,target_deletion,1,target_deletion-v1,0.044549191232786174,0.04465497912440899,0.00010578789162281332,0.9932608695652174,0.9939130434782608,-0.0006521739130433968,0.05914737965344812,0.05121225163652724,-0.007935128016920881,0.9915601867131878,0.9909472393795087,0.0006129473336791147,197800,21209
NYUv2,nyuv2_labeled_0503,1cb3984a35410a6fa77dea3be7f1acbc3d18358601b47b3be120cbc04a29e289,target_deletion,2,target_deletion-v2,0.044549191232786174,0.044618118225161985,6.89269923758104e-05,0.9932608695652174,0.9937310414560162,-0.0004701718907987873,0.05914737965344812,0.061018840542879996,0.0018714608894318738,0.9915601867131878,0.9913244377386958,0.0002357489744919672,197800,21209
NYUv2,nyuv2_labeled_0504,1cb3984a35410a6fa77dea3be7f1acbc3d18358601b47b3be120cbc04a29e289,depth_relation_conflict,0,depth_relation_conflict-v0,0.047517633884420124,0.047462531586965916,-5.5102297454208415e-05,0.9996209497170193,0.9996819463142806,-6.099659726133133e-05,0.03518053304560406,0.03591735963577556,0.0007368265901714979,1.0,1.0,0.0,229521,25125
NYUv2,nyuv2_labeled_0504,1cb3984a35410a6fa77dea3be7f1acbc3d18358601b47b3be120cbc04a29e289,depth_relation_conflict,1,depth_relation_conflict-v1,0.047517633884420124,0.04944571051232961,0.001928076627909489,0.9996209497170193,0.9995163841217144,0.00010456559530491738,0.03518053304560406,0.03906047714179547,0.0038799440961914053,1.0,1.0,0.0,229521,25125
NYUv2,nyuv2_labeled_0504,1cb3984a35410a6fa77dea3be7f1acbc3d18358601b47b3be120cbc04a29e289,depth_relation_conflict,2,depth_relation_conflict-v2,0.047517633884420124,0.04605563139086947,-0.0014620024935506556,0.9996209497170193,0.9996775894144763,-5.663969745695052e-05,0.03518053304560406,0.03111388684867808,-0.004066646196925983,1.0,1.0,0.0,229521,25125
NYUv2,nyuv2_labeled_0504,1cb3984a35410a6fa77dea3be7f1acbc3d18358601b47b3be120cbc04a29e289,local_entity_conflict,0,local_entity_conflict-v0,0.047517633884420124,0.04571710363250007,-0.0018005302519200558,0.9996209497170193,0.9991329769389293,0.0004879727780899845,0.03518053304560406,0.02173931842798802,-0.013441214617616042,1.0,1.0,0.0,229521,25125
NYUv2,nyuv2_labeled_0504,1cb3984a35410a6fa77dea3be7f1acbc3d18358601b47b3be120cbc04a29e289,local_entity_conflict,1,local_entity_conflict-v1,0.047517633884420124,0.04445320907217471,-0.003064424812245413,0.9996209497170193,0.9996601618152587,-3.9212098239427284e-05,0.03518053304560406,0.023951734453098845,-0.011228798592505217,1.0,1.0,0.0,229521,25125
NYUv2,nyuv2_labeled_0504,1cb3984a35410a6fa77dea3be7f1acbc3d18358601b47b3be120cbc04a29e289,local_entity_conflict,2,local_entity_conflict-v2,0.047517633884420124,0.045483218452763964,-0.00203441543165616,0.9996209497170193,0.9995686669193669,5.228279765245869e-05,0.03518053304560406,0.024329333207935913,-0.010851199837668149,1.0,1.0,0.0,229521,25125
NYUv2,nyuv2_labeled_0504,1cb3984a35410a6fa77dea3be7f1acbc3d18358601b47b3be120cbc04a29e289,semantic_preserving,0,semantic_preserving-v0,0.047517633884420124,0.047517633884420124,0.0,0.9996209497170193,0.9996209497170193,0.0,0.03518053304560406,0.03518053304560406,0.0,1.0,1.0,0.0,229521,25125
NYUv2,nyuv2_labeled_0504,1cb3984a35410a6fa77dea3be7f1acbc3d18358601b47b3be120cbc04a29e289,semantic_preserving,1,semantic_preserving-v1,0.047517633884420124,0.048800785486171096,0.0012831516017509717,0.9996209497170193,0.9996470911158456,-2.6141398826284856e-05,0.03518053304560406,0.03905834275141766,0.003877809705813598,1.0,1.0,0.0,229521,25125
NYUv2,nyuv2_labeled_0504,1cb3984a35410a6fa77dea3be7f1acbc3d18358601b47b3be120cbc04a29e289,semantic_preserving,2,semantic_preserving-v2,0.047517633884420124,0.04844110697907326,0.0009234730946531336,0.9996209497170193,0.9996688756148675,-4.79258978481889e-05,0.03518053304560406,0.03903368447836796,0.0038531514327639,1.0,1.0,0.0,229521,25125
NYUv2,nyuv2_labeled_0504,1cb3984a35410a6fa77dea3be7f1acbc3d18358601b47b3be120cbc04a29e289,target_deletion,0,target_deletion-v0,0.047517633884420124,0.0440850287572571,-0.0034326051271630215,0.9996209497170193,0.9996732325146719,-5.228279765256971e-05,0.03518053304560406,0.023573476530672474,-0.011607056514931588,1.0,1.0,0.0,229521,25125
NYUv2,nyuv2_labeled_0504,1cb3984a35410a6fa77dea3be7f1acbc3d18358601b47b3be120cbc04a29e289,target_deletion,1,target_deletion-v1,0.047517633884420124,0.04493555079380386,-0.0025820830906162634,0.9996209497170193,0.9997429429115419,-0.00012199319452255164,0.03518053304560406,0.028644363586913132,-0.00653616945869093,1.0,1.0,0.0,229521,25125
NYUv2,nyuv2_labeled_0504,1cb3984a35410a6fa77dea3be7f1acbc3d18358601b47b3be120cbc04a29e289,target_deletion,2,target_deletion-v2,0.047517633884420124,0.04570904614682997,-0.001808587737590156,0.9996209497170193,0.9996819463142806,-6.099659726133133e-05,0.03518053304560406,0.029883616655433314,-0.005296916390170749,1.0,1.0,0.0,229521,25125
NYUv2,nyuv2_labeled_0505,1cb3984a35410a6fa77dea3be7f1acbc3d18358601b47b3be120cbc04a29e289,depth_relation_conflict,0,depth_relation_conflict-v0,0.05488925336284734,0.05432742097111105,-0.0005618323917362944,0.9582239588264151,0.9589339966090317,-0.0007100377826165793,0.04358424691280907,0.042000196157790055,-0.001584050755019016,1.0,1.0,0.0,232382,9851
NYUv2,nyuv2_labeled_0505,1cb3984a35410a6fa77dea3be7f1acbc3d18358601b47b3be120cbc04a29e289,depth_relation_conflict,1,depth_relation_conflict-v1,0.05488925336284734,0.05525734725832296,0.00036809389547561716,0.9582239588264151,0.9586284651995421,-0.00040450637312705595,0.04358424691280907,0.044868452133469454,0.0012842052206603824,1.0,1.0,0.0,232382,9851
NYUv2,nyuv2_labeled_0505,1cb3984a35410a6fa77dea3be7f1acbc3d18358601b47b3be120cbc04a29e289,depth_relation_conflict,2,depth_relation_conflict-v2,0.05488925336284734,0.05586851080552231,0.0009792574426749703,0.9582239588264151,0.9584649413465759,-0.00024098252016080401,0.04358424691280907,0.043618663939685005,3.44170268759339e-05,1.0,1.0,0.0,232382,9851
NYUv2,nyuv2_labeled_0505,1cb3984a35410a6fa77dea3be7f1acbc3d18358601b47b3be120cbc04a29e289,local_entity_conflict,0,local_entity_conflict-v0,0.05488925336284734,0.06118609028122876,0.00629683691838142,0.9582239588264151,0.957716174230362,0.0005077845960530514,0.04358424691280907,0.04453634543282493,0.0009520985200158552,1.0,1.0,0.0,232382,9851
NYUv2,nyuv2_labeled_0505,1cb3984a35410a6fa77dea3be7f1acbc3d18358601b47b3be120cbc04a29e289,local_entity_conflict,1,local_entity_conflict-v1,0.05488925336284734,0.05790897372277083,0.0030197203599234904,0.9582239588264151,0.9585725228287906,-0.00034856400237548435,0.04358424691280907,0.04662049351104911,0.0030362465982400402,1.0,1.0,0.0,232382,9851
NYUv2,nyuv2_labeled_0505,1cb3984a35410a6fa77dea3be7f1acbc3d18358601b47b3be120cbc04a29e289,local_entity_conflict,2,local_entity_conflict-v2,0.05488925336284734,0.05921753730274791,0.004328283939900569,0.9582239588264151,0.958525186976616,-0.0003012281502009495,0.04358424691280907,0.04712158202473027,0.003537335111921197,1.0,1.0,0.0,232382,9851
NYUv2,nyuv2_labeled_0505,1cb3984a35410a6fa77dea3be7f1acbc3d18358601b47b3be120cbc04a29e289,semantic_preserving,0,semantic_preserving-v0,0.05488925336284734,0.05488925336284734,0.0,0.9582239588264151,0.9582239588264151,0.0,0.04358424691280907,0.04358424691280907,0.0,1.0,1.0,0.0,232382,9851
NYUv2,nyuv2_labeled_0505,1cb3984a35410a6fa77dea3be7f1acbc3d18358601b47b3be120cbc04a29e289,semantic_preserving,1,semantic_preserving-v1,0.05488925336284734,0.054157612679881964,-0.0007316406829653774,0.9582239588264151,0.9587403499410454,-0.0005163911146303102,0.04358424691280907,0.04306030548258514,-0.0005239414302239329,1.0,1.0,0.0,232382,9851
NYUv2,nyuv2_labeled_0505,1cb3984a35410a6fa77dea3be7f1acbc3d18358601b47b3be120cbc04a29e289,semantic_preserving,2,semantic_preserving-v2,0.05488925336284734,0.055179342674284475,0.00029008931143713335,0.9582239588264151,0.958619858680965,-0.00039589985454990817,0.04358424691280907,0.04241936073715942,-0.0011648861756496515,1.0,1.0,0.0,232382,9851
NYUv2,nyuv2_labeled_0505,1cb3984a35410a6fa77dea3be7f1acbc3d18358601b47b3be120cbc04a29e289,target_deletion,0,target_deletion-v0,0.05488925336284734,0.05409589333236795,-0.0007933600304793897,0.9582239588264151,0.9593341997228702,-0.0011102408964550614,0.04358424691280907,0.03721061411105271,-0.00637363280175636,1.0,1.0,0.0,232382,9851
NYUv2,nyuv2_labeled_0505,1cb3984a35410a6fa77dea3be7f1acbc3d18358601b47b3be120cbc04a29e289,target_deletion,1,target_deletion-v1,0.05488925336284734,0.05337669761083651,-0.0015125557520108343,0.9582239588264151,0.9612620598841563,-0.0030381010577411605,0.04358424691280907,0.04678766142426704,0.003203414511457968,1.0,1.0,0.0,232382,9851
NYUv2,nyuv2_labeled_0505,1cb3984a35410a6fa77dea3be7f1acbc3d18358601b47b3be120cbc04a29e289,target_deletion,2,target_deletion-v2,0.05488925336284734,0.05619908742511887,0.001309834062271531,0.9582239588264151,0.959988295134735,-0.0017643363083199581,0.04358424691280907,0.04546550834460344,0.0018812614317943663,1.0,1.0,0.0,232382,9851
NYUv2,nyuv2_labeled_0545,c32aa7f15e0e1636bc2c3697fc083fec1945e4d16b88befde856ac00e906e7bf,depth_relation_conflict,0,depth_relation_conflict-v0,0.05243184932600706,0.05361020639942312,0.0011783570734160628,0.9675370365938301,0.9656128090371682,0.0019242275566618838,0.03191018327196234,0.039910276915851514,0.008000093643889171,0.9951650002347088,0.9934750974041214,0.001689902830587342,208915,21303
NYUv2,nyuv2_labeled_0545,c32aa7f15e0e1636bc2c3697fc083fec1945e4d16b88befde856ac00e906e7bf,depth_relation_conflict,1,depth_relation_conflict-v1,0.05243184932600706,0.05228344374881019,-0.00014840557719686398,0.9675370365938301,0.9674556637867076,8.137280712250394e-05,0.03191018327196234,0.03395035977557304,0.0020401765036106995,0.9951650002347088,0.9954935924517674,-0.00032859221705860975,208915,21303
NYUv2,nyuv2_labeled_0545,c32aa7f15e0e1636bc2c3697fc083fec1945e4d16b88befde856ac00e906e7bf,depth_relation_conflict,2,depth_relation_conflict-v2,0.05243184932600706,0.05255835240957241,0.00012650308356535606,0.9675370365938301,0.9678721010937462,-0.00033506449991616005,0.03191018327196234,0.029484392618408708,-0.0024257906535536354,0.9951650002347088,0.9949302915082383,0.00023470872647046725,208915,21303
NYUv2,nyuv2_labeled_0545,c32aa7f15e0e1636bc2c3697fc083fec1945e4d16b88befde856ac00e906e7bf,local_entity_conflict,0,local_entity_conflict-v0,0.05243184932600706,0.055592568646463045,0.0031607193204559875,0.9675370365938301,0.9672354785439055,0.00030155804992459956,0.03191018327196234,0.03179543334257564,-0.00011474992938670381,0.9951650002347088,0.9943200488194152,0.0008449514152936155,208915,21303
NYUv2,nyuv2_labeled_0545,c32aa7f15e0e1636bc2c3697fc083fec1945e4d16b88befde856ac00e906e7bf,local_entity_conflict,1,local_entity_conflict-v1,0.05243184932600706,0.05686108232092482,0.0044292329949177645,0.9675370365938301,0.9665749228154992,0.0009621137783308864,0.03191018327196234,0.03297613154673153,0.0010659482747691837,0.9951650002347088,0.9943669905647092,0.0007980096699995443,208915,21303
NYUv2,nyuv2_labeled_0545,c32aa7f15e0e1636bc2c3697fc083fec1945e4d16b88befde856ac00e906e7bf,local_entity_conflict,2,local_entity_conflict-v2,0.05243184932600706,0.05614301599784445,0.003711166671837393,0.9675370365938301,0.9677428619294929,-0.00020582533566282368,0.03191018327196234,0.028907954541429186,-0.0030022287305331574,0.9951650002347088,0.99483640801765,0.00032859221705872077,208915,21303
NYUv2,nyuv2_labeled_0545,c32aa7f15e0e1636bc2c3697fc083fec1945e4d16b88befde856ac00e906e7bf,semantic_preserving,0,semantic_preserving-v0,0.05243184932600706,0.05243184932600706,0.0,0.9675370365938301,0.9675370365938301,0.0,0.03191018327196234,0.03191018327196234,0.0,0.9951650002347088,0.9951650002347088,0.0,208915,21303
NYUv2,nyuv2_labeled_0545,c32aa7f15e0e1636bc2c3697fc083fec1945e4d16b88befde856ac00e906e7bf,semantic_preserving,1,semantic_preserving-v1,0.05243184932600706,0.0538666497085696,0.001434800382562544,0.9675370365938301,0.9662733647655745,0.001263671828255597,0.03191018327196234,0.03850844737049376,0.006598264098531419,0.9951650002347088,0.9940383983476506,0.001126601887058154,208915,21303
NYUv2,nyuv2_labeled_0545,c32aa7f15e0e1636bc2c3697fc083fec1945e4d16b88befde856ac00e906e7bf,semantic_preserving,2,semantic_preserving-v2,0.05243184932600706,0.0535744062376086,0.0011425569116015402,0.9675370365938301,0.9656128090371682,0.0019242275566618838,0.03191018327196234,0.03991041274005343,0.008000229468091084,0.9951650002347088,0.9935689808947097,0.0015960193399990885,208915,21303
NYUv2,nyuv2_labeled_0545,c32aa7f15e0e1636bc2c3697fc083fec1945e4d16b88befde856ac00e906e7bf,target_deletion,0,target_deletion-v0,0.05243184932600706,0.052379647928816206,-5.220139719085137e-05,0.9675370365938301,0.9673647177081588,0.0001723188856712632,0.03191018327196234,0.03620459482914322,0.004294411557180876,0.9951650002347088,0.9952588837252969,-9.388349058814249e-05,208915,21303
NYUv2,nyuv2_labeled_0545,c32aa7f15e0e1636bc2c3697fc083fec1945e4d16b88befde856ac00e906e7bf,target_deletion,1,target_deletion-v1,0.05243184932600706,0.0544558001670663,0.0020239508410592397,0.9675370365938301,0.9677285020223536,-0.00019146542852355175,0.03191018327196234,0.02883450514762956,-0.003075678124332782,0.9951650002347088,0.995305825470591,-0.00014082523588221374,208915,21303
NYUv2,nyuv2_labeled_0545,c32aa7f15e0e1636bc2c3697fc083fec1945e4d16b88befde856ac00e906e7bf,target_deletion,2,target_deletion-v2,0.05243184932600706,0.05173885208586105,-0.000692997240146008,0.9675370365938301,0.9674700236938468,6.701289998323201e-05,0.03191018327196234,0.0292951991049634,-0.002614984166998943,0.9951650002347088,0.9952119419800028,-4.6941745294071247e-05,208915,21303
NYUv2,nyuv2_labeled_0548,c32aa7f15e0e1636bc2c3697fc083fec1945e4d16b88befde856ac00e906e7bf,depth_relation_conflict,0,depth_relation_conflict-v0,0.06930655037775538,0.06960599770633176,0.0002994473285763827,0.9766020817232294,0.975693644100353,0.0009084376228764013,0.05215238646500168,0.057550148773787224,0.005397762308785546,0.966536472078539,0.9646363348464055,0.0019001372321334475,221259,18946
NYUv2,nyuv2_labeled_0548,c32aa7f15e0e1636bc2c3697fc083fec1945e4d16b88befde856ac00e906e7bf,depth_relation_conflict,1,depth_relation_conflict-v1,0.06930655037775538,0.06956304778360084,0.00025649740584546277,0.9766020817232294,0.9765026507396309,9.943098359843638e-05,0.05215238646500168,0.056080885809423796,0.003928499344422118,0.966536472078539,0.9654808402829094,0.001055631795629619,221259,18946
NYUv2,nyuv2_labeled_0548,c32aa7f15e0e1636bc2c3697fc083fec1945e4d16b88befde856ac00e906e7bf,depth_relation_conflict,2,depth_relation_conflict-v2,0.06930655037775538,0.07315970715588459,0.0038531567781292103,0.9766020817232294,0.9766743951658463,-7.231344261693362e-05,0.05215238646500168,0.05290007144059663,0.0007476849755949505,0.966536472078539,0.9669059432070094,-0.0003694711284704111,221259,18946
NYUv2,nyuv2_labeled_0548,c32aa7f15e0e1636bc2c3697fc083fec1945e4d16b88befde856ac00e906e7bf,local_entity_conflict,0,local_entity_conflict-v0,0.06930655037775538,0.06823965625957447,-0.0010668941181809083,0.9766020817232294,0.976335425903579,0.0002666558196503521,0.05215238646500168,0.05355642695480968,0.001404040489808002,0.966536472078539,0.9661670009500686,0.0003694711284704111,221259,18946
NYUv2,nyuv2_labeled_0548,c32aa7f15e0e1636bc2c3697fc083fec1945e4d16b88befde856ac00e906e7bf,local_entity_conflict,1,local_entity_conflict-v1,0.06930655037775538,0.0697009338801805,0.00039438350242512743,0.9766020817232294,0.9756710461495351,0.0009310355736942277,0.05215238646500168,0.052567980346237886,0.00041559388123620783,0.966536472078539,0.964689116436187,0.0018473556423519444,221259,18946
NYUv2,nyuv2_labeled_0548,c32aa7f15e0e1636bc2c3697fc083fec1945e4d16b88befde856ac00e906e7bf,local_entity_conflict,2,local_entity_conflict-v2,0.06930655037775538,0.0683942470965731,-0.0009123032811822751,0.9766020817232294,0.9767964241002626,-0.00019434237703319646,0.05215238646500168,0.047869087271464904,-0.004283299193536774,0.966536472078539,0.9669059432070094,-0.0003694711284704111,221259,18946
NYUv2,nyuv2_labeled_0548,c32aa7f15e0e1636bc2c3697fc083fec1945e4d16b88befde856ac00e906e7bf,semantic_preserving,0,semantic_preserving-v0,0.06930655037775538,0.06930655037775538,0.0,0.9766020817232294,0.9766020817232294,0.0,0.05215238646500168,0.05215238646500168,0.0,0.966536472078539,0.966536472078539,0.0,221259,18946
NYUv2,nyuv2_labeled_0548,c32aa7f15e0e1636bc2c3697fc083fec1945e4d16b88befde856ac00e906e7bf,semantic_preserving,1,semantic_preserving-v1,0.06930655037775538,0.06699434640026111,-0.002312203977494265,0.9766020817232294,0.9766834343461734,-8.13526229440642e-05,0.05215238646500168,0.05425247207750505,0.002100085612503369,0.966536472078539,0.9653752771033464,0.0011611949751926254,221259,18946
NYUv2,nyuv2_labeled_0548,c32aa7f15e0e1636bc2c3697fc083fec1945e4d16b88befde856ac00e906e7bf,semantic_preserving,2,semantic_preserving-v2,0.06930655037775538,0.06969925213764687,0.00039270175989149225,0.9766020817232294,0.975910584428204,0.0006914972950253784,0.05215238646500168,0.054816201627002493,0.0026638151620008155,0.966536472078539,0.9652169323340019,0.0013195397445371349,221259,18946
NYUv2,nyuv2_labeled_0548,c32aa7f15e0e1636bc2c3697fc083fec1945e4d16b88befde856ac00e906e7bf,target_deletion,0,target_deletion-v0,0.06930655037775538,0.0701533637297461,0.0008468133519907162,0.9766020817232294,0.976150122706873,0.000451959016356418,0.05215238646500168,0.06060808710425086,0.008455700639249185,0.966536472078539,0.965111369154439,0.0014251029241000301,221259,18946
NYUv2,nyuv2_labeled_0548,c32aa7f15e0e1636bc2c3697fc083fec1945e4d16b88befde856ac00e906e7bf,target_deletion,1,target_deletion-v1,0.06930655037775538,0.06727795559783244,-0.0020285947799229403,0.9766020817232294,0.9762133969691629,0.00038868475406650393,0.05215238646500168,0.05298955380375468,0.0008371673387530046,0.966536472078539,0.9655864034624723,0.0009500686160667238,221259,18946
NYUv2,nyuv2_labeled_0548,c32aa7f15e0e1636bc2c3697fc083fec1945e4d16b88befde856ac00e906e7bf,target_deletion,2,target_deletion-v2,0.06930655037775538,0.06800202761330859,-0.001304522764446786,0.9766020817232294,0.976086848444583,0.0005152332786463321,0.05215238646500168,0.05451348378558255,0.002361097320580874,0.966536472078539,0.9653224955135649,0.0012139765649741285,221259,18946
NYUv2,nyuv2_labeled_0596,3c3f1ce9537ebe97ef1a93e30ab24730967083088265c7e03b248c84080e1423,depth_relation_conflict,0,depth_relation_conflict-v0,0.05135385713461875,0.051696197600029255,0.0003423404654105053,0.9809206810107791,0.9806872662935143,0.00023341471726479046,0.02840735769604169,0.025893779718525668,-0.0025135779775160225,0.9994157441574416,0.9991082410824108,0.00030750307503080165,214211,32520
NYUv2,nyuv2_labeled_0596,3c3f1ce9537ebe97ef1a93e30ab24730967083088265c7e03b248c84080e1423,depth_relation_conflict,1,depth_relation_conflict-v1,0.05135385713461875,0.05125026215382453,-0.00010359498079422214,0.9809206810107791,0.981980383827161,-0.0010597028163819022,0.02840735769604169,0.027633214788535414,-0.000774142907506277,0.9994157441574416,0.9994464944649446,-3.075030750299135e-05,214211,32520
NYUv2,nyuv2_labeled_0596,3c3f1ce9537ebe97ef1a93e30ab24730967083088265c7e03b248c84080e1423,depth_relation_conflict,2,depth_relation_conflict-v2,0.05135385713461875,0.05095092886574412,-0.00040292826887462774,0.9809206810107791,0.9822651497822241,-0.0013444687714450065,0.02840735769604169,0.028003139198613296,-0.00040421849742839494,0.9994157441574416,0.9992619926199262,0.00015375153751540083,214211,32520
NYUv2,nyuv2_labeled_0596,3c3f1ce9537ebe97ef1a93e30ab24730967083088265c7e03b248c84080e1423,local_entity_conflict,0,local_entity_conflict-v0,0.05135385713461875,0.052908628873940926,0.0015547717393221763,0.9809206810107791,0.9800056953191013,0.0009149856916778054,0.02840735769604169,0.030820575991579863,0.002413218295538172,0.9994157441574416,0.9993234932349323,9.225092250930711e-05,214211,32520
NYUv2,nyuv2_labeled_0596,3c3f1ce9537ebe97ef1a93e30ab24730967083088265c7e03b248c84080e1423,local_entity_conflict,1,local_entity_conflict-v1,0.05135385713461875,0.05322032479638753,0.0018664676617687823,0.9809206810107791,0.9818870179402551,-0.0009663369294760082,0.02840735769604169,0.028685093891026362,0.0002777361949846714,0.9994157441574416,0.9993849938499385,3.075030750310237e-05,214211,32520
NYUv2,nyuv2_labeled_0596,3c3f1ce9537ebe97ef1a93e30ab24730967083088265c7e03b248c84080e1423,local_entity_conflict,2,local_entity_conflict-v2,0.05135385713461875,0.0516097358977302,0.0002558787631114501,0.9809206810107791,0.9821577790122823,-0.0012370980015031785,0.02840735769604169,0.029054922815759544,0.0006475651197178529,0.9994157441574416,0.9994157441574416,0.0,214211,32520
NYUv2,nyuv2_labeled_0596,3c3f1ce9537ebe97ef1a93e30ab24730967083088265c7e03b248c84080e1423,semantic_preserving,0,semantic_preserving-v0,0.05135385713461875,0.05135385713461875,0.0,0.9809206810107791,0.9809206810107791,0.0,0.02840735769604169,0.02840735769604169,0.0,0.9994157441574416,0.9994157441574416,0.0,214211,32520
NYUv2,nyuv2_labeled_0596,3c3f1ce9537ebe97ef1a93e30ab24730967083088265c7e03b248c84080e1423,semantic_preserving,1,semantic_preserving-v1,0.05135385713461875,0.05105102147173863,-0.00030283566288012015,0.9809206810107791,0.9812708030866762,-0.0003501220758971302,0.02840735769604169,0.025497533938088273,-0.0029098237579534177,0.9994157441574416,0.9990467404674047,0.00036900369003689537,214211,32520
NYUv2,nyuv2_labeled_0596,3c3f1ce9537ebe97ef1a93e30ab24730967083088265c7e03b248c84080e1423,semantic_preserving,2,semantic_preserving-v2,0.05135385713461875,0.051606291948304905,0.00025243481368615595,0.9809206810107791,0.9810887396072097,-0.00016805859643054255,0.02840735769604169,0.025897567016468868,-0.002509790679572823,0.9994157441574416,0.9990774907749077,0.000338253382533904,214211,32520
NYUv2,nyuv2_labeled_0596,3c3f1ce9537ebe97ef1a93e30ab24730967083088265c7e03b248c84080e1423,target_deletion,0,target_deletion-v0,0.05135385713461875,0.052605057330598524,0.001251200195979775,0.9809206810107791,0.9830634281152695,-0.002142747104490361,0.02840735769604169,0.029597225762172285,0.0011898680661305942,0.9994157441574416,0.9993849938499385,3.075030750310237e-05,214211,32520
NYUv2,nyuv2_labeled_0596,3c3f1ce9537ebe97ef1a93e30ab24730967083088265c7e03b248c84080e1423,target_deletion,1,target_deletion-v1,0.05135385713461875,0.05039776588492714,-0.0009560912496916069,0.9809206810107791,0.9833855404250949,-0.0024648594143157343,0.02840735769604169,0.026172920797662515,-0.002234436898379176,0.9994157441574416,0.9994157441574416,0.0,214211,32520
NYUv2,nyuv2_labeled_0596,3c3f1ce9537ebe97ef1a93e30ab24730967083088265c7e03b248c84080e1423,target_deletion,2,target_deletion-v2,0.05135385713461875,0.05052847467675286,-0.0008253824578658905,0.9809206810107791,0.9835115843724178,-0.0025909033616386967,0.02840735769604169,0.026153877509586334,-0.0022534801864553568,0.9994157441574416,0.9995079950799508,-9.225092250919609e-05,214211,32520
NYUv2,nyuv2_labeled_0609,41011a74fbb4b909124bc5b2ed6b8c828852479a7483017f8f7aca3697a79465,depth_relation_conflict,0,depth_relation_conflict-v0,0.04022090111636156,0.03924065620318299,-0.0009802449131785726,0.9963969388547899,0.9965766063242949,-0.00017966746950504042,0.030763418389557224,0.028968161335463476,-0.0017952570540937483,0.9996881658957435,0.9998960552985812,-0.00020788940283766877,205936,57723
NYUv2,nyuv2_labeled_0609,41011a74fbb4b909124bc5b2ed6b8c828852479a7483017f8f7aca3697a79465,depth_relation_conflict,1,depth_relation_conflict-v1,0.04022090111636156,0.03956027826692676,-0.0006606228494347999,0.9963969388547899,0.9963726594670189,2.4279387770942407e-05,0.030763418389557224,0.030588265232509456,-0.00017515315704776796,0.9996881658957435,0.9996881658957435,0.0,205936,57723
NYUv2,nyuv2_labeled_0609,41011a74fbb4b909124bc5b2ed6b8c828852479a7483017f8f7aca3697a79465,depth_relation_conflict,2,depth_relation_conflict-v2,0.04022090111636156,0.03995443982671253,-0.00026646128964902954,0.9963969388547899,0.9964357858752234,-3.884702043355226e-05,0.030763418389557224,0.030338744013643462,-0.0004246743759137618,0.9996881658957435,0.9997401382464529,-5.197235070941719e-05,205936,57723
NYUv2,nyuv2_labeled_0609,41011a74fbb4b909124bc5b2ed6b8c828852479a7483017f8f7aca3697a79465,local_entity_conflict,0,local_entity_conflict-v0,0.04022090111636156,0.045532509037841784,0.005311607921480221,0.9963969388547899,0.9959404863646958,0.0004564524900940725,0.030763418389557224,0.03714361207462378,0.006380193685066555,0.9996881658957435,0.9997054900126466,-1.7324116903139064e-05,205936,57723
NYUv2,nyuv2_labeled_0609,41011a74fbb4b909124bc5b2ed6b8c828852479a7483017f8f7aca3697a79465,local_entity_conflict,1,local_entity_conflict-v1,0.04022090111636156,0.04401747901183754,0.0037965778954759805,0.9963969388547899,0.9957850982829617,0.0006118405718281705,0.030763418389557224,0.037465563307129274,0.00670214491757205,0.9996881658957435,0.9994109800252932,0.00027718587045033605,205936,57723
NYUv2,nyuv2_labeled_0609,41011a74fbb4b909124bc5b2ed6b8c828852479a7483017f8f7aca3697a79465,local_entity_conflict,2,local_entity_conflict-v2,0.04022090111636156,0.04587874746019674,0.005657846343835177,0.9963969388547899,0.995590863180794,0.0008060756739958208,0.030763418389557224,0.038350592851723056,0.007587174462165832,0.9996881658957435,0.9993763317914869,0.0003118341042566142,205936,57723
NYUv2,nyuv2_labeled_0609,41011a74fbb4b909124bc5b2ed6b8c828852479a7483017f8f7aca3697a79465,semantic_preserving,0,semantic_preserving-v0,0.04022090111636156,0.04022090111636156,0.0,0.9963969388547899,0.9963969388547899,0.0,0.030763418389557224,0.030763418389557224,0.0,0.9996881658957435,0.9996881658957435,0.0,205936,57723
NYUv2,nyuv2_labeled_0609,41011a74fbb4b909124bc5b2ed6b8c828852479a7483017f8f7aca3697a79465,semantic_preserving,1,semantic_preserving-v1,0.04022090111636156,0.03951526787059781,-0.0007056332457637537,0.9963969388547899,0.9966445886100536,-0.00024764975526370137,0.030763418389557224,0.030176327906172896,-0.0005870904833843275,0.9996881658957435,0.9999133794154843,-0.00022521351974080783,205936,57723
NYUv2,nyuv2_labeled_0609,41011a74fbb4b909124bc5b2ed6b8c828852479a7483017f8f7aca3697a79465,semantic_preserving,2,semantic_preserving-v2,0.04022090111636156,0.03964175743639121,-0.000579143679970355,0.9963969388547899,0.9964066506098982,-9.711755108332554e-06,0.030763418389557224,0.029726252744173762,-0.0010371656453834616,0.9996881658957435,0.9997747864802592,-8.662058451569532e-05,205936,57723
NYUv2,nyuv2_labeled_0609,41011a74fbb4b909124bc5b2ed6b8c828852479a7483017f8f7aca3697a79465,target_deletion,0,target_deletion-v0,0.04022090111636156,0.03716996047130024,-0.003050940645061326,0.9963969388547899,0.9963580918343563,3.884702043355226e-05,0.030763418389557224,0.02846268407129171,-0.0023007343182655134,0.9996881658957435,0.9999653517661937,-0.000277185870450225,205936,57723
NYUv2,nyuv2_labeled_0609,41011a74fbb4b909124bc5b2ed6b8c828852479a7483017f8f7aca3697a79465,target_deletion,1,target_deletion-v1,0.04022090111636156,0.03786726681503448,-0.0023536343013270816,0.9963969388547899,0.9964309299976691,-3.399114287927496e-05,0.030763418389557224,0.029551243196149237,-0.001212175193407987,0.9996881658957435,0.999878731181678,-0.0001905652859345297,205936,57723
NYUv2,nyuv2_labeled_0609,41011a74fbb4b909124bc5b2ed6b8c828852479a7483017f8f7aca3697a79465,target_deletion,2,target_deletion-v2,0.04022090111636156,0.03805460345085199,-0.0021662976655095756,0.9963969388547899,0.996654300365162,-0.00025736151037214494,0.030763418389557224,0.028347996250564216,-0.0024154221389930085,0.9996881658957435,0.9999307035323874,-0.0002425376366439469,205936,57723
NYUv2,nyuv2_labeled_0610,41011a74fbb4b909124bc5b2ed6b8c828852479a7483017f8f7aca3697a79465,depth_relation_conflict,0,depth_relation_conflict-v0,0.03838263338918212,0.04169254192918721,0.0033099085400050896,0.9989937521154075,0.9988336672246768,0.0001600848907307162,0.027087365821684254,0.0354804988358505,0.008393133014166245,1.0,1.0,0.0,218634,5773
NYUv2,nyuv2_labeled_0610,41011a74fbb4b909124bc5b2ed6b8c828852479a7483017f8f7aca3697a79465,depth_relation_conflict,1,depth_relation_conflict-v1,0.03838263338918212,0.038160293248887166,-0.00022234014029495763,0.9989937521154075,0.998865684202823,0.00012806791258457295,0.027087365821684254,0.02692663106081933,-0.00016073476086492233,1.0,1.0,0.0,218634,5773
NYUv2,nyuv2_labeled_0610,41011a74fbb4b909124bc5b2ed6b8c828852479a7483017f8f7aca3697a79465,depth_relation_conflict,2,depth_relation_conflict-v2,0.03838263338918212,0.03844424319383543,6.160980465330645e-05,0.9989937521154075,0.9989251443050944,6.860781031314822e-05,0.027087365821684254,0.02697430583680985,-0.00011305998487440294,1.0,1.0,0.0,218634,5773
NYUv2,nyuv2_labeled_0610,41011a74fbb4b909124bc5b2ed6b8c828852479a7483017f8f7aca3697a79465,local_entity_conflict,0,local_entity_conflict-v0,0.03838263338918212,0.04203095136465957,0.003648317975477447,0.9989937521154075,0.9987787809764264,0.00021497113898116815,0.027087365821684254,0.026766864706430343,-0.0003205011152539114,1.0,1.0,0.0,218634,5773
NYUv2,nyuv2_labeled_0610,41011a74fbb4b909124bc5b2ed6b8c828852479a7483017f8f7aca3697a79465,local_entity_conflict,1,local_entity_conflict-v1,0.03838263338918212,0.04336154663627887,0.004978913247096747,0.9989937521154075,0.9986598607718836,0.0003338913435239066,0.027087365821684254,0.027300456899433296,0.0002130910777490419,1.0,1.0,0.0,218634,5773
NYUv2,nyuv2_labeled_0610,41011a74fbb4b909124bc5b2ed6b8c828852479a7483017f8f7aca3697a79465,local_entity_conflict,2,local_entity_conflict-v2,0.03838263338918212,0.04540447635910937,0.00702184296992725,0.9989937521154075,0.9984540373409442,0.0005397147744633513,0.027087365821684254,0.03399740938878411,0.006910043567099854,1.0,1.0,0.0,218634,5773
NYUv2,nyuv2_labeled_0610,41011a74fbb4b909124bc5b2ed6b8c828852479a7483017f8f7aca3697a79465,semantic_preserving,0,semantic_preserving-v0,0.03838263338918212,0.03838263338918212,0.0,0.9989937521154075,0.9989937521154075,0.0,0.027087365821684254,0.027087365821684254,0.0,1.0,1.0,0.0,218634,5773
NYUv2,nyuv2_labeled_0610,41011a74fbb4b909124bc5b2ed6b8c828852479a7483017f8f7aca3697a79465,semantic_preserving,1,semantic_preserving-v1,0.03838263338918212,0.03995082138450771,0.0015681879953255845,0.9989937521154075,0.9988428149327186,0.00015093718268888168,0.027087365821684254,0.0347596764126113,0.0076723105909270485,1.0,1.0,0.0,218634,5773
NYUv2,nyuv2_labeled_0610,41011a74fbb4b909124bc5b2ed6b8c828852479a7483017f8f7aca3697a79465,semantic_preserving,2,semantic_preserving-v2,0.03838263338918212,0.0426696395749913,0.0042870061858091765,0.9989937521154075,0.9984769066110486,0.0005168455043589315,0.027087365821684254,0.031126488117013625,0.004039122295329371,1.0,1.0,0.0,218634,5773
NYUv2,nyuv2_labeled_0610,41011a74fbb4b909124bc5b2ed6b8c828852479a7483017f8f7aca3697a79465,target_deletion,0,target_deletion-v0,0.03838263338918212,0.04087952233395111,0.002496888944768988,0.9989937521154075,0.9989297181591152,6.403395629228648e-05,0.027087365821684254,0.028138304755049023,0.0010509389333647687,1.0,1.0,0.0,218634,5773
NYUv2,nyuv2_labeled_0610,41011a74fbb4b909124bc5b2ed6b8c828852479a7483017f8f7aca3697a79465,target_deletion,1,target_deletion-v1,0.03838263338918212,0.04065044960176187,0.0022678162125797444,0.9989937521154075,0.9988199456626142,0.00017380645279330142,0.027087365821684254,0.03151618736751023,0.004428821545825978,1.0,1.0,0.0,218634,5773
NYUv2,nyuv2_labeled_0610,41011a74fbb4b909124bc5b2ed6b8c828852479a7483017f8f7aca3697a79465,target_deletion,2,target_deletion-v2,0.03838263338918212,0.04017950829128376,0.0017968749021016334,0.9989937521154075,0.9988016502465308,0.0001921018688767484,0.027087365821684254,0.02817852505263977,0.0010911592309555164,1.0,1.0,0.0,218634,5773
NYUv2,nyuv2_labeled_0649,2e6eae214f6474ccfa2a33153741eda0147ec930aea2de494a90acda42b890de,depth_relation_conflict,0,depth_relation_conflict-v0,0.04643348468512899,0.045883697377709184,-0.0005497873074198079,0.9808390817832582,0.9819643473982812,-0.001125265615023019,0.0395074176088466,0.03811828439947865,-0.0013891332093679543,1.0,1.0,0.0,191066,4375
NYUv2,nyuv2_labeled_0649,2e6eae214f6474ccfa2a33153741eda0147ec930aea2de494a90acda42b890de,depth_relation_conflict,1,depth_relation_conflict-v1,0.04643348468512899,0.046954229328352734,0.0005207446432237417,0.9808390817832582,0.9836705640982697,-0.002831482315011513,0.0395074176088466,0.0379794934623236,-0.001527924146523002,1.0,1.0,0.0,191066,4375
NYUv2,nyuv2_labeled_0649,2e6eae214f6474ccfa2a33153741eda0147ec930aea2de494a90acda42b890de,depth_relation_conflict,2,depth_relation_conflict-v2,0.04643348468512899,0.045991971631289555,-0.0004415130538394374,0.9808390817832582,0.9807919776412339,4.710414202424573e-05,0.0395074176088466,0.037216171655074466,-0.002291245953772135,1.0,1.0,0.0,191066,4375
NYUv2,nyuv2_labeled_0649,2e6eae214f6474ccfa2a33153741eda0147ec930aea2de494a90acda42b890de,local_entity_conflict,0,local_entity_conflict-v0,0.04643348468512899,0.04907266083382176,0.0026391761486927665,0.9808390817832582,0.9812682528550344,-0.00042917107177620206,0.0395074176088466,0.043051825614065994,0.0035444080052193933,1.0,1.0,0.0,191066,4375
NYUv2,nyuv2_labeled_0649,2e6eae214f6474ccfa2a33153741eda0147ec930aea2de494a90acda42b890de,local_entity_conflict,1,local_entity_conflict-v1,0.04643348468512899,0.04772705381782259,0.0012935691326936005,0.9808390817832582,0.980284299666084,0.0005547821171741907,0.0395074176088466,0.04043924947822602,0.0009318318693794167,1.0,1.0,0.0,191066,4375
NYUv2,nyuv2_labeled_0649,2e6eae214f6474ccfa2a33153741eda0147ec930aea2de494a90acda42b890de,local_entity_conflict,2,local_entity_conflict-v2,0.04643348468512899,0.047011545232306474,0.0005780605471774822,0.9808390817832582,0.9783477960495326,0.00249128573372559,0.0395074176088466,0.03674790213334113,-0.0027595154755054724,1.0,1.0,0.0,191066,4375
NYUv2,nyuv2_labeled_0649,2e6eae214f6474ccfa2a33153741eda0147ec930aea2de494a90acda42b890de,semantic_preserving,0,semantic_preserving-v0,0.04643348468512899,0.04643348468512899,0.0,0.9808390817832582,0.9808390817832582,0.0,0.0395074176088466,0.0395074176088466,0.0,1.0,1.0,0.0,191066,4375
NYUv2,nyuv2_labeled_0649,2e6eae214f6474ccfa2a33153741eda0147ec930aea2de494a90acda42b890de,semantic_preserving,1,semantic_preserving-v1,0.04643348468512899,0.04641527481615432,-1.8209868974675136e-05,0.9808390817832582,0.9809960955900056,-0.00015701380674737475,0.0395074176088466,0.03685977259870738,-0.00264764501013922,1.0,1.0,0.0,191066,4375
NYUv2,nyuv2_labeled_0649,2e6eae214f6474ccfa2a33153741eda0147ec930aea2de494a90acda42b890de,semantic_preserving,2,semantic_preserving-v2,0.04643348468512899,0.04628568743468087,-0.00014779725044812564,0.9808390817832582,0.9825662336574796,-0.0017271518742214553,0.0395074176088466,0.037119426075420216,-0.0023879915334263854,1.0,1.0,0.0,191066,4375
NYUv2,nyuv2_labeled_0649,2e6eae214f6474ccfa2a33153741eda0147ec930aea2de494a90acda42b890de,target_deletion,0,target_deletion-v0,0.04643348468512899,0.047728543796887325,0.001295059111758333,0.9808390817832582,0.9805983272795787,0.00024075450367944118,0.0395074176088466,0.03881043653514995,-0.0006969810736966522,1.0,1.0,0.0,191066,4375
NYUv2,nyuv2_labeled_0649,2e6eae214f6474ccfa2a33153741eda0147ec930aea2de494a90acda42b890de,target_deletion,1,target_deletion-v1,0.04643348468512899,0.046377553441163864,-5.5931243965128e-05,0.9808390817832582,0.9825714674510378,-0.0017323856677796678,0.0395074176088466,0.03541354887275875,-0.004093868736087851,1.0,1.0,0.0,191066,4375
NYUv2,nyuv2_labeled_0649,2e6eae214f6474ccfa2a33153741eda0147ec930aea2de494a90acda42b890de,target_deletion,2,target_deletion-v2,0.04643348468512899,0.04635947733331644,-7.400735181255225e-05,0.9808390817832582,0.9808600169574911,-2.0935174232961096e-05,0.0395074176088466,0.03606009993455817,-0.003447317674288429,1.0,1.0,0.0,191066,4375
NYUv2,nyuv2_labeled_0695,e78c6bfc3c2fb2c2685ed93a7a6ae2648fe4e503fa047e961a425b51da3d70de,depth_relation_conflict,0,depth_relation_conflict-v0,0.06542262356695654,0.06266127785009944,-0.0027613457168571,0.9790691875559207,0.9793136492756599,-0.0002444617197392418,0.07903385291983513,0.07891631201737842,-0.0001175409024567059,1.0,1.0,0.0,204531,14219
NYUv2,nyuv2_labeled_0695,e78c6bfc3c2fb2c2685ed93a7a6ae2648fe4e503fa047e961a425b51da3d70de,depth_relation_conflict,1,depth_relation_conflict-v1,0.06542262356695654,0.06423724040848452,-0.0011853831584720115,0.9790691875559207,0.9788980643521031,0.00017112320381751367,0.07903385291983513,0.07907973238616706,4.5879466331930074e-05,1.0,1.0,0.0,204531,14219
NYUv2,nyuv2_labeled_0695,e78c6bfc3c2fb2c2685ed93a7a6ae2648fe4e503fa047e961a425b51da3d70de,depth_relation_conflict,2,depth_relation_conflict-v2,0.06542262356695654,0.0646547026264966,-0.0007679209404599374,0.9790691875559207,0.9791034121966842,-3.422464076352494e-05,0.07903385291983513,0.07924382080692872,0.00020996788709359837,1.0,1.0,0.0,204531,14219
NYUv2,nyuv2_labeled_0695,e78c6bfc3c2fb2c2685ed93a7a6ae2648fe4e503fa047e961a425b51da3d70de,local_entity_conflict,0,local_entity_conflict-v0,0.06542262356695654,0.06365628878856032,-0.0017663347783962169,0.9790691875559207,0.9786047102884159,0.00046447726750475926,0.07903385291983513,0.07296749671908359,-0.006066356200751535,1.0,1.0,0.0,204531,14219
NYUv2,nyuv2_labeled_0695,e78c6bfc3c2fb2c2685ed93a7a6ae2648fe4e503fa047e961a425b51da3d70de,local_entity_conflict,1,local_entity_conflict-v1,0.06542262356695654,0.06436083124472887,-0.001061792322227667,0.9790691875559207,0.9787024949763117,0.0003666925796089737,0.07903385291983513,0.08046796176292026,0.0014341088430851329,1.0,1.0,0.0,204531,14219
NYUv2,nyuv2_labeled_0695,e78c6bfc3c2fb2c2685ed93a7a6ae2648fe4e503fa047e961a425b51da3d70de,local_entity_conflict,2,local_entity_conflict-v2,0.06542262356695654,0.06622151501869236,0.0007988914517358253,0.9790691875559207,0.9786389349291794,0.0004302526267412343,0.07903385291983513,0.08320682329295863,0.004172970373123502,1.0,1.0,0.0,204531,14219
NYUv2,nyuv2_labeled_0695,e78c6bfc3c2fb2c2685ed93a7a6ae2648fe4e503fa047e961a425b51da3d70de,semantic_preserving,0,semantic_preserving-v0,0.06542262356695654,0.06542262356695654,0.0,0.9790691875559207,0.9790691875559207,0.0,0.07903385291983513,0.07903385291983513,0.0,1.0,1.0,0.0,204531,14219
NYUv2,nyuv2_labeled_0695,e78c6bfc3c2fb2c2685ed93a7a6ae2648fe4e503fa047e961a425b51da3d70de,semantic_preserving,1,semantic_preserving-v1,0.06542262356695654,0.06297283402280686,-0.0024497895441496775,0.9790691875559207,0.9793185385100547,-0.0002493509541340311,0.07903385291983513,0.07874980192292114,-0.00028405099691398983,1.0,1.0,0.0,204531,14219
NYUv2,nyuv2_labeled_0695,e78c6bfc3c2fb2c2685ed93a7a6ae2648fe4e503fa047e961a425b51da3d70de,semantic_preserving,2,semantic_preserving-v2,0.06542262356695654,0.06337671865307526,-0.0020459049138812774,0.9790691875559207,0.9794163231979505,-0.0003471356420298166,0.07903385291983513,0.0814980772575785,0.002464224337743376,1.0,1.0,0.0,204531,14219
NYUv2,nyuv2_labeled_0695,e78c6bfc3c2fb2c2685ed93a7a6ae2648fe4e503fa047e961a425b51da3d70de,target_deletion,0,target_deletion-v0,0.06542262356695654,0.0649926815621295,-0.00042994200482703027,0.9790691875559207,0.9770010414069261,0.002068146148994532,0.07903385291983513,0.07012106024334051,-0.008912792676494613,1.0,1.0,0.0,204531,14219
NYUv2,nyuv2_labeled_0695,e78c6bfc3c2fb2c2685ed93a7a6ae2648fe4e503fa047e961a425b51da3d70de,target_deletion,1,target_deletion-v1,0.06542262356695654,0.06747553471145086,0.0020529111444943238,0.9790691875559207,0.9776708665190118,0.001398321036908845,0.07903385291983513,0.08025009998299579,0.0012162470631606609,1.0,1.0,0.0,204531,14219
NYUv2,nyuv2_labeled_0695,e78c6bfc3c2fb2c2685ed93a7a6ae2648fe4e503fa047e961a425b51da3d70de,target_deletion,2,target_deletion-v2,0.06542262356695654,0.06774964001434754,0.0023270164473910004,0.9790691875559207,0.9788296150705761,0.00023957248534456355,0.07903385291983513,0.07859466656603209,-0.0004391863538030366,1.0,1.0,0.0,204531,14219
NYUv2,nyuv2_labeled_0701,4947ee8f76683bc19012763c73a6e7ce0deca9d525c934154bf9c088c5683775,depth_relation_conflict,0,depth_relation_conflict-v0,0.06938636927671346,0.07094521498142509,0.0015588457047116255,0.9897969350949563,0.988710866662681,0.0010860684322752112,0.08051729613672226,0.08517288912813142,0.004655592991409163,0.9940762858794067,0.994895010595261,-0.0008187247158543132,200724,41528
NYUv2,nyuv2_labeled_0701,4947ee8f76683bc19012763c73a6e7ce0deca9d525c934154bf9c088c5683775,depth_relation_conflict,1,depth_relation_conflict-v1,0.06938636927671346,0.06765638699878931,-0.001729982277924147,0.9897969350949563,0.9907086347422331,-0.0009116996472768868,0.08051729613672226,0.0763364834496084,-0.004180812687113858,0.9940762858794067,0.9952080523983818,-0.0011317665189751747,200724,41528
NYUv2,nyuv2_labeled_0701,4947ee8f76683bc19012763c73a6e7ce0deca9d525c934154bf9c088c5683775,depth_relation_conflict,2,depth_relation_conflict-v2,0.06938636927671346,0.06350485324313389,-0.005881516033579573,0.9897969350949563,0.9915904425977959,-0.0017935075028396863,0.08051729613672226,0.07387263406958267,-0.006644662067139595,0.9940762858794067,0.9949672510113658,-0.0008909651319591871,200724,41528
NYUv2,nyuv2_labeled_0701,4947ee8f76683bc19012763c73a6e7ce0deca9d525c934154bf9c088c5683775,local_entity_conflict,0,local_entity_conflict-v0,0.06938636927671346,0.06343739977046693,-0.005948969506246529,0.9897969350949563,0.9930750682529245,-0.0032781331579682105,0.08051729613672226,0.06784303432369555,-0.012674261813026708,0.9940762858794067,0.9975919861298401,-0.0035157002504334622,200724,41528
NYUv2,nyuv2_labeled_0701,4947ee8f76683bc19012763c73a6e7ce0deca9d525c934154bf9c088c5683775,local_entity_conflict,1,local_entity_conflict-v1,0.06938636927671346,0.05490366389780967,-0.014482705378903789,0.9897969350949563,0.9965973177098902,-0.006800382614933986,0.08051729613672226,0.06393383097647609,-0.01658346516024617,0.9940762858794067,0.9982180697360816,-0.004141783856674963,200724,41528
NYUv2,nyuv2_labeled_0701,4947ee8f76683bc19012763c73a6e7ce0deca9d525c934154bf9c088c5683775,local_entity_conflict,2,local_entity_conflict-v2,0.06938636927671346,0.05131305605570689,-0.018073313221006568,0.9897969350949563,0.997957394232877,-0.00816045913792074,0.08051729613672226,0.05085343738210458,-0.029663858754617682,0.9940762858794067,0.9990849547293392,-0.005008668849932563,200724,41528
NYUv2,nyuv2_labeled_0701,4947ee8f76683bc19012763c73a6e7ce0deca9d525c934154bf9c088c5683775,semantic_preserving,0,semantic_preserving-v0,0.06938636927671346,0.06938636927671346,0.0,0.9897969350949563,0.9897969350949563,0.0,0.08051729613672226,0.08051729613672226,0.0,0.9940762858794067,0.9940762858794067,0.0,200724,41528
NYUv2,nyuv2_labeled_0701,4947ee8f76683bc19012763c73a6e7ce0deca9d525c934154bf9c088c5683775,semantic_preserving,1,semantic_preserving-v1,0.06938636927671346,0.06808033587861896,-0.0013060333980945,0.9897969350949563,0.9897222056156713,7.472947928499618e-05,0.08051729613672226,0.08066735271594128,0.0001500565792190156,0.9940762858794067,0.9950635715661722,-0.0009872856867655377,200724,41528
NYUv2,nyuv2_labeled_0701,4947ee8f76683bc19012763c73a6e7ce0deca9d525c934154bf9c088c5683775,semantic_preserving,2,semantic_preserving-v2,0.06938636927671346,0.07069067394479521,0.0013043046680817488,0.9897969350949563,0.9882873996133995,0.0015095354815567452,0.08051729613672226,0.08219441824317521,0.0016771221064529468,0.9940762858794067,0.9948227701791562,-0.0007464842997495502,200724,41528
NYUv2,nyuv2_labeled_0701,4947ee8f76683bc19012763c73a6e7ce0deca9d525c934154bf9c088c5683775,target_deletion,0,target_deletion-v0,0.06938636927671346,0.07153236846934495,0.0021459991926314897,0.9897969350949563,0.9894332516291027,0.00036368346585358147,0.08051729613672226,0.08042678349369782,-9.051264302444018e-05,0.9940762858794067,0.9937391639375843,0.0003371219418223381,200724,41528
NYUv2,nyuv2_labeled_0701,4947ee8f76683bc19012763c73a6e7ce0deca9d525c934154bf9c088c5683775,target_deletion,1,target_deletion-v1,0.06938636927671346,0.06286310307844588,-0.006523266198267583,0.9897969350949563,0.995869950778183,-0.006073015683226712,0.08051729613672226,0.06926903909685105,-0.011248257039871215,0.9940762858794067,0.9959304565594298,-0.0018541706800231372,200724,41528
NYUv2,nyuv2_labeled_0701,4947ee8f76683bc19012763c73a6e7ce0deca9d525c934154bf9c088c5683775,target_deletion,2,target_deletion-v2,0.06938636927671346,0.0674635632052695,-0.001922806071443961,0.9897969350949563,0.9912815607500847,-0.0014846256551284132,0.08051729613672226,0.07632133153124483,-0.0041959646054774286,0.9940762858794067,0.9943652475438258,-0.0002889616644191628,200724,41528
NYUv2,nyuv2_labeled_0714,1e83b6fe6d590cc201b4984c4a697c47459769c28ea7eed03d538a63019622bd,depth_relation_conflict,0,depth_relation_conflict-v0,0.044090527509200006,0.044024237762673606,-6.628974652640035e-05,0.9974195513782552,0.9981811421173119,-0.0007615907390566834,0.012718817406578584,0.01284297838491709,0.0001241609783385056,1.0,1.0,0.0,223217,2436
NYUv2,nyuv2_labeled_0714,1e83b6fe6d590cc201b4984c4a697c47459769c28ea7eed03d538a63019622bd,depth_relation_conflict,1,depth_relation_conflict-v1,0.044090527509200006,0.04333516874772935,-0.000755358761470655,0.9974195513782552,0.998893453455606,-0.0014739020773507638,0.012718817406578584,0.01273621117505314,1.7393768474555787e-05,1.0,1.0,0.0,223217,2436
NYUv2,nyuv2_labeled_0714,1e83b6fe6d590cc201b4984c4a697c47459769c28ea7eed03d538a63019622bd,depth_relation_conflict,2,depth_relation_conflict-v2,0.044090527509200006,0.042192624990166176,-0.0018979025190338297,0.9974195513782552,0.9976659483820677,-0.00024639700381245966,0.012718817406578584,0.01555433986642529,0.002835522459846706,1.0,1.0,0.0,223217,2436
NYUv2,nyuv2_labeled_0714,1e83b6fe6d590cc201b4984c4a697c47459769c28ea7eed03d538a63019622bd,local_entity_conflict,0,local_entity_conflict-v0,0.044090527509200006,0.04347805357710038,-0.0006124739320996289,0.9974195513782552,0.9974105914872076,8.959891047655155e-06,0.012718817406578584,0.015056362951689842,0.002337545545111258,1.0,1.0,0.0,223217,2436
NYUv2,nyuv2_labeled_0714,1e83b6fe6d590cc201b4984c4a697c47459769c28ea7eed03d538a63019622bd,local_entity_conflict,1,local_entity_conflict-v1,0.044090527509200006,0.04139312983950623,-0.002697397669693777,0.9974195513782552,0.9981721822262641,-0.0007526308480089172,0.012718817406578584,0.014541658964654149,0.0018228415580755653,1.0,1.0,0.0,223217,2436
NYUv2,nyuv2_labeled_0714,1e83b6fe6d590cc201b4984c4a697c47459769c28ea7eed03d538a63019622bd,local_entity_conflict,2,local_entity_conflict-v2,0.044090527509200006,0.04178266669674773,-0.002307860812452274,0.9974195513782552,0.9976569884910199,-0.00023743711276469348,0.012718817406578584,0.02151754126845132,0.008798723861872738,1.0,1.0,0.0,223217,2436
NYUv2,nyuv2_labeled_0714,1e83b6fe6d590cc201b4984c4a697c47459769c28ea7eed03d538a63019622bd,semantic_preserving,0,semantic_preserving-v0,0.044090527509200006,0.044090527509200006,0.0,0.9974195513782552,0.9974195513782552,0.0,0.012718817406578584,0.012718817406578584,0.0,1.0,1.0,0.0,223217,2436
NYUv2,nyuv2_labeled_0714,1e83b6fe6d590cc201b4984c4a697c47459769c28ea7eed03d538a63019622bd,semantic_preserving,1,semantic_preserving-v1,0.044090527509200006,0.043850760594233415,-0.00023976691496659097,0.9974195513782552,0.9980288239695005,-0.0006092725912453245,0.012718817406578584,0.01274206487865098,2.324747207239561e-05,1.0,1.0,0.0,223217,2436
NYUv2,nyuv2_labeled_0714,1e83b6fe6d590cc201b4984c4a697c47459769c28ea7eed03d538a63019622bd,semantic_preserving,2,semantic_preserving-v2,0.044090527509200006,0.04236638838615294,-0.0017241391230470651,0.9974195513782552,0.9988620938369389,-0.0014425424586836932,0.012718817406578584,0.013004914341274489,0.0002860969346959053,1.0,1.0,0.0,223217,2436
NYUv2,nyuv2_labeled_0714,1e83b6fe6d590cc201b4984c4a697c47459769c28ea7eed03d538a63019622bd,target_deletion,0,target_deletion-v0,0.044090527509200006,0.0478694345025451,0.0037789069933450922,0.9974195513782552,0.9984499388487436,-0.0010303874704883365,0.012718817406578584,0.011750574891660665,-0.0009682425149179184,1.0,1.0,0.0,223217,2436
NYUv2,nyuv2_labeled_0714,1e83b6fe6d590cc201b4984c4a697c47459769c28ea7eed03d538a63019622bd,target_deletion,1,target_deletion-v1,0.044090527509200006,0.046299530466864455,0.0022090029576644493,0.9974195513782552,0.9989113732377014,-0.0014918218594461852,0.012718817406578584,0.017479117369008406,0.004760299962429822,1.0,1.0,0.0,223217,2436
NYUv2,nyuv2_labeled_0714,1e83b6fe6d590cc201b4984c4a697c47459769c28ea7eed03d538a63019622bd,target_deletion,2,target_deletion-v2,0.044090527509200006,0.04332137183855486,-0.0007691556706451441,0.9974195513782552,0.9989113732377014,-0.0014918218594461852,0.012718817406578584,0.015331458740294974,0.00261264133371639,1.0,1.0,0.0,223217,2436
NYUv2,nyuv2_labeled_0723,c42fb0a5b85a159980841597c0ab0c96e2bef605bb7d54d5c39b1f0ab33e514f,depth_relation_conflict,0,depth_relation_conflict-v0,0.033601819881841424,0.035306809145651,0.0017049892638095754,0.9987707136961134,0.9987440865559569,2.6627140156443296e-05,0.04538867920756443,0.04930012971529802,0.003911450507733588,0.9997965205005596,0.999491301251399,0.0003052192491606043,225334,9829
NYUv2,nyuv2_labeled_0723,c42fb0a5b85a159980841597c0ab0c96e2bef605bb7d54d5c39b1f0ab33e514f,depth_relation_conflict,1,depth_relation_conflict-v1,0.033601819881841424,0.03327778565990663,-0.00032403422193479775,0.9987707136961134,0.998726335129186,4.4378566927405494e-05,0.04538867920756443,0.04485006134777674,-0.0005386178597876906,0.9997965205005596,0.9997965205005596,0.0,225334,9829
NYUv2,nyuv2_labeled_0723,c42fb0a5b85a159980841597c0ab0c96e2bef605bb7d54d5c39b1f0ab33e514f,depth_relation_conflict,2,depth_relation_conflict-v2,0.033601819881841424,0.03291009802132147,-0.0006917218605199532,0.9987707136961134,0.9987440865559569,2.6627140156443296e-05,0.04538867920756443,0.04533105618703017,-5.762302053426149e-05,0.9997965205005596,0.9997965205005596,0.0,225334,9829
NYUv2,nyuv2_labeled_0723,c42fb0a5b85a159980841597c0ab0c96e2bef605bb7d54d5c39b1f0ab33e514f,local_entity_conflict,0,local_entity_conflict-v0,0.033601819881841424,0.036529042010107454,0.00292722212826603,0.9987707136961134,0.9986553294221023,0.00011538427401103224,0.04538867920756443,0.04935618147823761,0.003967502270673176,0.9997965205005596,0.999491301251399,0.0003052192491606043,225334,9829
NYUv2,nyuv2_labeled_0723,c42fb0a5b85a159980841597c0ab0c96e2bef605bb7d54d5c39b1f0ab33e514f,local_entity_conflict,1,local_entity_conflict-v1,0.033601819881841424,0.037918959674414617,0.004317139792573192,0.9987707136961134,0.9986686429921805,0.0001020707039328661,0.04538867920756443,0.04855402228105763,0.0031653430734931987,0.9997965205005596,0.9995930410011191,0.00020347949944043986,225334,9829
NYUv2,nyuv2_labeled_0723,c42fb0a5b85a159980841597c0ab0c96e2bef605bb7d54d5c39b1f0ab33e514f,local_entity_conflict,2,local_entity_conflict-v2,0.033601819881841424,0.03611967626717607,0.002517856385334645,0.9987707136961134,0.9985931994284041,0.0001775142677092889,0.04538867920756443,0.04946481518937422,0.004076135981809788,0.9997965205005596,0.9995930410011191,0.00020347949944043986,225334,9829
NYUv2,nyuv2_labeled_0723,c42fb0a5b85a159980841597c0ab0c96e2bef605bb7d54d5c39b1f0ab33e514f,semantic_preserving,0,semantic_preserving-v0,0.033601819881841424,0.033601819881841424,0.0,0.9987707136961134,0.9987707136961134,0.0,0.04538867920756443,0.04538867920756443,0.0,0.9997965205005596,0.9997965205005596,0.0,225334,9829
NYUv2,nyuv2_labeled_0723,c42fb0a5b85a159980841597c0ab0c96e2bef605bb7d54d5c39b1f0ab33e514f,semantic_preserving,1,semantic_preserving-v1,0.033601819881841424,0.03492525898557633,0.0013234391037349053,0.9987707136961134,0.9987884651228842,-1.7751426770851175e-05,0.04538867920756443,0.04944664117880926,0.0040579619712448264,0.9997965205005596,0.999491301251399,0.0003052192491606043,225334,9829
NYUv2,nyuv2_labeled_0723,c42fb0a5b85a159980841597c0ab0c96e2bef605bb7d54d5c39b1f0ab33e514f,semantic_preserving,2,semantic_preserving-v2,0.033601819881841424,0.034591272745883785,0.0009894528640423603,0.9987707136961134,0.9988017786929625,-3.1064996849128335e-05,0.04538867920756443,0.05150960043926905,0.006120921231704615,0.9997965205005596,0.9991860820022382,0.0006104384983213196,225334,9829
NYUv2,nyuv2_labeled_0723,c42fb0a5b85a159980841597c0ab0c96e2bef605bb7d54d5c39b1f0ab33e514f,target_deletion,0,target_deletion-v0,0.033601819881841424,0.03145591027656687,-0.002145909605274554,0.9987707136961134,0.9987973408362697,-2.6627140156332274e-05,0.04538867920756443,0.0478035553132682,0.0024148761057037685,0.9997965205005596,0.9995930410011191,0.00020347949944043986,225334,9829
NYUv2,nyuv2_labeled_0723,c42fb0a5b85a159980841597c0ab0c96e2bef605bb7d54d5c39b1f0ab33e514f,target_deletion,1,target_deletion-v1,0.033601819881841424,0.03256566839862816,-0.001036151483213267,0.9987707136961134,0.9986508915654095,0.0001198221307038283,0.04538867920756443,0.04404612560203648,-0.0013425536055279505,0.9997965205005596,0.9998982602502798,-0.00010173974972027544,225334,9829
NYUv2,nyuv2_labeled_0723,c42fb0a5b85a159980841597c0ab0c96e2bef605bb7d54d5c39b1f0ab33e514f,target_deletion,2,target_deletion-v2,0.033601819881841424,0.031340245693946805,-0.002261574187894619,0.9987707136961134,0.9987973408362697,-2.6627140156332274e-05,0.04538867920756443,0.04645715231850327,0.0010684731109388348,0.9997965205005596,0.9996947807508394,0.00010173974972016442,225334,9829
NYUv2,nyuv2_labeled_0745,773bf985afb3f89940d6bda3babe5d71c5fab4f78a3adad979a6b51373ba49ff,depth_relation_conflict,0,depth_relation_conflict-v0,0.06566611556452862,0.06753795806593337,0.0018718425014047496,0.9891280347398194,0.9874141756127309,0.0017138591270884351,0.03858811008525943,0.042836088483158,0.004247978397898568,1.0,1.0,0.0,190214,9471
NYUv2,nyuv2_labeled_0745,773bf985afb3f89940d6bda3babe5d71c5fab4f78a3adad979a6b51373ba49ff,depth_relation_conflict,1,depth_relation_conflict-v1,0.06566611556452862,0.0661015094488424,0.0004353938843137811,0.9891280347398194,0.9885549959519279,0.0005730387878915,0.03858811008525943,0.039013027267253766,0.00042491718199433315,1.0,1.0,0.0,190214,9471
NYUv2,nyuv2_labeled_0745,773bf985afb3f89940d6bda3babe5d71c5fab4f78a3adad979a6b51373ba49ff,depth_relation_conflict,2,depth_relation_conflict-v2,0.06566611556452862,0.06423456568990332,-0.001431549874625293,0.9891280347398194,0.989969192593605,-0.0008411578537856901,0.03858811008525943,0.038262233452709585,-0.00032587663254984855,1.0,1.0,0.0,190214,9471
NYUv2,nyuv2_labeled_0745,773bf985afb3f89940d6bda3babe5d71c5fab4f78a3adad979a6b51373ba49ff,local_entity_conflict,0,local_entity_conflict-v0,0.06566611556452862,0.07053798926990779,0.0048718737053791705,0.9891280347398194,0.9865677605223591,0.002560274217460301,0.03858811008525943,0.03779772784296069,-0.0007903822422987428,1.0,1.0,0.0,190214,9471
NYUv2,nyuv2_labeled_0745,773bf985afb3f89940d6bda3babe5d71c5fab4f78a3adad979a6b51373ba49ff,local_entity_conflict,1,local_entity_conflict-v1,0.06566611556452862,0.07224070347072262,0.006574587906194002,0.9891280347398194,0.9840232580146572,0.005104776725162186,0.03858811008525943,0.04215241804751676,0.003564307962257325,1.0,0.9995776581142435,0.00042234188575651643,190214,9471
NYUv2,nyuv2_labeled_0745,773bf985afb3f89940d6bda3babe5d71c5fab4f78a3adad979a6b51373ba49ff,local_entity_conflict,2,local_entity_conflict-v2,0.06566611556452862,0.07251554723208688,0.006849431667558262,0.9891280347398194,0.9858054612173657,0.0033225735224536868,0.03858811008525943,0.039472993083631044,0.0008848829983716111,1.0,1.0,0.0,190214,9471
NYUv2,nyuv2_labeled_0745,773bf985afb3f89940d6bda3babe5d71c5fab4f78a3adad979a6b51373ba49ff,semantic_preserving,0,semantic_preserving-v0,0.06566611556452862,0.06566611556452862,0.0,0.9891280347398194,0.9891280347398194,0.0,0.03858811008525943,0.03858811008525943,0.0,1.0,1.0,0.0,190214,9471
NYUv2,nyuv2_labeled_0745,773bf985afb3f89940d6bda3babe5d71c5fab4f78a3adad979a6b51373ba49ff,semantic_preserving,1,semantic_preserving-v1,0.06566611556452862,0.06665307886106489,0.0009869632965362751,0.9891280347398194,0.9872932591712492,0.0018347755685701461,0.03858811008525943,0.04071562842553757,0.002127518340278134,1.0,1.0,0.0,190214,9471
NYUv2,nyuv2_labeled_0745,773bf985afb3f89940d6bda3babe5d71c5fab4f78a3adad979a6b51373ba49ff,semantic_preserving,2,semantic_preserving-v2,0.06566611556452862,0.06712845233352625,0.001462336768997638,0.9891280347398194,0.9877033236249698,0.0014247111148495417,0.03858811008525943,0.04203794517628383,0.0034498350910243947,1.0,1.0,0.0,190214,9471
NYUv2,nyuv2_labeled_0745,773bf985afb3f89940d6bda3babe5d71c5fab4f78a3adad979a6b51373ba49ff,target_deletion,0,target_deletion-v0,0.06566611556452862,0.06463824395943582,-0.001027871605092795,0.9891280347398194,0.9866361045979791,0.0024919301418402373,0.03858811008525943,0.039901441626341794,0.0013133315410823604,1.0,1.0,0.0,190214,9471
NYUv2,nyuv2_labeled_0745,773bf985afb3f89940d6bda3babe5d71c5fab4f78a3adad979a6b51373ba49ff,target_deletion,1,target_deletion-v1,0.06566611556452862,0.06631942699611208,0.000653311431583467,0.9891280347398194,0.9867097059101854,0.0024183288296339978,0.03858811008525943,0.037647930585040144,-0.0009401795002192889,1.0,1.0,0.0,190214,9471
NYUv2,nyuv2_labeled_0745,773bf985afb3f89940d6bda3babe5d71c5fab4f78a3adad979a6b51373ba49ff,target_deletion,2,target_deletion-v2,0.06566611556452862,0.0631835405690606,-0.002482574995468015,0.9891280347398194,0.9890859768471301,4.2057892689295606e-05,0.03858811008525943,0.03793454609216513,-0.0006535639930943041,1.0,1.0,0.0,190214,9471
NYUv2,nyuv2_labeled_0751,773bf985afb3f89940d6bda3babe5d71c5fab4f78a3adad979a6b51373ba49ff,depth_relation_conflict,0,depth_relation_conflict-v0,0.044838329987636524,0.04620248260224297,0.0013641526146064425,0.9933102783604513,0.9935370485855207,-0.00022677022506945033,0.045439472333712906,0.05010903218988473,0.004669559856171825,0.9971487148850661,0.9971215597887334,2.7155096332664996e-05,211668,73651
NYUv2,nyuv2_labeled_0751,773bf985afb3f89940d6bda3babe5d71c5fab4f78a3adad979a6b51373ba49ff,depth_relation_conflict,1,depth_relation_conflict-v1,0.044838329987636524,0.0459081720744854,0.0010698420868488767,0.9933102783604513,0.9932724833229397,3.779503751155655e-05,0.045439472333712906,0.047922844397092226,0.00248337206337932,0.9971487148850661,0.9971487148850661,0.0,211668,73651
NYUv2,nyuv2_labeled_0751,773bf985afb3f89940d6bda3babe5d71c5fab4f78a3adad979a6b51373ba49ff,depth_relation_conflict,2,depth_relation_conflict-v2,0.044838329987636524,0.043592058535275466,-0.0012462714523610585,0.9933102783604513,0.9935417729652096,-0.00023149460475835326,0.045439472333712906,0.04399442907856486,-0.0014450432551480485,0.9971487148850661,0.9971351373368997,1.3577548166332498e-05,211668,73651
NYUv2,nyuv2_labeled_0751,773bf985afb3f89940d6bda3babe5d71c5fab4f78a3adad979a6b51373ba49ff,local_entity_conflict,0,local_entity_conflict-v0,0.044838329987636524,0.041366947417191435,-0.003471382570445089,0.9933102783604513,0.9931449250713381,0.00016535328911315705,0.045439472333712906,0.03933437854959681,-0.006105093784116097,0.9971487148850661,0.9971487148850661,0.0,211668,73651
NYUv2,nyuv2_labeled_0751,773bf985afb3f89940d6bda3babe5d71c5fab4f78a3adad979a6b51373ba49ff,local_entity_conflict,1,local_entity_conflict-v1,0.044838329987636524,0.04057193693657778,-0.004266393051058748,0.9933102783604513,0.993962242757526,-0.0006519643970747113,0.045439472333712906,0.04089328253536186,-0.004546189798351044,0.9971487148850661,0.9970129394034025,0.00013577548166354703,211668,73651
NYUv2,nyuv2_labeled_0751,773bf985afb3f89940d6bda3babe5d71c5fab4f78a3adad979a6b51373ba49ff,local_entity_conflict,2,local_entity_conflict-v2,0.044838329987636524,0.03866548447577303,-0.006172845511863492,0.9933102783604513,0.9935842923824102,-0.00027401402195892377,0.045439472333712906,0.035787414897494776,-0.00965205743621813,0.9971487148850661,0.9970265169515689,0.00012219793349721453,211668,73651
NYUv2,nyuv2_labeled_0751,773bf985afb3f89940d6bda3babe5d71c5fab4f78a3adad979a6b51373ba49ff,semantic_preserving,0,semantic_preserving-v0,0.044838329987636524,0.044838329987636524,0.0,0.9933102783604513,0.9933102783604513,0.0,0.045439472333712906,0.045439472333712906,0.0,0.9971487148850661,0.9971487148850661,0.0,211668,73651
NYUv2,nyuv2_labeled_0751,773bf985afb3f89940d6bda3babe5d71c5fab4f78a3adad979a6b51373ba49ff,semantic_preserving,1,semantic_preserving-v1,0.044838329987636524,0.04554342039783834,0.0007050904102018155,0.9933102783604513,0.9935228754464539,-0.0002125970860026305,0.045439472333712906,0.04870564454950288,0.003266172215789974,0.9971487148850661,0.9971215597887334,2.7155096332664996e-05,211668,73651
NYUv2,nyuv2_labeled_0751,773bf985afb3f89940d6bda3babe5d71c5fab4f78a3adad979a6b51373ba49ff,semantic_preserving,2,semantic_preserving-v2,0.044838329987636524,0.04527909115242327,0.0004407611647867446,0.9933102783604513,0.9938535820246801,-0.0005433036642288336,0.045439472333712906,0.0493064393376404,0.003866967003927496,0.9971487148850661,0.9971622924332324,-1.3577548166332498e-05,211668,73651
NYUv2,nyuv2_labeled_0751,773bf985afb3f89940d6bda3babe5d71c5fab4f78a3adad979a6b51373ba49ff,target_deletion,0,target_deletion-v0,0.044838329987636524,0.04351029428216467,-0.0013280357054718528,0.9933102783604513,0.9939338964793922,-0.0006236181189409606,0.045439472333712906,0.04357724159102049,-0.001862230742692414,0.9971487148850661,0.9971622924332324,-1.3577548166332498e-05,211668,73651
NYUv2,nyuv2_labeled_0751,773bf985afb3f89940d6bda3babe5d71c5fab4f78a3adad979a6b51373ba49ff,target_deletion,1,target_deletion-v1,0.044838329987636524,0.04084761014360313,-0.0039907198440333955,0.9933102783604513,0.9940378328325491,-0.0007275544720978244,0.045439472333712906,0.04010048067463339,-0.0053389916590795145,0.9971487148850661,0.9971215597887334,2.7155096332664996e-05,211668,73651
NYUv2,nyuv2_labeled_0751,773bf985afb3f89940d6bda3babe5d71c5fab4f78a3adad979a6b51373ba49ff,target_deletion,2,target_deletion-v2,0.044838329987636524,0.043239961483965604,-0.0015983685036709203,0.9933102783604513,0.9935323242058318,-0.0002220458453805474,0.045439472333712906,0.04219889444028865,-0.0032405778934242527,0.9971487148850661,0.9971215597887334,2.7155096332664996e-05,211668,73651
NYUv2,nyuv2_labeled_0753,773bf985afb3f89940d6bda3babe5d71c5fab4f78a3adad979a6b51373ba49ff,depth_relation_conflict,0,depth_relation_conflict-v0,0.04212010331265232,0.04356716420290765,0.0014470608902553278,0.985765795983397,0.9859177812251059,-0.00015198524170889627,0.024718836361694287,0.030135252838834548,0.005416416477140262,0.9872561181910454,0.9884966730574039,-0.0012405548663584343,190808,8867
NYUv2,nyuv2_labeled_0753,773bf985afb3f89940d6bda3babe5d71c5fab4f78a3adad979a6b51373ba49ff,depth_relation_conflict,1,depth_relation_conflict-v1,0.04212010331265232,0.040939406267828375,-0.0011806970448239446,0.985765795983397,0.9858444090394533,-7.861305605627589e-05,0.024718836361694287,0.02495496859150209,0.00023613222980780474,0.9872561181910454,0.9872561181910454,0.0,190808,8867
NYUv2,nyuv2_labeled_0753,773bf985afb3f89940d6bda3babe5d71c5fab4f78a3adad979a6b51373ba49ff,depth_relation_conflict,2,depth_relation_conflict-v2,0.04212010331265232,0.041041232300289346,-0.0010788710123629738,0.985765795983397,0.9856085698712842,0.00015722611211277382,0.024718836361694287,0.025383876323616546,0.0006650399619222598,0.9872561181910454,0.9868050073305514,0.0004511108604939862,190808,8867
NYUv2,nyuv2_labeled_0753,773bf985afb3f89940d6bda3babe5d71c5fab4f78a3adad979a6b51373ba49ff,local_entity_conflict,0,local_entity_conflict-v0,0.04212010331265232,0.04137481238447452,-0.0007452909281778011,0.985765795983397,0.9853884533143265,0.00037734266907052394,0.024718836361694287,0.02714293021240933,0.0024240938507150422,0.9872561181910454,0.9851133416036991,0.0021427765873462956,190808,8867
NYUv2,nyuv2_labeled_0753,773bf985afb3f89940d6bda3babe5d71c5fab4f78a3adad979a6b51373ba49ff,local_entity_conflict,1,local_entity_conflict-v1,0.04212010331265232,0.04210690391082443,-1.3199401827888868e-05,0.985765795983397,0.9856819420569368,8.385392646015344e-05,0.024718836361694287,0.031956291789923916,0.007237455428229629,0.9872561181910454,0.987143340475922,0.00011277771512341328,190808,8867
NYUv2,nyuv2_labeled_0753,773bf985afb3f89940d6bda3babe5d71c5fab4f78a3adad979a6b51373ba49ff,local_entity_conflict,2,local_entity_conflict-v2,0.04212010331265232,0.04237016322713219,0.0002500599144798707,0.985765795983397,0.9856976646681481,6.813131524885385e-05,0.024718836361694287,0.02646447069216604,0.0017456343304717535,0.9872561181910454,0.986917785045675,0.0003383331453704619,190808,8867
NYUv2,nyuv2_labeled_0753,773bf985afb3f89940d6bda3babe5d71c5fab4f78a3adad979a6b51373ba49ff,semantic_preserving,0,semantic_preserving-v0,0.04212010331265232,0.04212010331265232,0.0,0.985765795983397,0.985765795983397,0.0,0.024718836361694287,0.024718836361694287,0.0,0.9872561181910454,0.9872561181910454,0.0,190808,8867
NYUv2,nyuv2_labeled_0753,773bf985afb3f89940d6bda3babe5d71c5fab4f78a3adad979a6b51373ba49ff,semantic_preserving,1,semantic_preserving-v1,0.04212010331265232,0.04377174268522617,0.0016516393725738501,0.985765795983397,0.9859020586138946,-0.00013626263049759668,0.024718836361694287,0.02964652567595462,0.004927689314260332,0.9872561181910454,0.9884966730574039,-0.0012405548663584343,190808,8867
NYUv2,nyuv2_labeled_0753,773bf985afb3f89940d6bda3babe5d71c5fab4f78a3adad979a6b51373ba49ff,semantic_preserving,2,semantic_preserving-v2,0.04212010331265232,0.041847988853585455,-0.00027211445906686477,0.985765795983397,0.985765795983397,0.0,0.024718836361694287,0.03281358439064881,0.008094748028954525,0.9872561181910454,0.9872561181910454,0.0,190808,8867
NYUv2,nyuv2_labeled_0753,773bf985afb3f89940d6bda3babe5d71c5fab4f78a3adad979a6b51373ba49ff,target_deletion,0,target_deletion-v0,0.04212010331265232,0.04125356071903114,-0.0008665425936211779,0.985765795983397,0.9853779715735189,0.000387824409878057,0.024718836361694287,0.028666630265607913,0.003947793903913626,0.9872561181910454,0.9850005638885756,0.00225555430246982,190808,8867
NYUv2,nyuv2_labeled_0753,773bf985afb3f89940d6bda3babe5d71c5fab4f78a3adad979a6b51373ba49ff,target_deletion,1,target_deletion-v1,0.04212010331265232,0.04230315079185732,0.00018304747920500075,0.985765795983397,0.9859701899291434,-0.00020439394574645053,0.024718836361694287,0.025296873788317815,0.0005780374266235282,0.9872561181910454,0.9880455621969099,-0.0007894440058644481,190808,8867
NYUv2,nyuv2_labeled_0753,773bf985afb3f89940d6bda3babe5d71c5fab4f78a3adad979a6b51373ba49ff,target_deletion,2,target_deletion-v2,0.04212010331265232,0.04050886153516395,-0.0016112417774883717,0.985765795983397,0.9857815185946082,-1.5722611211188564e-05,0.024718836361694287,0.028100133426003038,0.003381297064308751,0.9872561181910454,0.987143340475922,0.00011277771512341328,190808,8867
NYUv2,nyuv2_labeled_0755,773bf985afb3f89940d6bda3babe5d71c5fab4f78a3adad979a6b51373ba49ff,depth_relation_conflict,0,depth_relation_conflict-v0,0.05782211217421472,0.05805082912273936,0.00022871694852463764,0.9858986219993183,0.9854068267030238,0.000491795296294506,0.10038712045112262,0.1017397561549802,0.0013526357038575743,0.9924688574118266,0.9923375002736607,0.00013135713816581074,205370,45677
NYUv2,nyuv2_labeled_0755,773bf985afb3f89940d6bda3babe5d71c5fab4f78a3adad979a6b51373ba49ff,depth_relation_conflict,1,depth_relation_conflict-v1,0.05782211217421472,0.058328967898505196,0.0005068557242904753,0.9858986219993183,0.98581097531285,8.764668646832341e-05,0.10038712045112262,0.10218408558627527,0.0017969651351526506,0.9924688574118266,0.9924469645554655,2.1892856361005464e-05,205370,45677
NYUv2,nyuv2_labeled_0755,773bf985afb3f89940d6bda3babe5d71c5fab4f78a3adad979a6b51373ba49ff,depth_relation_conflict,2,depth_relation_conflict-v2,0.05782211217421472,0.05984447921297436,0.0020223670387596385,0.9858986219993183,0.9851390173832595,0.0007596046160588399,0.10038712045112262,0.10847392659561467,0.008086806144492045,0.9924688574118266,0.9922499288482168,0.00021892856360972157,205370,45677
NYUv2,nyuv2_labeled_0755,773bf985afb3f89940d6bda3babe5d71c5fab4f78a3adad979a6b51373ba49ff,local_entity_conflict,0,local_entity_conflict-v0,0.05782211217421472,0.0607277906865202,0.0029056785123054776,0.9858986219993183,0.9864731947217218,-0.0005745727224034658,0.10038712045112262,0.10325765916194621,0.0028705387108235864,0.9924688574118266,0.9925126431245485,-4.3785712721899905e-05,205370,45677
NYUv2,nyuv2_labeled_0755,773bf985afb3f89940d6bda3babe5d71c5fab4f78a3adad979a6b51373ba49ff,local_entity_conflict,1,local_entity_conflict-v1,0.05782211217421472,0.05920140880447405,0.001379296630259326,0.9858986219993183,0.9854603885669767,0.00043823343234161705,0.10038712045112262,0.10229761961586066,0.0019104991647380387,0.9924688574118266,0.9923812859863826,8.757142544391083e-05,205370,45677
NYUv2,nyuv2_labeled_0755,773bf985afb3f89940d6bda3babe5d71c5fab4f78a3adad979a6b51373ba49ff,local_entity_conflict,2,local_entity_conflict-v2,0.05782211217421472,0.05863942006472419,0.000817307890509468,0.9858986219993183,0.985728197886741,0.00017042411257728318,0.10038712045112262,0.10347240809834286,0.0030852876472202417,0.9924688574118266,0.9924031788427436,6.567856908290537e-05,205370,45677
NYUv2,nyuv2_labeled_0755,773bf985afb3f89940d6bda3babe5d71c5fab4f78a3adad979a6b51373ba49ff,semantic_preserving,0,semantic_preserving-v0,0.05782211217421472,0.05782211217421472,0.0,0.9858986219993183,0.9858986219993183,0.0,0.10038712045112262,0.10038712045112262,0.0,0.9924688574118266,0.9924688574118266,0.0,205370,45677
NYUv2,nyuv2_labeled_0755,773bf985afb3f89940d6bda3babe5d71c5fab4f78a3adad979a6b51373ba49ff,semantic_preserving,1,semantic_preserving-v1,0.05782211217421472,0.057918341427541375,9.622925332665455e-05,0.9858986219993183,0.9855139504309296,0.00038467156838872807,0.10038712045112262,0.10125838881908975,0.0008712683679671235,0.9924688574118266,0.9923375002736607,0.00013135713816581074,205370,45677
NYUv2,nyuv2_labeled_0755,773bf985afb3f89940d6bda3babe5d71c5fab4f78a3adad979a6b51373ba49ff,semantic_preserving,2,semantic_preserving-v2,0.05782211217421472,0.05952962999706234,0.001707517822847622,0.9858986219993183,0.9851000633003847,0.000798558698933638,0.10038712045112262,0.10645156574328592,0.006064445292163295,0.9924688574118266,0.9922718217045778,0.0001970357072487161,205370,45677
NYUv2,nyuv2_labeled_0755,773bf985afb3f89940d6bda3babe5d71c5fab4f78a3adad979a6b51373ba49ff,target_deletion,0,target_deletion-v0,0.05782211217421472,0.0597077535344257,0.0018856413602109795,0.9858986219993183,0.9853581340994303,0.0005404878998880314,0.10038712045112262,0.10700862194878605,0.006621501497663426,0.9924688574118266,0.9923156074172997,0.0001532499945268162,205370,45677
NYUv2,nyuv2_labeled_0755,773bf985afb3f89940d6bda3babe5d71c5fab4f78a3adad979a6b51373ba49ff,target_deletion,1,target_deletion-v1,0.05782211217421472,0.05844901821999698,0.0006269060457822564,0.9858986219993183,0.9861615620587233,-0.00026294005940497023,0.10038712045112262,0.1009879010391744,0.000600780588051783,0.9924688574118266,0.9926440002627143,-0.00017514285088771064,205370,45677
NYUv2,nyuv2_labeled_0755,773bf985afb3f89940d6bda3babe5d71c5fab4f78a3adad979a6b51373ba49ff,target_deletion,2,target_deletion-v2,0.05782211217421472,0.05918131594783435,0.00135920377361963,0.9858986219993183,0.985908360520037,-9.738520718727273e-06,0.10038712045112262,0.10378316873601592,0.003396048284893302,0.9924688574118266,0.9924688574118266,0.0,205370,45677
NYUv2,nyuv2_labeled_0757,773bf985afb3f89940d6bda3babe5d71c5fab4f78a3adad979a6b51373ba49ff,depth_relation_conflict,0,depth_relation_conflict-v0,0.06323353909293343,0.06526562199715076,0.0020320829042173305,0.9784090909090909,0.978541055718475,-0.00013196480938415522,0.060042544940085776,0.06022664054154702,0.0001840956014612441,0.9936469996225941,0.9938357026041011,-0.00018870298150708287,136400,15898
NYUv2,nyuv2_labeled_0757,773bf985afb3f89940d6bda3babe5d71c5fab4f78a3adad979a6b51373ba49ff,depth_relation_conflict,1,depth_relation_conflict-v1,0.06323353909293343,0.0641048107071244,0.0008712716141909688,0.9784090909090909,0.9790469208211143,-0.0006378299120234354,0.060042544940085776,0.06380380490221986,0.0037612599621340836,0.9936469996225941,0.9937099006164297,-6.290099383565728e-05,136400,15898
NYUv2,nyuv2_labeled_0757,773bf985afb3f89940d6bda3babe5d71c5fab4f78a3adad979a6b51373ba49ff,depth_relation_conflict,2,depth_relation_conflict-v2,0.06323353909293343,0.06235424112453306,-0.000879297968400368,0.9784090909090909,0.9788196480938416,-0.0004105571847506928,0.060042544940085776,0.0587559086712004,-0.001286636268885373,0.9936469996225941,0.9938986035979368,-0.00025160397534274015,136400,15898
NYUv2,nyuv2_labeled_0757,773bf985afb3f89940d6bda3babe5d71c5fab4f78a3adad979a6b51373ba49ff,local_entity_conflict,0,local_entity_conflict-v0,0.06323353909293343,0.06196017590148677,-0.0012733631914466567,0.9784090909090909,0.9784604105571848,-5.131964809390599e-05,0.060042544940085776,0.0502308214857549,-0.009811723454330873,0.9936469996225941,0.9927034847150585,0.0009435149075355254,136400,15898
NYUv2,nyuv2_labeled_0757,773bf985afb3f89940d6bda3babe5d71c5fab4f78a3adad979a6b51373ba49ff,local_entity_conflict,1,local_entity_conflict-v1,0.06323353909293343,0.06703132733484285,0.0037977882419094194,0.9784090909090909,0.9782478005865103,0.0001612903225806095,0.060042544940085776,0.06472311734604871,0.004680572405962938,0.9936469996225941,0.9936469996225941,0.0,136400,15898
NYUv2,nyuv2_labeled_0757,773bf985afb3f89940d6bda3babe5d71c5fab4f78a3adad979a6b51373ba49ff,local_entity_conflict,2,local_entity_conflict-v2,0.06323353909293343,0.06325251163035125,1.8972537417824564e-05,0.9784090909090909,0.9786876832844574,-0.0002785923753665376,0.060042544940085776,0.06092722958151362,0.000884684641427845,0.9936469996225941,0.9941502075732797,-0.0005032079506855913,136400,15898
NYUv2,nyuv2_labeled_0757,773bf985afb3f89940d6bda3babe5d71c5fab4f78a3adad979a6b51373ba49ff,semantic_preserving,0,semantic_preserving-v0,0.06323353909293343,0.06323353909293343,0.0,0.9784090909090909,0.9784090909090909,0.0,0.060042544940085776,0.060042544940085776,0.0,0.9936469996225941,0.9936469996225941,0.0,136400,15898
NYUv2,nyuv2_labeled_0757,773bf985afb3f89940d6bda3babe5d71c5fab4f78a3adad979a6b51373ba49ff,semantic_preserving,1,semantic_preserving-v1,0.06323353909293343,0.06530205907372373,0.002068519980790301,0.9784090909090909,0.97841642228739,-7.331378299113567e-06,0.060042544940085776,0.06393005102783543,0.0038875060877496537,0.9936469996225941,0.9938986035979368,-0.00025160397534274015,136400,15898
NYUv2,nyuv2_labeled_0757,773bf985afb3f89940d6bda3babe5d71c5fab4f78a3adad979a6b51373ba49ff,semantic_preserving,2,semantic_preserving-v2,0.06323353909293343,0.0641785197520685,0.000944980659135064,0.9784090909090909,0.9786656891495601,-0.0002565982404691969,0.060042544940085776,0.056884533255673254,-0.003158011684412522,0.9936469996225941,0.9940244055856082,-0.00037740596301416574,136400,15898
NYUv2,nyuv2_labeled_0757,773bf985afb3f89940d6bda3babe5d71c5fab4f78a3adad979a6b51373ba49ff,target_deletion,0,target_deletion-v0,0.06323353909293343,0.06484796094049936,0.001614421847565925,0.9784090909090909,0.9799046920821114,-0.0014956011730204999,0.060042544940085776,0.06458867251979257,0.0045461275797067935,0.9936469996225941,0.9942131085671153,-0.0005661089445212486,136400,15898
NYUv2,nyuv2_labeled_0757,773bf985afb3f89940d6bda3babe5d71c5fab4f78a3adad979a6b51373ba49ff,target_deletion,1,target_deletion-v1,0.06323353909293343,0.07005718374344218,0.006823644650508748,0.9784090909090909,0.9786363636363636,-0.00022727272727274261,0.060042544940085776,0.07723219894197492,0.01718965400188914,0.9936469996225941,0.9941502075732797,-0.0005032079506855913,136400,15898
NYUv2,nyuv2_labeled_0757,773bf985afb3f89940d6bda3babe5d71c5fab4f78a3adad979a6b51373ba49ff,target_deletion,2,target_deletion-v2,0.06323353909293343,0.06535583957440252,0.0021223004814690943,0.9784090909090909,0.9797140762463343,-0.0013049853372434361,0.060042544940085776,0.0664804900931666,0.006437945153080826,0.9936469996225941,0.9948421185054724,-0.0011951188828783765,136400,15898
NYUv2,nyuv2_labeled_0790,183a6fa3729d1483d4573093cce25413a5215a9ede7137442545b41635775e0e,depth_relation_conflict,0,depth_relation_conflict-v0,0.04036077396844758,0.039691155094124866,-0.0006696188743227152,0.9982386613826508,0.9985146920614891,-0.00027603067883830157,0.03472873208905555,0.0418217106717535,0.007092978582697945,0.9997389033942559,0.9992167101827676,0.0005221932114882755,152157,7660
NYUv2,nyuv2_labeled_0790,183a6fa3729d1483d4573093cce25413a5215a9ede7137442545b41635775e0e,depth_relation_conflict,1,depth_relation_conflict-v1,0.04036077396844758,0.041244636421722866,0.0008838624532752845,0.9982386613826508,0.9981729397924513,6.572159019957446e-05,0.03472873208905555,0.035313045602278006,0.0005843135132224536,0.9997389033942559,0.9997389033942559,0.0,152157,7660
NYUv2,nyuv2_labeled_0790,183a6fa3729d1483d4573093cce25413a5215a9ede7137442545b41635775e0e,depth_relation_conflict,2,depth_relation_conflict-v2,0.04036077396844758,0.04103428618092403,0.0006735122124764473,0.9982386613826508,0.9979757750218524,0.0002628863607984089,0.03472873208905555,0.03347653664816719,-0.001252195440888365,0.9997389033942559,0.9997389033942559,0.0,152157,7660
NYUv2,nyuv2_labeled_0790,183a6fa3729d1483d4573093cce25413a5215a9ede7137442545b41635775e0e,local_entity_conflict,0,local_entity_conflict-v0,0.04036077396844758,0.038450166299469506,-0.001910607668978076,0.9982386613826508,0.9988498721715071,-0.0006112107888562868,0.03472873208905555,0.036906339512330126,0.002177607423274573,0.9997389033942559,0.9992167101827676,0.0005221932114882755,152157,7660
NYUv2,nyuv2_labeled_0790,183a6fa3729d1483d4573093cce25413a5215a9ede7137442545b41635775e0e,local_entity_conflict,1,local_entity_conflict-v1,0.04036077396844758,0.04199739841900198,0.0016366244505543956,0.9982386613826508,0.99837667672207,-0.00013801533941915078,0.03472873208905555,0.03275600182923982,-0.0019727302598157304,0.9997389033942559,0.9994778067885117,0.00026109660574413773,152157,7660
NYUv2,nyuv2_labeled_0790,183a6fa3729d1483d4573093cce25413a5215a9ede7137442545b41635775e0e,local_entity_conflict,2,local_entity_conflict-v2,0.04036077396844758,0.04354374043644216,0.003182966467994576,0.9982386613826508,0.9981137903612716,0.0001248710213792581,0.03472873208905555,0.033815817152982375,-0.0009129149360731781,0.9997389033942559,0.9990861618798955,0.0006527415143603443,152157,7660
NYUv2,nyuv2_labeled_0790,183a6fa3729d1483d4573093cce25413a5215a9ede7137442545b41635775e0e,semantic_preserving,0,semantic_preserving-v0,0.04036077396844758,0.04036077396844758,0.0,0.9982386613826508,0.9982386613826508,0.0,0.03472873208905555,0.03472873208905555,0.0,0.9997389033942559,0.9997389033942559,0.0,152157,7660
NYUv2,nyuv2_labeled_0790,183a6fa3729d1483d4573093cce25413a5215a9ede7137442545b41635775e0e,semantic_preserving,1,semantic_preserving-v1,0.04036077396844758,0.03979752104082739,-0.0005632529276201892,0.9982386613826508,0.9985212642205091,-0.0002826028378583034,0.03472873208905555,0.04039295361232044,0.005664221523264887,0.9997389033942559,0.9992167101827676,0.0005221932114882755,152157,7660
NYUv2,nyuv2_labeled_0790,183a6fa3729d1483d4573093cce25413a5215a9ede7137442545b41635775e0e,semantic_preserving,2,semantic_preserving-v2,0.04036077396844758,0.039165380314296186,-0.0011953936541513957,0.9982386613826508,0.9984884034254092,-0.00024974204275840517,0.03472873208905555,0.04208455807547037,0.007355825986414814,0.9997389033942559,0.9989556135770234,0.0007832898172324132,152157,7660
NYUv2,nyuv2_labeled_0790,183a6fa3729d1483d4573093cce25413a5215a9ede7137442545b41635775e0e,target_deletion,0,target_deletion-v0,0.04036077396844758,0.03876674337118095,-0.0015940305972666283,0.9982386613826508,0.998527836379529,-0.00028917499687819426,0.03472873208905555,0.04228279181289673,0.007554059723841176,0.9997389033942559,0.9992167101827676,0.0005221932114882755,152157,7660
NYUv2,nyuv2_labeled_0790,183a6fa3729d1483d4573093cce25413a5215a9ede7137442545b41635775e0e,target_deletion,1,target_deletion-v1,0.04036077396844758,0.04813538194380859,0.00777460797536101,0.9982386613826508,0.9979166255906728,0.0003220357919779815,0.03472873208905555,0.032611319567261,-0.002117412521794551,0.9997389033942559,0.9998694516971279,-0.00013054830287206887,152157,7660
NYUv2,nyuv2_labeled_0790,183a6fa3729d1483d4573093cce25413a5215a9ede7137442545b41635775e0e,target_deletion,2,target_deletion-v2,0.04036077396844758,0.0422637669316538,0.0019029929632062154,0.9982386613826508,0.9982255170646109,1.3144318039892688e-05,0.03472873208905555,0.032079903325670914,-0.002648828763384639,0.9997389033942559,0.9997389033942559,0.0,152157,7660
NYUv2,nyuv2_labeled_0793,183a6fa3729d1483d4573093cce25413a5215a9ede7137442545b41635775e0e,depth_relation_conflict,0,depth_relation_conflict-v0,0.050701975669193135,0.0531896437151312,0.0024876680459380643,0.970177786274135,0.9724187004821683,-0.0022409142080332956,0.03950002910065525,0.040961667003899874,0.0014616379032446267,1.0,1.0,0.0,188316,10067
NYUv2,nyuv2_labeled_0793,183a6fa3729d1483d4573093cce25413a5215a9ede7137442545b41635775e0e,depth_relation_conflict,1,depth_relation_conflict-v1,0.050701975669193135,0.0513299300651428,0.000627954395949662,0.970177786274135,0.9692803585462733,0.0008974277278617215,0.03950002910065525,0.04188038201895597,0.0023803529183007224,1.0,1.0,0.0,188316,10067
NYUv2,nyuv2_labeled_0793,183a6fa3729d1483d4573093cce25413a5215a9ede7137442545b41635775e0e,depth_relation_conflict,2,depth_relation_conflict-v2,0.050701975669193135,0.04940003902012938,-0.0013019366490637577,0.970177786274135,0.9705017098918839,-0.0003239236177489113,0.03950002910065525,0.042478393099683716,0.002978363999028469,1.0,1.0,0.0,188316,10067
NYUv2,nyuv2_labeled_0793,183a6fa3729d1483d4573093cce25413a5215a9ede7137442545b41635775e0e,local_entity_conflict,0,local_entity_conflict-v0,0.050701975669193135,0.04983389274952513,-0.0008680829196680076,0.970177786274135,0.9722859449011236,-0.0021081586269886543,0.03950002910065525,0.03784073826451512,-0.0016592908361401301,1.0,1.0,0.0,188316,10067
NYUv2,nyuv2_labeled_0793,183a6fa3729d1483d4573093cce25413a5215a9ede7137442545b41635775e0e,local_entity_conflict,1,local_entity_conflict-v1,0.050701975669193135,0.05245400489303958,0.0017520292238464436,0.970177786274135,0.9728860001274453,-0.002708213853310326,0.03950002910065525,0.0387021486080054,-0.0007978804926498453,1.0,1.0,0.0,188316,10067
NYUv2,nyuv2_labeled_0793,183a6fa3729d1483d4573093cce25413a5215a9ede7137442545b41635775e0e,local_entity_conflict,2,local_entity_conflict-v2,0.050701975669193135,0.04890807032814993,-0.001793905341043206,0.970177786274135,0.9722700142313982,-0.0020922279572632707,0.03950002910065525,0.03703449429354188,-0.0024655348071133676,1.0,1.0,0.0,188316,10067
NYUv2,nyuv2_labeled_0793,183a6fa3729d1483d4573093cce25413a5215a9ede7137442545b41635775e0e,semantic_preserving,0,semantic_preserving-v0,0.050701975669193135,0.050701975669193135,0.0,0.970177786274135,0.970177786274135,0.0,0.03950002910065525,0.03950002910065525,0.0,1.0,1.0,0.0,188316,10067
NYUv2,nyuv2_labeled_0793,183a6fa3729d1483d4573093cce25413a5215a9ede7137442545b41635775e0e,semantic_preserving,1,semantic_preserving-v1,0.050701975669193135,0.05279706100730262,0.0020950853381094883,0.970177786274135,0.9717708532466705,-0.001593066972535473,0.03950002910065525,0.04104884290212953,0.0015488138014742858,1.0,1.0,0.0,188316,10067
NYUv2,nyuv2_labeled_0793,183a6fa3729d1483d4573093cce25413a5215a9ede7137442545b41635775e0e,semantic_preserving,2,semantic_preserving-v2,0.050701975669193135,0.05225058590081154,0.0015486102316184039,0.970177786274135,0.9717867839163958,-0.0016089976422608565,0.03950002910065525,0.04087450910809013,0.0013744800074348834,1.0,1.0,0.0,188316,10067
NYUv2,nyuv2_labeled_0793,183a6fa3729d1483d4573093cce25413a5215a9ede7137442545b41635775e0e,target_deletion,0,target_deletion-v0,0.050701975669193135,0.05096155189096754,0.00025957622177440187,0.970177786274135,0.9673315066165381,0.002846279657596873,0.03950002910065525,0.03704326293021218,-0.0024567661704430685,1.0,1.0,0.0,188316,10067
NYUv2,nyuv2_labeled_0793,183a6fa3729d1483d4573093cce25413a5215a9ede7137442545b41635775e0e,target_deletion,1,target_deletion-v1,0.050701975669193135,0.04931836916382388,-0.0013836065053692559,0.970177786274135,0.9683138979162684,0.00186388835786655,0.03950002910065525,0.0376406033078355,-0.0018594257928197452,1.0,1.0,0.0,188316,10067
NYUv2,nyuv2_labeled_0793,183a6fa3729d1483d4573093cce25413a5215a9ede7137442545b41635775e0e,target_deletion,2,target_deletion-v2,0.050701975669193135,0.04991532883466258,-0.0007866468345305577,0.970177786274135,0.9670075829987893,0.0031702032753456733,0.03950002910065525,0.041268352504441434,0.0017683234037861872,1.0,1.0,0.0,188316,10067
NYUv2,nyuv2_labeled_0830,3d868567862c8aec139260b9902686477a0eb8791b4d0eb8fe91e5db92ff22a3,depth_relation_conflict,0,depth_relation_conflict-v0,0.06087407297165547,0.06217121096501363,0.0012971379933581564,0.9785129811092029,0.9787150217193656,-0.00020204061016271258,0.062016307370816946,0.060343437964767835,-0.0016728694060491114,0.9822545208720636,0.9854656075714044,-0.0032110866993408926,197980,5917
NYUv2,nyuv2_labeled_0830,3d868567862c8aec139260b9902686477a0eb8791b4d0eb8fe91e5db92ff22a3,depth_relation_conflict,1,depth_relation_conflict-v1,0.06087407297165547,0.06162724525007044,0.000753172278414968,0.9785129811092029,0.9788968582685119,-0.00038387715930898736,0.062016307370816946,0.0614467737219855,-0.000569533648831444,0.9822545208720636,0.9829305391245564,-0.0006760182524928604,197980,5917
NYUv2,nyuv2_labeled_0830,3d868567862c8aec139260b9902686477a0eb8791b4d0eb8fe91e5db92ff22a3,depth_relation_conflict,2,depth_relation_conflict-v2,0.06087407297165547,0.06315614261061347,0.0022820696389580022,0.9785129811092029,0.9785634912617436,-5.051015254065039e-05,0.062016307370816946,0.06189842046558651,-0.00011788690523043682,0.9822545208720636,0.9822545208720636,0.0,197980,5917
NYUv2,nyuv2_labeled_0830,3d868567862c8aec139260b9902686477a0eb8791b4d0eb8fe91e5db92ff22a3,local_entity_conflict,0,local_entity_conflict-v0,0.06087407297165547,0.059309457821007244,-0.0015646151506482284,0.9785129811092029,0.9783412465905647,0.00017173451863827793,0.062016307370816946,0.06698364836120028,0.0049673409903833385,0.9822545208720636,0.9781984113571066,0.00405610951495694,197980,5917
NYUv2,nyuv2_labeled_0830,3d868567862c8aec139260b9902686477a0eb8791b4d0eb8fe91e5db92ff22a3,local_entity_conflict,1,local_entity_conflict-v1,0.06087407297165547,0.05899508628044299,-0.0018789866912124822,0.9785129811092029,0.9777856349126174,0.0007273461965855432,0.062016307370816946,0.06499250463056826,0.0029761972597513106,0.9822545208720636,0.9788744296095995,0.00338009126246408,197980,5917
NYUv2,nyuv2_labeled_0830,3d868567862c8aec139260b9902686477a0eb8791b4d0eb8fe91e5db92ff22a3,local_entity_conflict,2,local_entity_conflict-v2,0.06087407297165547,0.060674298308343616,-0.00019977466331185662,0.9785129811092029,0.9776846146075361,0.000828366501666844,0.062016307370816946,0.06738842516351518,0.005372117792698229,0.9822545208720636,0.977691397667737,0.004563123204326502,197980,5917
NYUv2,nyuv2_labeled_0830,3d868567862c8aec139260b9902686477a0eb8791b4d0eb8fe91e5db92ff22a3,semantic_preserving,0,semantic_preserving-v0,0.06087407297165547,0.06087407297165547,0.0,0.9785129811092029,0.9785129811092029,0.0,0.062016307370816946,0.062016307370816946,0.0,0.9822545208720636,0.9822545208720636,0.0,197980,5917
NYUv2,nyuv2_labeled_0830,3d868567862c8aec139260b9902686477a0eb8791b4d0eb8fe91e5db92ff22a3,semantic_preserving,1,semantic_preserving-v1,0.06087407297165547,0.06068488534323812,-0.00018918762841735326,0.9785129811092029,0.9784978280634408,1.515304576216181e-05,0.062016307370816946,0.059804749912462804,-0.0022115574583541422,0.9822545208720636,0.9854656075714044,-0.0032110866993408926,197980,5917
NYUv2,nyuv2_labeled_0830,3d868567862c8aec139260b9902686477a0eb8791b4d0eb8fe91e5db92ff22a3,semantic_preserving,2,semantic_preserving-v2,0.06087407297165547,0.06288501331383406,0.002010940342178587,0.9785129811092029,0.9785331851702193,-2.020406101632677e-05,0.062016307370816946,0.060835588777869855,-0.0011807185929470915,0.9822545208720636,0.9837755619401723,-0.0015210410681087971,197980,5917
NYUv2,nyuv2_labeled_0830,3d868567862c8aec139260b9902686477a0eb8791b4d0eb8fe91e5db92ff22a3,target_deletion,0,target_deletion-v0,0.06087407297165547,0.0654304913432079,0.004556418371552427,0.9785129811092029,0.9785584402464895,-4.545913728659645e-05,0.062016307370816946,0.06708644514271526,0.0050701377718983184,0.9822545208720636,0.9766773702889978,0.0055771505830657375,197980,5917
NYUv2,nyuv2_labeled_0830,3d868567862c8aec139260b9902686477a0eb8791b4d0eb8fe91e5db92ff22a3,target_deletion,1,target_deletion-v1,0.06087407297165547,0.05903106988794788,-0.0018430030837075922,0.9785129811092029,0.9784069097888676,0.00010607132033535471,0.062016307370816946,0.06160001728570531,-0.0004162900851116397,0.9822545208720636,0.9797194524252155,0.0025350684468480322,197980,5917
NYUv2,nyuv2_labeled_0830,3d868567862c8aec139260b9902686477a0eb8791b4d0eb8fe91e5db92ff22a3,target_deletion,2,target_deletion-v2,0.06087407297165547,0.06267937920065965,0.0018053062290041763,0.9785129811092029,0.9772249722194161,0.0012880088897868625,0.062016307370816946,0.06431667512936995,0.0023003677585530027,0.9822545208720636,0.977691397667737,0.004563123204326502,197980,5917
NYUv2,nyuv2_labeled_0868,18debcb8a6a43360a437f3a8e141c3bb7da38be0028586142041c450cd610e5d,depth_relation_conflict,0,depth_relation_conflict-v0,0.029909554575168674,0.029149857366405428,-0.0007596972087632464,0.999977765721858,0.9999955531443716,-1.7787422513571016e-05,0.022996754180282984,0.022339427485687506,-0.0006573266945954781,1.0,1.0,0.0,224878,36821
NYUv2,nyuv2_labeled_0868,18debcb8a6a43360a437f3a8e141c3bb7da38be0028586142041c450cd610e5d,depth_relation_conflict,1,depth_relation_conflict-v1,0.029909554575168674,0.02896238381733995,-0.000947170757828724,0.999977765721858,0.9999733188662296,4.446855628392754e-06,0.022996754180282984,0.021851503883122552,-0.0011452502971604321,1.0,1.0,0.0,224878,36821
NYUv2,nyuv2_labeled_0868,18debcb8a6a43360a437f3a8e141c3bb7da38be0028586142041c450cd610e5d,depth_relation_conflict,2,depth_relation_conflict-v2,0.029909554575168674,0.02834845336927443,-0.0015611012058942449,0.999977765721858,0.9999733188662296,4.446855628392754e-06,0.022996754180282984,0.020994129354657384,-0.0020026248256256006,1.0,1.0,0.0,224878,36821
NYUv2,nyuv2_labeled_0868,18debcb8a6a43360a437f3a8e141c3bb7da38be0028586142041c450cd610e5d,local_entity_conflict,0,local_entity_conflict-v0,0.029909554575168674,0.03804867034717976,0.008139115772011082,0.999977765721858,0.9999332971655742,4.446855628381652e-05,0.022996754180282984,0.033214342239713666,0.010217588059430682,1.0,1.0,0.0,224878,36821
NYUv2,nyuv2_labeled_0868,18debcb8a6a43360a437f3a8e141c3bb7da38be0028586142041c450cd610e5d,local_entity_conflict,1,local_entity_conflict-v1,0.029909554575168674,0.032655152662882325,0.0027455980877136507,0.999977765721858,0.9999955531443716,-1.7787422513571016e-05,0.022996754180282984,0.027661279783326612,0.004664525603043628,1.0,1.0,0.0,224878,36821
NYUv2,nyuv2_labeled_0868,18debcb8a6a43360a437f3a8e141c3bb7da38be0028586142041c450cd610e5d,local_entity_conflict,2,local_entity_conflict-v2,0.029909554575168674,0.03482354406006688,0.0049139894848982055,0.999977765721858,0.9999688720106013,8.893711256785508e-06,0.022996754180282984,0.031867735086844554,0.00887098090656157,1.0,1.0,0.0,224878,36821
NYUv2,nyuv2_labeled_0868,18debcb8a6a43360a437f3a8e141c3bb7da38be0028586142041c450cd610e5d,semantic_preserving,0,semantic_preserving-v0,0.029909554575168674,0.029909554575168674,0.0,0.999977765721858,0.999977765721858,0.0,0.022996754180282984,0.022996754180282984,0.0,1.0,1.0,0.0,224878,36821
NYUv2,nyuv2_labeled_0868,18debcb8a6a43360a437f3a8e141c3bb7da38be0028586142041c450cd610e5d,semantic_preserving,1,semantic_preserving-v1,0.029909554575168674,0.030641141032207504,0.0007315864570388297,0.999977765721858,0.9999733188662296,4.446855628392754e-06,0.022996754180282984,0.023811025114079273,0.0008142709337962892,1.0,1.0,0.0,224878,36821
NYUv2,nyuv2_labeled_0868,18debcb8a6a43360a437f3a8e141c3bb7da38be0028586142041c450cd610e5d,semantic_preserving,2,semantic_preserving-v2,0.029909554575168674,0.02753661653416651,-0.002372938041002165,0.999977765721858,0.9999955531443716,-1.7787422513571016e-05,0.022996754180282984,0.0204427096370752,-0.0025540445432077827,1.0,1.0,0.0,224878,36821
NYUv2,nyuv2_labeled_0868,18debcb8a6a43360a437f3a8e141c3bb7da38be0028586142041c450cd610e5d,target_deletion,0,target_deletion-v0,0.029909554575168674,0.033964975122295064,0.00405542054712639,0.999977765721858,0.9999822125774864,-4.446855628392754e-06,0.022996754180282984,0.02536574482721078,0.0023689906469277974,1.0,1.0,0.0,224878,36821
NYUv2,nyuv2_labeled_0868,18debcb8a6a43360a437f3a8e141c3bb7da38be0028586142041c450cd610e5d,target_deletion,1,target_deletion-v1,0.029909554575168674,0.032771485536923176,0.002861930961754501,0.999977765721858,0.9999822125774864,-4.446855628392754e-06,0.022996754180282984,0.02561266556697513,0.0026159113866921456,1.0,1.0,0.0,224878,36821
NYUv2,nyuv2_labeled_0868,18debcb8a6a43360a437f3a8e141c3bb7da38be0028586142041c450cd610e5d,target_deletion,2,target_deletion-v2,0.029909554575168674,0.03323500076577696,0.003325446190608289,0.999977765721858,0.9999688720106013,8.893711256785508e-06,0.022996754180282984,0.02522770330313547,0.0022309491228524846,1.0,1.0,0.0,224878,36821
NYUv2,nyuv2_labeled_0880,ccaf5a4a47a013f89cd1c06a403253d3b204c1be9973fba51c355aa2bcd56fca,depth_relation_conflict,0,depth_relation_conflict-v0,0.08868315508208081,0.0844062026965025,-0.00427695238557832,0.9498287595071832,0.9516227075271687,-0.0017939480199855584,0.05420193871899503,0.06072125899352222,0.006519320274527195,0.9849624060150376,0.9849624060150376,0.0,202347,3059
NYUv2,nyuv2_labeled_0880,ccaf5a4a47a013f89cd1c06a403253d3b204c1be9973fba51c355aa2bcd56fca,depth_relation_conflict,1,depth_relation_conflict-v1,0.08868315508208081,0.08763972013216693,-0.0010434349499138795,0.9498287595071832,0.9508814066924639,-0.0010526471852807529,0.05420193871899503,0.0588488022005723,0.004646863481577272,0.9849624060150376,0.9846355017979732,0.0003269042170643832,202347,3059
NYUv2,nyuv2_labeled_0880,ccaf5a4a47a013f89cd1c06a403253d3b204c1be9973fba51c355aa2bcd56fca,depth_relation_conflict,2,depth_relation_conflict-v2,0.08868315508208081,0.08745834507186054,-0.0012248100102202758,0.9498287595071832,0.9500857437965475,-0.00025698428936438145,0.05420193871899503,0.05159095202304177,-0.002610986695953256,0.9849624060150376,0.985289310232102,-0.0003269042170643832,202347,3059
NYUv2,nyuv2_labeled_0880,ccaf5a4a47a013f89cd1c06a403253d3b204c1be9973fba51c355aa2bcd56fca,local_entity_conflict,0,local_entity_conflict-v0,0.08868315508208081,0.08390763873367262,-0.004775516348408199,0.9498287595071832,0.9520872560502504,-0.002258496543067201,0.05420193871899503,0.05655138807836821,0.0023494493593731805,0.9849624060150376,0.9849624060150376,0.0,202347,3059
NYUv2,nyuv2_labeled_0880,ccaf5a4a47a013f89cd1c06a403253d3b204c1be9973fba51c355aa2bcd56fca,local_entity_conflict,1,local_entity_conflict-v1,0.08868315508208081,0.08222111096038133,-0.006462044121699484,0.9498287595071832,0.9520378359946033,-0.002209076487420192,0.05420193871899503,0.06244571731673703,0.008243778597742002,0.9849624060150376,0.9849624060150376,0.0,202347,3059
NYUv2,nyuv2_labeled_0880,ccaf5a4a47a013f89cd1c06a403253d3b204c1be9973fba51c355aa2bcd56fca,local_entity_conflict,2,local_entity_conflict-v2,0.08868315508208081,0.08363888137627327,-0.005044273705807539,0.9498287595071832,0.9513459552155455,-0.0015171957083623955,0.05420193871899503,0.05520252911180111,0.001000590392806082,0.9849624060150376,0.9856162144491664,-0.0006538084341287664,202347,3059
NYUv2,nyuv2_labeled_0880,ccaf5a4a47a013f89cd1c06a403253d3b204c1be9973fba51c355aa2bcd56fca,semantic_preserving,0,semantic_preserving-v0,0.08868315508208081,0.08868315508208081,0.0,0.9498287595071832,0.9498287595071832,0.0,0.05420193871899503,0.05420193871899503,0.0,0.9849624060150376,0.9849624060150376,0.0,202347,3059
NYUv2,nyuv2_labeled_0880,ccaf5a4a47a013f89cd1c06a403253d3b204c1be9973fba51c355aa2bcd56fca,semantic_preserving,1,semantic_preserving-v1,0.08868315508208081,0.0845263060428677,-0.004156849039213109,0.9498287595071832,0.9513854912600631,-0.0015567317528799585,0.05420193871899503,0.05939010614052517,0.005188167421530145,0.9849624060150376,0.9849624060150376,0.0,202347,3059
NYUv2,nyuv2_labeled_0880,ccaf5a4a47a013f89cd1c06a403253d3b204c1be9973fba51c355aa2bcd56fca,semantic_preserving,2,semantic_preserving-v2,0.08868315508208081,0.08461978044598287,-0.004063374636097947,0.9498287595071832,0.9505947703697114,-0.0007660108625282547,0.05420193871899503,0.060445937090033264,0.0062439983710382355,0.9849624060150376,0.9849624060150376,0.0,202347,3059
NYUv2,nyuv2_labeled_0880,ccaf5a4a47a013f89cd1c06a403253d3b204c1be9973fba51c355aa2bcd56fca,target_deletion,0,target_deletion-v0,0.08868315508208081,0.08400878925622525,-0.004674365825855564,0.9498287595071832,0.951583171482651,-0.0017544119754678844,0.05420193871899503,0.05388769905714835,-0.00031423966184667557,0.9849624060150376,0.9859431186662307,-0.0009807126511931497,202347,3059
NYUv2,nyuv2_labeled_0880,ccaf5a4a47a013f89cd1c06a403253d3b204c1be9973fba51c355aa2bcd56fca,target_deletion,1,target_deletion-v1,0.08868315508208081,0.08525344756412545,-0.003429707517955363,0.9498287595071832,0.9515930554937805,-0.0017642959865973307,0.05420193871899503,0.05252542494962519,-0.0016765137693698362,0.9849624060150376,0.9859431186662307,-0.0009807126511931497,202347,3059
NYUv2,nyuv2_labeled_0880,ccaf5a4a47a013f89cd1c06a403253d3b204c1be9973fba51c355aa2bcd56fca,target_deletion,2,target_deletion-v2,0.08868315508208081,0.08464548452339457,-0.004037670558686243,0.9498287595071832,0.9506787844643113,-0.0008500249571281593,0.05420193871899503,0.051708606353258725,-0.0024933323657363032,0.9849624060150376,0.985289310232102,-0.0003269042170643832,202347,3059
NYUv2,nyuv2_labeled_0901,7ef8e7e471023aa71f83711522e3346f7ff5cd07f3ba192338328bb77e452251,depth_relation_conflict,0,depth_relation_conflict-v0,0.05603459795020719,0.05404295008316391,-0.0019916478670432766,0.9687816167543505,0.9688574969647916,-7.588021044113713e-05,0.02080234659612351,0.02031802852992039,-0.0004843180662031203,0.9976434301952833,0.9974874807229125,0.00015594947237085321,158144,57711
NYUv2,nyuv2_labeled_0901,7ef8e7e471023aa71f83711522e3346f7ff5cd07f3ba192338328bb77e452251,depth_relation_conflict,1,depth_relation_conflict-v1,0.05603459795020719,0.05541875147793635,-0.0006158464722708368,0.9687816167543505,0.968206191825172,0.000575424929178503,0.02080234659612351,0.02034753886718758,-0.0004548077289359305,0.9976434301952833,0.9976434301952833,0.0,158144,57711
NYUv2,nyuv2_labeled_0901,7ef8e7e471023aa71f83711522e3346f7ff5cd07f3ba192338328bb77e452251,depth_relation_conflict,2,depth_relation_conflict-v2,0.05603459795020719,0.05483691527648839,-0.0011976826737188015,0.9687816167543505,0.9698186462970457,-0.0010370295426952447,0.02080234659612351,0.02047526537006435,-0.0003270812260591609,0.9976434301952833,0.9974354975654555,0.0002079326298278783,158144,57711
NYUv2,nyuv2_labeled_0901,7ef8e7e471023aa71f83711522e3346f7ff5cd07f3ba192338328bb77e452251,local_entity_conflict,0,local_entity_conflict-v0,0.05603459795020719,0.05989950013226123,0.003864902182054042,0.9687816167543505,0.9696732092270336,-0.0008915924726831115,0.02080234659612351,0.026166733695096797,0.005364387098973286,0.9976434301952833,0.9979033459825684,-0.0002599157872850144,158144,57711
NYUv2,nyuv2_labeled_0901,7ef8e7e471023aa71f83711522e3346f7ff5cd07f3ba192338328bb77e452251,local_entity_conflict,1,local_entity_conflict-v1,0.05603459795020719,0.0570812404266725,0.001046642476465312,0.9687816167543505,0.9665684439498179,0.0022131728045325927,0.02080234659612351,0.023386712765680787,0.0025843661695572756,0.9976434301952833,0.9977127410718927,-6.931087660932977e-05,158144,57711
NYUv2,nyuv2_labeled_0901,7ef8e7e471023aa71f83711522e3346f7ff5cd07f3ba192338328bb77e452251,local_entity_conflict,2,local_entity_conflict-v2,0.05603459795020719,0.058698308924833936,0.002663710974626747,0.9687816167543505,0.9699134965600972,-0.0011318798057466939,0.02080234659612351,0.02732257216405557,0.00652022556793206,0.9976434301952833,0.9975394638803694,0.00010396631491393915,158144,57711
NYUv2,nyuv2_labeled_0901,7ef8e7e471023aa71f83711522e3346f7ff5cd07f3ba192338328bb77e452251,semantic_preserving,0,semantic_preserving-v0,0.05603459795020719,0.05603459795020719,0.0,0.9687816167543505,0.9687816167543505,0.0,0.02080234659612351,0.02080234659612351,0.0,0.9976434301952833,0.9976434301952833,0.0,158144,57711
NYUv2,nyuv2_labeled_0901,7ef8e7e471023aa71f83711522e3346f7ff5cd07f3ba192338328bb77e452251,semantic_preserving,1,semantic_preserving-v1,0.05603459795020719,0.05419865530250781,-0.0018359426476993804,0.9687816167543505,0.9689333771752326,-0.00015176042088216324,0.02080234659612351,0.02108567543327085,0.0002833288371473404,0.9976434301952833,0.9974528252846078,0.0001906049106755736,158144,57711
NYUv2,nyuv2_labeled_0901,7ef8e7e471023aa71f83711522e3346f7ff5cd07f3ba192338328bb77e452251,semantic_preserving,2,semantic_preserving-v2,0.05603459795020719,0.053409567327971204,-0.0026250306222359854,0.9687816167543505,0.9699134965600972,-0.0011318798057466939,0.02080234659612351,0.020112314369360923,-0.000690032226762588,0.9976434301952833,0.9974008421271509,0.00024258806813248768,158144,57711
NYUv2,nyuv2_labeled_0901,7ef8e7e471023aa71f83711522e3346f7ff5cd07f3ba192338328bb77e452251,target_deletion,0,target_deletion-v0,0.05603459795020719,0.056059243850501796,2.464590029460645e-05,0.9687816167543505,0.968952347227843,-0.00017073047349247528,0.02080234659612351,0.02144107486377677,0.0006387282676532588,0.9976434301952833,0.9978860182634159,-0.0002425880681325987,158144,57711
NYUv2,nyuv2_labeled_0901,7ef8e7e471023aa71f83711522e3346f7ff5cd07f3ba192338328bb77e452251,target_deletion,1,target_deletion-v1,0.05603459795020719,0.05474829248041556,-0.0012863054697916307,0.9687816167543505,0.9678773775799272,0.0009042391744232825,0.02080234659612351,0.02164221334849652,0.0008398667523730093,0.9976434301952833,0.9975048084420648,0.00013862175321854853,158144,57711
NYUv2,nyuv2_labeled_0901,7ef8e7e471023aa71f83711522e3346f7ff5cd07f3ba192338328bb77e452251,target_deletion,2,target_deletion-v2,0.05603459795020719,0.05601210590878931,-2.249204141788197e-05,0.9687816167543505,0.9677129704573048,0.0010686462970457278,0.02080234659612351,0.020986177302269857,0.00018383070614634567,0.9976434301952833,0.9979206737017207,-0.0002772435064373191,158144,57711
NYUv2,nyuv2_labeled_0903,7ef8e7e471023aa71f83711522e3346f7ff5cd07f3ba192338328bb77e452251,depth_relation_conflict,0,depth_relation_conflict-v0,0.05677635446482828,0.061491734473347194,0.004715380008518913,0.9913854018814479,0.9917786502977013,-0.0003932484162534333,0.020472862916262557,0.022472797352623138,0.0019999344363605814,1.0,1.0,0.0,162747,21171
NYUv2,nyuv2_labeled_0903,7ef8e7e471023aa71f83711522e3346f7ff5cd07f3ba192338328bb77e452251,depth_relation_conflict,1,depth_relation_conflict-v1,0.05677635446482828,0.05822757699251246,0.0014512225276841761,0.9913854018814479,0.991360823855432,2.457802601585346e-05,0.020472862916262557,0.021919036225341932,0.0014461733090793752,1.0,1.0,0.0,162747,21171
NYUv2,nyuv2_labeled_0903,7ef8e7e471023aa71f83711522e3346f7ff5cd07f3ba192338328bb77e452251,depth_relation_conflict,2,depth_relation_conflict-v2,0.05677635446482828,0.05685876753715484,8.241307232655787e-05,0.9913854018814479,0.9913915463879519,-6.144506504046632e-06,0.020472862916262557,0.02095268611916815,0.0004798232029055924,1.0,1.0,0.0,162747,21171
NYUv2,nyuv2_labeled_0903,7ef8e7e471023aa71f83711522e3346f7ff5cd07f3ba192338328bb77e452251,local_entity_conflict,0,local_entity_conflict-v0,0.05677635446482828,0.059461902624723895,0.0026855481598956135,0.9913854018814479,0.9909860089586905,0.00039939292275736893,0.020472862916262557,0.02485768608736549,0.004384823171102933,1.0,1.0,0.0,162747,21171
NYUv2,nyuv2_labeled_0903,7ef8e7e471023aa71f83711522e3346f7ff5cd07f3ba192338328bb77e452251,local_entity_conflict,1,local_entity_conflict-v1,0.05677635446482828,0.05707103244006599,0.00029467797523771017,0.9913854018814479,0.991065887543242,0.00031951433820587294,0.020472862916262557,0.023717204381656833,0.0032443414653942765,1.0,1.0,0.0,162747,21171
NYUv2,nyuv2_labeled_0903,7ef8e7e471023aa71f83711522e3346f7ff5cd07f3ba192338328bb77e452251,local_entity_conflict,2,local_entity_conflict-v2,0.05677635446482828,0.05201920076868402,-0.00475715369614426,0.9913854018814479,0.990758662218044,0.0006267396634038747,0.020472862916262557,0.021832649715429305,0.0013597867991667484,1.0,1.0,0.0,162747,21171
NYUv2,nyuv2_labeled_0903,7ef8e7e471023aa71f83711522e3346f7ff5cd07f3ba192338328bb77e452251,semantic_preserving,0,semantic_preserving-v0,0.05677635446482828,0.05677635446482828,0.0,0.9913854018814479,0.9913854018814479,0.0,0.020472862916262557,0.020472862916262557,0.0,1.0,1.0,0.0,162747,21171
NYUv2,nyuv2_labeled_0903,7ef8e7e471023aa71f83711522e3346f7ff5cd07f3ba192338328bb77e452251,semantic_preserving,1,semantic_preserving-v1,0.05677635446482828,0.05822957247114411,0.001453218006315829,0.9913854018814479,0.991680338193638,-0.0002949363121901305,0.020472862916262557,0.02111485777999944,0.000641994863736884,1.0,1.0,0.0,162747,21171
NYUv2,nyuv2_labeled_0903,7ef8e7e471023aa71f83711522e3346f7ff5cd07f3ba192338328bb77e452251,semantic_preserving,2,semantic_preserving-v2,0.05677635446482828,0.06145627331283942,0.004679918848011139,0.9913854018814479,0.9917725057911974,-0.0003871039097494977,0.020472862916262557,0.02248367432812876,0.002010811411866202,1.0,1.0,0.0,162747,21171
NYUv2,nyuv2_labeled_0903,7ef8e7e471023aa71f83711522e3346f7ff5cd07f3ba192338328bb77e452251,target_deletion,0,target_deletion-v0,0.05677635446482828,0.059919239115364224,0.003142884650535943,0.9913854018814479,0.990758662218044,0.0006267396634038747,0.020472862916262557,0.023089382820176984,0.002616519903914427,1.0,1.0,0.0,162747,21171
NYUv2,nyuv2_labeled_0903,7ef8e7e471023aa71f83711522e3346f7ff5cd07f3ba192338328bb77e452251,target_deletion,1,target_deletion-v1,0.05677635446482828,0.05339743014018236,-0.0033789243246459197,0.9913854018814479,0.9906173385684529,0.0007680633129949488,0.020472862916262557,0.023711892796960114,0.0032390298806975575,1.0,1.0,0.0,162747,21171
NYUv2,nyuv2_labeled_0903,7ef8e7e471023aa71f83711522e3346f7ff5cd07f3ba192338328bb77e452251,target_deletion,2,target_deletion-v2,0.05677635446482828,0.055268590497426905,-0.0015077639674013765,0.9913854018814479,0.9909982979716984,0.0003871039097494977,0.020472862916262557,0.021811542363004564,0.0013386794467420068,1.0,1.0,0.0,162747,21171
NYUv2,nyuv2_labeled_0938,7875861101b32c21241e201b5ba05481502df4463ae095dba4bcf67c3f543466,depth_relation_conflict,0,depth_relation_conflict-v0,0.0377197071717596,0.035972998753298735,-0.0017467084184608628,0.9997742440703794,0.9997836505674469,-9.406497067487862e-06,0.024555921255920713,0.02452980336689586,-2.6117889024852847e-05,1.0,1.0,0.0,212619,76044
NYUv2,nyuv2_labeled_0938,7875861101b32c21241e201b5ba05481502df4463ae095dba4bcf67c3f543466,depth_relation_conflict,1,depth_relation_conflict-v1,0.0377197071717596,0.0367583346815861,-0.000961372490173501,0.9997742440703794,0.9997836505674469,-9.406497067487862e-06,0.024555921255920713,0.023821045426129717,-0.0007348758297909957,1.0,1.0,0.0,212619,76044
NYUv2,nyuv2_labeled_0938,7875861101b32c21241e201b5ba05481502df4463ae095dba4bcf67c3f543466,depth_relation_conflict,2,depth_relation_conflict-v2,0.0377197071717596,0.03704773717156571,-0.0006719700001938875,0.9997742440703794,0.9997789473189131,-4.703248533743931e-06,0.024555921255920713,0.02405782520148523,-0.0004980960544354839,1.0,1.0,0.0,212619,76044
NYUv2,nyuv2_labeled_0938,7875861101b32c21241e201b5ba05481502df4463ae095dba4bcf67c3f543466,local_entity_conflict,0,local_entity_conflict-v0,0.0377197071717596,0.03991481333673206,0.0021951061649724615,0.9997742440703794,0.9997742440703794,0.0,0.024555921255920713,0.02327896135180177,-0.001276959904118944,1.0,0.999986849718584,1.3150281416018927e-05,212619,76044
NYUv2,nyuv2_labeled_0938,7875861101b32c21241e201b5ba05481502df4463ae095dba4bcf67c3f543466,local_entity_conflict,1,local_entity_conflict-v1,0.0377197071717596,0.037181264828739936,-0.0005384423430196614,0.9997742440703794,0.9997883538159807,-1.4109745601342816e-05,0.024555921255920713,0.023195623945233577,-0.0013602973106871356,1.0,1.0,0.0,212619,76044
NYUv2,nyuv2_labeled_0938,7875861101b32c21241e201b5ba05481502df4463ae095dba4bcf67c3f543466,local_entity_conflict,2,local_entity_conflict-v2,0.0377197071717596,0.038536265459021515,0.0008165582872619176,0.9997742440703794,0.9997977603130482,-2.3516242668830678e-05,0.024555921255920713,0.02218137416095326,-0.0023745470949674517,1.0,1.0,0.0,212619,76044
NYUv2,nyuv2_labeled_0938,7875861101b32c21241e201b5ba05481502df4463ae095dba4bcf67c3f543466,semantic_preserving,0,semantic_preserving-v0,0.0377197071717596,0.0377197071717596,0.0,0.9997742440703794,0.9997742440703794,0.0,0.024555921255920713,0.024555921255920713,0.0,1.0,1.0,0.0,212619,76044
NYUv2,nyuv2_labeled_0938,7875861101b32c21241e201b5ba05481502df4463ae095dba4bcf67c3f543466,semantic_preserving,1,semantic_preserving-v1,0.0377197071717596,0.03698643576742182,-0.0007332714043377792,0.9997742440703794,0.9997789473189131,-4.703248533743931e-06,0.024555921255920713,0.024246192666561216,-0.0003097285893594974,1.0,1.0,0.0,212619,76044
NYUv2,nyuv2_labeled_0938,7875861101b32c21241e201b5ba05481502df4463ae095dba4bcf67c3f543466,semantic_preserving,2,semantic_preserving-v2,0.0377197071717596,0.03518702284873664,-0.002532684323022956,0.9997742440703794,0.9997883538159807,-1.4109745601342816e-05,0.024555921255920713,0.02492991191478551,0.0003739906588647972,1.0,1.0,0.0,212619,76044
NYUv2,nyuv2_labeled_0938,7875861101b32c21241e201b5ba05481502df4463ae095dba4bcf67c3f543466,target_deletion,0,target_deletion-v0,0.0377197071717596,0.034885641969487416,-0.002834065202272182,0.9997742440703794,0.9998118700586495,-3.762598827006247e-05,0.024555921255920713,0.0236137809793031,-0.0009421402766176118,1.0,1.0,0.0,212619,76044
NYUv2,nyuv2_labeled_0938,7875861101b32c21241e201b5ba05481502df4463ae095dba4bcf67c3f543466,target_deletion,1,target_deletion-v1,0.0377197071717596,0.03486010439638846,-0.002859602775371138,0.9997742440703794,0.9997836505674469,-9.406497067487862e-06,0.024555921255920713,0.02367394879347966,-0.0008819724624410524,1.0,1.0,0.0,212619,76044
NYUv2,nyuv2_labeled_0938,7875861101b32c21241e201b5ba05481502df4463ae095dba4bcf67c3f543466,target_deletion,2,target_deletion-v2,0.0377197071717596,0.03609389904228436,-0.0016258081294752355,0.9997742440703794,0.9997977603130482,-2.3516242668830678e-05,0.024555921255920713,0.024058309345456688,-0.0004976119104640256,1.0,1.0,0.0,212619,76044
NYUv2,nyuv2_labeled_0939,7875861101b32c21241e201b5ba05481502df4463ae095dba4bcf67c3f543466,depth_relation_conflict,0,depth_relation_conflict-v0,0.03750469308339718,0.037327222031813344,-0.00017747105158383292,0.9984771914991738,0.9984291533761193,4.803812305453903e-05,0.02221190422709759,0.02538171533692039,0.0031698111098228017,1.0,1.0,0.0,208168,36824
NYUv2,nyuv2_labeled_0939,7875861101b32c21241e201b5ba05481502df4463ae095dba4bcf67c3f543466,depth_relation_conflict,1,depth_relation_conflict-v1,0.03750469308339718,0.03707300081155413,-0.0004316922718430455,0.9984771914991738,0.9985636601206718,-8.646862149797041e-05,0.02221190422709759,0.021750001265801934,-0.00046190296129565434,1.0,1.0,0.0,208168,36824
NYUv2,nyuv2_labeled_0939,7875861101b32c21241e201b5ba05481502df4463ae095dba4bcf67c3f543466,depth_relation_conflict,2,depth_relation_conflict-v2,0.03750469308339718,0.036229659234274084,-0.001275033849123093,0.9984771914991738,0.9984531724376465,2.4019061527269514e-05,0.02221190422709759,0.021418369603289987,-0.0007935346238076013,1.0,1.0,0.0,208168,36824
NYUv2,nyuv2_labeled_0939,7875861101b32c21241e201b5ba05481502df4463ae095dba4bcf67c3f543466,local_entity_conflict,0,local_entity_conflict-v0,0.03750469308339718,0.038636558948409894,0.001131865865012717,0.9984771914991738,0.9985108181853118,-3.362668613804409e-05,0.02221190422709759,0.02116087908720209,-0.0010510251398954985,1.0,1.0,0.0,208168,36824
NYUv2,nyuv2_labeled_0939,7875861101b32c21241e201b5ba05481502df4463ae095dba4bcf67c3f543466,local_entity_conflict,1,local_entity_conflict-v1,0.03750469308339718,0.041981922092514924,0.0044772290091177475,0.9984771914991738,0.9983426847546213,0.00013450674455250944,0.02221190422709759,0.025164850906673118,0.0029529466795755292,1.0,1.0,0.0,208168,36824
NYUv2,nyuv2_labeled_0939,7875861101b32c21241e201b5ba05481502df4463ae095dba4bcf67c3f543466,local_entity_conflict,2,local_entity_conflict-v2,0.03750469308339718,0.04017905532403482,0.0026743622406376413,0.9984771914991738,0.9985396410591445,-6.24495599707009e-05,0.02221190422709759,0.020390915962670578,-0.0018209882644270106,1.0,1.0,0.0,208168,36824
NYUv2,nyuv2_labeled_0939,7875861101b32c21241e201b5ba05481502df4463ae095dba4bcf67c3f543466,semantic_preserving,0,semantic_preserving-v0,0.03750469308339718,0.03750469308339718,0.0,0.9984771914991738,0.9984771914991738,0.0,0.02221190422709759,0.02221190422709759,0.0,1.0,1.0,0.0,208168,36824
NYUv2,nyuv2_labeled_0939,7875861101b32c21241e201b5ba05481502df4463ae095dba4bcf67c3f543466,semantic_preserving,1,semantic_preserving-v1,0.03750469308339718,0.038237092644416354,0.0007323995610191772,0.9984771914991738,0.9984819953114792,-4.8038123053872894e-06,0.02221190422709759,0.02650238519158275,0.004290480964485161,1.0,1.0,0.0,208168,36824
NYUv2,nyuv2_labeled_0939,7875861101b32c21241e201b5ba05481502df4463ae095dba4bcf67c3f543466,semantic_preserving,2,semantic_preserving-v2,0.03750469308339718,0.03719650553004814,-0.0003081875533490347,0.9984771914991738,0.9984867991237847,-9.607624610885601e-06,0.02221190422709759,0.02475683825697861,0.00254493402988102,1.0,1.0,0.0,208168,36824
NYUv2,nyuv2_labeled_0939,7875861101b32c21241e201b5ba05481502df4463ae095dba4bcf67c3f543466,target_deletion,0,target_deletion-v0,0.03750469308339718,0.03622435997356516,-0.00128033310983202,0.9984771914991738,0.9984771914991738,0.0,0.02221190422709759,0.02038266750818731,-0.00182923671891028,1.0,1.0,0.0,208168,36824
NYUv2,nyuv2_labeled_0939,7875861101b32c21241e201b5ba05481502df4463ae095dba4bcf67c3f543466,target_deletion,1,target_deletion-v1,0.03750469308339718,0.0398852605023901,0.002380567418992924,0.9984771914991738,0.9983811152530648,9.607624610896703e-05,0.02221190422709759,0.020030803808933188,-0.0021811004181644007,1.0,1.0,0.0,208168,36824
NYUv2,nyuv2_labeled_0939,7875861101b32c21241e201b5ba05481502df4463ae095dba4bcf67c3f543466,target_deletion,2,target_deletion-v2,0.03750469308339718,0.03630590612283109,-0.0011987869605660853,0.9984771914991738,0.9985396410591445,-6.24495599707009e-05,0.02221190422709759,0.021413540339866265,-0.000798363887231323,1.0,1.0,0.0,208168,36824
NYUv2,nyuv2_labeled_0981,c90056b3e14cf526587954cc4c89c3984c40681be2de302df77d3ecdf881b166,depth_relation_conflict,0,depth_relation_conflict-v0,0.05231823853347424,0.05337083250022667,0.0010525939667524326,0.9826768556498287,0.982879136933191,-0.00020228128336230444,0.017672605558587434,0.01766187854226758,-1.072701631985376e-05,1.0,1.0,0.0,177970,2491
NYUv2,nyuv2_labeled_0981,c90056b3e14cf526587954cc4c89c3984c40681be2de302df77d3ecdf881b166,depth_relation_conflict,1,depth_relation_conflict-v1,0.05231823853347424,0.05207738209705386,-0.00024085643642037663,0.9826768556498287,0.9830027532730236,-0.000325897623194904,0.017672605558587434,0.01880207049268177,0.0011294649340943368,1.0,1.0,0.0,177970,2491
NYUv2,nyuv2_labeled_0981,c90056b3e14cf526587954cc4c89c3984c40681be2de302df77d3ecdf881b166,depth_relation_conflict,2,depth_relation_conflict-v2,0.05231823853347424,0.052294415623779525,-2.3822909694715122e-05,0.9826768556498287,0.9817609709501601,0.0009158846996685233,0.017672605558587434,0.017680748573907876,8.143015320441482e-06,1.0,1.0,0.0,177970,2491
NYUv2,nyuv2_labeled_0981,c90056b3e14cf526587954cc4c89c3984c40681be2de302df77d3ecdf881b166,local_entity_conflict,0,local_entity_conflict-v0,0.05231823853347424,0.05167832962991783,-0.0006399089035564118,0.9826768556498287,0.9785862785862786,0.004090577063550094,0.017672605558587434,0.017943433424607497,0.0002708278660200625,1.0,1.0,0.0,177970,2491
NYUv2,nyuv2_labeled_0981,c90056b3e14cf526587954cc4c89c3984c40681be2de302df77d3ecdf881b166,local_entity_conflict,1,local_entity_conflict-v1,0.05231823853347424,0.05183003813495224,-0.00048820039852200126,0.9826768556498287,0.9831151317637804,-0.00043827611395175214,0.017672605558587434,0.02068596154091559,0.003013355982328155,1.0,1.0,0.0,177970,2491
NYUv2,nyuv2_labeled_0981,c90056b3e14cf526587954cc4c89c3984c40681be2de302df77d3ecdf881b166,local_entity_conflict,2,local_entity_conflict-v2,0.05231823853347424,0.05099654207170412,-0.0013216964617701193,0.9826768556498287,0.9809855593639377,0.0016912962858909308,0.017672605558587434,0.018570606097699227,0.0008980005391117929,1.0,1.0,0.0,177970,2491
NYUv2,nyuv2_labeled_0981,c90056b3e14cf526587954cc4c89c3984c40681be2de302df77d3ecdf881b166,semantic_preserving,0,semantic_preserving-v0,0.05231823853347424,0.05231823853347424,0.0,0.9826768556498287,0.9826768556498287,0.0,0.017672605558587434,0.017672605558587434,0.0,1.0,1.0,0.0,177970,2491
NYUv2,nyuv2_labeled_0981,c90056b3e14cf526587954cc4c89c3984c40681be2de302df77d3ecdf881b166,semantic_preserving,1,semantic_preserving-v1,0.05231823853347424,0.05319304387112522,0.0008748053376509829,0.9826768556498287,0.9835196943305051,-0.000842838680676472,0.017672605558587434,0.018251056135450618,0.0005784505768631834,1.0,1.0,0.0,177970,2491
NYUv2,nyuv2_labeled_0981,c90056b3e14cf526587954cc4c89c3984c40681be2de302df77d3ecdf881b166,semantic_preserving,2,semantic_preserving-v2,0.05231823853347424,0.05264741072963838,0.00032917219616414306,0.9826768556498287,0.9824633365173906,0.00021351913243805587,0.017672605558587434,0.017185650951542068,-0.0004869546070453666,1.0,1.0,0.0,177970,2491
NYUv2,nyuv2_labeled_0981,c90056b3e14cf526587954cc4c89c3984c40681be2de302df77d3ecdf881b166,target_deletion,0,target_deletion-v0,0.05231823853347424,0.0539179884286224,0.0015997498951481615,0.9826768556498287,0.9780524807551835,0.004624374894645178,0.017672605558587434,0.021308929822213715,0.0036363242636262803,1.0,1.0,0.0,177970,2491
NYUv2,nyuv2_labeled_0981,c90056b3e14cf526587954cc4c89c3984c40681be2de302df77d3ecdf881b166,target_deletion,1,target_deletion-v1,0.05231823853347424,0.052490447982224145,0.00017220944874990485,0.9826768556498287,0.9835028375568916,-0.0008259819070629559,0.017672605558587434,0.018957212730838467,0.001284607172251033,1.0,1.0,0.0,177970,2491
NYUv2,nyuv2_labeled_0981,c90056b3e14cf526587954cc4c89c3984c40681be2de302df77d3ecdf881b166,target_deletion,2,target_deletion-v2,0.05231823853347424,0.052067106525728005,-0.00025113200774623534,0.9826768556498287,0.98269933134798,-2.2475698151391832e-05,0.017672605558587434,0.018890553065325562,0.0012179475067381276,1.0,1.0,0.0,177970,2491
NYUv2,nyuv2_labeled_0986,cac46567f01503b1e0510d9a912a01e9d7107e4c6aa24c5ffd4a40f753a02b41,depth_relation_conflict,0,depth_relation_conflict-v0,0.0358510674647918,0.03989291885518766,0.0040418513903958606,0.9998427680681601,0.99982802757455,1.4740493610054806e-05,0.06197572177500478,0.06769961589160621,0.00572389411660143,1.0,1.0,0.0,203521,33046
NYUv2,nyuv2_labeled_0986,cac46567f01503b1e0510d9a912a01e9d7107e4c6aa24c5ffd4a40f753a02b41,depth_relation_conflict,1,depth_relation_conflict-v1,0.0358510674647918,0.03530629661678682,-0.0005447708480049857,0.9998427680681601,0.9998378545702901,4.9134978700182685e-06,0.06197572177500478,0.06137743396184582,-0.0005982878131589597,1.0,1.0,0.0,203521,33046
NYUv2,nyuv2_labeled_0986,cac46567f01503b1e0510d9a912a01e9d7107e4c6aa24c5ffd4a40f753a02b41,depth_relation_conflict,2,depth_relation_conflict-v2,0.0358510674647918,0.03701123065411562,0.0011601631893238193,0.9998427680681601,0.9998182005788101,2.456748934998032e-05,0.06197572177500478,0.06419539768257294,0.002219675907568164,1.0,1.0,0.0,203521,33046
NYUv2,nyuv2_labeled_0986,cac46567f01503b1e0510d9a912a01e9d7107e4c6aa24c5ffd4a40f753a02b41,local_entity_conflict,0,local_entity_conflict-v0,0.0358510674647918,0.039586440759357265,0.0037353732945654625,0.9998427680681601,0.9998083735830701,3.439448509001686e-05,0.06197572177500478,0.06820030119753331,0.006224579422528534,1.0,1.0,0.0,203521,33046
NYUv2,nyuv2_labeled_0986,cac46567f01503b1e0510d9a912a01e9d7107e4c6aa24c5ffd4a40f753a02b41,local_entity_conflict,1,local_entity_conflict-v1,0.0358510674647918,0.04302599482713704,0.007174927362345235,0.9998427680681601,0.99982802757455,1.4740493610054806e-05,0.06197572177500478,0.07336318174127573,0.011387459966270955,1.0,1.0,0.0,203521,33046
NYUv2,nyuv2_labeled_0986,cac46567f01503b1e0510d9a912a01e9d7107e4c6aa24c5ffd4a40f753a02b41,local_entity_conflict,2,local_entity_conflict-v2,0.0358510674647918,0.04155754312184264,0.00570647565705084,0.9998427680681601,0.99983294107242,9.826995740036537e-06,0.06197572177500478,0.07211000907551648,0.010134287300511705,1.0,1.0,0.0,203521,33046
NYUv2,nyuv2_labeled_0986,cac46567f01503b1e0510d9a912a01e9d7107e4c6aa24c5ffd4a40f753a02b41,semantic_preserving,0,semantic_preserving-v0,0.0358510674647918,0.0358510674647918,0.0,0.9998427680681601,0.9998427680681601,0.0,0.06197572177500478,0.06197572177500478,0.0,1.0,1.0,0.0,203521,33046
NYUv2,nyuv2_labeled_0986,cac46567f01503b1e0510d9a912a01e9d7107e4c6aa24c5ffd4a40f753a02b41,semantic_preserving,1,semantic_preserving-v1,0.0358510674647918,0.03995875869727784,0.004107691232486034,0.9998427680681601,0.9998132870809401,2.948098721999859e-05,0.06197572177500478,0.06896061603870823,0.006984894263703453,1.0,1.0,0.0,203521,33046
NYUv2,nyuv2_labeled_0986,cac46567f01503b1e0510d9a912a01e9d7107e4c6aa24c5ffd4a40f753a02b41,semantic_preserving,2,semantic_preserving-v2,0.0358510674647918,0.04019322438924506,0.004342156924453257,0.9998427680681601,0.99982311407668,1.9653991480073074e-05,0.06197572177500478,0.06894417643826542,0.00696845466326064,1.0,1.0,0.0,203521,33046
NYUv2,nyuv2_labeled_0986,cac46567f01503b1e0510d9a912a01e9d7107e4c6aa24c5ffd4a40f753a02b41,target_deletion,0,target_deletion-v0,0.0358510674647918,0.03556712229337742,-0.0002839451714143834,0.9998427680681601,0.9998427680681601,0.0,0.06197572177500478,0.06123983132247049,-0.0007358904525342908,1.0,1.0,0.0,203521,33046
NYUv2,nyuv2_labeled_0986,cac46567f01503b1e0510d9a912a01e9d7107e4c6aa24c5ffd4a40f753a02b41,target_deletion,1,target_deletion-v1,0.0358510674647918,0.03737188581345071,0.0015208183486589075,0.9998427680681601,0.99984768156603,-4.913497869907246e-06,0.06197572177500478,0.06892524405703544,0.006949522282030662,1.0,1.0,0.0,203521,33046
NYUv2,nyuv2_labeled_0986,cac46567f01503b1e0510d9a912a01e9d7107e4c6aa24c5ffd4a40f753a02b41,target_deletion,2,target_deletion-v2,0.0358510674647918,0.0373274037301951,0.0014763362654032983,0.9998427680681601,0.99983294107242,9.826995740036537e-06,0.06197572177500478,0.06466113673219737,0.002685414957192586,1.0,1.0,0.0,203521,33046
NYUv2,nyuv2_labeled_0987,cac46567f01503b1e0510d9a912a01e9d7107e4c6aa24c5ffd4a40f753a02b41,depth_relation_conflict,0,depth_relation_conflict-v0,0.049908734307441256,0.051182156527681155,0.001273422220239899,0.9998833204409623,0.9999092492318595,-2.592879089724498e-05,0.032769930868422746,0.035807998344243946,0.0030380674758212003,1.0,1.0,0.0,231403,32434
NYUv2,nyuv2_labeled_0987,cac46567f01503b1e0510d9a912a01e9d7107e4c6aa24c5ffd4a40f753a02b41,depth_relation_conflict,1,depth_relation_conflict-v1,0.049908734307441256,0.05218304761198366,0.002274313304542405,0.9998833204409623,0.9998660345803642,1.7285860598126312e-05,0.032769930868422746,0.03326187979316048,0.0004919489247377368,1.0,1.0,0.0,231403,32434
NYUv2,nyuv2_labeled_0987,cac46567f01503b1e0510d9a912a01e9d7107e4c6aa24c5ffd4a40f753a02b41,depth_relation_conflict,2,depth_relation_conflict-v2,0.049908734307441256,0.04971899784547003,-0.000189736461971228,0.9998833204409623,0.9998919633712614,-8.642930299118667e-06,0.032769930868422746,0.030146001136601517,-0.002623929731821229,1.0,1.0,0.0,231403,32434
NYUv2,nyuv2_labeled_0987,cac46567f01503b1e0510d9a912a01e9d7107e4c6aa24c5ffd4a40f753a02b41,local_entity_conflict,0,local_entity_conflict-v0,0.049908734307441256,0.045700257302266734,-0.004208477005174523,0.9998833204409623,0.9998833204409623,0.0,0.032769930868422746,0.029583403581207313,-0.0031865272872154335,1.0,1.0,0.0,231403,32434
NYUv2,nyuv2_labeled_0987,cac46567f01503b1e0510d9a912a01e9d7107e4c6aa24c5ffd4a40f753a02b41,local_entity_conflict,1,local_entity_conflict-v1,0.049908734307441256,0.04538960148391564,-0.004519132823525618,0.9998833204409623,0.9999135706970091,-3.0250256046859825e-05,0.032769930868422746,0.03397686224718206,0.001206931378759317,1.0,1.0,0.0,231403,32434
NYUv2,nyuv2_labeled_0987,cac46567f01503b1e0510d9a912a01e9d7107e4c6aa24c5ffd4a40f753a02b41,local_entity_conflict,2,local_entity_conflict-v2,0.049908734307441256,0.045685583963350394,-0.004223150344090862,0.9998833204409623,0.9998962848364109,-1.296439544862249e-05,0.032769930868422746,0.03077037592239965,-0.0019995549460230973,1.0,1.0,0.0,231403,32434
NYUv2,nyuv2_labeled_0987,cac46567f01503b1e0510d9a912a01e9d7107e4c6aa24c5ffd4a40f753a02b41,semantic_preserving,0,semantic_preserving-v0,0.049908734307441256,0.049908734307441256,0.0,0.9998833204409623,0.9998833204409623,0.0,0.032769930868422746,0.032769930868422746,0.0,1.0,1.0,0.0,231403,32434
NYUv2,nyuv2_labeled_0987,cac46567f01503b1e0510d9a912a01e9d7107e4c6aa24c5ffd4a40f753a02b41,semantic_preserving,1,semantic_preserving-v1,0.049908734307441256,0.04913208380921214,-0.0007766504982291145,0.9998833204409623,0.9999135706970091,-3.0250256046859825e-05,0.032769930868422746,0.034685739938429785,0.0019158090700070393,1.0,1.0,0.0,231403,32434
NYUv2,nyuv2_labeled_0987,cac46567f01503b1e0510d9a912a01e9d7107e4c6aa24c5ffd4a40f753a02b41,semantic_preserving,2,semantic_preserving-v2,0.049908734307441256,0.05353606901506872,0.0036273347076274665,0.9998833204409623,0.9998962848364109,-1.296439544862249e-05,0.032769930868422746,0.03627268081630905,0.0035027499478863036,1.0,1.0,0.0,231403,32434
NYUv2,nyuv2_labeled_0987,cac46567f01503b1e0510d9a912a01e9d7107e4c6aa24c5ffd4a40f753a02b41,target_deletion,0,target_deletion-v0,0.049908734307441256,0.062193203210821904,0.012284468903380648,0.9998833204409623,0.9998703560455137,1.296439544862249e-05,0.032769930868422746,0.04134330669985361,0.008573375831430863,1.0,1.0,0.0,231403,32434
NYUv2,nyuv2_labeled_0987,cac46567f01503b1e0510d9a912a01e9d7107e4c6aa24c5ffd4a40f753a02b41,target_deletion,1,target_deletion-v1,0.049908734307441256,0.05343012730266929,0.003521392995228037,0.9998833204409623,0.9998919633712614,-8.642930299118667e-06,0.032769930868422746,0.03307372317300206,0.0003037923045793173,1.0,1.0,0.0,231403,32434
NYUv2,nyuv2_labeled_0987,cac46567f01503b1e0510d9a912a01e9d7107e4c6aa24c5ffd4a40f753a02b41,target_deletion,2,target_deletion-v2,0.049908734307441256,0.05328302366571074,0.003374289358269486,0.9998833204409623,0.9998746775106632,8.642930299118667e-06,0.032769930868422746,0.03423488210308218,0.0014649512346594368,1.0,1.0,0.0,231403,32434
NYUv2,nyuv2_labeled_1005,6c1ab83422471f9fe7388c0948065ccfd3899b54e93169de2b7a68b103cd25dc,depth_relation_conflict,0,depth_relation_conflict-v0,0.03503773630628964,0.04766794384962463,0.012630207543334993,0.9982468861577435,0.9980770819374203,0.00016980422032319975,0.05896040712467238,0.08980631480723938,0.030845907682567,1.0,1.0,0.0,217898,3084
NYUv2,nyuv2_labeled_1005,6c1ab83422471f9fe7388c0948065ccfd3899b54e93169de2b7a68b103cd25dc,depth_relation_conflict,1,depth_relation_conflict-v1,0.03503773630628964,0.03866276409762158,0.0036250277913319404,0.9982468861577435,0.9982606540674994,-1.3767909755935115e-05,0.05896040712467238,0.07221733963036862,0.013256932505696241,1.0,1.0,0.0,217898,3084
NYUv2,nyuv2_labeled_1005,6c1ab83422471f9fe7388c0948065ccfd3899b54e93169de2b7a68b103cd25dc,depth_relation_conflict,2,depth_relation_conflict-v2,0.03503773630628964,0.033952102492901294,-0.0010856338133883453,0.9982468861577435,0.9982606540674994,-1.3767909755935115e-05,0.05896040712467238,0.054292522104593836,-0.0046678850200785466,1.0,1.0,0.0,217898,3084
NYUv2,nyuv2_labeled_1005,6c1ab83422471f9fe7388c0948065ccfd3899b54e93169de2b7a68b103cd25dc,local_entity_conflict,0,local_entity_conflict-v0,0.03503773630628964,0.03495972181379296,-7.801449249667664e-05,0.9982468861577435,0.9982422968544915,4.589303251978372e-06,0.05896040712467238,0.06625557720344868,0.007295170078776302,1.0,1.0,0.0,217898,3084
NYUv2,nyuv2_labeled_1005,6c1ab83422471f9fe7388c0948065ccfd3899b54e93169de2b7a68b103cd25dc,local_entity_conflict,1,local_entity_conflict-v1,0.03503773630628964,0.0429160965504189,0.00787836024412926,0.9982468861577435,0.9981596893959559,8.719676178758906e-05,0.05896040712467238,0.08659876857369864,0.027638361449026254,1.0,1.0,0.0,217898,3084
NYUv2,nyuv2_labeled_1005,6c1ab83422471f9fe7388c0948065ccfd3899b54e93169de2b7a68b103cd25dc,local_entity_conflict,2,local_entity_conflict-v2,0.03503773630628964,0.03220683583713901,-0.0028309004691506323,0.9982468861577435,0.9982422968544915,4.589303251978372e-06,0.05896040712467238,0.05819046836783443,-0.0007699387568379512,1.0,1.0,0.0,217898,3084
NYUv2,nyuv2_labeled_1005,6c1ab83422471f9fe7388c0948065ccfd3899b54e93169de2b7a68b103cd25dc,semantic_preserving,0,semantic_preserving-v0,0.03503773630628964,0.03503773630628964,0.0,0.9982468861577435,0.9982468861577435,0.0,0.05896040712467238,0.05896040712467238,0.0,1.0,1.0,0.0,217898,3084
NYUv2,nyuv2_labeled_1005,6c1ab83422471f9fe7388c0948065ccfd3899b54e93169de2b7a68b103cd25dc,semantic_preserving,1,semantic_preserving-v1,0.03503773630628964,0.04159121891028394,0.006553482603994298,0.9982468861577435,0.9982101717317277,3.671442601582697e-05,0.05896040712467238,0.07311938323241077,0.014158976107738384,1.0,1.0,0.0,217898,3084
NYUv2,nyuv2_labeled_1005,6c1ab83422471f9fe7388c0948065ccfd3899b54e93169de2b7a68b103cd25dc,semantic_preserving,2,semantic_preserving-v2,0.03503773630628964,0.04888836312750433,0.013850626821214691,0.9982468861577435,0.9980908498471762,0.00015603631056726464,0.05896040712467238,0.08077777658885742,0.021817369464185034,1.0,1.0,0.0,217898,3084
NYUv2,nyuv2_labeled_1005,6c1ab83422471f9fe7388c0948065ccfd3899b54e93169de2b7a68b103cd25dc,target_deletion,0,target_deletion-v0,0.03503773630628964,0.0370082183602163,0.0019704820539266574,0.9982468861577435,0.9982606540674994,-1.3767909755935115e-05,0.05896040712467238,0.07192714261726857,0.012966735492596186,1.0,1.0,0.0,217898,3084
NYUv2,nyuv2_labeled_1005,6c1ab83422471f9fe7388c0948065ccfd3899b54e93169de2b7a68b103cd25dc,target_deletion,1,target_deletion-v1,0.03503773630628964,0.0342226945185801,-0.0008150417877095389,0.9982468861577435,0.9982606540674994,-1.3767909755935115e-05,0.05896040712467238,0.06711359562012978,0.008153188495457396,1.0,1.0,0.0,217898,3084
NYUv2,nyuv2_labeled_1005,6c1ab83422471f9fe7388c0948065ccfd3899b54e93169de2b7a68b103cd25dc,target_deletion,2,target_deletion-v2,0.03503773630628964,0.033173022978036995,-0.0018647133282526443,0.9982468861577435,0.9982606540674994,-1.3767909755935115e-05,0.05896040712467238,0.06171029769686674,0.0027498905721943592,1.0,1.0,0.0,217898,3084
NYUv2,nyuv2_labeled_1007,6c1ab83422471f9fe7388c0948065ccfd3899b54e93169de2b7a68b103cd25dc,depth_relation_conflict,0,depth_relation_conflict-v0,0.041025093433037244,0.0420994707253991,0.0010743772923618583,0.9949300676708894,0.9950377552734619,-0.00010768760257251486,0.06085481007396618,0.06984995398395329,0.008995143909987104,0.9972445797984193,0.9971720687404829,7.251105793637524e-05,232153,41373
NYUv2,nyuv2_labeled_1007,6c1ab83422471f9fe7388c0948065ccfd3899b54e93169de2b7a68b103cd25dc,depth_relation_conflict,1,depth_relation_conflict-v1,0.041025093433037244,0.04201943463861911,0.0009943412055818668,0.9949300676708894,0.9946414648959954,0.0002886027748940645,0.06085481007396618,0.06288142135926077,0.002026611285294584,0.9972445797984193,0.9968820245087375,0.0003625552896817652,232153,41373
NYUv2,nyuv2_labeled_1007,6c1ab83422471f9fe7388c0948065ccfd3899b54e93169de2b7a68b103cd25dc,depth_relation_conflict,2,depth_relation_conflict-v2,0.041025093433037244,0.040638332831782,-0.00038676060125524686,0.9949300676708894,0.9950765228103879,-0.00014645513949851363,0.06085481007396618,0.05971315424891376,-0.0011416558250524206,0.9972445797984193,0.9972687501510648,-2.4170352645458415e-05,232153,41373
NYUv2,nyuv2_labeled_1007,6c1ab83422471f9fe7388c0948065ccfd3899b54e93169de2b7a68b103cd25dc,local_entity_conflict,0,local_entity_conflict-v0,0.041025093433037244,0.0428121777446678,0.001787084311630556,0.9949300676708894,0.994740537490362,0.00018953018052747517,0.06085481007396618,0.06852257523370811,0.007667765159741928,0.9972445797984193,0.9970753873299012,0.00016919246851809788,232153,41373
NYUv2,nyuv2_labeled_1007,6c1ab83422471f9fe7388c0948065ccfd3899b54e93169de2b7a68b103cd25dc,local_entity_conflict,1,local_entity_conflict-v1,0.041025093433037244,0.04077102798119535,-0.000254065451841895,0.9949300676708894,0.9948309950765228,9.907259436658933e-05,0.06085481007396618,0.07178166373700717,0.01092685366304099,0.9972445797984193,0.9965919802769923,0.0006525995214270441,232153,41373
NYUv2,nyuv2_labeled_1007,6c1ab83422471f9fe7388c0948065ccfd3899b54e93169de2b7a68b103cd25dc,local_entity_conflict,2,local_entity_conflict-v2,0.041025093433037244,0.03986632586883877,-0.0011587675641984707,0.9949300676708894,0.9951325203637257,-0.00020245269283625245,0.06085481007396618,0.05873069677855214,-0.0021241132954140443,0.9972445797984193,0.9975104536775191,-0.0002658738790998205,232153,41373
NYUv2,nyuv2_labeled_1007,6c1ab83422471f9fe7388c0948065ccfd3899b54e93169de2b7a68b103cd25dc,semantic_preserving,0,semantic_preserving-v0,0.041025093433037244,0.041025093433037244,0.0,0.9949300676708894,0.9949300676708894,0.0,0.06085481007396618,0.06085481007396618,0.0,0.9972445797984193,0.9972445797984193,0.0,232153,41373
NYUv2,nyuv2_labeled_1007,6c1ab83422471f9fe7388c0948065ccfd3899b54e93169de2b7a68b103cd25dc,semantic_preserving,1,semantic_preserving-v1,0.041025093433037244,0.04263880168022887,0.0016137082471916267,0.9949300676708894,0.9949559126955069,-2.5845024617443535e-05,0.06085481007396618,0.07165868696906995,0.010803876895103766,0.9972445797984193,0.9971720687404829,7.251105793637524e-05,232153,41373
NYUv2,nyuv2_labeled_1007,6c1ab83422471f9fe7388c0948065ccfd3899b54e93169de2b7a68b103cd25dc,semantic_preserving,2,semantic_preserving-v2,0.041025093433037244,0.04278545055618397,0.001760357123146726,0.9949300676708894,0.9949946802324329,-6.46125615434423e-05,0.06085481007396618,0.07275996109399857,0.011905151020032388,0.9972445797984193,0.997123728035192,0.00012085176322729207,232153,41373
NYUv2,nyuv2_labeled_1007,6c1ab83422471f9fe7388c0948065ccfd3899b54e93169de2b7a68b103cd25dc,target_deletion,0,target_deletion-v0,0.041025093433037244,0.040141015560057856,-0.0008840778729793872,0.9949300676708894,0.9952100554375778,-0.000279987766688361,0.06085481007396618,0.06347701803605793,0.002622207962091748,0.9972445797984193,0.9973170908563556,-7.251105793626422e-05,232153,41373
NYUv2,nyuv2_labeled_1007,6c1ab83422471f9fe7388c0948065ccfd3899b54e93169de2b7a68b103cd25dc,target_deletion,1,target_deletion-v1,0.041025093433037244,0.04197268415831288,0.0009475907252756363,0.9949300676708894,0.9947146924657446,0.00021537520514480768,0.06085481007396618,0.06166787212968604,0.0008130620557198556,0.9972445797984193,0.996906194861383,0.0003383849370363068,232153,41373
NYUv2,nyuv2_labeled_1007,6c1ab83422471f9fe7388c0948065ccfd3899b54e93169de2b7a68b103cd25dc,target_deletion,2,target_deletion-v2,0.041025093433037244,0.040957982009562785,-6.711142347445853e-05,0.9949300676708894,0.9949171451585808,1.2922512308666256e-05,0.06085481007396618,0.06273727220397203,0.0018824621300058478,0.9972445797984193,0.9970753873299012,0.00016919246851809788,232153,41373
NYUv2,nyuv2_labeled_1036,ceb5c412b32af30cdfa0e744dba7630cc494de975ce150b649c4ad47e15516ae,depth_relation_conflict,0,depth_relation_conflict-v0,0.033370769653316916,0.03316176327619349,-0.0002090063771234274,0.9999365946240695,0.9999281405739454,8.45405012406264e-06,0.017004497035053807,0.014678192600909775,-0.0023263044341440327,1.0,1.0,0.0,236573,51051
NYUv2,nyuv2_labeled_1036,ceb5c412b32af30cdfa0e744dba7630cc494de975ce150b649c4ad47e15516ae,depth_relation_conflict,1,depth_relation_conflict-v1,0.033370769653316916,0.03533404611488881,0.0019632764615718917,0.9999365946240695,0.9999323675990075,4.227025061975809e-06,0.017004497035053807,0.0164034635629717,-0.0006010334720821069,1.0,1.0,0.0,236573,51051
NYUv2,nyuv2_labeled_1036,ceb5c412b32af30cdfa0e744dba7630cc494de975ce150b649c4ad47e15516ae,depth_relation_conflict,2,depth_relation_conflict-v2,0.033370769653316916,0.03465797198596793,0.001287202332651012,0.9999365946240695,0.9999323675990075,4.227025061975809e-06,0.017004497035053807,0.018158612906289912,0.0011541158712361048,1.0,1.0,0.0,236573,51051
NYUv2,nyuv2_labeled_1036,ceb5c412b32af30cdfa0e744dba7630cc494de975ce150b649c4ad47e15516ae,local_entity_conflict,0,local_entity_conflict-v0,0.033370769653316916,0.029676648872090983,-0.0036941207812259333,0.9999365946240695,0.9998985513985112,3.804322555822637e-05,0.017004497035053807,0.018182275741588098,0.0011777787065342903,1.0,1.0,0.0,236573,51051
NYUv2,nyuv2_labeled_1036,ceb5c412b32af30cdfa0e744dba7630cc494de975ce150b649c4ad47e15516ae,local_entity_conflict,1,local_entity_conflict-v1,0.033370769653316916,0.030123143392493494,-0.003247626260823422,0.9999365946240695,0.9999027784235732,3.381620049625056e-05,0.017004497035053807,0.01868133461349487,0.0016768375784410629,1.0,1.0,0.0,236573,51051
NYUv2,nyuv2_labeled_1036,ceb5c412b32af30cdfa0e744dba7630cc494de975ce150b649c4ad47e15516ae,local_entity_conflict,2,local_entity_conflict-v2,0.033370769653316916,0.02851390074009721,-0.004856868913219705,0.9999365946240695,0.9999196865238213,1.690810024812528e-05,0.017004497035053807,0.017105327665338024,0.00010083063028421685,1.0,1.0,0.0,236573,51051
NYUv2,nyuv2_labeled_1036,ceb5c412b32af30cdfa0e744dba7630cc494de975ce150b649c4ad47e15516ae,semantic_preserving,0,semantic_preserving-v0,0.033370769653316916,0.033370769653316916,0.0,0.9999365946240695,0.9999365946240695,0.0,0.017004497035053807,0.017004497035053807,0.0,1.0,1.0,0.0,236573,51051
NYUv2,nyuv2_labeled_1036,ceb5c412b32af30cdfa0e744dba7630cc494de975ce150b649c4ad47e15516ae,semantic_preserving,1,semantic_preserving-v1,0.033370769653316916,0.03170767297852763,-0.0016630966747892828,0.9999365946240695,0.9999323675990075,4.227025061975809e-06,0.017004497035053807,0.015171155302274223,-0.001833341732779584,1.0,1.0,0.0,236573,51051
NYUv2,nyuv2_labeled_1036,ceb5c412b32af30cdfa0e744dba7630cc494de975ce150b649c4ad47e15516ae,semantic_preserving,2,semantic_preserving-v2,0.033370769653316916,0.03395033650141872,0.0005795668481018007,0.9999365946240695,0.9999281405739454,8.45405012406264e-06,0.017004497035053807,0.014676264121314017,-0.00232823291373979,1.0,1.0,0.0,236573,51051
NYUv2,nyuv2_labeled_1036,ceb5c412b32af30cdfa0e744dba7630cc494de975ce150b649c4ad47e15516ae,target_deletion,0,target_deletion-v0,0.033370769653316916,0.03879840328647539,0.005427633633158471,0.9999365946240695,0.9999112324736973,2.536215037218792e-05,0.017004497035053807,0.017382410601828612,0.0003779135667748047,1.0,1.0,0.0,236573,51051
NYUv2,nyuv2_labeled_1036,ceb5c412b32af30cdfa0e744dba7630cc494de975ce150b649c4ad47e15516ae,target_deletion,1,target_deletion-v1,0.033370769653316916,0.03550207835872782,0.0021313087054109017,0.9999365946240695,0.9999239135488834,1.2681075186038449e-05,0.017004497035053807,0.017886134713027455,0.0008816376779736471,1.0,1.0,0.0,236573,51051
NYUv2,nyuv2_labeled_1036,ceb5c412b32af30cdfa0e744dba7630cc494de975ce150b649c4ad47e15516ae,target_deletion,2,target_deletion-v2,0.033370769653316916,0.034166120050828606,0.0007953503975116905,0.9999365946240695,0.9999323675990075,4.227025061975809e-06,0.017004497035053807,0.016525802916453426,-0.00047869411860038125,1.0,1.0,0.0,236573,51051
NYUv2,nyuv2_labeled_1070,4a7aeedeb82025bef12967a49f8da266edcd343f4e3a77bf08f1ade272965a33,depth_relation_conflict,0,depth_relation_conflict-v0,0.03437068594889318,0.03504988492521255,0.0006791989763193715,0.9942716336755199,0.993498758853963,0.000772874821556857,0.017720321505099876,0.018473385386203432,0.0007530638811035564,1.0,1.0,0.0,219958,2184
NYUv2,nyuv2_labeled_1070,4a7aeedeb82025bef12967a49f8da266edcd343f4e3a77bf08f1ade272965a33,depth_relation_conflict,1,depth_relation_conflict-v1,0.03437068594889318,0.035906791912814234,0.001536105963921057,0.9942716336755199,0.9951672592040298,-0.000895625528509969,0.017720321505099876,0.01653273612654052,-0.0011875853785593554,1.0,1.0,0.0,219958,2184
NYUv2,nyuv2_labeled_1070,4a7aeedeb82025bef12967a49f8da266edcd343f4e3a77bf08f1ade272965a33,depth_relation_conflict,2,depth_relation_conflict-v2,0.03437068594889318,0.03598821981104655,0.0016175338621533739,0.9942716336755199,0.9931214140881441,0.0011502195873757115,0.017720321505099876,0.01637002449992311,-0.0013502970051767656,1.0,1.0,0.0,219958,2184
NYUv2,nyuv2_labeled_1070,4a7aeedeb82025bef12967a49f8da266edcd343f4e3a77bf08f1ade272965a33,local_entity_conflict,0,local_entity_conflict-v0,0.03437068594889318,0.03672722652306536,0.0023565405741721793,0.9942716336755199,0.9940943270988097,0.0001773065767101123,0.017720321505099876,0.02346689031196065,0.005746568806860773,1.0,1.0,0.0,219958,2184
NYUv2,nyuv2_labeled_1070,4a7aeedeb82025bef12967a49f8da266edcd343f4e3a77bf08f1ade272965a33,local_entity_conflict,1,local_entity_conflict-v1,0.03437068594889318,0.03828629612543946,0.0039156101765462845,0.9942716336755199,0.9917166004419026,0.0025550332336172765,0.017720321505099876,0.025483184298141,0.007762862793041125,1.0,1.0,0.0,219958,2184
NYUv2,nyuv2_labeled_1070,4a7aeedeb82025bef12967a49f8da266edcd343f4e3a77bf08f1ade272965a33,local_entity_conflict,2,local_entity_conflict-v2,0.03437068594889318,0.03894810388245809,0.004577417933564913,0.9942716336755199,0.9919802871457278,0.0022913465297920155,0.017720321505099876,0.028756084427613973,0.011035762922514097,1.0,1.0,0.0,219958,2184
NYUv2,nyuv2_labeled_1070,4a7aeedeb82025bef12967a49f8da266edcd343f4e3a77bf08f1ade272965a33,semantic_preserving,0,semantic_preserving-v0,0.03437068594889318,0.03437068594889318,0.0,0.9942716336755199,0.9942716336755199,0.0,0.017720321505099876,0.017720321505099876,0.0,1.0,1.0,0.0,219958,2184
NYUv2,nyuv2_labeled_1070,4a7aeedeb82025bef12967a49f8da266edcd343f4e3a77bf08f1ade272965a33,semantic_preserving,1,semantic_preserving-v1,0.03437068594889318,0.03513757894887266,0.0007668929999794794,0.9942716336755199,0.992675874485129,0.0015957591903908996,0.017720321505099876,0.021188642700729936,0.0034683211956300607,1.0,1.0,0.0,219958,2184
NYUv2,nyuv2_labeled_1070,4a7aeedeb82025bef12967a49f8da266edcd343f4e3a77bf08f1ade272965a33,semantic_preserving,2,semantic_preserving-v2,0.03437068594889318,0.034992345038527786,0.0006216590896346089,0.9942716336755199,0.9930941361532656,0.0011774975222542672,0.017720321505099876,0.019168966691353578,0.0014486451862537018,1.0,1.0,0.0,219958,2184
NYUv2,nyuv2_labeled_1070,4a7aeedeb82025bef12967a49f8da266edcd343f4e3a77bf08f1ade272965a33,target_deletion,0,target_deletion-v0,0.03437068594889318,0.035924064684722395,0.001553378735829218,0.9942716336755199,0.9930441266059884,0.0012275070695314527,0.017720321505099876,0.016495724743657774,-0.0012245967614421017,1.0,1.0,0.0,219958,2184
NYUv2,nyuv2_labeled_1070,4a7aeedeb82025bef12967a49f8da266edcd343f4e3a77bf08f1ade272965a33,target_deletion,1,target_deletion-v1,0.03437068594889318,0.0368631174812803,0.0024924315323871238,0.9942716336755199,0.9926258649378518,0.0016457687376680852,0.017720321505099876,0.01661591141197293,-0.0011044100931269472,1.0,1.0,0.0,219958,2184
NYUv2,nyuv2_labeled_1070,4a7aeedeb82025bef12967a49f8da266edcd343f4e3a77bf08f1ade272965a33,target_deletion,2,target_deletion-v2,0.03437068594889318,0.036130979593019814,0.001760293644126637,0.9942716336755199,0.9930259413160695,0.0012456923594503788,0.017720321505099876,0.018324427715449527,0.000604106210349651,1.0,1.0,0.0,219958,2184
NYUv2,nyuv2_labeled_1086,29b2697294cb28b5efc06c96c5de7577bfe231d61e93fc3ca73db4f7ed1fcf1f,depth_relation_conflict,0,depth_relation_conflict-v0,0.04388939547315747,0.04308925628246451,-0.0008001391906929597,0.9960358072832325,0.9955392036204567,0.0004966036627758186,0.05477963614374745,0.051598594577377296,-0.0031810415663701547,0.9961030294941946,0.9960496463365808,5.3383157613828836e-05,231573,37465
NYUv2,nyuv2_labeled_1086,29b2697294cb28b5efc06c96c5de7577bfe231d61e93fc3ca73db4f7ed1fcf1f,depth_relation_conflict,1,depth_relation_conflict-v1,0.04388939547315747,0.044215368051662755,0.0003259725785052861,0.9960358072832325,0.9959408048433971,9.500243983540102e-05,0.05477963614374745,0.05527692163845491,0.0004972854947074556,0.9961030294941946,0.9962631789670359,-0.00016014947284126446,231573,37465
NYUv2,nyuv2_labeled_1086,29b2697294cb28b5efc06c96c5de7577bfe231d61e93fc3ca73db4f7ed1fcf1f,depth_relation_conflict,2,depth_relation_conflict-v2,0.04388939547315747,0.04236473961825449,-0.0015246558549029815,0.9960358072832325,0.9962949048464199,-0.00025909756318742705,0.05477963614374745,0.05863231581536324,0.0038526796716157885,0.9961030294941946,0.996236487388229,-0.00013345789403440556,231573,37465
NYUv2,nyuv2_labeled_1086,29b2697294cb28b5efc06c96c5de7577bfe231d61e93fc3ca73db4f7ed1fcf1f,local_entity_conflict,0,local_entity_conflict-v0,0.04388939547315747,0.04171104947073452,-0.0021783460024229484,0.9960358072832325,0.9965324109460084,-0.0004966036627759296,0.05477963614374745,0.058719330518689376,0.003939694374941925,0.9961030294941946,0.9961831042306153,-8.007473642068774e-05,231573,37465
NYUv2,nyuv2_labeled_1086,29b2697294cb28b5efc06c96c5de7577bfe231d61e93fc3ca73db4f7ed1fcf1f,local_entity_conflict,1,local_entity_conflict-v1,0.04388939547315747,0.03884477097672818,-0.005044624496429291,0.9960358072832325,0.9966101402149646,-0.0005743329317321466,0.05477963614374745,0.06112864676184974,0.006349010618102287,0.9961030294941946,0.9963966368610704,-0.00029360736687578104,231573,37465
NYUv2,nyuv2_labeled_1086,29b2697294cb28b5efc06c96c5de7577bfe231d61e93fc3ca73db4f7ed1fcf1f,local_entity_conflict,2,local_entity_conflict-v2,0.04388939547315747,0.03929560018022957,-0.004593795292927902,0.9960358072832325,0.9965151377751292,-0.0004793304918967456,0.05477963614374745,0.06367261358175894,0.008892977438011485,0.9961030294941946,0.9962631789670359,-0.00016014947284126446,231573,37465
NYUv2,nyuv2_labeled_1086,29b2697294cb28b5efc06c96c5de7577bfe231d61e93fc3ca73db4f7ed1fcf1f,semantic_preserving,0,semantic_preserving-v0,0.04388939547315747,0.04388939547315747,0.0,0.9960358072832325,0.9960358072832325,0.0,0.05477963614374745,0.05477963614374745,0.0,0.9961030294941946,0.9961030294941946,0.0,231573,37465
NYUv2,nyuv2_labeled_1086,29b2697294cb28b5efc06c96c5de7577bfe231d61e93fc3ca73db4f7ed1fcf1f,semantic_preserving,1,semantic_preserving-v1,0.04388939547315747,0.04214501544302831,-0.0017443800301291598,0.9960358072832325,0.9959451231361169,9.068414711554951e-05,0.05477963614374745,0.053771991388383594,-0.0010076447553638568,0.9961030294941946,0.9961564126518083,-5.338315761371781e-05,231573,37465
NYUv2,nyuv2_labeled_1086,29b2697294cb28b5efc06c96c5de7577bfe231d61e93fc3ca73db4f7ed1fcf1f,semantic_preserving,2,semantic_preserving-v2,0.04388939547315747,0.04153635361689222,-0.0023530418562652464,0.9960358072832325,0.9957680731346055,0.00026773414862701905,0.05477963614374745,0.055510686147625915,0.000731050003878464,0.9961030294941946,0.9961564126518083,-5.338315761371781e-05,231573,37465
NYUv2,nyuv2_labeled_1086,29b2697294cb28b5efc06c96c5de7577bfe231d61e93fc3ca73db4f7ed1fcf1f,target_deletion,0,target_deletion-v0,0.04388939547315747,0.04135068050682861,-0.0025387149663288616,0.9960358072832325,0.9966921877766406,-0.0006563804934081041,0.05477963614374745,0.05210621499919383,-0.0026734211445536213,0.9961030294941946,0.9962898705458428,-0.0001868410516482344,231573,37465
NYUv2,nyuv2_labeled_1086,29b2697294cb28b5efc06c96c5de7577bfe231d61e93fc3ca73db4f7ed1fcf1f,target_deletion,1,target_deletion-v1,0.04388939547315747,0.04096007235072625,-0.0029293231224312224,0.9960358072832325,0.9963467243590574,-0.00031091707582486805,0.05477963614374745,0.05819285133461712,0.0034132151908696715,0.9961030294941946,0.9962097958094221,-0.00010676631522754665,231573,37465
NYUv2,nyuv2_labeled_1086,29b2697294cb28b5efc06c96c5de7577bfe231d61e93fc3ca73db4f7ed1fcf1f,target_deletion,2,target_deletion-v2,0.04388939547315747,0.04024702420208712,-0.003642371271070352,0.9960358072832325,0.9965928670440855,-0.0005570597608529626,0.05477963614374745,0.054381787331912526,-0.00039784881183492493,0.9961030294941946,0.996236487388229,-0.00013345789403440556,231573,37465
NYUv2,nyuv2_labeled_1097,04fd9d553a1e61359512b631338d83226d546411751afe78289223e7a90eb59f,depth_relation_conflict,0,depth_relation_conflict-v0,0.035370305264389494,0.03542943912511426,5.9133860724765175e-05,0.9992539338035811,0.9990139404816561,0.00023999332192492506,0.023419984642387003,0.022465417031887154,-0.0009545676104998485,1.0,1.0,0.0,191672,51750
NYUv2,nyuv2_labeled_1097,04fd9d553a1e61359512b631338d83226d546411751afe78289223e7a90eb59f,depth_relation_conflict,1,depth_relation_conflict-v1,0.035370305264389494,0.035943207028846826,0.0005729017644573314,0.9992539338035811,0.9991182854042322,0.00013564839934887551,0.023419984642387003,0.022704427733125504,-0.0007155569092614986,1.0,1.0,0.0,191672,51750
NYUv2,nyuv2_labeled_1097,04fd9d553a1e61359512b631338d83226d546411751afe78289223e7a90eb59f,depth_relation_conflict,2,depth_relation_conflict-v2,0.035370305264389494,0.03600513869838411,0.0006348334339946193,0.9992539338035811,0.999097416419717,0.0001565173838640188,0.023419984642387003,0.023135196344824173,-0.00028478829756282964,1.0,1.0,0.0,191672,51750
NYUv2,nyuv2_labeled_1097,04fd9d553a1e61359512b631338d83226d546411751afe78289223e7a90eb59f,local_entity_conflict,0,local_entity_conflict-v0,0.035370305264389494,0.03912356265462519,0.003753257390235694,0.9992539338035811,0.9990191577277849,0.00023477607579613924,0.023419984642387003,0.0296200718737866,0.006200087231399597,1.0,1.0,0.0,191672,51750
NYUv2,nyuv2_labeled_1097,04fd9d553a1e61359512b631338d83226d546411751afe78289223e7a90eb59f,local_entity_conflict,1,local_entity_conflict-v1,0.035370305264389494,0.039146834557363404,0.0037765292929739097,0.9992539338035811,0.999149588881005,0.00010434492257604955,0.023419984642387003,0.027261827464219228,0.0038418428218322254,1.0,0.9999227053140096,7.729468599038114e-05,191672,51750
NYUv2,nyuv2_labeled_1097,04fd9d553a1e61359512b631338d83226d546411751afe78289223e7a90eb59f,local_entity_conflict,2,local_entity_conflict-v2,0.035370305264389494,0.04030145303661824,0.004931147772228743,0.9992539338035811,0.9992382820651947,1.5651738386357472e-05,0.023419984642387003,0.030567277383158918,0.0071472927407719156,1.0,0.9999420289855072,5.7971014492785855e-05,191672,51750
NYUv2,nyuv2_labeled_1097,04fd9d553a1e61359512b631338d83226d546411751afe78289223e7a90eb59f,semantic_preserving,0,semantic_preserving-v0,0.035370305264389494,0.035370305264389494,0.0,0.9992539338035811,0.9992539338035811,0.0,0.023419984642387003,0.023419984642387003,0.0,1.0,1.0,0.0,191672,51750
NYUv2,nyuv2_labeled_1097,04fd9d553a1e61359512b631338d83226d546411751afe78289223e7a90eb59f,semantic_preserving,1,semantic_preserving-v1,0.035370305264389494,0.0355732660079917,0.00020296074360220268,0.9992539338035811,0.9990661129429442,0.00018782086063684478,0.023419984642387003,0.022923077836076056,-0.0004969068063109469,1.0,1.0,0.0,191672,51750
NYUv2,nyuv2_labeled_1097,04fd9d553a1e61359512b631338d83226d546411751afe78289223e7a90eb59f,semantic_preserving,2,semantic_preserving-v2,0.035370305264389494,0.03597302315939539,0.0006027178950058984,0.9992539338035811,0.9989930714971409,0.0002608623064401794,0.023419984642387003,0.022347357928100654,-0.001072626714286349,1.0,1.0,0.0,191672,51750
NYUv2,nyuv2_labeled_1097,04fd9d553a1e61359512b631338d83226d546411751afe78289223e7a90eb59f,target_deletion,0,target_deletion-v0,0.035370305264389494,0.03510615382470349,-0.000264151439686007,0.9992539338035811,0.9988104678826328,0.00044346592094823833,0.023419984642387003,0.024199657187744566,0.0007796725453575633,1.0,1.0,0.0,191672,51750
NYUv2,nyuv2_labeled_1097,04fd9d553a1e61359512b631338d83226d546411751afe78289223e7a90eb59f,target_deletion,1,target_deletion-v1,0.035370305264389494,0.036619727990762914,0.0012494227263734198,0.9992539338035811,0.9991443716348762,0.00010956216870483537,0.023419984642387003,0.024893263102000397,0.001473278459613394,1.0,1.0,0.0,191672,51750
NYUv2,nyuv2_labeled_1097,04fd9d553a1e61359512b631338d83226d546411751afe78289223e7a90eb59f,target_deletion,2,target_deletion-v2,0.035370305264389494,0.03694218096954097,0.0015718757051514792,0.9992539338035811,0.9990556784506865,0.00019825535289452745,0.023419984642387003,0.023078099283377198,-0.00034188535900980463,1.0,1.0,0.0,191672,51750
NYUv2,nyuv2_labeled_1134,71da98a7639c995db4e718d79a7684f4487b96d93810b24dc977bd5618a6cb07,depth_relation_conflict,0,depth_relation_conflict-v0,0.0302944220437321,0.02899784586770174,-0.0012965761760303576,0.9964309507947083,0.9969976725473061,-0.0005667217525977541,0.04431108716704201,0.051440381113686644,0.0071292939466446326,0.9946236559139785,0.9957555178268251,-0.0011318619128466434,231154,21204
NYUv2,nyuv2_labeled_1134,71da98a7639c995db4e718d79a7684f4487b96d93810b24dc977bd5618a6cb07,depth_relation_conflict,1,depth_relation_conflict-v1,0.0302944220437321,0.02932739242317649,-0.0009670296205556081,0.9964309507947083,0.9966213000856572,-0.00019034929094885467,0.04431108716704201,0.04549815826313448,0.0011870710960924721,0.9946236559139785,0.995048104131296,-0.0004244482173174635,231154,21204
NYUv2,nyuv2_labeled_1134,71da98a7639c995db4e718d79a7684f4487b96d93810b24dc977bd5618a6cb07,depth_relation_conflict,2,depth_relation_conflict-v2,0.0302944220437321,0.02960810286605631,-0.0006863191776757885,0.9964309507947083,0.996625626205906,-0.00019467541119766452,0.04431108716704201,0.04520242690332357,0.0008913397362815614,0.9946236559139785,0.9953310696095077,-0.0007074136955291799,231154,21204
NYUv2,nyuv2_labeled_1134,71da98a7639c995db4e718d79a7684f4487b96d93810b24dc977bd5618a6cb07,local_entity_conflict,0,local_entity_conflict-v0,0.0302944220437321,0.03539679810482175,0.0051023760610896494,0.9964309507947083,0.9955094871817057,0.0009214636130026044,0.04431108716704201,0.04489148143646666,0.0005803942694246472,0.9946236559139785,0.9940577249575552,0.0005659309564233217,231154,21204
NYUv2,nyuv2_labeled_1134,71da98a7639c995db4e718d79a7684f4487b96d93810b24dc977bd5618a6cb07,local_entity_conflict,1,local_entity_conflict-v1,0.0302944220437321,0.034206854156839675,0.003912432113107576,0.9964309507947083,0.9966861918893898,-0.0002552410946814465,0.04431108716704201,0.053445990598920315,0.009134903431878304,0.9946236559139785,0.9965572533484248,-0.0019335974344463214,231154,21204
NYUv2,nyuv2_labeled_1134,71da98a7639c995db4e718d79a7684f4487b96d93810b24dc977bd5618a6cb07,local_entity_conflict,2,local_entity_conflict-v2,0.0302944220437321,0.03345081081408423,0.003156388770352129,0.9964309507947083,0.9962881888264966,0.00014276196821172427,0.04431108716704201,0.04741771638961617,0.00310662922257416,0.9946236559139785,0.9967930579136012,-0.0021694019996226777,231154,21204
NYUv2,nyuv2_labeled_1134,71da98a7639c995db4e718d79a7684f4487b96d93810b24dc977bd5618a6cb07,semantic_preserving,0,semantic_preserving-v0,0.0302944220437321,0.0302944220437321,0.0,0.9964309507947083,0.9964309507947083,0.0,0.04431108716704201,0.04431108716704201,0.0,0.9946236559139785,0.9946236559139785,0.0,231154,21204
NYUv2,nyuv2_labeled_1134,71da98a7639c995db4e718d79a7684f4487b96d93810b24dc977bd5618a6cb07,semantic_preserving,1,semantic_preserving-v1,0.0302944220437321,0.03025870183582297,-3.5720207909130386e-05,0.9964309507947083,0.9968808673005874,-0.00044991650587911103,0.04431108716704201,0.04970630927882739,0.005395222111785378,0.9946236559139785,0.9953782305225429,-0.0007545746085644289,231154,21204
NYUv2,nyuv2_labeled_1134,71da98a7639c995db4e718d79a7684f4487b96d93810b24dc977bd5618a6cb07,semantic_preserving,2,semantic_preserving-v2,0.0302944220437321,0.029195466744431704,-0.0010989552993003956,0.9964309507947083,0.9969544113448178,-0.0005234605501094336,0.04431108716704201,0.05111925266114962,0.006808165494107607,0.9946236559139785,0.9959441614789663,-0.0013205055649877506,231154,21204
NYUv2,nyuv2_labeled_1134,71da98a7639c995db4e718d79a7684f4487b96d93810b24dc977bd5618a6cb07,target_deletion,0,target_deletion-v0,0.0302944220437321,0.030355810644857154,6.138860112505501e-05,0.9964309507947083,0.9969846941865597,-0.0005537433918513246,0.04431108716704201,0.049196084802762004,0.004884997635719993,0.9946236559139785,0.9953782305225429,-0.0007545746085644289,231154,21204
NYUv2,nyuv2_labeled_1134,71da98a7639c995db4e718d79a7684f4487b96d93810b24dc977bd5618a6cb07,target_deletion,1,target_deletion-v1,0.0302944220437321,0.028994096933661246,-0.0013003251100708532,0.9964309507947083,0.99694575910432,-0.0005148083096117029,0.04431108716704201,0.05408539589255622,0.009774308725514207,0.9946236559139785,0.9956140350877193,-0.0009903791737407852,231154,21204
NYUv2,nyuv2_labeled_1134,71da98a7639c995db4e718d79a7684f4487b96d93810b24dc977bd5618a6cb07,target_deletion,2,target_deletion-v2,0.0302944220437321,0.02985396583480739,-0.00044045620892470966,0.9964309507947083,0.9969933464270573,-0.0005623956323489443,0.04431108716704201,0.05161199036900845,0.007300903201966441,0.9946236559139785,0.9956611960007545,-0.0010375400867760343,231154,21204
NYUv2,nyuv2_labeled_1142,24f29cdabd150bcab84be9fa73282d9be37cb33e44ce4aac6a870a3d9f974d10,depth_relation_conflict,0,depth_relation_conflict-v0,0.023028097399552496,0.023458870284147493,0.00043077288459499735,0.999940747763228,0.999970373881614,-2.962611838597251e-05,0.02658569595948188,0.02829550596123838,0.0017098100017565003,1.0,1.0,0.0,236278,3207
NYUv2,nyuv2_labeled_1142,24f29cdabd150bcab84be9fa73282d9be37cb33e44ce4aac6a870a3d9f974d10,depth_relation_conflict,1,depth_relation_conflict-v1,0.023028097399552496,0.023336767398703318,0.0003086699991508221,0.999940747763228,0.9999365154606015,4.232302626583362e-06,0.02658569595948188,0.029723848061734375,0.0031381521022524964,1.0,1.0,0.0,236278,3207
NYUv2,nyuv2_labeled_1142,24f29cdabd150bcab84be9fa73282d9be37cb33e44ce4aac6a870a3d9f974d10,depth_relation_conflict,2,depth_relation_conflict-v2,0.023028097399552496,0.02286834769635809,-0.00015974970319440618,0.999940747763228,0.9999534446711078,-1.2696907879750086e-05,0.02658569595948188,0.027775479702825696,0.0011897837433438169,1.0,1.0,0.0,236278,3207
NYUv2,nyuv2_labeled_1142,24f29cdabd150bcab84be9fa73282d9be37cb33e44ce4aac6a870a3d9f974d10,local_entity_conflict,0,local_entity_conflict-v0,0.023028097399552496,0.023597500582530392,0.0005694031829778963,0.999940747763228,0.9999365154606015,4.232302626583362e-06,0.02658569595948188,0.05446625086049473,0.027880554901012853,1.0,1.0,0.0,236278,3207
NYUv2,nyuv2_labeled_1142,24f29cdabd150bcab84be9fa73282d9be37cb33e44ce4aac6a870a3d9f974d10,local_entity_conflict,1,local_entity_conflict-v1,0.023028097399552496,0.021363938316406678,-0.0016641590831458185,0.999940747763228,0.9999873030921202,-4.6555328892194936e-05,0.02658569595948188,0.03789342415958186,0.011307728200099978,1.0,1.0,0.0,236278,3207
NYUv2,nyuv2_labeled_1142,24f29cdabd150bcab84be9fa73282d9be37cb33e44ce4aac6a870a3d9f974d10,local_entity_conflict,2,local_entity_conflict-v2,0.023028097399552496,0.02119778631760182,-0.0018303110819506765,0.999940747763228,0.999970373881614,-2.962611838597251e-05,0.02658569595948188,0.04684057682197732,0.020254880862495443,1.0,1.0,0.0,236278,3207
NYUv2,nyuv2_labeled_1142,24f29cdabd150bcab84be9fa73282d9be37cb33e44ce4aac6a870a3d9f974d10,semantic_preserving,0,semantic_preserving-v0,0.023028097399552496,0.023028097399552496,0.0,0.999940747763228,0.999940747763228,0.0,0.02658569595948188,0.02658569595948188,0.0,1.0,1.0,0.0,236278,3207
NYUv2,nyuv2_labeled_1142,24f29cdabd150bcab84be9fa73282d9be37cb33e44ce4aac6a870a3d9f974d10,semantic_preserving,1,semantic_preserving-v1,0.023028097399552496,0.023464028466489716,0.00043593106693722017,0.999940747763228,0.9999661415789874,-2.539381575938915e-05,0.02658569595948188,0.034595189554813346,0.008009493595331468,1.0,1.0,0.0,236278,3207
NYUv2,nyuv2_labeled_1142,24f29cdabd150bcab84be9fa73282d9be37cb33e44ce4aac6a870a3d9f974d10,semantic_preserving,2,semantic_preserving-v2,0.023028097399552496,0.023539024237004384,0.0005109268374518874,0.999940747763228,0.999970373881614,-2.962611838597251e-05,0.02658569595948188,0.029164490213947555,0.0025787942544656765,1.0,1.0,0.0,236278,3207
NYUv2,nyuv2_labeled_1142,24f29cdabd150bcab84be9fa73282d9be37cb33e44ce4aac6a870a3d9f974d10,target_deletion,0,target_deletion-v0,0.023028097399552496,0.021641126862357616,-0.0013869705371948801,0.999940747763228,0.9999365154606015,4.232302626583362e-06,0.02658569595948188,0.03707427739923294,0.010488581439751062,1.0,1.0,0.0,236278,3207
NYUv2,nyuv2_labeled_1142,24f29cdabd150bcab84be9fa73282d9be37cb33e44ce4aac6a870a3d9f974d10,target_deletion,1,target_deletion-v1,0.023028097399552496,0.026772391864585136,0.0037442944650326396,0.999940747763228,0.9999873030921202,-4.6555328892194936e-05,0.02658569595948188,0.016319300233663344,-0.010266395725818535,1.0,1.0,0.0,236278,3207
NYUv2,nyuv2_labeled_1142,24f29cdabd150bcab84be9fa73282d9be37cb33e44ce4aac6a870a3d9f974d10,target_deletion,2,target_deletion-v2,0.023028097399552496,0.020965316976682274,-0.0020627804228702216,0.999940747763228,0.999940747763228,0.0,0.02658569595948188,0.03450025587890471,0.007914559919422835,1.0,1.0,0.0,236278,3207
NYUv2,nyuv2_labeled_1143,24f29cdabd150bcab84be9fa73282d9be37cb33e44ce4aac6a870a3d9f974d10,depth_relation_conflict,0,depth_relation_conflict-v0,0.045919690548484444,0.045295371726202314,-0.00062431882228213,0.9997019932395038,0.9997403083944247,-3.8315154920920413e-05,0.04552062001396381,0.044396705188088866,-0.0011239148258749415,1.0,1.0,0.0,234894,7644
NYUv2,nyuv2_labeled_1143,24f29cdabd150bcab84be9fa73282d9be37cb33e44ce4aac6a870a3d9f974d10,depth_relation_conflict,1,depth_relation_conflict-v1,0.045919690548484444,0.04667763640002911,0.0007579458515446641,0.9997019932395038,0.9996892215211968,1.2771718307047486e-05,0.04552062001396381,0.04509508045810189,-0.0004255395558619146,1.0,1.0,0.0,234894,7644
NYUv2,nyuv2_labeled_1143,24f29cdabd150bcab84be9fa73282d9be37cb33e44ce4aac6a870a3d9f974d10,depth_relation_conflict,2,depth_relation_conflict-v2,0.045919690548484444,0.04541867679903737,-0.0005010137494470754,0.9997019932395038,0.9996977360000682,4.257239435645488e-06,0.04552062001396381,0.04563696930834469,0.00011634929438088248,1.0,1.0,0.0,234894,7644
NYUv2,nyuv2_labeled_1143,24f29cdabd150bcab84be9fa73282d9be37cb33e44ce4aac6a870a3d9f974d10,local_entity_conflict,0,local_entity_conflict-v0,0.045919690548484444,0.03497595073752097,-0.010943739810963478,0.9997019932395038,0.9997828807887813,-8.088754927748631e-05,0.04552062001396381,0.02971531223155361,-0.015805307782410197,1.0,1.0,0.0,234894,7644
NYUv2,nyuv2_labeled_1143,24f29cdabd150bcab84be9fa73282d9be37cb33e44ce4aac6a870a3d9f974d10,local_entity_conflict,1,local_entity_conflict-v1,0.045919690548484444,0.033159354653963656,-0.012760335894520788,0.9997019932395038,0.9998041669859596,-0.00010217374645582478,0.04552062001396381,0.028660543092212415,-0.016860076921751392,1.0,1.0,0.0,234894,7644
NYUv2,nyuv2_labeled_1143,24f29cdabd150bcab84be9fa73282d9be37cb33e44ce4aac6a870a3d9f974d10,local_entity_conflict,2,local_entity_conflict-v2,0.045919690548484444,0.034248639799986866,-0.011671050748497579,0.9997019932395038,0.9997615945916031,-5.9601352099258875e-05,0.04552062001396381,0.029956820326538146,-0.015563799687425661,1.0,1.0,0.0,234894,7644
NYUv2,nyuv2_labeled_1143,24f29cdabd150bcab84be9fa73282d9be37cb33e44ce4aac6a870a3d9f974d10,semantic_preserving,0,semantic_preserving-v0,0.045919690548484444,0.045919690548484444,0.0,0.9997019932395038,0.9997019932395038,0.0,0.04552062001396381,0.04552062001396381,0.0,1.0,1.0,0.0,234894,7644
NYUv2,nyuv2_labeled_1143,24f29cdabd150bcab84be9fa73282d9be37cb33e44ce4aac6a870a3d9f974d10,semantic_preserving,1,semantic_preserving-v1,0.045919690548484444,0.04428279395251715,-0.0016368965959672951,0.9997019932395038,0.9997403083944247,-3.8315154920920413e-05,0.04552062001396381,0.042051841762043816,-0.0034687782519199906,1.0,1.0,0.0,234894,7644
NYUv2,nyuv2_labeled_1143,24f29cdabd150bcab84be9fa73282d9be37cb33e44ce4aac6a870a3d9f974d10,semantic_preserving,2,semantic_preserving-v2,0.045919690548484444,0.04628388150521697,0.0003641909567325269,0.9997019932395038,0.9997360511549891,-3.4057915485274926e-05,0.04552062001396381,0.04661747539920691,0.001096855385243102,1.0,1.0,0.0,234894,7644
NYUv2,nyuv2_labeled_1143,24f29cdabd150bcab84be9fa73282d9be37cb33e44ce4aac6a870a3d9f974d10,target_deletion,0,target_deletion-v0,0.045919690548484444,0.04874289953470937,0.0028232089862249288,0.9997019932395038,0.9997019932395038,0.0,0.04552062001396381,0.048327633494925894,0.0028070134809620867,1.0,1.0,0.0,234894,7644
NYUv2,nyuv2_labeled_1143,24f29cdabd150bcab84be9fa73282d9be37cb33e44ce4aac6a870a3d9f974d10,target_deletion,1,target_deletion-v1,0.045919690548484444,0.04605013417723201,0.00013044362874756882,0.9997019932395038,0.9996807070423255,2.1286197178338462e-05,0.04552062001396381,0.04219118295872788,-0.0033294370552359245,1.0,1.0,0.0,234894,7644
NYUv2,nyuv2_labeled_1143,24f29cdabd150bcab84be9fa73282d9be37cb33e44ce4aac6a870a3d9f974d10,target_deletion,2,target_deletion-v2,0.045919690548484444,0.045627088328707634,-0.0002926022197768108,0.9997019932395038,0.9996892215211968,1.2771718307047486e-05,0.04552062001396381,0.04304284600147827,-0.0024777740124855355,1.0,1.0,0.0,234894,7644
NYUv2,nyuv2_labeled_1186,6d60ceec0c5cebf69b37c958ad19e220bd1b69625044c1231b57b8012af4e723,depth_relation_conflict,0,depth_relation_conflict-v0,0.033529735962801316,0.029717199899074228,-0.003812536063727088,0.999206759952986,0.999085839214112,0.00012092073887404187,0.056479961425048575,0.05351499124182628,-0.0029649701832222958,0.9939226519337017,0.9955801104972376,-0.0016574585635359407,206747,5430
NYUv2,nyuv2_labeled_1186,6d60ceec0c5cebf69b37c958ad19e220bd1b69625044c1231b57b8012af4e723,depth_relation_conflict,1,depth_relation_conflict-v1,0.033529735962801316,0.03328795563790781,-0.00024178032489350493,0.999206759952986,0.999206759952986,0.0,0.056479961425048575,0.05872807395013283,0.0022481125250842574,0.9939226519337017,0.9939226519337017,0.0,206747,5430
NYUv2,nyuv2_labeled_1186,6d60ceec0c5cebf69b37c958ad19e220bd1b69625044c1231b57b8012af4e723,depth_relation_conflict,2,depth_relation_conflict-v2,0.033529735962801316,0.033132617227604806,-0.0003971187351965097,0.999206759952986,0.9992164336120959,-9.673659109865618e-06,0.056479961425048575,0.05671440500563347,0.0002344435805848935,0.9939226519337017,0.994475138121547,-0.0005524861878453136,206747,5430
NYUv2,nyuv2_labeled_1186,6d60ceec0c5cebf69b37c958ad19e220bd1b69625044c1231b57b8012af4e723,local_entity_conflict,0,local_entity_conflict-v0,0.033529735962801316,0.03091672545553939,-0.002613010507261926,0.999206759952986,0.9989891026230127,0.00021765732997336418,0.056479961425048575,0.05310136958212684,-0.0033785918429217326,0.9939226519337017,0.9939226519337017,0.0,206747,5430
NYUv2,nyuv2_labeled_1186,6d60ceec0c5cebf69b37c958ad19e220bd1b69625044c1231b57b8012af4e723,local_entity_conflict,1,local_entity_conflict-v1,0.033529735962801316,0.027993729049039996,-0.00553600691376132,0.999206759952986,0.9990471445776722,0.0001596153753138374,0.056479961425048575,0.05147296393514067,-0.005006997489907905,0.9939226519337017,0.9950276243093923,-0.0011049723756906271,206747,5430
NYUv2,nyuv2_labeled_1186,6d60ceec0c5cebf69b37c958ad19e220bd1b69625044c1231b57b8012af4e723,local_entity_conflict,2,local_entity_conflict-v2,0.033529735962801316,0.028986606063479536,-0.00454312989932178,0.999206759952986,0.9991196970209967,8.706293198934567e-05,0.056479961425048575,0.052457938616930315,-0.00402202280811826,0.9939226519337017,0.9942909760589319,-0.00036832412523024605,206747,5430
NYUv2,nyuv2_labeled_1186,6d60ceec0c5cebf69b37c958ad19e220bd1b69625044c1231b57b8012af4e723,semantic_preserving,0,semantic_preserving-v0,0.033529735962801316,0.033529735962801316,0.0,0.999206759952986,0.999206759952986,0.0,0.056479961425048575,0.056479961425048575,0.0,0.9939226519337017,0.9939226519337017,0.0,206747,5430
NYUv2,nyuv2_labeled_1186,6d60ceec0c5cebf69b37c958ad19e220bd1b69625044c1231b57b8012af4e723,semantic_preserving,1,semantic_preserving-v1,0.033529735962801316,0.030286655522782903,-0.003243080440018413,0.999206759952986,0.9991487179983265,5.804195465952677e-05,0.056479961425048575,0.053090101554726814,-0.003389859870321761,0.9939226519337017,0.9953959484346224,-0.0014732965009207621,206747,5430
NYUv2,nyuv2_labeled_1186,6d60ceec0c5cebf69b37c958ad19e220bd1b69625044c1231b57b8012af4e723,semantic_preserving,2,semantic_preserving-v2,0.033529735962801316,0.029651462117212684,-0.003878273845588632,0.999206759952986,0.9991438811687715,6.28787842145151e-05,0.056479961425048575,0.053944243614412975,-0.0025357178106356,0.9939226519337017,0.9953959484346224,-0.0014732965009207621,206747,5430
NYUv2,nyuv2_labeled_1186,6d60ceec0c5cebf69b37c958ad19e220bd1b69625044c1231b57b8012af4e723,target_deletion,0,target_deletion-v0,0.033529735962801316,0.029350333748624814,-0.004179402214176502,0.999206759952986,0.9991051865323318,0.00010157342065419961,0.056479961425048575,0.043767454426974016,-0.012712506998074559,0.9939226519337017,0.9979742173112339,-0.004051565377532262,206747,5430
NYUv2,nyuv2_labeled_1186,6d60ceec0c5cebf69b37c958ad19e220bd1b69625044c1231b57b8012af4e723,target_deletion,1,target_deletion-v1,0.033529735962801316,0.03207623635984627,-0.001453499602955044,0.999206759952986,0.9992212704416509,-1.4510488664853938e-05,0.056479961425048575,0.05715811678724445,0.0006781553621958772,0.9939226519337017,0.9935543278084714,0.00036832412523024605,206747,5430
NYUv2,nyuv2_labeled_1186,6d60ceec0c5cebf69b37c958ad19e220bd1b69625044c1231b57b8012af4e723,target_deletion,2,target_deletion-v2,0.033529735962801316,0.032149828374726415,-0.001379907588074901,0.999206759952986,0.9991777389756562,2.9020977329818898e-05,0.056479961425048575,0.05362628046295351,-0.0028536809620950676,0.9939226519337017,0.994659300184162,-0.0007366482504603811,206747,5430
NYUv2,nyuv2_labeled_1187,3c6d64d6998ab6c0df312148cbd3cf3b8b345ea6c4bbaff4047a6a8c4ba09410,depth_relation_conflict,0,depth_relation_conflict-v0,0.04019103816982199,0.04095135379884912,0.0007603156290271335,0.9998910626835222,0.9999108694683364,-1.9806784814169198e-05,0.06865763363979104,0.06782165600986789,-0.0008359776299231431,1.0,1.0,0.0,201951,9816
NYUv2,nyuv2_labeled_1187,3c6d64d6998ab6c0df312148cbd3cf3b8b345ea6c4bbaff4047a6a8c4ba09410,depth_relation_conflict,1,depth_relation_conflict-v1,0.04019103816982199,0.038627434616704974,-0.0015636035531170142,0.9998910626835222,0.9998910626835222,0.0,0.06865763363979104,0.06208425884266952,-0.0065733747971215145,1.0,1.0,0.0,201951,9816
NYUv2,nyuv2_labeled_1187,3c6d64d6998ab6c0df312148cbd3cf3b8b345ea6c4bbaff4047a6a8c4ba09410,depth_relation_conflict,2,depth_relation_conflict-v2,0.04019103816982199,0.0410076023139751,0.0008165641441531118,0.9998910626835222,0.9998663042025046,2.4758481017683742e-05,0.06865763363979104,0.0707007572650798,0.002043123625288759,1.0,1.0,0.0,201951,9816
NYUv2,nyuv2_labeled_1187,3c6d64d6998ab6c0df312148cbd3cf3b8b345ea6c4bbaff4047a6a8c4ba09410,local_entity_conflict,0,local_entity_conflict-v0,0.04019103816982199,0.04153979449426227,0.0013487563244402798,0.9998910626835222,0.999851449113894,3.9613569628227374e-05,0.06865763363979104,0.07254183623594504,0.0038842025961540044,1.0,1.0,0.0,201951,9816
NYUv2,nyuv2_labeled_1187,3c6d64d6998ab6c0df312148cbd3cf3b8b345ea6c4bbaff4047a6a8c4ba09410,local_entity_conflict,1,local_entity_conflict-v1,0.04019103816982199,0.0405785374646185,0.00038749929479651307,0.9998910626835222,0.9999158211645399,-2.4758481017683742e-05,0.06865763363979104,0.06637907794320123,-0.0022785556965898013,1.0,1.0,0.0,201951,9816
NYUv2,nyuv2_labeled_1187,3c6d64d6998ab6c0df312148cbd3cf3b8b345ea6c4bbaff4047a6a8c4ba09410,local_entity_conflict,2,local_entity_conflict-v2,0.04019103816982199,0.03841430806282232,-0.0017767301069996702,0.9998910626835222,0.9998762075949117,1.4855088610543632e-05,0.06865763363979104,0.06842937774952025,-0.0002282558902707843,1.0,1.0,0.0,201951,9816
NYUv2,nyuv2_labeled_1187,3c6d64d6998ab6c0df312148cbd3cf3b8b345ea6c4bbaff4047a6a8c4ba09410,semantic_preserving,0,semantic_preserving-v0,0.04019103816982199,0.04019103816982199,0.0,0.9998910626835222,0.9998910626835222,0.0,0.06865763363979104,0.06865763363979104,0.0,1.0,1.0,0.0,201951,9816
NYUv2,nyuv2_labeled_1187,3c6d64d6998ab6c0df312148cbd3cf3b8b345ea6c4bbaff4047a6a8c4ba09410,semantic_preserving,1,semantic_preserving-v1,0.04019103816982199,0.041067761515047166,0.0008767233452251777,0.9998910626835222,0.9999108694683364,-1.9806784814169198e-05,0.06865763363979104,0.06968706833658617,0.0010294346967951312,1.0,1.0,0.0,201951,9816
NYUv2,nyuv2_labeled_1187,3c6d64d6998ab6c0df312148cbd3cf3b8b345ea6c4bbaff4047a6a8c4ba09410,semantic_preserving,2,semantic_preserving-v2,0.04019103816982199,0.04170396007536124,0.001512921905539255,0.9998910626835222,0.9998960143797258,-4.951696203514544e-06,0.06865763363979104,0.06888384848857197,0.00022621484878093678,1.0,1.0,0.0,201951,9816
NYUv2,nyuv2_labeled_1187,3c6d64d6998ab6c0df312148cbd3cf3b8b345ea6c4bbaff4047a6a8c4ba09410,target_deletion,0,target_deletion-v0,0.04019103816982199,0.04131677741449062,0.0011257392446686332,0.9998910626835222,0.9998118355442657,7.922713925656577e-05,0.06865763363979104,0.05957477598924458,-0.009082857650546457,1.0,1.0,0.0,201951,9816
NYUv2,nyuv2_labeled_1187,3c6d64d6998ab6c0df312148cbd3cf3b8b345ea6c4bbaff4047a6a8c4ba09410,target_deletion,1,target_deletion-v1,0.04019103816982199,0.03884630543078429,-0.0013447327390377004,0.9998910626835222,0.9998910626835222,0.0,0.06865763363979104,0.05759820002026101,-0.011059433619530025,1.0,1.0,0.0,201951,9816
NYUv2,nyuv2_labeled_1187,3c6d64d6998ab6c0df312148cbd3cf3b8b345ea6c4bbaff4047a6a8c4ba09410,target_deletion,2,target_deletion-v2,0.04019103816982199,0.03790228462195442,-0.0022887535478675683,0.9998910626835222,0.9998910626835222,0.0,0.06865763363979104,0.06283159271923158,-0.005826040920559453,1.0,1.0,0.0,201951,9816
NYUv2,nyuv2_labeled_1188,3c6d64d6998ab6c0df312148cbd3cf3b8b345ea6c4bbaff4047a6a8c4ba09410,depth_relation_conflict,0,depth_relation_conflict-v0,0.030166115898038016,0.03209831710587919,0.0019322012078411728,0.9991731019243756,0.9991133815078027,5.9720416572872637e-05,0.01977823734382452,0.03816376363758223,0.018385526293757712,1.0,0.9999599503384197,4.004966158033252e-05,217681,24969
NYUv2,nyuv2_labeled_1188,3c6d64d6998ab6c0df312148cbd3cf3b8b345ea6c4bbaff4047a6a8c4ba09410,depth_relation_conflict,1,depth_relation_conflict-v1,0.030166115898038016,0.029974120571135247,-0.0001919953269027691,0.9991731019243756,0.9991776958025735,-4.593878197955981e-06,0.01977823734382452,0.01910300863213291,-0.0006752287116916118,1.0,1.0,0.0,217681,24969
NYUv2,nyuv2_labeled_1188,3c6d64d6998ab6c0df312148cbd3cf3b8b345ea6c4bbaff4047a6a8c4ba09410,depth_relation_conflict,2,depth_relation_conflict-v2,0.030166115898038016,0.03049133880024493,0.00032522290220691336,0.9991731019243756,0.9991822896807714,-9.187756395800939e-06,0.01977823734382452,0.02143173583954799,0.001653498495723469,1.0,1.0,0.0,217681,24969
NYUv2,nyuv2_labeled_1188,3c6d64d6998ab6c0df312148cbd3cf3b8b345ea6c4bbaff4047a6a8c4ba09410,local_entity_conflict,0,local_entity_conflict-v0,0.030166115898038016,0.027569044430292833,-0.0025970714677451823,0.9991731019243756,0.9991133815078027,5.9720416572872637e-05,0.01977823734382452,0.024272447265437213,0.004494209921612691,1.0,1.0,0.0,217681,24969
NYUv2,nyuv2_labeled_1188,3c6d64d6998ab6c0df312148cbd3cf3b8b345ea6c4bbaff4047a6a8c4ba09410,local_entity_conflict,1,local_entity_conflict-v1,0.030166115898038016,0.03093263378983078,0.0007665178917927659,0.9991731019243756,0.9990628488476256,0.00011025307674994433,0.01977823734382452,0.03782410092542452,0.0180458635816,1.0,0.9999199006768393,8.009932316066504e-05,217681,24969
NYUv2,nyuv2_labeled_1188,3c6d64d6998ab6c0df312148cbd3cf3b8b345ea6c4bbaff4047a6a8c4ba09410,local_entity_conflict,2,local_entity_conflict-v2,0.030166115898038016,0.02772380104830914,-0.002442314849728875,0.9991731019243756,0.9991409447769902,3.21571473853588e-05,0.01977823734382452,0.022885690614109406,0.0031074532702848844,1.0,0.9999599503384197,4.004966158033252e-05,217681,24969
NYUv2,nyuv2_labeled_1188,3c6d64d6998ab6c0df312148cbd3cf3b8b345ea6c4bbaff4047a6a8c4ba09410,semantic_preserving,0,semantic_preserving-v0,0.030166115898038016,0.030166115898038016,0.0,0.9991731019243756,0.9991731019243756,0.0,0.01977823734382452,0.01977823734382452,0.0,1.0,1.0,0.0,217681,24969
NYUv2,nyuv2_labeled_1188,3c6d64d6998ab6c0df312148cbd3cf3b8b345ea6c4bbaff4047a6a8c4ba09410,semantic_preserving,1,semantic_preserving-v1,0.030166115898038016,0.031253417995949065,0.0010873020979110491,0.9991731019243756,0.9991271631423965,4.593878197911572e-05,0.01977823734382452,0.034008145025142315,0.014229907681317794,1.0,0.9999599503384197,4.004966158033252e-05,217681,24969
NYUv2,nyuv2_labeled_1188,3c6d64d6998ab6c0df312148cbd3cf3b8b345ea6c4bbaff4047a6a8c4ba09410,semantic_preserving,2,semantic_preserving-v2,0.030166115898038016,0.032424148901870224,0.0022580330038322084,0.9991731019243756,0.9991179753860007,5.5126538374916656e-05,0.01977823734382452,0.0360792832135298,0.01630104586970528,1.0,0.9999599503384197,4.004966158033252e-05,217681,24969
NYUv2,nyuv2_labeled_1188,3c6d64d6998ab6c0df312148cbd3cf3b8b345ea6c4bbaff4047a6a8c4ba09410,target_deletion,0,target_deletion-v0,0.030166115898038016,0.03059533334264428,0.0004292174446062641,0.9991731019243756,0.9991593202897818,1.378163459375692e-05,0.01977823734382452,0.022231842601747057,0.002453605257922535,1.0,1.0,0.0,217681,24969
NYUv2,nyuv2_labeled_1188,3c6d64d6998ab6c0df312148cbd3cf3b8b345ea6c4bbaff4047a6a8c4ba09410,target_deletion,1,target_deletion-v1,0.030166115898038016,0.03020207827046161,3.596237242359593e-05,0.9991731019243756,0.9992695733665318,-9.647144215618741e-05,0.01977823734382452,0.01909202679465644,-0.0006862105491680821,1.0,1.0,0.0,217681,24969
NYUv2,nyuv2_labeled_1188,3c6d64d6998ab6c0df312148cbd3cf3b8b345ea6c4bbaff4047a6a8c4ba09410,target_deletion,2,target_deletion-v2,0.030166115898038016,0.0293510451996293,-0.0008150706984087173,0.9991731019243756,0.9992144468281567,-4.1344903781159736e-05,0.01977823734382452,0.02181951525142907,0.002041277907604548,1.0,1.0,0.0,217681,24969
NYUv2,nyuv2_labeled_1215,297bc3f100cb295dfb20ff94bfedd637bf124b8c0d1787de48740c6cdd4ffe0b,depth_relation_conflict,0,depth_relation_conflict-v0,0.045406322272419836,0.05124525547156466,0.005838933199144823,0.9944493706099172,0.9939060435357118,0.0005433270742054574,0.06446612562004209,0.0737447597892061,0.00927863416916401,0.9999004975124378,0.9998407960199005,5.970149253731183e-05,230064,50250
NYUv2,nyuv2_labeled_1215,297bc3f100cb295dfb20ff94bfedd637bf124b8c0d1787de48740c6cdd4ffe0b,depth_relation_conflict,1,depth_relation_conflict-v1,0.045406322272419836,0.046895629696156495,0.001489307423736659,0.9944493706099172,0.9943624382780444,8.693233187284655e-05,0.06446612562004209,0.06781325773504514,0.0033471321150030514,0.9999004975124378,0.9999004975124378,0.0,230064,50250
NYUv2,nyuv2_labeled_1215,297bc3f100cb295dfb20ff94bfedd637bf124b8c0d1787de48740c6cdd4ffe0b,depth_relation_conflict,2,depth_relation_conflict-v2,0.045406322272419836,0.044854931114974836,-0.0005513911574449998,0.9944493706099172,0.9945841157243202,-0.00013474511440292325,0.06446612562004209,0.06336845467986099,-0.0010976709401810947,0.9999004975124378,0.9999203980099503,-1.9900497512437276e-05,230064,50250
NYUv2,nyuv2_labeled_1215,297bc3f100cb295dfb20ff94bfedd637bf124b8c0d1787de48740c6cdd4ffe0b,local_entity_conflict,0,local_entity_conflict-v0,0.045406322272419836,0.04055061891436307,-0.004855703358056768,0.9944493706099172,0.9946927811391613,-0.00024341052924403694,0.06446612562004209,0.054622668358613354,-0.009843457261428733,0.9999004975124378,0.9999402985074627,-3.980099502487455e-05,230064,50250
NYUv2,nyuv2_labeled_1215,297bc3f100cb295dfb20ff94bfedd637bf124b8c0d1787de48740c6cdd4ffe0b,local_entity_conflict,1,local_entity_conflict-v1,0.045406322272419836,0.04477762036086015,-0.0006287019115596842,0.9944493706099172,0.9942189999304542,0.00023037067946307666,0.06446612562004209,0.06260781260493642,-0.001858313015105667,0.9999004975124378,0.9998606965174129,3.980099502487455e-05,230064,50250
NYUv2,nyuv2_labeled_1215,297bc3f100cb295dfb20ff94bfedd637bf124b8c0d1787de48740c6cdd4ffe0b,local_entity_conflict,2,local_entity_conflict-v2,0.045406322272419836,0.040453310390636876,-0.004953011881782959,0.9944493706099172,0.9945841157243202,-0.00013474511440292325,0.06446612562004209,0.05268975806189833,-0.011776367558143756,0.9999004975124378,0.9999203980099503,-1.9900497512437276e-05,230064,50250
NYUv2,nyuv2_labeled_1215,297bc3f100cb295dfb20ff94bfedd637bf124b8c0d1787de48740c6cdd4ffe0b,semantic_preserving,0,semantic_preserving-v0,0.045406322272419836,0.045406322272419836,0.0,0.9944493706099172,0.9944493706099172,0.0,0.06446612562004209,0.06446612562004209,0.0,0.9999004975124378,0.9999004975124378,0.0,230064,50250
NYUv2,nyuv2_labeled_1215,297bc3f100cb295dfb20ff94bfedd637bf124b8c0d1787de48740c6cdd4ffe0b,semantic_preserving,1,semantic_preserving-v1,0.045406322272419836,0.04997012622160928,0.0045638039491894475,0.9944493706099172,0.9941146811322067,0.0003346894777105369,0.06446612562004209,0.07174396216943668,0.007277836549394595,0.9999004975124378,0.9999004975124378,0.0,230064,50250
NYUv2,nyuv2_labeled_1215,297bc3f100cb295dfb20ff94bfedd637bf124b8c0d1787de48740c6cdd4ffe0b,semantic_preserving,2,semantic_preserving-v2,0.045406322272419836,0.05237725590399269,0.006970933631572855,0.9944493706099172,0.9938625773697753,0.0005867932401418807,0.06446612562004209,0.07596587112861919,0.011499745508577103,0.9999004975124378,0.9998407960199005,5.970149253731183e-05,230064,50250
NYUv2,nyuv2_labeled_1215,297bc3f100cb295dfb20ff94bfedd637bf124b8c0d1787de48740c6cdd4ffe0b,target_deletion,0,target_deletion-v0,0.045406322272419836,0.045147388365840924,-0.000258933906578912,0.9944493706099172,0.9944841435426663,-3.4772932749116414e-05,0.06446612562004209,0.06315494468029713,-0.0013111809397449575,0.9999004975124378,0.9999402985074627,-3.980099502487455e-05,230064,50250
NYUv2,nyuv2_labeled_1215,297bc3f100cb295dfb20ff94bfedd637bf124b8c0d1787de48740c6cdd4ffe0b,target_deletion,1,target_deletion-v1,0.045406322272419836,0.049119898760826626,0.0037135764884067904,0.9944493706099172,0.9935061548090967,0.0009432158008205738,0.06446612562004209,0.06891630349872116,0.0044501778786790736,0.9999004975124378,0.9998407960199005,5.970149253731183e-05,230064,50250
NYUv2,nyuv2_labeled_1215,297bc3f100cb295dfb20ff94bfedd637bf124b8c0d1787de48740c6cdd4ffe0b,target_deletion,2,target_deletion-v2,0.045406322272419836,0.04476085917658617,-0.0006454630958336663,0.9944493706099172,0.9943711315112317,7.823909868553969e-05,0.06446612562004209,0.06183636372880442,-0.0026297618912376683,0.9999004975124378,0.9999004975124378,0.0,230064,50250
NYUv2,nyuv2_labeled_1231,2644fac315d894e8cd895e8bd363c42aa6cf4812539389123c3311c54a177e76,depth_relation_conflict,0,depth_relation_conflict-v0,0.04691175332429498,0.04796557727344351,0.001053823949148533,0.9746787603930461,0.9750663798282846,-0.0003876194352384621,0.1268863823804515,0.12847532298841857,0.0015889406079670765,0.9974084872044056,0.996760609005507,0.0006478781988985549,206388,3087
NYUv2,nyuv2_labeled_1231,2644fac315d894e8cd895e8bd363c42aa6cf4812539389123c3311c54a177e76,depth_relation_conflict,1,depth_relation_conflict-v1,0.04691175332429498,0.046339703058750424,-0.0005720502655445561,0.9746787603930461,0.9745818555342365,9.690485880964328e-05,0.1268863823804515,0.125310863144183,-0.0015755192362685022,0.9974084872044056,0.9974084872044056,0.0,206388,3087
NYUv2,nyuv2_labeled_1231,2644fac315d894e8cd895e8bd363c42aa6cf4812539389123c3311c54a177e76,depth_relation_conflict,2,depth_relation_conflict-v2,0.04691175332429498,0.04734869583267805,0.0004369425083830675,0.9746787603930461,0.9746012365059984,7.752388704773683e-05,0.1268863823804515,0.1251458755417985,-0.0017405068386529832,0.9974084872044056,0.9964366699060576,0.0009718172983479434,206388,3087
NYUv2,nyuv2_labeled_1231,2644fac315d894e8cd895e8bd363c42aa6cf4812539389123c3311c54a177e76,local_entity_conflict,0,local_entity_conflict-v0,0.04691175332429498,0.0459506945515307,-0.0009610587727642769,0.9746787603930461,0.9709043161424113,0.0037744442506347786,0.1268863823804515,0.13470355387257127,0.007817171492119773,0.9974084872044056,0.9970845481049563,0.00032393909944927746,206388,3087
NYUv2,nyuv2_labeled_1231,2644fac315d894e8cd895e8bd363c42aa6cf4812539389123c3311c54a177e76,local_entity_conflict,1,local_entity_conflict-v1,0.04691175332429498,0.04713476600249189,0.00022301267819690995,0.9746787603930461,0.9741651646413552,0.000513595751690965,0.1268863823804515,0.12793371876916024,0.0010473363887087417,0.9974084872044056,0.9983803045027535,-0.0009718172983479434,206388,3087
NYUv2,nyuv2_labeled_1231,2644fac315d894e8cd895e8bd363c42aa6cf4812539389123c3311c54a177e76,local_entity_conflict,2,local_entity_conflict-v2,0.04691175332429498,0.046710647151640444,-0.000201106172654536,0.9746787603930461,0.9735352830590925,0.0011434773339535909,0.1268863823804515,0.1254738110388229,-0.0014125713416285879,0.9974084872044056,0.9993521218011014,-0.0019436345966958868,206388,3087
NYUv2,nyuv2_labeled_1231,2644fac315d894e8cd895e8bd363c42aa6cf4812539389123c3311c54a177e76,semantic_preserving,0,semantic_preserving-v0,0.04691175332429498,0.04691175332429498,0.0,0.9746787603930461,0.9746787603930461,0.0,0.1268863823804515,0.1268863823804515,0.0,0.9974084872044056,0.9974084872044056,0.0,206388,3087
NYUv2,nyuv2_labeled_1231,2644fac315d894e8cd895e8bd363c42aa6cf4812539389123c3311c54a177e76,semantic_preserving,1,semantic_preserving-v1,0.04691175332429498,0.04762151722698475,0.0007097639026897723,0.9746787603930461,0.9749791654553559,-0.00030040506230977204,0.1268863823804515,0.1287678859354054,0.001881503554953895,0.9974084872044056,0.996760609005507,0.0006478781988985549,206388,3087
NYUv2,nyuv2_labeled_1231,2644fac315d894e8cd895e8bd363c42aa6cf4812539389123c3311c54a177e76,semantic_preserving,2,semantic_preserving-v2,0.04691175332429498,0.048067159930148054,0.0011554066058530738,0.9746787603930461,0.9745818555342365,9.690485880964328e-05,0.1268863823804515,0.13157289898501995,0.0046865166045684525,0.9974084872044056,0.9964366699060576,0.0009718172983479434,206388,3087
NYUv2,nyuv2_labeled_1231,2644fac315d894e8cd895e8bd363c42aa6cf4812539389123c3311c54a177e76,target_deletion,0,target_deletion-v0,0.04691175332429498,0.045492588037427,-0.0014191652868679808,0.9746787603930461,0.9735013663585093,0.0011773940345368716,0.1268863823804515,0.13196813360062018,0.005081751220168684,0.9974084872044056,0.9970845481049563,0.00032393909944927746,206388,3087
NYUv2,nyuv2_labeled_1231,2644fac315d894e8cd895e8bd363c42aa6cf4812539389123c3311c54a177e76,target_deletion,1,target_deletion-v1,0.04691175332429498,0.04709509644198783,0.000183343117692851,0.9746787603930461,0.974838653410082,-0.00015989301703589476,0.1268863823804515,0.12259575901848598,-0.00429062336196552,0.9974084872044056,0.9993521218011014,-0.0019436345966958868,206388,3087
NYUv2,nyuv2_labeled_1231,2644fac315d894e8cd895e8bd363c42aa6cf4812539389123c3311c54a177e76,target_deletion,2,target_deletion-v2,0.04691175332429498,0.045772258927662755,-0.001139494396632225,0.9746787603930461,0.9752698800317848,-0.0005911196387387019,0.1268863823804515,0.12227264344340572,-0.00461373893704578,0.9974084872044056,0.9993521218011014,-0.0019436345966958868,206388,3087
NYUv2,nyuv2_labeled_1271,d6027cc8b3e06cca331d466d3c329c6b91a6553bd62d9e41fe7baf8df9f3856b,depth_relation_conflict,0,depth_relation_conflict-v0,0.06195600802119799,0.06101865363541914,-0.0009373543857788477,0.965628035567511,0.9649768896574545,0.0006511459100564387,0.026349083279423594,0.025946624727052992,-0.000402458552370602,1.0,1.0,0.0,187362,11053
NYUv2,nyuv2_labeled_1271,d6027cc8b3e06cca331d466d3c329c6b91a6553bd62d9e41fe7baf8df9f3856b,depth_relation_conflict,1,depth_relation_conflict-v1,0.06195600802119799,0.06263500727802927,0.000678999256831285,0.965628035567511,0.9656387100906267,-1.0674523115761225e-05,0.026349083279423594,0.028605118410169227,0.002256035130745633,1.0,1.0,0.0,187362,11053
NYUv2,nyuv2_labeled_1271,d6027cc8b3e06cca331d466d3c329c6b91a6553bd62d9e41fe7baf8df9f3856b,depth_relation_conflict,2,depth_relation_conflict-v2,0.06195600802119799,0.06125540639838608,-0.0007006016228119083,0.965628035567511,0.9664126130165135,-0.0007845774490025104,0.026349083279423594,0.026026680206326785,-0.00032240307309680874,1.0,1.0,0.0,187362,11053
NYUv2,nyuv2_labeled_1271,d6027cc8b3e06cca331d466d3c329c6b91a6553bd62d9e41fe7baf8df9f3856b,local_entity_conflict,0,local_entity_conflict-v0,0.06195600802119799,0.06636192960702494,0.0044059215858269565,0.965628035567511,0.9642670338702618,0.0013610016972491756,0.026349083279423594,0.028672985006427627,0.002323901727004033,1.0,1.0,0.0,187362,11053
NYUv2,nyuv2_labeled_1271,d6027cc8b3e06cca331d466d3c329c6b91a6553bd62d9e41fe7baf8df9f3856b,local_entity_conflict,1,local_entity_conflict-v1,0.06195600802119799,0.06200276209977524,4.675407857725189e-05,0.965628035567511,0.9653771842742925,0.0002508512932184459,0.026349083279423594,0.02461285968991137,-0.0017362235895122258,1.0,1.0,0.0,187362,11053
NYUv2,nyuv2_labeled_1271,d6027cc8b3e06cca331d466d3c329c6b91a6553bd62d9e41fe7baf8df9f3856b,local_entity_conflict,2,local_entity_conflict-v2,0.06195600802119799,0.06208573985872051,0.00012973183752252454,0.965628035567511,0.9658361887682668,-0.0002081532007558451,0.026349083279423594,0.025971243197005122,-0.00037784008241847217,1.0,1.0,0.0,187362,11053
NYUv2,nyuv2_labeled_1271,d6027cc8b3e06cca331d466d3c329c6b91a6553bd62d9e41fe7baf8df9f3856b,semantic_preserving,0,semantic_preserving-v0,0.06195600802119799,0.06195600802119799,0.0,0.965628035567511,0.965628035567511,0.0,0.026349083279423594,0.026349083279423594,0.0,1.0,1.0,0.0,187362,11053
NYUv2,nyuv2_labeled_1271,d6027cc8b3e06cca331d466d3c329c6b91a6553bd62d9e41fe7baf8df9f3856b,semantic_preserving,1,semantic_preserving-v1,0.06195600802119799,0.06126158948844096,-0.0006944185327570282,0.965628035567511,0.9641869749468942,0.0014410606206167742,0.026349083279423594,0.02568039670429997,-0.000668686575123624,1.0,1.0,0.0,187362,11053
NYUv2,nyuv2_labeled_1271,d6027cc8b3e06cca331d466d3c329c6b91a6553bd62d9e41fe7baf8df9f3856b,semantic_preserving,2,semantic_preserving-v2,0.06195600802119799,0.061051215676601316,-0.0009047923445966721,0.965628035567511,0.9651850428582103,0.00044299270930070467,0.026349083279423594,0.026787614254609793,0.00043853097518619863,1.0,1.0,0.0,187362,11053
NYUv2,nyuv2_labeled_1271,d6027cc8b3e06cca331d466d3c329c6b91a6553bd62d9e41fe7baf8df9f3856b,target_deletion,0,target_deletion-v0,0.06195600802119799,0.06513081719765282,0.0031748091764548306,0.965628035567511,0.9631889070355781,0.0024391285319328437,0.026349083279423594,0.03536220202637446,0.009013118746950866,1.0,1.0,0.0,187362,11053
NYUv2,nyuv2_labeled_1271,d6027cc8b3e06cca331d466d3c329c6b91a6553bd62d9e41fe7baf8df9f3856b,target_deletion,1,target_deletion-v1,0.06195600802119799,0.06264783116470071,0.0006918231435027247,0.965628035567511,0.9618706034307918,0.0037574321367191965,0.026349083279423594,0.027201052290931723,0.0008519690115081288,1.0,1.0,0.0,187362,11053
NYUv2,nyuv2_labeled_1271,d6027cc8b3e06cca331d466d3c329c6b91a6553bd62d9e41fe7baf8df9f3856b,target_deletion,2,target_deletion-v2,0.06195600802119799,0.06193470019718344,-2.1307824014549226e-05,0.965628035567511,0.9640802297157375,0.0015478058517734983,0.026349083279423594,0.0267618441798064,0.00041276090038280464,1.0,1.0,0.0,187362,11053
NYUv2,nyuv2_labeled_1273,d6027cc8b3e06cca331d466d3c329c6b91a6553bd62d9e41fe7baf8df9f3856b,depth_relation_conflict,0,depth_relation_conflict-v0,0.04976210058049386,0.04951193673203167,-0.0002501638484621871,0.9792269335502352,0.9766594758991406,0.0025674576510945624,0.017549381872393664,0.014620511951447344,-0.00292886992094632,1.0,1.0,0.0,141385,13027
NYUv2,nyuv2_labeled_1273,d6027cc8b3e06cca331d466d3c329c6b91a6553bd62d9e41fe7baf8df9f3856b,depth_relation_conflict,1,depth_relation_conflict-v1,0.04976210058049386,0.04976865398180762,6.553401313759422e-06,0.9792269335502352,0.9784630618523888,0.0007638716978463078,0.017549381872393664,0.015944749255837574,-0.001604632616556089,1.0,1.0,0.0,141385,13027
NYUv2,nyuv2_labeled_1273,d6027cc8b3e06cca331d466d3c329c6b91a6553bd62d9e41fe7baf8df9f3856b,depth_relation_conflict,2,depth_relation_conflict-v2,0.04976210058049386,0.05210253870871843,0.00234043812822457,0.9792269335502352,0.9782791668140185,0.0009477667362166597,0.017549381872393664,0.017728575416160845,0.0001791935437671817,1.0,1.0,0.0,141385,13027
NYUv2,nyuv2_labeled_1273,d6027cc8b3e06cca331d466d3c329c6b91a6553bd62d9e41fe7baf8df9f3856b,local_entity_conflict,0,local_entity_conflict-v0,0.04976210058049386,0.0551534242706922,0.005391323690198339,0.9792269335502352,0.9768221522792375,0.0024047812709976357,0.017549381872393664,0.02200649794699312,0.004457116074599456,1.0,1.0,0.0,141385,13027
NYUv2,nyuv2_labeled_1273,d6027cc8b3e06cca331d466d3c329c6b91a6553bd62d9e41fe7baf8df9f3856b,local_entity_conflict,1,local_entity_conflict-v1,0.04976210058049386,0.04951707171085921,-0.0002450288696346503,0.9792269335502352,0.9760299890370265,0.0031969445132086216,0.017549381872393664,0.015717457903977463,-0.0018319239684162006,1.0,1.0,0.0,141385,13027
NYUv2,nyuv2_labeled_1273,d6027cc8b3e06cca331d466d3c329c6b91a6553bd62d9e41fe7baf8df9f3856b,local_entity_conflict,2,local_entity_conflict-v2,0.04976210058049386,0.05529582475554104,0.005533724175047182,0.9792269335502352,0.9759380415178414,0.0032888920323937976,0.017549381872393664,0.01813990827719849,0.000590526404804826,1.0,1.0,0.0,141385,13027
NYUv2,nyuv2_labeled_1273,d6027cc8b3e06cca331d466d3c329c6b91a6553bd62d9e41fe7baf8df9f3856b,semantic_preserving,0,semantic_preserving-v0,0.04976210058049386,0.04976210058049386,0.0,0.9792269335502352,0.9792269335502352,0.0,0.017549381872393664,0.017549381872393664,0.0,1.0,1.0,0.0,141385,13027
NYUv2,nyuv2_labeled_1273,d6027cc8b3e06cca331d466d3c329c6b91a6553bd62d9e41fe7baf8df9f3856b,semantic_preserving,1,semantic_preserving-v1,0.04976210058049386,0.05033963932813149,0.0005775387476376348,0.9792269335502352,0.9766665487852318,0.0025603847650033096,0.017549381872393664,0.014304940223203584,-0.003244441649190079,1.0,1.0,0.0,141385,13027
NYUv2,nyuv2_labeled_1273,d6027cc8b3e06cca331d466d3c329c6b91a6553bd62d9e41fe7baf8df9f3856b,semantic_preserving,2,semantic_preserving-v2,0.04976210058049386,0.0494304004197364,-0.00033170016075746017,0.9792269335502352,0.9775365137744456,0.0016904197757895423,0.017549381872393664,0.015640802904610396,-0.0019085789677832678,1.0,1.0,0.0,141385,13027
NYUv2,nyuv2_labeled_1273,d6027cc8b3e06cca331d466d3c329c6b91a6553bd62d9e41fe7baf8df9f3856b,target_deletion,0,target_deletion-v0,0.04976210058049386,0.04984460551261561,8.250493212175192e-05,0.9792269335502352,0.9803585953248223,-0.0011316617745871227,0.017549381872393664,0.015141638587457512,-0.0024077432849361514,1.0,1.0,0.0,141385,13027
NYUv2,nyuv2_labeled_1273,d6027cc8b3e06cca331d466d3c329c6b91a6553bd62d9e41fe7baf8df9f3856b,target_deletion,1,target_deletion-v1,0.04976210058049386,0.052919258838982956,0.0031571582584890984,0.9792269335502352,0.9768999540262404,0.0023269795239947433,0.017549381872393664,0.015111622421672907,-0.002437759450720757,1.0,1.0,0.0,141385,13027
NYUv2,nyuv2_labeled_1273,d6027cc8b3e06cca331d466d3c329c6b91a6553bd62d9e41fe7baf8df9f3856b,target_deletion,2,target_deletion-v2,0.04976210058049386,0.05250880949494997,0.0027467089144561155,0.9792269335502352,0.9782508752696538,0.0009760582805813378,0.017549381872393664,0.014768955488566517,-0.002780426383827146,1.0,1.0,0.0,141385,13027
NYUv2,nyuv2_labeled_1344,857ae83c5e2a550011277c7b5cb91ddafbb251b4325cd0bb514a153b16412c8d,depth_relation_conflict,0,depth_relation_conflict-v0,0.0366610962753376,0.03671913991802031,5.804364268271328e-05,0.989975798424624,0.989778750107366,0.00019704831725797511,0.022532531562194487,0.023229034990249545,0.0006965034280550578,0.9979963373909296,0.9980717440482603,-7.540665733063445e-05,197921,92830
NYUv2,nyuv2_labeled_1344,857ae83c5e2a550011277c7b5cb91ddafbb251b4325cd0bb514a153b16412c8d,depth_relation_conflict,1,depth_relation_conflict-v1,0.0366610962753376,0.03635035405205132,-0.00031074222328627416,0.989975798424624,0.9901627416999712,-0.00018694327534718447,0.022532531562194487,0.022381484217487386,-0.00015104734470710104,0.9979963373909296,0.9979424754928363,5.386189809331032e-05,197921,92830
NYUv2,nyuv2_labeled_1344,857ae83c5e2a550011277c7b5cb91ddafbb251b4325cd0bb514a153b16412c8d,depth_relation_conflict,2,depth_relation_conflict-v2,0.0366610962753376,0.036630749892658805,-3.0346382678791972e-05,0.989975798424624,0.9900869538856413,-0.00011115546101725382,0.022532531562194487,0.022855824803316587,0.00032329324112210026,0.9979963373909296,0.9979317031132177,6.463427771197239e-05,197921,92830
NYUv2,nyuv2_labeled_1344,857ae83c5e2a550011277c7b5cb91ddafbb251b4325cd0bb514a153b16412c8d,local_entity_conflict,0,local_entity_conflict-v0,0.0366610962753376,0.035793056288760255,-0.0008680399865773417,0.989975798424624,0.9899353782569813,4.0420167642718496e-05,0.022532531562194487,0.021236276107803043,-0.0012962554543914442,0.9979963373909296,0.9978455240762685,0.00015081331466115788,197921,92830
NYUv2,nyuv2_labeled_1344,857ae83c5e2a550011277c7b5cb91ddafbb251b4325cd0bb514a153b16412c8d,local_entity_conflict,1,local_entity_conflict-v1,0.0366610962753376,0.03718541796229162,0.0005243216869540226,0.989975798424624,0.9894553887662249,0.000520409658399168,0.022532531562194487,0.02408575048708218,0.0015532189248876928,0.9979963373909296,0.9980717440482603,-7.540665733063445e-05,197921,92830
NYUv2,nyuv2_labeled_1344,857ae83c5e2a550011277c7b5cb91ddafbb251b4325cd0bb514a153b16412c8d,local_entity_conflict,2,local_entity_conflict-v2,0.0366610962753376,0.03584874736857104,-0.0008123489067665551,0.989975798424624,0.9899050631312494,7.073529337464635e-05,0.022532531562194487,0.02129043254030422,-0.0012420990218902674,0.9979963373909296,0.9979640202520736,3.2317138855986194e-05,197921,92830
NYUv2,nyuv2_labeled_1344,857ae83c5e2a550011277c7b5cb91ddafbb251b4325cd0bb514a153b16412c8d,semantic_preserving,0,semantic_preserving-v0,0.0366610962753376,0.0366610962753376,0.0,0.989975798424624,0.989975798424624,0.0,0.022532531562194487,0.022532531562194487,0.0,0.9979963373909296,0.9979963373909296,0.0,197921,92830
NYUv2,nyuv2_labeled_1344,857ae83c5e2a550011277c7b5cb91ddafbb251b4325cd0bb514a153b16412c8d,semantic_preserving,1,semantic_preserving-v1,0.0366610962753376,0.036601484862883456,-5.9611412454141366e-05,0.989975798424624,0.989900010610294,7.578781433004167e-05,0.022532531562194487,0.022987068833377935,0.0004545372711834486,0.9979963373909296,0.9980717440482603,-7.540665733063445e-05,197921,92830
NYUv2,nyuv2_labeled_1344,857ae83c5e2a550011277c7b5cb91ddafbb251b4325cd0bb514a153b16412c8d,semantic_preserving,2,semantic_preserving-v2,0.0366610962753376,0.03657352997965462,-8.756629568297536e-05,0.989975798424624,0.9899202206941153,5.557773050868242e-05,0.022532531562194487,0.023011206010475575,0.0004786744482810877,0.9979963373909296,0.9980609716686416,-6.463427771197239e-05,197921,92830
NYUv2,nyuv2_labeled_1344,857ae83c5e2a550011277c7b5cb91ddafbb251b4325cd0bb514a153b16412c8d,target_deletion,0,target_deletion-v0,0.0366610962753376,0.03661785705665524,-4.3239218682357417e-05,0.989975798424624,0.9896675946463488,0.00030820377827522893,0.022532531562194487,0.0224965226132658,-3.6008948928686196e-05,0.9979963373909296,0.9977485726597005,0.00024776473122911646,197921,92830
NYUv2,nyuv2_labeled_1344,857ae83c5e2a550011277c7b5cb91ddafbb251b4325cd0bb514a153b16412c8d,target_deletion,1,target_deletion-v1,0.0366610962753376,0.03599384911785187,-0.0006672471574857286,0.989975798424624,0.9900212711132219,-4.5472688597891775e-05,0.022532531562194487,0.0225582816833732,2.5750121178714364e-05,0.9979963373909296,0.997985565011311,1.0772379618662065e-05,197921,92830
NYUv2,nyuv2_labeled_1344,857ae83c5e2a550011277c7b5cb91ddafbb251b4325cd0bb514a153b16412c8d,target_deletion,2,target_deletion-v2,0.0366610962753376,0.035816610280955376,-0.0008444859943822214,0.989975798424624,0.9902233719514352,-0.0002475735268111512,0.022532531562194487,0.021969668703636328,-0.0005628628585581594,0.9979963373909296,0.9978670688355058,0.00012926855542383375,197921,92830
NYUv2,nyuv2_labeled_1345,857ae83c5e2a550011277c7b5cb91ddafbb251b4325cd0bb514a153b16412c8d,depth_relation_conflict,0,depth_relation_conflict-v0,0.06233639094749552,0.06349928126698895,0.0011628903194934315,0.9670714619336759,0.9692945424496102,-0.002223080515934339,0.18900932589316163,0.18171510332721966,-0.007294222565941977,0.42295642267160355,0.48618627171745943,-0.06322984904585588,222664,3511
NYUv2,nyuv2_labeled_1345,857ae83c5e2a550011277c7b5cb91ddafbb251b4325cd0bb514a153b16412c8d,depth_relation_conflict,1,depth_relation_conflict-v1,0.06233639094749552,0.06319880743356647,0.0008624164860709521,0.9670714619336759,0.9673139798081414,-0.00024251787446549766,0.18900932589316163,0.18955898159667445,0.0005496557035128136,0.42295642267160355,0.41953859299344914,0.003417829678154405,222664,3511
NYUv2,nyuv2_labeled_1345,857ae83c5e2a550011277c7b5cb91ddafbb251b4325cd0bb514a153b16412c8d,depth_relation_conflict,2,depth_relation_conflict-v2,0.06233639094749552,0.06286004387596955,0.0005236529284740332,0.9670714619336759,0.9654591671756548,0.001612294758021049,0.18900932589316163,0.19570347234524257,0.00669414645208094,0.42295642267160355,0.37567644545713474,0.047279977214468805,222664,3511
NYUv2,nyuv2_labeled_1345,857ae83c5e2a550011277c7b5cb91ddafbb251b4325cd0bb514a153b16412c8d,local_entity_conflict,0,local_entity_conflict-v0,0.06233639094749552,0.06037928828314583,-0.0019571026643496886,0.9670714619336759,0.9730131498580822,-0.0059416879244063026,0.18900932589316163,0.16265978181094673,-0.026349544082214904,0.42295642267160355,0.6510965536884079,-0.22814013101680436,222664,3511
NYUv2,nyuv2_labeled_1345,857ae83c5e2a550011277c7b5cb91ddafbb251b4325cd0bb514a153b16412c8d,local_entity_conflict,1,local_entity_conflict-v1,0.06233639094749552,0.06124308890909652,-0.0010933020383989966,0.9670714619336759,0.9708349800596414,-0.003763518125965537,0.18900932589316163,0.1770668442349387,-0.011942481658222925,0.42295642267160355,0.5035602392480775,-0.08060381657647392,222664,3511
NYUv2,nyuv2_labeled_1345,857ae83c5e2a550011277c7b5cb91ddafbb251b4325cd0bb514a153b16412c8d,local_entity_conflict,2,local_entity_conflict-v2,0.06233639094749552,0.06354561729317203,0.001209226345676509,0.9670714619336759,0.9706867746919124,-0.0036153127582365663,0.18900932589316163,0.17872585634836075,-0.010283469544800888,0.42295642267160355,0.49615494161207635,-0.0731985189404728,222664,3511
NYUv2,nyuv2_labeled_1345,857ae83c5e2a550011277c7b5cb91ddafbb251b4325cd0bb514a153b16412c8d,semantic_preserving,0,semantic_preserving-v0,0.06233639094749552,0.06233639094749552,0.0,0.9670714619336759,0.9670714619336759,0.0,0.18900932589316163,0.18900932589316163,0.0,0.42295642267160355,0.42295642267160355,0.0,222664,3511
NYUv2,nyuv2_labeled_1345,857ae83c5e2a550011277c7b5cb91ddafbb251b4325cd0bb514a153b16412c8d,semantic_preserving,1,semantic_preserving-v1,0.06233639094749552,0.06337711098667566,0.0010407200391801402,0.9670714619336759,0.9683783638127402,-0.0013069018790643483,0.18900932589316163,0.18429962491355406,-0.004709700979607573,0.42295642267160355,0.46482483622899456,-0.041868413557391015,222664,3511
NYUv2,nyuv2_labeled_1345,857ae83c5e2a550011277c7b5cb91ddafbb251b4325cd0bb514a153b16412c8d,semantic_preserving,2,semantic_preserving-v2,0.06233639094749552,0.06293290008947522,0.0005965091419797008,0.9670714619336759,0.9686568102612008,-0.0015853483275248825,0.18900932589316163,0.1846269243245424,-0.004382401568619243,0.42295642267160355,0.45741953859299345,-0.0344631159213899,222664,3511
NYUv2,nyuv2_labeled_1345,857ae83c5e2a550011277c7b5cb91ddafbb251b4325cd0bb514a153b16412c8d,target_deletion,0,target_deletion-v0,0.06233639094749552,0.06195129871558073,-0.00038509223191478953,0.9670714619336759,0.9720790069342148,-0.005007545000538904,0.18900932589316163,0.16877013576564667,-0.02023919012751496,0.42295642267160355,0.5662204500142409,-0.14326402734263738,222664,3511
NYUv2,nyuv2_labeled_1345,857ae83c5e2a550011277c7b5cb91ddafbb251b4325cd0bb514a153b16412c8d,target_deletion,1,target_deletion-v1,0.06233639094749552,0.0661527032827233,0.0038163123352277784,0.9670714619336759,0.969069988862142,-0.0019985269284661378,0.18900932589316163,0.18326151716077738,-0.0057478087323842575,0.42295642267160355,0.45571062375391624,-0.032754201082312695,222664,3511
NYUv2,nyuv2_labeled_1345,857ae83c5e2a550011277c7b5cb91ddafbb251b4325cd0bb514a153b16412c8d,target_deletion,2,target_deletion-v2,0.06233639094749552,0.0635975733510865,0.0012611824035909797,0.9670714619336759,0.9647855064132504,0.002285955520425431,0.18900932589316163,0.19232795623696292,0.003318630343801282,0.42295642267160355,0.3913414981486756,0.03161492452292797,222664,3511
NYUv2,nyuv2_labeled_1377,dbaff5819f900881d1d6d55e1cf77a5ea6f7dce763ebb58542ece58695394661,depth_relation_conflict,0,depth_relation_conflict-v0,0.06520834748124373,0.06532383227557731,0.00011548479433358405,0.9658704885792014,0.9665131652065505,-0.0006426766273490703,0.10369121749133428,0.11056604998895125,0.006874832497616973,0.9388521931732785,0.936874579757149,0.0019776134161294534,206947,25283
NYUv2,nyuv2_labeled_1377,dbaff5819f900881d1d6d55e1cf77a5ea6f7dce763ebb58542ece58695394661,depth_relation_conflict,1,depth_relation_conflict-v1,0.06520834748124373,0.06507616234441531,-0.0001321851368284166,0.9658704885792014,0.9663682005537649,-0.0004977119745634973,0.10369121749133428,0.10581946149526801,0.0021282440039337297,0.9388521931732785,0.939089506783214,-0.00023731360993550776,206947,25283
NYUv2,nyuv2_labeled_1377,dbaff5819f900881d1d6d55e1cf77a5ea6f7dce763ebb58542ece58695394661,depth_relation_conflict,2,depth_relation_conflict-v2,0.06520834748124373,0.06533272303296303,0.00012437555171930514,0.9658704885792014,0.9663102146926508,-0.00043972611344933465,0.10369121749133428,0.10682741673326364,0.0031361992419293577,0.9388521931732785,0.9386544318316655,0.00019776134161297865,206947,25283
NYUv2,nyuv2_labeled_1377,dbaff5819f900881d1d6d55e1cf77a5ea6f7dce763ebb58542ece58695394661,local_entity_conflict,0,local_entity_conflict-v0,0.06520834748124373,0.06605880580899763,0.0008504583277539057,0.9658704885792014,0.9666436333940575,-0.0007731448148560194,0.10369121749133428,0.11565277923674769,0.011961561745413407,0.9388521931732785,0.9342245777795356,0.004627615393742901,206947,25283
NYUv2,nyuv2_labeled_1377,dbaff5819f900881d1d6d55e1cf77a5ea6f7dce763ebb58542ece58695394661,local_entity_conflict,1,local_entity_conflict-v1,0.06520834748124373,0.06617215584308785,0.0009638083618441207,0.9658704885792014,0.966590479688036,-0.0007199911088345834,0.10369121749133428,0.11089587200254523,0.007204654511210953,0.9388521931732785,0.9366768184155362,0.002175374757742321,206947,25283
NYUv2,nyuv2_labeled_1377,dbaff5819f900881d1d6d55e1cf77a5ea6f7dce763ebb58542ece58695394661,local_entity_conflict,2,local_entity_conflict-v2,0.06520834748124373,0.06681997832593976,0.0016116308446960381,0.9658704885792014,0.9658994815097586,-2.899293055713681e-05,0.10369121749133428,0.10741189331565297,0.0037206758243186894,0.9388521931732785,0.9371909979037297,0.0016611952695487764,206947,25283
NYUv2,nyuv2_labeled_1377,dbaff5819f900881d1d6d55e1cf77a5ea6f7dce763ebb58542ece58695394661,semantic_preserving,0,semantic_preserving-v0,0.06520834748124373,0.06520834748124373,0.0,0.9658704885792014,0.9658704885792014,0.0,0.10369121749133428,0.10369121749133428,0.0,0.9388521931732785,0.9388521931732785,0.0,206947,25283
NYUv2,nyuv2_labeled_1377,dbaff5819f900881d1d6d55e1cf77a5ea6f7dce763ebb58542ece58695394661,semantic_preserving,1,semantic_preserving-v1,0.06520834748124373,0.06554887957848148,0.00034053209723775013,0.9658704885792014,0.9663537040884864,-0.00048321550928498436,0.10369121749133428,0.10980711601030975,0.006115898518975468,0.9388521931732785,0.937546968318633,0.0013052248546454592,206947,25283
NYUv2,nyuv2_labeled_1377,dbaff5819f900881d1d6d55e1cf77a5ea6f7dce763ebb58542ece58695394661,semantic_preserving,2,semantic_preserving-v2,0.06520834748124373,0.0655423908335817,0.00033404335233797045,0.9658704885792014,0.9665856475329432,-0.0007151589537417458,0.10369121749133428,0.11264681283168759,0.008955595340353312,0.9388521931732785,0.9363208480006329,0.002531345172645638,206947,25283
NYUv2,nyuv2_labeled_1377,dbaff5819f900881d1d6d55e1cf77a5ea6f7dce763ebb58542ece58695394661,target_deletion,0,target_deletion-v0,0.06520834748124373,0.0664901643023106,0.0012818168210668723,0.9658704885792014,0.9670398701116711,-0.0011693815324697043,0.10369121749133428,0.11810659482633958,0.014415377335005294,0.9388521931732785,0.937744729660246,0.0011074635130324806,206947,25283
NYUv2,nyuv2_labeled_1377,dbaff5819f900881d1d6d55e1cf77a5ea6f7dce763ebb58542ece58695394661,target_deletion,1,target_deletion-v1,0.06520834748124373,0.06485247922115865,-0.0003558682600850738,0.9658704885792014,0.9668997376139784,-0.001029249034776969,0.10369121749133428,0.11344802238911643,0.009756804897782148,0.9388521931732785,0.937270102440375,0.0015820907329034961,206947,25283
NYUv2,nyuv2_labeled_1377,dbaff5819f900881d1d6d55e1cf77a5ea6f7dce763ebb58542ece58695394661,target_deletion,2,target_deletion-v2,0.06520834748124373,0.06445825463404387,-0.0007500928471998597,0.9658704885792014,0.9667934302019358,-0.000922941622734319,0.10369121749133428,0.11050534484022467,0.006814127348890392,0.9388521931732785,0.9390104022465688,-0.0001582090732903385,206947,25283
NYUv2,nyuv2_labeled_1403,c7cb7aded06460f95b94f4f8c1301f8c2937604faa91107f195051ac20e90e98,depth_relation_conflict,0,depth_relation_conflict-v0,0.029729188879726334,0.032127748537607886,0.002398559657881553,0.99949199561791,0.9995361699120048,-4.417429409475648e-05,0.03157865286165937,0.03293103365260855,0.0013523807909491814,0.9986013986013986,0.9982017982017982,0.0003996003996004083,226376,5005
NYUv2,nyuv2_labeled_1403,c7cb7aded06460f95b94f4f8c1301f8c2937604faa91107f195051ac20e90e98,depth_relation_conflict,1,depth_relation_conflict-v1,0.029729188879726334,0.0313947291410744,0.0016655402613480648,0.99949199561791,0.9994610736120437,3.092200586629623e-05,0.03157865286165937,0.03422249912851926,0.0026438462668598936,0.9986013986013986,0.9986013986013986,0.0,226376,5005
NYUv2,nyuv2_labeled_1403,c7cb7aded06460f95b94f4f8c1301f8c2937604faa91107f195051ac20e90e98,depth_relation_conflict,2,depth_relation_conflict-v2,0.029729188879726334,0.029754715977517623,2.5527097791289838e-05,0.99949199561791,0.9995450047708238,-5.3009152913729984e-05,0.03157865286165937,0.025448986542796582,-0.006129666318862786,0.9986013986013986,0.9982017982017982,0.0003996003996004083,226376,5005
NYUv2,nyuv2_labeled_1403,c7cb7aded06460f95b94f4f8c1301f8c2937604faa91107f195051ac20e90e98,local_entity_conflict,0,local_entity_conflict-v0,0.029729188879726334,0.02781474236496793,-0.0019144465147584028,0.99949199561791,0.9993506378768068,0.00014135774110324295,0.03157865286165937,0.01611531793304538,-0.015463334928613987,0.9986013986013986,0.9984015984015984,0.00019980019980025965,226376,5005
NYUv2,nyuv2_labeled_1403,c7cb7aded06460f95b94f4f8c1301f8c2937604faa91107f195051ac20e90e98,local_entity_conflict,1,local_entity_conflict-v1,0.029729188879726334,0.029459544949042144,-0.0002696439306841894,0.99949199561791,0.999509665335548,-1.7669717637947002e-05,0.03157865286165937,0.021104094930107536,-0.010474557931551831,0.9986013986013986,0.9984015984015984,0.00019980019980025965,226376,5005
NYUv2,nyuv2_labeled_1403,c7cb7aded06460f95b94f4f8c1301f8c2937604faa91107f195051ac20e90e98,local_entity_conflict,2,local_entity_conflict-v2,0.029729188879726334,0.02785184778009885,-0.0018773410996274845,0.99949199561791,0.9993506378768068,0.00014135774110324295,0.03157865286165937,0.01662287569323187,-0.014955777168427498,0.9986013986013986,0.9986013986013986,0.0,226376,5005
NYUv2,nyuv2_labeled_1403,c7cb7aded06460f95b94f4f8c1301f8c2937604faa91107f195051ac20e90e98,semantic_preserving,0,semantic_preserving-v0,0.029729188879726334,0.029729188879726334,0.0,0.99949199561791,0.99949199561791,0.0,0.03157865286165937,0.03157865286165937,0.0,0.9986013986013986,0.9986013986013986,0.0,226376,5005
NYUv2,nyuv2_labeled_1403,c7cb7aded06460f95b94f4f8c1301f8c2937604faa91107f195051ac20e90e98,semantic_preserving,1,semantic_preserving-v1,0.029729188879726334,0.03001494578174853,0.0002857569020221981,0.99949199561791,0.9995494222002332,-5.7426582323216735e-05,0.03157865286165937,0.026141084135219556,-0.005437568726439811,0.9986013986013986,0.998001998001998,0.0005994005994006679,226376,5005
NYUv2,nyuv2_labeled_1403,c7cb7aded06460f95b94f4f8c1301f8c2937604faa91107f195051ac20e90e98,semantic_preserving,2,semantic_preserving-v2,0.029729188879726334,0.03232449447769023,0.0025953055979638963,0.99949199561791,0.9995317524825953,-3.975686468526973e-05,0.03157865286165937,0.034187397871996365,0.0026087450103369977,0.9986013986013986,0.998001998001998,0.0005994005994006679,226376,5005
NYUv2,nyuv2_labeled_1403,c7cb7aded06460f95b94f4f8c1301f8c2937604faa91107f195051ac20e90e98,target_deletion,0,target_deletion-v0,0.029729188879726334,0.031589314421815166,0.0018601255420888328,0.99949199561791,0.9994964130473195,-4.4174294094867506e-06,0.03157865286165937,0.029280437670471234,-0.002298215191188134,0.9986013986013986,0.9986013986013986,0.0,226376,5005
NYUv2,nyuv2_labeled_1403,c7cb7aded06460f95b94f4f8c1301f8c2937604faa91107f195051ac20e90e98,target_deletion,1,target_deletion-v1,0.029729188879726334,0.029268455918304945,-0.00046073296142138884,0.99949199561791,0.9993197158709404,0.0001722797469696502,0.03157865286165937,0.02405326927740401,-0.007525383584255356,0.9986013986013986,0.9984015984015984,0.00019980019980025965,226376,5005
NYUv2,nyuv2_labeled_1403,c7cb7aded06460f95b94f4f8c1301f8c2937604faa91107f195051ac20e90e98,target_deletion,2,target_deletion-v2,0.029729188879726334,0.02854705052210078,-0.0011821383576255534,0.99949199561791,0.9994478213238153,4.417429409475648e-05,0.03157865286165937,0.022794529024871397,-0.00878412383678797,0.9986013986013986,0.9986013986013986,0.0,226376,5005
